study_id,effect_id,demographic_variable,category,control_pct,treatment_pct,abs_pp_difference,diagnostic_only
AnsonBRIEF60,AnsonBRIEF60:blue_collar_positivity:hyp1,GENDER,Female,36.0,41.7989417989418,5.798941798941797,True
AnsonBRIEF60,AnsonBRIEF60:blue_collar_positivity:hyp1,GENDER,Male,64.0,58.201058201058196,5.798941798941804,True
AnsonBRIEF60,AnsonBRIEF60:blue_collar_positivity:hyp1,race_4,Black,4.0,5.82010582010582,1.8201058201058196,True
AnsonBRIEF60,AnsonBRIEF60:blue_collar_positivity:hyp1,race_4,White,78.5,83.5978835978836,5.097883597883595,True
AnsonBRIEF60,AnsonBRIEF60:blue_collar_positivity:hyp1,race_4,__MISSING__,17.5,10.582010582010582,6.917989417989418,True
AnsonBRIEF60,AnsonBRIEF60:blue_collar_positivity:hyp1,pid_3,Democrat,54.0,56.613756613756614,2.613756613756614,True
AnsonBRIEF60,AnsonBRIEF60:blue_collar_positivity:hyp1,pid_3,Independent,4.5,3.1746031746031744,1.3253968253968256,True
AnsonBRIEF60,AnsonBRIEF60:blue_collar_positivity:hyp1,pid_3,Republican,41.5,40.21164021164021,1.2883597883597915,True
AnsonBRIEF60,AnsonBRIEF60:blue_collar_positivity:hyp1,age_5,Older than 50,73.0,68.78306878306879,4.216931216931215,True
AnsonBRIEF60,AnsonBRIEF60:blue_collar_positivity:hyp1,age_5,Younger than 50,27.0,31.216931216931215,4.216931216931215,True
AnsonBRIEF60,AnsonBRIEF60:blue_collar_positivity:hyp1,EDUC4,College,44.5,42.32804232804233,2.1719576719576708,True
AnsonBRIEF60,AnsonBRIEF60:blue_collar_positivity:hyp1,EDUC4,Non-College,55.50000000000001,57.67195767195767,2.1719576719576636,True
AnsonBRIEF60,AnsonBRIEF60:blue_collar_positivity:hyp1,ideo_3,Conservative,45.0,45.5026455026455,0.5026455026454997,True
AnsonBRIEF60,AnsonBRIEF60:blue_collar_positivity:hyp1,ideo_3,Liberal,27.0,25.925925925925924,1.0740740740740762,True
AnsonBRIEF60,AnsonBRIEF60:blue_collar_positivity:hyp1,ideo_3,Moderate,27.500000000000004,28.57142857142857,1.0714285714285658,True
AnsonBRIEF60,AnsonBRIEF60:blue_collar_positivity:hyp1,ideo_3,__MISSING__,0.5,0.0,0.5,True
AnsonBRIEF60,AnsonBRIEF60:economy_positivity:hyp1,GENDER,Female,35.5,41.7989417989418,6.298941798941797,True
AnsonBRIEF60,AnsonBRIEF60:economy_positivity:hyp1,GENDER,Male,64.5,58.201058201058196,6.298941798941804,True
AnsonBRIEF60,AnsonBRIEF60:economy_positivity:hyp1,race_4,Black,4.0,5.82010582010582,1.8201058201058196,True
AnsonBRIEF60,AnsonBRIEF60:economy_positivity:hyp1,race_4,White,79.0,83.5978835978836,4.597883597883595,True
AnsonBRIEF60,AnsonBRIEF60:economy_positivity:hyp1,race_4,__MISSING__,17.0,10.582010582010582,6.417989417989418,True
AnsonBRIEF60,AnsonBRIEF60:economy_positivity:hyp1,pid_3,Democrat,53.5,56.613756613756614,3.113756613756614,True
AnsonBRIEF60,AnsonBRIEF60:economy_positivity:hyp1,pid_3,Independent,4.5,3.1746031746031744,1.3253968253968256,True
AnsonBRIEF60,AnsonBRIEF60:economy_positivity:hyp1,pid_3,Republican,42.0,40.21164021164021,1.7883597883597915,True
AnsonBRIEF60,AnsonBRIEF60:economy_positivity:hyp1,age_5,Older than 50,73.5,68.78306878306879,4.716931216931215,True
AnsonBRIEF60,AnsonBRIEF60:economy_positivity:hyp1,age_5,Younger than 50,26.5,31.216931216931215,4.716931216931215,True
AnsonBRIEF60,AnsonBRIEF60:economy_positivity:hyp1,EDUC4,College,45.0,42.32804232804233,2.6719576719576708,True
AnsonBRIEF60,AnsonBRIEF60:economy_positivity:hyp1,EDUC4,Non-College,55.00000000000001,57.67195767195767,2.6719576719576636,True
AnsonBRIEF60,AnsonBRIEF60:economy_positivity:hyp1,ideo_3,Conservative,45.0,45.5026455026455,0.5026455026454997,True
AnsonBRIEF60,AnsonBRIEF60:economy_positivity:hyp1,ideo_3,Liberal,27.0,25.925925925925924,1.0740740740740762,True
AnsonBRIEF60,AnsonBRIEF60:economy_positivity:hyp1,ideo_3,Moderate,27.500000000000004,28.57142857142857,1.0714285714285658,True
AnsonBRIEF60,AnsonBRIEF60:economy_positivity:hyp1,ideo_3,__MISSING__,0.5,0.0,0.5,True
Blair1131,Blair1131:Approve_Handling:hyp1,GENDER,Female,57.14285714285714,52.910052910052904,4.232804232804234,True
Blair1131,Blair1131:Approve_Handling:hyp1,GENDER,Male,42.857142857142854,47.08994708994709,4.232804232804234,True
Blair1131,Blair1131:Approve_Handling:hyp1,race_4,Black,12.698412698412698,12.698412698412698,0.0,True
Blair1131,Blair1131:Approve_Handling:hyp1,race_4,White,69.31216931216932,56.08465608465608,13.227513227513235,True
Blair1131,Blair1131:Approve_Handling:hyp1,race_4,__MISSING__,17.989417989417987,31.216931216931215,13.227513227513228,True
Blair1131,Blair1131:Approve_Handling:hyp1,pid_3,Democrat,48.148148148148145,47.08994708994709,1.0582010582010568,True
Blair1131,Blair1131:Approve_Handling:hyp1,pid_3,Independent,16.93121693121693,16.93121693121693,0.0,True
Blair1131,Blair1131:Approve_Handling:hyp1,pid_3,Republican,34.92063492063492,35.44973544973545,0.529100529100532,True
Blair1131,Blair1131:Approve_Handling:hyp1,pid_3,__MISSING__,0.0,0.5291005291005291,0.5291005291005291,True
Blair1131,Blair1131:Approve_Handling:hyp1,age_5,Older than 50,48.67724867724868,48.67724867724868,0.0,True
Blair1131,Blair1131:Approve_Handling:hyp1,age_5,Younger than 50,51.32275132275132,51.32275132275132,0.0,True
Blair1131,Blair1131:Approve_Handling:hyp1,EDUC4,College,30.158730158730158,33.33333333333333,3.1746031746031704,True
Blair1131,Blair1131:Approve_Handling:hyp1,EDUC4,Non-College,69.84126984126983,66.66666666666666,3.1746031746031775,True
Blair1131,Blair1131:Approve_Handling:hyp1,ideo_3,Conservative,25.925925925925924,26.984126984126984,1.0582010582010604,True
Blair1131,Blair1131:Approve_Handling:hyp1,ideo_3,Liberal,43.386243386243386,41.7989417989418,1.5873015873015888,True
Blair1131,Blair1131:Approve_Handling:hyp1,ideo_3,Moderate,17.989417989417987,21.693121693121693,3.703703703703706,True
Blair1131,Blair1131:Approve_Handling:hyp1,ideo_3,__MISSING__,12.698412698412698,9.523809523809524,3.174603174603174,True
Blair1131,Blair1131:Approve_Handling:hyp2,GENDER,Female,47.44897959183674,48.67724867724868,1.228269085411938,True
Blair1131,Blair1131:Approve_Handling:hyp2,GENDER,Male,52.55102040816326,51.32275132275132,1.228269085411938,True
Blair1131,Blair1131:Approve_Handling:hyp2,race_4,Black,13.26530612244898,7.4074074074074066,5.857898715041573,True
Blair1131,Blair1131:Approve_Handling:hyp2,race_4,White,60.204081632653065,71.95767195767195,11.753590325018884,True
Blair1131,Blair1131:Approve_Handling:hyp2,race_4,__MISSING__,26.53061224489796,20.634920634920633,5.895691609977327,True
Blair1131,Blair1131:Approve_Handling:hyp2,pid_3,Democrat,51.02040816326531,48.67724867724868,2.3431594860166314,True
Blair1131,Blair1131:Approve_Handling:hyp2,pid_3,Independent,14.795918367346939,17.46031746031746,2.6643990929705197,True
Blair1131,Blair1131:Approve_Handling:hyp2,pid_3,Republican,33.6734693877551,32.804232804232804,0.8692365835222944,True
Blair1131,Blair1131:Approve_Handling:hyp2,pid_3,__MISSING__,0.5102040816326531,1.0582010582010581,0.5479969765684051,True
Blair1131,Blair1131:Approve_Handling:hyp2,age_5,Older than 50,43.36734693877551,48.148148148148145,4.780801209372633,True
Blair1131,Blair1131:Approve_Handling:hyp2,age_5,Younger than 50,56.63265306122449,51.85185185185185,4.78080120937264,True
Blair1131,Blair1131:Approve_Handling:hyp2,EDUC4,College,33.16326530612245,38.62433862433862,5.461073318216172,True
Blair1131,Blair1131:Approve_Handling:hyp2,EDUC4,Non-College,66.83673469387756,61.37566137566137,5.461073318216187,True
Blair1131,Blair1131:Approve_Handling:hyp2,ideo_3,Conservative,20.918367346938776,24.33862433862434,3.4202569916855623,True
Blair1131,Blair1131:Approve_Handling:hyp2,ideo_3,Liberal,40.30612244897959,41.7989417989418,1.492819349962204,True
Blair1131,Blair1131:Approve_Handling:hyp2,ideo_3,Moderate,29.591836734693878,28.04232804232804,1.549508692365837,True
Blair1131,Blair1131:Approve_Handling:hyp2,ideo_3,__MISSING__,9.183673469387756,5.82010582010582,3.3635676492819364,True
Braman751,Braman751:legitimacy:hyp1,GENDER,Female,48.014440433213,44.48818897637795,3.5262514568350483,True
Braman751,Braman751:legitimacy:hyp1,GENDER,Male,51.985559566786996,55.51181102362205,3.5262514568350554,True
Braman751,Braman751:legitimacy:hyp1,race_4,Black,10.108303249097473,7.480314960629922,2.6279882884675505,True
Braman751,Braman751:legitimacy:hyp1,race_4,White,69.31407942238266,73.22834645669292,3.9142670343102566,True
Braman751,Braman751:legitimacy:hyp1,race_4,__MISSING__,20.577617328519857,19.291338582677163,1.2862787458426936,True
Braman751,Braman751:legitimacy:hyp1,pid_3,Democrat,46.57039711191336,46.06299212598425,0.5074049859291065,True
Braman751,Braman751:legitimacy:hyp1,pid_3,Independent,3.6101083032490973,1.968503937007874,1.6416043662412232,True
Braman751,Braman751:legitimacy:hyp1,pid_3,Republican,49.81949458483754,51.96850393700787,2.1490093521703244,True
Braman751,Braman751:legitimacy:hyp1,age_5,Older than 50,54.51263537906137,54.7244094488189,0.21177406975753144,True
Braman751,Braman751:legitimacy:hyp1,age_5,Younger than 50,45.48736462093863,45.2755905511811,0.21177406975753144,True
Braman751,Braman751:legitimacy:hyp1,EDUC4,College,36.462093862815884,31.496062992125985,4.966030870689899,True
Braman751,Braman751:legitimacy:hyp1,EDUC4,Non-College,63.537906137184116,68.50393700787401,4.966030870689899,True
Braman751,Braman751:legitimacy:hyp1,ideo_3,Conservative,38.26714801444043,37.00787401574803,1.2592739986924002,True
Braman751,Braman751:legitimacy:hyp1,ideo_3,Liberal,30.324909747292416,29.527559055118108,0.7973506921743088,True
Braman751,Braman751:legitimacy:hyp1,ideo_3,Moderate,30.685920577617328,33.46456692913386,2.7786463515165316,True
Braman751,Braman751:legitimacy:hyp1,ideo_3,__MISSING__,0.7220216606498195,0.0,0.7220216606498195,True
Braman751,Braman751:legitimacy:hyp2,GENDER,Female,48.014440433213,49.056603773584904,1.042163340371907,True
Braman751,Braman751:legitimacy:hyp2,GENDER,Male,51.985559566786996,50.943396226415096,1.0421633403719,True
Braman751,Braman751:legitimacy:hyp2,race_4,Black,10.108303249097473,9.056603773584905,1.0516994755125673,True
Braman751,Braman751:legitimacy:hyp2,race_4,White,69.31407942238266,70.94339622641509,1.6293168040324275,True
Braman751,Braman751:legitimacy:hyp2,race_4,__MISSING__,20.577617328519857,20.0,0.5776173285198567,True
Braman751,Braman751:legitimacy:hyp2,pid_3,Democrat,46.57039711191336,47.54716981132076,0.9767726994073982,True
Braman751,Braman751:legitimacy:hyp2,pid_3,Independent,3.6101083032490973,3.3962264150943398,0.2138818881547575,True
Braman751,Braman751:legitimacy:hyp2,pid_3,Republican,49.81949458483754,49.056603773584904,0.7628908112526389,True
Braman751,Braman751:legitimacy:hyp2,age_5,Older than 50,54.51263537906137,58.11320754716981,3.6005721681084353,True
Braman751,Braman751:legitimacy:hyp2,age_5,Younger than 50,45.48736462093863,41.88679245283019,3.6005721681084353,True
Braman751,Braman751:legitimacy:hyp2,EDUC4,College,36.462093862815884,32.83018867924528,3.631905183570602,True
Braman751,Braman751:legitimacy:hyp2,EDUC4,Non-College,63.537906137184116,67.16981132075472,3.631905183570602,True
Braman751,Braman751:legitimacy:hyp2,ideo_3,Conservative,38.26714801444043,37.735849056603776,0.531298957836654,True
Braman751,Braman751:legitimacy:hyp2,ideo_3,Liberal,30.324909747292416,26.037735849056602,4.287173898235814,True
Braman751,Braman751:legitimacy:hyp2,ideo_3,Moderate,30.685920577617328,35.84905660377358,5.1631360261562556,True
Braman751,Braman751:legitimacy:hyp2,ideo_3,__MISSING__,0.7220216606498195,0.37735849056603776,0.3446631700837818,True
Braman751,Braman751:pass_legislation:hyp1,GENDER,Female,45.50561797752809,48.10810810810811,2.6024901305800228,True
Braman751,Braman751:pass_legislation:hyp1,GENDER,Male,54.49438202247191,51.891891891891895,2.6024901305800157,True
Braman751,Braman751:pass_legislation:hyp1,race_4,Black,7.584269662921349,9.72972972972973,2.145460066808381,True
Braman751,Braman751:pass_legislation:hyp1,race_4,White,71.06741573033707,71.89189189189189,0.8244761615548128,True
Braman751,Braman751:pass_legislation:hyp1,race_4,__MISSING__,21.34831460674157,18.37837837837838,2.969936228363192,True
Braman751,Braman751:pass_legislation:hyp1,pid_3,Democrat,46.62921348314607,46.21621621621622,0.4129972669298496,True
Braman751,Braman751:pass_legislation:hyp1,pid_3,Independent,2.8089887640449436,2.7027027027027026,0.10628606134224095,True
Braman751,Braman751:pass_legislation:hyp1,pid_3,Republican,50.56179775280899,51.08108108108108,0.5192833282720883,True
Braman751,Braman751:pass_legislation:hyp1,age_5,Older than 50,55.89887640449438,56.75675675675676,0.8578803522623772,True
Braman751,Braman751:pass_legislation:hyp1,age_5,Younger than 50,44.10112359550562,43.24324324324324,0.8578803522623772,True
Braman751,Braman751:pass_legislation:hyp1,EDUC4,College,33.70786516853933,32.972972972972975,0.7348921955663528,True
Braman751,Braman751:pass_legislation:hyp1,EDUC4,Non-College,66.29213483146067,67.02702702702703,0.7348921955663599,True
Braman751,Braman751:pass_legislation:hyp1,ideo_3,Conservative,38.764044943820224,36.486486486486484,2.2775584573337397,True
Braman751,Braman751:pass_legislation:hyp1,ideo_3,Liberal,30.61797752808989,27.027027027027028,3.5909505010628635,True
Braman751,Braman751:pass_legislation:hyp1,ideo_3,Moderate,30.337078651685395,36.486486486486484,6.149407834801089,True
Braman751,Braman751:pass_legislation:hyp1,ideo_3,__MISSING__,0.2808988764044944,0.0,0.2808988764044944,True
Braman751,Braman751:scholar_credibility:hyp1,GENDER,Female,45.45454545454545,41.66666666666667,3.787878787878782,True
Braman751,Braman751:scholar_credibility:hyp1,GENDER,Male,54.54545454545454,58.333333333333336,3.787878787878796,True
Braman751,Braman751:scholar_credibility:hyp1,race_4,Black,7.954545454545454,7.142857142857142,0.8116883116883118,True
Braman751,Braman751:scholar_credibility:hyp1,race_4,White,72.72727272727273,72.02380952380952,0.7034632034632153,True
Braman751,Braman751:scholar_credibility:hyp1,race_4,__MISSING__,19.318181818181817,20.833333333333336,1.5151515151515191,True
Braman751,Braman751:scholar_credibility:hyp1,pid_3,Democrat,46.02272727272727,47.61904761904761,1.59632034632034,True
Braman751,Braman751:scholar_credibility:hyp1,pid_3,Independent,2.272727272727273,1.7857142857142856,0.48701298701298734,True
Braman751,Braman751:scholar_credibility:hyp1,pid_3,Republican,51.70454545454546,50.595238095238095,1.1093073593073655,True
Braman751,Braman751:scholar_credibility:hyp1,age_5,Older than 50,53.40909090909091,54.166666666666664,0.7575757575757578,True
Braman751,Braman751:scholar_credibility:hyp1,age_5,Younger than 50,46.590909090909086,45.83333333333333,0.7575757575757578,True
Braman751,Braman751:scholar_credibility:hyp1,EDUC4,College,41.47727272727273,32.73809523809524,8.739177489177486,True
Braman751,Braman751:scholar_credibility:hyp1,EDUC4,Non-College,58.52272727272727,67.26190476190477,8.7391774891775,True
Braman751,Braman751:scholar_credibility:hyp1,ideo_3,Conservative,39.20454545454545,36.904761904761905,2.299783549783548,True
Braman751,Braman751:scholar_credibility:hyp1,ideo_3,Liberal,31.818181818181817,30.952380952380953,0.865800865800864,True
Braman751,Braman751:scholar_credibility:hyp1,ideo_3,Moderate,28.40909090909091,32.142857142857146,3.733766233766236,True
Braman751,Braman751:scholar_credibility:hyp1,ideo_3,__MISSING__,0.5681818181818182,0.0,0.5681818181818182,True
Braman751,Braman751:scholar_credibility:hyp2,GENDER,Female,45.45454545454545,43.82716049382716,1.6273849607182953,True
Braman751,Braman751:scholar_credibility:hyp2,GENDER,Male,54.54545454545454,56.17283950617284,1.6273849607183024,True
Braman751,Braman751:scholar_credibility:hyp2,race_4,Black,7.954545454545454,4.938271604938271,3.016273849607183,True
Braman751,Braman751:scholar_credibility:hyp2,race_4,White,72.72727272727273,74.07407407407408,1.3468013468013424,True
Braman751,Braman751:scholar_credibility:hyp2,race_4,__MISSING__,19.318181818181817,20.98765432098765,1.669472502805835,True
Braman751,Braman751:scholar_credibility:hyp2,pid_3,Democrat,46.02272727272727,50.617283950617285,4.5945566778900115,True
Braman751,Braman751:scholar_credibility:hyp2,pid_3,Independent,2.272727272727273,2.4691358024691357,0.19640852974186274,True
Braman751,Braman751:scholar_credibility:hyp2,pid_3,Republican,51.70454545454546,46.913580246913575,4.790965207631885,True
Braman751,Braman751:scholar_credibility:hyp2,age_5,Older than 50,53.40909090909091,56.17283950617284,2.7637485970819355,True
Braman751,Braman751:scholar_credibility:hyp2,age_5,Younger than 50,46.590909090909086,43.82716049382716,2.7637485970819284,True
Braman751,Braman751:scholar_credibility:hyp2,EDUC4,College,41.47727272727273,36.41975308641975,5.0575196408529735,True
Braman751,Braman751:scholar_credibility:hyp2,EDUC4,Non-College,58.52272727272727,63.580246913580254,5.057519640852981,True
Braman751,Braman751:scholar_credibility:hyp2,ideo_3,Conservative,39.20454545454545,37.65432098765432,1.5502244668911302,True
Braman751,Braman751:scholar_credibility:hyp2,ideo_3,Liberal,31.818181818181817,32.098765432098766,0.2805836139169493,True
Braman751,Braman751:scholar_credibility:hyp2,ideo_3,Moderate,28.40909090909091,30.246913580246915,1.8378226711560046,True
Braman751,Braman751:scholar_credibility:hyp2,ideo_3,__MISSING__,0.5681818181818182,0.0,0.5681818181818182,True
CalarcoS38,CalarcoS38:Approval:hyp1,GENDER,Female,54.61538461538461,53.99408284023669,0.62130177514792,True
CalarcoS38,CalarcoS38:Approval:hyp1,GENDER,Male,45.38461538461539,46.005917159763314,0.6213017751479271,True
CalarcoS38,CalarcoS38:Approval:hyp1,race_4,Black,11.076923076923077,10.650887573964498,0.4260355029585785,True
CalarcoS38,CalarcoS38:Approval:hyp1,race_4,White,67.53846153846153,65.8284023668639,1.710059171597635,True
CalarcoS38,CalarcoS38:Approval:hyp1,race_4,__MISSING__,21.384615384615387,23.5207100591716,2.1360946745562117,True
CalarcoS38,CalarcoS38:Approval:hyp1,pid_3,Democrat,46.76923076923077,48.66863905325444,1.8994082840236715,True
CalarcoS38,CalarcoS38:Approval:hyp1,pid_3,Independent,15.230769230769232,17.085798816568047,1.8550295857988157,True
CalarcoS38,CalarcoS38:Approval:hyp1,pid_3,Republican,38.0,34.09763313609467,3.9023668639053284,True
CalarcoS38,CalarcoS38:Approval:hyp1,pid_3,__MISSING__,0.0,0.14792899408284024,0.14792899408284024,True
CalarcoS38,CalarcoS38:Approval:hyp1,age_5,Older than 50,53.84615384615385,48.150887573964496,5.69526627218935,True
CalarcoS38,CalarcoS38:Approval:hyp1,age_5,Younger than 50,46.15384615384615,51.849112426035504,5.69526627218935,True
CalarcoS38,CalarcoS38:Approval:hyp1,EDUC4,College,32.76923076923077,34.467455621301774,1.6982248520710073,True
CalarcoS38,CalarcoS38:Approval:hyp1,EDUC4,Non-College,67.23076923076923,65.53254437869822,1.6982248520710073,True
CalarcoS38,CalarcoS38:Approval:hyp1,ideo_3,Conservative,20.46153846153846,18.786982248520708,1.6745562130177518,True
CalarcoS38,CalarcoS38:Approval:hyp1,ideo_3,Liberal,56.30769230769231,57.692307692307686,1.3846153846153797,True
CalarcoS38,CalarcoS38:Approval:hyp1,ideo_3,Moderate,16.923076923076923,16.420118343195266,0.5029585798816569,True
CalarcoS38,CalarcoS38:Approval:hyp1,ideo_3,__MISSING__,6.3076923076923075,7.100591715976331,0.7928994082840237,True
CalarcoS38,CalarcoS38:Approval:hyp2,GENDER,Female,54.61538461538461,53.61702127659574,0.9983633387888702,True
CalarcoS38,CalarcoS38:Approval:hyp2,GENDER,Male,45.38461538461539,46.38297872340426,0.9983633387888702,True
CalarcoS38,CalarcoS38:Approval:hyp2,race_4,Black,11.076923076923077,10.49645390070922,0.5804691762138567,True
CalarcoS38,CalarcoS38:Approval:hyp2,race_4,White,67.53846153846153,68.22695035460993,0.6884888161483929,True
CalarcoS38,CalarcoS38:Approval:hyp2,race_4,__MISSING__,21.384615384615387,21.27659574468085,0.10801963993453612,True
CalarcoS38,CalarcoS38:Approval:hyp2,pid_3,Democrat,46.76923076923077,48.36879432624113,1.599563557010363,True
CalarcoS38,CalarcoS38:Approval:hyp2,pid_3,Independent,15.230769230769232,17.163120567375888,1.932351336606656,True
CalarcoS38,CalarcoS38:Approval:hyp2,pid_3,Republican,38.0,34.326241134751776,3.6737588652482245,True
CalarcoS38,CalarcoS38:Approval:hyp2,pid_3,__MISSING__,0.0,0.14184397163120568,0.14184397163120568,True
CalarcoS38,CalarcoS38:Approval:hyp2,age_5,Older than 50,53.84615384615385,48.652482269503544,5.193671576650303,True
CalarcoS38,CalarcoS38:Approval:hyp2,age_5,Younger than 50,46.15384615384615,51.34751773049645,5.193671576650296,True
CalarcoS38,CalarcoS38:Approval:hyp2,EDUC4,College,32.76923076923077,34.46808510638298,1.6988543371522127,True
CalarcoS38,CalarcoS38:Approval:hyp2,EDUC4,Non-College,67.23076923076923,65.53191489361701,1.6988543371522127,True
CalarcoS38,CalarcoS38:Approval:hyp2,ideo_3,Conservative,20.46153846153846,19.148936170212767,1.3126022913256925,True
CalarcoS38,CalarcoS38:Approval:hyp2,ideo_3,Liberal,56.30769230769231,57.730496453900706,1.4228041462083993,True
CalarcoS38,CalarcoS38:Approval:hyp2,ideo_3,Moderate,16.923076923076923,16.595744680851062,0.3273322422258609,True
CalarcoS38,CalarcoS38:Approval:hyp2,ideo_3,__MISSING__,6.3076923076923075,6.524822695035461,0.21713038734315315,True
CalarcoS38,CalarcoS38:Approval:hyp3,GENDER,Female,51.057401812688816,55.88235294117647,4.824951128487655,True
CalarcoS38,CalarcoS38:Approval:hyp3,GENDER,Male,48.94259818731118,44.11764705882353,4.824951128487648,True
CalarcoS38,CalarcoS38:Approval:hyp3,race_4,Black,10.27190332326284,10.695187165775401,0.4232838425125607,True
CalarcoS38,CalarcoS38:Approval:hyp3,race_4,White,69.78851963746223,66.84491978609626,2.943599851365974,True
CalarcoS38,CalarcoS38:Approval:hyp3,race_4,__MISSING__,19.939577039274926,22.459893048128343,2.520316008853417,True
CalarcoS38,CalarcoS38:Approval:hyp3,pid_3,Democrat,44.71299093655589,51.60427807486631,6.8912871383104175,True
CalarcoS38,CalarcoS38:Approval:hyp3,pid_3,Independent,19.939577039274926,14.705882352941178,5.233694686333749,True
CalarcoS38,CalarcoS38:Approval:hyp3,pid_3,Republican,35.04531722054381,33.68983957219251,1.3554776483512967,True
CalarcoS38,CalarcoS38:Approval:hyp3,pid_3,__MISSING__,0.3021148036253776,0.0,0.3021148036253776,True
CalarcoS38,CalarcoS38:Approval:hyp3,age_5,Older than 50,49.848942598187314,47.593582887700535,2.255359710486779,True
CalarcoS38,CalarcoS38:Approval:hyp3,age_5,Younger than 50,50.15105740181269,52.406417112299465,2.255359710486772,True
CalarcoS38,CalarcoS38:Approval:hyp3,EDUC4,College,34.74320241691843,34.22459893048128,0.5186034864371507,True
CalarcoS38,CalarcoS38:Approval:hyp3,EDUC4,Non-College,65.25679758308158,65.77540106951871,0.5186034864371294,True
CalarcoS38,CalarcoS38:Approval:hyp3,ideo_3,Conservative,16.91842900302115,21.12299465240642,4.20456564938527,True
CalarcoS38,CalarcoS38:Approval:hyp3,ideo_3,Liberal,55.89123867069487,59.35828877005348,3.467050099358609,True
CalarcoS38,CalarcoS38:Approval:hyp3,ideo_3,Moderate,18.429003021148034,14.973262032085561,3.4557409890624733,True
CalarcoS38,CalarcoS38:Approval:hyp3,ideo_3,__MISSING__,8.761329305135952,4.545454545454546,4.215874759681406,True
Campbell1308,Campbell1308:Gender Roles:hyp1,GENDER,Female,54.65116279069767,50.75034106412005,3.900821726577618,True
Campbell1308,Campbell1308:Gender Roles:hyp1,GENDER,Male,45.348837209302324,49.24965893587995,3.9008217265776253,True
Campbell1308,Campbell1308:Gender Roles:hyp1,race_4,Black,11.627906976744185,11.596180081855389,0.031726894888796764,True
Campbell1308,Campbell1308:Gender Roles:hyp1,race_4,White,63.95348837209303,65.34788540245566,1.394397030362633,True
Campbell1308,Campbell1308:Gender Roles:hyp1,race_4,__MISSING__,24.418604651162788,23.05593451568895,1.362670135473838,True
Campbell1308,Campbell1308:Gender Roles:hyp1,pid_3,Democrat,49.224806201550386,47.88540245566166,1.339403745888724,True
Campbell1308,Campbell1308:Gender Roles:hyp1,pid_3,Independent,14.728682170542637,15.82537517053206,1.0966929999894237,True
Campbell1308,Campbell1308:Gender Roles:hyp1,pid_3,Republican,35.65891472868217,36.15279672578445,0.4938819971022781,True
Campbell1308,Campbell1308:Gender Roles:hyp1,pid_3,__MISSING__,0.3875968992248062,0.1364256480218281,0.2511712512029781,True
Campbell1308,Campbell1308:Gender Roles:hyp1,age_5,Older than 50,46.51162790697674,52.38744884038199,5.875820933405251,True
Campbell1308,Campbell1308:Gender Roles:hyp1,age_5,Younger than 50,53.48837209302325,47.61255115961801,5.875820933405244,True
Campbell1308,Campbell1308:Political Engagement:hyp1,GENDER,Female,54.86381322957199,50.977653631284916,3.8861595982870725,True
Campbell1308,Campbell1308:Political Engagement:hyp1,GENDER,Male,45.13618677042802,49.022346368715084,3.8861595982870654,True
Campbell1308,Campbell1308:Political Engagement:hyp1,race_4,Black,11.673151750972762,11.033519553072626,0.639632197900136,True
Campbell1308,Campbell1308:Political Engagement:hyp1,race_4,White,64.59143968871595,65.5027932960894,0.9113536073734423,True
Campbell1308,Campbell1308:Political Engagement:hyp1,race_4,__MISSING__,23.73540856031128,23.463687150837988,0.2717214094732938,True
Campbell1308,Campbell1308:Political Engagement:hyp1,pid_3,Democrat,49.80544747081712,47.76536312849162,2.0400843423254997,True
Campbell1308,Campbell1308:Political Engagement:hyp1,pid_3,Independent,14.396887159533073,15.64245810055866,1.245570941025587,True
Campbell1308,Campbell1308:Political Engagement:hyp1,pid_3,Republican,35.40856031128405,36.452513966480446,1.0439536551963968,True
Campbell1308,Campbell1308:Political Engagement:hyp1,pid_3,__MISSING__,0.38910505836575876,0.13966480446927373,0.24944025389648503,True
Campbell1308,Campbell1308:Political Engagement:hyp1,age_5,Older than 50,45.91439688715953,52.23463687150838,6.320239984348845,True
Campbell1308,Campbell1308:Political Engagement:hyp1,age_5,Younger than 50,54.08560311284047,47.76536312849162,6.320239984348845,True
Campbell1308,Campbell1308:Political Responsiveness:hyp1,GENDER,Female,55.252918287937746,50.906555090655516,4.34636319728223,True
Campbell1308,Campbell1308:Political Responsiveness:hyp1,GENDER,Male,44.74708171206226,49.09344490934449,4.34636319728223,True
Campbell1308,Campbell1308:Political Responsiveness:hyp1,race_4,Black,11.673151750972762,11.576011157601116,0.09714059337164649,True
Campbell1308,Campbell1308:Political Responsiveness:hyp1,race_4,White,64.59143968871595,65.13249651324965,0.5410568245336975,True
Campbell1308,Campbell1308:Political Responsiveness:hyp1,race_4,__MISSING__,23.73540856031128,23.291492329149232,0.44391623116204926,True
Campbell1308,Campbell1308:Political Responsiveness:hyp1,pid_3,Democrat,49.0272373540856,48.675034867503484,0.35220248658211517,True
Campbell1308,Campbell1308:Political Responsiveness:hyp1,pid_3,Independent,14.785992217898833,15.202231520223153,0.4162393023243194,True
Campbell1308,Campbell1308:Political Responsiveness:hyp1,pid_3,Republican,35.797665369649806,35.98326359832636,0.18559822867655384,True
Campbell1308,Campbell1308:Political Responsiveness:hyp1,pid_3,__MISSING__,0.38910505836575876,0.1394700139470014,0.24963504441875736,True
Campbell1308,Campbell1308:Political Responsiveness:hyp1,age_5,Older than 50,45.525291828793776,52.719665271966534,7.194373443172758,True
Campbell1308,Campbell1308:Political Responsiveness:hyp1,age_5,Younger than 50,54.474708171206224,47.28033472803347,7.194373443172751,True
Cohen1099,Cohen1099:Accounting:hyp1,GENDER,Female,51.385390428211586,51.75438596491229,0.3689955367007016,True
Cohen1099,Cohen1099:Accounting:hyp1,GENDER,Male,48.614609571788414,48.24561403508772,0.3689955367006945,True
Cohen1099,Cohen1099:Accounting:hyp1,race_4,Black,13.224181360201511,11.152882205513784,2.0712991546877273,True
Cohen1099,Cohen1099:Accounting:hyp1,race_4,White,64.48362720403023,67.04260651629073,2.5589793122605045,True
Cohen1099,Cohen1099:Accounting:hyp1,race_4,__MISSING__,22.292191435768263,21.804511278195488,0.4876801575727754,True
Cohen1099,Cohen1099:Accounting:hyp1,pid_3,Democrat,50.88161209068011,48.62155388471178,2.2600582059683276,True
Cohen1099,Cohen1099:Accounting:hyp1,pid_3,Independent,14.105793450881613,15.538847117794486,1.4330536669128726,True
Cohen1099,Cohen1099:Accounting:hyp1,pid_3,Republican,34.38287153652393,35.08771929824561,0.7048477617216804,True
Cohen1099,Cohen1099:Accounting:hyp1,pid_3,__MISSING__,0.6297229219143577,0.7518796992481203,0.12215677733376251,True
Cohen1099,Cohen1099:Accounting:hyp1,age_5,Older than 50,48.99244332493703,49.87468671679198,0.8822433918549493,True
Cohen1099,Cohen1099:Accounting:hyp1,age_5,Younger than 50,51.00755667506297,50.125313283208015,0.8822433918549564,True
Cohen1099,Cohen1099:Accounting:hyp1,EDUC4,College,34.63476070528967,35.83959899749373,1.2048382922040588,True
Cohen1099,Cohen1099:Accounting:hyp1,EDUC4,Non-College,65.36523929471034,64.16040100250626,1.204838292204073,True
Cohen1099,Cohen1099:Accounting:hyp1,ideo_3,Conservative,25.06297229219144,26.190476190476193,1.127503898284754,True
Cohen1099,Cohen1099:Accounting:hyp1,ideo_3,Liberal,45.71788413098237,46.11528822055138,0.3974040895690081,True
Cohen1099,Cohen1099:Accounting:hyp1,ideo_3,Moderate,20.151133501259448,20.676691729323306,0.5255582280638578,True
Cohen1099,Cohen1099:Accounting:hyp1,ideo_3,__MISSING__,9.06801007556675,7.017543859649122,2.050466215917628,True
Cohen1099,Cohen1099:Accounting:hyp2,GENDER,Female,52.408477842003855,51.78571428571429,0.6227635562895628,True
Cohen1099,Cohen1099:Accounting:hyp2,GENDER,Male,47.591522157996145,48.214285714285715,0.6227635562895699,True
Cohen1099,Cohen1099:Accounting:hyp2,race_4,Black,13.294797687861271,11.785714285714285,1.5090834021469863,True
Cohen1099,Cohen1099:Accounting:hyp2,race_4,White,65.51059730250482,67.14285714285714,1.6322598403523187,True
Cohen1099,Cohen1099:Accounting:hyp2,race_4,__MISSING__,21.19460500963391,21.071428571428573,0.12317643820533775,True
Cohen1099,Cohen1099:Accounting:hyp2,pid_3,Democrat,50.28901734104046,50.357142857142854,0.06812551610239126,True
Cohen1099,Cohen1099:Accounting:hyp2,pid_3,Independent,15.606936416184972,15.357142857142858,0.2497935590421143,True
Cohen1099,Cohen1099:Accounting:hyp2,pid_3,Republican,33.33333333333333,33.39285714285714,0.0595238095238102,True
Cohen1099,Cohen1099:Accounting:hyp2,pid_3,__MISSING__,0.7707129094412332,0.8928571428571428,0.12214423341590963,True
Cohen1099,Cohen1099:Accounting:hyp2,age_5,Older than 50,52.02312138728323,47.14285714285714,4.880264244426094,True
Cohen1099,Cohen1099:Accounting:hyp2,age_5,Younger than 50,47.97687861271676,52.85714285714286,4.880264244426101,True
Cohen1099,Cohen1099:Accounting:hyp2,EDUC4,College,37.957610789980734,35.17857142857143,2.7790393614093034,True
Cohen1099,Cohen1099:Accounting:hyp2,EDUC4,Non-College,62.042389210019266,64.82142857142857,2.7790393614093034,True
Cohen1099,Cohen1099:Accounting:hyp2,ideo_3,Conservative,26.39691714836224,25.0,1.3969171483622382,True
Cohen1099,Cohen1099:Accounting:hyp2,ideo_3,Liberal,44.3159922928709,47.5,3.1840077071290978,True
Cohen1099,Cohen1099:Accounting:hyp2,ideo_3,Moderate,21.965317919075144,18.392857142857146,3.572460776217998,True
Cohen1099,Cohen1099:Accounting:hyp2,ideo_3,__MISSING__,7.321772639691715,9.107142857142856,1.785370217451141,True
Cohen1099,Cohen1099:History:hyp1,GENDER,Female,51.19196988707654,51.93992490613266,0.7479550190561213,True
Cohen1099,Cohen1099:History:hyp1,GENDER,Male,48.80803011292346,48.06007509386733,0.7479550190561284,True
Cohen1099,Cohen1099:History:hyp1,race_4,Black,13.048933500627353,11.13892365456821,1.9100098460591433,True
Cohen1099,Cohen1099:History:hyp1,race_4,White,64.61731493099123,66.95869837296621,2.3413834419749833,True
Cohen1099,Cohen1099:History:hyp1,race_4,__MISSING__,22.33375156838143,21.90237797246558,0.43137359591585067,True
Cohen1099,Cohen1099:History:hyp1,pid_3,Democrat,51.31744040150564,48.685857321652065,2.631583079853577,True
Cohen1099,Cohen1099:History:hyp1,pid_3,Independent,13.927227101631118,15.269086357947433,1.3418592563163152,True
Cohen1099,Cohen1099:History:hyp1,pid_3,Republican,34.12797992471769,35.294117647058826,1.1661377223411336,True
Cohen1099,Cohen1099:History:hyp1,pid_3,__MISSING__,0.6273525721455459,0.7509386733416771,0.12358610119613123,True
Cohen1099,Cohen1099:History:hyp1,age_5,Older than 50,48.93350062735257,50.06257822277848,1.1290775954259047,True
Cohen1099,Cohen1099:History:hyp1,age_5,Younger than 50,51.06649937264742,49.93742177722152,1.1290775954258976,True
Cohen1099,Cohen1099:History:hyp1,EDUC4,College,34.88080301129234,36.0450563204005,1.1642533091081546,True
Cohen1099,Cohen1099:History:hyp1,EDUC4,Non-College,65.11919698870766,63.954943679599495,1.1642533091081617,True
Cohen1099,Cohen1099:History:hyp1,ideo_3,Conservative,24.968632371392722,26.282853566958696,1.314221195565974,True
Cohen1099,Cohen1099:History:hyp1,ideo_3,Liberal,45.796737766624844,46.057571964956196,0.26083419833135224,True
Cohen1099,Cohen1099:History:hyp1,ideo_3,Moderate,20.326223337515685,20.77596996245307,0.44974662493738293,True
Cohen1099,Cohen1099:History:hyp1,ideo_3,__MISSING__,8.90840652446675,6.88360450563204,2.02480201883471,True
Cohen1099,Cohen1099:Nursing:hyp1,GENDER,Female,51.51133501259446,51.69385194479298,0.18251693219852427,True
Cohen1099,Cohen1099:Nursing:hyp1,GENDER,Male,48.48866498740554,48.306148055207025,0.18251693219851717,True
Cohen1099,Cohen1099:Nursing:hyp1,race_4,Black,13.09823677581864,11.041405269761606,2.0568315060570335,True
Cohen1099,Cohen1099:Nursing:hyp1,race_4,White,64.73551637279597,67.00125470514429,2.2657383323483202,True
Cohen1099,Cohen1099:Nursing:hyp1,race_4,__MISSING__,22.16624685138539,21.9573400250941,0.20890682629129032,True
Cohen1099,Cohen1099:Nursing:hyp1,pid_3,Democrat,51.25944584382871,48.68255959849435,2.5768862453343573,True
Cohen1099,Cohen1099:Nursing:hyp1,pid_3,Independent,13.97984886649874,15.30740276035132,1.3275538938525795,True
Cohen1099,Cohen1099:Nursing:hyp1,pid_3,Republican,34.130982367758186,35.38268506900879,1.2517027012506006,True
Cohen1099,Cohen1099:Nursing:hyp1,pid_3,__MISSING__,0.6297229219143577,0.6273525721455459,0.002370349768811897,True
Cohen1099,Cohen1099:Nursing:hyp1,age_5,Older than 50,49.1183879093199,50.062735257214555,0.9443473478946558,True
Cohen1099,Cohen1099:Nursing:hyp1,age_5,Younger than 50,50.88161209068011,49.937264742785445,0.9443473478946629,True
Cohen1099,Cohen1099:Nursing:hyp1,EDUC4,College,34.76070528967254,36.13550815558344,1.374802865910894,True
Cohen1099,Cohen1099:Nursing:hyp1,EDUC4,Non-College,65.23929471032746,63.86449184441656,1.374802865910894,True
Cohen1099,Cohen1099:Nursing:hyp1,ideo_3,Conservative,24.937027707808564,26.348808030112924,1.4117803223043595,True
Cohen1099,Cohen1099:Nursing:hyp1,ideo_3,Liberal,45.96977329974811,46.29861982434128,0.32884652459316754,True
Cohen1099,Cohen1099:Nursing:hyp1,ideo_3,Moderate,20.151133501259448,20.451693851944793,0.3005603506853447,True
Cohen1099,Cohen1099:Nursing:hyp1,ideo_3,__MISSING__,8.942065491183879,6.900878293601004,2.0411871975828753,True
Cohen1099,Cohen1099:Nursing:hyp2,GENDER,Female,52.601156069364166,51.87165775401069,0.7294983153534744,True
Cohen1099,Cohen1099:Nursing:hyp2,GENDER,Male,47.398843930635834,48.1283422459893,0.7294983153534673,True
Cohen1099,Cohen1099:Nursing:hyp2,race_4,Black,13.102119460500964,11.942959001782532,1.159160458718432,True
Cohen1099,Cohen1099:Nursing:hyp2,race_4,White,65.70327552986512,67.02317290552585,1.3198973756607302,True
Cohen1099,Cohen1099:Nursing:hyp2,race_4,__MISSING__,21.19460500963391,21.03386809269162,0.16073691694229097,True
Cohen1099,Cohen1099:Nursing:hyp2,pid_3,Democrat,50.28901734104046,50.98039215686274,0.6913748158222788,True
Cohen1099,Cohen1099:Nursing:hyp2,pid_3,Independent,15.606936416184972,14.973262032085561,0.633674384099411,True
Cohen1099,Cohen1099:Nursing:hyp2,pid_3,Republican,33.33333333333333,33.155080213903744,0.17825311942958422,True
Cohen1099,Cohen1099:Nursing:hyp2,pid_3,__MISSING__,0.7707129094412332,0.8912655971479502,0.12055268770671701,True
Cohen1099,Cohen1099:Nursing:hyp2,age_5,Older than 50,52.02312138728323,47.23707664884135,4.7860447384418805,True
Cohen1099,Cohen1099:Nursing:hyp2,age_5,Younger than 50,47.97687861271676,52.76292335115864,4.7860447384418805,True
Cohen1099,Cohen1099:Nursing:hyp2,EDUC4,College,38.15028901734104,35.294117647058826,2.856171370282212,True
Cohen1099,Cohen1099:Nursing:hyp2,EDUC4,Non-College,61.849710982658955,64.70588235294117,2.856171370282219,True
Cohen1099,Cohen1099:Nursing:hyp2,ideo_3,Conservative,26.39691714836224,24.9554367201426,1.4414804282196378,True
Cohen1099,Cohen1099:Nursing:hyp2,ideo_3,Liberal,44.50867052023121,47.771836007130126,3.263165486898913,True
Cohen1099,Cohen1099:Nursing:hyp2,ideo_3,Moderate,21.772639691714836,18.36007130124777,3.412568390467065,True
Cohen1099,Cohen1099:Nursing:hyp2,ideo_3,__MISSING__,7.321772639691715,8.9126559714795,1.5908833317877855,True
CorstangeBRIEF69,CorstangeBRIEF69:welcome_refugees:hyp1,GENDER,Female,50.0,44.02985074626866,5.970149253731343,True
CorstangeBRIEF69,CorstangeBRIEF69:welcome_refugees:hyp1,GENDER,Male,50.0,55.970149253731336,5.970149253731336,True
CorstangeBRIEF69,CorstangeBRIEF69:welcome_refugees:hyp1,race_4,Black,11.153846153846155,8.955223880597014,2.198622273249141,True
CorstangeBRIEF69,CorstangeBRIEF69:welcome_refugees:hyp1,race_4,White,67.6923076923077,70.8955223880597,3.20321469575201,True
CorstangeBRIEF69,CorstangeBRIEF69:welcome_refugees:hyp1,race_4,__MISSING__,21.153846153846153,20.149253731343283,1.0045924225028706,True
CorstangeBRIEF69,CorstangeBRIEF69:welcome_refugees:hyp1,pid_3,Democrat,45.38461538461539,45.149253731343286,0.23536165327210057,True
CorstangeBRIEF69,CorstangeBRIEF69:welcome_refugees:hyp1,pid_3,Independent,2.307692307692308,4.477611940298507,2.169919632606199,True
CorstangeBRIEF69,CorstangeBRIEF69:welcome_refugees:hyp1,pid_3,Republican,52.307692307692314,50.373134328358205,1.9345579793341088,True
CorstangeBRIEF69,CorstangeBRIEF69:welcome_refugees:hyp1,age_5,Older than 50,51.92307692307693,55.223880597014926,3.300803673937999,True
CorstangeBRIEF69,CorstangeBRIEF69:welcome_refugees:hyp1,age_5,Younger than 50,48.07692307692308,44.776119402985074,3.300803673938006,True
CorstangeBRIEF69,CorstangeBRIEF69:welcome_refugees:hyp1,EDUC4,College,38.46153846153847,33.2089552238806,5.252583237657866,True
CorstangeBRIEF69,CorstangeBRIEF69:welcome_refugees:hyp1,EDUC4,Non-College,61.53846153846154,66.7910447761194,5.252583237657866,True
CorstangeBRIEF69,CorstangeBRIEF69:welcome_refugees:hyp1,ideo_3,Conservative,35.0,36.940298507462686,1.9402985074626855,True
CorstangeBRIEF69,CorstangeBRIEF69:welcome_refugees:hyp1,ideo_3,Liberal,30.0,25.37313432835821,4.6268656716417915,True
CorstangeBRIEF69,CorstangeBRIEF69:welcome_refugees:hyp1,ideo_3,Moderate,35.0,37.3134328358209,2.3134328358208975,True
CorstangeBRIEF69,CorstangeBRIEF69:welcome_refugees:hyp1,ideo_3,__MISSING__,0.0,0.3731343283582089,0.3731343283582089,True
CorstangeBRIEF69,CorstangeBRIEF69:welcome_refugees:hyp2,GENDER,Female,50.0,50.0,0.0,True
CorstangeBRIEF69,CorstangeBRIEF69:welcome_refugees:hyp2,GENDER,Male,50.0,50.0,0.0,True
CorstangeBRIEF69,CorstangeBRIEF69:welcome_refugees:hyp2,race_4,Black,11.153846153846155,10.852713178294573,0.3011329755515817,True
CorstangeBRIEF69,CorstangeBRIEF69:welcome_refugees:hyp2,race_4,White,67.6923076923077,67.82945736434108,0.13714967203338801,True
CorstangeBRIEF69,CorstangeBRIEF69:welcome_refugees:hyp2,race_4,__MISSING__,21.153846153846153,21.31782945736434,0.16398330351818657,True
CorstangeBRIEF69,CorstangeBRIEF69:welcome_refugees:hyp2,pid_3,Democrat,45.38461538461539,45.348837209302324,0.03577817531306238,True
CorstangeBRIEF69,CorstangeBRIEF69:welcome_refugees:hyp2,pid_3,Independent,2.307692307692308,4.651162790697675,2.3434704830053668,True
CorstangeBRIEF69,CorstangeBRIEF69:welcome_refugees:hyp2,pid_3,Republican,52.307692307692314,50.0,2.3076923076923137,True
CorstangeBRIEF69,CorstangeBRIEF69:welcome_refugees:hyp2,age_5,Older than 50,51.92307692307693,50.3875968992248,1.5354800238521236,True
CorstangeBRIEF69,CorstangeBRIEF69:welcome_refugees:hyp2,age_5,Younger than 50,48.07692307692308,49.6124031007752,1.5354800238521165,True
CorstangeBRIEF69,CorstangeBRIEF69:welcome_refugees:hyp2,EDUC4,College,38.46153846153847,32.55813953488372,5.903398926654745,True
CorstangeBRIEF69,CorstangeBRIEF69:welcome_refugees:hyp2,EDUC4,Non-College,61.53846153846154,67.44186046511628,5.903398926654738,True
CorstangeBRIEF69,CorstangeBRIEF69:welcome_refugees:hyp2,ideo_3,Conservative,35.0,37.5968992248062,2.596899224806201,True
CorstangeBRIEF69,CorstangeBRIEF69:welcome_refugees:hyp2,ideo_3,Liberal,30.0,24.418604651162788,5.581395348837212,True
CorstangeBRIEF69,CorstangeBRIEF69:welcome_refugees:hyp2,ideo_3,Moderate,35.0,37.2093023255814,2.2093023255813975,True
CorstangeBRIEF69,CorstangeBRIEF69:welcome_refugees:hyp2,ideo_3,__MISSING__,0.0,0.7751937984496124,0.7751937984496124,True
Enos700,Enos700:modern_racism1:hyp1,GENDER,Female,50.950570342205324,50.442477876106196,0.5080924660991286,True
Enos700,Enos700:modern_racism1:hyp1,GENDER,Male,49.049429657794676,49.557522123893804,0.5080924660991286,True
Enos700,Enos700:modern_racism1:hyp1,race_4,Black,11.406844106463879,11.283185840707963,0.12365826575591576,True
Enos700,Enos700:modern_racism1:hyp1,race_4,White,69.20152091254754,71.01769911504425,1.8161782024967152,True
Enos700,Enos700:modern_racism1:hyp1,race_4,__MISSING__,19.39163498098859,17.699115044247787,1.6925199367408048,True
Enos700,Enos700:modern_racism1:hyp1,pid_3,Democrat,45.247148288973385,42.256637168141594,2.9905111208317905,True
Enos700,Enos700:modern_racism1:hyp1,pid_3,Independent,4.562737642585551,2.8761061946902653,1.686631447895286,True
Enos700,Enos700:modern_racism1:hyp1,pid_3,Republican,50.19011406844106,54.86725663716814,4.677142568727078,True
Enos700,Enos700:modern_racism1:hyp1,age_5,Older than 50,50.19011406844106,50.66371681415929,0.4736027457182246,True
Enos700,Enos700:modern_racism1:hyp1,age_5,Younger than 50,49.80988593155893,49.336283185840706,0.4736027457182246,True
Enos700,Enos700:modern_racism1:hyp1,EDUC4,College,27.756653992395435,27.43362831858407,0.32302567381136527,True
Enos700,Enos700:modern_racism1:hyp1,EDUC4,Non-College,72.24334600760456,72.56637168141593,0.32302567381137237,True
Enos700,Enos700:modern_racism1:hyp1,ideo_3,Conservative,37.6425855513308,36.50442477876106,1.1381607725697336,True
Enos700,Enos700:modern_racism1:hyp1,ideo_3,Liberal,26.61596958174905,28.31858407079646,1.7026144890474129,True
Enos700,Enos700:modern_racism1:hyp1,ideo_3,Moderate,34.22053231939163,34.51327433628318,0.29274201689155177,True
Enos700,Enos700:modern_racism1:hyp1,ideo_3,__MISSING__,1.520912547528517,0.6637168141592921,0.8571957333692249,True
FaheyS78,FaheyS78:cancel culture:hyp1,GENDER,Female,52.21774193548387,54.05940594059406,1.8416640051101894,True
FaheyS78,FaheyS78:cancel culture:hyp1,GENDER,Male,47.78225806451613,45.940594059405946,1.8416640051101822,True
FaheyS78,FaheyS78:cancel culture:hyp1,race_4,Black,12.600806451612904,9.405940594059405,3.1948658575534985,True
FaheyS78,FaheyS78:cancel culture:hyp1,race_4,White,65.02016129032258,67.02970297029704,2.009541679974461,True
FaheyS78,FaheyS78:cancel culture:hyp1,race_4,__MISSING__,22.379032258064516,23.564356435643564,1.185324177579048,True
FaheyS78,FaheyS78:cancel culture:hyp1,pid_3,Democrat,46.67338709677419,47.227722772277225,0.5543356755030331,True
FaheyS78,FaheyS78:cancel culture:hyp1,pid_3,Independent,14.919354838709678,15.742574257425742,0.8232194187160644,True
FaheyS78,FaheyS78:cancel culture:hyp1,pid_3,Republican,38.306451612903224,37.02970297029703,1.2767486426061936,True
FaheyS78,FaheyS78:cancel culture:hyp1,pid_3,__MISSING__,0.10080645161290322,0.0,0.10080645161290322,True
FaheyS78,FaheyS78:cancel culture:hyp1,age_5,Older than 50,52.62096774193549,49.7029702970297,2.9179974449057866,True
FaheyS78,FaheyS78:cancel culture:hyp1,age_5,Younger than 50,47.37903225806452,50.2970297029703,2.9179974449057795,True
FaheyS78,FaheyS78:cancel culture:hyp1,EDUC4,College,35.181451612903224,34.95049504950495,0.23095656339827286,True
FaheyS78,FaheyS78:cancel culture:hyp1,EDUC4,Non-College,64.81854838709677,65.04950495049505,0.23095656339827997,True
FaheyS78,FaheyS78:cancel culture:hyp1,ideo_3,Conservative,27.52016129032258,28.217821782178216,0.6976604918556362,True
FaheyS78,FaheyS78:cancel culture:hyp1,ideo_3,Liberal,19.858870967741936,23.564356435643564,3.705485467901628,True
FaheyS78,FaheyS78:cancel culture:hyp1,ideo_3,Moderate,51.00806451612904,46.930693069306926,4.077371446822113,True
FaheyS78,FaheyS78:cancel culture:hyp1,ideo_3,__MISSING__,1.6129032258064515,1.2871287128712872,0.32577451293516435,True
FarrowS6,FarrowS6:Disappointment:hyp1,GENDER,Female,56.31469979296067,52.953156822810584,3.361542970150083,True
FarrowS6,FarrowS6:Disappointment:hyp1,GENDER,Male,43.68530020703933,47.04684317718941,3.361542970150076,True
FarrowS6,FarrowS6:Disappointment:hyp1,race_4,Black,10.973084886128365,8.146639511201629,2.8264453749267364,True
FarrowS6,FarrowS6:Disappointment:hyp1,race_4,White,65.0103519668737,69.85743380855396,4.847081841680264,True
FarrowS6,FarrowS6:Disappointment:hyp1,race_4,__MISSING__,24.016563146997928,21.9959266802444,2.0206364667535297,True
FarrowS6,FarrowS6:Disappointment:hyp1,pid_3,Democrat,39.54451345755693,35.234215885947044,4.310297571609887,True
FarrowS6,FarrowS6:Disappointment:hyp1,pid_3,Independent,8.488612836438923,9.979633401221996,1.4910205647830725,True
FarrowS6,FarrowS6:Disappointment:hyp1,pid_3,Republican,26.501035196687372,30.95723014256619,4.456194945878817,True
FarrowS6,FarrowS6:Disappointment:hyp1,pid_3,__MISSING__,25.465838509316768,23.828920570264767,1.636917939052001,True
FarrowS6,FarrowS6:Disappointment:hyp1,age_5,Older than 50,47.61904761904761,49.89816700610998,2.279119387062366,True
FarrowS6,FarrowS6:Disappointment:hyp1,age_5,Younger than 50,52.38095238095239,50.101832993890014,2.279119387062373,True
FarrowS6,FarrowS6:Disappointment:hyp1,EDUC4,College,35.61076604554865,31.160896130346234,4.449869915202417,True
FarrowS6,FarrowS6:Disappointment:hyp1,EDUC4,Non-College,64.38923395445134,68.83910386965377,4.449869915202427,True
FarrowS6,FarrowS6:Disappointment:hyp1,ideo_3,Conservative,20.70393374741201,23.828920570264767,3.124986822852758,True
FarrowS6,FarrowS6:Disappointment:hyp1,ideo_3,Liberal,18.84057971014493,17.922606924643585,0.9179727855013446,True
FarrowS6,FarrowS6:Disappointment:hyp1,ideo_3,Moderate,34.368530020703936,33.19755600814664,1.170974012557295,True
FarrowS6,FarrowS6:Disappointment:hyp1,ideo_3,__MISSING__,26.08695652173913,25.050916496945007,1.0360400247941222,True
Haaland874,Haaland874:Affirmative action: Assistance:hyp1,GENDER,Female,51.9893899204244,54.81386392811296,2.8244740076885577,True
Haaland874,Haaland874:Affirmative action: Assistance:hyp1,GENDER,Male,48.01061007957559,45.186136071887034,2.8244740076885577,True
Haaland874,Haaland874:Affirmative action: Assistance:hyp1,race_4,Black,11.140583554376658,10.783055198973042,0.35752835540361616,True
Haaland874,Haaland874:Affirmative action: Assistance:hyp1,race_4,White,65.25198938992042,66.8806161745828,1.628626784662373,True
Haaland874,Haaland874:Affirmative action: Assistance:hyp1,race_4,__MISSING__,23.607427055702917,22.33632862644416,1.2710984292587568,True
Haaland874,Haaland874:Affirmative action: Assistance:hyp1,pid_3,Democrat,47.745358090185675,49.93581514762516,2.190457057439488,True
Haaland874,Haaland874:Affirmative action: Assistance:hyp1,pid_3,Independent,18.83289124668435,17.84338896020539,0.9895022864789595,True
Haaland874,Haaland874:Affirmative action: Assistance:hyp1,pid_3,Republican,33.15649867374005,31.964056482670088,1.192442191069965,True
Haaland874,Haaland874:Affirmative action: Assistance:hyp1,pid_3,__MISSING__,0.2652519893899204,0.25673940949935814,0.008512579890562255,True
Haaland874,Haaland874:Affirmative action: Assistance:hyp1,age_5,Older than 50,47.214854111405835,50.3209242618742,3.106070150468362,True
Haaland874,Haaland874:Affirmative action: Assistance:hyp1,age_5,Younger than 50,52.785145888594165,49.6790757381258,3.106070150468362,True
Haaland874,Haaland874:Affirmative action: Assistance:hyp1,EDUC4,College,34.88063660477454,36.84210526315789,1.9614686583833532,True
Haaland874,Haaland874:Affirmative action: Assistance:hyp1,EDUC4,Non-College,65.11936339522546,63.1578947368421,1.9614686583833603,True
Haaland874,Haaland874:Affirmative action: Assistance:hyp1,ideo_3,Conservative,25.59681697612732,25.288831835686775,0.3079851404405467,True
Haaland874,Haaland874:Affirmative action: Assistance:hyp1,ideo_3,Liberal,24.6684350132626,24.261874197689345,0.4065608155732541,True
Haaland874,Haaland874:Affirmative action: Assistance:hyp1,ideo_3,Moderate,48.93899204244032,49.16559691912708,0.2266048766867641,True
Haaland874,Haaland874:Affirmative action: Assistance:hyp1,ideo_3,__MISSING__,0.7957559681697612,1.2836970474967908,0.48794107932702957,True
Haaland874,Haaland874:Affirmative action: Preference:hyp1,GENDER,Female,51.92563081009296,54.987212276214834,3.061581466121872,True
Haaland874,Haaland874:Affirmative action: Preference:hyp1,GENDER,Male,48.07436918990704,45.012787723785166,3.061581466121872,True
Haaland874,Haaland874:Affirmative action: Preference:hyp1,race_4,Black,11.288180610889773,10.741687979539643,0.5464926313501302,True
Haaland874,Haaland874:Affirmative action: Preference:hyp1,race_4,White,65.33864541832669,67.0076726342711,1.6690272159444106,True
Haaland874,Haaland874:Affirmative action: Preference:hyp1,race_4,__MISSING__,23.37317397078353,22.25063938618926,1.1225345845942698,True
Haaland874,Haaland874:Affirmative action: Preference:hyp1,pid_3,Democrat,47.941567065073045,49.87212276214834,1.9305556970752917,True
Haaland874,Haaland874:Affirmative action: Preference:hyp1,pid_3,Independent,18.725099601593627,17.902813299232736,0.8222863023608902,True
Haaland874,Haaland874:Affirmative action: Preference:hyp1,pid_3,Republican,33.200531208499335,31.9693094629156,1.2312217455837349,True
Haaland874,Haaland874:Affirmative action: Preference:hyp1,pid_3,__MISSING__,0.13280212483399734,0.2557544757033248,0.12295235086932749,True
Haaland874,Haaland874:Affirmative action: Preference:hyp1,age_5,Older than 50,47.14475431606906,50.127877237851656,2.983122921782595,True
Haaland874,Haaland874:Affirmative action: Preference:hyp1,age_5,Younger than 50,52.85524568393094,49.87212276214834,2.983122921782602,True
Haaland874,Haaland874:Affirmative action: Preference:hyp1,EDUC4,College,34.9269588313413,37.084398976982094,2.1574401456407912,True
Haaland874,Haaland874:Affirmative action: Preference:hyp1,EDUC4,Non-College,65.07304116865869,62.9156010230179,2.1574401456407912,True
Haaland874,Haaland874:Affirmative action: Preference:hyp1,ideo_3,Conservative,25.630810092961486,25.31969309462916,0.3111169983323272,True
Haaland874,Haaland874:Affirmative action: Preference:hyp1,ideo_3,Liberal,24.701195219123505,24.168797953964194,0.532397265159311,True
Haaland874,Haaland874:Affirmative action: Preference:hyp1,ideo_3,Moderate,48.87118193891102,49.232736572890026,0.36155463397900434,True
Haaland874,Haaland874:Affirmative action: Preference:hyp1,ideo_3,__MISSING__,0.796812749003984,1.278772378516624,0.48195962951264004,True
Haaland874,Haaland874:Racial Discrimination perception:hyp1,GENDER,Female,52.179656538969624,55.057618437900125,2.8779618989305007,True
Haaland874,Haaland874:Racial Discrimination perception:hyp1,GENDER,Male,47.82034346103038,44.94238156209987,2.877961898930515,True
Haaland874,Haaland874:Racial Discrimination perception:hyp1,race_4,Black,11.228533685601057,10.755441741357235,0.47309194424382284,True
Haaland874,Haaland874:Racial Discrimination perception:hyp1,race_4,White,65.25759577278731,66.96542893725992,1.7078331644726035,True
Haaland874,Haaland874:Racial Discrimination perception:hyp1,race_4,__MISSING__,23.513870541611624,22.279129321382843,1.2347412202287806,True
Haaland874,Haaland874:Racial Discrimination perception:hyp1,pid_3,Democrat,47.82034346103038,49.9359795134443,2.115636052413919,True
Haaland874,Haaland874:Racial Discrimination perception:hyp1,pid_3,Independent,18.758256274768826,17.92573623559539,0.8325200391734349,True
Haaland874,Haaland874:Racial Discrimination perception:hyp1,pid_3,Republican,33.15719947159842,31.88220230473752,1.2749971668608993,True
Haaland874,Haaland874:Racial Discrimination perception:hyp1,pid_3,__MISSING__,0.26420079260237783,0.2560819462227913,0.008118846379586542,True
Haaland874,Haaland874:Racial Discrimination perception:hyp1,age_5,Older than 50,47.15984147952444,50.06402048655569,2.904179007031253,True
Haaland874,Haaland874:Racial Discrimination perception:hyp1,age_5,Younger than 50,52.84015852047557,49.9359795134443,2.904179007031267,True
Haaland874,Haaland874:Racial Discrimination perception:hyp1,EDUC4,College,35.006605019815055,37.00384122919334,1.9972362093782863,True
Haaland874,Haaland874:Racial Discrimination perception:hyp1,EDUC4,Non-College,64.99339498018493,62.99615877080665,1.9972362093782792,True
Haaland874,Haaland874:Racial Discrimination perception:hyp1,ideo_3,Conservative,25.62747688243065,25.224071702944943,0.40340517948570564,True
Haaland874,Haaland874:Racial Discrimination perception:hyp1,ideo_3,Liberal,24.834874504623514,24.199743918053777,0.635130586569737,True
Haaland874,Haaland874:Racial Discrimination perception:hyp1,ideo_3,Moderate,48.61294583883752,49.29577464788733,0.6828288090498091,True
Haaland874,Haaland874:Racial Discrimination perception:hyp1,ideo_3,__MISSING__,0.9247027741083224,1.2804097311139564,0.35570695700563404,True
HankinsonS22,HankinsonS22:Clinic_support:hyp1,GENDER,Female,52.6530612244898,54.31372549019608,1.6606642657062807,True
HankinsonS22,HankinsonS22:Clinic_support:hyp1,GENDER,Male,47.3469387755102,45.68627450980392,1.6606642657062807,True
HankinsonS22,HankinsonS22:Clinic_support:hyp1,race_4,Black,11.020408163265307,11.27450980392157,0.2541016406562626,True
HankinsonS22,HankinsonS22:Clinic_support:hyp1,race_4,White,66.3265306122449,66.17647058823529,0.15006002400960483,True
HankinsonS22,HankinsonS22:Clinic_support:hyp1,race_4,__MISSING__,22.653061224489797,22.54901960784314,0.10404161664665779,True
HankinsonS22,HankinsonS22:Clinic_support:hyp1,pid_3,Democrat,49.08163265306123,49.6078431372549,0.5262104841936761,True
HankinsonS22,HankinsonS22:Clinic_support:hyp1,pid_3,Independent,18.16326530612245,15.588235294117647,2.575030012004804,True
HankinsonS22,HankinsonS22:Clinic_support:hyp1,pid_3,Republican,32.55102040816327,34.705882352941174,2.154861944777906,True
HankinsonS22,HankinsonS22:Clinic_support:hyp1,pid_3,__MISSING__,0.20408163265306123,0.09803921568627451,0.10604241696678672,True
HankinsonS22,HankinsonS22:Clinic_support:hyp1,age_5,Older than 50,46.12244897959184,49.11764705882353,2.9951980792316917,True
HankinsonS22,HankinsonS22:Clinic_support:hyp1,age_5,Younger than 50,53.87755102040816,50.882352941176464,2.995198079231699,True
HankinsonS22,HankinsonS22:Clinic_support:hyp1,EDUC4,College,32.6530612244898,35.78431372549019,3.1312525010003966,True
HankinsonS22,HankinsonS22:Clinic_support:hyp1,EDUC4,Non-College,67.3469387755102,64.2156862745098,3.1312525010003895,True
HankinsonS22,HankinsonS22:Clinic_support:hyp1,ideo_3,Conservative,31.428571428571427,31.07843137254902,0.3501400560224077,True
HankinsonS22,HankinsonS22:Clinic_support:hyp1,ideo_3,Liberal,30.918367346938773,31.176470588235293,0.25810324129652074,True
HankinsonS22,HankinsonS22:Clinic_support:hyp1,ideo_3,Moderate,27.142857142857142,26.96078431372549,0.18207282913165201,True
HankinsonS22,HankinsonS22:Clinic_support:hyp1,ideo_3,__MISSING__,10.510204081632653,10.784313725490197,0.2741096438575443,True
Howard823,Howard823:Willingness_to_spend_on_optional_expense:hyp1,GENDER,Female,50.9009009009009,50.24390243902439,0.6569984618765119,True
Howard823,Howard823:Willingness_to_spend_on_optional_expense:hyp1,GENDER,Male,49.0990990990991,49.75609756097561,0.6569984618765119,True
Howard823,Howard823:Willingness_to_spend_on_optional_expense:hyp1,race_4,Black,9.684684684684685,11.219512195121952,1.5348275104372675,True
Howard823,Howard823:Willingness_to_spend_on_optional_expense:hyp1,race_4,White,72.52252252252252,72.1951219512195,0.32740057130301636,True
Howard823,Howard823:Willingness_to_spend_on_optional_expense:hyp1,race_4,__MISSING__,17.792792792792792,16.585365853658537,1.2074269391342547,True
Howard823,Howard823:Willingness_to_spend_on_optional_expense:hyp1,pid_3,Democrat,45.94594594594595,46.58536585365854,0.6394199077125862,True
Howard823,Howard823:Willingness_to_spend_on_optional_expense:hyp1,pid_3,Independent,4.054054054054054,2.682926829268293,1.3711272247857615,True
Howard823,Howard823:Willingness_to_spend_on_optional_expense:hyp1,pid_3,Republican,50.0,50.73170731707317,0.7317073170731732,True
Howard823,Howard823:Willingness_to_spend_on_optional_expense:hyp1,age_5,Older than 50,54.95495495495496,52.926829268292686,2.028125686662271,True
Howard823,Howard823:Willingness_to_spend_on_optional_expense:hyp1,age_5,Younger than 50,45.04504504504504,47.073170731707314,2.028125686662271,True
Howard823,Howard823:Willingness_to_spend_on_optional_expense:hyp1,EDUC4,College,34.234234234234236,35.609756097560975,1.375521863326739,True
Howard823,Howard823:Willingness_to_spend_on_optional_expense:hyp1,EDUC4,Non-College,65.76576576576578,64.39024390243902,1.3755218633267532,True
Howard823,Howard823:Willingness_to_spend_on_optional_expense:hyp1,ideo_3,Conservative,37.38738738738739,37.80487804878049,0.41749066139309576,True
Howard823,Howard823:Willingness_to_spend_on_optional_expense:hyp1,ideo_3,Liberal,27.027027027027028,25.609756097560975,1.4172709294660528,True
Howard823,Howard823:Willingness_to_spend_on_optional_expense:hyp1,ideo_3,Moderate,35.13513513513514,36.58536585365854,1.4502307185234002,True
Howard823,Howard823:Willingness_to_spend_on_optional_expense:hyp1,ideo_3,__MISSING__,0.45045045045045046,0.0,0.45045045045045046,True
Howard823,Howard823:Willingness_to_spend_on_optional_expense:hyp2,GENDER,Female,52.038369304556355,50.24390243902439,1.794466865531966,True
Howard823,Howard823:Willingness_to_spend_on_optional_expense:hyp2,GENDER,Male,47.961630695443645,49.75609756097561,1.794466865531966,True
Howard823,Howard823:Willingness_to_spend_on_optional_expense:hyp2,race_4,Black,8.872901678657074,11.219512195121952,2.346610516464878,True
Howard823,Howard823:Willingness_to_spend_on_optional_expense:hyp2,race_4,White,70.26378896882494,72.1951219512195,1.931332982394565,True
Howard823,Howard823:Willingness_to_spend_on_optional_expense:hyp2,race_4,__MISSING__,20.863309352517987,16.585365853658537,4.27794349885945,True
Howard823,Howard823:Willingness_to_spend_on_optional_expense:hyp2,pid_3,Democrat,41.48681055155875,46.58536585365854,5.09855530209979,True
Howard823,Howard823:Willingness_to_spend_on_optional_expense:hyp2,pid_3,Independent,4.796163069544365,2.682926829268293,2.113236240276072,True
Howard823,Howard823:Willingness_to_spend_on_optional_expense:hyp2,pid_3,Republican,53.71702637889688,50.73170731707317,2.9853190618237093,True
Howard823,Howard823:Willingness_to_spend_on_optional_expense:hyp2,age_5,Older than 50,50.59952038369304,52.926829268292686,2.3273088845996455,True
Howard823,Howard823:Willingness_to_spend_on_optional_expense:hyp2,age_5,Younger than 50,49.40047961630695,47.073170731707314,2.3273088845996384,True
Howard823,Howard823:Willingness_to_spend_on_optional_expense:hyp2,EDUC4,College,35.25179856115108,35.609756097560975,0.3579575364098986,True
Howard823,Howard823:Willingness_to_spend_on_optional_expense:hyp2,EDUC4,Non-College,64.74820143884892,64.39024390243902,0.3579575364098986,True
Howard823,Howard823:Willingness_to_spend_on_optional_expense:hyp2,ideo_3,Conservative,32.37410071942446,37.80487804878049,5.430777329356026,True
Howard823,Howard823:Willingness_to_spend_on_optional_expense:hyp2,ideo_3,Liberal,28.53717026378897,25.609756097560975,2.9274141662279938,True
Howard823,Howard823:Willingness_to_spend_on_optional_expense:hyp2,ideo_3,Moderate,38.36930455635492,36.58536585365854,1.783938702696382,True
Howard823,Howard823:Willingness_to_spend_on_optional_expense:hyp2,ideo_3,__MISSING__,0.7194244604316548,0.0,0.7194244604316548,True
Howard823,Howard823:financial_slack:hyp1,GENDER,Female,50.79006772009029,50.245098039215684,0.5449696808746083,True
Howard823,Howard823:financial_slack:hyp1,GENDER,Male,49.20993227990971,49.754901960784316,0.5449696808746083,True
Howard823,Howard823:financial_slack:hyp1,race_4,Black,9.706546275395034,10.784313725490197,1.0777674500951626,True
Howard823,Howard823:financial_slack:hyp1,race_4,White,72.686230248307,72.30392156862744,0.3823086796795536,True
Howard823,Howard823:financial_slack:hyp1,race_4,__MISSING__,17.607223476297968,16.911764705882355,0.6954587704156125,True
Howard823,Howard823:financial_slack:hyp1,pid_3,Democrat,45.82392776523702,46.81372549019608,0.9897977249590539,True
Howard823,Howard823:financial_slack:hyp1,pid_3,Independent,4.063205417607223,2.450980392156863,1.6122250254503605,True
Howard823,Howard823:financial_slack:hyp1,pid_3,Republican,50.112866817155755,50.73529411764706,0.622427300491303,True
Howard823,Howard823:financial_slack:hyp1,age_5,Older than 50,54.627539503386004,52.450980392156865,2.176559111229139,True
Howard823,Howard823:financial_slack:hyp1,age_5,Younger than 50,45.372460496613996,47.549019607843135,2.176559111229139,True
Howard823,Howard823:financial_slack:hyp1,EDUC4,College,34.31151241534989,35.53921568627451,1.2277032709246214,True
Howard823,Howard823:financial_slack:hyp1,EDUC4,Non-College,65.68848758465012,64.4607843137255,1.2277032709246214,True
Howard823,Howard823:financial_slack:hyp1,ideo_3,Conservative,37.471783295711056,37.5,0.028216704288944072,True
Howard823,Howard823:financial_slack:hyp1,ideo_3,Liberal,27.088036117381492,25.245098039215684,1.8429380781658082,True
Howard823,Howard823:financial_slack:hyp1,ideo_3,Moderate,34.988713318284425,37.254901960784316,2.266188642499891,True
Howard823,Howard823:financial_slack:hyp1,ideo_3,__MISSING__,0.4514672686230248,0.0,0.4514672686230248,True
Howard823,Howard823:financial_slack:hyp2,GENDER,Female,52.038369304556355,50.245098039215684,1.793271265340671,True
Howard823,Howard823:financial_slack:hyp2,GENDER,Male,47.961630695443645,49.754901960784316,1.793271265340671,True
Howard823,Howard823:financial_slack:hyp2,race_4,Black,8.872901678657074,10.784313725490197,1.9114120468331226,True
Howard823,Howard823:financial_slack:hyp2,race_4,White,70.02398081534771,72.30392156862744,2.279940753279732,True
Howard823,Howard823:financial_slack:hyp2,race_4,__MISSING__,21.103117505995204,16.911764705882355,4.191352800112849,True
Howard823,Howard823:financial_slack:hyp2,pid_3,Democrat,41.247002398081534,46.81372549019608,5.566723092114543,True
Howard823,Howard823:financial_slack:hyp2,pid_3,Independent,4.796163069544365,2.450980392156863,2.345182677387502,True
Howard823,Howard823:financial_slack:hyp2,pid_3,Republican,53.956834532374096,50.73529411764706,3.2215404147270377,True
Howard823,Howard823:financial_slack:hyp2,age_5,Older than 50,50.59952038369304,52.450980392156865,1.8514600084638246,True
Howard823,Howard823:financial_slack:hyp2,age_5,Younger than 50,49.40047961630695,47.549019607843135,1.8514600084638175,True
Howard823,Howard823:financial_slack:hyp2,EDUC4,College,35.25179856115108,35.53921568627451,0.287417125123433,True
Howard823,Howard823:financial_slack:hyp2,EDUC4,Non-College,64.74820143884892,64.4607843137255,0.2874171251234259,True
Howard823,Howard823:financial_slack:hyp2,ideo_3,Conservative,32.13429256594724,37.5,5.365707434052759,True
Howard823,Howard823:financial_slack:hyp2,ideo_3,Liberal,28.53717026378897,25.245098039215684,3.2920722245732854,True
Howard823,Howard823:financial_slack:hyp2,ideo_3,Moderate,38.60911270983213,37.254901960784316,1.354210749047816,True
Howard823,Howard823:financial_slack:hyp2,ideo_3,__MISSING__,0.7194244604316548,0.0,0.7194244604316548,True
Iles1294,Iles1294:Confusing:hyp1,GENDER,Female,49.6124031007752,55.598958333333336,5.986555232558139,True
Iles1294,Iles1294:Confusing:hyp1,GENDER,Male,50.3875968992248,44.40104166666667,5.986555232558132,True
Iles1294,Iles1294:Confusing:hyp1,race_4,Black,9.30232558139535,10.9375,1.6351744186046506,True
Iles1294,Iles1294:Confusing:hyp1,race_4,White,69.76744186046511,66.015625,3.7518168604651123,True
Iles1294,Iles1294:Confusing:hyp1,race_4,__MISSING__,20.930232558139537,23.046875,2.1166424418604635,True
Iles1294,Iles1294:Confusing:hyp1,pid_3,Democrat,47.674418604651166,48.4375,0.7630813953488342,True
Iles1294,Iles1294:Confusing:hyp1,pid_3,Independent,12.4031007751938,12.5,0.09689922480620083,True
Iles1294,Iles1294:Confusing:hyp1,pid_3,Republican,39.14728682170542,38.80208333333333,0.3452034883720927,True
Iles1294,Iles1294:Confusing:hyp1,pid_3,__MISSING__,0.7751937984496124,0.26041666666666663,0.5147771317829458,True
Iles1294,Iles1294:Confusing:hyp1,age_5,Older than 50,53.875968992248055,51.5625,2.3134689922480547,True
Iles1294,Iles1294:Confusing:hyp1,age_5,Younger than 50,46.12403100775194,48.4375,2.313468992248062,True
Iles1294,Iles1294:Confusing:hyp1,EDUC4,College,32.945736434108525,34.63541666666667,1.6896802325581461,True
Iles1294,Iles1294:Confusing:hyp1,EDUC4,Non-College,67.05426356589147,65.36458333333334,1.689680232558132,True
Iles1294,Iles1294:Confusing:hyp1,ideo_3,Conservative,27.51937984496124,29.427083333333332,1.9077034883720927,True
Iles1294,Iles1294:Confusing:hyp1,ideo_3,Liberal,20.155038759689923,23.046875,2.8918362403100772,True
Iles1294,Iles1294:Confusing:hyp1,ideo_3,Moderate,50.0,46.09375,3.90625,True
Iles1294,Iles1294:Confusing:hyp1,ideo_3,__MISSING__,2.3255813953488373,1.4322916666666665,0.8932897286821708,True
Iles1294,Iles1294:Confusing:hyp2,GENDER,Female,58.26771653543307,53.14960629921261,5.11811023622046,True
Iles1294,Iles1294:Confusing:hyp2,GENDER,Male,41.732283464566926,46.8503937007874,5.118110236220474,True
Iles1294,Iles1294:Confusing:hyp2,race_4,Black,9.448818897637794,11.811023622047244,2.36220472440945,True
Iles1294,Iles1294:Confusing:hyp2,race_4,White,65.74803149606299,64.56692913385827,1.1811023622047259,True
Iles1294,Iles1294:Confusing:hyp2,race_4,__MISSING__,24.803149606299215,23.62204724409449,1.1811023622047259,True
Iles1294,Iles1294:Confusing:hyp2,pid_3,Democrat,42.51968503937008,51.574803149606296,9.055118110236215,True
Iles1294,Iles1294:Confusing:hyp2,pid_3,Independent,12.598425196850393,14.173228346456693,1.5748031496063,True
Iles1294,Iles1294:Confusing:hyp2,pid_3,Republican,44.881889763779526,34.25196850393701,10.629921259842519,True
Iles1294,Iles1294:Confusing:hyp2,age_5,Older than 50,51.574803149606296,50.39370078740157,1.1811023622047259,True
Iles1294,Iles1294:Confusing:hyp2,age_5,Younger than 50,48.4251968503937,49.60629921259843,1.181102362204733,True
Iles1294,Iles1294:Confusing:hyp2,EDUC4,College,33.85826771653544,35.039370078740156,1.1811023622047188,True
Iles1294,Iles1294:Confusing:hyp2,EDUC4,Non-College,66.14173228346458,64.96062992125984,1.18110236220474,True
Iles1294,Iles1294:Confusing:hyp2,ideo_3,Conservative,33.07086614173229,25.984251968503933,7.086614173228355,True
Iles1294,Iles1294:Confusing:hyp2,ideo_3,Liberal,19.291338582677163,23.62204724409449,4.330708661417326,True
Iles1294,Iles1294:Confusing:hyp2,ideo_3,Moderate,46.8503937007874,48.4251968503937,1.5748031496062964,True
Iles1294,Iles1294:Confusing:hyp2,ideo_3,__MISSING__,0.7874015748031495,1.968503937007874,1.1811023622047245,True
Iles1294,Iles1294:Confusing:hyp3,GENDER,Female,55.38461538461539,53.14960629921261,2.2350090854027798,True
Iles1294,Iles1294:Confusing:hyp3,GENDER,Male,44.61538461538462,46.8503937007874,2.2350090854027798,True
Iles1294,Iles1294:Confusing:hyp3,race_4,Black,11.538461538461538,11.811023622047244,0.2725620835857061,True
Iles1294,Iles1294:Confusing:hyp3,race_4,White,67.6923076923077,64.56692913385827,3.1253785584494267,True
Iles1294,Iles1294:Confusing:hyp3,race_4,__MISSING__,20.76923076923077,23.62204724409449,2.852816474863719,True
Iles1294,Iles1294:Confusing:hyp3,pid_3,Democrat,51.153846153846146,51.574803149606296,0.4209569957601502,True
Iles1294,Iles1294:Confusing:hyp3,pid_3,Independent,10.76923076923077,14.173228346456693,3.4039975772259226,True
Iles1294,Iles1294:Confusing:hyp3,pid_3,Republican,37.30769230769231,34.25196850393701,3.055723803755299,True
Iles1294,Iles1294:Confusing:hyp3,pid_3,__MISSING__,0.7692307692307693,0.0,0.7692307692307693,True
Iles1294,Iles1294:Confusing:hyp3,age_5,Older than 50,52.69230769230769,50.39370078740157,2.298606904906123,True
Iles1294,Iles1294:Confusing:hyp3,age_5,Younger than 50,47.30769230769231,49.60629921259843,2.298606904906123,True
Iles1294,Iles1294:Confusing:hyp3,EDUC4,College,35.0,35.039370078740156,0.039370078740155634,True
Iles1294,Iles1294:Confusing:hyp3,EDUC4,Non-College,65.0,64.96062992125984,0.03937007874016274,True
Iles1294,Iles1294:Confusing:hyp3,ideo_3,Conservative,29.230769230769234,25.984251968503933,3.2465172622653,True
Iles1294,Iles1294:Confusing:hyp3,ideo_3,Liberal,26.153846153846157,23.62204724409449,2.531798909751668,True
Iles1294,Iles1294:Confusing:hyp3,ideo_3,Moderate,43.07692307692308,48.4251968503937,5.348273773470616,True
Iles1294,Iles1294:Confusing:hyp3,ideo_3,__MISSING__,1.5384615384615385,1.968503937007874,0.4300423985463355,True
Iles1294,Iles1294:Frustrated:hyp1,GENDER,Female,49.6124031007752,55.598958333333336,5.986555232558139,True
Iles1294,Iles1294:Frustrated:hyp1,GENDER,Male,50.3875968992248,44.40104166666667,5.986555232558132,True
Iles1294,Iles1294:Frustrated:hyp1,race_4,Black,9.30232558139535,10.9375,1.6351744186046506,True
Iles1294,Iles1294:Frustrated:hyp1,race_4,White,69.76744186046511,66.015625,3.7518168604651123,True
Iles1294,Iles1294:Frustrated:hyp1,race_4,__MISSING__,20.930232558139537,23.046875,2.1166424418604635,True
Iles1294,Iles1294:Frustrated:hyp1,pid_3,Democrat,47.674418604651166,48.4375,0.7630813953488342,True
Iles1294,Iles1294:Frustrated:hyp1,pid_3,Independent,12.4031007751938,12.5,0.09689922480620083,True
Iles1294,Iles1294:Frustrated:hyp1,pid_3,Republican,39.14728682170542,38.80208333333333,0.3452034883720927,True
Iles1294,Iles1294:Frustrated:hyp1,pid_3,__MISSING__,0.7751937984496124,0.26041666666666663,0.5147771317829458,True
Iles1294,Iles1294:Frustrated:hyp1,age_5,Older than 50,53.875968992248055,51.5625,2.3134689922480547,True
Iles1294,Iles1294:Frustrated:hyp1,age_5,Younger than 50,46.12403100775194,48.4375,2.313468992248062,True
Iles1294,Iles1294:Frustrated:hyp1,EDUC4,College,32.945736434108525,34.63541666666667,1.6896802325581461,True
Iles1294,Iles1294:Frustrated:hyp1,EDUC4,Non-College,67.05426356589147,65.36458333333334,1.689680232558132,True
Iles1294,Iles1294:Frustrated:hyp1,ideo_3,Conservative,27.51937984496124,29.427083333333332,1.9077034883720927,True
Iles1294,Iles1294:Frustrated:hyp1,ideo_3,Liberal,20.155038759689923,23.046875,2.8918362403100772,True
Iles1294,Iles1294:Frustrated:hyp1,ideo_3,Moderate,50.0,46.09375,3.90625,True
Iles1294,Iles1294:Frustrated:hyp1,ideo_3,__MISSING__,2.3255813953488373,1.4322916666666665,0.8932897286821708,True
Iles1294,Iles1294:Frustrated:hyp2,GENDER,Female,58.26771653543307,53.14960629921261,5.11811023622046,True
Iles1294,Iles1294:Frustrated:hyp2,GENDER,Male,41.732283464566926,46.8503937007874,5.118110236220474,True
Iles1294,Iles1294:Frustrated:hyp2,race_4,Black,9.448818897637794,11.811023622047244,2.36220472440945,True
Iles1294,Iles1294:Frustrated:hyp2,race_4,White,65.74803149606299,64.56692913385827,1.1811023622047259,True
Iles1294,Iles1294:Frustrated:hyp2,race_4,__MISSING__,24.803149606299215,23.62204724409449,1.1811023622047259,True
Iles1294,Iles1294:Frustrated:hyp2,pid_3,Democrat,42.51968503937008,51.574803149606296,9.055118110236215,True
Iles1294,Iles1294:Frustrated:hyp2,pid_3,Independent,12.598425196850393,14.173228346456693,1.5748031496063,True
Iles1294,Iles1294:Frustrated:hyp2,pid_3,Republican,44.881889763779526,34.25196850393701,10.629921259842519,True
Iles1294,Iles1294:Frustrated:hyp2,age_5,Older than 50,51.574803149606296,50.39370078740157,1.1811023622047259,True
Iles1294,Iles1294:Frustrated:hyp2,age_5,Younger than 50,48.4251968503937,49.60629921259843,1.181102362204733,True
Iles1294,Iles1294:Frustrated:hyp2,EDUC4,College,33.85826771653544,35.039370078740156,1.1811023622047188,True
Iles1294,Iles1294:Frustrated:hyp2,EDUC4,Non-College,66.14173228346458,64.96062992125984,1.18110236220474,True
Iles1294,Iles1294:Frustrated:hyp2,ideo_3,Conservative,33.07086614173229,25.984251968503933,7.086614173228355,True
Iles1294,Iles1294:Frustrated:hyp2,ideo_3,Liberal,19.291338582677163,23.62204724409449,4.330708661417326,True
Iles1294,Iles1294:Frustrated:hyp2,ideo_3,Moderate,46.8503937007874,48.4251968503937,1.5748031496062964,True
Iles1294,Iles1294:Frustrated:hyp2,ideo_3,__MISSING__,0.7874015748031495,1.968503937007874,1.1811023622047245,True
Iles1294,Iles1294:Frustrated:hyp3,GENDER,Female,55.38461538461539,53.14960629921261,2.2350090854027798,True
Iles1294,Iles1294:Frustrated:hyp3,GENDER,Male,44.61538461538462,46.8503937007874,2.2350090854027798,True
Iles1294,Iles1294:Frustrated:hyp3,race_4,Black,11.538461538461538,11.811023622047244,0.2725620835857061,True
Iles1294,Iles1294:Frustrated:hyp3,race_4,White,67.6923076923077,64.56692913385827,3.1253785584494267,True
Iles1294,Iles1294:Frustrated:hyp3,race_4,__MISSING__,20.76923076923077,23.62204724409449,2.852816474863719,True
Iles1294,Iles1294:Frustrated:hyp3,pid_3,Democrat,51.153846153846146,51.574803149606296,0.4209569957601502,True
Iles1294,Iles1294:Frustrated:hyp3,pid_3,Independent,10.76923076923077,14.173228346456693,3.4039975772259226,True
Iles1294,Iles1294:Frustrated:hyp3,pid_3,Republican,37.30769230769231,34.25196850393701,3.055723803755299,True
Iles1294,Iles1294:Frustrated:hyp3,pid_3,__MISSING__,0.7692307692307693,0.0,0.7692307692307693,True
Iles1294,Iles1294:Frustrated:hyp3,age_5,Older than 50,52.69230769230769,50.39370078740157,2.298606904906123,True
Iles1294,Iles1294:Frustrated:hyp3,age_5,Younger than 50,47.30769230769231,49.60629921259843,2.298606904906123,True
Iles1294,Iles1294:Frustrated:hyp3,EDUC4,College,35.0,35.039370078740156,0.039370078740155634,True
Iles1294,Iles1294:Frustrated:hyp3,EDUC4,Non-College,65.0,64.96062992125984,0.03937007874016274,True
Iles1294,Iles1294:Frustrated:hyp3,ideo_3,Conservative,29.230769230769234,25.984251968503933,3.2465172622653,True
Iles1294,Iles1294:Frustrated:hyp3,ideo_3,Liberal,26.153846153846157,23.62204724409449,2.531798909751668,True
Iles1294,Iles1294:Frustrated:hyp3,ideo_3,Moderate,43.07692307692308,48.4251968503937,5.348273773470616,True
Iles1294,Iles1294:Frustrated:hyp3,ideo_3,__MISSING__,1.5384615384615385,1.968503937007874,0.4300423985463355,True
Iles1294,Iles1294:collaborative:hyp1,GENDER,Female,49.6124031007752,55.52665799739922,5.914254896624023,True
Iles1294,Iles1294:collaborative:hyp1,GENDER,Male,50.3875968992248,44.47334200260078,5.914254896624023,True
Iles1294,Iles1294:collaborative:hyp1,race_4,Black,9.30232558139535,10.92327698309493,1.62095140169958,True
Iles1294,Iles1294:collaborative:hyp1,race_4,White,69.76744186046511,66.05981794538361,3.7076239150814985,True
Iles1294,Iles1294:collaborative:hyp1,race_4,__MISSING__,20.930232558139537,23.016905071521457,2.08667251338192,True
Iles1294,Iles1294:collaborative:hyp1,pid_3,Democrat,47.674418604651166,48.37451235370611,0.7000937490549433,True
Iles1294,Iles1294:collaborative:hyp1,pid_3,Independent,12.4031007751938,12.613784135240572,0.21068336004677235,True
Iles1294,Iles1294:collaborative:hyp1,pid_3,Republican,39.14728682170542,38.751625487646294,0.3956613340591275,True
Iles1294,Iles1294:collaborative:hyp1,pid_3,__MISSING__,0.7751937984496124,0.26007802340702213,0.5151157750425903,True
Iles1294,Iles1294:collaborative:hyp1,age_5,Older than 50,53.875968992248055,51.49544863459038,2.380520357657673,True
Iles1294,Iles1294:collaborative:hyp1,age_5,Younger than 50,46.12403100775194,48.50455136540962,2.38052035765768,True
Iles1294,Iles1294:collaborative:hyp1,EDUC4,College,32.945736434108525,34.59037711313394,1.6446406790254144,True
Iles1294,Iles1294:collaborative:hyp1,EDUC4,Non-College,67.05426356589147,65.40962288686606,1.6446406790254144,True
Iles1294,Iles1294:collaborative:hyp1,ideo_3,Conservative,27.51937984496124,29.388816644993497,1.8694368000322577,True
Iles1294,Iles1294:collaborative:hyp1,ideo_3,Liberal,20.155038759689923,23.016905071521457,2.861866311831534,True
Iles1294,Iles1294:collaborative:hyp1,ideo_3,Moderate,50.0,46.16384915474642,3.8361508452535773,True
Iles1294,Iles1294:collaborative:hyp1,ideo_3,__MISSING__,2.3255813953488373,1.4304291287386215,0.8951522666102159,True
Iles1294,Iles1294:collaborative:hyp2,GENDER,Female,58.03921568627452,53.14960629921261,4.88960938706191,True
Iles1294,Iles1294:collaborative:hyp2,GENDER,Male,41.96078431372549,46.8503937007874,4.88960938706191,True
Iles1294,Iles1294:collaborative:hyp2,race_4,Black,9.411764705882353,11.811023622047244,2.399258916164891,True
Iles1294,Iles1294:collaborative:hyp2,race_4,White,65.88235294117646,64.56692913385827,1.3154238073181972,True
Iles1294,Iles1294:collaborative:hyp2,race_4,__MISSING__,24.705882352941178,23.62204724409449,1.0838351088466887,True
Iles1294,Iles1294:collaborative:hyp2,pid_3,Democrat,42.35294117647059,51.574803149606296,9.22186197313571,True
Iles1294,Iles1294:collaborative:hyp2,pid_3,Independent,12.941176470588237,14.173228346456693,1.2320518758684553,True
Iles1294,Iles1294:collaborative:hyp2,pid_3,Republican,44.70588235294118,34.25196850393701,10.453913849004174,True
Iles1294,Iles1294:collaborative:hyp2,age_5,Older than 50,51.37254901960784,50.39370078740157,0.9788482322062677,True
Iles1294,Iles1294:collaborative:hyp2,age_5,Younger than 50,48.627450980392155,49.60629921259843,0.9788482322062748,True
Iles1294,Iles1294:collaborative:hyp2,EDUC4,College,33.72549019607843,35.039370078740156,1.3138798826617233,True
Iles1294,Iles1294:collaborative:hyp2,EDUC4,Non-College,66.27450980392156,64.96062992125984,1.3138798826617233,True
Iles1294,Iles1294:collaborative:hyp2,ideo_3,Conservative,32.94117647058823,25.984251968503933,6.9569245020842985,True
Iles1294,Iles1294:collaborative:hyp2,ideo_3,Liberal,19.215686274509807,23.62204724409449,4.406360969584682,True
Iles1294,Iles1294:collaborative:hyp2,ideo_3,Moderate,47.05882352941176,48.4251968503937,1.3663733209819355,True
Iles1294,Iles1294:collaborative:hyp2,ideo_3,__MISSING__,0.7843137254901961,1.968503937007874,1.1841902115176781,True
Iles1294,Iles1294:collaborative:hyp3,GENDER,Female,55.38461538461539,53.14960629921261,2.2350090854027798,True
Iles1294,Iles1294:collaborative:hyp3,GENDER,Male,44.61538461538462,46.8503937007874,2.2350090854027798,True
Iles1294,Iles1294:collaborative:hyp3,race_4,Black,11.538461538461538,11.811023622047244,0.2725620835857061,True
Iles1294,Iles1294:collaborative:hyp3,race_4,White,67.6923076923077,64.56692913385827,3.1253785584494267,True
Iles1294,Iles1294:collaborative:hyp3,race_4,__MISSING__,20.76923076923077,23.62204724409449,2.852816474863719,True
Iles1294,Iles1294:collaborative:hyp3,pid_3,Democrat,51.153846153846146,51.574803149606296,0.4209569957601502,True
Iles1294,Iles1294:collaborative:hyp3,pid_3,Independent,10.76923076923077,14.173228346456693,3.4039975772259226,True
Iles1294,Iles1294:collaborative:hyp3,pid_3,Republican,37.30769230769231,34.25196850393701,3.055723803755299,True
Iles1294,Iles1294:collaborative:hyp3,pid_3,__MISSING__,0.7692307692307693,0.0,0.7692307692307693,True
Iles1294,Iles1294:collaborative:hyp3,age_5,Older than 50,52.69230769230769,50.39370078740157,2.298606904906123,True
Iles1294,Iles1294:collaborative:hyp3,age_5,Younger than 50,47.30769230769231,49.60629921259843,2.298606904906123,True
Iles1294,Iles1294:collaborative:hyp3,EDUC4,College,35.0,35.039370078740156,0.039370078740155634,True
Iles1294,Iles1294:collaborative:hyp3,EDUC4,Non-College,65.0,64.96062992125984,0.03937007874016274,True
Iles1294,Iles1294:collaborative:hyp3,ideo_3,Conservative,29.230769230769234,25.984251968503933,3.2465172622653,True
Iles1294,Iles1294:collaborative:hyp3,ideo_3,Liberal,26.153846153846157,23.62204724409449,2.531798909751668,True
Iles1294,Iles1294:collaborative:hyp3,ideo_3,Moderate,43.07692307692308,48.4251968503937,5.348273773470616,True
Iles1294,Iles1294:collaborative:hyp3,ideo_3,__MISSING__,1.5384615384615385,1.968503937007874,0.4300423985463355,True
Kennedy1017,Kennedy1017:Family_approval:hyp1,GENDER,Female,52.160493827160494,52.99684542586751,0.8363515987070187,True
Kennedy1017,Kennedy1017:Family_approval:hyp1,GENDER,Male,47.839506172839506,47.003154574132495,0.8363515987070116,True
Kennedy1017,Kennedy1017:Family_approval:hyp1,race_4,Black,12.808641975308642,12.302839116719243,0.5058028585893997,True
Kennedy1017,Kennedy1017:Family_approval:hyp1,race_4,White,65.12345679012346,69.5583596214511,4.434902831327648,True
Kennedy1017,Kennedy1017:Family_approval:hyp1,race_4,__MISSING__,22.067901234567902,18.138801261829656,3.9290999727382463,True
Kennedy1017,Kennedy1017:Family_approval:hyp1,pid_3,Democrat,51.85185185185185,47.1608832807571,4.69096857109475,True
Kennedy1017,Kennedy1017:Family_approval:hyp1,pid_3,Independent,14.814814814814813,16.876971608832807,2.0621567940179943,True
Kennedy1017,Kennedy1017:Family_approval:hyp1,pid_3,Republican,33.33333333333333,35.96214511041009,2.6288117770767627,True
Kennedy1017,Kennedy1017:Family_approval:hyp1,age_5,Older than 50,50.92592592592593,51.26182965299685,0.33590372707092087,True
Kennedy1017,Kennedy1017:Family_approval:hyp1,age_5,Younger than 50,49.074074074074076,48.738170347003155,0.33590372707092087,True
Kennedy1017,Kennedy1017:Family_approval:hyp1,EDUC4,College,35.339506172839506,35.33123028391167,0.008275888927833819,True
Kennedy1017,Kennedy1017:Family_approval:hyp1,EDUC4,Non-College,64.6604938271605,64.66876971608832,0.008275888927826713,True
Kennedy1017,Kennedy1017:Family_approval:hyp1,ideo_3,Conservative,30.555555555555557,31.703470031545745,1.1479144759901878,True
Kennedy1017,Kennedy1017:Family_approval:hyp1,ideo_3,Liberal,31.944444444444443,32.018927444794954,0.07448300035051147,True
Kennedy1017,Kennedy1017:Family_approval:hyp1,ideo_3,Moderate,24.845679012345677,24.13249211356467,0.7131868987810073,True
Kennedy1017,Kennedy1017:Family_approval:hyp1,ideo_3,__MISSING__,12.654320987654321,12.145110410094636,0.5092105775596849,True
Kennedy1017,Kennedy1017:Family_approval:hyp2,GENDER,Female,50.27322404371585,52.574102964118566,2.3008789204027167,True
Kennedy1017,Kennedy1017:Family_approval:hyp2,GENDER,Male,49.72677595628415,47.425897035881434,2.3008789204027167,True
Kennedy1017,Kennedy1017:Family_approval:hyp2,race_4,Black,10.53864168618267,12.558502340093602,2.019860653910932,True
Kennedy1017,Kennedy1017:Family_approval:hyp2,race_4,White,68.46213895394223,67.31669266770672,1.1454462862355115,True
Kennedy1017,Kennedy1017:Family_approval:hyp2,race_4,__MISSING__,20.9992193598751,20.12480499219969,0.8744143676754099,True
Kennedy1017,Kennedy1017:Family_approval:hyp2,pid_3,Democrat,48.79000780640125,49.53198127925117,0.7419734728499208,True
Kennedy1017,Kennedy1017:Family_approval:hyp2,pid_3,Independent,16.861826697892273,15.834633385335414,1.027193312556859,True
Kennedy1017,Kennedy1017:Family_approval:hyp2,pid_3,Republican,34.34816549570648,34.63338533541342,0.2852198397069401,True
Kennedy1017,Kennedy1017:Family_approval:hyp2,age_5,Older than 50,48.47775175644028,51.09204368174727,2.6142919253069934,True
Kennedy1017,Kennedy1017:Family_approval:hyp2,age_5,Younger than 50,51.52224824355972,48.90795631825273,2.6142919253069934,True
Kennedy1017,Kennedy1017:Family_approval:hyp2,EDUC4,College,30.757220921155348,35.33541341653666,4.5781924953813125,True
Kennedy1017,Kennedy1017:Family_approval:hyp2,EDUC4,Non-College,69.24277907884465,64.66458658346333,4.578192495381316,True
Kennedy1017,Kennedy1017:Family_approval:hyp2,ideo_3,Conservative,31.772053083528494,31.12324492979719,0.6488081537313057,True
Kennedy1017,Kennedy1017:Family_approval:hyp2,ideo_3,Liberal,30.44496487119438,31.981279251170047,1.5363143799756678,True
Kennedy1017,Kennedy1017:Family_approval:hyp2,ideo_3,Moderate,25.683060109289617,24.492979719188767,1.1900803901008494,True
Kennedy1017,Kennedy1017:Family_approval:hyp2,ideo_3,__MISSING__,12.09992193598751,12.402496099843994,0.30257416385648384,True
Kennedy1017,Kennedy1017:Family_friends:hyp1,GENDER,Female,52.46913580246913,52.931854199683045,0.46271839721391217,True
Kennedy1017,Kennedy1017:Family_friends:hyp1,GENDER,Male,47.53086419753087,47.068145800316955,0.46271839721391217,True
Kennedy1017,Kennedy1017:Family_friends:hyp1,race_4,Black,12.5,12.202852614896988,0.29714738510301153,True
Kennedy1017,Kennedy1017:Family_friends:hyp1,race_4,White,65.4320987654321,69.57210776545166,4.14000900001956,True
Kennedy1017,Kennedy1017:Family_friends:hyp1,race_4,__MISSING__,22.067901234567902,18.225039619651348,3.842861614916554,True
Kennedy1017,Kennedy1017:Family_friends:hyp1,pid_3,Democrat,52.160493827160494,47.068145800316955,5.092348026843538,True
Kennedy1017,Kennedy1017:Family_friends:hyp1,pid_3,Independent,14.506172839506174,16.957210776545168,2.4510379370389934,True
Kennedy1017,Kennedy1017:Family_friends:hyp1,pid_3,Republican,33.33333333333333,35.97464342313788,2.6413100898045485,True
Kennedy1017,Kennedy1017:Family_friends:hyp1,age_5,Older than 50,50.77160493827161,51.50554675118859,0.7339418129169815,True
Kennedy1017,Kennedy1017:Family_friends:hyp1,age_5,Younger than 50,49.2283950617284,48.49445324881141,0.7339418129169886,True
Kennedy1017,Kennedy1017:Family_friends:hyp1,EDUC4,College,35.339506172839506,35.49920760697306,0.1597014341335523,True
Kennedy1017,Kennedy1017:Family_friends:hyp1,EDUC4,Non-College,64.6604938271605,64.50079239302694,0.1597014341335523,True
Kennedy1017,Kennedy1017:Family_friends:hyp1,ideo_3,Conservative,30.555555555555557,31.85419968304279,1.2986441274872327,True
Kennedy1017,Kennedy1017:Family_friends:hyp1,ideo_3,Liberal,32.25308641975309,32.01267828843106,0.24040813132202743,True
Kennedy1017,Kennedy1017:Family_friends:hyp1,ideo_3,Moderate,24.537037037037038,24.247226624405705,0.2898104126313328,True
Kennedy1017,Kennedy1017:Family_friends:hyp1,ideo_3,__MISSING__,12.654320987654321,11.885895404120443,0.7684255835338778,True
Kennedy1017,Kennedy1017:Family_friends:hyp2,GENDER,Female,50.427350427350426,52.69741985926505,2.270069431914621,True
Kennedy1017,Kennedy1017:Family_friends:hyp2,GENDER,Male,49.572649572649574,47.30258014073495,2.270069431914621,True
Kennedy1017,Kennedy1017:Family_friends:hyp2,race_4,Black,10.567210567210568,12.35340109460516,1.7861905273945915,True
Kennedy1017,Kennedy1017:Family_friends:hyp2,race_4,White,68.14296814296814,67.47458952306489,0.6683786199032511,True
Kennedy1017,Kennedy1017:Family_friends:hyp2,race_4,__MISSING__,21.28982128982129,20.172009382329943,1.1178119074913475,True
Kennedy1017,Kennedy1017:Family_friends:hyp2,pid_3,Democrat,48.873348873348874,49.648162627052386,0.774813753703512,True
Kennedy1017,Kennedy1017:Family_friends:hyp2,pid_3,Independent,16.705516705516704,15.715402658326818,0.9901140471898859,True
Kennedy1017,Kennedy1017:Family_friends:hyp2,pid_3,Republican,34.42113442113442,34.6364347146208,0.21530029348637925,True
Kennedy1017,Kennedy1017:Family_friends:hyp2,age_5,Older than 50,48.40714840714841,51.133698201720094,2.7265497945716817,True
Kennedy1017,Kennedy1017:Family_friends:hyp2,age_5,Younger than 50,51.592851592851595,48.866301798279906,2.726549794571689,True
Kennedy1017,Kennedy1017:Family_friends:hyp2,EDUC4,College,30.76923076923077,35.41829554339328,4.6490647741625075,True
Kennedy1017,Kennedy1017:Family_friends:hyp2,EDUC4,Non-College,69.23076923076923,64.58170445660673,4.649064774162497,True
Kennedy1017,Kennedy1017:Family_friends:hyp2,ideo_3,Conservative,31.934731934731936,31.196247068021894,0.7384848667100421,True
Kennedy1017,Kennedy1017:Family_friends:hyp2,ideo_3,Liberal,30.536130536130536,32.13448006254887,1.5983495264183318,True
Kennedy1017,Kennedy1017:Family_friends:hyp2,ideo_3,Moderate,25.407925407925408,24.39405785770133,1.0138675502240773,True
Kennedy1017,Kennedy1017:Family_friends:hyp2,ideo_3,__MISSING__,12.121212121212121,12.275215011727912,0.15400289051579108,True
Kennedy1017,Kennedy1017:Family_knowledge:hyp1,GENDER,Female,52.64797507788161,53.00632911392405,0.3583540360424422,True
Kennedy1017,Kennedy1017:Family_knowledge:hyp1,GENDER,Male,47.35202492211838,46.99367088607595,0.3583540360424351,True
Kennedy1017,Kennedy1017:Family_knowledge:hyp1,race_4,Black,12.77258566978193,12.5,0.27258566978193066,True
Kennedy1017,Kennedy1017:Family_knowledge:hyp1,race_4,White,65.10903426791276,69.4620253164557,4.352991048542933,True
Kennedy1017,Kennedy1017:Family_knowledge:hyp1,race_4,__MISSING__,22.118380062305295,18.037974683544302,4.080405378760993,True
Kennedy1017,Kennedy1017:Family_knowledge:hyp1,pid_3,Democrat,52.18068535825545,47.310126582278485,4.870558775976967,True
Kennedy1017,Kennedy1017:Family_knowledge:hyp1,pid_3,Independent,14.485981308411214,16.77215189873418,2.286170590322966,True
Kennedy1017,Kennedy1017:Family_knowledge:hyp1,pid_3,Republican,33.33333333333333,35.91772151898734,2.5843881856540136,True
Kennedy1017,Kennedy1017:Family_knowledge:hyp1,age_5,Older than 50,51.246105919003114,51.26582278481012,0.01971686580700549,True
Kennedy1017,Kennedy1017:Family_knowledge:hyp1,age_5,Younger than 50,48.753894080996886,48.734177215189874,0.019716865807012596,True
Kennedy1017,Kennedy1017:Family_knowledge:hyp1,EDUC4,College,35.202492211838006,35.60126582278481,0.3987736109468045,True
Kennedy1017,Kennedy1017:Family_knowledge:hyp1,EDUC4,Non-College,64.797507788162,64.39873417721519,0.3987736109468045,True
Kennedy1017,Kennedy1017:Family_knowledge:hyp1,ideo_3,Conservative,30.218068535825545,31.645569620253166,1.4275010844276217,True
Kennedy1017,Kennedy1017:Family_knowledge:hyp1,ideo_3,Liberal,32.398753894081,31.962025316455694,0.4367285776253027,True
Kennedy1017,Kennedy1017:Family_knowledge:hyp1,ideo_3,Moderate,24.610591900311526,24.525316455696203,0.08527544461532344,True
Kennedy1017,Kennedy1017:Family_knowledge:hyp1,ideo_3,__MISSING__,12.77258566978193,11.867088607594937,0.9054970621869938,True
Kennedy1017,Kennedy1017:Family_knowledge:hyp2,GENDER,Female,50.15552099533437,52.82574568288854,2.6702246875541675,True
Kennedy1017,Kennedy1017:Family_knowledge:hyp2,GENDER,Male,49.84447900466563,47.174254317111455,2.6702246875541746,True
Kennedy1017,Kennedy1017:Family_knowledge:hyp2,race_4,Black,10.497667185069986,12.637362637362637,2.139695452292651,True
Kennedy1017,Kennedy1017:Family_knowledge:hyp2,race_4,White,68.19595645412132,67.26844583987442,0.9275106142468985,True
Kennedy1017,Kennedy1017:Family_knowledge:hyp2,race_4,__MISSING__,21.30637636080871,20.09419152276295,1.2121848380457578,True
Kennedy1017,Kennedy1017:Family_knowledge:hyp2,pid_3,Democrat,48.91135303265941,49.76452119309262,0.8531681604332064,True
Kennedy1017,Kennedy1017:Family_knowledge:hyp2,pid_3,Independent,16.796267496111973,15.620094191522762,1.176173304589211,True
Kennedy1017,Kennedy1017:Family_knowledge:hyp2,pid_3,Republican,34.29237947122862,34.61538461538461,0.32300514415599224,True
Kennedy1017,Kennedy1017:Family_knowledge:hyp2,age_5,Older than 50,48.4447900466563,51.25588697017268,2.8110969235163807,True
Kennedy1017,Kennedy1017:Family_knowledge:hyp2,age_5,Younger than 50,51.555209953343706,48.74411302982731,2.811096923516395,True
Kennedy1017,Kennedy1017:Family_knowledge:hyp2,EDUC4,College,30.793157076205286,35.40031397174254,4.607156895537255,True
Kennedy1017,Kennedy1017:Family_knowledge:hyp2,EDUC4,Non-College,69.20684292379471,64.59968602825745,4.607156895537258,True
Kennedy1017,Kennedy1017:Family_knowledge:hyp2,ideo_3,Conservative,31.804043545878695,30.926216640502357,0.8778269053763381,True
Kennedy1017,Kennedy1017:Family_knowledge:hyp2,ideo_3,Liberal,30.404354587869364,32.18210361067504,1.7777490228056791,True
Kennedy1017,Kennedy1017:Family_knowledge:hyp2,ideo_3,Moderate,25.738724727838257,24.56828885400314,1.1704358738351175,True
Kennedy1017,Kennedy1017:Family_knowledge:hyp2,ideo_3,__MISSING__,12.052877138413685,12.323390894819466,0.2705137564057818,True
KlarS44,KlarS44:efficacy:hyp1,GENDER,Female,50.56980056980057,51.8463810930576,1.2765805232570315,True
KlarS44,KlarS44:efficacy:hyp1,GENDER,Male,49.43019943019943,48.15361890694239,1.2765805232570386,True
KlarS44,KlarS44:efficacy:hyp1,race_4,Black,12.393162393162394,11.37370753323486,1.0194548599275333,True
KlarS44,KlarS44:efficacy:hyp1,race_4,White,66.23931623931624,67.65140324963073,1.4120870103144938,True
KlarS44,KlarS44:efficacy:hyp1,race_4,__MISSING__,21.367521367521366,20.974889217134415,0.39263215038695165,True
KlarS44,KlarS44:efficacy:hyp1,pid_3,Democrat,46.01139601139601,48.005908419497786,1.9945124081017767,True
KlarS44,KlarS44:efficacy:hyp1,pid_3,Independent,17.94871794871795,15.952732644017726,1.9959853047002234,True
KlarS44,KlarS44:efficacy:hyp1,pid_3,Republican,35.18518518518518,35.745937961595274,0.5607527764100908,True
KlarS44,KlarS44:efficacy:hyp1,pid_3,__MISSING__,0.8547008547008548,0.29542097488921715,0.5592798798116376,True
KlarS44,KlarS44:efficacy:hyp1,age_5,Older than 50,47.72079772079772,46.67651403249631,1.0442836883014124,True
KlarS44,KlarS44:efficacy:hyp1,age_5,Younger than 50,52.27920227920227,53.32348596750369,1.0442836883014195,True
KlarS44,KlarS44:efficacy:hyp1,EDUC4,College,35.32763532763533,33.67799113737075,1.6496441902645742,True
KlarS44,KlarS44:efficacy:hyp1,EDUC4,Non-College,64.67236467236467,66.32200886262925,1.6496441902645813,True
KlarS44,KlarS44:efficacy:hyp1,ideo_3,Conservative,26.353276353276357,26.73559822747415,0.3823218741977925,True
KlarS44,KlarS44:efficacy:hyp1,ideo_3,Liberal,45.86894586894587,44.313146233382575,1.5557996355632966,True
KlarS44,KlarS44:efficacy:hyp1,ideo_3,Moderate,19.37321937321937,20.236336779911372,0.8631174066920018,True
KlarS44,KlarS44:efficacy:hyp1,ideo_3,__MISSING__,8.404558404558404,8.714918759231907,0.3103603546735023,True
KlarS44,KlarS44:efficacy:hyp2,GENDER,Female,50.56980056980057,52.87671232876713,2.3069117589665566,True
KlarS44,KlarS44:efficacy:hyp2,GENDER,Male,49.43019943019943,47.12328767123288,2.3069117589665495,True
KlarS44,KlarS44:efficacy:hyp2,race_4,Black,12.393162393162394,10.136986301369863,2.256176091792531,True
KlarS44,KlarS44:efficacy:hyp2,race_4,White,66.23931623931624,68.9041095890411,2.66479334972486,True
KlarS44,KlarS44:efficacy:hyp2,race_4,__MISSING__,21.367521367521366,20.958904109589042,0.40861725793232395,True
KlarS44,KlarS44:efficacy:hyp2,pid_3,Democrat,46.01139601139601,47.94520547945205,1.9338094680560403,True
KlarS44,KlarS44:efficacy:hyp2,pid_3,Independent,17.94871794871795,17.397260273972602,0.5514576747453468,True
KlarS44,KlarS44:efficacy:hyp2,pid_3,Republican,35.18518518518518,33.97260273972603,1.2125824454591552,True
KlarS44,KlarS44:efficacy:hyp2,pid_3,__MISSING__,0.8547008547008548,0.684931506849315,0.16976934785153974,True
KlarS44,KlarS44:efficacy:hyp2,age_5,Older than 50,47.72079772079772,47.12328767123288,0.5975100495648391,True
KlarS44,KlarS44:efficacy:hyp2,age_5,Younger than 50,52.27920227920227,52.87671232876713,0.5975100495648533,True
KlarS44,KlarS44:efficacy:hyp2,EDUC4,College,35.32763532763533,35.61643835616438,0.2888030285290526,True
KlarS44,KlarS44:efficacy:hyp2,EDUC4,Non-College,64.67236467236467,64.38356164383562,0.2888030285290455,True
KlarS44,KlarS44:efficacy:hyp2,ideo_3,Conservative,26.353276353276357,25.753424657534246,0.5998516957421103,True
KlarS44,KlarS44:efficacy:hyp2,ideo_3,Liberal,45.86894586894587,43.6986301369863,2.170315731959569,True
KlarS44,KlarS44:efficacy:hyp2,ideo_3,Moderate,19.37321937321937,20.273972602739725,0.9007532295203546,True
KlarS44,KlarS44:efficacy:hyp2,ideo_3,__MISSING__,8.404558404558404,10.273972602739725,1.869414198181321,True
KlarS44,KlarS44:importance:hyp1,GENDER,Female,50.42613636363637,51.91740412979351,1.4912677661571436,True
KlarS44,KlarS44:importance:hyp1,GENDER,Male,49.57386363636363,48.08259587020649,1.4912677661571436,True
KlarS44,KlarS44:importance:hyp1,race_4,Black,12.5,11.504424778761061,0.9955752212389388,True
KlarS44,KlarS44:importance:hyp1,race_4,White,66.05113636363636,67.55162241887905,1.500486055242689,True
KlarS44,KlarS44:importance:hyp1,race_4,__MISSING__,21.448863636363637,20.943952802359885,0.504910834003752,True
KlarS44,KlarS44:importance:hyp1,pid_3,Democrat,46.16477272727273,48.08259587020649,1.9178231429337629,True
KlarS44,KlarS44:importance:hyp1,pid_3,Independent,17.897727272727273,15.929203539823009,1.9685237329042646,True
KlarS44,KlarS44:importance:hyp1,pid_3,Republican,35.08522727272727,35.693215339233035,0.6079880665057615,True
KlarS44,KlarS44:importance:hyp1,pid_3,__MISSING__,0.8522727272727272,0.2949852507374631,0.557287476535264,True
KlarS44,KlarS44:importance:hyp1,age_5,Older than 50,47.86931818181818,46.7551622418879,1.1141559399302778,True
KlarS44,KlarS44:importance:hyp1,age_5,Younger than 50,52.13068181818182,53.2448377581121,1.1141559399302778,True
KlarS44,KlarS44:importance:hyp1,EDUC4,College,35.51136363636363,33.6283185840708,1.883045052292836,True
KlarS44,KlarS44:importance:hyp1,EDUC4,Non-College,64.48863636363636,66.3716814159292,1.883045052292843,True
KlarS44,KlarS44:importance:hyp1,ideo_3,Conservative,26.27840909090909,26.696165191740413,0.41775610083132264,True
KlarS44,KlarS44:importance:hyp1,ideo_3,Liberal,45.88068181818182,44.395280235988196,1.4854015821936244,True
KlarS44,KlarS44:importance:hyp1,ideo_3,Moderate,19.460227272727273,20.206489675516224,0.7462624027889504,True
KlarS44,KlarS44:importance:hyp1,ideo_3,__MISSING__,8.380681818181818,8.702064896755163,0.32138307857334425,True
KlarS44,KlarS44:importance:hyp2,GENDER,Female,50.42613636363637,53.077975376196996,2.651839012560629,True
KlarS44,KlarS44:importance:hyp2,GENDER,Male,49.57386363636363,46.92202462380301,2.6518390125606217,True
KlarS44,KlarS44:importance:hyp2,race_4,Black,12.5,10.12311901504788,2.3768809849521197,True
KlarS44,KlarS44:importance:hyp2,race_4,White,66.05113636363636,68.94664842681259,2.895512063176227,True
KlarS44,KlarS44:importance:hyp2,race_4,__MISSING__,21.448863636363637,20.930232558139537,0.5186310782241002,True
KlarS44,KlarS44:importance:hyp2,pid_3,Democrat,46.16477272727273,47.8796169630643,1.714844235791574,True
KlarS44,KlarS44:importance:hyp2,pid_3,Independent,17.897727272727273,17.373461012311903,0.5242662604153701,True
KlarS44,KlarS44:importance:hyp2,pid_3,Republican,35.08522727272727,34.06292749658002,1.0222997761472499,True
KlarS44,KlarS44:importance:hyp2,pid_3,__MISSING__,0.8522727272727272,0.6839945280437756,0.1682781992289516,True
KlarS44,KlarS44:importance:hyp2,age_5,Older than 50,47.86931818181818,47.332421340629274,0.5368968411889057,True
KlarS44,KlarS44:importance:hyp2,age_5,Younger than 50,52.13068181818182,52.667578659370726,0.5368968411889057,True
KlarS44,KlarS44:importance:hyp2,EDUC4,College,35.51136363636363,35.43091655266758,0.08044708369605047,True
KlarS44,KlarS44:importance:hyp2,EDUC4,Non-College,64.48863636363636,64.56908344733242,0.08044708369605758,True
KlarS44,KlarS44:importance:hyp2,ideo_3,Conservative,26.27840909090909,25.581395348837212,0.6970137420718778,True
KlarS44,KlarS44:importance:hyp2,ideo_3,Liberal,45.88068181818182,43.77564979480164,2.1050320233801827,True
KlarS44,KlarS44:importance:hyp2,ideo_3,Moderate,19.460227272727273,20.383036935704517,0.9228096629772438,True
KlarS44,KlarS44:importance:hyp2,ideo_3,__MISSING__,8.380681818181818,10.259917920656635,1.8792361024748168,True
KlarS44,KlarS44:support_candidate:hyp1,GENDER,Female,50.49645390070921,51.77514792899408,1.2786940282848676,True
KlarS44,KlarS44:support_candidate:hyp1,GENDER,Male,49.50354609929078,48.22485207100592,1.2786940282848605,True
KlarS44,KlarS44:support_candidate:hyp1,race_4,Black,12.4822695035461,11.390532544378699,1.0917369591674007,True
KlarS44,KlarS44:support_candidate:hyp1,race_4,White,66.09929078014184,67.75147928994083,1.6521885097989895,True
KlarS44,KlarS44:support_candidate:hyp1,race_4,__MISSING__,21.418439716312058,20.857988165680474,0.5604515506315835,True
KlarS44,KlarS44:support_candidate:hyp1,pid_3,Democrat,46.09929078014184,48.07692307692308,1.9776322967812376,True
KlarS44,KlarS44:support_candidate:hyp1,pid_3,Independent,17.73049645390071,15.976331360946746,1.7541650929539632,True
KlarS44,KlarS44:support_candidate:hyp1,pid_3,Republican,35.319148936170215,35.650887573964496,0.33173863779428103,True
KlarS44,KlarS44:support_candidate:hyp1,pid_3,__MISSING__,0.851063829787234,0.2958579881656805,0.5552058416215535,True
KlarS44,KlarS44:support_candidate:hyp1,age_5,Older than 50,47.94326241134752,46.74556213017752,1.1977002811700004,True
KlarS44,KlarS44:support_candidate:hyp1,age_5,Younger than 50,52.05673758865248,53.25443786982249,1.1977002811700075,True
KlarS44,KlarS44:support_candidate:hyp1,EDUC4,College,35.60283687943262,33.72781065088758,1.875026228545046,True
KlarS44,KlarS44:support_candidate:hyp1,EDUC4,Non-College,64.39716312056738,66.27218934911244,1.8750262285450532,True
KlarS44,KlarS44:support_candidate:hyp1,ideo_3,Conservative,26.52482269503546,26.627218934911244,0.10239623987578383,True
KlarS44,KlarS44:support_candidate:hyp1,ideo_3,Liberal,45.815602836879435,44.37869822485207,1.4369046120273623,True
KlarS44,KlarS44:support_candidate:hyp1,ideo_3,Moderate,19.43262411347518,20.266272189349113,0.8336480758739349,True
KlarS44,KlarS44:support_candidate:hyp1,ideo_3,__MISSING__,8.226950354609928,8.727810650887575,0.5008602962776472,True
KlarS44,KlarS44:support_candidate:hyp2,GENDER,Female,50.49645390070921,53.00546448087432,2.5090105801651106,True
KlarS44,KlarS44:support_candidate:hyp2,GENDER,Male,49.50354609929078,46.994535519125684,2.5090105801650964,True
KlarS44,KlarS44:support_candidate:hyp2,race_4,Black,12.4822695035461,10.10928961748634,2.3729798860597597,True
KlarS44,KlarS44:support_candidate:hyp2,race_4,White,66.09929078014184,68.98907103825137,2.889780258109525,True
KlarS44,KlarS44:support_candidate:hyp2,race_4,__MISSING__,21.418439716312058,20.901639344262296,0.5168003720497616,True
KlarS44,KlarS44:support_candidate:hyp2,pid_3,Democrat,46.09929078014184,47.81420765027322,1.7149168701313755,True
KlarS44,KlarS44:support_candidate:hyp2,pid_3,Independent,17.73049645390071,17.349726775956285,0.38076967794442496,True
KlarS44,KlarS44:support_candidate:hyp2,pid_3,Republican,35.319148936170215,34.15300546448087,1.1661434716893453,True
KlarS44,KlarS44:support_candidate:hyp2,pid_3,__MISSING__,0.851063829787234,0.6830601092896175,0.16800372049761658,True
KlarS44,KlarS44:support_candidate:hyp2,age_5,Older than 50,47.94326241134752,47.404371584699454,0.5388908266480641,True
KlarS44,KlarS44:support_candidate:hyp2,age_5,Younger than 50,52.05673758865248,52.595628415300546,0.5388908266480641,True
KlarS44,KlarS44:support_candidate:hyp2,EDUC4,College,35.60283687943262,35.51912568306011,0.08371119637251212,True
KlarS44,KlarS44:support_candidate:hyp2,EDUC4,Non-College,64.39716312056738,64.48087431693989,0.08371119637250501,True
KlarS44,KlarS44:support_candidate:hyp2,ideo_3,Conservative,26.52482269503546,25.81967213114754,0.7051505638879192,True
KlarS44,KlarS44:support_candidate:hyp2,ideo_3,Liberal,45.815602836879435,43.5792349726776,2.2363678642018385,True
KlarS44,KlarS44:support_candidate:hyp2,ideo_3,Moderate,19.43262411347518,20.3551912568306,0.9225671433554226,True
KlarS44,KlarS44:support_candidate:hyp2,ideo_3,__MISSING__,8.226950354609928,10.245901639344263,2.018951284734335,True
McGinty730,McGinty730:social_stigma:hyp1,GENDER,Female,49.705882352941174,49.142857142857146,0.5630252100840281,True
McGinty730,McGinty730:social_stigma:hyp1,GENDER,Male,50.294117647058826,50.857142857142854,0.5630252100840281,True
McGinty730,McGinty730:social_stigma:hyp1,race_4,Black,10.882352941176471,10.857142857142858,0.025210084033613356,True
McGinty730,McGinty730:social_stigma:hyp1,race_4,White,71.47058823529412,71.71428571428572,0.24369747899160643,True
McGinty730,McGinty730:social_stigma:hyp1,race_4,__MISSING__,17.647058823529413,17.42857142857143,0.21848739495798242,True
McGinty730,McGinty730:social_stigma:hyp1,pid_3,Democrat,38.23529411764706,43.42857142857143,5.193277310924373,True
McGinty730,McGinty730:social_stigma:hyp1,pid_3,Independent,6.176470588235294,4.285714285714286,1.8907563025210088,True
McGinty730,McGinty730:social_stigma:hyp1,pid_3,Republican,55.58823529411765,52.28571428571429,3.3025210084033603,True
McGinty730,McGinty730:social_stigma:hyp1,age_5,Older than 50,54.11764705882353,57.42857142857143,3.3109243697479016,True
McGinty730,McGinty730:social_stigma:hyp1,age_5,Younger than 50,45.88235294117647,42.57142857142857,3.3109243697479016,True
McGinty730,McGinty730:social_stigma:hyp1,EDUC4,College,34.411764705882355,31.428571428571427,2.983193277310928,True
McGinty730,McGinty730:social_stigma:hyp1,EDUC4,Non-College,65.58823529411765,68.57142857142857,2.9831932773109173,True
McGinty730,McGinty730:social_stigma:hyp1,ideo_3,Conservative,30.294117647058822,35.42857142857142,5.134453781512601,True
McGinty730,McGinty730:social_stigma:hyp1,ideo_3,Liberal,27.647058823529413,27.42857142857143,0.21848739495798242,True
McGinty730,McGinty730:social_stigma:hyp1,ideo_3,Moderate,42.05882352941177,36.57142857142857,5.487394957983199,True
McGinty730,McGinty730:social_stigma:hyp1,ideo_3,__MISSING__,0.0,0.5714285714285714,0.5714285714285714,True
McGinty730,McGinty730:social_stigma:hyp2,GENDER,Female,49.705882352941174,52.124645892351275,2.418763539410101,True
McGinty730,McGinty730:social_stigma:hyp2,GENDER,Male,50.294117647058826,47.875354107648725,2.418763539410101,True
McGinty730,McGinty730:social_stigma:hyp2,race_4,Black,10.882352941176471,8.356940509915015,2.525412431261456,True
McGinty730,McGinty730:social_stigma:hyp2,race_4,White,71.47058823529412,75.63739376770539,4.166805532411274,True
McGinty730,McGinty730:social_stigma:hyp2,race_4,__MISSING__,17.647058823529413,16.005665722379604,1.6413931011498093,True
McGinty730,McGinty730:social_stigma:hyp2,pid_3,Democrat,38.23529411764706,46.60056657223796,8.365272454590901,True
McGinty730,McGinty730:social_stigma:hyp2,pid_3,Independent,6.176470588235294,3.5410764872521248,2.6353941009831696,True
McGinty730,McGinty730:social_stigma:hyp2,pid_3,Republican,55.58823529411765,49.858356940509914,5.729878353607738,True
McGinty730,McGinty730:social_stigma:hyp2,age_5,Older than 50,54.11764705882353,54.95750708215298,0.8398600233294502,True
McGinty730,McGinty730:social_stigma:hyp2,age_5,Younger than 50,45.88235294117647,45.04249291784703,0.8398600233294431,True
McGinty730,McGinty730:social_stigma:hyp2,EDUC4,College,34.411764705882355,32.15297450424929,2.2587902016330617,True
McGinty730,McGinty730:social_stigma:hyp2,EDUC4,Non-College,65.58823529411765,67.84702549575071,2.2587902016330617,True
McGinty730,McGinty730:social_stigma:hyp2,ideo_3,Conservative,30.294117647058822,36.40226628895184,6.10814864189302,True
McGinty730,McGinty730:social_stigma:hyp2,ideo_3,Liberal,27.647058823529413,25.35410764872521,2.2929511748042017,True
McGinty730,McGinty730:social_stigma:hyp2,ideo_3,Moderate,42.05882352941177,37.818696883852695,4.240126645559073,True
McGinty730,McGinty730:social_stigma:hyp2,ideo_3,__MISSING__,0.0,0.424929178470255,0.424929178470255,True
McGinty730,McGinty730:social_stigma:hyp3,GENDER,Female,49.705882352941174,51.00286532951289,1.2969829765717193,True
McGinty730,McGinty730:social_stigma:hyp3,GENDER,Male,50.294117647058826,48.99713467048711,1.2969829765717193,True
McGinty730,McGinty730:social_stigma:hyp3,race_4,Black,10.882352941176471,10.744985673352435,0.13736726782403608,True
McGinty730,McGinty730:social_stigma:hyp3,race_4,White,71.47058823529412,73.20916905444126,1.7385808191471455,True
McGinty730,McGinty730:social_stigma:hyp3,race_4,__MISSING__,17.647058823529413,16.045845272206304,1.6012135513231094,True
McGinty730,McGinty730:social_stigma:hyp3,pid_3,Democrat,38.23529411764706,43.40974212034384,5.174448002696785,True
McGinty730,McGinty730:social_stigma:hyp3,pid_3,Independent,6.176470588235294,3.5816618911174785,2.594808697117816,True
McGinty730,McGinty730:social_stigma:hyp3,pid_3,Republican,55.58823529411765,53.00859598853869,2.579639305578965,True
McGinty730,McGinty730:social_stigma:hyp3,age_5,Older than 50,54.11764705882353,56.30372492836676,2.186077869543233,True
McGinty730,McGinty730:social_stigma:hyp3,age_5,Younger than 50,45.88235294117647,43.69627507163324,2.186077869543233,True
McGinty730,McGinty730:social_stigma:hyp3,EDUC4,College,34.411764705882355,32.23495702005731,2.1768076858250467,True
McGinty730,McGinty730:social_stigma:hyp3,EDUC4,Non-College,65.58823529411765,67.76504297994269,2.1768076858250396,True
McGinty730,McGinty730:social_stigma:hyp3,ideo_3,Conservative,30.294117647058822,35.673352435530084,5.379234788471262,True
McGinty730,McGinty730:social_stigma:hyp3,ideo_3,Liberal,27.647058823529413,30.08595988538682,2.4389010618574076,True
McGinty730,McGinty730:social_stigma:hyp3,ideo_3,Moderate,42.05882352941177,34.097421203438394,7.961402325973374,True
McGinty730,McGinty730:social_stigma:hyp3,ideo_3,__MISSING__,0.0,0.14326647564469913,0.14326647564469913,True
McGinty730,McGinty730:social_stigma:hyp4,GENDER,Female,49.705882352941174,53.168044077134994,3.4621617241938196,True
McGinty730,McGinty730:social_stigma:hyp4,GENDER,Male,50.294117647058826,46.83195592286501,3.4621617241938125,True
McGinty730,McGinty730:social_stigma:hyp4,race_4,Black,10.882352941176471,9.641873278236915,1.2404796629395562,True
McGinty730,McGinty730:social_stigma:hyp4,race_4,White,71.47058823529412,71.900826446281,0.43023821098688586,True
McGinty730,McGinty730:social_stigma:hyp4,race_4,__MISSING__,17.647058823529413,18.457300275482094,0.810241451952681,True
McGinty730,McGinty730:social_stigma:hyp4,pid_3,Democrat,38.23529411764706,44.90358126721763,6.668287149570574,True
McGinty730,McGinty730:social_stigma:hyp4,pid_3,Independent,6.176470588235294,3.994490358126722,2.1819802301085724,True
McGinty730,McGinty730:social_stigma:hyp4,pid_3,Republican,55.58823529411765,51.10192837465565,4.486306919462002,True
McGinty730,McGinty730:social_stigma:hyp4,age_5,Older than 50,54.11764705882353,54.6831955922865,0.5655485334629731,True
McGinty730,McGinty730:social_stigma:hyp4,age_5,Younger than 50,45.88235294117647,45.3168044077135,0.5655485334629731,True
McGinty730,McGinty730:social_stigma:hyp4,EDUC4,College,34.411764705882355,31.68044077134986,2.731323934532494,True
McGinty730,McGinty730:social_stigma:hyp4,EDUC4,Non-College,65.58823529411765,68.31955922865014,2.731323934532483,True
McGinty730,McGinty730:social_stigma:hyp4,ideo_3,Conservative,30.294117647058822,38.29201101928375,7.997893372224926,True
McGinty730,McGinty730:social_stigma:hyp4,ideo_3,Liberal,27.647058823529413,29.338842975206614,1.6917841516772008,True
McGinty730,McGinty730:social_stigma:hyp4,ideo_3,Moderate,42.05882352941177,32.231404958677686,9.827418570734082,True
McGinty730,McGinty730:social_stigma:hyp4,ideo_3,__MISSING__,0.0,0.13774104683195593,0.13774104683195593,True
McGinty730,McGinty730:treatment_support:hyp1,GENDER,Female,49.56011730205279,49.42857142857143,0.1315458734813575,True
McGinty730,McGinty730:treatment_support:hyp1,GENDER,Male,50.43988269794721,50.57142857142857,0.1315458734813575,True
McGinty730,McGinty730:treatment_support:hyp1,race_4,Black,10.850439882697946,10.857142857142858,0.006702974444911192,True
McGinty730,McGinty730:treatment_support:hyp1,race_4,White,71.5542521994135,71.71428571428572,0.16003351487222517,True
McGinty730,McGinty730:treatment_support:hyp1,race_4,__MISSING__,17.595307917888565,17.42857142857143,0.16673648931713458,True
McGinty730,McGinty730:treatment_support:hyp1,pid_3,Democrat,38.41642228739003,43.42857142857143,5.012149141181403,True
McGinty730,McGinty730:treatment_support:hyp1,pid_3,Independent,6.158357771260997,4.0,2.158357771260997,True
McGinty730,McGinty730:treatment_support:hyp1,pid_3,Republican,55.42521994134897,52.57142857142857,2.853791369920401,True
McGinty730,McGinty730:treatment_support:hyp1,age_5,Older than 50,53.95894428152492,57.42857142857143,3.469627147046509,True
McGinty730,McGinty730:treatment_support:hyp1,age_5,Younger than 50,46.04105571847507,42.57142857142857,3.469627147046502,True
McGinty730,McGinty730:treatment_support:hyp1,EDUC4,College,34.31085043988269,31.71428571428571,2.5965647255969806,True
McGinty730,McGinty730:treatment_support:hyp1,EDUC4,Non-College,65.6891495601173,68.28571428571428,2.596564725596977,True
McGinty730,McGinty730:treatment_support:hyp1,ideo_3,Conservative,30.205278592375368,35.714285714285715,5.509007121910347,True
McGinty730,McGinty730:treatment_support:hyp1,ideo_3,Liberal,27.859237536656888,27.42857142857143,0.43066610808545747,True
McGinty730,McGinty730:treatment_support:hyp1,ideo_3,Moderate,41.935483870967744,36.285714285714285,5.649769585253459,True
McGinty730,McGinty730:treatment_support:hyp1,ideo_3,__MISSING__,0.0,0.5714285714285714,0.5714285714285714,True
McGinty730,McGinty730:treatment_support:hyp2,GENDER,Female,49.56011730205279,51.97183098591549,2.4117136838627005,True
McGinty730,McGinty730:treatment_support:hyp2,GENDER,Male,50.43988269794721,48.02816901408451,2.4117136838627005,True
McGinty730,McGinty730:treatment_support:hyp2,race_4,Black,10.850439882697946,8.450704225352112,2.3997356573458344,True
McGinty730,McGinty730:treatment_support:hyp2,race_4,White,71.5542521994135,75.63380281690141,4.079550617487911,True
McGinty730,McGinty730:treatment_support:hyp2,race_4,__MISSING__,17.595307917888565,15.91549295774648,1.6798149601420853,True
McGinty730,McGinty730:treatment_support:hyp2,pid_3,Democrat,38.41642228739003,46.33802816901408,7.921605881624053,True
McGinty730,McGinty730:treatment_support:hyp2,pid_3,Independent,6.158357771260997,3.5211267605633805,2.6372310106976165,True
McGinty730,McGinty730:treatment_support:hyp2,pid_3,Republican,55.42521994134897,50.140845070422536,5.284374870926435,True
McGinty730,McGinty730:treatment_support:hyp2,age_5,Older than 50,53.95894428152492,55.07042253521127,1.1114782536863501,True
McGinty730,McGinty730:treatment_support:hyp2,age_5,Younger than 50,46.04105571847507,44.929577464788736,1.111478253686336,True
McGinty730,McGinty730:treatment_support:hyp2,EDUC4,College,34.31085043988269,31.971830985915496,2.3390194539671967,True
McGinty730,McGinty730:treatment_support:hyp2,EDUC4,Non-College,65.6891495601173,68.02816901408451,2.339019453967211,True
McGinty730,McGinty730:treatment_support:hyp2,ideo_3,Conservative,30.205278592375368,36.33802816901409,6.1327495766387194,True
McGinty730,McGinty730:treatment_support:hyp2,ideo_3,Liberal,27.859237536656888,25.352112676056336,2.507124860600552,True
McGinty730,McGinty730:treatment_support:hyp2,ideo_3,Moderate,41.935483870967744,37.88732394366197,4.048159927305775,True
McGinty730,McGinty730:treatment_support:hyp2,ideo_3,__MISSING__,0.0,0.42253521126760557,0.42253521126760557,True
McGinty730,McGinty730:treatment_support:hyp3,GENDER,Female,49.56011730205279,51.13960113960114,1.5794838375483522,True
McGinty730,McGinty730:treatment_support:hyp3,GENDER,Male,50.43988269794721,48.86039886039886,1.5794838375483522,True
McGinty730,McGinty730:treatment_support:hyp3,race_4,Black,10.850439882697946,10.683760683760683,0.16667919893726335,True
McGinty730,McGinty730:treatment_support:hyp3,race_4,White,71.5542521994135,72.93447293447294,1.3802207350594387,True
McGinty730,McGinty730:treatment_support:hyp3,race_4,__MISSING__,17.595307917888565,16.381766381766383,1.2135415361221824,True
McGinty730,McGinty730:treatment_support:hyp3,pid_3,Democrat,38.41642228739003,43.162393162393165,4.745970875003138,True
McGinty730,McGinty730:treatment_support:hyp3,pid_3,Independent,6.158357771260997,3.8461538461538463,2.3122039251071507,True
McGinty730,McGinty730:treatment_support:hyp3,pid_3,Republican,55.42521994134897,52.991452991452995,2.4337669498959755,True
McGinty730,McGinty730:treatment_support:hyp3,age_5,Older than 50,53.95894428152492,56.267806267806264,2.308861986281343,True
McGinty730,McGinty730:treatment_support:hyp3,age_5,Younger than 50,46.04105571847507,43.73219373219373,2.308861986281343,True
McGinty730,McGinty730:treatment_support:hyp3,EDUC4,College,34.31085043988269,32.193732193732195,2.117118246150497,True
McGinty730,McGinty730:treatment_support:hyp3,EDUC4,Non-College,65.6891495601173,67.80626780626781,2.117118246150511,True
McGinty730,McGinty730:treatment_support:hyp3,ideo_3,Conservative,30.205278592375368,35.61253561253561,5.407257020160241,True
McGinty730,McGinty730:treatment_support:hyp3,ideo_3,Liberal,27.859237536656888,30.05698005698006,2.197742520323171,True
McGinty730,McGinty730:treatment_support:hyp3,ideo_3,Moderate,41.935483870967744,34.18803418803419,7.747449682933556,True
McGinty730,McGinty730:treatment_support:hyp3,ideo_3,__MISSING__,0.0,0.14245014245014245,0.14245014245014245,True
McGinty730,McGinty730:treatment_support:hyp4,GENDER,Female,49.56011730205279,53.15934065934066,3.599223357287869,True
McGinty730,McGinty730:treatment_support:hyp4,GENDER,Male,50.43988269794721,46.84065934065934,3.599223357287869,True
McGinty730,McGinty730:treatment_support:hyp4,race_4,Black,10.850439882697946,9.615384615384617,1.2350552673133297,True
McGinty730,McGinty730:treatment_support:hyp4,race_4,White,71.5542521994135,71.97802197802197,0.42376977860847376,True
McGinty730,McGinty730:treatment_support:hyp4,race_4,__MISSING__,17.595307917888565,18.40659340659341,0.8112854887048435,True
McGinty730,McGinty730:treatment_support:hyp4,pid_3,Democrat,38.41642228739003,44.917582417582416,6.501160130192389,True
McGinty730,McGinty730:treatment_support:hyp4,pid_3,Independent,6.158357771260997,4.1208791208791204,2.0374786503818765,True
McGinty730,McGinty730:treatment_support:hyp4,pid_3,Republican,55.42521994134897,50.96153846153846,4.463681479810511,True
McGinty730,McGinty730:treatment_support:hyp4,age_5,Older than 50,53.95894428152492,54.395604395604394,0.4366601140794728,True
McGinty730,McGinty730:treatment_support:hyp4,age_5,Younger than 50,46.04105571847507,45.604395604395606,0.4366601140794657,True
McGinty730,McGinty730:treatment_support:hyp4,EDUC4,College,34.31085043988269,31.73076923076923,2.5800812091134624,True
McGinty730,McGinty730:treatment_support:hyp4,EDUC4,Non-College,65.6891495601173,68.26923076923077,2.580081209113473,True
McGinty730,McGinty730:treatment_support:hyp4,ideo_3,Conservative,30.205278592375368,38.5989010989011,8.393622506525734,True
McGinty730,McGinty730:treatment_support:hyp4,ideo_3,Liberal,27.859237536656888,29.25824175824176,1.399004221584871,True
McGinty730,McGinty730:treatment_support:hyp4,ideo_3,Moderate,41.935483870967744,32.005494505494504,9.92998936547324,True
McGinty730,McGinty730:treatment_support:hyp4,ideo_3,__MISSING__,0.0,0.13736263736263737,0.13736263736263737,True
McGinty730,McGinty730:willingness_to_pay_mentalhealthservices:hyp1,GENDER,Female,49.411764705882355,49.29178470254957,0.11998000333278469,True
McGinty730,McGinty730:willingness_to_pay_mentalhealthservices:hyp1,GENDER,Male,50.588235294117645,50.70821529745042,0.11998000333277759,True
McGinty730,McGinty730:willingness_to_pay_mentalhealthservices:hyp1,race_4,Black,10.588235294117647,10.48158640226629,0.10664889185135706,True
McGinty730,McGinty730:willingness_to_pay_mentalhealthservices:hyp1,race_4,White,71.76470588235294,71.95467422096317,0.18996833861022822,True
McGinty730,McGinty730:willingness_to_pay_mentalhealthservices:hyp1,race_4,__MISSING__,17.647058823529413,17.56373937677054,0.0833194467588747,True
McGinty730,McGinty730:willingness_to_pay_mentalhealthservices:hyp1,pid_3,Democrat,38.529411764705884,43.05949008498583,4.530078320279948,True
McGinty730,McGinty730:willingness_to_pay_mentalhealthservices:hyp1,pid_3,Independent,5.88235294117647,3.9660056657223794,1.9163472754540907,True
McGinty730,McGinty730:willingness_to_pay_mentalhealthservices:hyp1,pid_3,Republican,55.58823529411765,52.97450424929179,2.6137310448258617,True
McGinty730,McGinty730:willingness_to_pay_mentalhealthservices:hyp1,age_5,Older than 50,54.11764705882353,57.22379603399433,3.106148975170804,True
McGinty730,McGinty730:willingness_to_pay_mentalhealthservices:hyp1,age_5,Younger than 50,45.88235294117647,42.77620396600567,3.106148975170804,True
McGinty730,McGinty730:willingness_to_pay_mentalhealthservices:hyp1,EDUC4,College,34.11764705882353,32.01133144475921,2.1063156140643216,True
McGinty730,McGinty730:willingness_to_pay_mentalhealthservices:hyp1,EDUC4,Non-College,65.88235294117646,67.98866855524079,2.1063156140643287,True
McGinty730,McGinty730:willingness_to_pay_mentalhealthservices:hyp1,ideo_3,Conservative,30.0,35.41076487252124,5.410764872521241,True
McGinty730,McGinty730:willingness_to_pay_mentalhealthservices:hyp1,ideo_3,Liberal,27.941176470588236,27.47875354107649,0.4624229295117459,True
McGinty730,McGinty730:willingness_to_pay_mentalhealthservices:hyp1,ideo_3,Moderate,42.05882352941177,36.54390934844193,5.514914180969839,True
McGinty730,McGinty730:willingness_to_pay_mentalhealthservices:hyp1,ideo_3,__MISSING__,0.0,0.56657223796034,0.56657223796034,True
McGinty730,McGinty730:willingness_to_pay_mentalhealthservices:hyp2,GENDER,Female,49.411764705882355,51.9774011299435,2.5656364240611467,True
McGinty730,McGinty730:willingness_to_pay_mentalhealthservices:hyp2,GENDER,Male,50.588235294117645,48.0225988700565,2.5656364240611467,True
McGinty730,McGinty730:willingness_to_pay_mentalhealthservices:hyp2,race_4,Black,10.588235294117647,8.333333333333332,2.2549019607843146,True
McGinty730,McGinty730:willingness_to_pay_mentalhealthservices:hyp2,race_4,White,71.76470588235294,75.70621468926554,3.9415088069125943,True
McGinty730,McGinty730:willingness_to_pay_mentalhealthservices:hyp2,race_4,__MISSING__,17.647058823529413,15.96045197740113,1.6866068461282833,True
McGinty730,McGinty730:willingness_to_pay_mentalhealthservices:hyp2,pid_3,Democrat,38.529411764705884,46.46892655367232,7.939514788966434,True
McGinty730,McGinty730:willingness_to_pay_mentalhealthservices:hyp2,pid_3,Independent,5.88235294117647,3.389830508474576,2.492522432701894,True
McGinty730,McGinty730:willingness_to_pay_mentalhealthservices:hyp2,pid_3,Republican,55.58823529411765,50.1412429378531,5.446992356264552,True
McGinty730,McGinty730:willingness_to_pay_mentalhealthservices:hyp2,age_5,Older than 50,54.11764705882353,54.94350282485876,0.8258557660352324,True
McGinty730,McGinty730:willingness_to_pay_mentalhealthservices:hyp2,age_5,Younger than 50,45.88235294117647,45.05649717514124,0.8258557660352324,True
McGinty730,McGinty730:willingness_to_pay_mentalhealthservices:hyp2,EDUC4,College,34.11764705882353,31.92090395480226,2.1967431040212695,True
McGinty730,McGinty730:willingness_to_pay_mentalhealthservices:hyp2,EDUC4,Non-College,65.88235294117646,68.07909604519774,2.19674310402128,True
McGinty730,McGinty730:willingness_to_pay_mentalhealthservices:hyp2,ideo_3,Conservative,30.0,36.440677966101696,6.4406779661016955,True
McGinty730,McGinty730:willingness_to_pay_mentalhealthservices:hyp2,ideo_3,Liberal,27.941176470588236,25.28248587570621,2.6586905948820245,True
McGinty730,McGinty730:willingness_to_pay_mentalhealthservices:hyp2,ideo_3,Moderate,42.05882352941177,37.994350282485875,4.064473246925893,True
McGinty730,McGinty730:willingness_to_pay_mentalhealthservices:hyp2,ideo_3,__MISSING__,0.0,0.2824858757062147,0.2824858757062147,True
McGinty730,McGinty730:willingness_to_pay_mentalhealthservices:hyp3,GENDER,Female,49.411764705882355,50.85470085470085,1.4429361488184966,True
McGinty730,McGinty730:willingness_to_pay_mentalhealthservices:hyp3,GENDER,Male,50.588235294117645,49.14529914529914,1.4429361488185037,True
McGinty730,McGinty730:willingness_to_pay_mentalhealthservices:hyp3,race_4,Black,10.588235294117647,10.683760683760683,0.09552538964303636,True
McGinty730,McGinty730:willingness_to_pay_mentalhealthservices:hyp3,race_4,White,71.76470588235294,73.07692307692307,1.312217194570124,True
McGinty730,McGinty730:willingness_to_pay_mentalhealthservices:hyp3,race_4,__MISSING__,17.647058823529413,16.23931623931624,1.4077425842131746,True
McGinty730,McGinty730:willingness_to_pay_mentalhealthservices:hyp3,pid_3,Democrat,38.529411764705884,43.44729344729345,4.917881682587563,True
McGinty730,McGinty730:willingness_to_pay_mentalhealthservices:hyp3,pid_3,Independent,5.88235294117647,3.8461538461538463,2.036199095022624,True
McGinty730,McGinty730:willingness_to_pay_mentalhealthservices:hyp3,pid_3,Republican,55.58823529411765,52.70655270655271,2.8816825875649386,True
McGinty730,McGinty730:willingness_to_pay_mentalhealthservices:hyp3,age_5,Older than 50,54.11764705882353,56.267806267806264,2.1501592089827355,True
McGinty730,McGinty730:willingness_to_pay_mentalhealthservices:hyp3,age_5,Younger than 50,45.88235294117647,43.73219373219373,2.1501592089827426,True
McGinty730,McGinty730:willingness_to_pay_mentalhealthservices:hyp3,EDUC4,College,34.11764705882353,32.193732193732195,1.9239148650913336,True
McGinty730,McGinty730:willingness_to_pay_mentalhealthservices:hyp3,EDUC4,Non-College,65.88235294117646,67.80626780626781,1.9239148650913478,True
McGinty730,McGinty730:willingness_to_pay_mentalhealthservices:hyp3,ideo_3,Conservative,30.0,35.75498575498576,5.754985754985761,True
McGinty730,McGinty730:willingness_to_pay_mentalhealthservices:hyp3,ideo_3,Liberal,27.941176470588236,29.914529914529915,1.9733534439416793,True
McGinty730,McGinty730:willingness_to_pay_mentalhealthservices:hyp3,ideo_3,Moderate,42.05882352941177,34.04558404558404,8.013239483827725,True
McGinty730,McGinty730:willingness_to_pay_mentalhealthservices:hyp3,ideo_3,__MISSING__,0.0,0.2849002849002849,0.2849002849002849,True
McGinty730,McGinty730:willingness_to_pay_mentalhealthservices:hyp4,GENDER,Female,49.411764705882355,53.086419753086425,3.6746550472040695,True
McGinty730,McGinty730:willingness_to_pay_mentalhealthservices:hyp4,GENDER,Male,50.588235294117645,46.913580246913575,3.6746550472040695,True
McGinty730,McGinty730:willingness_to_pay_mentalhealthservices:hyp4,race_4,Black,10.588235294117647,9.602194787379972,0.986040506737675,True
McGinty730,McGinty730:willingness_to_pay_mentalhealthservices:hyp4,race_4,White,71.76470588235294,72.0164609053498,0.2517550229968606,True
McGinty730,McGinty730:willingness_to_pay_mentalhealthservices:hyp4,race_4,__MISSING__,17.647058823529413,18.381344307270233,0.7342854837408197,True
McGinty730,McGinty730:willingness_to_pay_mentalhealthservices:hyp4,pid_3,Democrat,38.529411764705884,44.8559670781893,6.326555313483418,True
McGinty730,McGinty730:willingness_to_pay_mentalhealthservices:hyp4,pid_3,Independent,5.88235294117647,4.11522633744856,1.7671266037279105,True
McGinty730,McGinty730:willingness_to_pay_mentalhealthservices:hyp4,pid_3,Republican,55.58823529411765,51.028806584362144,4.559428709755508,True
McGinty730,McGinty730:willingness_to_pay_mentalhealthservices:hyp4,age_5,Older than 50,54.11764705882353,54.458161865569274,0.34051480674574464,True
McGinty730,McGinty730:willingness_to_pay_mentalhealthservices:hyp4,age_5,Younger than 50,45.88235294117647,45.541838134430726,0.34051480674574464,True
McGinty730,McGinty730:willingness_to_pay_mentalhealthservices:hyp4,EDUC4,College,34.11764705882353,31.68724279835391,2.4304042604696185,True
McGinty730,McGinty730:willingness_to_pay_mentalhealthservices:hyp4,EDUC4,Non-College,65.88235294117646,68.3127572016461,2.430404260469629,True
McGinty730,McGinty730:willingness_to_pay_mentalhealthservices:hyp4,ideo_3,Conservative,30.0,38.40877914951989,8.408779149519887,True
McGinty730,McGinty730:willingness_to_pay_mentalhealthservices:hyp4,ideo_3,Liberal,27.941176470588236,29.218106995884774,1.2769305252965388,True
McGinty730,McGinty730:willingness_to_pay_mentalhealthservices:hyp4,ideo_3,Moderate,42.05882352941177,32.23593964334705,9.822883886064716,True
McGinty730,McGinty730:willingness_to_pay_mentalhealthservices:hyp4,ideo_3,__MISSING__,0.0,0.1371742112482853,0.1371742112482853,True
Melin1066,Melin1066:Capable:hyp1,GENDER,Female,54.90909090909091,54.21245421245421,0.6966366966366948,True
Melin1066,Melin1066:Capable:hyp1,GENDER,Male,45.09090909090909,45.78754578754579,0.6966366966366948,True
Melin1066,Melin1066:Capable:hyp1,race_4,Black,11.636363636363637,12.454212454212454,0.8178488178488177,True
Melin1066,Melin1066:Capable:hyp1,race_4,White,61.81818181818181,68.13186813186813,6.313686313686318,True
Melin1066,Melin1066:Capable:hyp1,race_4,__MISSING__,26.545454545454543,19.413919413919416,7.131535131535127,True
Melin1066,Melin1066:Capable:hyp1,pid_3,Democrat,49.81818181818182,45.78754578754579,4.030636030636032,True
Melin1066,Melin1066:Capable:hyp1,pid_3,Independent,16.0,20.87912087912088,4.8791208791208796,True
Melin1066,Melin1066:Capable:hyp1,pid_3,Republican,33.81818181818182,32.967032967032964,0.8511488511488565,True
Melin1066,Melin1066:Capable:hyp1,pid_3,__MISSING__,0.36363636363636365,0.3663003663003663,0.0026640026640026293,True
Melin1066,Melin1066:Capable:hyp1,age_5,Older than 50,45.81818181818182,44.68864468864469,1.1295371295371268,True
Melin1066,Melin1066:Capable:hyp1,age_5,Younger than 50,54.18181818181819,55.311355311355314,1.1295371295371268,True
Melin1066,Melin1066:Capable:hyp1,EDUC4,College,36.72727272727273,31.135531135531135,5.591741591741592,True
Melin1066,Melin1066:Capable:hyp1,EDUC4,Non-College,63.272727272727266,68.86446886446886,5.591741591741595,True
Melin1066,Melin1066:Capable:hyp1,ideo_3,Conservative,23.272727272727273,19.78021978021978,3.4925074925074924,True
Melin1066,Melin1066:Capable:hyp1,ideo_3,Liberal,46.909090909090914,45.05494505494506,1.8541458541458553,True
Melin1066,Melin1066:Capable:hyp1,ideo_3,Moderate,22.545454545454547,23.809523809523807,1.26406926406926,True
Melin1066,Melin1066:Capable:hyp1,ideo_3,__MISSING__,7.2727272727272725,11.355311355311356,4.082584082584083,True
Melin1066,Melin1066:Capable:hyp2,GENDER,Female,49.831649831649834,48.888888888888886,0.9427609427609482,True
Melin1066,Melin1066:Capable:hyp2,GENDER,Male,50.16835016835017,51.11111111111111,0.942760942760934,True
Melin1066,Melin1066:Capable:hyp2,race_4,Black,10.774410774410773,11.481481481481481,0.7070707070707076,True
Melin1066,Melin1066:Capable:hyp2,race_4,White,62.96296296296296,60.370370370370374,2.592592592592588,True
Melin1066,Melin1066:Capable:hyp2,race_4,__MISSING__,26.262626262626267,28.14814814814815,1.8855218855218823,True
Melin1066,Melin1066:Capable:hyp2,pid_3,Democrat,46.464646464646464,43.333333333333336,3.131313131313128,True
Melin1066,Melin1066:Capable:hyp2,pid_3,Independent,16.161616161616163,17.77777777777778,1.616161616161616,True
Melin1066,Melin1066:Capable:hyp2,pid_3,Republican,36.7003367003367,38.88888888888889,2.188552188552194,True
Melin1066,Melin1066:Capable:hyp2,pid_3,__MISSING__,0.6734006734006733,0.0,0.6734006734006733,True
Melin1066,Melin1066:Capable:hyp2,age_5,Older than 50,44.44444444444444,48.888888888888886,4.444444444444443,True
Melin1066,Melin1066:Capable:hyp2,age_5,Younger than 50,55.55555555555556,51.11111111111111,4.44444444444445,True
Melin1066,Melin1066:Capable:hyp2,EDUC4,College,37.03703703703704,33.7037037037037,3.3333333333333357,True
Melin1066,Melin1066:Capable:hyp2,EDUC4,Non-College,62.96296296296296,66.2962962962963,3.333333333333343,True
Melin1066,Melin1066:Capable:hyp2,ideo_3,Conservative,24.242424242424242,23.333333333333332,0.9090909090909101,True
Melin1066,Melin1066:Capable:hyp2,ideo_3,Liberal,48.148148148148145,50.74074074074074,2.5925925925925952,True
Melin1066,Melin1066:Capable:hyp2,ideo_3,Moderate,21.21212121212121,18.14814814814815,3.0639730639730622,True
Melin1066,Melin1066:Capable:hyp2,ideo_3,__MISSING__,6.397306397306397,7.777777777777778,1.3804713804713806,True
Melin1066,Melin1066:Capable:hyp3,GENDER,Female,50.76335877862596,54.333333333333336,3.569974554707379,True
Melin1066,Melin1066:Capable:hyp3,GENDER,Male,49.23664122137404,45.666666666666664,3.569974554707379,True
Melin1066,Melin1066:Capable:hyp3,race_4,Black,11.450381679389313,9.666666666666666,1.7837150127226469,True
Melin1066,Melin1066:Capable:hyp3,race_4,White,66.03053435114504,65.33333333333333,0.6972010178117074,True
Melin1066,Melin1066:Capable:hyp3,race_4,__MISSING__,22.519083969465647,25.0,2.4809160305343525,True
Melin1066,Melin1066:Capable:hyp3,pid_3,Democrat,52.67175572519084,45.666666666666664,7.005089058524177,True
Melin1066,Melin1066:Capable:hyp3,pid_3,Independent,16.793893129770993,16.333333333333332,0.46055979643766065,True
Melin1066,Melin1066:Capable:hyp3,pid_3,Republican,30.53435114503817,37.666666666666664,7.132315521628495,True
Melin1066,Melin1066:Capable:hyp3,pid_3,__MISSING__,0.0,0.33333333333333337,0.33333333333333337,True
Melin1066,Melin1066:Capable:hyp3,age_5,Older than 50,47.70992366412214,45.33333333333333,2.376590330788808,True
Melin1066,Melin1066:Capable:hyp3,age_5,Younger than 50,52.29007633587786,54.666666666666664,2.376590330788801,True
Melin1066,Melin1066:Capable:hyp3,EDUC4,College,32.06106870229007,32.0,0.061068702290072,True
Melin1066,Melin1066:Capable:hyp3,EDUC4,Non-College,67.93893129770993,68.0,0.061068702290072,True
Melin1066,Melin1066:Capable:hyp3,ideo_3,Conservative,18.702290076335878,21.666666666666668,2.96437659033079,True
Melin1066,Melin1066:Capable:hyp3,ideo_3,Liberal,54.58015267175572,48.0,6.5801526717557195,True
Melin1066,Melin1066:Capable:hyp3,ideo_3,Moderate,20.99236641221374,22.666666666666664,1.6743002544529233,True
Melin1066,Melin1066:Capable:hyp3,ideo_3,__MISSING__,5.7251908396946565,7.666666666666666,1.9414758269720096,True
Melin1066,Melin1066:masculine:hyp1,GENDER,Female,54.78927203065134,53.99239543726235,0.796876593388987,True
Melin1066,Melin1066:masculine:hyp1,GENDER,Male,45.21072796934866,46.00760456273764,0.7968765933889799,True
Melin1066,Melin1066:masculine:hyp1,race_4,Black,12.260536398467432,12.927756653992395,0.6672202555249633,True
Melin1066,Melin1066:masculine:hyp1,race_4,White,61.30268199233716,68.44106463878326,7.138382646446097,True
Melin1066,Melin1066:masculine:hyp1,race_4,__MISSING__,26.436781609195403,18.631178707224336,7.805602901971067,True
Melin1066,Melin1066:masculine:hyp1,pid_3,Democrat,50.95785440613027,46.7680608365019,4.189793569628364,True
Melin1066,Melin1066:masculine:hyp1,pid_3,Independent,15.32567049808429,20.912547528517113,5.586877030432822,True
Melin1066,Melin1066:masculine:hyp1,pid_3,Republican,33.33333333333333,31.93916349809886,1.394169835234468,True
Melin1066,Melin1066:masculine:hyp1,pid_3,__MISSING__,0.38314176245210724,0.38022813688212925,0.0029136255699779845,True
Melin1066,Melin1066:masculine:hyp1,age_5,Older than 50,44.06130268199234,43.346007604562736,0.7152950774296016,True
Melin1066,Melin1066:masculine:hyp1,age_5,Younger than 50,55.938697318007655,56.65399239543726,0.7152950774296016,True
Melin1066,Melin1066:masculine:hyp1,EDUC4,College,35.63218390804598,31.55893536121673,4.073248546829252,True
Melin1066,Melin1066:masculine:hyp1,EDUC4,Non-College,64.36781609195403,68.44106463878326,4.073248546829234,True
Melin1066,Melin1066:masculine:hyp1,ideo_3,Conservative,22.988505747126435,19.011406844106464,3.9770989030199715,True
Melin1066,Melin1066:masculine:hyp1,ideo_3,Liberal,47.12643678160919,45.627376425855516,1.4990603557536772,True
Melin1066,Melin1066:masculine:hyp1,ideo_3,Moderate,22.60536398467433,24.714828897338403,2.109464912664073,True
Melin1066,Melin1066:masculine:hyp1,ideo_3,__MISSING__,7.2796934865900385,10.646387832699618,3.36669434610958,True
Melin1066,Melin1066:masculine:hyp2,GENDER,Female,49.647887323943664,47.509578544061306,2.138308779882358,True
Melin1066,Melin1066:masculine:hyp2,GENDER,Male,50.352112676056336,52.490421455938694,2.138308779882358,True
Melin1066,Melin1066:masculine:hyp2,race_4,Black,10.915492957746478,11.877394636015326,0.9619016782688483,True
Melin1066,Melin1066:masculine:hyp2,race_4,White,63.38028169014085,60.15325670498084,3.227024985160007,True
Melin1066,Melin1066:masculine:hyp2,race_4,__MISSING__,25.704225352112676,27.969348659003828,2.2651233068911516,True
Melin1066,Melin1066:masculine:hyp2,pid_3,Democrat,46.478873239436616,43.67816091954023,2.800712319896384,True
Melin1066,Melin1066:masculine:hyp2,pid_3,Independent,16.19718309859155,17.624521072796934,1.4273379742053827,True
Melin1066,Melin1066:masculine:hyp2,pid_3,Republican,36.61971830985916,38.69731800766284,2.0775996978036773,True
Melin1066,Melin1066:masculine:hyp2,pid_3,__MISSING__,0.7042253521126761,0.0,0.7042253521126761,True
Melin1066,Melin1066:masculine:hyp2,age_5,Older than 50,43.309859154929576,48.275862068965516,4.96600291403594,True
Melin1066,Melin1066:masculine:hyp2,age_5,Younger than 50,56.690140845070424,51.724137931034484,4.96600291403594,True
Melin1066,Melin1066:masculine:hyp2,EDUC4,College,36.971830985915496,33.71647509578544,3.2553558901300548,True
Melin1066,Melin1066:masculine:hyp2,EDUC4,Non-College,63.02816901408451,66.28352490421456,3.2553558901300477,True
Melin1066,Melin1066:masculine:hyp2,ideo_3,Conservative,23.943661971830984,23.371647509578544,0.5720144622524401,True
Melin1066,Melin1066:masculine:hyp2,ideo_3,Liberal,47.88732394366197,51.34099616858238,3.4536722249204104,True
Melin1066,Melin1066:masculine:hyp2,ideo_3,Moderate,21.47887323943662,17.624521072796934,3.8543521666396856,True
Melin1066,Melin1066:masculine:hyp2,ideo_3,__MISSING__,6.690140845070422,7.662835249042145,0.9726944039717234,True
Melin1066,Melin1066:masculine:hyp3,GENDER,Female,50.0,53.76712328767124,3.7671232876712395,True
Melin1066,Melin1066:masculine:hyp3,GENDER,Male,50.0,46.23287671232877,3.7671232876712324,True
Melin1066,Melin1066:masculine:hyp3,race_4,Black,11.885245901639344,9.246575342465754,2.6386705591735904,True
Melin1066,Melin1066:masculine:hyp3,race_4,White,65.57377049180327,65.06849315068493,0.5052773411183438,True
Melin1066,Melin1066:masculine:hyp3,race_4,__MISSING__,22.540983606557376,25.684931506849317,3.1439479002919413,True
Melin1066,Melin1066:masculine:hyp3,pid_3,Democrat,52.86885245901639,44.86301369863014,8.005838760386247,True
Melin1066,Melin1066:masculine:hyp3,pid_3,Independent,16.39344262295082,16.43835616438356,0.04491354143274151,True
Melin1066,Melin1066:masculine:hyp3,pid_3,Republican,30.737704918032787,38.35616438356164,7.618459465528854,True
Melin1066,Melin1066:masculine:hyp3,pid_3,__MISSING__,0.0,0.3424657534246575,0.3424657534246575,True
Melin1066,Melin1066:masculine:hyp3,age_5,Older than 50,45.08196721311475,43.83561643835616,1.2463507747585894,True
Melin1066,Melin1066:masculine:hyp3,age_5,Younger than 50,54.91803278688525,56.16438356164384,1.2463507747585894,True
Melin1066,Melin1066:masculine:hyp3,EDUC4,College,32.37704918032787,32.87671232876712,0.49966314843924664,True
Melin1066,Melin1066:masculine:hyp3,EDUC4,Non-College,67.62295081967213,67.12328767123287,0.49966314843925375,True
Melin1066,Melin1066:masculine:hyp3,ideo_3,Conservative,18.442622950819672,22.26027397260274,3.8176510217830675,True
Melin1066,Melin1066:masculine:hyp3,ideo_3,Liberal,54.09836065573771,47.94520547945205,6.153155176285658,True
Melin1066,Melin1066:masculine:hyp3,ideo_3,Moderate,21.311475409836063,22.602739726027394,1.2912643161913309,True
Melin1066,Melin1066:masculine:hyp3,ideo_3,__MISSING__,6.147540983606557,7.191780821917808,1.0442398383112508,True
Merolla843,Merolla843:foreign_policy:hyp1,GENDER,Female,52.121212121212125,47.79874213836478,4.322469982847345,True
Merolla843,Merolla843:foreign_policy:hyp1,GENDER,Male,47.878787878787875,52.20125786163522,4.322469982847345,True
Merolla843,Merolla843:foreign_policy:hyp1,race_4,Black,8.484848484848486,11.320754716981133,2.835906232132647,True
Merolla843,Merolla843:foreign_policy:hyp1,race_4,White,73.93939393939394,69.81132075471697,4.128073184676964,True
Merolla843,Merolla843:foreign_policy:hyp1,race_4,__MISSING__,17.575757575757574,18.867924528301888,1.2921669525443136,True
Merolla843,Merolla843:foreign_policy:hyp1,pid_3,Democrat,48.484848484848484,47.79874213836478,0.6861063464837045,True
Merolla843,Merolla843:foreign_policy:hyp1,pid_3,Independent,2.4242424242424243,2.515723270440252,0.09148084619782759,True
Merolla843,Merolla843:foreign_policy:hyp1,pid_3,Republican,49.09090909090909,49.685534591194966,0.594625500285872,True
Merolla843,Merolla843:foreign_policy:hyp1,age_5,Older than 50,53.333333333333336,60.37735849056604,7.044025157232703,True
Merolla843,Merolla843:foreign_policy:hyp1,age_5,Younger than 50,46.666666666666664,39.62264150943396,7.044025157232703,True
Merolla843,Merolla843:foreign_policy:hyp1,EDUC4,College,41.81818181818181,42.138364779874216,0.320182961692403,True
Merolla843,Merolla843:foreign_policy:hyp1,EDUC4,Non-College,58.18181818181818,57.861635220125784,0.3201829616923959,True
Merolla843,Merolla843:foreign_policy:hyp1,ideo_3,Conservative,44.84848484848485,40.88050314465409,3.967981703830759,True
Merolla843,Merolla843:foreign_policy:hyp1,ideo_3,Liberal,32.121212121212125,27.044025157232703,5.077186963979422,True
Merolla843,Merolla843:foreign_policy:hyp1,ideo_3,Moderate,23.03030303030303,32.075471698113205,9.045168667810174,True
Merolla843,Merolla843:foreign_policy:hyp2,GENDER,Female,52.121212121212125,54.91329479768786,2.7920826764757365,True
Merolla843,Merolla843:foreign_policy:hyp2,GENDER,Male,47.878787878787875,45.08670520231214,2.7920826764757365,True
Merolla843,Merolla843:foreign_policy:hyp2,race_4,Black,8.484848484848486,11.560693641618498,3.0758451567700114,True
Merolla843,Merolla843:foreign_policy:hyp2,race_4,White,73.93939393939394,73.41040462427746,0.5289893151164762,True
Merolla843,Merolla843:foreign_policy:hyp2,race_4,__MISSING__,17.575757575757574,15.028901734104046,2.546855841653528,True
Merolla843,Merolla843:foreign_policy:hyp2,pid_3,Democrat,48.484848484848484,39.884393063583815,8.60045542126467,True
Merolla843,Merolla843:foreign_policy:hyp2,pid_3,Independent,2.4242424242424243,0.5780346820809248,1.8462077421614995,True
Merolla843,Merolla843:foreign_policy:hyp2,pid_3,Republican,49.09090909090909,59.53757225433526,10.446663163426166,True
Merolla843,Merolla843:foreign_policy:hyp2,age_5,Older than 50,53.333333333333336,54.91329479768786,1.5799614643545254,True
Merolla843,Merolla843:foreign_policy:hyp2,age_5,Younger than 50,46.666666666666664,45.08670520231214,1.5799614643545254,True
Merolla843,Merolla843:foreign_policy:hyp2,EDUC4,College,41.81818181818181,38.72832369942196,3.0898581187598495,True
Merolla843,Merolla843:foreign_policy:hyp2,EDUC4,Non-College,58.18181818181818,61.27167630057804,3.0898581187598566,True
Merolla843,Merolla843:foreign_policy:hyp2,ideo_3,Conservative,44.84848484848485,38.72832369942196,6.120161149062888,True
Merolla843,Merolla843:foreign_policy:hyp2,ideo_3,Liberal,32.121212121212125,31.79190751445087,0.32930460676125506,True
Merolla843,Merolla843:foreign_policy:hyp2,ideo_3,Moderate,23.03030303030303,29.47976878612717,6.449465755824139,True
Merolla843,Merolla843:foreign_policy:hyp3,GENDER,Female,54.91329479768786,47.79874213836478,7.114552659323081,True
Merolla843,Merolla843:foreign_policy:hyp3,GENDER,Male,45.08670520231214,52.20125786163522,7.114552659323081,True
Merolla843,Merolla843:foreign_policy:hyp3,race_4,Black,11.560693641618498,11.320754716981133,0.23993892463736444,True
Merolla843,Merolla843:foreign_policy:hyp3,race_4,White,73.41040462427746,69.81132075471697,3.599083869560488,True
Merolla843,Merolla843:foreign_policy:hyp3,race_4,__MISSING__,15.028901734104046,18.867924528301888,3.8390227941978416,True
Merolla843,Merolla843:foreign_policy:hyp3,pid_3,Democrat,39.884393063583815,47.79874213836478,7.914349074780965,True
Merolla843,Merolla843:foreign_policy:hyp3,pid_3,Independent,0.5780346820809248,2.515723270440252,1.9376885883593271,True
Merolla843,Merolla843:foreign_policy:hyp3,pid_3,Republican,59.53757225433526,49.685534591194966,9.852037663140294,True
Merolla843,Merolla843:foreign_policy:hyp3,age_5,Older than 50,54.91329479768786,60.37735849056604,5.464063692878177,True
Merolla843,Merolla843:foreign_policy:hyp3,age_5,Younger than 50,45.08670520231214,39.62264150943396,5.464063692878177,True
Merolla843,Merolla843:foreign_policy:hyp3,EDUC4,College,38.72832369942196,42.138364779874216,3.4100410804522525,True
Merolla843,Merolla843:foreign_policy:hyp3,EDUC4,Non-College,61.27167630057804,57.861635220125784,3.4100410804522525,True
Merolla843,Merolla843:foreign_policy:hyp3,ideo_3,Conservative,38.72832369942196,40.88050314465409,2.152179445232129,True
Merolla843,Merolla843:foreign_policy:hyp3,ideo_3,Liberal,31.79190751445087,27.044025157232703,4.747882357218167,True
Merolla843,Merolla843:foreign_policy:hyp3,ideo_3,Moderate,29.47976878612717,32.075471698113205,2.5957029119860344,True
Merolla843,Merolla843:hillary_clinton_leadership:hyp1,GENDER,Female,51.7948717948718,55.92417061611374,4.129298821241939,True
Merolla843,Merolla843:hillary_clinton_leadership:hyp1,GENDER,Male,48.205128205128204,44.07582938388626,4.129298821241946,True
Merolla843,Merolla843:hillary_clinton_leadership:hyp1,race_4,Black,9.230769230769232,11.848341232227488,2.6175720014582566,True
Merolla843,Merolla843:hillary_clinton_leadership:hyp1,race_4,White,73.33333333333333,73.93364928909952,0.6003159557661917,True
Merolla843,Merolla843:hillary_clinton_leadership:hyp1,race_4,__MISSING__,17.435897435897434,14.218009478672986,3.2178879572244483,True
Merolla843,Merolla843:hillary_clinton_leadership:hyp1,pid_3,Democrat,46.666666666666664,38.862559241706165,7.804107424960499,True
Merolla843,Merolla843:hillary_clinton_leadership:hyp1,pid_3,Independent,4.615384615384616,1.4218009478672986,3.1935836675173173,True
Merolla843,Merolla843:hillary_clinton_leadership:hyp1,pid_3,Republican,48.717948717948715,59.71563981042654,10.997691092477822,True
Merolla843,Merolla843:hillary_clinton_leadership:hyp1,age_5,Older than 50,53.333333333333336,51.18483412322274,2.148499210110593,True
Merolla843,Merolla843:hillary_clinton_leadership:hyp1,age_5,Younger than 50,46.666666666666664,48.81516587677725,2.148499210110586,True
Merolla843,Merolla843:hillary_clinton_leadership:hyp1,EDUC4,College,36.92307692307693,35.54502369668246,1.3780532263944636,True
Merolla843,Merolla843:hillary_clinton_leadership:hyp1,EDUC4,Non-College,63.07692307692307,64.45497630331754,1.3780532263944636,True
Merolla843,Merolla843:hillary_clinton_leadership:hyp1,ideo_3,Conservative,40.51282051282051,34.59715639810427,5.915664114716243,True
Merolla843,Merolla843:hillary_clinton_leadership:hyp1,ideo_3,Liberal,28.717948717948715,30.80568720379147,2.087738485842756,True
Merolla843,Merolla843:hillary_clinton_leadership:hyp1,ideo_3,Moderate,29.230769230769234,34.12322274881517,4.892453518045933,True
Merolla843,Merolla843:hillary_clinton_leadership:hyp1,ideo_3,__MISSING__,1.5384615384615385,0.47393364928909953,1.064527889172439,True
Merolla843,Merolla843:hillary_clinton_leadership:hyp2,GENDER,Female,51.26903553299492,55.92417061611374,4.655135083118822,True
Merolla843,Merolla843:hillary_clinton_leadership:hyp2,GENDER,Male,48.73096446700508,44.07582938388626,4.655135083118822,True
Merolla843,Merolla843:hillary_clinton_leadership:hyp2,race_4,Black,13.19796954314721,11.848341232227488,1.3496283109197211,True
Merolla843,Merolla843:hillary_clinton_leadership:hyp2,race_4,White,67.51269035532995,73.93364928909952,6.420958933769569,True
Merolla843,Merolla843:hillary_clinton_leadership:hyp2,race_4,__MISSING__,19.289340101522843,14.218009478672986,5.071330622849857,True
Merolla843,Merolla843:hillary_clinton_leadership:hyp2,pid_3,Democrat,43.14720812182741,38.862559241706165,4.284648880121246,True
Merolla843,Merolla843:hillary_clinton_leadership:hyp2,pid_3,Independent,6.598984771573605,1.4218009478672986,5.177183823706306,True
Merolla843,Merolla843:hillary_clinton_leadership:hyp2,pid_3,Republican,50.25380710659898,59.71563981042654,9.461832703827561,True
Merolla843,Merolla843:hillary_clinton_leadership:hyp2,age_5,Older than 50,54.314720812182735,51.18483412322274,3.129886688959992,True
Merolla843,Merolla843:hillary_clinton_leadership:hyp2,age_5,Younger than 50,45.68527918781726,48.81516587677725,3.129886688959992,True
Merolla843,Merolla843:hillary_clinton_leadership:hyp2,EDUC4,College,37.055837563451774,35.54502369668246,1.5108138667693112,True
Merolla843,Merolla843:hillary_clinton_leadership:hyp2,EDUC4,Non-College,62.944162436548226,64.45497630331754,1.5108138667693112,True
Merolla843,Merolla843:hillary_clinton_leadership:hyp2,ideo_3,Conservative,39.59390862944163,34.59715639810427,4.996752231337361,True
Merolla843,Merolla843:hillary_clinton_leadership:hyp2,ideo_3,Liberal,24.873096446700508,30.80568720379147,5.9325907570909635,True
Merolla843,Merolla843:hillary_clinton_leadership:hyp2,ideo_3,Moderate,34.01015228426396,34.12322274881517,0.11307046455120684,True
Merolla843,Merolla843:hillary_clinton_leadership:hyp2,ideo_3,__MISSING__,1.5228426395939088,0.47393364928909953,1.0489089903048092,True
Merolla843,Merolla843:trump_leadership:hyp1,GENDER,Female,52.307692307692314,51.26903553299492,1.0386567746973938,True
Merolla843,Merolla843:trump_leadership:hyp1,GENDER,Male,47.69230769230769,48.73096446700508,1.0386567746973867,True
Merolla843,Merolla843:trump_leadership:hyp1,race_4,Black,9.230769230769232,13.19796954314721,3.9672003123779778,True
Merolla843,Merolla843:trump_leadership:hyp1,race_4,White,73.33333333333333,67.51269035532995,5.820642978003377,True
Merolla843,Merolla843:trump_leadership:hyp1,race_4,__MISSING__,17.435897435897434,19.289340101522843,1.8534426656254084,True
Merolla843,Merolla843:trump_leadership:hyp1,pid_3,Democrat,46.666666666666664,43.14720812182741,3.519458544839253,True
Merolla843,Merolla843:trump_leadership:hyp1,pid_3,Independent,4.615384615384616,6.598984771573605,1.9836001561889889,True
Merolla843,Merolla843:trump_leadership:hyp1,pid_3,Republican,48.717948717948715,50.25380710659898,1.5358583886502615,True
Merolla843,Merolla843:trump_leadership:hyp1,age_5,Older than 50,53.84615384615385,54.314720812182735,0.46856696602888803,True
Merolla843,Merolla843:trump_leadership:hyp1,age_5,Younger than 50,46.15384615384615,45.68527918781726,0.46856696602889514,True
Merolla843,Merolla843:trump_leadership:hyp1,EDUC4,College,37.43589743589744,37.055837563451774,0.3800598724456634,True
Merolla843,Merolla843:trump_leadership:hyp1,EDUC4,Non-College,62.56410256410256,62.944162436548226,0.3800598724456634,True
Merolla843,Merolla843:trump_leadership:hyp1,ideo_3,Conservative,40.51282051282051,39.59390862944163,0.9189118833788825,True
Merolla843,Merolla843:trump_leadership:hyp1,ideo_3,Liberal,28.717948717948715,24.873096446700508,3.8448522712482074,True
Merolla843,Merolla843:trump_leadership:hyp1,ideo_3,Moderate,29.743589743589745,34.01015228426396,4.266562540674215,True
Merolla843,Merolla843:trump_leadership:hyp1,ideo_3,__MISSING__,1.0256410256410255,1.5228426395939088,0.4972016139528832,True
Merolla843,Merolla843:trump_leadership:hyp2,GENDER,Female,56.39810426540285,51.26903553299492,5.12906873240793,True
Merolla843,Merolla843:trump_leadership:hyp2,GENDER,Male,43.60189573459716,48.73096446700508,5.129068732407923,True
Merolla843,Merolla843:trump_leadership:hyp2,race_4,Black,11.374407582938389,13.19796954314721,1.8235619602088207,True
Merolla843,Merolla843:trump_leadership:hyp2,race_4,White,74.40758293838863,67.51269035532995,6.894892583058677,True
Merolla843,Merolla843:trump_leadership:hyp2,race_4,__MISSING__,14.218009478672986,19.289340101522843,5.071330622849857,True
Merolla843,Merolla843:trump_leadership:hyp2,pid_3,Democrat,39.33649289099526,43.14720812182741,3.8107152308321517,True
Merolla843,Merolla843:trump_leadership:hyp2,pid_3,Independent,1.4218009478672986,6.598984771573605,5.177183823706306,True
Merolla843,Merolla843:trump_leadership:hyp2,pid_3,Republican,59.241706161137444,50.25380710659898,8.987899054538467,True
Merolla843,Merolla843:trump_leadership:hyp2,age_5,Older than 50,51.18483412322274,54.314720812182735,3.129886688959992,True
Merolla843,Merolla843:trump_leadership:hyp2,age_5,Younger than 50,48.81516587677725,45.68527918781726,3.129886688959992,True
Merolla843,Merolla843:trump_leadership:hyp2,EDUC4,College,36.018957345971565,37.055837563451774,1.0368802174802099,True
Merolla843,Merolla843:trump_leadership:hyp2,EDUC4,Non-College,63.98104265402843,62.944162436548226,1.0368802174802028,True
Merolla843,Merolla843:trump_leadership:hyp2,ideo_3,Conservative,35.54502369668246,39.59390862944163,4.048884932759165,True
Merolla843,Merolla843:trump_leadership:hyp2,ideo_3,Liberal,30.80568720379147,24.873096446700508,5.9325907570909635,True
Merolla843,Merolla843:trump_leadership:hyp2,ideo_3,Moderate,33.175355450236964,34.01015228426396,0.8347968340269958,True
Merolla843,Merolla843:trump_leadership:hyp2,ideo_3,__MISSING__,0.47393364928909953,1.5228426395939088,1.0489089903048092,True
Mezzapelle1439,Mezzapelle1439:BELIEVABLE:hyp1,GENDER,Female,52.52621544327931,52.47148288973384,0.05473255354547035,True
Mezzapelle1439,Mezzapelle1439:BELIEVABLE:hyp1,GENDER,Male,47.47378455672069,47.52851711026616,0.05473255354547035,True
Mezzapelle1439,Mezzapelle1439:BELIEVABLE:hyp1,race_4,Black,10.772163965681601,12.262357414448669,1.4901934487670676,True
Mezzapelle1439,Mezzapelle1439:BELIEVABLE:hyp1,race_4,White,65.30028598665396,65.39923954372624,0.09895355707227793,True
Mezzapelle1439,Mezzapelle1439:BELIEVABLE:hyp1,race_4,__MISSING__,23.927550047664443,22.338403041825096,1.5891470058393473,True
Mezzapelle1439,Mezzapelle1439:BELIEVABLE:hyp1,pid_3,Democrat,47.855100095328886,48.57414448669202,0.7190443913631341,True
Mezzapelle1439,Mezzapelle1439:BELIEVABLE:hyp1,pid_3,Independent,16.682554814108673,15.779467680608365,0.9030871335003088,True
Mezzapelle1439,Mezzapelle1439:BELIEVABLE:hyp1,pid_3,Republican,34.89037178265014,35.551330798479086,0.6609590158289436,True
Mezzapelle1439,Mezzapelle1439:BELIEVABLE:hyp1,pid_3,__MISSING__,0.5719733079122974,0.09505703422053231,0.4769162736917651,True
Mezzapelle1439,Mezzapelle1439:BELIEVABLE:hyp1,age_5,Older than 50,46.901811248808386,46.10266159695818,0.7991496518502075,True
Mezzapelle1439,Mezzapelle1439:BELIEVABLE:hyp1,age_5,Younger than 50,53.098188751191614,53.89733840304183,0.7991496518502146,True
Mezzapelle1439,Mezzapelle1439:BELIEVABLE:hyp1,EDUC4,College,37.464251668255486,35.93155893536122,1.5326927328942688,True
Mezzapelle1439,Mezzapelle1439:BELIEVABLE:hyp1,EDUC4,Non-College,62.53574833174452,64.06844106463878,1.5326927328942546,True
Mezzapelle1439,Mezzapelle1439:BELIEVABLE:hyp1,ideo_3,Conservative,10.9628217349857,11.12167300380228,0.15885126881657996,True
Mezzapelle1439,Mezzapelle1439:BELIEVABLE:hyp1,ideo_3,Liberal,72.35462345090562,71.57794676806084,0.77667668284478,True
Mezzapelle1439,Mezzapelle1439:BELIEVABLE:hyp1,ideo_3,Moderate,14.204003813155385,15.494296577946768,1.290292764791383,True
Mezzapelle1439,Mezzapelle1439:BELIEVABLE:hyp1,ideo_3,__MISSING__,2.478551000953289,1.8060836501901139,0.6724673507631751,True
Mezzapelle1439,Mezzapelle1439:BELIEVABLE:hyp2,GENDER,Female,52.43553008595988,52.56166982922201,0.1261397432621294,True
Mezzapelle1439,Mezzapelle1439:BELIEVABLE:hyp2,GENDER,Male,47.56446991404012,47.43833017077799,0.1261397432621294,True
Mezzapelle1439,Mezzapelle1439:BELIEVABLE:hyp2,race_4,Black,11.556829035339064,11.480075901328274,0.07675313401079009,True
Mezzapelle1439,Mezzapelle1439:BELIEVABLE:hyp2,race_4,White,65.13849092645654,65.55977229601518,0.4212813695586419,True
Mezzapelle1439,Mezzapelle1439:BELIEVABLE:hyp2,race_4,__MISSING__,23.304680038204392,22.960151802656547,0.34452823554784473,True
Mezzapelle1439,Mezzapelle1439:BELIEVABLE:hyp2,pid_3,Democrat,47.277936962750715,49.146110056926,1.8681730941752832,True
Mezzapelle1439,Mezzapelle1439:BELIEVABLE:hyp2,pid_3,Independent,16.332378223495702,16.129032258064516,0.20334596543118622,True
Mezzapelle1439,Mezzapelle1439:BELIEVABLE:hyp2,pid_3,Republican,35.816618911174785,34.629981024667934,1.1866378865068512,True
Mezzapelle1439,Mezzapelle1439:BELIEVABLE:hyp2,pid_3,__MISSING__,0.5730659025787965,0.09487666034155598,0.4781892422372406,True
Mezzapelle1439,Mezzapelle1439:BELIEVABLE:hyp2,age_5,Older than 50,47.18242597898759,45.82542694497154,1.3569990340160487,True
Mezzapelle1439,Mezzapelle1439:BELIEVABLE:hyp2,age_5,Younger than 50,52.81757402101241,54.17457305502846,1.3569990340160487,True
Mezzapelle1439,Mezzapelle1439:BELIEVABLE:hyp2,EDUC4,College,36.77172874880611,36.62239089184061,0.14933785696550217,True
Mezzapelle1439,Mezzapelle1439:BELIEVABLE:hyp2,EDUC4,Non-College,63.22827125119389,63.37760910815939,0.14933785696550217,True
Mezzapelle1439,Mezzapelle1439:BELIEVABLE:hyp2,ideo_3,Conservative,11.938872970391595,10.15180265654649,1.7870703138451045,True
Mezzapelle1439,Mezzapelle1439:BELIEVABLE:hyp2,ideo_3,Liberal,71.06017191977078,72.86527514231499,1.8051032225442043,True
Mezzapelle1439,Mezzapelle1439:BELIEVABLE:hyp2,ideo_3,Moderate,15.377268385864372,14.32637571157495,1.0508926742894218,True
Mezzapelle1439,Mezzapelle1439:BELIEVABLE:hyp2,ideo_3,__MISSING__,1.6236867239732569,2.6565464895635675,1.0328597655903107,True
Mezzapelle1439,Mezzapelle1439:BELIEVABLE:hyp3,GENDER,Female,54.054054054054056,54.11089866156787,0.056844607513816925,True
Mezzapelle1439,Mezzapelle1439:BELIEVABLE:hyp3,GENDER,Male,45.94594594594595,45.88910133843212,0.056844607513831136,True
Mezzapelle1439,Mezzapelle1439:BELIEVABLE:hyp3,race_4,Black,10.424710424710424,11.854684512428298,1.4299740877178735,True
Mezzapelle1439,Mezzapelle1439:BELIEVABLE:hyp3,race_4,White,66.21621621621621,66.73040152963671,0.5141853134204979,True
Mezzapelle1439,Mezzapelle1439:BELIEVABLE:hyp3,race_4,__MISSING__,23.35907335907336,21.414913957934992,1.9441594011383678,True
Mezzapelle1439,Mezzapelle1439:BELIEVABLE:hyp3,pid_3,Democrat,45.173745173745175,47.801147227533455,2.6274020537882805,True
Mezzapelle1439,Mezzapelle1439:BELIEVABLE:hyp3,pid_3,Independent,16.216216216216218,15.105162523900573,1.1110536923156449,True
Mezzapelle1439,Mezzapelle1439:BELIEVABLE:hyp3,pid_3,Republican,37.64478764478765,37.09369024856596,0.5510973962216852,True
Mezzapelle1439,Mezzapelle1439:BELIEVABLE:hyp3,pid_3,__MISSING__,0.9652509652509652,0.0,0.9652509652509652,True
Mezzapelle1439,Mezzapelle1439:BELIEVABLE:hyp3,age_5,Older than 50,48.06949806949807,45.88910133843212,2.1803967310659473,True
Mezzapelle1439,Mezzapelle1439:BELIEVABLE:hyp3,age_5,Younger than 50,51.930501930501926,54.11089866156787,2.1803967310659473,True
Mezzapelle1439,Mezzapelle1439:BELIEVABLE:hyp3,EDUC4,College,37.83783783783784,36.137667304015295,1.7001705338225435,True
Mezzapelle1439,Mezzapelle1439:BELIEVABLE:hyp3,EDUC4,Non-College,62.16216216216216,63.862332695984705,1.7001705338225435,True
Mezzapelle1439,Mezzapelle1439:BELIEVABLE:hyp3,ideo_3,Conservative,13.513513513513514,11.854684512428298,1.6588290010852162,True
Mezzapelle1439,Mezzapelle1439:BELIEVABLE:hyp3,ideo_3,Liberal,71.42857142857143,72.46653919694073,1.037967768369299,True
Mezzapelle1439,Mezzapelle1439:BELIEVABLE:hyp3,ideo_3,Moderate,13.513513513513514,13.766730401529637,0.25321688801612297,True
Mezzapelle1439,Mezzapelle1439:BELIEVABLE:hyp3,ideo_3,__MISSING__,1.5444015444015444,1.9120458891013385,0.3676443446997941,True
Mezzapelle1439,Mezzapelle1439:COMPENSATION:hyp1,GENDER,Female,52.656546489563574,52.516619183285854,0.13992730627771977,True
Mezzapelle1439,Mezzapelle1439:COMPENSATION:hyp1,GENDER,Male,47.34345351043643,47.483380816714146,0.13992730627771266,True
Mezzapelle1439,Mezzapelle1439:COMPENSATION:hyp1,race_4,Black,10.910815939278939,12.060778727445394,1.1499627881664551,True
Mezzapelle1439,Mezzapelle1439:COMPENSATION:hyp1,race_4,White,65.2751423149905,65.62203228869895,0.34688997370844277,True
Mezzapelle1439,Mezzapelle1439:COMPENSATION:hyp1,race_4,__MISSING__,23.81404174573055,22.31718898385565,1.496852761874898,True
Mezzapelle1439,Mezzapelle1439:COMPENSATION:hyp1,pid_3,Democrat,47.81783681214421,48.433048433048434,0.6152116209042262,True
Mezzapelle1439,Mezzapelle1439:COMPENSATION:hyp1,pid_3,Independent,16.698292220113853,15.859449192782527,0.8388430273313254,True
Mezzapelle1439,Mezzapelle1439:COMPENSATION:hyp1,pid_3,Republican,34.9146110056926,35.61253561253561,0.69792460684301,True
Mezzapelle1439,Mezzapelle1439:COMPENSATION:hyp1,pid_3,__MISSING__,0.5692599620493358,0.0949667616334283,0.4742932004159075,True
Mezzapelle1439,Mezzapelle1439:COMPENSATION:hyp1,age_5,Older than 50,47.05882352941176,46.24881291547958,0.8100106139321781,True
Mezzapelle1439,Mezzapelle1439:COMPENSATION:hyp1,age_5,Younger than 50,52.94117647058824,53.75118708452041,0.810010613932171,True
Mezzapelle1439,Mezzapelle1439:COMPENSATION:hyp1,EDUC4,College,37.381404174573056,35.99240265906933,1.389001515503729,True
Mezzapelle1439,Mezzapelle1439:COMPENSATION:hyp1,EDUC4,Non-College,62.61859582542695,64.00759734093067,1.3890015155037219,True
Mezzapelle1439,Mezzapelle1439:COMPENSATION:hyp1,ideo_3,Conservative,11.005692599620494,11.11111111111111,0.1054185114906172,True
Mezzapelle1439,Mezzapelle1439:COMPENSATION:hyp1,ideo_3,Liberal,72.2011385199241,71.50997150997152,0.6911670099525793,True
Mezzapelle1439,Mezzapelle1439:COMPENSATION:hyp1,ideo_3,Moderate,14.231499051233396,15.479582146248813,1.2480830950154171,True
Mezzapelle1439,Mezzapelle1439:COMPENSATION:hyp1,ideo_3,__MISSING__,2.5616698292220113,1.899335232668566,0.6623345965534453,True
Mezzapelle1439,Mezzapelle1439:COMPENSATION:hyp2,GENDER,Female,52.42626070409134,52.746212121212125,0.3199514171207838,True
Mezzapelle1439,Mezzapelle1439:COMPENSATION:hyp2,GENDER,Male,47.57373929590866,47.253787878787875,0.3199514171207838,True
Mezzapelle1439,Mezzapelle1439:COMPENSATION:hyp2,race_4,Black,11.512844909609896,11.458333333333332,0.054511576276564,True
Mezzapelle1439,Mezzapelle1439:COMPENSATION:hyp2,race_4,White,65.27117031398669,65.625,0.353829686013313,True
Mezzapelle1439,Mezzapelle1439:COMPENSATION:hyp2,race_4,__MISSING__,23.215984776403424,22.916666666666664,0.29931810973675965,True
Mezzapelle1439,Mezzapelle1439:COMPENSATION:hyp2,pid_3,Democrat,47.19314938154139,49.053030303030305,1.8598809214889158,True
Mezzapelle1439,Mezzapelle1439:COMPENSATION:hyp2,pid_3,Independent,16.365366317792578,16.193181818181817,0.17218449961076132,True
Mezzapelle1439,Mezzapelle1439:COMPENSATION:hyp2,pid_3,Republican,35.87059942911513,34.659090909090914,1.2115085200242177,True
Mezzapelle1439,Mezzapelle1439:COMPENSATION:hyp2,pid_3,__MISSING__,0.570884871550904,0.0946969696969697,0.4761879018539342,True
Mezzapelle1439,Mezzapelle1439:COMPENSATION:hyp2,age_5,Older than 50,47.47859181731684,45.83333333333333,1.6452584839835112,True
Mezzapelle1439,Mezzapelle1439:COMPENSATION:hyp2,age_5,Younger than 50,52.52140818268316,54.166666666666664,1.645258483983504,True
Mezzapelle1439,Mezzapelle1439:COMPENSATION:hyp2,EDUC4,College,36.822074215033304,36.553030303030305,0.26904391200299926,True
Mezzapelle1439,Mezzapelle1439:COMPENSATION:hyp2,EDUC4,Non-College,63.177925784966696,63.4469696969697,0.26904391200300637,True
Mezzapelle1439,Mezzapelle1439:COMPENSATION:hyp2,ideo_3,Conservative,11.98858230256898,10.132575757575758,1.8560065449932228,True
Mezzapelle1439,Mezzapelle1439:COMPENSATION:hyp2,ideo_3,Liberal,70.98001902949572,72.72727272727273,1.747253697777012,True
Mezzapelle1439,Mezzapelle1439:COMPENSATION:hyp2,ideo_3,Moderate,15.318744053282588,14.393939393939394,0.9248046593431933,True
Mezzapelle1439,Mezzapelle1439:COMPENSATION:hyp2,ideo_3,__MISSING__,1.7126546146527115,2.746212121212121,1.0335575065594096,True
Mezzapelle1439,Mezzapelle1439:COMPENSATION:hyp3,GENDER,Female,54.11089866156787,54.285714285714285,0.1748156241464116,True
Mezzapelle1439,Mezzapelle1439:COMPENSATION:hyp3,GENDER,Male,45.88910133843212,45.714285714285715,0.1748156241464045,True
Mezzapelle1439,Mezzapelle1439:COMPENSATION:hyp3,race_4,Black,10.707456978967496,11.80952380952381,1.1020668305563142,True
Mezzapelle1439,Mezzapelle1439:COMPENSATION:hyp3,race_4,White,65.96558317399618,66.66666666666666,0.7010834926704774,True
Mezzapelle1439,Mezzapelle1439:COMPENSATION:hyp3,race_4,__MISSING__,23.32695984703633,21.523809523809522,1.8031503232268093,True
Mezzapelle1439,Mezzapelle1439:COMPENSATION:hyp3,pid_3,Democrat,45.124282982791584,47.61904761904761,2.494764636256029,True
Mezzapelle1439,Mezzapelle1439:COMPENSATION:hyp3,pid_3,Independent,16.252390057361378,15.238095238095239,1.014294819266139,True
Mezzapelle1439,Mezzapelle1439:COMPENSATION:hyp3,pid_3,Republican,37.66730401529637,37.142857142857146,0.5244468724392206,True
Mezzapelle1439,Mezzapelle1439:COMPENSATION:hyp3,pid_3,__MISSING__,0.9560229445506693,0.0,0.9560229445506693,True
Mezzapelle1439,Mezzapelle1439:COMPENSATION:hyp3,age_5,Older than 50,48.37476099426386,45.904761904761905,2.469999089501954,True
Mezzapelle1439,Mezzapelle1439:COMPENSATION:hyp3,age_5,Younger than 50,51.625239005736134,54.095238095238095,2.469999089501961,True
Mezzapelle1439,Mezzapelle1439:COMPENSATION:hyp3,EDUC4,College,37.858508604206506,36.19047619047619,1.668032413730316,True
Mezzapelle1439,Mezzapelle1439:COMPENSATION:hyp3,EDUC4,Non-College,62.1414913957935,63.8095238095238,1.6680324137303018,True
Mezzapelle1439,Mezzapelle1439:COMPENSATION:hyp3,ideo_3,Conservative,13.575525812619501,11.80952380952381,1.766002003095691,True
Mezzapelle1439,Mezzapelle1439:COMPENSATION:hyp3,ideo_3,Liberal,71.1281070745698,72.19047619047619,1.0623691159063924,True
Mezzapelle1439,Mezzapelle1439:COMPENSATION:hyp3,ideo_3,Moderate,13.575525812619501,13.904761904761905,0.3292360921424038,True
Mezzapelle1439,Mezzapelle1439:COMPENSATION:hyp3,ideo_3,__MISSING__,1.7208413001912046,2.0952380952380953,0.3743967950468907,True
Mezzapelle1439,Mezzapelle1439:PERCEIVED HARM:hyp1,GENDER,Female,52.666666666666664,52.41706161137441,0.24960505529225685,True
Mezzapelle1439,Mezzapelle1439:PERCEIVED HARM:hyp1,GENDER,Male,47.333333333333336,47.58293838862559,0.24960505529225685,True
Mezzapelle1439,Mezzapelle1439:PERCEIVED HARM:hyp1,race_4,Black,10.857142857142858,12.227488151658768,1.3703452945159107,True
Mezzapelle1439,Mezzapelle1439:PERCEIVED HARM:hyp1,race_4,White,65.23809523809524,65.40284360189574,0.1647483638004985,True
Mezzapelle1439,Mezzapelle1439:PERCEIVED HARM:hyp1,race_4,__MISSING__,23.904761904761905,22.3696682464455,1.5350936583164057,True
Mezzapelle1439,Mezzapelle1439:PERCEIVED HARM:hyp1,pid_3,Democrat,47.714285714285715,48.43601895734597,0.7217332430602568,True
Mezzapelle1439,Mezzapelle1439:PERCEIVED HARM:hyp1,pid_3,Independent,16.666666666666664,15.829383886255924,0.8372827804107406,True
Mezzapelle1439,Mezzapelle1439:PERCEIVED HARM:hyp1,pid_3,Republican,35.04761904761905,35.639810426540286,0.5921913789212354,True
Mezzapelle1439,Mezzapelle1439:PERCEIVED HARM:hyp1,pid_3,__MISSING__,0.5714285714285714,0.09478672985781991,0.4766418415707515,True
Mezzapelle1439,Mezzapelle1439:PERCEIVED HARM:hyp1,age_5,Older than 50,47.04761904761905,46.25592417061611,0.7916948770029393,True
Mezzapelle1439,Mezzapelle1439:PERCEIVED HARM:hyp1,age_5,Younger than 50,52.95238095238095,53.74407582938389,0.7916948770029393,True
Mezzapelle1439,Mezzapelle1439:PERCEIVED HARM:hyp1,EDUC4,College,37.42857142857143,35.829383886255926,1.599187542315505,True
Mezzapelle1439,Mezzapelle1439:PERCEIVED HARM:hyp1,EDUC4,Non-College,62.57142857142857,64.17061611374407,1.599187542315505,True
Mezzapelle1439,Mezzapelle1439:PERCEIVED HARM:hyp1,ideo_3,Conservative,11.047619047619047,11.090047393364928,0.04242834574588095,True
Mezzapelle1439,Mezzapelle1439:PERCEIVED HARM:hyp1,ideo_3,Liberal,72.09523809523809,71.46919431279622,0.6260437824418688,True
Mezzapelle1439,Mezzapelle1439:PERCEIVED HARM:hyp1,ideo_3,Moderate,14.285714285714285,15.545023696682463,1.2593094109681786,True
Mezzapelle1439,Mezzapelle1439:PERCEIVED HARM:hyp1,ideo_3,__MISSING__,2.571428571428571,1.8957345971563981,0.675693974272173,True
Mezzapelle1439,Mezzapelle1439:PERCEIVED HARM:hyp2,GENDER,Female,52.38095238095239,52.70142180094787,0.32046941999548295,True
Mezzapelle1439,Mezzapelle1439:PERCEIVED HARM:hyp2,GENDER,Male,47.61904761904761,47.29857819905213,0.32046941999548295,True
Mezzapelle1439,Mezzapelle1439:PERCEIVED HARM:hyp2,race_4,Black,11.619047619047619,11.469194312796208,0.14985330625141025,True
Mezzapelle1439,Mezzapelle1439:PERCEIVED HARM:hyp2,race_4,White,65.14285714285715,65.49763033175356,0.3547731888964023,True
Mezzapelle1439,Mezzapelle1439:PERCEIVED HARM:hyp2,race_4,__MISSING__,23.238095238095237,23.033175355450236,0.20491988264500094,True
Mezzapelle1439,Mezzapelle1439:PERCEIVED HARM:hyp2,pid_3,Democrat,47.23809523809524,48.90995260663507,1.6718573685398326,True
Mezzapelle1439,Mezzapelle1439:PERCEIVED HARM:hyp2,pid_3,Independent,16.28571428571429,16.208530805687204,0.07718348002708453,True
Mezzapelle1439,Mezzapelle1439:PERCEIVED HARM:hyp2,pid_3,Republican,35.904761904761905,34.78672985781991,1.1180320469419982,True
Mezzapelle1439,Mezzapelle1439:PERCEIVED HARM:hyp2,pid_3,__MISSING__,0.5714285714285714,0.09478672985781991,0.4766418415707515,True
Mezzapelle1439,Mezzapelle1439:PERCEIVED HARM:hyp2,age_5,Older than 50,47.42857142857143,45.87677725118483,1.551794177386597,True
Mezzapelle1439,Mezzapelle1439:PERCEIVED HARM:hyp2,age_5,Younger than 50,52.57142857142857,54.12322274881517,1.551794177386597,True
Mezzapelle1439,Mezzapelle1439:PERCEIVED HARM:hyp2,EDUC4,College,36.76190476190476,36.492890995260666,0.26901376664409327,True
Mezzapelle1439,Mezzapelle1439:PERCEIVED HARM:hyp2,EDUC4,Non-College,63.23809523809524,63.507109004739334,0.26901376664409327,True
Mezzapelle1439,Mezzapelle1439:PERCEIVED HARM:hyp2,ideo_3,Conservative,12.0,10.142180094786731,1.857819905213269,True
Mezzapelle1439,Mezzapelle1439:PERCEIVED HARM:hyp2,ideo_3,Liberal,70.85714285714285,72.70142180094787,1.8442789438050227,True
Mezzapelle1439,Mezzapelle1439:PERCEIVED HARM:hyp2,ideo_3,Moderate,15.428571428571427,14.407582938388625,1.020988490182802,True
Mezzapelle1439,Mezzapelle1439:PERCEIVED HARM:hyp2,ideo_3,__MISSING__,1.7142857142857144,2.748815165876777,1.0345294515910628,True
Mezzapelle1439,Mezzapelle1439:PERCEIVED HARM:hyp3,GENDER,Female,54.14258188824663,54.19847328244275,0.05589139419611655,True
Mezzapelle1439,Mezzapelle1439:PERCEIVED HARM:hyp3,GENDER,Male,45.857418111753375,45.80152671755725,0.055891394196123656,True
Mezzapelle1439,Mezzapelle1439:PERCEIVED HARM:hyp3,race_4,Black,10.597302504816955,11.83206106870229,1.2347585638853342,True
Mezzapelle1439,Mezzapelle1439:PERCEIVED HARM:hyp3,race_4,White,66.08863198458575,66.6030534351145,0.5144214505287579,True
Mezzapelle1439,Mezzapelle1439:PERCEIVED HARM:hyp3,race_4,__MISSING__,23.314065510597302,21.564885496183205,1.7491800144140974,True
Mezzapelle1439,Mezzapelle1439:PERCEIVED HARM:hyp3,pid_3,Democrat,45.08670520231214,47.51908396946565,2.4323787671535086,True
Mezzapelle1439,Mezzapelle1439:PERCEIVED HARM:hyp3,pid_3,Independent,16.184971098265898,15.267175572519085,0.9177955257468131,True
Mezzapelle1439,Mezzapelle1439:PERCEIVED HARM:hyp3,pid_3,Republican,37.76493256262042,37.213740458015266,0.5511921046051569,True
Mezzapelle1439,Mezzapelle1439:PERCEIVED HARM:hyp3,pid_3,__MISSING__,0.9633911368015413,0.0,0.9633911368015413,True
Mezzapelle1439,Mezzapelle1439:PERCEIVED HARM:hyp3,age_5,Older than 50,48.36223506743738,45.99236641221374,2.369868655223641,True
Mezzapelle1439,Mezzapelle1439:PERCEIVED HARM:hyp3,age_5,Younger than 50,51.637764932562625,54.007633587786266,2.369868655223641,True
Mezzapelle1439,Mezzapelle1439:PERCEIVED HARM:hyp3,EDUC4,College,37.957610789980734,36.06870229007634,1.888908499904396,True
Mezzapelle1439,Mezzapelle1439:PERCEIVED HARM:hyp3,EDUC4,Non-College,62.042389210019266,63.93129770992366,1.888908499904396,True
Mezzapelle1439,Mezzapelle1439:PERCEIVED HARM:hyp3,ideo_3,Conservative,13.680154142581888,11.83206106870229,1.848093073879598,True
Mezzapelle1439,Mezzapelle1439:PERCEIVED HARM:hyp3,ideo_3,Liberal,70.90558766859345,72.13740458015268,1.2318169115592212,True
Mezzapelle1439,Mezzapelle1439:PERCEIVED HARM:hyp3,ideo_3,Moderate,13.680154142581888,13.931297709923665,0.2511435673417779,True
Mezzapelle1439,Mezzapelle1439:PERCEIVED HARM:hyp3,ideo_3,__MISSING__,1.7341040462427744,2.099236641221374,0.36513259497859973,True
MunschS68,MunschS68:Morgan_Committed:hyp1,GENDER,Female,54.17867435158501,51.388888888888886,2.7897854626961234,True
MunschS68,MunschS68:Morgan_Committed:hyp1,GENDER,Male,45.821325648414984,48.61111111111111,2.7897854626961234,True
MunschS68,MunschS68:Morgan_Committed:hyp1,race_4,Black,10.951008645533141,10.0,0.9510086455331415,True
MunschS68,MunschS68:Morgan_Committed:hyp1,race_4,White,67.14697406340058,68.88888888888889,1.7419148254883083,True
MunschS68,MunschS68:Morgan_Committed:hyp1,race_4,__MISSING__,21.902017291066283,21.11111111111111,0.7909061799551722,True
MunschS68,MunschS68:Morgan_Committed:hyp1,pid_3,Democrat,51.29682997118156,46.38888888888889,4.907941082292666,True
MunschS68,MunschS68:Morgan_Committed:hyp1,pid_3,Independent,12.39193083573487,11.38888888888889,1.0030419468459808,True
MunschS68,MunschS68:Morgan_Committed:hyp1,pid_3,Republican,36.31123919308357,41.66666666666667,5.355427473583099,True
MunschS68,MunschS68:Morgan_Committed:hyp1,pid_3,__MISSING__,0.0,0.5555555555555556,0.5555555555555556,True
MunschS68,MunschS68:Morgan_Committed:hyp1,age_5,Older than 50,46.68587896253602,54.166666666666664,7.480787704130641,True
MunschS68,MunschS68:Morgan_Committed:hyp1,age_5,Younger than 50,53.31412103746398,45.83333333333333,7.480787704130648,True
MunschS68,MunschS68:Morgan_Committed:hyp1,EDUC4,College,44.668587896253605,35.0,9.668587896253605,True
MunschS68,MunschS68:Morgan_Committed:hyp1,EDUC4,Non-College,55.3314121037464,65.0,9.668587896253598,True
MunschS68,MunschS68:Morgan_Committed:hyp1,ideo_3,Conservative,27.6657060518732,30.555555555555557,2.889849503682356,True
MunschS68,MunschS68:Morgan_Committed:hyp1,ideo_3,Liberal,32.27665706051873,27.500000000000004,4.776657060518726,True
MunschS68,MunschS68:Morgan_Committed:hyp1,ideo_3,Moderate,39.76945244956772,40.833333333333336,1.0638808837656129,True
MunschS68,MunschS68:Morgan_Committed:hyp1,ideo_3,__MISSING__,0.2881844380403458,1.1111111111111112,0.8229266730707654,True
SchaadS62,SchaadS62:still_identify:hyp1,GENDER,Female,52.90199809705043,51.652502360717655,1.2494957363327757,True
SchaadS62,SchaadS62:still_identify:hyp1,GENDER,Male,47.09800190294957,48.347497639282345,1.2494957363327757,True
SchaadS62,SchaadS62:still_identify:hyp1,race_4,Black,11.227402473834443,9.537299338999055,1.6901031348353879,True
SchaadS62,SchaadS62:still_identify:hyp1,race_4,White,68.41103710751665,66.47780925401322,1.9332278535034249,True
SchaadS62,SchaadS62:still_identify:hyp1,race_4,__MISSING__,20.361560418648907,23.984891406987725,3.623330988338818,True
SchaadS62,SchaadS62:still_identify:hyp1,pid_3,Democrat,49.952426260704094,47.68649669499528,2.2659295657088165,True
SchaadS62,SchaadS62:still_identify:hyp1,pid_3,Independent,11.893434823977165,12.5590179414542,0.6655831174770359,True
SchaadS62,SchaadS62:still_identify:hyp1,pid_3,Republican,38.05899143672693,39.6600566572238,1.6010652204968707,True
SchaadS62,SchaadS62:still_identify:hyp1,pid_3,__MISSING__,0.09514747859181732,0.09442870632672333,0.0007187722650939948,True
SchaadS62,SchaadS62:still_identify:hyp1,age_5,Older than 50,51.85537583254044,50.6137865911237,1.2415892414167402,True
SchaadS62,SchaadS62:still_identify:hyp1,age_5,Younger than 50,48.14462416745956,49.3862134088763,1.2415892414167402,True
SchaadS62,SchaadS62:still_identify:hyp1,EDUC4,College,38.24928639391056,40.8876298394712,2.6383434455606434,True
SchaadS62,SchaadS62:still_identify:hyp1,EDUC4,Non-College,61.750713606089434,59.112370160528805,2.638343445560629,True
SchaadS62,SchaadS62:still_identify:hyp1,ideo_3,Conservative,29.971455756422454,32.200188857412655,2.228733100990201,True
SchaadS62,SchaadS62:still_identify:hyp1,ideo_3,Liberal,29.78116079923882,29.367327667610954,0.4138331316278645,True
SchaadS62,SchaadS62:still_identify:hyp1,ideo_3,Moderate,39.77164605137964,37.960339943342774,1.8113061080368666,True
SchaadS62,SchaadS62:still_identify:hyp1,ideo_3,__MISSING__,0.47573739295908657,0.4721435316336166,0.0035938613254699603,True
SchaadS62,SchaadS62:still_identify:hyp2,GENDER,Female,51.921274601686974,52.63662511984659,0.7153505181596174,True
SchaadS62,SchaadS62:still_identify:hyp2,GENDER,Male,48.078725398313026,47.3633748801534,0.7153505181596245,True
SchaadS62,SchaadS62:still_identify:hyp2,race_4,Black,10.77788191190253,9.971236816874402,0.8066450950281272,True
SchaadS62,SchaadS62:still_identify:hyp2,race_4,White,66.9165885660731,67.97698945349953,1.0604008874264252,True
SchaadS62,SchaadS62:still_identify:hyp2,race_4,__MISSING__,22.30552952202437,22.051773729626078,0.25375579239829094,True
SchaadS62,SchaadS62:still_identify:hyp2,pid_3,Democrat,47.70384254920337,49.95206136145733,2.2482188122539597,True
SchaadS62,SchaadS62:still_identify:hyp2,pid_3,Independent,11.62136832239925,12.847555129434324,1.2261868070350737,True
SchaadS62,SchaadS62:still_identify:hyp2,pid_3,Republican,40.67478912839738,37.00862895493768,3.6661601734597014,True
SchaadS62,SchaadS62:still_identify:hyp2,pid_3,__MISSING__,0.0,0.19175455417066153,0.19175455417066153,True
SchaadS62,SchaadS62:still_identify:hyp2,age_5,Older than 50,51.07778819119025,51.3902205177373,0.31243232654704656,True
SchaadS62,SchaadS62:still_identify:hyp2,age_5,Younger than 50,48.92221180880975,48.6097794822627,0.31243232654704656,True
SchaadS62,SchaadS62:still_identify:hyp2,EDUC4,College,40.76850984067479,38.350910834132314,2.417599006542474,True
SchaadS62,SchaadS62:still_identify:hyp2,EDUC4,Non-College,59.231490159325205,61.649089165867686,2.4175990065424813,True
SchaadS62,SchaadS62:still_identify:hyp2,ideo_3,Conservative,32.146204311152765,30.00958772770853,2.1366165834442334,True
SchaadS62,SchaadS62:still_identify:hyp2,ideo_3,Liberal,29.615745079662602,29.53020134228188,0.0855437373807213,True
SchaadS62,SchaadS62:still_identify:hyp2,ideo_3,Moderate,37.86316776007498,39.88494726749761,2.021779507422629,True
SchaadS62,SchaadS62:still_identify:hyp2,ideo_3,__MISSING__,0.37488284910965325,0.5752636625119847,0.20038081340233144,True
SchaadS62,SchaadS62:still_identify:hyp3,GENDER,Female,52.11397058823529,52.44618395303326,0.3322133647979726,True
SchaadS62,SchaadS62:still_identify:hyp3,GENDER,Male,47.88602941176471,47.55381604696673,0.3322133647979797,True
SchaadS62,SchaadS62:still_identify:hyp3,race_4,Black,10.20220588235294,10.567514677103718,0.3653087947507778,True
SchaadS62,SchaadS62:still_identify:hyp3,race_4,White,67.1875,67.71037181996086,0.5228718199608551,True
SchaadS62,SchaadS62:still_identify:hyp3,race_4,__MISSING__,22.610294117647058,21.722113502935418,0.88818061471164,True
SchaadS62,SchaadS62:still_identify:hyp3,pid_3,Democrat,50.73529411764706,46.771037181996086,3.9642569356509725,True
SchaadS62,SchaadS62:still_identify:hyp3,pid_3,Independent,11.948529411764707,12.524461839530332,0.5759324277656255,True
SchaadS62,SchaadS62:still_identify:hyp3,pid_3,Republican,37.31617647058824,40.50880626223092,3.1926297916426805,True
SchaadS62,SchaadS62:still_identify:hyp3,pid_3,__MISSING__,0.0,0.19569471624266144,0.19569471624266144,True
SchaadS62,SchaadS62:still_identify:hyp3,age_5,Older than 50,53.49264705882353,48.82583170254403,4.6668153562795,True
SchaadS62,SchaadS62:still_identify:hyp3,age_5,Younger than 50,46.50735294117647,51.17416829745597,4.6668153562795,True
SchaadS62,SchaadS62:still_identify:hyp3,EDUC4,College,39.705882352941174,39.432485322896284,0.27339703004489024,True
SchaadS62,SchaadS62:still_identify:hyp3,EDUC4,Non-College,60.29411764705882,60.567514677103716,0.27339703004489735,True
SchaadS62,SchaadS62:still_identify:hyp3,ideo_3,Conservative,30.606617647058826,31.604696673189824,0.9980790261309984,True
SchaadS62,SchaadS62:still_identify:hyp3,ideo_3,Liberal,30.05514705882353,29.060665362035227,0.9944816967883021,True
SchaadS62,SchaadS62:still_identify:hyp3,ideo_3,Moderate,39.0625,38.64970645792564,0.41279354207436114,True
SchaadS62,SchaadS62:still_identify:hyp3,ideo_3,__MISSING__,0.2757352941176471,0.684931506849315,0.40919621273166795,True
Schnabel903,Schnabel903:Feminine:hyp1,GENDER,Female,54.6692607003891,50.8695652173913,3.799695482997805,True
Schnabel903,Schnabel903:Feminine:hyp1,GENDER,Male,45.3307392996109,49.130434782608695,3.799695482997798,True
Schnabel903,Schnabel903:Feminine:hyp1,race_4,Black,9.77626459143969,10.144927536231885,0.3686629447921952,True
Schnabel903,Schnabel903:Feminine:hyp1,race_4,White,68.92023346303502,65.65217391304347,3.2680595499915484,True
Schnabel903,Schnabel903:Feminine:hyp1,race_4,__MISSING__,21.30350194552529,24.20289855072464,2.8993966051993496,True
Schnabel903,Schnabel903:Feminine:hyp1,pid_3,Democrat,61.478599221789885,62.60869565217392,1.130096430384036,True
Schnabel903,Schnabel903:Feminine:hyp1,pid_3,Independent,3.988326848249027,3.6231884057971016,0.3651384424519253,True
Schnabel903,Schnabel903:Feminine:hyp1,pid_3,Republican,34.53307392996109,33.768115942028984,0.7649579879321067,True
Schnabel903,Schnabel903:Feminine:hyp1,age_5,Older than 50,42.85019455252918,46.666666666666664,3.8164721141374827,True
Schnabel903,Schnabel903:Feminine:hyp1,age_5,Younger than 50,57.14980544747081,53.333333333333336,3.8164721141374756,True
Schnabel903,Schnabel903:Feminine:hyp1,EDUC4,College,37.11089494163424,40.0,2.8891050583657574,True
Schnabel903,Schnabel903:Feminine:hyp1,EDUC4,Non-College,62.88910505836576,60.0,2.8891050583657574,True
Schnabel903,Schnabel903:Feminine:hyp1,ideo_3,Conservative,26.361867704280158,27.391304347826086,1.0294366435459281,True
Schnabel903,Schnabel903:Feminine:hyp1,ideo_3,Liberal,37.791828793774314,36.231884057971016,1.559944735803299,True
Schnabel903,Schnabel903:Feminine:hyp1,ideo_3,Moderate,22.957198443579767,24.347826086956523,1.3906276433767566,True
Schnabel903,Schnabel903:Feminine:hyp1,ideo_3,__MISSING__,12.889105058365757,12.028985507246377,0.8601195511193804,True
Schnabel903,Schnabel903:Masculine:hyp1,GENDER,Female,54.5631067961165,50.79365079365079,3.7694560024657093,True
Schnabel903,Schnabel903:Masculine:hyp1,GENDER,Male,45.43689320388349,49.2063492063492,3.7694560024657093,True
Schnabel903,Schnabel903:Masculine:hyp1,race_4,Black,9.854368932038835,10.1010101010101,0.24664116897126576,True
Schnabel903,Schnabel903:Masculine:hyp1,race_4,White,68.93203883495146,65.94516594516594,2.9868728897855163,True
Schnabel903,Schnabel903:Masculine:hyp1,race_4,__MISSING__,21.21359223300971,23.953823953823957,2.740231720814247,True
Schnabel903,Schnabel903:Masculine:hyp1,pid_3,Democrat,61.89320388349514,62.62626262626263,0.73305874276749,True
Schnabel903,Schnabel903:Masculine:hyp1,pid_3,Independent,3.932038834951456,3.6075036075036073,0.3245352274478486,True
Schnabel903,Schnabel903:Masculine:hyp1,pid_3,Republican,34.1747572815534,33.76623376623377,0.4085235153196294,True
Schnabel903,Schnabel903:Masculine:hyp1,age_5,Older than 50,42.76699029126213,46.75324675324675,3.986256461984617,True
Schnabel903,Schnabel903:Masculine:hyp1,age_5,Younger than 50,57.23300970873786,53.246753246753244,3.986256461984617,True
Schnabel903,Schnabel903:Masculine:hyp1,EDUC4,College,37.23300970873786,40.4040404040404,3.171030695302541,True
Schnabel903,Schnabel903:Masculine:hyp1,EDUC4,Non-College,62.76699029126214,59.59595959595959,3.171030695302548,True
Schnabel903,Schnabel903:Masculine:hyp1,ideo_3,Conservative,25.970873786407765,27.12842712842713,1.1575533420193658,True
Schnabel903,Schnabel903:Masculine:hyp1,ideo_3,Liberal,37.96116504854369,36.21933621933622,1.7418288292074706,True
Schnabel903,Schnabel903:Masculine:hyp1,ideo_3,Moderate,23.20388349514563,24.675324675324674,1.4714411801790455,True
Schnabel903,Schnabel903:Masculine:hyp1,ideo_3,__MISSING__,12.864077669902912,11.976911976911978,0.8871656929909335,True
ShannonS2,ShannonS2:tax credit effective:hyp1,GENDER,Female,52.825552825552826,54.71698113207547,1.8914283065226414,True
ShannonS2,ShannonS2:tax credit effective:hyp1,GENDER,Male,47.174447174447174,45.28301886792453,1.8914283065226414,True
ShannonS2,ShannonS2:tax credit effective:hyp1,race_4,Black,9.828009828009828,11.556603773584905,1.7285939455750778,True
ShannonS2,ShannonS2:tax credit effective:hyp1,race_4,White,70.02457002457002,67.68867924528303,2.3358907792869985,True
ShannonS2,ShannonS2:tax credit effective:hyp1,race_4,__MISSING__,20.14742014742015,20.754716981132077,0.6072968337119278,True
ShannonS2,ShannonS2:tax credit effective:hyp1,pid_3,Democrat,33.415233415233416,33.490566037735846,0.07533262250242956,True
ShannonS2,ShannonS2:tax credit effective:hyp1,pid_3,Independent,12.530712530712531,12.028301886792454,0.5024106439200775,True
ShannonS2,ShannonS2:tax credit effective:hyp1,pid_3,Republican,34.88943488943489,32.31132075471698,2.5781141347179073,True
ShannonS2,ShannonS2:tax credit effective:hyp1,pid_3,__MISSING__,19.164619164619165,22.169811320754718,3.0051921561355535,True
ShannonS2,ShannonS2:tax credit effective:hyp1,age_5,Older than 50,48.894348894348894,50.943396226415096,2.049047332066202,True
ShannonS2,ShannonS2:tax credit effective:hyp1,age_5,Younger than 50,51.105651105651106,49.056603773584904,2.049047332066202,True
ShannonS2,ShannonS2:tax credit effective:hyp1,EDUC4,College,38.57493857493858,32.78301886792453,5.791919707014046,True
ShannonS2,ShannonS2:tax credit effective:hyp1,EDUC4,Non-College,61.42506142506142,67.21698113207547,5.791919707014053,True
ShannonS2,ShannonS2:tax credit effective:hyp1,ideo_3,Conservative,23.095823095823096,23.11320754716981,0.017384451346714513,True
ShannonS2,ShannonS2:tax credit effective:hyp1,ideo_3,Liberal,17.69041769041769,14.858490566037736,2.8319271243799538,True
ShannonS2,ShannonS2:tax credit effective:hyp1,ideo_3,Moderate,37.83783783783784,36.556603773584904,1.281234064252935,True
ShannonS2,ShannonS2:tax credit effective:hyp1,ideo_3,__MISSING__,21.375921375921376,25.471698113207548,4.095776737286172,True
ShannonS2,ShannonS2:tax credit effective:hyp2,GENDER,Female,54.71698113207547,55.63549160671462,0.9185104746391559,True
ShannonS2,ShannonS2:tax credit effective:hyp2,GENDER,Male,45.28301886792453,44.36450839328538,0.9185104746391559,True
ShannonS2,ShannonS2:tax credit effective:hyp2,race_4,Black,11.556603773584905,8.393285371702639,3.1633184018822664,True
ShannonS2,ShannonS2:tax credit effective:hyp2,race_4,White,67.68867924528303,69.54436450839329,1.85568526311026,True
ShannonS2,ShannonS2:tax credit effective:hyp2,race_4,__MISSING__,20.754716981132077,22.062350119904075,1.3076331387719975,True
ShannonS2,ShannonS2:tax credit effective:hyp2,pid_3,Democrat,33.490566037735846,33.33333333333333,0.15723270440251724,True
ShannonS2,ShannonS2:tax credit effective:hyp2,pid_3,Independent,12.028301886792454,12.709832134292565,0.6815302475001115,True
ShannonS2,ShannonS2:tax credit effective:hyp2,pid_3,Republican,32.31132075471698,32.37410071942446,0.06277996470748093,True
ShannonS2,ShannonS2:tax credit effective:hyp2,pid_3,__MISSING__,22.169811320754718,21.58273381294964,0.587077507805077,True
ShannonS2,ShannonS2:tax credit effective:hyp2,age_5,Older than 50,50.943396226415096,46.52278177458034,4.4206144518347585,True
ShannonS2,ShannonS2:tax credit effective:hyp2,age_5,Younger than 50,49.056603773584904,53.47721822541966,4.4206144518347585,True
ShannonS2,ShannonS2:tax credit effective:hyp2,EDUC4,College,32.78301886792453,30.935251798561154,1.8477670693633783,True
ShannonS2,ShannonS2:tax credit effective:hyp2,EDUC4,Non-College,67.21698113207547,69.06474820143885,1.8477670693633712,True
ShannonS2,ShannonS2:tax credit effective:hyp2,ideo_3,Conservative,23.11320754716981,27.33812949640288,4.224921949233067,True
ShannonS2,ShannonS2:tax credit effective:hyp2,ideo_3,Liberal,14.858490566037736,15.827338129496402,0.9688475634586666,True
ShannonS2,ShannonS2:tax credit effective:hyp2,ideo_3,Moderate,36.556603773584904,30.935251798561154,5.6213519750237495,True
ShannonS2,ShannonS2:tax credit effective:hyp2,ideo_3,__MISSING__,25.471698113207548,25.899280575539567,0.427582462332019,True
ShannonS2,ShannonS2:tax credit effective:hyp3,GENDER,Female,55.172413793103445,54.589963280293766,0.5824505128096789,True
ShannonS2,ShannonS2:tax credit effective:hyp3,GENDER,Male,44.827586206896555,45.41003671970624,0.582450512809686,True
ShannonS2,ShannonS2:tax credit effective:hyp3,race_4,Black,9.988109393579073,9.791921664626683,0.19618772895239012,True
ShannonS2,ShannonS2:tax credit effective:hyp3,race_4,White,68.6087990487515,69.15544675642596,0.5466477076744667,True
ShannonS2,ShannonS2:tax credit effective:hyp3,race_4,__MISSING__,21.40309155766944,21.052631578947366,0.3504599787220748,True
ShannonS2,ShannonS2:tax credit effective:hyp3,pid_3,Democrat,33.41260404280618,33.53733170134639,0.12472765854020906,True
ShannonS2,ShannonS2:tax credit effective:hyp3,pid_3,Independent,12.366230677764566,12.607099143206854,0.24086846544228813,True
ShannonS2,ShannonS2:tax credit effective:hyp3,pid_3,Republican,32.342449464922716,34.39412484700122,2.051675382078507,True
ShannonS2,ShannonS2:tax credit effective:hyp3,pid_3,__MISSING__,21.87871581450654,19.461444308445532,2.417271506061006,True
ShannonS2,ShannonS2:tax credit effective:hyp3,age_5,Older than 50,48.75148632580262,48.10281517747858,0.6486711483240342,True
ShannonS2,ShannonS2:tax credit effective:hyp3,age_5,Younger than 50,51.24851367419738,51.897184822521425,0.6486711483240413,True
ShannonS2,ShannonS2:tax credit effective:hyp3,EDUC4,College,31.866825208085615,36.71970624235006,4.852881034264442,True
ShannonS2,ShannonS2:tax credit effective:hyp3,EDUC4,Non-College,68.13317479191439,63.28029375764994,4.852881034264442,True
ShannonS2,ShannonS2:tax credit effective:hyp3,ideo_3,Conservative,25.208085612366233,24.35740514075887,0.8506804716073617,True
ShannonS2,ShannonS2:tax credit effective:hyp3,ideo_3,Liberal,15.338882282996433,18.727050183598532,3.388167900602099,True
ShannonS2,ShannonS2:tax credit effective:hyp3,ideo_3,Moderate,33.769322235434004,33.414932680538556,0.3543895548954481,True
ShannonS2,ShannonS2:tax credit effective:hyp3,ideo_3,__MISSING__,25.68370986920333,23.50061199510404,2.183097874099289,True
Silverman1035,Silverman1035:Americans_Killed:hyp1,GENDER,Female,48.84615384615385,53.494874184529365,4.648720338375519,True
Silverman1035,Silverman1035:Americans_Killed:hyp1,GENDER,Male,51.153846153846146,46.50512581547064,4.6487203383755045,True
Silverman1035,Silverman1035:Americans_Killed:hyp1,race_4,Black,11.538461538461538,12.208760484622553,0.6702989461610152,True
Silverman1035,Silverman1035:Americans_Killed:hyp1,race_4,White,68.84615384615384,65.61043802423113,3.2357158219227102,True
Silverman1035,Silverman1035:Americans_Killed:hyp1,race_4,__MISSING__,19.615384615384617,22.18080149114632,2.565416875761702,True
Silverman1035,Silverman1035:Americans_Killed:hyp1,pid_3,Democrat,47.30769230769231,49.20782851817334,1.9001362104810369,True
Silverman1035,Silverman1035:Americans_Killed:hyp1,pid_3,Independent,14.615384615384617,16.216216216216218,1.6008316008316008,True
Silverman1035,Silverman1035:Americans_Killed:hyp1,pid_3,Republican,38.07692307692307,34.57595526561044,3.500967811312634,True
Silverman1035,Silverman1035:Americans_Killed:hyp1,age_5,Older than 50,49.23076923076923,51.25815470643057,2.027385475661333,True
Silverman1035,Silverman1035:Americans_Killed:hyp1,age_5,Younger than 50,50.76923076923077,48.74184529356943,2.027385475661333,True
Silverman1035,Silverman1035:Americans_Killed:hyp1,EDUC4,College,31.153846153846153,30.848089468779122,0.30575668506703124,True
Silverman1035,Silverman1035:Americans_Killed:hyp1,EDUC4,Non-College,68.84615384615384,69.15191053122088,0.30575668506703835,True
Silverman1035,Silverman1035:Americans_Killed:hyp1,ideo_3,Conservative,19.615384615384617,18.173345759552657,1.4420388558319601,True
Silverman1035,Silverman1035:Americans_Killed:hyp1,ideo_3,Liberal,62.69230769230769,60.764212488350424,1.9280952039572696,True
Silverman1035,Silverman1035:Americans_Killed:hyp1,ideo_3,Moderate,11.153846153846155,15.00465983224604,3.8508136783998843,True
Silverman1035,Silverman1035:Americans_Killed:hyp1,ideo_3,__MISSING__,6.538461538461539,6.0577819198508855,0.48067961861065367,True
Silverman1035,Silverman1035:Americans_Killed:hyp2,GENDER,Female,57.63358778625955,52.15782983970407,5.4757579465554755,True
Silverman1035,Silverman1035:Americans_Killed:hyp2,GENDER,Male,42.36641221374045,47.842170160295936,5.475757946555483,True
Silverman1035,Silverman1035:Americans_Killed:hyp2,race_4,Black,11.068702290076336,12.577065351418002,1.5083630613416652,True
Silverman1035,Silverman1035:Americans_Killed:hyp2,race_4,White,64.50381679389314,65.96794081381012,1.46412401991698,True
Silverman1035,Silverman1035:Americans_Killed:hyp2,race_4,__MISSING__,24.427480916030532,21.454993834771887,2.9724870812586452,True
Silverman1035,Silverman1035:Americans_Killed:hyp2,pid_3,Democrat,53.81679389312977,47.71886559802713,6.097928295102641,True
Silverman1035,Silverman1035:Americans_Killed:hyp2,pid_3,Independent,17.17557251908397,15.906288532675708,1.2692839864082632,True
Silverman1035,Silverman1035:Americans_Killed:hyp2,pid_3,Republican,29.00763358778626,36.37484586929716,7.367212281510902,True
Silverman1035,Silverman1035:Americans_Killed:hyp2,age_5,Older than 50,48.473282442748086,52.15782983970407,3.6845473969559848,True
Silverman1035,Silverman1035:Americans_Killed:hyp2,age_5,Younger than 50,51.526717557251914,47.842170160295936,3.6845473969559777,True
Silverman1035,Silverman1035:Americans_Killed:hyp2,EDUC4,College,27.480916030534353,31.935881627620223,4.45496559708587,True
Silverman1035,Silverman1035:Americans_Killed:hyp2,EDUC4,Non-College,72.51908396946564,68.06411837237978,4.4549655970858595,True
Silverman1035,Silverman1035:Americans_Killed:hyp2,ideo_3,Conservative,14.50381679389313,19.35881627620222,4.85499948230909,True
Silverman1035,Silverman1035:Americans_Killed:hyp2,ideo_3,Liberal,62.59541984732825,60.17262638717632,2.4227934601519294,True
Silverman1035,Silverman1035:Americans_Killed:hyp2,ideo_3,Moderate,16.793893129770993,14.426633785450061,2.3672593443209315,True
Silverman1035,Silverman1035:Americans_Killed:hyp2,ideo_3,__MISSING__,6.106870229007633,6.041923551171394,0.06494667783623953,True
Silverman1035,Silverman1035:Americans_Killed:hyp3,GENDER,Female,57.63358778625955,53.42960288808665,4.203984898172898,True
Silverman1035,Silverman1035:Americans_Killed:hyp3,GENDER,Male,42.36641221374045,46.57039711191336,4.203984898172905,True
Silverman1035,Silverman1035:Americans_Killed:hyp3,race_4,Black,11.068702290076336,12.274368231046932,1.2056659409705954,True
Silverman1035,Silverman1035:Americans_Killed:hyp3,race_4,White,64.50381679389314,68.59205776173285,4.08824096783971,True
Silverman1035,Silverman1035:Americans_Killed:hyp3,race_4,__MISSING__,24.427480916030532,19.133574007220215,5.2939069088103174,True
Silverman1035,Silverman1035:Americans_Killed:hyp3,pid_3,Democrat,53.81679389312977,50.90252707581227,2.914266817317497,True
Silverman1035,Silverman1035:Americans_Killed:hyp3,pid_3,Independent,17.17557251908397,11.552346570397113,5.6232259486868585,True
Silverman1035,Silverman1035:Americans_Killed:hyp3,pid_3,Republican,29.00763358778626,37.545126353790614,8.537492766004355,True
Silverman1035,Silverman1035:Americans_Killed:hyp3,age_5,Older than 50,48.473282442748086,57.03971119133574,8.566428748587654,True
Silverman1035,Silverman1035:Americans_Killed:hyp3,age_5,Younger than 50,51.526717557251914,42.96028880866426,8.566428748587654,True
Silverman1035,Silverman1035:Americans_Killed:hyp3,EDUC4,College,27.480916030534353,32.851985559566785,5.371069529032432,True
Silverman1035,Silverman1035:Americans_Killed:hyp3,EDUC4,Non-College,72.51908396946564,67.14801444043322,5.371069529032425,True
Silverman1035,Silverman1035:Americans_Killed:hyp3,ideo_3,Conservative,14.50381679389313,16.24548736462094,1.741670570727809,True
Silverman1035,Silverman1035:Americans_Killed:hyp3,ideo_3,Liberal,62.59541984732825,67.14801444043322,4.552594593104963,True
Silverman1035,Silverman1035:Americans_Killed:hyp3,ideo_3,Moderate,16.793893129770993,12.274368231046932,4.519524898724061,True
Silverman1035,Silverman1035:Americans_Killed:hyp3,ideo_3,__MISSING__,6.106870229007633,4.332129963898916,1.7747402651087167,True
Silverman1035,Silverman1035:Americans_Killed:hyp4,GENDER,Female,57.63358778625955,49.6124031007752,8.02118468548435,True
Silverman1035,Silverman1035:Americans_Killed:hyp4,GENDER,Male,42.36641221374045,50.3875968992248,8.02118468548435,True
Silverman1035,Silverman1035:Americans_Killed:hyp4,race_4,Black,11.068702290076336,14.728682170542637,3.6599798804663006,True
Silverman1035,Silverman1035:Americans_Killed:hyp4,race_4,White,64.50381679389314,65.89147286821705,1.387656074323914,True
Silverman1035,Silverman1035:Americans_Killed:hyp4,race_4,__MISSING__,24.427480916030532,19.379844961240313,5.04763595479022,True
Silverman1035,Silverman1035:Americans_Killed:hyp4,pid_3,Democrat,53.81679389312977,43.02325581395349,10.79353807917628,True
Silverman1035,Silverman1035:Americans_Killed:hyp4,pid_3,Independent,17.17557251908397,17.829457364341085,0.6538848452571138,True
Silverman1035,Silverman1035:Americans_Killed:hyp4,pid_3,Republican,29.00763358778626,39.14728682170542,10.139653233919162,True
Silverman1035,Silverman1035:Americans_Killed:hyp4,age_5,Older than 50,48.473282442748086,53.875968992248055,5.402686549499968,True
Silverman1035,Silverman1035:Americans_Killed:hyp4,age_5,Younger than 50,51.526717557251914,46.12403100775194,5.402686549499975,True
Silverman1035,Silverman1035:Americans_Killed:hyp4,EDUC4,College,27.480916030534353,27.131782945736433,0.34913308479791993,True
Silverman1035,Silverman1035:Americans_Killed:hyp4,EDUC4,Non-College,72.51908396946564,72.86821705426357,0.34913308479792704,True
Silverman1035,Silverman1035:Americans_Killed:hyp4,ideo_3,Conservative,14.50381679389313,27.906976744186046,13.403159950292917,True
Silverman1035,Silverman1035:Americans_Killed:hyp4,ideo_3,Liberal,62.59541984732825,52.32558139534884,10.26983845197941,True
Silverman1035,Silverman1035:Americans_Killed:hyp4,ideo_3,Moderate,16.793893129770993,13.178294573643413,3.61559855612758,True
Silverman1035,Silverman1035:Americans_Killed:hyp4,ideo_3,__MISSING__,6.106870229007633,6.5891472868217065,0.4822770578140734,True
Silverman1035,Silverman1035:Terrorism_likely:hyp1,GENDER,Female,48.4,53.397129186602875,4.997129186602876,True
Silverman1035,Silverman1035:Terrorism_likely:hyp1,GENDER,Male,51.6,46.60287081339713,4.997129186602869,True
Silverman1035,Silverman1035:Terrorism_likely:hyp1,race_4,Black,10.4,11.483253588516746,1.0832535885167456,True
Silverman1035,Silverman1035:Terrorism_likely:hyp1,race_4,White,69.19999999999999,66.3157894736842,2.8842105263157833,True
Silverman1035,Silverman1035:Terrorism_likely:hyp1,race_4,__MISSING__,20.4,22.20095693779904,1.800956937799043,True
Silverman1035,Silverman1035:Terrorism_likely:hyp1,pid_3,Democrat,47.199999999999996,48.61244019138756,1.4124401913875673,True
Silverman1035,Silverman1035:Terrorism_likely:hyp1,pid_3,Independent,15.2,16.076555023923444,0.8765550239234443,True
Silverman1035,Silverman1035:Terrorism_likely:hyp1,pid_3,Republican,37.6,35.31100478468899,2.2889952153110116,True
Silverman1035,Silverman1035:Terrorism_likely:hyp1,age_5,Older than 50,49.6,51.770334928229666,2.1703349282296642,True
Silverman1035,Silverman1035:Terrorism_likely:hyp1,age_5,Younger than 50,50.4,48.229665071770334,2.1703349282296642,True
Silverman1035,Silverman1035:Terrorism_likely:hyp1,EDUC4,College,32.0,31.100478468899524,0.8995215311004756,True
Silverman1035,Silverman1035:Terrorism_likely:hyp1,EDUC4,Non-College,68.0,68.89952153110048,0.8995215311004756,True
Silverman1035,Silverman1035:Terrorism_likely:hyp1,ideo_3,Conservative,19.6,18.277511961722485,1.3224880382775162,True
Silverman1035,Silverman1035:Terrorism_likely:hyp1,ideo_3,Liberal,62.8,60.76555023923444,2.034449760765554,True
Silverman1035,Silverman1035:Terrorism_likely:hyp1,ideo_3,Moderate,10.8,15.21531100478469,4.415311004784689,True
Silverman1035,Silverman1035:Terrorism_likely:hyp1,ideo_3,__MISSING__,6.800000000000001,5.741626794258373,1.0583732057416277,True
Silverman1035,Silverman1035:Terrorism_likely:hyp2,GENDER,Female,56.916996047430835,52.27272727272727,4.644268774703562,True
Silverman1035,Silverman1035:Terrorism_likely:hyp2,GENDER,Male,43.08300395256917,47.72727272727273,4.644268774703555,True
Silverman1035,Silverman1035:Terrorism_likely:hyp2,race_4,Black,10.276679841897234,11.868686868686869,1.5920070267896342,True
Silverman1035,Silverman1035:Terrorism_likely:hyp2,race_4,White,65.21739130434783,66.66666666666666,1.4492753623188293,True
Silverman1035,Silverman1035:Terrorism_likely:hyp2,race_4,__MISSING__,24.50592885375494,21.464646464646464,3.0412823891084777,True
Silverman1035,Silverman1035:Terrorism_likely:hyp2,pid_3,Democrat,53.75494071146245,46.96969696969697,6.785243741765484,True
Silverman1035,Silverman1035:Terrorism_likely:hyp2,pid_3,Independent,16.600790513833992,15.909090909090908,0.6916996047430839,True
Silverman1035,Silverman1035:Terrorism_likely:hyp2,pid_3,Republican,29.64426877470356,37.121212121212125,7.476943346508566,True
Silverman1035,Silverman1035:Terrorism_likely:hyp2,age_5,Older than 50,49.01185770750988,52.65151515151515,3.639657444005266,True
Silverman1035,Silverman1035:Terrorism_likely:hyp2,age_5,Younger than 50,50.988142292490124,47.34848484848485,3.639657444005273,True
Silverman1035,Silverman1035:Terrorism_likely:hyp2,EDUC4,College,28.063241106719367,32.07070707070707,4.0074659639877055,True
Silverman1035,Silverman1035:Terrorism_likely:hyp2,EDUC4,Non-College,71.93675889328063,67.92929292929293,4.007465963987698,True
Silverman1035,Silverman1035:Terrorism_likely:hyp2,ideo_3,Conservative,14.229249011857709,19.570707070707073,5.341458058849364,True
Silverman1035,Silverman1035:Terrorism_likely:hyp2,ideo_3,Liberal,62.845849802371546,60.1010101010101,2.7448397013614496,True
Silverman1035,Silverman1035:Terrorism_likely:hyp2,ideo_3,Moderate,16.99604743083004,14.646464646464647,2.349582784365392,True
Silverman1035,Silverman1035:Terrorism_likely:hyp2,ideo_3,__MISSING__,5.928853754940711,5.681818181818182,0.24703557312252933,True
Silverman1035,Silverman1035:Terrorism_likely:hyp3,GENDER,Female,56.916996047430835,53.70370370370371,3.213292343727126,True
Silverman1035,Silverman1035:Terrorism_likely:hyp3,GENDER,Male,43.08300395256917,46.2962962962963,3.213292343727126,True
Silverman1035,Silverman1035:Terrorism_likely:hyp3,race_4,Black,10.276679841897234,11.481481481481481,1.2048016395842467,True
Silverman1035,Silverman1035:Terrorism_likely:hyp3,race_4,White,65.21739130434783,69.62962962962963,4.412238325281805,True
Silverman1035,Silverman1035:Terrorism_likely:hyp3,race_4,__MISSING__,24.50592885375494,18.88888888888889,5.617039964866052,True
Silverman1035,Silverman1035:Terrorism_likely:hyp3,pid_3,Democrat,53.75494071146245,50.0,3.754940711462453,True
Silverman1035,Silverman1035:Terrorism_likely:hyp3,pid_3,Independent,16.600790513833992,11.851851851851853,4.748938661982139,True
Silverman1035,Silverman1035:Terrorism_likely:hyp3,pid_3,Republican,29.64426877470356,38.148148148148145,8.503879373444587,True
Silverman1035,Silverman1035:Terrorism_likely:hyp3,age_5,Older than 50,49.01185770750988,56.666666666666664,7.654808959156782,True
Silverman1035,Silverman1035:Terrorism_likely:hyp3,age_5,Younger than 50,50.988142292490124,43.333333333333336,7.654808959156789,True
Silverman1035,Silverman1035:Terrorism_likely:hyp3,EDUC4,College,28.063241106719367,32.592592592592595,4.529351485873228,True
Silverman1035,Silverman1035:Terrorism_likely:hyp3,EDUC4,Non-College,71.93675889328063,67.4074074074074,4.529351485873221,True
Silverman1035,Silverman1035:Terrorism_likely:hyp3,ideo_3,Conservative,14.229249011857709,16.296296296296298,2.0670472844385888,True
Silverman1035,Silverman1035:Terrorism_likely:hyp3,ideo_3,Liberal,62.845849802371546,67.03703703703704,4.191187234665492,True
Silverman1035,Silverman1035:Terrorism_likely:hyp3,ideo_3,Moderate,16.99604743083004,12.222222222222221,4.773825208607818,True
Silverman1035,Silverman1035:Terrorism_likely:hyp3,ideo_3,__MISSING__,5.928853754940711,4.444444444444445,1.4844093104962663,True
Silverman1035,Silverman1035:Terrorism_likely:hyp4,GENDER,Female,56.916996047430835,49.39759036144578,7.519405685985056,True
Silverman1035,Silverman1035:Terrorism_likely:hyp4,GENDER,Male,43.08300395256917,50.602409638554214,7.519405685985042,True
Silverman1035,Silverman1035:Terrorism_likely:hyp4,race_4,Black,10.276679841897234,13.253012048192772,2.976332206295538,True
Silverman1035,Silverman1035:Terrorism_likely:hyp4,race_4,White,65.21739130434783,67.06827309236948,1.8508817880216526,True
Silverman1035,Silverman1035:Terrorism_likely:hyp4,race_4,__MISSING__,24.50592885375494,19.67871485943775,4.827213994317191,True
Silverman1035,Silverman1035:Terrorism_likely:hyp4,pid_3,Democrat,53.75494071146245,42.168674698795186,11.586266012667267,True
Silverman1035,Silverman1035:Terrorism_likely:hyp4,pid_3,Independent,16.600790513833992,17.269076305220885,0.6682857913868929,True
Silverman1035,Silverman1035:Terrorism_likely:hyp4,pid_3,Republican,29.64426877470356,40.562248995983936,10.917980221280377,True
Silverman1035,Silverman1035:Terrorism_likely:hyp4,age_5,Older than 50,49.01185770750988,55.42168674698795,6.409829039478069,True
Silverman1035,Silverman1035:Terrorism_likely:hyp4,age_5,Younger than 50,50.988142292490124,44.57831325301205,6.409829039478076,True
Silverman1035,Silverman1035:Terrorism_likely:hyp4,EDUC4,College,28.063241106719367,27.309236947791167,0.7540041589282005,True
Silverman1035,Silverman1035:Terrorism_likely:hyp4,EDUC4,Non-College,71.93675889328063,72.69076305220884,0.7540041589282112,True
Silverman1035,Silverman1035:Terrorism_likely:hyp4,ideo_3,Conservative,14.229249011857709,28.514056224899598,14.284807213041889,True
Silverman1035,Silverman1035:Terrorism_likely:hyp4,ideo_3,Liberal,62.845849802371546,52.208835341365464,10.637014461006082,True
Silverman1035,Silverman1035:Terrorism_likely:hyp4,ideo_3,Moderate,16.99604743083004,13.654618473895583,3.3414289569344557,True
Silverman1035,Silverman1035:Terrorism_likely:hyp4,ideo_3,__MISSING__,5.928853754940711,5.622489959839357,0.3063637951013538,True
Silverman1035,Silverman1035:Terrorism_worry:hyp1,GENDER,Female,47.65625,53.6150234741784,5.9587734741784,True
Silverman1035,Silverman1035:Terrorism_worry:hyp1,GENDER,Male,52.34375,46.3849765258216,5.9587734741784,True
Silverman1035,Silverman1035:Terrorism_worry:hyp1,race_4,Black,10.9375,12.018779342723004,1.081279342723004,True
Silverman1035,Silverman1035:Terrorism_worry:hyp1,race_4,White,69.140625,65.91549295774648,3.22513204225352,True
Silverman1035,Silverman1035:Terrorism_worry:hyp1,race_4,__MISSING__,19.921875,22.065727699530516,2.143852699530516,True
Silverman1035,Silverman1035:Terrorism_worry:hyp1,pid_3,Democrat,47.265625,49.2018779342723,1.9362529342722965,True
Silverman1035,Silverman1035:Terrorism_worry:hyp1,pid_3,Independent,15.234375,15.868544600938966,0.6341696009389661,True
Silverman1035,Silverman1035:Terrorism_worry:hyp1,pid_3,Republican,37.5,34.92957746478873,2.5704225352112715,True
Silverman1035,Silverman1035:Terrorism_worry:hyp1,age_5,Older than 50,49.609375,51.267605633802816,1.658230633802816,True
Silverman1035,Silverman1035:Terrorism_worry:hyp1,age_5,Younger than 50,50.390625,48.732394366197184,1.658230633802816,True
Silverman1035,Silverman1035:Terrorism_worry:hyp1,EDUC4,College,30.859375,30.985915492957744,0.12654049295774428,True
Silverman1035,Silverman1035:Terrorism_worry:hyp1,EDUC4,Non-College,69.140625,69.01408450704226,0.12654049295774428,True
Silverman1035,Silverman1035:Terrorism_worry:hyp1,ideo_3,Conservative,18.75,18.30985915492958,0.4401408450704203,True
Silverman1035,Silverman1035:Terrorism_worry:hyp1,ideo_3,Liberal,62.890625,60.84507042253521,2.0455545774647916,True
Silverman1035,Silverman1035:Terrorism_worry:hyp1,ideo_3,Moderate,11.328125,15.023474178403756,3.695349178403756,True
Silverman1035,Silverman1035:Terrorism_worry:hyp1,ideo_3,__MISSING__,7.03125,5.821596244131456,1.209653755868544,True
Silverman1035,Silverman1035:Terrorism_worry:hyp2,GENDER,Female,57.91505791505791,52.23325062034739,5.6818072947105165,True
Silverman1035,Silverman1035:Terrorism_worry:hyp2,GENDER,Male,42.084942084942085,47.76674937965261,5.681807294710524,True
Silverman1035,Silverman1035:Terrorism_worry:hyp2,race_4,Black,10.81081081081081,12.40694789081886,1.5961370800080488,True
Silverman1035,Silverman1035:Terrorism_worry:hyp2,race_4,White,64.47876447876449,66.37717121588089,1.898406737116403,True
Silverman1035,Silverman1035:Terrorism_worry:hyp2,race_4,__MISSING__,24.71042471042471,21.21588089330025,3.4945438171244625,True
Silverman1035,Silverman1035:Terrorism_worry:hyp2,pid_3,Democrat,54.054054054054056,47.64267990074442,6.411374153309637,True
Silverman1035,Silverman1035:Terrorism_worry:hyp2,pid_3,Independent,16.988416988416986,15.508684863523573,1.4797321248934132,True
Silverman1035,Silverman1035:Terrorism_worry:hyp2,pid_3,Republican,28.957528957528954,36.848635235732004,7.8911062782030506,True
Silverman1035,Silverman1035:Terrorism_worry:hyp2,age_5,Older than 50,47.87644787644788,52.357320099255574,4.480872222807697,True
Silverman1035,Silverman1035:Terrorism_worry:hyp2,age_5,Younger than 50,52.123552123552116,47.64267990074442,4.480872222807697,True
Silverman1035,Silverman1035:Terrorism_worry:hyp2,EDUC4,College,27.7992277992278,32.00992555831266,4.210697759084859,True
Silverman1035,Silverman1035:Terrorism_worry:hyp2,EDUC4,Non-College,72.2007722007722,67.99007444168734,4.210697759084866,True
Silverman1035,Silverman1035:Terrorism_worry:hyp2,ideo_3,Conservative,14.671814671814673,19.47890818858561,4.807093516770937,True
Silverman1035,Silverman1035:Terrorism_worry:hyp2,ideo_3,Liberal,62.93436293436293,60.17369727047146,2.760665663891473,True
Silverman1035,Silverman1035:Terrorism_worry:hyp2,ideo_3,Moderate,16.602316602316602,14.516129032258066,2.086187570058536,True
Silverman1035,Silverman1035:Terrorism_worry:hyp2,ideo_3,__MISSING__,5.7915057915057915,5.831265508684864,0.03975971717907267,True
Silverman1035,Silverman1035:Terrorism_worry:hyp3,GENDER,Female,57.91505791505791,53.64963503649635,4.265422878561559,True
Silverman1035,Silverman1035:Terrorism_worry:hyp3,GENDER,Male,42.084942084942085,46.35036496350365,4.265422878561566,True
Silverman1035,Silverman1035:Terrorism_worry:hyp3,race_4,Black,10.81081081081081,12.043795620437956,1.2329848096271459,True
Silverman1035,Silverman1035:Terrorism_worry:hyp3,race_4,White,64.47876447876449,69.34306569343066,4.86430121466617,True
Silverman1035,Silverman1035:Terrorism_worry:hyp3,race_4,__MISSING__,24.71042471042471,18.613138686131386,6.097286024293325,True
Silverman1035,Silverman1035:Terrorism_worry:hyp3,pid_3,Democrat,54.054054054054056,50.36496350364964,3.6890905504044156,True
Silverman1035,Silverman1035:Terrorism_worry:hyp3,pid_3,Independent,16.988416988416986,11.678832116788321,5.309584871628665,True
Silverman1035,Silverman1035:Terrorism_worry:hyp3,pid_3,Republican,28.957528957528954,37.95620437956204,8.998675422033084,True
Silverman1035,Silverman1035:Terrorism_worry:hyp3,age_5,Older than 50,47.87644787644788,56.934306569343065,9.057858692895188,True
Silverman1035,Silverman1035:Terrorism_worry:hyp3,age_5,Younger than 50,52.123552123552116,43.06569343065693,9.057858692895188,True
Silverman1035,Silverman1035:Terrorism_worry:hyp3,EDUC4,College,27.7992277992278,33.21167883211679,5.412451032888988,True
Silverman1035,Silverman1035:Terrorism_worry:hyp3,EDUC4,Non-College,72.2007722007722,66.78832116788321,5.412451032888995,True
Silverman1035,Silverman1035:Terrorism_worry:hyp3,ideo_3,Conservative,14.671814671814673,16.423357664233578,1.751542992418905,True
Silverman1035,Silverman1035:Terrorism_worry:hyp3,ideo_3,Liberal,62.93436293436293,66.78832116788321,3.853958233520281,True
Silverman1035,Silverman1035:Terrorism_worry:hyp3,ideo_3,Moderate,16.602316602316602,12.408759124087592,4.19355747822901,True
Silverman1035,Silverman1035:Terrorism_worry:hyp3,ideo_3,__MISSING__,5.7915057915057915,4.37956204379562,1.411943747710171,True
Silverman1035,Silverman1035:Terrorism_worry:hyp4,GENDER,Female,57.91505791505791,50.0,7.915057915057908,True
Silverman1035,Silverman1035:Terrorism_worry:hyp4,GENDER,Male,42.084942084942085,50.0,7.915057915057915,True
Silverman1035,Silverman1035:Terrorism_worry:hyp4,race_4,Black,10.81081081081081,14.34108527131783,3.5302744605070195,True
Silverman1035,Silverman1035:Terrorism_worry:hyp4,race_4,White,64.47876447876449,66.27906976744185,1.8003052886773645,True
Silverman1035,Silverman1035:Terrorism_worry:hyp4,race_4,__MISSING__,24.71042471042471,19.379844961240313,5.330579749184398,True
Silverman1035,Silverman1035:Terrorism_worry:hyp4,pid_3,Democrat,54.054054054054056,43.02325581395349,11.030798240100566,True
Silverman1035,Silverman1035:Terrorism_worry:hyp4,pid_3,Independent,16.988416988416986,17.05426356589147,0.06584657747448475,True
Silverman1035,Silverman1035:Terrorism_worry:hyp4,pid_3,Republican,28.957528957528954,39.922480620155035,10.964951662626081,True
Silverman1035,Silverman1035:Terrorism_worry:hyp4,age_5,Older than 50,47.87644787644788,54.263565891472865,6.387118015024988,True
Silverman1035,Silverman1035:Terrorism_worry:hyp4,age_5,Younger than 50,52.123552123552116,45.73643410852713,6.387118015024988,True
Silverman1035,Silverman1035:Terrorism_worry:hyp4,EDUC4,College,27.7992277992278,26.744186046511626,1.0550417527161748,True
Silverman1035,Silverman1035:Terrorism_worry:hyp4,EDUC4,Non-College,72.2007722007722,73.25581395348837,1.0550417527161642,True
Silverman1035,Silverman1035:Terrorism_worry:hyp4,ideo_3,Conservative,14.671814671814673,28.294573643410853,13.62275897159618,True
Silverman1035,Silverman1035:Terrorism_worry:hyp4,ideo_3,Liberal,62.93436293436293,52.32558139534884,10.608781539014089,True
Silverman1035,Silverman1035:Terrorism_worry:hyp4,ideo_3,Moderate,16.602316602316602,13.178294573643413,3.424022028673189,True
Silverman1035,Silverman1035:Terrorism_worry:hyp4,ideo_3,__MISSING__,5.7915057915057915,6.2015503875969,0.4100445960911081,True
Stoker1063,Stoker1063:Anger:hyp1,GENDER,Female,50.90497737556561,53.769401330376944,2.864423954811336,True
Stoker1063,Stoker1063:Anger:hyp1,GENDER,Male,49.095022624434385,46.230598669623056,2.864423954811329,True
Stoker1063,Stoker1063:Anger:hyp1,race_4,Black,10.633484162895927,10.532150776053214,0.10133338684271287,True
Stoker1063,Stoker1063:Anger:hyp1,race_4,White,68.77828054298642,69.62305986696231,0.8447793239758852,True
Stoker1063,Stoker1063:Anger:hyp1,race_4,__MISSING__,20.588235294117645,19.844789356984478,0.743445937133167,True
Stoker1063,Stoker1063:Anger:hyp1,pid_3,Democrat,45.81447963800905,44.789356984478935,1.0251226535301114,True
Stoker1063,Stoker1063:Anger:hyp1,pid_3,Independent,11.199095022624435,11.862527716186252,0.6634326935618162,True
Stoker1063,Stoker1063:Anger:hyp1,pid_3,Republican,42.98642533936652,43.34811529933481,0.3616899599682881,True
Stoker1063,Stoker1063:Anger:hyp1,age_5,Older than 50,48.30316742081448,45.01108647450111,3.2920809463133693,True
Stoker1063,Stoker1063:Anger:hyp1,age_5,Younger than 50,51.696832579185525,54.988913525498894,3.2920809463133693,True
Stoker1063,Stoker1063:Anger:hyp1,EDUC4,College,31.334841628959275,32.15077605321508,0.8159344242558078,True
Stoker1063,Stoker1063:Anger:hyp1,EDUC4,Non-College,68.66515837104072,67.84922394678492,0.8159344242558006,True
Stoker1063,Stoker1063:Anger:hyp1,ideo_3,Conservative,28.50678733031674,29.268292682926827,0.7615053526100866,True
Stoker1063,Stoker1063:Anger:hyp1,ideo_3,Liberal,41.6289592760181,39.80044345898005,1.8285158170380527,True
Stoker1063,Stoker1063:Anger:hyp1,ideo_3,Moderate,21.71945701357466,21.507760532150776,0.21169648142388553,True
Stoker1063,Stoker1063:Anger:hyp1,ideo_3,__MISSING__,8.144796380090497,9.42350332594235,1.2787069458518534,True
Stoker1063,Stoker1063:Serious:hyp1,GENDER,Female,50.56561085972851,53.70985603543743,3.1442451757089245,True
Stoker1063,Stoker1063:Serious:hyp1,GENDER,Male,49.43438914027149,46.29014396456257,3.1442451757089245,True
Stoker1063,Stoker1063:Serious:hyp1,race_4,Black,10.633484162895927,10.741971207087486,0.10848704419155908,True
Stoker1063,Stoker1063:Serious:hyp1,race_4,White,68.89140271493213,69.43521594684385,0.5438132319117273,True
Stoker1063,Stoker1063:Serious:hyp1,race_4,__MISSING__,20.475113122171944,19.82281284606866,0.6523002761032828,True
Stoker1063,Stoker1063:Serious:hyp1,pid_3,Democrat,45.81447963800905,44.96124031007752,0.8532393279315258,True
Stoker1063,Stoker1063:Serious:hyp1,pid_3,Independent,11.199095022624435,11.960132890365449,0.7610378677410132,True
Stoker1063,Stoker1063:Serious:hyp1,pid_3,Republican,42.98642533936652,43.078626799557036,0.09220146019051612,True
Stoker1063,Stoker1063:Serious:hyp1,age_5,Older than 50,48.30316742081448,44.96124031007752,3.341927110736961,True
Stoker1063,Stoker1063:Serious:hyp1,age_5,Younger than 50,51.696832579185525,55.03875968992248,3.341927110736954,True
Stoker1063,Stoker1063:Serious:hyp1,EDUC4,College,31.447963800904976,32.33665559246955,0.8886917915645718,True
Stoker1063,Stoker1063:Serious:hyp1,EDUC4,Non-College,68.55203619909503,67.66334440753046,0.8886917915645682,True
Stoker1063,Stoker1063:Serious:hyp1,ideo_3,Conservative,28.28054298642534,29.014396456256918,0.7338534698315797,True
Stoker1063,Stoker1063:Serious:hyp1,ideo_3,Liberal,41.742081447963805,39.756367663344406,1.9857137846193993,True
Stoker1063,Stoker1063:Serious:hyp1,ideo_3,Moderate,21.71945701357466,21.705426356589147,0.014030656985514867,True
Stoker1063,Stoker1063:Serious:hyp1,ideo_3,__MISSING__,8.257918552036198,9.523809523809524,1.2658909717733255,True
Stoker1063,Stoker1063:Worry:hyp1,GENDER,Female,50.50962627406569,53.812154696132595,3.3025284220669064,True
Stoker1063,Stoker1063:Worry:hyp1,GENDER,Male,49.49037372593432,46.187845303867405,3.3025284220669135,True
Stoker1063,Stoker1063:Worry:hyp1,race_4,Black,10.532276330690827,10.607734806629834,0.07545847593900668,True
Stoker1063,Stoker1063:Worry:hyp1,race_4,White,68.85617214043035,69.50276243093923,0.6465902905088825,True
Stoker1063,Stoker1063:Worry:hyp1,race_4,__MISSING__,20.61155152887882,19.88950276243094,0.7220487664478803,True
Stoker1063,Stoker1063:Worry:hyp1,pid_3,Democrat,45.75311438278596,44.86187845303867,0.8912359297472889,True
Stoker1063,Stoker1063:Worry:hyp1,pid_3,Independent,11.325028312570781,12.044198895027625,0.7191705824568437,True
Stoker1063,Stoker1063:Worry:hyp1,pid_3,Republican,42.92185730464326,43.0939226519337,0.17206534729044165,True
Stoker1063,Stoker1063:Worry:hyp1,age_5,Older than 50,48.01812004530011,45.0828729281768,2.9352471171233105,True
Stoker1063,Stoker1063:Worry:hyp1,age_5,Younger than 50,51.981879954699885,54.9171270718232,2.9352471171233177,True
Stoker1063,Stoker1063:Worry:hyp1,EDUC4,College,31.370328425821064,32.37569060773481,1.0053621819137462,True
Stoker1063,Stoker1063:Worry:hyp1,EDUC4,Non-College,68.62967157417894,67.62430939226519,1.0053621819137533,True
Stoker1063,Stoker1063:Worry:hyp1,ideo_3,Conservative,28.199320498301244,29.06077348066298,0.8614529823617367,True
Stoker1063,Stoker1063:Worry:hyp1,ideo_3,Liberal,41.676104190260475,39.668508287292816,2.007595902967658,True
Stoker1063,Stoker1063:Worry:hyp1,ideo_3,Moderate,21.857304643261607,21.65745856353591,0.19984607972569535,True
Stoker1063,Stoker1063:Worry:hyp1,ideo_3,__MISSING__,8.267270668176671,9.613259668508286,1.345989000331615,True
Terman1029,Terman1029:donating to HRAC:hyp1,GENDER,Female,52.406417112299465,51.371237458193974,1.035179654105491,True
Terman1029,Terman1029:donating to HRAC:hyp1,GENDER,Male,47.593582887700535,48.62876254180602,1.0351796541054838,True
Terman1029,Terman1029:donating to HRAC:hyp1,race_4,Black,11.229946524064172,11.839464882943144,0.6095183588789723,True
Terman1029,Terman1029:donating to HRAC:hyp1,race_4,White,66.84491978609626,64.81605351170569,2.028866274390566,True
Terman1029,Terman1029:donating to HRAC:hyp1,race_4,__MISSING__,21.92513368983957,23.34448160535117,1.4193479155116009,True
Terman1029,Terman1029:donating to HRAC:hyp1,pid_3,Democrat,47.860962566844925,49.49832775919732,1.637365192352398,True
Terman1029,Terman1029:donating to HRAC:hyp1,pid_3,Independent,16.844919786096256,15.986622073578596,0.8582977125176594,True
Terman1029,Terman1029:donating to HRAC:hyp1,pid_3,Republican,35.294117647058826,34.51505016722408,0.7790674798347439,True
Terman1029,Terman1029:donating to HRAC:hyp1,age_5,Older than 50,45.72192513368984,47.759197324414714,2.0372721907248774,True
Terman1029,Terman1029:donating to HRAC:hyp1,age_5,Younger than 50,54.278074866310156,52.240802675585286,2.0372721907248703,True
Terman1029,Terman1029:donating to HRAC:hyp1,EDUC4,College,31.550802139037433,33.979933110367895,2.429130971330462,True
Terman1029,Terman1029:donating to HRAC:hyp1,EDUC4,Non-College,68.44919786096256,66.02006688963212,2.429130971330437,True
Terman1029,Terman1029:donating to HRAC:hyp2,GENDER,Female,53.68421052631579,51.697127937336816,1.9870825889789714,True
Terman1029,Terman1029:donating to HRAC:hyp2,GENDER,Male,46.31578947368421,48.30287206266319,1.9870825889789785,True
Terman1029,Terman1029:donating to HRAC:hyp2,race_4,Black,13.94736842105263,10.443864229765012,3.503504191287618,True
Terman1029,Terman1029:donating to HRAC:hyp2,race_4,White,65.52631578947368,65.79634464751958,0.2700288580458903,True
Terman1029,Terman1029:donating to HRAC:hyp2,race_4,__MISSING__,20.526315789473685,23.759791122715406,3.2334753332417208,True
Terman1029,Terman1029:donating to HRAC:hyp2,pid_3,Democrat,50.26315789473684,42.297650130548305,7.965507764188537,True
Terman1029,Terman1029:donating to HRAC:hyp2,pid_3,Independent,13.684210526315791,17.232375979112273,3.548165452796482,True
Terman1029,Terman1029:donating to HRAC:hyp2,pid_3,Republican,36.05263157894737,40.469973890339425,4.417342311392055,True
Terman1029,Terman1029:donating to HRAC:hyp2,age_5,Older than 50,48.421052631578945,46.73629242819843,1.6847602033805131,True
Terman1029,Terman1029:donating to HRAC:hyp2,age_5,Younger than 50,51.578947368421055,53.26370757180157,1.6847602033805131,True
Terman1029,Terman1029:donating to HRAC:hyp2,EDUC4,College,29.736842105263158,35.24804177545692,5.511199670193761,True
Terman1029,Terman1029:donating to HRAC:hyp2,EDUC4,Non-College,70.26315789473684,64.75195822454309,5.511199670193747,True
Terman1029,Terman1029:donating to HRAC:hyp3,GENDER,Female,48.29396325459317,51.85185185185185,3.5578885972586747,True
Terman1029,Terman1029:donating to HRAC:hyp3,GENDER,Male,51.70603674540683,48.148148148148145,3.557888597258682,True
Terman1029,Terman1029:donating to HRAC:hyp3,race_4,Black,10.498687664041995,12.535612535612536,2.036924871570541,True
Terman1029,Terman1029:donating to HRAC:hyp3,race_4,White,64.04199475065617,63.817663817663814,0.22433093299235907,True
Terman1029,Terman1029:donating to HRAC:hyp3,race_4,__MISSING__,25.45931758530184,23.646723646723647,1.8125939385781926,True
Terman1029,Terman1029:donating to HRAC:hyp3,pid_3,Democrat,52.493438320209975,53.27635327635327,0.7829149561432942,True
Terman1029,Terman1029:donating to HRAC:hyp3,pid_3,Independent,16.535433070866144,16.524216524216524,0.011216546649620796,True
Terman1029,Terman1029:donating to HRAC:hyp3,pid_3,Republican,30.971128608923888,30.1994301994302,0.7716984094936876,True
Terman1029,Terman1029:donating to HRAC:hyp3,age_5,Older than 50,47.506561679790025,48.433048433048434,0.9264867532584091,True
Terman1029,Terman1029:donating to HRAC:hyp3,age_5,Younger than 50,52.493438320209975,51.566951566951566,0.9264867532584091,True
Terman1029,Terman1029:donating to HRAC:hyp3,EDUC4,College,34.90813648293963,36.182336182336186,1.2741996993965543,True
Terman1029,Terman1029:donating to HRAC:hyp3,EDUC4,Non-College,65.09186351706036,63.817663817663814,1.2741996993965472,True
Terman1029,Terman1029:naitonalist superiority:hyp1,GENDER,Female,52.41935483870967,51.460823373173966,0.9585314655357067,True
Terman1029,Terman1029:naitonalist superiority:hyp1,GENDER,Male,47.58064516129033,48.539176626826034,0.9585314655357067,True
Terman1029,Terman1029:naitonalist superiority:hyp1,race_4,Black,11.29032258064516,11.952191235059761,0.6618686544146009,True
Terman1029,Terman1029:naitonalist superiority:hyp1,race_4,White,66.93548387096774,64.6082337317397,2.327250139228042,True
Terman1029,Terman1029:naitonalist superiority:hyp1,race_4,__MISSING__,21.774193548387096,23.439575033200533,1.6653814848134374,True
Terman1029,Terman1029:naitonalist superiority:hyp1,pid_3,Democrat,47.8494623655914,49.46879150066401,1.6193291350726113,True
Terman1029,Terman1029:naitonalist superiority:hyp1,pid_3,Independent,16.93548387096774,16.06905710491368,0.8664267660540617,True
Terman1029,Terman1029:naitonalist superiority:hyp1,pid_3,Republican,35.215053763440864,34.462151394422314,0.7529023690185497,True
Terman1029,Terman1029:naitonalist superiority:hyp1,age_5,Older than 50,45.69892473118279,47.875166002656044,2.176241271473252,True
Terman1029,Terman1029:naitonalist superiority:hyp1,age_5,Younger than 50,54.3010752688172,52.124833997343956,2.176241271473245,True
Terman1029,Terman1029:naitonalist superiority:hyp1,EDUC4,College,31.72043010752688,34.06374501992032,2.3433149123934385,True
Terman1029,Terman1029:naitonalist superiority:hyp1,EDUC4,Non-College,68.27956989247312,65.93625498007968,2.3433149123934385,True
Terman1029,Terman1029:naitonalist superiority:hyp2,GENDER,Female,54.02597402597402,51.42118863049095,2.60478539548307,True
Terman1029,Terman1029:naitonalist superiority:hyp2,GENDER,Male,45.97402597402597,48.57881136950905,2.604785395483077,True
Terman1029,Terman1029:naitonalist superiority:hyp2,race_4,Black,13.766233766233766,10.594315245478036,3.17191852075573,True
Terman1029,Terman1029:naitonalist superiority:hyp2,race_4,White,65.45454545454545,65.37467700258398,0.07986845196147385,True
Terman1029,Terman1029:naitonalist superiority:hyp2,race_4,__MISSING__,20.77922077922078,24.031007751937985,3.2517869727172055,True
Terman1029,Terman1029:naitonalist superiority:hyp2,pid_3,Democrat,50.38961038961038,42.377260981912144,8.012349407698238,True
Terman1029,Terman1029:naitonalist superiority:hyp2,pid_3,Independent,13.506493506493506,17.571059431524546,4.06456592503104,True
Terman1029,Terman1029:naitonalist superiority:hyp2,pid_3,Republican,36.103896103896105,40.05167958656331,3.947783482667205,True
Terman1029,Terman1029:naitonalist superiority:hyp2,age_5,Older than 50,48.57142857142857,47.02842377260982,1.5430047988187496,True
Terman1029,Terman1029:naitonalist superiority:hyp2,age_5,Younger than 50,51.42857142857142,52.97157622739018,1.5430047988187567,True
Terman1029,Terman1029:naitonalist superiority:hyp2,EDUC4,College,30.129870129870127,35.14211886304909,5.012248733178964,True
Terman1029,Terman1029:naitonalist superiority:hyp2,EDUC4,Non-College,69.87012987012987,64.85788113695091,5.012248733178964,True
Terman1029,Terman1029:naitonalist superiority:hyp3,GENDER,Female,48.4375,52.0,3.5625,True
Terman1029,Terman1029:naitonalist superiority:hyp3,GENDER,Male,51.5625,48.0,3.5625,True
Terman1029,Terman1029:naitonalist superiority:hyp3,race_4,Black,10.9375,12.571428571428573,1.633928571428573,True
Terman1029,Terman1029:naitonalist superiority:hyp3,race_4,White,63.541666666666664,64.0,0.4583333333333357,True
Terman1029,Terman1029:naitonalist superiority:hyp3,race_4,__MISSING__,25.520833333333332,23.42857142857143,2.0922619047619015,True
Terman1029,Terman1029:naitonalist superiority:hyp3,pid_3,Democrat,52.864583333333336,52.57142857142857,0.2931547619047663,True
Terman1029,Terman1029:naitonalist superiority:hyp3,pid_3,Independent,16.40625,16.857142857142858,0.45089285714285765,True
Terman1029,Terman1029:naitonalist superiority:hyp3,pid_3,Republican,30.729166666666668,30.571428571428573,0.1577380952380949,True
Terman1029,Terman1029:naitonalist superiority:hyp3,age_5,Older than 50,47.65625,48.285714285714285,0.6294642857142847,True
Terman1029,Terman1029:naitonalist superiority:hyp3,age_5,Younger than 50,52.34375,51.714285714285715,0.6294642857142847,True
Terman1029,Terman1029:naitonalist superiority:hyp3,EDUC4,College,34.89583333333333,36.285714285714285,1.389880952380956,True
Terman1029,Terman1029:naitonalist superiority:hyp3,EDUC4,Non-College,65.10416666666666,63.714285714285715,1.389880952380942,True
Terman1029,Terman1029:perception of domestic human rights conditions:hyp1,GENDER,Female,52.406417112299465,51.29568106312292,1.1107360491765448,True
Terman1029,Terman1029:perception of domestic human rights conditions:hyp1,GENDER,Male,47.593582887700535,48.70431893687708,1.1107360491765448,True
Terman1029,Terman1029:perception of domestic human rights conditions:hyp1,race_4,Black,11.229946524064172,11.893687707641195,0.6637411835770237,True
Terman1029,Terman1029:perception of domestic human rights conditions:hyp1,race_4,White,66.84491978609626,64.58471760797342,2.2602021781228387,True
Terman1029,Terman1029:perception of domestic human rights conditions:hyp1,race_4,__MISSING__,21.92513368983957,23.521594684385384,1.596460994545815,True
Terman1029,Terman1029:perception of domestic human rights conditions:hyp1,pid_3,Democrat,47.860962566844925,49.501661129568106,1.6406985627231805,True
Terman1029,Terman1029:perception of domestic human rights conditions:hyp1,pid_3,Independent,16.844919786096256,16.01328903654485,0.8316307495514046,True
Terman1029,Terman1029:perception of domestic human rights conditions:hyp1,pid_3,Republican,35.294117647058826,34.48504983388705,0.8090678131717794,True
Terman1029,Terman1029:perception of domestic human rights conditions:hyp1,age_5,Older than 50,45.72192513368984,47.906976744186046,2.1850516104962097,True
Terman1029,Terman1029:perception of domestic human rights conditions:hyp1,age_5,Younger than 50,54.278074866310156,52.093023255813954,2.1850516104962026,True
Terman1029,Terman1029:perception of domestic human rights conditions:hyp1,EDUC4,College,31.550802139037433,34.01993355481728,2.469131415779845,True
Terman1029,Terman1029:perception of domestic human rights conditions:hyp1,EDUC4,Non-College,68.44919786096256,65.98006644518273,2.4691314157798274,True
Terman1029,Terman1029:perception of domestic human rights conditions:hyp2,GENDER,Female,54.02597402597402,51.302083333333336,2.723890692640687,True
Terman1029,Terman1029:perception of domestic human rights conditions:hyp2,GENDER,Male,45.97402597402597,48.69791666666667,2.723890692640701,True
Terman1029,Terman1029:perception of domestic human rights conditions:hyp2,race_4,Black,13.766233766233766,10.416666666666668,3.349567099567098,True
Terman1029,Terman1029:perception of domestic human rights conditions:hyp2,race_4,White,65.45454545454545,65.625,0.17045454545454675,True
Terman1029,Terman1029:perception of domestic human rights conditions:hyp2,race_4,__MISSING__,20.77922077922078,23.958333333333336,3.1791125541125567,True
Terman1029,Terman1029:perception of domestic human rights conditions:hyp2,pid_3,Democrat,50.38961038961038,42.1875,8.202110389610382,True
Terman1029,Terman1029:perception of domestic human rights conditions:hyp2,pid_3,Independent,13.506493506493506,17.708333333333336,4.20183982683983,True
Terman1029,Terman1029:perception of domestic human rights conditions:hyp2,pid_3,Republican,36.103896103896105,40.10416666666667,4.000270562770567,True
Terman1029,Terman1029:perception of domestic human rights conditions:hyp2,age_5,Older than 50,48.57142857142857,47.13541666666667,1.436011904761898,True
Terman1029,Terman1029:perception of domestic human rights conditions:hyp2,age_5,Younger than 50,51.42857142857142,52.864583333333336,1.4360119047619122,True
Terman1029,Terman1029:perception of domestic human rights conditions:hyp2,EDUC4,College,30.129870129870127,34.89583333333333,4.765963203463201,True
Terman1029,Terman1029:perception of domestic human rights conditions:hyp2,EDUC4,Non-College,69.87012987012987,65.10416666666666,4.765963203463215,True
Terman1029,Terman1029:perception of domestic human rights conditions:hyp3,GENDER,Female,48.311688311688314,51.566951566951566,3.2552632552632517,True
Terman1029,Terman1029:perception of domestic human rights conditions:hyp3,GENDER,Male,51.688311688311686,48.433048433048434,3.2552632552632517,True
Terman1029,Terman1029:perception of domestic human rights conditions:hyp3,race_4,Black,10.909090909090908,12.535612535612536,1.6265216265216278,True
Terman1029,Terman1029:perception of domestic human rights conditions:hyp3,race_4,White,63.63636363636363,63.53276353276354,0.10360010360009397,True
Terman1029,Terman1029:perception of domestic human rights conditions:hyp3,race_4,__MISSING__,25.454545454545453,23.931623931623932,1.5229215229215214,True
Terman1029,Terman1029:perception of domestic human rights conditions:hyp3,pid_3,Democrat,52.72727272727272,52.991452991452995,0.2641802641802755,True
Terman1029,Terman1029:perception of domestic human rights conditions:hyp3,pid_3,Independent,16.363636363636363,16.524216524216524,0.16058016058016022,True
Terman1029,Terman1029:perception of domestic human rights conditions:hyp3,pid_3,Republican,30.909090909090907,30.484330484330485,0.42476042476042153,True
Terman1029,Terman1029:perception of domestic human rights conditions:hyp3,age_5,Older than 50,47.79220779220779,48.148148148148145,0.3559403559403549,True
Terman1029,Terman1029:perception of domestic human rights conditions:hyp3,age_5,Younger than 50,52.2077922077922,51.85185185185185,0.3559403559403549,True
Terman1029,Terman1029:perception of domestic human rights conditions:hyp3,EDUC4,College,34.80519480519481,36.46723646723647,1.6620416620416592,True
Terman1029,Terman1029:perception of domestic human rights conditions:hyp3,EDUC4,Non-College,65.1948051948052,63.53276353276354,1.6620416620416592,True
WallaceS9,WallaceS9:credibility:hyp1,GENDER,Female,56.14035087719298,56.566970091027315,0.42661921383433565,True
WallaceS9,WallaceS9:credibility:hyp1,GENDER,Male,43.859649122807014,43.43302990897269,0.42661921383432144,True
WallaceS9,WallaceS9:credibility:hyp1,race_4,Black,9.210526315789473,10.143042912873861,0.9325165970843887,True
WallaceS9,WallaceS9:credibility:hyp1,race_4,White,63.1578947368421,66.31989596879063,3.16200123194853,True
WallaceS9,WallaceS9:credibility:hyp1,race_4,__MISSING__,27.631578947368425,23.5370611183355,4.094517829032924,True
WallaceS9,WallaceS9:credibility:hyp1,pid_3,Democrat,49.122807017543856,52.79583875162549,3.6730317340816327,True
WallaceS9,WallaceS9:credibility:hyp1,pid_3,Independent,13.157894736842104,15.864759427828348,2.7068646909862437,True
WallaceS9,WallaceS9:credibility:hyp1,pid_3,Republican,37.280701754385966,30.689206762028608,6.591494992357358,True
WallaceS9,WallaceS9:credibility:hyp1,pid_3,__MISSING__,0.43859649122807015,0.6501950585175552,0.21159856728948506,True
WallaceS9,WallaceS9:credibility:hyp1,age_5,Older than 50,48.68421052631579,47.724317295188555,0.9598932311272321,True
WallaceS9,WallaceS9:credibility:hyp1,age_5,Younger than 50,51.31578947368421,52.275682704811445,0.9598932311272321,True
WallaceS9,WallaceS9:credibility:hyp1,EDUC4,College,35.96491228070175,33.68010403120936,2.284808249492393,True
WallaceS9,WallaceS9:credibility:hyp1,EDUC4,Non-College,64.03508771929825,66.31989596879063,2.284808249492386,True
WallaceS9,WallaceS9:credibility:hyp1,ideo_3,Conservative,27.631578947368425,24.967490247074124,2.6640887002943003,True
WallaceS9,WallaceS9:credibility:hyp1,ideo_3,Liberal,24.12280701754386,25.8777633289987,1.7549563114548405,True
WallaceS9,WallaceS9:credibility:hyp1,ideo_3,Moderate,46.05263157894737,47.33420026007803,1.2815686811306577,True
WallaceS9,WallaceS9:credibility:hyp1,ideo_3,__MISSING__,2.1929824561403506,1.8205461638491547,0.3724362922911959,True
WallaceS9,WallaceS9:president_approval:hyp1,GENDER,Female,56.33187772925764,56.27425614489003,0.05762158436760956,True
WallaceS9,WallaceS9:president_approval:hyp1,GENDER,Male,43.66812227074236,43.72574385510996,0.05762158436760245,True
WallaceS9,WallaceS9:president_approval:hyp1,race_4,Black,10.043668122270741,10.090556274256144,0.04688815198540297,True
WallaceS9,WallaceS9:president_approval:hyp1,race_4,White,62.44541484716157,66.36481241914618,3.9193975719846037,True
WallaceS9,WallaceS9:president_approval:hyp1,race_4,__MISSING__,27.510917030567683,23.544631306597672,3.9662857239700102,True
WallaceS9,WallaceS9:president_approval:hyp1,pid_3,Democrat,49.34497816593886,52.91073738680466,3.5657592208658,True
WallaceS9,WallaceS9:president_approval:hyp1,pid_3,Independent,13.100436681222707,15.782664941785251,2.6822282605625443,True
WallaceS9,WallaceS9:president_approval:hyp1,pid_3,Republican,37.117903930131,30.659767141009052,6.458136789121948,True
WallaceS9,WallaceS9:president_approval:hyp1,pid_3,__MISSING__,0.43668122270742354,0.646830530401035,0.21014930769361145,True
WallaceS9,WallaceS9:president_approval:hyp1,age_5,Older than 50,49.34497816593886,47.73609314359638,1.6088850223424842,True
WallaceS9,WallaceS9:president_approval:hyp1,age_5,Younger than 50,50.65502183406113,52.26390685640362,1.6088850223424913,True
WallaceS9,WallaceS9:president_approval:hyp1,EDUC4,College,36.24454148471616,33.76455368693402,2.4799877977821367,True
WallaceS9,WallaceS9:president_approval:hyp1,EDUC4,Non-College,63.75545851528385,66.23544631306598,2.4799877977821296,True
WallaceS9,WallaceS9:president_approval:hyp1,ideo_3,Conservative,28.38427947598253,24.967658473479947,3.416621002502584,True
WallaceS9,WallaceS9:president_approval:hyp1,ideo_3,Liberal,24.017467248908297,25.74385510996119,1.726387861052892,True
WallaceS9,WallaceS9:president_approval:hyp1,ideo_3,Moderate,45.414847161572055,47.347994825355755,1.9331476637837,True
WallaceS9,WallaceS9:president_approval:hyp1,ideo_3,__MISSING__,2.1834061135371177,1.9404915912031047,0.242914522334013,True
Williamson859,Williamson859:Food stamps:hyp1,GENDER,Female,53.96825396825397,55.55555555555556,1.5873015873015888,True
Williamson859,Williamson859:Food stamps:hyp1,GENDER,Male,46.03174603174603,44.44444444444444,1.5873015873015888,True
Williamson859,Williamson859:Food stamps:hyp1,race_4,Black,11.507936507936508,10.912698412698413,0.5952380952380949,True
Williamson859,Williamson859:Food stamps:hyp1,race_4,White,64.0873015873016,67.06349206349206,2.9761904761904674,True
Williamson859,Williamson859:Food stamps:hyp1,race_4,__MISSING__,24.404761904761905,22.023809523809522,2.380952380952383,True
Williamson859,Williamson859:Food stamps:hyp1,pid_3,Democrat,46.82539682539682,49.2063492063492,2.3809523809523796,True
Williamson859,Williamson859:Food stamps:hyp1,pid_3,Independent,15.476190476190476,18.650793650793652,3.1746031746031758,True
Williamson859,Williamson859:Food stamps:hyp1,pid_3,Republican,37.698412698412696,31.746031746031743,5.9523809523809526,True
Williamson859,Williamson859:Food stamps:hyp1,pid_3,__MISSING__,0.0,0.3968253968253968,0.3968253968253968,True
Williamson859,Williamson859:Food stamps:hyp1,age_5,Older than 50,48.61111111111111,46.42857142857143,2.1825396825396766,True
Williamson859,Williamson859:Food stamps:hyp1,age_5,Younger than 50,51.388888888888886,53.57142857142857,2.1825396825396837,True
Williamson859,Williamson859:Food stamps:hyp1,EDUC4,College,32.93650793650794,36.11111111111111,3.1746031746031704,True
Williamson859,Williamson859:Food stamps:hyp1,EDUC4,Non-College,67.06349206349206,63.888888888888886,3.1746031746031775,True
Williamson859,Williamson859:Food stamps:hyp1,ideo_3,Conservative,29.563492063492063,26.190476190476193,3.37301587301587,True
Williamson859,Williamson859:Food stamps:hyp1,ideo_3,Liberal,25.396825396825395,24.801587301587304,0.5952380952380913,True
Williamson859,Williamson859:Food stamps:hyp1,ideo_3,Moderate,42.06349206349206,46.62698412698413,4.563492063492063,True
Williamson859,Williamson859:Food stamps:hyp1,ideo_3,__MISSING__,2.976190476190476,2.380952380952381,0.5952380952380949,True
Williamson859,Williamson859:Military:hyp1,GENDER,Female,53.96825396825397,55.46719681908549,1.4989428508315186,True
Williamson859,Williamson859:Military:hyp1,GENDER,Male,46.03174603174603,44.53280318091451,1.4989428508315186,True
Williamson859,Williamson859:Military:hyp1,race_4,Black,11.507936507936508,10.73558648111332,0.7723500268231884,True
Williamson859,Williamson859:Military:hyp1,race_4,White,64.28571428571429,67.19681908548708,2.9111047997727866,True
Williamson859,Williamson859:Military:hyp1,race_4,__MISSING__,24.206349206349206,22.067594433399602,2.1387547729496035,True
Williamson859,Williamson859:Military:hyp1,pid_3,Democrat,46.62698412698413,49.10536779324055,2.478383666256427,True
Williamson859,Williamson859:Military:hyp1,pid_3,Independent,15.476190476190476,18.687872763419485,3.2116822872290083,True
Williamson859,Williamson859:Military:hyp1,pid_3,Republican,37.89682539682539,31.809145129224653,6.087680267600739,True
Williamson859,Williamson859:Military:hyp1,pid_3,__MISSING__,0.0,0.3976143141153081,0.3976143141153081,True
Williamson859,Williamson859:Military:hyp1,age_5,Older than 50,48.80952380952381,46.3220675944334,2.487456215090411,True
Williamson859,Williamson859:Military:hyp1,age_5,Younger than 50,51.19047619047619,53.677932405566594,2.487456215090404,True
Williamson859,Williamson859:Military:hyp1,EDUC4,College,32.93650793650794,36.18290258449304,3.246394647985106,True
Williamson859,Williamson859:Military:hyp1,EDUC4,Non-College,67.06349206349206,63.817097415506964,3.246394647985099,True
Williamson859,Williamson859:Military:hyp1,ideo_3,Conservative,29.761904761904763,26.24254473161034,3.519360030294422,True
Williamson859,Williamson859:Military:hyp1,ideo_3,Liberal,25.198412698412696,24.85089463220676,0.34751806620593584,True
Williamson859,Williamson859:Military:hyp1,ideo_3,Moderate,42.06349206349206,46.52087475149106,4.457382687998994,True
Williamson859,Williamson859:Military:hyp1,ideo_3,__MISSING__,2.976190476190476,2.3856858846918487,0.5905045914986271,True
Williamson859,Williamson859:Social Security:hyp1,GENDER,Female,53.86138613861387,55.666003976143145,1.8046178375292783,True
Williamson859,Williamson859:Social Security:hyp1,GENDER,Male,46.13861386138614,44.333996023856855,1.8046178375292854,True
Williamson859,Williamson859:Social Security:hyp1,race_4,Black,11.683168316831685,10.934393638170974,0.7487746786607108,True
Williamson859,Williamson859:Social Security:hyp1,race_4,White,64.15841584158416,66.99801192842942,2.839596086845262,True
Williamson859,Williamson859:Social Security:hyp1,race_4,__MISSING__,24.15841584158416,22.067594433399602,2.0908214081845564,True
Williamson859,Williamson859:Social Security:hyp1,pid_3,Democrat,46.53465346534654,49.30417495029821,2.7695214849516745,True
Williamson859,Williamson859:Social Security:hyp1,pid_3,Independent,15.643564356435643,18.687872763419485,3.0443084069838413,True
Williamson859,Williamson859:Social Security:hyp1,pid_3,Republican,37.82178217821782,31.610337972166995,6.211444206050828,True
Williamson859,Williamson859:Social Security:hyp1,pid_3,__MISSING__,0.0,0.3976143141153081,0.3976143141153081,True
Williamson859,Williamson859:Social Security:hyp1,age_5,Older than 50,48.91089108910891,46.3220675944334,2.588823494675509,True
Williamson859,Williamson859:Social Security:hyp1,age_5,Younger than 50,51.08910891089109,53.677932405566594,2.588823494675502,True
Williamson859,Williamson859:Social Security:hyp1,EDUC4,College,32.87128712871287,35.984095427435385,3.1128082987225127,True
Williamson859,Williamson859:Social Security:hyp1,EDUC4,Non-College,67.12871287128714,64.01590457256461,3.112808298722527,True
Williamson859,Williamson859:Social Security:hyp1,ideo_3,Conservative,29.7029702970297,26.043737574552683,3.659232722477018,True
Williamson859,Williamson859:Social Security:hyp1,ideo_3,Liberal,25.14851485148515,24.85089463220676,0.29762021927838944,True
Williamson859,Williamson859:Social Security:hyp1,ideo_3,Moderate,41.98019801980198,46.71968190854871,4.739483888746726,True
Williamson859,Williamson859:Social Security:hyp1,ideo_3,__MISSING__,3.1683168316831685,2.3856858846918487,0.7826309469913197,True
bolsenM6,bolsenM6:Providing Personal Pronouns:hyp1,GENDER,Female,54.83870967741935,52.97157622739018,1.867133450029172,True
bolsenM6,bolsenM6:Providing Personal Pronouns:hyp1,GENDER,Male,45.16129032258064,47.02842377260982,1.8671334500291792,True
bolsenM6,bolsenM6:Providing Personal Pronouns:hyp1,race_4,Black,9.67741935483871,13.695090439276486,4.017671084437776,True
bolsenM6,bolsenM6:Providing Personal Pronouns:hyp1,race_4,White,63.77171215880894,64.34108527131784,0.5693731125088988,True
bolsenM6,bolsenM6:Providing Personal Pronouns:hyp1,race_4,__MISSING__,26.550868486352357,21.963824289405682,4.587044196946675,True
bolsenM6,bolsenM6:Providing Personal Pronouns:hyp1,pid_3,Democrat,42.92803970223325,48.320413436692505,5.392373734459255,True
bolsenM6,bolsenM6:Providing Personal Pronouns:hyp1,pid_3,Independent,20.34739454094293,15.503875968992247,4.843518571950682,True
bolsenM6,bolsenM6:Providing Personal Pronouns:hyp1,pid_3,Republican,36.72456575682382,35.65891472868217,1.0656510281416516,True
bolsenM6,bolsenM6:Providing Personal Pronouns:hyp1,pid_3,__MISSING__,0.0,0.516795865633075,0.516795865633075,True
bolsenM6,bolsenM6:Providing Personal Pronouns:hyp1,age_5,Older than 50,45.40942928039702,50.64599483204134,5.236565551644318,True
bolsenM6,bolsenM6:Providing Personal Pronouns:hyp1,age_5,Younger than 50,54.59057071960298,49.35400516795866,5.236565551644318,True
bolsenM6,bolsenM6:Providing Personal Pronouns:hyp1,EDUC4,College,32.25806451612903,34.883720930232556,2.625656414103524,True
bolsenM6,bolsenM6:Providing Personal Pronouns:hyp1,EDUC4,Non-College,67.74193548387096,65.11627906976744,2.625656414103517,True
bolsenM6,bolsenM6:Providing Personal Pronouns:hyp1,ideo_3,Conservative,11.662531017369728,13.953488372093023,2.290957354723295,True
bolsenM6,bolsenM6:Providing Personal Pronouns:hyp1,ideo_3,Liberal,73.20099255583126,70.80103359173127,2.3999589640999943,True
bolsenM6,bolsenM6:Providing Personal Pronouns:hyp1,ideo_3,Moderate,13.895781637717123,13.953488372093023,0.057706734375900126,True
bolsenM6,bolsenM6:Providing Personal Pronouns:hyp1,ideo_3,__MISSING__,1.240694789081886,1.2919896640826873,0.05129487500080132,True
bolsenM6,bolsenM6:Providing Personal Pronouns:hyp2,GENDER,Female,47.901234567901234,52.97157622739018,5.070341659488946,True
bolsenM6,bolsenM6:Providing Personal Pronouns:hyp2,GENDER,Male,52.09876543209877,47.02842377260982,5.070341659488953,True
bolsenM6,bolsenM6:Providing Personal Pronouns:hyp2,race_4,Black,12.345679012345679,13.695090439276486,1.349411426930807,True
bolsenM6,bolsenM6:Providing Personal Pronouns:hyp2,race_4,White,63.456790123456784,64.34108527131784,0.884295147861053,True
bolsenM6,bolsenM6:Providing Personal Pronouns:hyp2,race_4,__MISSING__,24.19753086419753,21.963824289405682,2.2337065747918494,True
bolsenM6,bolsenM6:Providing Personal Pronouns:hyp2,pid_3,Democrat,45.67901234567901,48.320413436692505,2.641401091013492,True
bolsenM6,bolsenM6:Providing Personal Pronouns:hyp2,pid_3,Independent,18.02469135802469,15.503875968992247,2.5208153890324425,True
bolsenM6,bolsenM6:Providing Personal Pronouns:hyp2,pid_3,Republican,36.04938271604938,35.65891472868217,0.39046798736720945,True
bolsenM6,bolsenM6:Providing Personal Pronouns:hyp2,pid_3,__MISSING__,0.24691358024691357,0.516795865633075,0.26988228538616144,True
bolsenM6,bolsenM6:Providing Personal Pronouns:hyp2,age_5,Older than 50,45.18518518518518,50.64599483204134,5.4608096468561556,True
bolsenM6,bolsenM6:Providing Personal Pronouns:hyp2,age_5,Younger than 50,54.81481481481482,49.35400516795866,5.4608096468561556,True
bolsenM6,bolsenM6:Providing Personal Pronouns:hyp2,EDUC4,College,36.04938271604938,34.883720930232556,1.1656617858168232,True
bolsenM6,bolsenM6:Providing Personal Pronouns:hyp2,EDUC4,Non-College,63.95061728395062,65.11627906976744,1.1656617858168232,True
bolsenM6,bolsenM6:Providing Personal Pronouns:hyp2,ideo_3,Conservative,13.086419753086421,13.953488372093023,0.8670686190066021,True
bolsenM6,bolsenM6:Providing Personal Pronouns:hyp2,ideo_3,Liberal,69.38271604938272,70.80103359173127,1.4183175423485466,True
bolsenM6,bolsenM6:Providing Personal Pronouns:hyp2,ideo_3,Moderate,16.049382716049383,13.953488372093023,2.0958943439563598,True
bolsenM6,bolsenM6:Providing Personal Pronouns:hyp2,ideo_3,__MISSING__,1.4814814814814816,1.2919896640826873,0.18949181739879428,True
bolsenM6,bolsenM6:Providing Personal Pronouns:hyp3,GENDER,Female,51.507537688442206,52.97157622739018,1.4640385389479746,True
bolsenM6,bolsenM6:Providing Personal Pronouns:hyp3,GENDER,Male,48.49246231155779,47.02842377260982,1.4640385389479675,True
bolsenM6,bolsenM6:Providing Personal Pronouns:hyp3,race_4,Black,12.814070351758794,13.695090439276486,0.8810200875176921,True
bolsenM6,bolsenM6:Providing Personal Pronouns:hyp3,race_4,White,64.321608040201,64.34108527131784,0.019477231116837856,True
bolsenM6,bolsenM6:Providing Personal Pronouns:hyp3,race_4,__MISSING__,22.8643216080402,21.963824289405682,0.9004973186345175,True
bolsenM6,bolsenM6:Providing Personal Pronouns:hyp3,pid_3,Democrat,46.984924623115575,48.320413436692505,1.33548881357693,True
bolsenM6,bolsenM6:Providing Personal Pronouns:hyp3,pid_3,Independent,19.09547738693467,15.503875968992247,3.5916014179424245,True
bolsenM6,bolsenM6:Providing Personal Pronouns:hyp3,pid_3,Republican,33.91959798994975,35.65891472868217,1.7393167387324198,True
bolsenM6,bolsenM6:Providing Personal Pronouns:hyp3,pid_3,__MISSING__,0.0,0.516795865633075,0.516795865633075,True
bolsenM6,bolsenM6:Providing Personal Pronouns:hyp3,age_5,Older than 50,47.73869346733669,50.64599483204134,2.907301364704651,True
bolsenM6,bolsenM6:Providing Personal Pronouns:hyp3,age_5,Younger than 50,52.26130653266332,49.35400516795866,2.907301364704658,True
bolsenM6,bolsenM6:Providing Personal Pronouns:hyp3,EDUC4,College,36.93467336683417,34.883720930232556,2.0509524366016123,True
bolsenM6,bolsenM6:Providing Personal Pronouns:hyp3,EDUC4,Non-College,63.06532663316583,65.11627906976744,2.0509524366016123,True
bolsenM6,bolsenM6:Providing Personal Pronouns:hyp3,ideo_3,Conservative,10.552763819095476,13.953488372093023,3.4007245529975467,True
bolsenM6,bolsenM6:Providing Personal Pronouns:hyp3,ideo_3,Liberal,73.61809045226131,70.80103359173127,2.8170568605300446,True
bolsenM6,bolsenM6:Providing Personal Pronouns:hyp3,ideo_3,Moderate,15.326633165829145,13.953488372093023,1.373144793736122,True
bolsenM6,bolsenM6:Providing Personal Pronouns:hyp3,ideo_3,__MISSING__,0.5025125628140703,1.2919896640826873,0.789477101268617,True
bolsenM6,bolsenM6:They/Them Pronouns in Forms:hyp1,GENDER,Female,54.81481481481482,52.72727272727272,2.087542087542097,True
bolsenM6,bolsenM6:They/Them Pronouns in Forms:hyp1,GENDER,Male,45.18518518518518,47.27272727272727,2.08754208754209,True
bolsenM6,bolsenM6:They/Them Pronouns in Forms:hyp1,race_4,Black,10.123456790123457,13.246753246753245,3.123296456629788,True
bolsenM6,bolsenM6:They/Them Pronouns in Forms:hyp1,race_4,White,63.456790123456784,64.67532467532467,1.21853455186789,True
bolsenM6,bolsenM6:They/Them Pronouns in Forms:hyp1,race_4,__MISSING__,26.41975308641975,22.07792207792208,4.341831008497671,True
bolsenM6,bolsenM6:They/Them Pronouns in Forms:hyp1,pid_3,Democrat,42.46913580246914,48.311688311688314,5.842552509219175,True
bolsenM6,bolsenM6:They/Them Pronouns in Forms:hyp1,pid_3,Independent,20.74074074074074,15.324675324675324,5.4160654160654165,True
bolsenM6,bolsenM6:They/Them Pronouns in Forms:hyp1,pid_3,Republican,36.79012345679013,35.84415584415584,0.9459676126342842,True
bolsenM6,bolsenM6:They/Them Pronouns in Forms:hyp1,pid_3,__MISSING__,0.0,0.5194805194805194,0.5194805194805194,True
bolsenM6,bolsenM6:They/Them Pronouns in Forms:hyp1,age_5,Older than 50,45.18518518518518,50.649350649350644,5.464165464165461,True
bolsenM6,bolsenM6:They/Them Pronouns in Forms:hyp1,age_5,Younger than 50,54.81481481481482,49.35064935064935,5.464165464165468,True
bolsenM6,bolsenM6:They/Them Pronouns in Forms:hyp1,EDUC4,College,31.851851851851855,35.064935064935064,3.213083213083209,True
bolsenM6,bolsenM6:They/Them Pronouns in Forms:hyp1,EDUC4,Non-College,68.14814814814815,64.93506493506493,3.213083213083223,True
bolsenM6,bolsenM6:They/Them Pronouns in Forms:hyp1,ideo_3,Conservative,11.851851851851853,14.025974025974024,2.1741221741221715,True
bolsenM6,bolsenM6:They/Them Pronouns in Forms:hyp1,ideo_3,Liberal,72.5925925925926,70.64935064935065,1.9432419432419437,True
bolsenM6,bolsenM6:They/Them Pronouns in Forms:hyp1,ideo_3,Moderate,13.82716049382716,14.025974025974024,0.1988135321468647,True
bolsenM6,bolsenM6:They/Them Pronouns in Forms:hyp1,ideo_3,__MISSING__,1.728395061728395,1.2987012987012987,0.4296937630270963,True
bolsenM6,bolsenM6:They/Them Pronouns in Forms:hyp2,GENDER,Female,47.654320987654316,52.72727272727272,5.072951739618404,True
bolsenM6,bolsenM6:They/Them Pronouns in Forms:hyp2,GENDER,Male,52.345679012345684,47.27272727272727,5.072951739618411,True
bolsenM6,bolsenM6:They/Them Pronouns in Forms:hyp2,race_4,Black,12.345679012345679,13.246753246753245,0.9010742344075666,True
bolsenM6,bolsenM6:They/Them Pronouns in Forms:hyp2,race_4,White,63.70370370370371,64.67532467532467,0.9716209716209647,True
bolsenM6,bolsenM6:They/Them Pronouns in Forms:hyp2,race_4,__MISSING__,23.950617283950617,22.07792207792208,1.8726952060285385,True
bolsenM6,bolsenM6:They/Them Pronouns in Forms:hyp2,pid_3,Democrat,45.925925925925924,48.311688311688314,2.3857623857623906,True
bolsenM6,bolsenM6:They/Them Pronouns in Forms:hyp2,pid_3,Independent,17.77777777777778,15.324675324675324,2.4531024531024546,True
bolsenM6,bolsenM6:They/Them Pronouns in Forms:hyp2,pid_3,Republican,36.04938271604938,35.84415584415584,0.2052268718935366,True
bolsenM6,bolsenM6:They/Them Pronouns in Forms:hyp2,pid_3,__MISSING__,0.24691358024691357,0.5194805194805194,0.27256693923360586,True
bolsenM6,bolsenM6:They/Them Pronouns in Forms:hyp2,age_5,Older than 50,45.4320987654321,50.649350649350644,5.217251883918543,True
bolsenM6,bolsenM6:They/Them Pronouns in Forms:hyp2,age_5,Younger than 50,54.567901234567906,49.35064935064935,5.217251883918557,True
bolsenM6,bolsenM6:They/Them Pronouns in Forms:hyp2,EDUC4,College,36.04938271604938,35.064935064935064,0.9844476511143156,True
bolsenM6,bolsenM6:They/Them Pronouns in Forms:hyp2,EDUC4,Non-College,63.95061728395062,64.93506493506493,0.9844476511143085,True
bolsenM6,bolsenM6:They/Them Pronouns in Forms:hyp2,ideo_3,Conservative,13.086419753086421,14.025974025974024,0.9395542728876034,True
bolsenM6,bolsenM6:They/Them Pronouns in Forms:hyp2,ideo_3,Liberal,69.38271604938272,70.64935064935065,1.2666345999679294,True
bolsenM6,bolsenM6:They/Them Pronouns in Forms:hyp2,ideo_3,Moderate,16.049382716049383,14.025974025974024,2.0234086900753585,True
bolsenM6,bolsenM6:They/Them Pronouns in Forms:hyp2,ideo_3,__MISSING__,1.4814814814814816,1.2987012987012987,0.18278018278018293,True
bolsenM6,bolsenM6:They/Them Pronouns in Forms:hyp3,GENDER,Female,51.256281407035175,52.72727272727272,1.4709913202375446,True
bolsenM6,bolsenM6:They/Them Pronouns in Forms:hyp3,GENDER,Male,48.743718592964825,47.27272727272727,1.4709913202375517,True
bolsenM6,bolsenM6:They/Them Pronouns in Forms:hyp3,race_4,Black,12.814070351758794,13.246753246753245,0.43268289499445167,True
bolsenM6,bolsenM6:They/Them Pronouns in Forms:hyp3,race_4,White,64.321608040201,64.67532467532467,0.3537166351236749,True
bolsenM6,bolsenM6:They/Them Pronouns in Forms:hyp3,race_4,__MISSING__,22.8643216080402,22.07792207792208,0.7863995301181212,True
bolsenM6,bolsenM6:They/Them Pronouns in Forms:hyp3,pid_3,Democrat,46.984924623115575,48.311688311688314,1.3267636885727399,True
bolsenM6,bolsenM6:They/Them Pronouns in Forms:hyp3,pid_3,Independent,19.09547738693467,15.324675324675324,3.7708020622593477,True
bolsenM6,bolsenM6:They/Them Pronouns in Forms:hyp3,pid_3,Republican,33.91959798994975,35.84415584415584,1.9245578542060926,True
bolsenM6,bolsenM6:They/Them Pronouns in Forms:hyp3,pid_3,__MISSING__,0.0,0.5194805194805194,0.5194805194805194,True
bolsenM6,bolsenM6:They/Them Pronouns in Forms:hyp3,age_5,Older than 50,47.73869346733669,50.649350649350644,2.9106571820139564,True
bolsenM6,bolsenM6:They/Them Pronouns in Forms:hyp3,age_5,Younger than 50,52.26130653266332,49.35064935064935,2.9106571820139706,True
bolsenM6,bolsenM6:They/Them Pronouns in Forms:hyp3,EDUC4,College,36.93467336683417,35.064935064935064,1.8697383018991047,True
bolsenM6,bolsenM6:They/Them Pronouns in Forms:hyp3,EDUC4,Non-College,63.06532663316583,64.93506493506493,1.8697383018990976,True
bolsenM6,bolsenM6:They/Them Pronouns in Forms:hyp3,ideo_3,Conservative,10.552763819095476,14.025974025974024,3.473210206878548,True
bolsenM6,bolsenM6:They/Them Pronouns in Forms:hyp3,ideo_3,Liberal,73.61809045226131,70.64935064935065,2.9687398029106618,True
bolsenM6,bolsenM6:They/Them Pronouns in Forms:hyp3,ideo_3,Moderate,15.326633165829145,14.025974025974024,1.3006591398551208,True
bolsenM6,bolsenM6:They/Them Pronouns in Forms:hyp3,ideo_3,__MISSING__,0.5025125628140703,1.2987012987012987,0.7961887358872284,True
bolsenM6,bolsenM6:Using They/Them Pronouns:hyp1,GENDER,Female,55.28255528255528,53.125,2.157555282555279,True
bolsenM6,bolsenM6:Using They/Them Pronouns:hyp1,GENDER,Male,44.717444717444714,46.875,2.157555282555286,True
bolsenM6,bolsenM6:Using They/Them Pronouns:hyp1,race_4,Black,10.073710073710075,13.541666666666666,3.4679565929565914,True
bolsenM6,bolsenM6:Using They/Them Pronouns:hyp1,race_4,White,63.63636363636363,64.32291666666666,0.6865530303030241,True
bolsenM6,bolsenM6:Using They/Them Pronouns:hyp1,race_4,__MISSING__,26.289926289926292,22.135416666666664,4.154509623259628,True
bolsenM6,bolsenM6:Using They/Them Pronouns:hyp1,pid_3,Democrat,42.26044226044226,48.4375,6.177057739557739,True
bolsenM6,bolsenM6:Using They/Them Pronouns:hyp1,pid_3,Independent,20.884520884520885,15.364583333333334,5.519937551187551,True
bolsenM6,bolsenM6:Using They/Them Pronouns:hyp1,pid_3,Republican,36.85503685503686,35.67708333333333,1.1779535217035288,True
bolsenM6,bolsenM6:Using They/Them Pronouns:hyp1,pid_3,__MISSING__,0.0,0.5208333333333333,0.5208333333333333,True
bolsenM6,bolsenM6:Using They/Them Pronouns:hyp1,age_5,Older than 50,44.96314496314496,51.041666666666664,6.078521703521702,True
bolsenM6,bolsenM6:Using They/Them Pronouns:hyp1,age_5,Younger than 50,55.03685503685504,48.95833333333333,6.078521703521709,True
bolsenM6,bolsenM6:Using They/Them Pronouns:hyp1,EDUC4,College,31.941031941031937,35.15625,3.2152180589680626,True
bolsenM6,bolsenM6:Using They/Them Pronouns:hyp1,EDUC4,Non-College,68.05896805896806,64.84375,3.2152180589680626,True
bolsenM6,bolsenM6:Using They/Them Pronouns:hyp1,ideo_3,Conservative,12.039312039312039,14.0625,2.0231879606879613,True
bolsenM6,bolsenM6:Using They/Them Pronouns:hyp1,ideo_3,Liberal,72.23587223587224,70.83333333333334,1.4025389025388932,True
bolsenM6,bolsenM6:Using They/Them Pronouns:hyp1,ideo_3,Moderate,14.004914004914005,13.802083333333334,0.2028306715806707,True
bolsenM6,bolsenM6:Using They/Them Pronouns:hyp1,ideo_3,__MISSING__,1.71990171990172,1.3020833333333335,0.41781838656838644,True
bolsenM6,bolsenM6:Using They/Them Pronouns:hyp2,GENDER,Female,47.654320987654316,53.125,5.470679012345684,True
bolsenM6,bolsenM6:Using They/Them Pronouns:hyp2,GENDER,Male,52.345679012345684,46.875,5.470679012345684,True
bolsenM6,bolsenM6:Using They/Them Pronouns:hyp2,race_4,Black,12.098765432098766,13.541666666666666,1.4429012345679002,True
bolsenM6,bolsenM6:Using They/Them Pronouns:hyp2,race_4,White,63.70370370370371,64.32291666666666,0.6192129629629477,True
bolsenM6,bolsenM6:Using They/Them Pronouns:hyp2,race_4,__MISSING__,24.19753086419753,22.135416666666664,2.0621141975308674,True
bolsenM6,bolsenM6:Using They/Them Pronouns:hyp2,pid_3,Democrat,45.67901234567901,48.4375,2.7584876543209873,True
bolsenM6,bolsenM6:Using They/Them Pronouns:hyp2,pid_3,Independent,18.02469135802469,15.364583333333334,2.6601080246913558,True
bolsenM6,bolsenM6:Using They/Them Pronouns:hyp2,pid_3,Republican,36.04938271604938,35.67708333333333,0.3722993827160508,True
bolsenM6,bolsenM6:Using They/Them Pronouns:hyp2,pid_3,__MISSING__,0.24691358024691357,0.5208333333333333,0.2739197530864197,True
bolsenM6,bolsenM6:Using They/Them Pronouns:hyp2,age_5,Older than 50,45.4320987654321,51.041666666666664,5.609567901234563,True
bolsenM6,bolsenM6:Using They/Them Pronouns:hyp2,age_5,Younger than 50,54.567901234567906,48.95833333333333,5.609567901234577,True
bolsenM6,bolsenM6:Using They/Them Pronouns:hyp2,EDUC4,College,36.2962962962963,35.15625,1.1400462962962976,True
bolsenM6,bolsenM6:Using They/Them Pronouns:hyp2,EDUC4,Non-College,63.70370370370371,64.84375,1.1400462962962905,True
bolsenM6,bolsenM6:Using They/Them Pronouns:hyp2,ideo_3,Conservative,13.086419753086421,14.0625,0.976080246913579,True
bolsenM6,bolsenM6:Using They/Them Pronouns:hyp2,ideo_3,Liberal,69.38271604938272,70.83333333333334,1.4506172839506206,True
bolsenM6,bolsenM6:Using They/Them Pronouns:hyp2,ideo_3,Moderate,16.049382716049383,13.802083333333334,2.247299382716049,True
bolsenM6,bolsenM6:Using They/Them Pronouns:hyp2,ideo_3,__MISSING__,1.4814814814814816,1.3020833333333335,0.17939814814814814,True
bolsenM6,bolsenM6:Using They/Them Pronouns:hyp3,GENDER,Female,51.256281407035175,53.125,1.8687185929648251,True
bolsenM6,bolsenM6:Using They/Them Pronouns:hyp3,GENDER,Male,48.743718592964825,46.875,1.8687185929648251,True
bolsenM6,bolsenM6:Using They/Them Pronouns:hyp3,race_4,Black,12.562814070351758,13.541666666666666,0.9788525963149084,True
bolsenM6,bolsenM6:Using They/Them Pronouns:hyp3,race_4,White,64.57286432160804,64.32291666666666,0.24994765494137994,True
bolsenM6,bolsenM6:Using They/Them Pronouns:hyp3,race_4,__MISSING__,22.8643216080402,22.135416666666664,0.7289049413735356,True
bolsenM6,bolsenM6:Using They/Them Pronouns:hyp3,pid_3,Democrat,46.984924623115575,48.4375,1.4525753768844254,True
bolsenM6,bolsenM6:Using They/Them Pronouns:hyp3,pid_3,Independent,19.09547738693467,15.364583333333334,3.7308940536013377,True
bolsenM6,bolsenM6:Using They/Them Pronouns:hyp3,pid_3,Republican,33.91959798994975,35.67708333333333,1.7574853433835784,True
bolsenM6,bolsenM6:Using They/Them Pronouns:hyp3,pid_3,__MISSING__,0.0,0.5208333333333333,0.5208333333333333,True
bolsenM6,bolsenM6:Using They/Them Pronouns:hyp3,age_5,Older than 50,47.73869346733669,51.041666666666664,3.3029731993299762,True
bolsenM6,bolsenM6:Using They/Them Pronouns:hyp3,age_5,Younger than 50,52.26130653266332,48.95833333333333,3.3029731993299905,True
bolsenM6,bolsenM6:Using They/Them Pronouns:hyp3,EDUC4,College,37.185929648241206,35.15625,2.0296796482412063,True
bolsenM6,bolsenM6:Using They/Them Pronouns:hyp3,EDUC4,Non-College,62.8140703517588,64.84375,2.029679648241199,True
bolsenM6,bolsenM6:Using They/Them Pronouns:hyp3,ideo_3,Conservative,10.552763819095476,14.0625,3.5097361809045236,True
bolsenM6,bolsenM6:Using They/Them Pronouns:hyp3,ideo_3,Liberal,73.61809045226131,70.83333333333334,2.7847571189279705,True
bolsenM6,bolsenM6:Using They/Them Pronouns:hyp3,ideo_3,Moderate,15.326633165829145,13.802083333333334,1.5245498324958113,True
bolsenM6,bolsenM6:Using They/Them Pronouns:hyp3,ideo_3,__MISSING__,0.5025125628140703,1.3020833333333335,0.7995707705192632,True
bucci1408,bucci1408:Rewarding:hyp1,GENDER,Female,45.81005586592179,48.26642335766424,2.456367491742448,True
bucci1408,bucci1408:Rewarding:hyp1,GENDER,Male,54.18994413407822,51.73357664233576,2.456367491742455,True
bucci1408,bucci1408:Rewarding:hyp1,race_4,Black,14.24581005586592,13.138686131386862,1.1071239244790583,True
bucci1408,bucci1408:Rewarding:hyp1,race_4,White,58.37988826815642,58.3029197080292,0.07696856012722009,True
bucci1408,bucci1408:Rewarding:hyp1,race_4,__MISSING__,27.37430167597765,28.558394160583944,1.1840924846062926,True
bucci1408,bucci1408:Rewarding:hyp1,age_5,Older than 50,31.750465549348235,30.656934306569344,1.0935312427788908,True
bucci1408,bucci1408:Rewarding:hyp1,age_5,Younger than 50,68.24953445065177,69.34306569343066,1.0935312427788944,True
bucci1408,bucci1408:Rewarding:hyp1,EDUC4,College,35.1024208566108,32.846715328467155,2.2557055281436433,True
bucci1408,bucci1408:Rewarding:hyp1,EDUC4,Non-College,64.8975791433892,67.15328467153284,2.2557055281436504,True
