study_id,effect_id,demographic_variable,category,human_analytic_pct,current_complete_case_source_pct,abs_pp_difference
AnsonBRIEF60,AnsonBRIEF60:blue_collar_positivity:hyp1,GENDER,Female,38.81748071979435,38.69047619047619,0.12700452931815676
AnsonBRIEF60,AnsonBRIEF60:blue_collar_positivity:hyp1,GENDER,Male,61.18251928020566,61.30952380952381,0.12700452931814965
AnsonBRIEF60,AnsonBRIEF60:blue_collar_positivity:hyp1,race_4,Black,4.884318766066838,5.654761904761905,0.7704431386950672
AnsonBRIEF60,AnsonBRIEF60:blue_collar_positivity:hyp1,race_4,White,80.97686375321337,94.34523809523809,13.368374342024723
AnsonBRIEF60,AnsonBRIEF60:blue_collar_positivity:hyp1,race_4,__MISSING__,14.138817480719796,0.0,14.138817480719796
AnsonBRIEF60,AnsonBRIEF60:blue_collar_positivity:hyp1,pid_3,Democrat,55.26992287917738,57.14285714285714,1.8729342636797597
AnsonBRIEF60,AnsonBRIEF60:blue_collar_positivity:hyp1,pid_3,Independent,3.8560411311053984,4.166666666666666,0.3106255355612677
AnsonBRIEF60,AnsonBRIEF60:blue_collar_positivity:hyp1,pid_3,Republican,40.87403598971722,38.69047619047619,2.1835597992410314
AnsonBRIEF60,AnsonBRIEF60:blue_collar_positivity:hyp1,age_5,Older than 50,70.95115681233933,73.80952380952381,2.8583669971844756
AnsonBRIEF60,AnsonBRIEF60:blue_collar_positivity:hyp1,age_5,Younger than 50,29.048843187660665,26.190476190476193,2.858366997184472
AnsonBRIEF60,AnsonBRIEF60:blue_collar_positivity:hyp1,EDUC4,College,43.44473007712082,44.94047619047619,1.4957461133553664
AnsonBRIEF60,AnsonBRIEF60:blue_collar_positivity:hyp1,EDUC4,Non-College,56.555269922879184,55.05952380952381,1.4957461133553736
AnsonBRIEF60,AnsonBRIEF60:blue_collar_positivity:hyp1,ideo_3,Conservative,45.24421593830334,48.51190476190476,3.267688823601418
AnsonBRIEF60,AnsonBRIEF60:blue_collar_positivity:hyp1,ideo_3,Liberal,26.47814910025707,25.595238095238095,0.8829110050189755
AnsonBRIEF60,AnsonBRIEF60:blue_collar_positivity:hyp1,ideo_3,Moderate,28.020565552699228,25.892857142857146,2.127708409842082
AnsonBRIEF60,AnsonBRIEF60:blue_collar_positivity:hyp1,ideo_3,__MISSING__,0.2570694087403599,0.0,0.2570694087403599
AnsonBRIEF60,AnsonBRIEF60:economy_positivity:hyp1,GENDER,Female,38.56041131105398,38.69047619047619,0.130064879422207
AnsonBRIEF60,AnsonBRIEF60:economy_positivity:hyp1,GENDER,Male,61.43958868894601,61.30952380952381,0.1300648794221999
AnsonBRIEF60,AnsonBRIEF60:economy_positivity:hyp1,race_4,Black,4.884318766066838,5.654761904761905,0.7704431386950672
AnsonBRIEF60,AnsonBRIEF60:economy_positivity:hyp1,race_4,White,81.23393316195373,94.34523809523809,13.111304933284359
AnsonBRIEF60,AnsonBRIEF60:economy_positivity:hyp1,race_4,__MISSING__,13.881748071979436,0.0,13.881748071979436
AnsonBRIEF60,AnsonBRIEF60:economy_positivity:hyp1,pid_3,Democrat,55.012853470437015,57.14285714285714,2.1300036724201235
AnsonBRIEF60,AnsonBRIEF60:economy_positivity:hyp1,pid_3,Independent,3.8560411311053984,4.166666666666666,0.3106255355612677
AnsonBRIEF60,AnsonBRIEF60:economy_positivity:hyp1,pid_3,Republican,41.131105398457585,38.69047619047619,2.440629207981395
AnsonBRIEF60,AnsonBRIEF60:economy_positivity:hyp1,age_5,Older than 50,71.2082262210797,73.80952380952381,2.601297588444112
AnsonBRIEF60,AnsonBRIEF60:economy_positivity:hyp1,age_5,Younger than 50,28.79177377892031,26.190476190476193,2.6012975884441154
AnsonBRIEF60,AnsonBRIEF60:economy_positivity:hyp1,EDUC4,College,43.70179948586118,44.94047619047619,1.2386767046150098
AnsonBRIEF60,AnsonBRIEF60:economy_positivity:hyp1,EDUC4,Non-College,56.29820051413882,55.05952380952381,1.2386767046150098
AnsonBRIEF60,AnsonBRIEF60:economy_positivity:hyp1,ideo_3,Conservative,45.24421593830334,48.51190476190476,3.267688823601418
AnsonBRIEF60,AnsonBRIEF60:economy_positivity:hyp1,ideo_3,Liberal,26.47814910025707,25.595238095238095,0.8829110050189755
AnsonBRIEF60,AnsonBRIEF60:economy_positivity:hyp1,ideo_3,Moderate,28.020565552699228,25.892857142857146,2.127708409842082
AnsonBRIEF60,AnsonBRIEF60:economy_positivity:hyp1,ideo_3,__MISSING__,0.2570694087403599,0.0,0.2570694087403599
Blair1131,Blair1131:Approve_Handling:hyp1,GENDER,Female,55.026455026455025,51.19798234552333,3.8284726809316965
Blair1131,Blair1131:Approve_Handling:hyp1,GENDER,Male,44.97354497354497,48.80201765447667,3.8284726809317036
Blair1131,Blair1131:Approve_Handling:hyp1,race_4,Black,12.698412698412698,13.997477931904163,1.299065233491465
Blair1131,Blair1131:Approve_Handling:hyp1,race_4,White,62.698412698412696,86.00252206809584,23.304109369683147
Blair1131,Blair1131:Approve_Handling:hyp1,race_4,__MISSING__,24.6031746031746,0.0,24.6031746031746
Blair1131,Blair1131:Approve_Handling:hyp1,pid_3,Democrat,47.61904761904761,47.41488020176545,0.20416741728216437
Blair1131,Blair1131:Approve_Handling:hyp1,pid_3,Independent,16.93121693121693,13.493064312736443,3.438152618480487
Blair1131,Blair1131:Approve_Handling:hyp1,pid_3,Republican,35.18518518518518,39.09205548549811,3.9068703003129244
Blair1131,Blair1131:Approve_Handling:hyp1,pid_3,__MISSING__,0.26455026455026454,0.0,0.26455026455026454
Blair1131,Blair1131:Approve_Handling:hyp1,age_5,Older than 50,48.67724867724868,53.97225725094577,5.295008573697096
Blair1131,Blair1131:Approve_Handling:hyp1,age_5,Younger than 50,51.32275132275132,46.02774274905423,5.295008573697096
Blair1131,Blair1131:Approve_Handling:hyp1,EDUC4,College,31.746031746031743,38.20933165195461,6.463299905922863
Blair1131,Blair1131:Approve_Handling:hyp1,EDUC4,Non-College,68.25396825396825,61.79066834804539,6.4632999059228595
Blair1131,Blair1131:Approve_Handling:hyp1,ideo_3,Conservative,26.455026455026452,29.508196721311474,3.053170266285022
Blair1131,Blair1131:Approve_Handling:hyp1,ideo_3,Liberal,42.592592592592595,47.540983606557376,4.94839101396478
Blair1131,Blair1131:Approve_Handling:hyp1,ideo_3,Moderate,19.841269841269842,22.950819672131146,3.1095498308613045
Blair1131,Blair1131:Approve_Handling:hyp1,ideo_3,__MISSING__,11.11111111111111,0.0,11.11111111111111
Blair1131,Blair1131:Approve_Handling:hyp2,GENDER,Female,48.05194805194805,51.19798234552333,3.1460342935752763
Blair1131,Blair1131:Approve_Handling:hyp2,GENDER,Male,51.94805194805194,48.80201765447667,3.146034293575269
Blair1131,Blair1131:Approve_Handling:hyp2,race_4,Black,10.38961038961039,13.997477931904163,3.607867542293773
Blair1131,Blair1131:Approve_Handling:hyp2,race_4,White,65.97402597402598,86.00252206809584,20.028496094069865
Blair1131,Blair1131:Approve_Handling:hyp2,race_4,__MISSING__,23.636363636363637,0.0,23.636363636363637
Blair1131,Blair1131:Approve_Handling:hyp2,pid_3,Democrat,49.87012987012987,47.41488020176545,2.4552496683644236
Blair1131,Blair1131:Approve_Handling:hyp2,pid_3,Independent,16.103896103896105,13.493064312736443,2.6108317911596615
Blair1131,Blair1131:Approve_Handling:hyp2,pid_3,Republican,33.246753246753244,39.09205548549811,5.845302238744864
Blair1131,Blair1131:Approve_Handling:hyp2,pid_3,__MISSING__,0.7792207792207793,0.0,0.7792207792207793
Blair1131,Blair1131:Approve_Handling:hyp2,age_5,Older than 50,45.714285714285715,53.97225725094577,8.257971536660058
Blair1131,Blair1131:Approve_Handling:hyp2,age_5,Younger than 50,54.285714285714285,46.02774274905423,8.257971536660058
Blair1131,Blair1131:Approve_Handling:hyp2,EDUC4,College,35.84415584415584,38.20933165195461,2.3651758077987637
Blair1131,Blair1131:Approve_Handling:hyp2,EDUC4,Non-College,64.15584415584415,61.79066834804539,2.3651758077987566
Blair1131,Blair1131:Approve_Handling:hyp2,ideo_3,Conservative,22.597402597402596,29.508196721311474,6.910794123908879
Blair1131,Blair1131:Approve_Handling:hyp2,ideo_3,Liberal,41.03896103896104,47.540983606557376,6.502022567596335
Blair1131,Blair1131:Approve_Handling:hyp2,ideo_3,Moderate,28.83116883116883,22.950819672131146,5.880349159037685
Blair1131,Blair1131:Approve_Handling:hyp2,ideo_3,__MISSING__,7.532467532467532,0.0,7.532467532467532
Braman751,Braman751:legitimacy:hyp1,GENDER,Female,46.32768361581921,48.11912225705329,1.7914386412340804
Braman751,Braman751:legitimacy:hyp1,GENDER,Male,53.672316384180796,51.88087774294671,1.7914386412340875
Braman751,Braman751:legitimacy:hyp1,race_4,Black,8.851224105461393,11.285266457680251,2.4340423522188583
Braman751,Braman751:legitimacy:hyp1,race_4,White,71.1864406779661,88.71473354231975,17.528292864353645
Braman751,Braman751:legitimacy:hyp1,race_4,__MISSING__,19.962335216572505,0.0,19.962335216572505
Braman751,Braman751:legitimacy:hyp1,pid_3,Democrat,46.32768361581921,50.15673981191222,3.8290561960930063
Braman751,Braman751:legitimacy:hyp1,pid_3,Independent,2.824858757062147,2.8213166144200628,0.0035421426420843005
Braman751,Braman751:legitimacy:hyp1,pid_3,Republican,50.847457627118644,47.02194357366771,3.825514053450931
Braman751,Braman751:legitimacy:hyp1,age_5,Older than 50,54.61393596986818,60.03134796238244,5.4174119925142605
Braman751,Braman751:legitimacy:hyp1,age_5,Younger than 50,45.38606403013183,39.96865203761755,5.417411992514275
Braman751,Braman751:legitimacy:hyp1,EDUC4,College,34.08662900188324,33.5423197492163,0.5443092526669417
Braman751,Braman751:legitimacy:hyp1,EDUC4,Non-College,65.91337099811676,66.4576802507837,0.5443092526669346
Braman751,Braman751:legitimacy:hyp1,ideo_3,Conservative,37.664783427495294,39.341692789968654,1.67690936247336
Braman751,Braman751:legitimacy:hyp1,ideo_3,Liberal,29.943502824858758,27.74294670846395,2.2005561163948073
Braman751,Braman751:legitimacy:hyp1,ideo_3,Moderate,32.015065913371,32.9153605015674,0.9002945881964024
Braman751,Braman751:legitimacy:hyp1,ideo_3,__MISSING__,0.3766478342749529,0.0,0.3766478342749529
Braman751,Braman751:legitimacy:hyp2,GENDER,Female,48.523985239852394,48.11912225705329,0.40486298279910216
Braman751,Braman751:legitimacy:hyp2,GENDER,Male,51.476014760147606,51.88087774294671,0.40486298279910216
Braman751,Braman751:legitimacy:hyp2,race_4,Black,9.59409594095941,11.285266457680251,1.6911705167208417
Braman751,Braman751:legitimacy:hyp2,race_4,White,70.11070110701108,88.71473354231975,18.604032435308667
Braman751,Braman751:legitimacy:hyp2,race_4,__MISSING__,20.29520295202952,0.0,20.29520295202952
Braman751,Braman751:legitimacy:hyp2,pid_3,Democrat,47.0479704797048,50.15673981191222,3.108769332207416
Braman751,Braman751:legitimacy:hyp2,pid_3,Independent,3.505535055350553,2.8213166144200628,0.6842184409304903
Braman751,Braman751:legitimacy:hyp2,pid_3,Republican,49.44649446494465,47.02194357366771,2.4245508912769367
Braman751,Braman751:legitimacy:hyp2,age_5,Older than 50,56.27306273062731,60.03134796238244,3.7582852317551314
Braman751,Braman751:legitimacy:hyp2,age_5,Younger than 50,43.7269372693727,39.96865203761755,3.7582852317551456
Braman751,Braman751:legitimacy:hyp2,EDUC4,College,34.686346863468636,33.5423197492163,1.1440271142523386
Braman751,Braman751:legitimacy:hyp2,EDUC4,Non-College,65.31365313653137,66.4576802507837,1.1440271142523244
Braman751,Braman751:legitimacy:hyp2,ideo_3,Conservative,38.00738007380074,39.341692789968654,1.334312716167915
Braman751,Braman751:legitimacy:hyp2,ideo_3,Liberal,28.228782287822877,27.74294670846395,0.48583557935892685
Braman751,Braman751:legitimacy:hyp2,ideo_3,Moderate,33.210332103321036,32.9153605015674,0.29497160175363746
Braman751,Braman751:legitimacy:hyp2,ideo_3,__MISSING__,0.5535055350553505,0.0,0.5535055350553505
Braman751,Braman751:pass_legislation:hyp1,GENDER,Female,46.83195592286501,48.11912225705329,1.287166334188278
Braman751,Braman751:pass_legislation:hyp1,GENDER,Male,53.168044077134994,51.88087774294671,1.287166334188285
Braman751,Braman751:pass_legislation:hyp1,race_4,Black,8.677685950413224,11.285266457680251,2.607580507267027
Braman751,Braman751:pass_legislation:hyp1,race_4,White,71.48760330578511,88.71473354231975,17.227130236534634
Braman751,Braman751:pass_legislation:hyp1,race_4,__MISSING__,19.834710743801654,0.0,19.834710743801654
Braman751,Braman751:pass_legislation:hyp1,pid_3,Democrat,46.41873278236915,50.15673981191222,3.73800702954307
Braman751,Braman751:pass_legislation:hyp1,pid_3,Independent,2.7548209366391188,2.8213166144200628,0.06649567778094401
Braman751,Braman751:pass_legislation:hyp1,pid_3,Republican,50.82644628099173,47.02194357366771,3.804502707324019
Braman751,Braman751:pass_legislation:hyp1,age_5,Older than 50,56.33608815426997,60.03134796238244,3.6952598081124677
Braman751,Braman751:pass_legislation:hyp1,age_5,Younger than 50,43.66391184573003,39.96865203761755,3.695259808112475
Braman751,Braman751:pass_legislation:hyp1,EDUC4,College,33.33333333333333,33.5423197492163,0.2089864158829684
Braman751,Braman751:pass_legislation:hyp1,EDUC4,Non-College,66.66666666666666,66.4576802507837,0.2089864158829613
Braman751,Braman751:pass_legislation:hyp1,ideo_3,Conservative,37.60330578512397,39.341692789968654,1.7383870048446823
Braman751,Braman751:pass_legislation:hyp1,ideo_3,Liberal,28.78787878787879,27.74294670846395,1.0449320794148385
Braman751,Braman751:pass_legislation:hyp1,ideo_3,Moderate,33.47107438016529,32.9153605015674,0.5557138785978921
Braman751,Braman751:pass_legislation:hyp1,ideo_3,__MISSING__,0.13774104683195593,0.0,0.13774104683195593
Braman751,Braman751:scholar_credibility:hyp1,GENDER,Female,43.604651162790695,48.11912225705329,4.514471094262596
Braman751,Braman751:scholar_credibility:hyp1,GENDER,Male,56.395348837209305,51.88087774294671,4.514471094262596
Braman751,Braman751:scholar_credibility:hyp1,race_4,Black,7.55813953488372,11.285266457680251,3.727126922796531
Braman751,Braman751:scholar_credibility:hyp1,race_4,White,72.38372093023256,88.71473354231975,16.331012612087193
Braman751,Braman751:scholar_credibility:hyp1,race_4,__MISSING__,20.058139534883722,0.0,20.058139534883722
Braman751,Braman751:scholar_credibility:hyp1,pid_3,Democrat,46.80232558139535,50.15673981191222,3.3544142305168663
Braman751,Braman751:scholar_credibility:hyp1,pid_3,Independent,2.0348837209302326,2.8213166144200628,0.7864328934898301
Braman751,Braman751:scholar_credibility:hyp1,pid_3,Republican,51.162790697674424,47.02194357366771,4.1408471240067115
Braman751,Braman751:scholar_credibility:hyp1,age_5,Older than 50,53.779069767441854,60.03134796238244,6.252278194940587
Braman751,Braman751:scholar_credibility:hyp1,age_5,Younger than 50,46.22093023255814,39.96865203761755,6.252278194940587
Braman751,Braman751:scholar_credibility:hyp1,EDUC4,College,37.2093023255814,33.5423197492163,3.6669825763651005
Braman751,Braman751:scholar_credibility:hyp1,EDUC4,Non-College,62.7906976744186,66.4576802507837,3.6669825763650934
Braman751,Braman751:scholar_credibility:hyp1,ideo_3,Conservative,38.08139534883721,39.341692789968654,1.260297441131442
Braman751,Braman751:scholar_credibility:hyp1,ideo_3,Liberal,31.3953488372093,27.74294670846395,3.6524021287453508
Braman751,Braman751:scholar_credibility:hyp1,ideo_3,Moderate,30.23255813953488,32.9153605015674,2.6828023620325183
Braman751,Braman751:scholar_credibility:hyp1,ideo_3,__MISSING__,0.29069767441860467,0.0,0.29069767441860467
Braman751,Braman751:scholar_credibility:hyp2,GENDER,Female,44.67455621301775,48.11912225705329,3.4445660440355397
Braman751,Braman751:scholar_credibility:hyp2,GENDER,Male,55.325443786982255,51.88087774294671,3.444566044035547
Braman751,Braman751:scholar_credibility:hyp2,race_4,Black,6.508875739644971,11.285266457680251,4.77639071803528
Braman751,Braman751:scholar_credibility:hyp2,race_4,White,73.37278106508876,88.71473354231975,15.34195247723099
Braman751,Braman751:scholar_credibility:hyp2,race_4,__MISSING__,20.118343195266274,0.0,20.118343195266274
Braman751,Braman751:scholar_credibility:hyp2,pid_3,Democrat,48.22485207100592,50.15673981191222,1.9318877409062978
Braman751,Braman751:scholar_credibility:hyp2,pid_3,Independent,2.366863905325444,2.8213166144200628,0.4544527090946189
Braman751,Braman751:scholar_credibility:hyp2,pid_3,Republican,49.40828402366864,47.02194357366771,2.3863404500009295
Braman751,Braman751:scholar_credibility:hyp2,age_5,Older than 50,54.73372781065089,60.03134796238244,5.29762015173155
Braman751,Braman751:scholar_credibility:hyp2,age_5,Younger than 50,45.26627218934911,39.96865203761755,5.297620151731557
Braman751,Braman751:scholar_credibility:hyp2,EDUC4,College,39.053254437869825,33.5423197492163,5.510934688653528
Braman751,Braman751:scholar_credibility:hyp2,EDUC4,Non-College,60.946745562130175,66.4576802507837,5.510934688653521
Braman751,Braman751:scholar_credibility:hyp2,ideo_3,Conservative,38.46153846153847,39.341692789968654,0.8801543284301871
Braman751,Braman751:scholar_credibility:hyp2,ideo_3,Liberal,31.952662721893493,27.74294670846395,4.209716013429542
Braman751,Braman751:scholar_credibility:hyp2,ideo_3,Moderate,29.289940828402365,32.9153605015674,3.625419673165034
Braman751,Braman751:scholar_credibility:hyp2,ideo_3,__MISSING__,0.2958579881656805,0.0,0.2958579881656805
CalarcoS38,CalarcoS38:Approval:hyp1,GENDER,Female,54.1958041958042,54.26409903713893,0.06829484133472619
CalarcoS38,CalarcoS38:Approval:hyp1,GENDER,Male,45.8041958041958,45.73590096286107,0.06829484133472619
CalarcoS38,CalarcoS38:Approval:hyp1,race_4,Black,10.789210789210788,12.998624484181567,2.209413694970779
CalarcoS38,CalarcoS38:Approval:hyp1,race_4,White,66.38361638361638,87.00137551581844,20.617759132202053
CalarcoS38,CalarcoS38:Approval:hyp1,race_4,__MISSING__,22.827172827172827,0.0,22.827172827172827
CalarcoS38,CalarcoS38:Approval:hyp1,pid_3,Democrat,48.05194805194805,46.8363136176066,1.2156344343414531
CalarcoS38,CalarcoS38:Approval:hyp1,pid_3,Independent,16.483516483516482,13.13617606602476,3.347340417491722
CalarcoS38,CalarcoS38:Approval:hyp1,pid_3,Republican,35.36463536463537,40.027510316368634,4.662874951733265
CalarcoS38,CalarcoS38:Approval:hyp1,pid_3,__MISSING__,0.0999000999000999,0.0,0.0999000999000999
CalarcoS38,CalarcoS38:Approval:hyp1,age_5,Older than 50,50.0,57.015130674002755,7.015130674002755
CalarcoS38,CalarcoS38:Approval:hyp1,age_5,Younger than 50,50.0,42.98486932599725,7.015130674002748
CalarcoS38,CalarcoS38:Approval:hyp1,EDUC4,College,33.91608391608392,37.689133425034385,3.7730495089504643
CalarcoS38,CalarcoS38:Approval:hyp1,EDUC4,Non-College,66.08391608391608,62.310866574965615,3.7730495089504643
CalarcoS38,CalarcoS38:Approval:hyp1,ideo_3,Conservative,19.33066933066933,23.177441540577718,3.846772209908387
CalarcoS38,CalarcoS38:Approval:hyp1,ideo_3,Liberal,57.24275724275725,60.45392022008254,3.211162977325287
CalarcoS38,CalarcoS38:Approval:hyp1,ideo_3,Moderate,16.583416583416582,16.368638239339752,0.21477834407683005
CalarcoS38,CalarcoS38:Approval:hyp1,ideo_3,__MISSING__,6.8431568431568435,0.0,6.8431568431568435
CalarcoS38,CalarcoS38:Approval:hyp2,GENDER,Female,54.095940959409596,54.26409903713893,0.16815807772933056
CalarcoS38,CalarcoS38:Approval:hyp2,GENDER,Male,45.904059040590404,45.73590096286107,0.16815807772933056
CalarcoS38,CalarcoS38:Approval:hyp2,race_4,Black,10.77490774907749,12.998624484181567,2.2237167351040767
CalarcoS38,CalarcoS38:Approval:hyp2,race_4,White,67.89667896678966,87.00137551581844,19.104696549028773
CalarcoS38,CalarcoS38:Approval:hyp2,race_4,__MISSING__,21.328413284132843,0.0,21.328413284132843
CalarcoS38,CalarcoS38:Approval:hyp2,pid_3,Democrat,47.601476014760145,46.8363136176066,0.7651623971535457
CalarcoS38,CalarcoS38:Approval:hyp2,pid_3,Independent,16.236162361623617,13.13617606602476,3.099986295598857
CalarcoS38,CalarcoS38:Approval:hyp2,pid_3,Republican,36.08856088560886,40.027510316368634,3.938949430759777
CalarcoS38,CalarcoS38:Approval:hyp2,pid_3,__MISSING__,0.07380073800738007,0.0,0.07380073800738007
CalarcoS38,CalarcoS38:Approval:hyp2,age_5,Older than 50,51.14391143911439,57.015130674002755,5.871219234888365
CalarcoS38,CalarcoS38:Approval:hyp2,age_5,Younger than 50,48.85608856088561,42.98486932599725,5.871219234888358
CalarcoS38,CalarcoS38:Approval:hyp2,EDUC4,College,33.65313653136531,37.689133425034385,4.035996893669072
CalarcoS38,CalarcoS38:Approval:hyp2,EDUC4,Non-College,66.34686346863468,62.310866574965615,4.035996893669065
CalarcoS38,CalarcoS38:Approval:hyp2,ideo_3,Conservative,19.778597785977862,23.177441540577718,3.3988437545998558
CalarcoS38,CalarcoS38:Approval:hyp2,ideo_3,Liberal,57.0479704797048,60.45392022008254,3.4059497403777357
CalarcoS38,CalarcoS38:Approval:hyp2,ideo_3,Moderate,16.752767527675278,16.368638239339752,0.38412928833552584
CalarcoS38,CalarcoS38:Approval:hyp2,ideo_3,__MISSING__,6.4206642066420665,0.0,6.4206642066420665
CalarcoS38,CalarcoS38:Approval:hyp3,GENDER,Female,53.61702127659574,54.26409903713893,0.6470777605431834
CalarcoS38,CalarcoS38:Approval:hyp3,GENDER,Male,46.38297872340426,45.73590096286107,0.6470777605431834
CalarcoS38,CalarcoS38:Approval:hyp3,race_4,Black,10.49645390070922,12.998624484181567,2.5021705834723473
CalarcoS38,CalarcoS38:Approval:hyp3,race_4,White,68.22695035460993,87.00137551581844,18.774425161208512
CalarcoS38,CalarcoS38:Approval:hyp3,race_4,__MISSING__,21.27659574468085,0.0,21.27659574468085
CalarcoS38,CalarcoS38:Approval:hyp3,pid_3,Democrat,48.36879432624113,46.8363136176066,1.5324807086345302
CalarcoS38,CalarcoS38:Approval:hyp3,pid_3,Independent,17.163120567375888,13.13617606602476,4.026944501351128
CalarcoS38,CalarcoS38:Approval:hyp3,pid_3,Republican,34.326241134751776,40.027510316368634,5.701269181616858
CalarcoS38,CalarcoS38:Approval:hyp3,pid_3,__MISSING__,0.14184397163120568,0.0,0.14184397163120568
CalarcoS38,CalarcoS38:Approval:hyp3,age_5,Older than 50,48.652482269503544,57.015130674002755,8.362648404499211
CalarcoS38,CalarcoS38:Approval:hyp3,age_5,Younger than 50,51.34751773049645,42.98486932599725,8.362648404499197
CalarcoS38,CalarcoS38:Approval:hyp3,EDUC4,College,34.46808510638298,37.689133425034385,3.2210483186514054
CalarcoS38,CalarcoS38:Approval:hyp3,EDUC4,Non-College,65.53191489361701,62.310866574965615,3.2210483186513983
CalarcoS38,CalarcoS38:Approval:hyp3,ideo_3,Conservative,19.148936170212767,23.177441540577718,4.02850537036495
CalarcoS38,CalarcoS38:Approval:hyp3,ideo_3,Liberal,57.730496453900706,60.45392022008254,2.7234237661818312
CalarcoS38,CalarcoS38:Approval:hyp3,ideo_3,Moderate,16.595744680851062,16.368638239339752,0.2271064415113102
CalarcoS38,CalarcoS38:Approval:hyp3,ideo_3,__MISSING__,6.524822695035461,0.0,6.524822695035461
Campbell1308,Campbell1308:Gender Roles:hyp1,GENDER,Female,51.76589303733602,52.4869109947644,0.7210179574283799
Campbell1308,Campbell1308:Gender Roles:hyp1,GENDER,Male,48.23410696266397,47.51308900523561,0.7210179574283657
Campbell1308,Campbell1308:Gender Roles:hyp1,race_4,Black,11.60443995963673,15.052356020942408,3.447916061305678
Campbell1308,Campbell1308:Gender Roles:hyp1,race_4,White,64.9848637739657,84.9476439790576,19.962780205091903
Campbell1308,Campbell1308:Gender Roles:hyp1,race_4,__MISSING__,23.41069626639758,0.0,23.41069626639758
Campbell1308,Campbell1308:Gender Roles:hyp1,pid_3,Democrat,48.23410696266397,46.20418848167539,2.0299184809885844
Campbell1308,Campbell1308:Gender Roles:hyp1,pid_3,Independent,15.539858728557013,14.00523560209424,1.5346231264627725
Campbell1308,Campbell1308:Gender Roles:hyp1,pid_3,Republican,36.02421796165489,39.79057591623037,3.7663579545754757
Campbell1308,Campbell1308:Gender Roles:hyp1,pid_3,__MISSING__,0.20181634712411706,0.0,0.20181634712411706
Campbell1308,Campbell1308:Gender Roles:hyp1,age_5,Older than 50,50.8577194752775,56.282722513089,5.4250030378115
Campbell1308,Campbell1308:Gender Roles:hyp1,age_5,Younger than 50,49.1422805247225,43.717277486910994,5.425003037811507
Campbell1308,Campbell1308:Political Engagement:hyp1,GENDER,Female,52.00411099691675,52.4869109947644,0.4827999978476498
Campbell1308,Campbell1308:Political Engagement:hyp1,GENDER,Male,47.99588900308325,47.51308900523561,0.4827999978476427
Campbell1308,Campbell1308:Political Engagement:hyp1,race_4,Black,11.202466598150052,15.052356020942408,3.849889422792357
Campbell1308,Campbell1308:Political Engagement:hyp1,race_4,White,65.26207605344297,84.9476439790576,19.685567925614635
Campbell1308,Campbell1308:Political Engagement:hyp1,race_4,__MISSING__,23.53545734840699,0.0,23.53545734840699
Campbell1308,Campbell1308:Political Engagement:hyp1,pid_3,Democrat,48.30421377183967,46.20418848167539,2.1000252901642824
Campbell1308,Campbell1308:Political Engagement:hyp1,pid_3,Independent,15.313463514902365,14.00523560209424,1.3082279128081247
Campbell1308,Campbell1308:Political Engagement:hyp1,pid_3,Republican,36.17677286742035,39.79057591623037,3.61380304881002
Campbell1308,Campbell1308:Political Engagement:hyp1,pid_3,__MISSING__,0.20554984583761562,0.0,0.20554984583761562
Campbell1308,Campbell1308:Political Engagement:hyp1,age_5,Older than 50,50.56526207605344,56.282722513089,5.717460437035555
Campbell1308,Campbell1308:Political Engagement:hyp1,age_5,Younger than 50,49.43473792394656,43.717277486910994,5.717460437035562
Campbell1308,Campbell1308:Political Responsiveness:hyp1,GENDER,Female,52.053388090349074,52.4869109947644,0.4335229044153266
Campbell1308,Campbell1308:Political Responsiveness:hyp1,GENDER,Male,47.94661190965092,47.51308900523561,0.4335229044153124
Campbell1308,Campbell1308:Political Responsiveness:hyp1,race_4,Black,11.601642710472278,15.052356020942408,3.45071331047013
Campbell1308,Campbell1308:Political Responsiveness:hyp1,race_4,White,64.98973305954824,84.9476439790576,19.95791091950936
Campbell1308,Campbell1308:Political Responsiveness:hyp1,race_4,__MISSING__,23.408624229979466,0.0,23.408624229979466
Campbell1308,Campbell1308:Political Responsiveness:hyp1,pid_3,Democrat,48.76796714579055,46.20418848167539,2.563778664115162
Campbell1308,Campbell1308:Political Responsiveness:hyp1,pid_3,Independent,15.092402464065707,14.00523560209424,1.0871668619714665
Campbell1308,Campbell1308:Political Responsiveness:hyp1,pid_3,Republican,35.93429158110883,39.79057591623037,3.8562843351215363
Campbell1308,Campbell1308:Political Responsiveness:hyp1,pid_3,__MISSING__,0.20533880903490762,0.0,0.20533880903490762
Campbell1308,Campbell1308:Political Responsiveness:hyp1,age_5,Older than 50,50.82135523613963,56.282722513089,5.4613672769493675
Campbell1308,Campbell1308:Political Responsiveness:hyp1,age_5,Younger than 50,49.17864476386037,43.717277486910994,5.461367276949375
Cohen1099,Cohen1099:Accounting:hyp1,GENDER,Female,51.570351758793976,52.37273511647972,0.8023833576857413
Cohen1099,Cohen1099:Accounting:hyp1,GENDER,Male,48.42964824120603,47.627264883520276,0.8023833576857555
Cohen1099,Cohen1099:Accounting:hyp1,race_4,Black,12.185929648241206,14.322691975841243,2.136762327600037
Cohen1099,Cohen1099:Accounting:hyp1,race_4,White,65.76633165829145,85.67730802415876,19.910976365867313
Cohen1099,Cohen1099:Accounting:hyp1,race_4,__MISSING__,22.047738693467338,0.0,22.047738693467338
Cohen1099,Cohen1099:Accounting:hyp1,pid_3,Democrat,49.74874371859296,49.26660914581536,0.4821345727776034
Cohen1099,Cohen1099:Accounting:hyp1,pid_3,Independent,14.824120603015075,10.87144089732528,3.9526797056897944
Cohen1099,Cohen1099:Accounting:hyp1,pid_3,Republican,34.73618090452261,39.86194995685936,5.12576905233675
Cohen1099,Cohen1099:Accounting:hyp1,pid_3,__MISSING__,0.6909547738693468,0.0,0.6909547738693468
Cohen1099,Cohen1099:Accounting:hyp1,age_5,Older than 50,49.43467336683417,54.702329594477995,5.267656227643826
Cohen1099,Cohen1099:Accounting:hyp1,age_5,Younger than 50,50.56532663316583,45.297670405522,5.267656227643833
Cohen1099,Cohen1099:Accounting:hyp1,EDUC4,College,35.23869346733669,38.654012079378774,3.4153186120420855
Cohen1099,Cohen1099:Accounting:hyp1,EDUC4,Non-College,64.76130653266333,61.345987920621226,3.4153186120420997
Cohen1099,Cohen1099:Accounting:hyp1,ideo_3,Conservative,25.628140703517587,29.767040552200175,4.138899848682588
Cohen1099,Cohen1099:Accounting:hyp1,ideo_3,Liberal,45.91708542713568,49.52545297670405,3.6083675495683707
Cohen1099,Cohen1099:Accounting:hyp1,ideo_3,Moderate,20.41457286432161,20.707506471095773,0.292933606774163
Cohen1099,Cohen1099:Accounting:hyp1,ideo_3,__MISSING__,8.040201005025125,0.0,8.040201005025125
Cohen1099,Cohen1099:Accounting:hyp2,GENDER,Female,52.08526413345691,52.37273511647972,0.28747098302280705
Cohen1099,Cohen1099:Accounting:hyp2,GENDER,Male,47.9147358665431,47.627264883520276,0.28747098302282126
Cohen1099,Cohen1099:Accounting:hyp2,race_4,Black,12.511584800741426,14.322691975841243,1.8111071750998171
Cohen1099,Cohen1099:Accounting:hyp2,race_4,White,66.35773864689527,85.67730802415876,19.31956937726349
Cohen1099,Cohen1099:Accounting:hyp2,race_4,__MISSING__,21.1306765523633,0.0,21.1306765523633
Cohen1099,Cohen1099:Accounting:hyp2,pid_3,Democrat,50.324374420759966,49.26660914581536,1.0577652749446074
Cohen1099,Cohen1099:Accounting:hyp2,pid_3,Independent,15.477293790546803,10.87144089732528,4.605852893221522
Cohen1099,Cohen1099:Accounting:hyp2,pid_3,Republican,33.364226135310474,39.86194995685936,6.497723821548888
Cohen1099,Cohen1099:Accounting:hyp2,pid_3,__MISSING__,0.8341056533827619,0.0,0.8341056533827619
Cohen1099,Cohen1099:Accounting:hyp2,age_5,Older than 50,49.4902687673772,54.702329594477995,5.212060827100792
Cohen1099,Cohen1099:Accounting:hyp2,age_5,Younger than 50,50.5097312326228,45.297670405522,5.2120608271007995
Cohen1099,Cohen1099:Accounting:hyp2,EDUC4,College,36.515291936978684,38.654012079378774,2.1387201424000892
Cohen1099,Cohen1099:Accounting:hyp2,EDUC4,Non-College,63.48470806302131,61.345987920621226,2.138720142400082
Cohen1099,Cohen1099:Accounting:hyp2,ideo_3,Conservative,25.671918443002777,29.767040552200175,4.095122109197398
Cohen1099,Cohen1099:Accounting:hyp2,ideo_3,Liberal,45.968489341983314,49.52545297670405,3.556963634720738
Cohen1099,Cohen1099:Accounting:hyp2,ideo_3,Moderate,20.111214087117702,20.707506471095773,0.5962923839780707
Cohen1099,Cohen1099:Accounting:hyp2,ideo_3,__MISSING__,8.2483781278962,0.0,8.2483781278962
Cohen1099,Cohen1099:History:hyp1,GENDER,Female,51.56641604010025,52.37273511647972,0.8063190763794665
Cohen1099,Cohen1099:History:hyp1,GENDER,Male,48.43358395989975,47.627264883520276,0.8063190763794736
Cohen1099,Cohen1099:History:hyp1,race_4,Black,12.092731829573934,14.322691975841243,2.2299601462673095
Cohen1099,Cohen1099:History:hyp1,race_4,White,65.78947368421053,85.67730802415876,19.887834339948228
Cohen1099,Cohen1099:History:hyp1,race_4,__MISSING__,22.11779448621554,0.0,22.11779448621554
Cohen1099,Cohen1099:History:hyp1,pid_3,Democrat,50.0,49.26660914581536,0.7333908541846412
Cohen1099,Cohen1099:History:hyp1,pid_3,Independent,14.598997493734336,10.87144089732528,3.7275565964090553
Cohen1099,Cohen1099:History:hyp1,pid_3,Republican,34.711779448621556,39.86194995685936,5.150170508237807
Cohen1099,Cohen1099:History:hyp1,pid_3,__MISSING__,0.6892230576441103,0.0,0.6892230576441103
Cohen1099,Cohen1099:History:hyp1,age_5,Older than 50,49.49874686716792,54.702329594477995,5.203582727310078
Cohen1099,Cohen1099:History:hyp1,age_5,Younger than 50,50.50125313283208,45.297670405522,5.203582727310085
Cohen1099,Cohen1099:History:hyp1,EDUC4,College,35.46365914786968,38.654012079378774,3.1903529315090964
Cohen1099,Cohen1099:History:hyp1,EDUC4,Non-College,64.53634085213032,61.345987920621226,3.1903529315090964
Cohen1099,Cohen1099:History:hyp1,ideo_3,Conservative,25.626566416040102,29.767040552200175,4.140474136160073
Cohen1099,Cohen1099:History:hyp1,ideo_3,Liberal,45.92731829573935,49.52545297670405,3.598134680964705
Cohen1099,Cohen1099:History:hyp1,ideo_3,Moderate,20.551378446115287,20.707506471095773,0.15612802498048595
Cohen1099,Cohen1099:History:hyp1,ideo_3,__MISSING__,7.894736842105263,0.0,7.894736842105263
Cohen1099,Cohen1099:Nursing:hyp1,GENDER,Female,51.60276555625393,52.37273511647972,0.769969560225789
Cohen1099,Cohen1099:Nursing:hyp1,GENDER,Male,48.39723444374607,47.627264883520276,0.7699695602257961
Cohen1099,Cohen1099:Nursing:hyp1,race_4,Black,12.067881835323696,14.322691975841243,2.254810140517547
Cohen1099,Cohen1099:Nursing:hyp1,race_4,White,65.87052168447516,85.67730802415876,19.806786339683597
Cohen1099,Cohen1099:Nursing:hyp1,race_4,__MISSING__,22.061596480201132,0.0,22.061596480201132
Cohen1099,Cohen1099:Nursing:hyp1,pid_3,Democrat,49.96857322438718,49.26660914581536,0.7019640785718195
Cohen1099,Cohen1099:Nursing:hyp1,pid_3,Independent,14.64487743557511,10.87144089732528,3.773436538249829
Cohen1099,Cohen1099:Nursing:hyp1,pid_3,Republican,34.75801382778127,39.86194995685936,5.103936129078093
Cohen1099,Cohen1099:Nursing:hyp1,pid_3,__MISSING__,0.6285355122564426,0.0,0.6285355122564426
Cohen1099,Cohen1099:Nursing:hyp1,age_5,Older than 50,49.59145191703331,54.702329594477995,5.110877677444684
Cohen1099,Cohen1099:Nursing:hyp1,age_5,Younger than 50,50.40854808296669,45.297670405522,5.110877677444691
Cohen1099,Cohen1099:Nursing:hyp1,EDUC4,College,35.449402891263354,38.654012079378774,3.2046091881154197
Cohen1099,Cohen1099:Nursing:hyp1,EDUC4,Non-College,64.55059710873664,61.345987920621226,3.2046091881154126
Cohen1099,Cohen1099:Nursing:hyp1,ideo_3,Conservative,25.644248900062856,29.767040552200175,4.12279165213732
Cohen1099,Cohen1099:Nursing:hyp1,ideo_3,Liberal,46.134506599622874,49.52545297670405,3.3909463770811783
Cohen1099,Cohen1099:Nursing:hyp1,ideo_3,Moderate,20.301697045883095,20.707506471095773,0.40580942521267716
Cohen1099,Cohen1099:Nursing:hyp1,ideo_3,__MISSING__,7.919547454431175,0.0,7.919547454431175
Cohen1099,Cohen1099:Nursing:hyp2,GENDER,Female,52.22222222222223,52.37273511647972,0.15051289425748848
Cohen1099,Cohen1099:Nursing:hyp2,GENDER,Male,47.77777777777778,47.627264883520276,0.1505128942575027
Cohen1099,Cohen1099:Nursing:hyp2,race_4,Black,12.5,14.322691975841243,1.8226919758412432
Cohen1099,Cohen1099:Nursing:hyp2,race_4,White,66.38888888888889,85.67730802415876,19.288419135269876
Cohen1099,Cohen1099:Nursing:hyp2,race_4,__MISSING__,21.11111111111111,0.0,21.11111111111111
Cohen1099,Cohen1099:Nursing:hyp2,pid_3,Democrat,50.64814814814815,49.26660914581536,1.3815390023327936
Cohen1099,Cohen1099:Nursing:hyp2,pid_3,Independent,15.277777777777779,10.87144089732528,4.406336880452498
Cohen1099,Cohen1099:Nursing:hyp2,pid_3,Republican,33.24074074074074,39.86194995685936,6.621209216118622
Cohen1099,Cohen1099:Nursing:hyp2,pid_3,__MISSING__,0.8333333333333334,0.0,0.8333333333333334
Cohen1099,Cohen1099:Nursing:hyp2,age_5,Older than 50,49.53703703703704,54.702329594477995,5.1652925574409565
Cohen1099,Cohen1099:Nursing:hyp2,age_5,Younger than 50,50.46296296296296,45.297670405522,5.165292557440964
Cohen1099,Cohen1099:Nursing:hyp2,EDUC4,College,36.666666666666664,38.654012079378774,1.9873454127121093
Cohen1099,Cohen1099:Nursing:hyp2,EDUC4,Non-College,63.33333333333333,61.345987920621226,1.9873454127121022
Cohen1099,Cohen1099:Nursing:hyp2,ideo_3,Conservative,25.64814814814815,29.767040552200175,4.118892404052026
Cohen1099,Cohen1099:Nursing:hyp2,ideo_3,Liberal,46.2037037037037,49.52545297670405,3.32174927300035
Cohen1099,Cohen1099:Nursing:hyp2,ideo_3,Moderate,20.0,20.707506471095773,0.7075064710957726
Cohen1099,Cohen1099:Nursing:hyp2,ideo_3,__MISSING__,8.148148148148149,0.0,8.148148148148149
CorstangeBRIEF69,CorstangeBRIEF69:welcome_refugees:hyp1,GENDER,Female,46.96969696969697,47.47292418772563,0.5032272180286625
CorstangeBRIEF69,CorstangeBRIEF69:welcome_refugees:hyp1,GENDER,Male,53.03030303030303,52.52707581227437,0.5032272180286625
CorstangeBRIEF69,CorstangeBRIEF69:welcome_refugees:hyp1,race_4,Black,10.037878787878787,12.755716004813477,2.71783721693469
CorstangeBRIEF69,CorstangeBRIEF69:welcome_refugees:hyp1,race_4,White,69.31818181818183,87.24428399518652,17.926102177004694
CorstangeBRIEF69,CorstangeBRIEF69:welcome_refugees:hyp1,race_4,__MISSING__,20.643939393939394,0.0,20.643939393939394
CorstangeBRIEF69,CorstangeBRIEF69:welcome_refugees:hyp1,pid_3,Democrat,45.265151515151516,48.61612515042118,3.3509736352696677
CorstangeBRIEF69,CorstangeBRIEF69:welcome_refugees:hyp1,pid_3,Independent,3.4090909090909087,3.2490974729241873,0.15999343616672146
CorstangeBRIEF69,CorstangeBRIEF69:welcome_refugees:hyp1,pid_3,Republican,51.32575757575758,48.13477737665463,3.1909801991029454
CorstangeBRIEF69,CorstangeBRIEF69:welcome_refugees:hyp1,age_5,Older than 50,53.59848484848485,56.49819494584838,2.8997100973635312
CorstangeBRIEF69,CorstangeBRIEF69:welcome_refugees:hyp1,age_5,Younger than 50,46.40151515151515,43.501805054151625,2.899710097363524
CorstangeBRIEF69,CorstangeBRIEF69:welcome_refugees:hyp1,EDUC4,College,35.79545454545455,34.83754512635379,0.9579094191007584
CorstangeBRIEF69,CorstangeBRIEF69:welcome_refugees:hyp1,EDUC4,Non-College,64.20454545454545,65.16245487364621,0.9579094191007584
CorstangeBRIEF69,CorstangeBRIEF69:welcome_refugees:hyp1,ideo_3,Conservative,35.984848484848484,37.725631768953065,1.7407832841045803
CorstangeBRIEF69,CorstangeBRIEF69:welcome_refugees:hyp1,ideo_3,Liberal,27.65151515151515,26.534296028880867,1.1172191226342818
CorstangeBRIEF69,CorstangeBRIEF69:welcome_refugees:hyp1,ideo_3,Moderate,36.17424242424242,35.74007220216607,0.4341702220763537
CorstangeBRIEF69,CorstangeBRIEF69:welcome_refugees:hyp1,ideo_3,__MISSING__,0.1893939393939394,0.0,0.1893939393939394
CorstangeBRIEF69,CorstangeBRIEF69:welcome_refugees:hyp2,GENDER,Female,50.0,47.47292418772563,2.5270758122743686
CorstangeBRIEF69,CorstangeBRIEF69:welcome_refugees:hyp2,GENDER,Male,50.0,52.52707581227437,2.5270758122743686
CorstangeBRIEF69,CorstangeBRIEF69:welcome_refugees:hyp2,race_4,Black,11.003861003861005,12.755716004813477,1.7518550009524727
CorstangeBRIEF69,CorstangeBRIEF69:welcome_refugees:hyp2,race_4,White,67.76061776061776,87.24428399518652,19.48366623456876
CorstangeBRIEF69,CorstangeBRIEF69:welcome_refugees:hyp2,race_4,__MISSING__,21.235521235521233,0.0,21.235521235521233
CorstangeBRIEF69,CorstangeBRIEF69:welcome_refugees:hyp2,pid_3,Democrat,45.366795366795365,48.61612515042118,3.249329783625818
CorstangeBRIEF69,CorstangeBRIEF69:welcome_refugees:hyp2,pid_3,Independent,3.474903474903475,3.2490974729241873,0.2258060019792878
CorstangeBRIEF69,CorstangeBRIEF69:welcome_refugees:hyp2,pid_3,Republican,51.15830115830116,48.13477737665463,3.0235237816465244
CorstangeBRIEF69,CorstangeBRIEF69:welcome_refugees:hyp2,age_5,Older than 50,51.15830115830116,56.49819494584838,5.339893787547226
CorstangeBRIEF69,CorstangeBRIEF69:welcome_refugees:hyp2,age_5,Younger than 50,48.84169884169884,43.501805054151625,5.3398937875472186
CorstangeBRIEF69,CorstangeBRIEF69:welcome_refugees:hyp2,EDUC4,College,35.521235521235525,34.83754512635379,0.6836903948817366
CorstangeBRIEF69,CorstangeBRIEF69:welcome_refugees:hyp2,EDUC4,Non-College,64.47876447876449,65.16245487364621,0.6836903948817223
CorstangeBRIEF69,CorstangeBRIEF69:welcome_refugees:hyp2,ideo_3,Conservative,36.293436293436294,37.725631768953065,1.432195475516771
CorstangeBRIEF69,CorstangeBRIEF69:welcome_refugees:hyp2,ideo_3,Liberal,27.220077220077222,26.534296028880867,0.6857811911963552
CorstangeBRIEF69,CorstangeBRIEF69:welcome_refugees:hyp2,ideo_3,Moderate,36.1003861003861,35.74007220216607,0.3603138982200349
CorstangeBRIEF69,CorstangeBRIEF69:welcome_refugees:hyp2,ideo_3,__MISSING__,0.3861003861003861,0.0,0.3861003861003861
Enos700,Enos700:modern_racism1:hyp1,GENDER,Female,50.62937062937063,49.40577249575552,1.2235981336151056
Enos700,Enos700:modern_racism1:hyp1,GENDER,Male,49.37062937062937,50.59422750424448,1.2235981336151056
Enos700,Enos700:modern_racism1:hyp1,race_4,Black,11.328671328671328,13.412563667232597,2.0838923385612684
Enos700,Enos700:modern_racism1:hyp1,race_4,White,70.34965034965035,86.5874363327674,16.23778598311705
Enos700,Enos700:modern_racism1:hyp1,race_4,__MISSING__,18.321678321678323,0.0,18.321678321678323
Enos700,Enos700:modern_racism1:hyp1,pid_3,Democrat,43.35664335664335,47.02886247877759,3.672219122134237
Enos700,Enos700:modern_racism1:hyp1,pid_3,Independent,3.4965034965034967,2.2071307300509337,1.289372766452563
Enos700,Enos700:modern_racism1:hyp1,pid_3,Republican,53.14685314685315,50.76400679117148,2.3828463556816644
Enos700,Enos700:modern_racism1:hyp1,age_5,Older than 50,50.489510489510494,55.51782682512734,5.028316335616843
Enos700,Enos700:modern_racism1:hyp1,age_5,Younger than 50,49.510489510489506,44.48217317487266,5.028316335616843
Enos700,Enos700:modern_racism1:hyp1,EDUC4,College,27.55244755244755,28.522920203735147,0.9704726512875972
Enos700,Enos700:modern_racism1:hyp1,EDUC4,Non-College,72.44755244755244,71.47707979626486,0.9704726512875794
Enos700,Enos700:modern_racism1:hyp1,ideo_3,Conservative,36.92307692307693,39.898132427843805,2.9750555047668783
Enos700,Enos700:modern_racism1:hyp1,ideo_3,Liberal,27.692307692307693,24.95755517826825,2.7347525140394424
Enos700,Enos700:modern_racism1:hyp1,ideo_3,Moderate,34.4055944055944,35.144312393887944,0.7387179882935442
Enos700,Enos700:modern_racism1:hyp1,ideo_3,__MISSING__,0.9790209790209791,0.0,0.9790209790209791
FaheyS78,FaheyS78:cancel culture:hyp1,GENDER,Female,53.14685314685315,52.6867627785059,0.46009036834724526
FaheyS78,FaheyS78:cancel culture:hyp1,GENDER,Male,46.85314685314685,47.313237221494106,0.46009036834725237
FaheyS78,FaheyS78:cancel culture:hyp1,race_4,Black,10.989010989010989,14.089121887287027,3.1001108982760375
FaheyS78,FaheyS78:cancel culture:hyp1,race_4,White,66.03396603396602,85.91087811271298,19.876912078746955
FaheyS78,FaheyS78:cancel culture:hyp1,race_4,__MISSING__,22.977022977022976,0.0,22.977022977022976
FaheyS78,FaheyS78:cancel culture:hyp1,pid_3,Democrat,46.95304695304695,45.60943643512451,1.3436105179224427
FaheyS78,FaheyS78:cancel culture:hyp1,pid_3,Independent,15.334665334665335,13.630406290956751,1.7042590437085838
FaheyS78,FaheyS78:cancel culture:hyp1,pid_3,Republican,37.66233766233766,40.76015727391874,3.0978196115810803
FaheyS78,FaheyS78:cancel culture:hyp1,pid_3,__MISSING__,0.04995004995004995,0.0,0.04995004995004995
FaheyS78,FaheyS78:cancel culture:hyp1,age_5,Older than 50,51.14885114885115,56.4875491480996,5.338697999248453
FaheyS78,FaheyS78:cancel culture:hyp1,age_5,Younger than 50,48.85114885114885,43.51245085190039,5.33869799924846
FaheyS78,FaheyS78:cancel culture:hyp1,EDUC4,College,35.064935064935064,37.09043250327654,2.0254974383414748
FaheyS78,FaheyS78:cancel culture:hyp1,EDUC4,Non-College,64.93506493506493,62.90956749672346,2.0254974383414677
FaheyS78,FaheyS78:cancel culture:hyp1,ideo_3,Conservative,27.872127872127873,30.209698558322412,2.337570686194539
FaheyS78,FaheyS78:cancel culture:hyp1,ideo_3,Liberal,21.72827172827173,20.70773263433814,1.0205390939335892
FaheyS78,FaheyS78:cancel culture:hyp1,ideo_3,Moderate,48.95104895104895,49.08256880733945,0.13151985629049534
FaheyS78,FaheyS78:cancel culture:hyp1,ideo_3,__MISSING__,1.4485514485514486,0.0,1.4485514485514486
FarrowS6,FarrowS6:Disappointment:hyp1,GENDER,Female,54.62012320328542,51.80722891566265,2.8128942876227683
FarrowS6,FarrowS6:Disappointment:hyp1,GENDER,Male,45.37987679671458,48.19277108433735,2.8128942876227683
FarrowS6,FarrowS6:Disappointment:hyp1,race_4,Black,9.548254620123203,9.46643717728055,0.08181744284265235
FarrowS6,FarrowS6:Disappointment:hyp1,race_4,White,67.45379876796714,90.53356282271945,23.079764054752303
FarrowS6,FarrowS6:Disappointment:hyp1,race_4,__MISSING__,22.99794661190965,0.0,22.99794661190965
FarrowS6,FarrowS6:Disappointment:hyp1,pid_3,Democrat,37.37166324435318,48.02065404475043,10.64899080039725
FarrowS6,FarrowS6:Disappointment:hyp1,pid_3,Independent,9.240246406570842,9.63855421686747,0.3983078102966289
FarrowS6,FarrowS6:Disappointment:hyp1,pid_3,Republican,28.74743326488706,42.3407917383821,13.59335847349504
FarrowS6,FarrowS6:Disappointment:hyp1,pid_3,__MISSING__,24.64065708418891,0.0,24.64065708418891
FarrowS6,FarrowS6:Disappointment:hyp1,age_5,Older than 50,48.76796714579055,57.48709122203098,8.719124076240433
FarrowS6,FarrowS6:Disappointment:hyp1,age_5,Younger than 50,51.23203285420944,42.51290877796902,8.719124076240426
FarrowS6,FarrowS6:Disappointment:hyp1,EDUC4,College,33.36755646817248,37.34939759036144,3.9818411221889605
FarrowS6,FarrowS6:Disappointment:hyp1,EDUC4,Non-College,66.6324435318275,62.65060240963856,3.9818411221889463
FarrowS6,FarrowS6:Disappointment:hyp1,ideo_3,Conservative,22.279260780287473,30.120481927710845,7.841221147423372
FarrowS6,FarrowS6:Disappointment:hyp1,ideo_3,Liberal,18.37782340862423,24.78485370051635,6.40703029189212
FarrowS6,FarrowS6:Disappointment:hyp1,ideo_3,Moderate,33.7782340862423,45.09466437177281,11.316430285530508
FarrowS6,FarrowS6:Disappointment:hyp1,ideo_3,__MISSING__,25.564681724845993,0.0,25.564681724845993
Haaland874,Haaland874:Affirmative action: Assistance:hyp1,GENDER,Female,53.42465753424658,54.04255319148936,0.6178956572427836
Haaland874,Haaland874:Affirmative action: Assistance:hyp1,GENDER,Male,46.57534246575342,45.95744680851064,0.6178956572427836
Haaland874,Haaland874:Affirmative action: Assistance:hyp1,race_4,Black,10.95890410958904,14.382978723404255,3.4240746138152147
Haaland874,Haaland874:Affirmative action: Assistance:hyp1,race_4,White,66.07958251793869,85.61702127659574,19.537438758657046
Haaland874,Haaland874:Affirmative action: Assistance:hyp1,race_4,__MISSING__,22.961513372472275,0.0,22.961513372472275
Haaland874,Haaland874:Affirmative action: Assistance:hyp1,pid_3,Democrat,48.858447488584474,46.97872340425532,1.8797240843291547
Haaland874,Haaland874:Affirmative action: Assistance:hyp1,pid_3,Independent,18.33007175472929,16.680851063829788,1.6492206908995009
Haaland874,Haaland874:Affirmative action: Assistance:hyp1,pid_3,Republican,32.550554468362684,36.340425531914896,3.789871063552212
Haaland874,Haaland874:Affirmative action: Assistance:hyp1,pid_3,__MISSING__,0.2609262883235486,0.0,0.2609262883235486
Haaland874,Haaland874:Affirmative action: Assistance:hyp1,age_5,Older than 50,48.793215916503584,52.42553191489362,3.632315998390034
Haaland874,Haaland874:Affirmative action: Assistance:hyp1,age_5,Younger than 50,51.206784083496416,47.57446808510638,3.632315998390034
Haaland874,Haaland874:Affirmative action: Assistance:hyp1,EDUC4,College,35.87736464448793,38.808510638297875,2.931145993809942
Haaland874,Haaland874:Affirmative action: Assistance:hyp1,EDUC4,Non-College,64.12263535551207,61.191489361702125,2.931145993809949
Haaland874,Haaland874:Affirmative action: Assistance:hyp1,ideo_3,Conservative,25.440313111545986,26.04255319148936,0.6022400799433747
Haaland874,Haaland874:Affirmative action: Assistance:hyp1,ideo_3,Liberal,24.46183953033268,24.680851063829788,0.21901153349710967
Haaland874,Haaland874:Affirmative action: Assistance:hyp1,ideo_3,Moderate,49.05414220482713,49.276595744680854,0.22245353985372418
Haaland874,Haaland874:Affirmative action: Assistance:hyp1,ideo_3,__MISSING__,1.0437051532941943,0.0,1.0437051532941943
Haaland874,Haaland874:Affirmative action: Preference:hyp1,GENDER,Female,53.48534201954397,54.04255319148936,0.55721117194539
Haaland874,Haaland874:Affirmative action: Preference:hyp1,GENDER,Male,46.51465798045603,45.95744680851064,0.55721117194539
Haaland874,Haaland874:Affirmative action: Preference:hyp1,race_4,Black,11.009771986970684,14.382978723404255,3.3732067364335716
Haaland874,Haaland874:Affirmative action: Preference:hyp1,race_4,White,66.18892508143323,85.61702127659574,19.42809619516251
Haaland874,Haaland874:Affirmative action: Preference:hyp1,race_4,__MISSING__,22.80130293159609,0.0,22.80130293159609
Haaland874,Haaland874:Affirmative action: Preference:hyp1,pid_3,Democrat,48.925081433224754,46.97872340425532,1.9463580289694349
Haaland874,Haaland874:Affirmative action: Preference:hyp1,pid_3,Independent,18.306188925081432,16.680851063829788,1.6253378612516443
Haaland874,Haaland874:Affirmative action: Preference:hyp1,pid_3,Republican,32.57328990228013,36.340425531914896,3.7671356296347653
Haaland874,Haaland874:Affirmative action: Preference:hyp1,pid_3,__MISSING__,0.19543973941368079,0.0,0.19543973941368079
Haaland874,Haaland874:Affirmative action: Preference:hyp1,age_5,Older than 50,48.66449511400652,52.42553191489362,3.761036800887098
Haaland874,Haaland874:Affirmative action: Preference:hyp1,age_5,Younger than 50,51.33550488599349,47.57446808510638,3.761036800887105
Haaland874,Haaland874:Affirmative action: Preference:hyp1,EDUC4,College,36.02605863192183,38.808510638297875,2.7824520063760474
Haaland874,Haaland874:Affirmative action: Preference:hyp1,EDUC4,Non-College,63.97394136807818,61.191489361702125,2.7824520063760545
Haaland874,Haaland874:Affirmative action: Preference:hyp1,ideo_3,Conservative,25.47231270358306,26.04255319148936,0.5702404879063003
Haaland874,Haaland874:Affirmative action: Preference:hyp1,ideo_3,Liberal,24.429967426710096,24.680851063829788,0.2508836371196921
Haaland874,Haaland874:Affirmative action: Preference:hyp1,ideo_3,Moderate,49.05537459283388,49.276595744680854,0.22122115184697577
Haaland874,Haaland874:Affirmative action: Preference:hyp1,ideo_3,__MISSING__,1.0423452768729642,0.0,1.0423452768729642
Haaland874,Haaland874:Racial Discrimination perception:hyp1,GENDER,Female,53.64109232769832,54.04255319148936,0.4014608637910442
Haaland874,Haaland874:Racial Discrimination perception:hyp1,GENDER,Male,46.35890767230169,45.95744680851064,0.4014608637910513
Haaland874,Haaland874:Racial Discrimination perception:hyp1,race_4,Black,10.988296488946684,14.382978723404255,3.394682234457571
Haaland874,Haaland874:Racial Discrimination perception:hyp1,race_4,White,66.12483745123538,85.61702127659574,19.492183825360357
Haaland874,Haaland874:Racial Discrimination perception:hyp1,race_4,__MISSING__,22.886866059817944,0.0,22.886866059817944
Haaland874,Haaland874:Racial Discrimination perception:hyp1,pid_3,Democrat,48.89466840052016,46.97872340425532,1.915944996264841
Haaland874,Haaland874:Racial Discrimination perception:hyp1,pid_3,Independent,18.33550065019506,16.680851063829788,1.6546495863652702
Haaland874,Haaland874:Racial Discrimination perception:hyp1,pid_3,Republican,32.50975292587776,36.340425531914896,3.830672606037133
Haaland874,Haaland874:Racial Discrimination perception:hyp1,pid_3,__MISSING__,0.26007802340702213,0.0,0.26007802340702213
Haaland874,Haaland874:Racial Discrimination perception:hyp1,age_5,Older than 50,48.634590377113135,52.42553191489362,3.7909415377804834
Haaland874,Haaland874:Racial Discrimination perception:hyp1,age_5,Younger than 50,51.36540962288687,47.57446808510638,3.7909415377804905
Haaland874,Haaland874:Racial Discrimination perception:hyp1,EDUC4,College,36.02080624187256,38.808510638297875,2.787704396425312
Haaland874,Haaland874:Racial Discrimination perception:hyp1,EDUC4,Non-College,63.97919375812744,61.191489361702125,2.787704396425312
Haaland874,Haaland874:Racial Discrimination perception:hyp1,ideo_3,Conservative,25.42262678803641,26.04255319148936,0.6199264034529506
Haaland874,Haaland874:Racial Discrimination perception:hyp1,ideo_3,Liberal,24.512353706111835,24.680851063829788,0.16849735771795338
Haaland874,Haaland874:Racial Discrimination perception:hyp1,ideo_3,Moderate,48.95968790637191,49.276595744680854,0.31690783830894276
Haaland874,Haaland874:Racial Discrimination perception:hyp1,ideo_3,__MISSING__,1.1053315994798438,0.0,1.1053315994798438
HankinsonS22,HankinsonS22:Clinic_support:hyp1,GENDER,Female,53.5,53.485064011379805,0.014935988620194962
HankinsonS22,HankinsonS22:Clinic_support:hyp1,GENDER,Male,46.5,46.514935988620195,0.014935988620194962
HankinsonS22,HankinsonS22:Clinic_support:hyp1,race_4,Black,11.15,13.01564722617354,1.8656472261735395
HankinsonS22,HankinsonS22:Clinic_support:hyp1,race_4,White,66.25,86.98435277382646,20.73435277382646
HankinsonS22,HankinsonS22:Clinic_support:hyp1,race_4,__MISSING__,22.6,0.0,22.6
HankinsonS22,HankinsonS22:Clinic_support:hyp1,pid_3,Democrat,49.35,48.79089615931721,0.5591038406827948
HankinsonS22,HankinsonS22:Clinic_support:hyp1,pid_3,Independent,16.85,12.375533428165006,4.474466571834995
HankinsonS22,HankinsonS22:Clinic_support:hyp1,pid_3,Republican,33.650000000000006,38.83357041251778,5.183570412517774
HankinsonS22,HankinsonS22:Clinic_support:hyp1,pid_3,__MISSING__,0.15,0.0,0.15
HankinsonS22,HankinsonS22:Clinic_support:hyp1,age_5,Older than 50,47.65,54.83641536273115,7.186415362731154
HankinsonS22,HankinsonS22:Clinic_support:hyp1,age_5,Younger than 50,52.349999999999994,45.16358463726885,7.186415362731147
HankinsonS22,HankinsonS22:Clinic_support:hyp1,EDUC4,College,34.25,38.54907539118065,4.299075391180651
HankinsonS22,HankinsonS22:Clinic_support:hyp1,EDUC4,Non-College,65.75,61.45092460881935,4.299075391180651
HankinsonS22,HankinsonS22:Clinic_support:hyp1,ideo_3,Conservative,31.25,37.339971550497864,6.089971550497864
HankinsonS22,HankinsonS22:Clinic_support:hyp1,ideo_3,Liberal,31.05,34.35277382645804,3.30277382645804
HankinsonS22,HankinsonS22:Clinic_support:hyp1,ideo_3,Moderate,27.05,28.3072546230441,1.2572546230440977
HankinsonS22,HankinsonS22:Clinic_support:hyp1,ideo_3,__MISSING__,10.65,0.0,10.65
Howard823,Howard823:Willingness_to_spend_on_optional_expense:hyp1,GENDER,Female,50.585480093676814,52.123552123552116,1.538072029875302
Howard823,Howard823:Willingness_to_spend_on_optional_expense:hyp1,GENDER,Male,49.414519906323186,47.87644787644788,1.538072029875309
Howard823,Howard823:Willingness_to_spend_on_optional_expense:hyp1,race_4,Black,10.421545667447308,12.162162162162163,1.740616494714855
Howard823,Howard823:Willingness_to_spend_on_optional_expense:hyp1,race_4,White,72.36533957845434,87.83783783783784,15.4724982593835
Howard823,Howard823:Willingness_to_spend_on_optional_expense:hyp1,race_4,__MISSING__,17.21311475409836,0.0,17.21311475409836
Howard823,Howard823:Willingness_to_spend_on_optional_expense:hyp1,pid_3,Democrat,46.25292740046839,48.84169884169884,2.588771441230456
Howard823,Howard823:Willingness_to_spend_on_optional_expense:hyp1,pid_3,Independent,3.395784543325527,3.474903474903475,0.07911893157794792
Howard823,Howard823:Willingness_to_spend_on_optional_expense:hyp1,pid_3,Republican,50.35128805620609,47.68339768339768,2.667890372808408
Howard823,Howard823:Willingness_to_spend_on_optional_expense:hyp1,age_5,Older than 50,53.98126463700235,56.17760617760618,2.1963415406038322
Howard823,Howard823:Willingness_to_spend_on_optional_expense:hyp1,age_5,Younger than 50,46.01873536299766,43.82239382239382,2.1963415406038393
Howard823,Howard823:Willingness_to_spend_on_optional_expense:hyp1,EDUC4,College,34.894613583138174,36.196911196911195,1.3022976137730211
Howard823,Howard823:Willingness_to_spend_on_optional_expense:hyp1,EDUC4,Non-College,65.10538641686182,63.803088803088805,1.302297613773014
Howard823,Howard823:Willingness_to_spend_on_optional_expense:hyp1,ideo_3,Conservative,37.58782201405152,37.45173745173745,0.13608456231406763
Howard823,Howard823:Willingness_to_spend_on_optional_expense:hyp1,ideo_3,Liberal,26.346604215456676,25.868725868725868,0.4778783467308081
Howard823,Howard823:Willingness_to_spend_on_optional_expense:hyp1,ideo_3,Moderate,35.831381733021075,36.67953667953668,0.8481549465156064
Howard823,Howard823:Willingness_to_spend_on_optional_expense:hyp1,ideo_3,__MISSING__,0.234192037470726,0.0,0.234192037470726
Howard823,Howard823:Willingness_to_spend_on_optional_expense:hyp2,GENDER,Female,51.14873035066505,52.123552123552116,0.9748217728870685
Howard823,Howard823:Willingness_to_spend_on_optional_expense:hyp2,GENDER,Male,48.851269649334945,47.87644787644788,0.9748217728870685
Howard823,Howard823:Willingness_to_spend_on_optional_expense:hyp2,race_4,Black,10.036275695284159,12.162162162162163,2.125886466878004
Howard823,Howard823:Willingness_to_spend_on_optional_expense:hyp2,race_4,White,71.22128174123338,87.83783783783784,16.616556096604455
Howard823,Howard823:Willingness_to_spend_on_optional_expense:hyp2,race_4,__MISSING__,18.742442563482467,0.0,18.742442563482467
Howard823,Howard823:Willingness_to_spend_on_optional_expense:hyp2,pid_3,Democrat,44.01451027811367,48.84169884169884,4.827188563585175
Howard823,Howard823:Willingness_to_spend_on_optional_expense:hyp2,pid_3,Independent,3.7484885126964933,3.474903474903475,0.27358503779301824
Howard823,Howard823:Willingness_to_spend_on_optional_expense:hyp2,pid_3,Republican,52.23700120918985,47.68339768339768,4.55360352579217
Howard823,Howard823:Willingness_to_spend_on_optional_expense:hyp2,age_5,Older than 50,51.75332527206772,56.17760617760618,4.42428090553846
Howard823,Howard823:Willingness_to_spend_on_optional_expense:hyp2,age_5,Younger than 50,48.24667472793229,43.82239382239382,4.424280905538467
Howard823,Howard823:Willingness_to_spend_on_optional_expense:hyp2,EDUC4,College,35.42926239419589,36.196911196911195,0.767648802715307
Howard823,Howard823:Willingness_to_spend_on_optional_expense:hyp2,EDUC4,Non-College,64.57073760580411,63.803088803088805,0.767648802715307
Howard823,Howard823:Willingness_to_spend_on_optional_expense:hyp2,ideo_3,Conservative,35.066505441354295,37.45173745173745,2.385232010383156
Howard823,Howard823:Willingness_to_spend_on_optional_expense:hyp2,ideo_3,Liberal,27.08585247883918,25.868725868725868,1.2171266101133114
Howard823,Howard823:Willingness_to_spend_on_optional_expense:hyp2,ideo_3,Moderate,37.48488512696493,36.67953667953668,0.8053484474282513
Howard823,Howard823:Willingness_to_spend_on_optional_expense:hyp2,ideo_3,__MISSING__,0.36275695284159615,0.0,0.36275695284159615
Howard823,Howard823:financial_slack:hyp1,GENDER,Female,50.52878965922444,52.123552123552116,1.5947624643276797
Howard823,Howard823:financial_slack:hyp1,GENDER,Male,49.471210340775556,47.87644787644788,1.5947624643276797
Howard823,Howard823:financial_slack:hyp1,race_4,Black,10.223266745005875,12.162162162162163,1.9388954171562887
Howard823,Howard823:financial_slack:hyp1,race_4,White,72.50293772032902,87.83783783783784,15.334900117508823
Howard823,Howard823:financial_slack:hyp1,race_4,__MISSING__,17.2737955346651,0.0,17.2737955346651
Howard823,Howard823:financial_slack:hyp1,pid_3,Democrat,46.29847238542891,48.84169884169884,2.5432264562699345
Howard823,Howard823:financial_slack:hyp1,pid_3,Independent,3.290246768507638,3.474903474903475,0.18465670639583687
Howard823,Howard823:financial_slack:hyp1,pid_3,Republican,50.411280846063455,47.68339768339768,2.7278831626657762
Howard823,Howard823:financial_slack:hyp1,age_5,Older than 50,53.5840188014101,56.17760617760618,2.5935873761960764
Howard823,Howard823:financial_slack:hyp1,age_5,Younger than 50,46.4159811985899,43.82239382239382,2.5935873761960764
Howard823,Howard823:financial_slack:hyp1,EDUC4,College,34.90011750881316,36.196911196911195,1.2967936880980346
Howard823,Howard823:financial_slack:hyp1,EDUC4,Non-College,65.09988249118685,63.803088803088805,1.2967936880980417
Howard823,Howard823:financial_slack:hyp1,ideo_3,Conservative,37.485311398354874,37.45173745173745,0.03357394661742319
Howard823,Howard823:financial_slack:hyp1,ideo_3,Liberal,26.204465334900117,25.868725868725868,0.33573946617424966
Howard823,Howard823:financial_slack:hyp1,ideo_3,Moderate,36.07520564042303,36.67953667953668,0.6043310391136529
Howard823,Howard823:financial_slack:hyp1,ideo_3,__MISSING__,0.23501762632197415,0.0,0.23501762632197415
Howard823,Howard823:financial_slack:hyp2,GENDER,Female,51.15151515151515,52.123552123552116,0.9720369720369675
Howard823,Howard823:financial_slack:hyp2,GENDER,Male,48.848484848484844,47.87644787644788,0.9720369720369675
Howard823,Howard823:financial_slack:hyp2,race_4,Black,9.818181818181818,12.162162162162163,2.343980343980345
Howard823,Howard823:financial_slack:hyp2,race_4,White,71.15151515151516,87.83783783783784,16.686322686322683
Howard823,Howard823:financial_slack:hyp2,race_4,__MISSING__,19.03030303030303,0.0,19.03030303030303
Howard823,Howard823:financial_slack:hyp2,pid_3,Democrat,44.0,48.84169884169884,4.841698841698843
Howard823,Howard823:financial_slack:hyp2,pid_3,Independent,3.6363636363636362,3.474903474903475,0.16146016146016118
Howard823,Howard823:financial_slack:hyp2,pid_3,Republican,52.36363636363637,47.68339768339768,4.680238680238688
Howard823,Howard823:financial_slack:hyp2,age_5,Older than 50,51.515151515151516,56.17760617760618,4.662454662454664
Howard823,Howard823:financial_slack:hyp2,age_5,Younger than 50,48.484848484848484,43.82239382239382,4.662454662454664
Howard823,Howard823:financial_slack:hyp2,EDUC4,College,35.39393939393939,36.196911196911195,0.802971802971804
Howard823,Howard823:financial_slack:hyp2,EDUC4,Non-College,64.60606060606061,63.803088803088805,0.802971802971804
Howard823,Howard823:financial_slack:hyp2,ideo_3,Conservative,34.78787878787879,37.45173745173745,2.6638586638586617
Howard823,Howard823:financial_slack:hyp2,ideo_3,Liberal,26.90909090909091,25.868725868725868,1.0403650403650424
Howard823,Howard823:financial_slack:hyp2,ideo_3,Moderate,37.93939393939394,36.67953667953668,1.259857259857256
Howard823,Howard823:financial_slack:hyp2,ideo_3,__MISSING__,0.36363636363636365,0.0,0.36363636363636365
Iles1294,Iles1294:Confusing:hyp1,GENDER,Female,54.09356725146199,55.22959183673469,1.1360245852727004
Iles1294,Iles1294:Confusing:hyp1,GENDER,Male,45.90643274853801,44.77040816326531,1.1360245852727004
Iles1294,Iles1294:Confusing:hyp1,race_4,Black,10.526315789473683,13.26530612244898,2.7389903329752965
Iles1294,Iles1294:Confusing:hyp1,race_4,White,66.95906432748538,86.73469387755102,19.775629550065645
Iles1294,Iles1294:Confusing:hyp1,race_4,__MISSING__,22.514619883040936,0.0,22.514619883040936
Iles1294,Iles1294:Confusing:hyp1,pid_3,Democrat,48.24561403508772,47.19387755102041,1.0517364840673125
Iles1294,Iles1294:Confusing:hyp1,pid_3,Independent,12.475633528265107,12.244897959183673,0.23073556908143367
Iles1294,Iles1294:Confusing:hyp1,pid_3,Republican,38.88888888888889,40.56122448979592,1.6723356009070258
Iles1294,Iles1294:Confusing:hyp1,pid_3,__MISSING__,0.3898635477582846,0.0,0.3898635477582846
Iles1294,Iles1294:Confusing:hyp1,age_5,Older than 50,52.14424951267057,56.63265306122449,4.488403548553919
Iles1294,Iles1294:Confusing:hyp1,age_5,Younger than 50,47.85575048732944,43.36734693877551,4.488403548553926
Iles1294,Iles1294:Confusing:hyp1,EDUC4,College,34.21052631578947,36.98979591836735,2.7792696025778767
Iles1294,Iles1294:Confusing:hyp1,EDUC4,Non-College,65.78947368421053,63.01020408163265,2.779269602577884
Iles1294,Iles1294:Confusing:hyp1,ideo_3,Conservative,28.947368421052634,31.25,2.3026315789473664
Iles1294,Iles1294:Confusing:hyp1,ideo_3,Liberal,22.319688109161792,22.193877551020407,0.1258105581413851
Iles1294,Iles1294:Confusing:hyp1,ideo_3,Moderate,47.07602339181287,46.55612244897959,0.5199009428332744
Iles1294,Iles1294:Confusing:hyp1,ideo_3,__MISSING__,1.6569200779727096,0.0,1.6569200779727096
Iles1294,Iles1294:Confusing:hyp2,GENDER,Female,55.70866141732284,55.22959183673469,0.4790695805881455
Iles1294,Iles1294:Confusing:hyp2,GENDER,Male,44.29133858267716,44.77040816326531,0.4790695805881455
Iles1294,Iles1294:Confusing:hyp2,race_4,Black,10.62992125984252,13.26530612244898,2.6353848626064593
Iles1294,Iles1294:Confusing:hyp2,race_4,White,65.15748031496062,86.73469387755102,21.5772135625904
Iles1294,Iles1294:Confusing:hyp2,race_4,__MISSING__,24.21259842519685,0.0,24.21259842519685
Iles1294,Iles1294:Confusing:hyp2,pid_3,Democrat,47.047244094488185,47.19387755102041,0.14663345653222137
Iles1294,Iles1294:Confusing:hyp2,pid_3,Independent,13.385826771653544,12.244897959183673,1.1409288124698715
Iles1294,Iles1294:Confusing:hyp2,pid_3,Republican,39.56692913385827,40.56122448979592,0.994295355937652
Iles1294,Iles1294:Confusing:hyp2,age_5,Older than 50,50.98425196850393,56.63265306122449,5.648401092720555
Iles1294,Iles1294:Confusing:hyp2,age_5,Younger than 50,49.01574803149607,43.36734693877551,5.648401092720555
Iles1294,Iles1294:Confusing:hyp2,EDUC4,College,34.44881889763779,36.98979591836735,2.5409770207295566
Iles1294,Iles1294:Confusing:hyp2,EDUC4,Non-College,65.5511811023622,63.01020408163265,2.5409770207295423
Iles1294,Iles1294:Confusing:hyp2,ideo_3,Conservative,29.527559055118108,31.25,1.7224409448818925
Iles1294,Iles1294:Confusing:hyp2,ideo_3,Liberal,21.456692913385826,22.193877551020407,0.7371846376345808
Iles1294,Iles1294:Confusing:hyp2,ideo_3,Moderate,47.63779527559055,46.55612244897959,1.081672826610955
Iles1294,Iles1294:Confusing:hyp2,ideo_3,__MISSING__,1.3779527559055118,0.0,1.3779527559055118
Iles1294,Iles1294:Confusing:hyp3,GENDER,Female,54.280155642023345,55.22959183673469,0.9494361947113461
Iles1294,Iles1294:Confusing:hyp3,GENDER,Male,45.719844357976655,44.77040816326531,0.9494361947113461
Iles1294,Iles1294:Confusing:hyp3,race_4,Black,11.673151750972762,13.26530612244898,1.5921543714762176
Iles1294,Iles1294:Confusing:hyp3,race_4,White,66.14785992217898,86.73469387755102,20.586833955372043
Iles1294,Iles1294:Confusing:hyp3,race_4,__MISSING__,22.17898832684825,0.0,22.17898832684825
Iles1294,Iles1294:Confusing:hyp3,pid_3,Democrat,51.36186770428015,47.19387755102041,4.167990153259744
Iles1294,Iles1294:Confusing:hyp3,pid_3,Independent,12.45136186770428,12.244897959183673,0.20646390852060748
Iles1294,Iles1294:Confusing:hyp3,pid_3,Republican,35.797665369649806,40.56122448979592,4.7635591201461125
Iles1294,Iles1294:Confusing:hyp3,pid_3,__MISSING__,0.38910505836575876,0.0,0.38910505836575876
Iles1294,Iles1294:Confusing:hyp3,age_5,Older than 50,51.55642023346303,56.63265306122449,5.076232827761459
Iles1294,Iles1294:Confusing:hyp3,age_5,Younger than 50,48.44357976653696,43.36734693877551,5.0762328277614515
Iles1294,Iles1294:Confusing:hyp3,EDUC4,College,35.019455252918284,36.98979591836735,1.970340665449065
Iles1294,Iles1294:Confusing:hyp3,EDUC4,Non-College,64.98054474708171,63.01020408163265,1.9703406654490578
Iles1294,Iles1294:Confusing:hyp3,ideo_3,Conservative,27.626459143968873,31.25,3.623540856031127
Iles1294,Iles1294:Confusing:hyp3,ideo_3,Liberal,24.90272373540856,22.193877551020407,2.708846184388154
Iles1294,Iles1294:Confusing:hyp3,ideo_3,Moderate,45.719844357976655,46.55612244897959,0.8362780910029386
Iles1294,Iles1294:Confusing:hyp3,ideo_3,__MISSING__,1.7509727626459144,0.0,1.7509727626459144
Iles1294,Iles1294:Frustrated:hyp1,GENDER,Female,54.09356725146199,55.22959183673469,1.1360245852727004
Iles1294,Iles1294:Frustrated:hyp1,GENDER,Male,45.90643274853801,44.77040816326531,1.1360245852727004
Iles1294,Iles1294:Frustrated:hyp1,race_4,Black,10.526315789473683,13.26530612244898,2.7389903329752965
Iles1294,Iles1294:Frustrated:hyp1,race_4,White,66.95906432748538,86.73469387755102,19.775629550065645
Iles1294,Iles1294:Frustrated:hyp1,race_4,__MISSING__,22.514619883040936,0.0,22.514619883040936
Iles1294,Iles1294:Frustrated:hyp1,pid_3,Democrat,48.24561403508772,47.19387755102041,1.0517364840673125
Iles1294,Iles1294:Frustrated:hyp1,pid_3,Independent,12.475633528265107,12.244897959183673,0.23073556908143367
Iles1294,Iles1294:Frustrated:hyp1,pid_3,Republican,38.88888888888889,40.56122448979592,1.6723356009070258
Iles1294,Iles1294:Frustrated:hyp1,pid_3,__MISSING__,0.3898635477582846,0.0,0.3898635477582846
Iles1294,Iles1294:Frustrated:hyp1,age_5,Older than 50,52.14424951267057,56.63265306122449,4.488403548553919
Iles1294,Iles1294:Frustrated:hyp1,age_5,Younger than 50,47.85575048732944,43.36734693877551,4.488403548553926
Iles1294,Iles1294:Frustrated:hyp1,EDUC4,College,34.21052631578947,36.98979591836735,2.7792696025778767
Iles1294,Iles1294:Frustrated:hyp1,EDUC4,Non-College,65.78947368421053,63.01020408163265,2.779269602577884
Iles1294,Iles1294:Frustrated:hyp1,ideo_3,Conservative,28.947368421052634,31.25,2.3026315789473664
Iles1294,Iles1294:Frustrated:hyp1,ideo_3,Liberal,22.319688109161792,22.193877551020407,0.1258105581413851
Iles1294,Iles1294:Frustrated:hyp1,ideo_3,Moderate,47.07602339181287,46.55612244897959,0.5199009428332744
Iles1294,Iles1294:Frustrated:hyp1,ideo_3,__MISSING__,1.6569200779727096,0.0,1.6569200779727096
Iles1294,Iles1294:Frustrated:hyp2,GENDER,Female,55.70866141732284,55.22959183673469,0.4790695805881455
Iles1294,Iles1294:Frustrated:hyp2,GENDER,Male,44.29133858267716,44.77040816326531,0.4790695805881455
Iles1294,Iles1294:Frustrated:hyp2,race_4,Black,10.62992125984252,13.26530612244898,2.6353848626064593
Iles1294,Iles1294:Frustrated:hyp2,race_4,White,65.15748031496062,86.73469387755102,21.5772135625904
Iles1294,Iles1294:Frustrated:hyp2,race_4,__MISSING__,24.21259842519685,0.0,24.21259842519685
Iles1294,Iles1294:Frustrated:hyp2,pid_3,Democrat,47.047244094488185,47.19387755102041,0.14663345653222137
Iles1294,Iles1294:Frustrated:hyp2,pid_3,Independent,13.385826771653544,12.244897959183673,1.1409288124698715
Iles1294,Iles1294:Frustrated:hyp2,pid_3,Republican,39.56692913385827,40.56122448979592,0.994295355937652
Iles1294,Iles1294:Frustrated:hyp2,age_5,Older than 50,50.98425196850393,56.63265306122449,5.648401092720555
Iles1294,Iles1294:Frustrated:hyp2,age_5,Younger than 50,49.01574803149607,43.36734693877551,5.648401092720555
Iles1294,Iles1294:Frustrated:hyp2,EDUC4,College,34.44881889763779,36.98979591836735,2.5409770207295566
Iles1294,Iles1294:Frustrated:hyp2,EDUC4,Non-College,65.5511811023622,63.01020408163265,2.5409770207295423
Iles1294,Iles1294:Frustrated:hyp2,ideo_3,Conservative,29.527559055118108,31.25,1.7224409448818925
Iles1294,Iles1294:Frustrated:hyp2,ideo_3,Liberal,21.456692913385826,22.193877551020407,0.7371846376345808
Iles1294,Iles1294:Frustrated:hyp2,ideo_3,Moderate,47.63779527559055,46.55612244897959,1.081672826610955
Iles1294,Iles1294:Frustrated:hyp2,ideo_3,__MISSING__,1.3779527559055118,0.0,1.3779527559055118
Iles1294,Iles1294:Frustrated:hyp3,GENDER,Female,54.280155642023345,55.22959183673469,0.9494361947113461
Iles1294,Iles1294:Frustrated:hyp3,GENDER,Male,45.719844357976655,44.77040816326531,0.9494361947113461
Iles1294,Iles1294:Frustrated:hyp3,race_4,Black,11.673151750972762,13.26530612244898,1.5921543714762176
Iles1294,Iles1294:Frustrated:hyp3,race_4,White,66.14785992217898,86.73469387755102,20.586833955372043
Iles1294,Iles1294:Frustrated:hyp3,race_4,__MISSING__,22.17898832684825,0.0,22.17898832684825
Iles1294,Iles1294:Frustrated:hyp3,pid_3,Democrat,51.36186770428015,47.19387755102041,4.167990153259744
Iles1294,Iles1294:Frustrated:hyp3,pid_3,Independent,12.45136186770428,12.244897959183673,0.20646390852060748
Iles1294,Iles1294:Frustrated:hyp3,pid_3,Republican,35.797665369649806,40.56122448979592,4.7635591201461125
Iles1294,Iles1294:Frustrated:hyp3,pid_3,__MISSING__,0.38910505836575876,0.0,0.38910505836575876
Iles1294,Iles1294:Frustrated:hyp3,age_5,Older than 50,51.55642023346303,56.63265306122449,5.076232827761459
Iles1294,Iles1294:Frustrated:hyp3,age_5,Younger than 50,48.44357976653696,43.36734693877551,5.0762328277614515
Iles1294,Iles1294:Frustrated:hyp3,EDUC4,College,35.019455252918284,36.98979591836735,1.970340665449065
Iles1294,Iles1294:Frustrated:hyp3,EDUC4,Non-College,64.98054474708171,63.01020408163265,1.9703406654490578
Iles1294,Iles1294:Frustrated:hyp3,ideo_3,Conservative,27.626459143968873,31.25,3.623540856031127
Iles1294,Iles1294:Frustrated:hyp3,ideo_3,Liberal,24.90272373540856,22.193877551020407,2.708846184388154
Iles1294,Iles1294:Frustrated:hyp3,ideo_3,Moderate,45.719844357976655,46.55612244897959,0.8362780910029386
Iles1294,Iles1294:Frustrated:hyp3,ideo_3,__MISSING__,1.7509727626459144,0.0,1.7509727626459144
Iles1294,Iles1294:collaborative:hyp1,GENDER,Female,54.040895813047705,55.22959183673469,1.1886960236869868
Iles1294,Iles1294:collaborative:hyp1,GENDER,Male,45.95910418695229,44.77040816326531,1.1886960236869797
Iles1294,Iles1294:collaborative:hyp1,race_4,Black,10.516066212268745,13.26530612244898,2.7492399101802345
Iles1294,Iles1294:collaborative:hyp1,race_4,White,66.99123661148978,86.73469387755102,19.74345726606124
Iles1294,Iles1294:collaborative:hyp1,race_4,__MISSING__,22.49269717624148,0.0,22.49269717624148
Iles1294,Iles1294:collaborative:hyp1,pid_3,Democrat,48.19863680623174,47.19387755102041,1.004759255211333
Iles1294,Iles1294:collaborative:hyp1,pid_3,Independent,12.560856864654331,12.244897959183673,0.31595890547065864
Iles1294,Iles1294:collaborative:hyp1,pid_3,Republican,38.85102239532619,40.56122448979592,1.7102020944697287
Iles1294,Iles1294:collaborative:hyp1,pid_3,__MISSING__,0.3894839337877313,0.0,0.3894839337877313
Iles1294,Iles1294:collaborative:hyp1,age_5,Older than 50,52.093476144109054,56.63265306122449,4.539176917115434
Iles1294,Iles1294:collaborative:hyp1,age_5,Younger than 50,47.906523855890946,43.36734693877551,4.539176917115434
Iles1294,Iles1294:collaborative:hyp1,EDUC4,College,34.177215189873415,36.98979591836735,2.812580728493934
Iles1294,Iles1294:collaborative:hyp1,EDUC4,Non-College,65.82278481012658,63.01020408163265,2.812580728493927
Iles1294,Iles1294:collaborative:hyp1,ideo_3,Conservative,28.91918208373905,31.25,2.3308179162609513
Iles1294,Iles1294:collaborative:hyp1,ideo_3,Liberal,22.297955209347613,22.193877551020407,0.10407765832720628
Iles1294,Iles1294:collaborative:hyp1,ideo_3,Moderate,47.127555988315486,46.55612244897959,0.5714335393358922
Iles1294,Iles1294:collaborative:hyp1,ideo_3,__MISSING__,1.6553067185978578,0.0,1.6553067185978578
Iles1294,Iles1294:collaborative:hyp2,GENDER,Female,55.5992141453831,55.22959183673469,0.3696223086484096
Iles1294,Iles1294:collaborative:hyp2,GENDER,Male,44.4007858546169,44.77040816326531,0.3696223086484096
Iles1294,Iles1294:collaborative:hyp2,race_4,Black,10.609037328094303,13.26530612244898,2.656268794354677
Iles1294,Iles1294:collaborative:hyp2,race_4,White,65.22593320235757,86.73469387755102,21.508760675193457
Iles1294,Iles1294:collaborative:hyp2,race_4,__MISSING__,24.165029469548134,0.0,24.165029469548134
Iles1294,Iles1294:collaborative:hyp2,pid_3,Democrat,46.95481335952849,47.19387755102041,0.23906419149192004
Iles1294,Iles1294:collaborative:hyp2,pid_3,Independent,13.555992141453832,12.244897959183673,1.3110941822701587
Iles1294,Iles1294:collaborative:hyp2,pid_3,Republican,39.489194499017685,40.56122448979592,1.0720299907782334
Iles1294,Iles1294:collaborative:hyp2,age_5,Older than 50,50.884086444007856,56.63265306122449,5.748566617216632
Iles1294,Iles1294:collaborative:hyp2,age_5,Younger than 50,49.115913555992144,43.36734693877551,5.748566617216632
Iles1294,Iles1294:collaborative:hyp2,EDUC4,College,34.3811394891945,36.98979591836735,2.6086564291728465
Iles1294,Iles1294:collaborative:hyp2,EDUC4,Non-College,65.6188605108055,63.01020408163265,2.6086564291728536
Iles1294,Iles1294:collaborative:hyp2,ideo_3,Conservative,29.469548133595286,31.25,1.7804518664047144
Iles1294,Iles1294:collaborative:hyp2,ideo_3,Liberal,21.414538310412574,22.193877551020407,0.7793392406078326
Iles1294,Iles1294:collaborative:hyp2,ideo_3,Moderate,47.74066797642436,46.55612244897959,1.1845455274447687
Iles1294,Iles1294:collaborative:hyp2,ideo_3,__MISSING__,1.37524557956778,0.0,1.37524557956778
Iles1294,Iles1294:collaborative:hyp3,GENDER,Female,54.280155642023345,55.22959183673469,0.9494361947113461
Iles1294,Iles1294:collaborative:hyp3,GENDER,Male,45.719844357976655,44.77040816326531,0.9494361947113461
Iles1294,Iles1294:collaborative:hyp3,race_4,Black,11.673151750972762,13.26530612244898,1.5921543714762176
Iles1294,Iles1294:collaborative:hyp3,race_4,White,66.14785992217898,86.73469387755102,20.586833955372043
Iles1294,Iles1294:collaborative:hyp3,race_4,__MISSING__,22.17898832684825,0.0,22.17898832684825
Iles1294,Iles1294:collaborative:hyp3,pid_3,Democrat,51.36186770428015,47.19387755102041,4.167990153259744
Iles1294,Iles1294:collaborative:hyp3,pid_3,Independent,12.45136186770428,12.244897959183673,0.20646390852060748
Iles1294,Iles1294:collaborative:hyp3,pid_3,Republican,35.797665369649806,40.56122448979592,4.7635591201461125
Iles1294,Iles1294:collaborative:hyp3,pid_3,__MISSING__,0.38910505836575876,0.0,0.38910505836575876
Iles1294,Iles1294:collaborative:hyp3,age_5,Older than 50,51.55642023346303,56.63265306122449,5.076232827761459
Iles1294,Iles1294:collaborative:hyp3,age_5,Younger than 50,48.44357976653696,43.36734693877551,5.0762328277614515
Iles1294,Iles1294:collaborative:hyp3,EDUC4,College,35.019455252918284,36.98979591836735,1.970340665449065
Iles1294,Iles1294:collaborative:hyp3,EDUC4,Non-College,64.98054474708171,63.01020408163265,1.9703406654490578
Iles1294,Iles1294:collaborative:hyp3,ideo_3,Conservative,27.626459143968873,31.25,3.623540856031127
Iles1294,Iles1294:collaborative:hyp3,ideo_3,Liberal,24.90272373540856,22.193877551020407,2.708846184388154
Iles1294,Iles1294:collaborative:hyp3,ideo_3,Moderate,45.719844357976655,46.55612244897959,0.8362780910029386
Iles1294,Iles1294:collaborative:hyp3,ideo_3,__MISSING__,1.7509727626459144,0.0,1.7509727626459144
Kennedy1017,Kennedy1017:Family_approval:hyp1,GENDER,Female,52.574102964118566,50.7953922106418,1.7787107534767657
Kennedy1017,Kennedy1017:Family_approval:hyp1,GENDER,Male,47.425897035881434,49.2046077893582,1.7787107534767657
Kennedy1017,Kennedy1017:Family_approval:hyp1,race_4,Black,12.558502340093602,13.21996708721887,0.6614647471252688
Kennedy1017,Kennedy1017:Family_approval:hyp1,race_4,White,67.31669266770672,86.78003291278114,19.46334024507442
Kennedy1017,Kennedy1017:Family_approval:hyp1,race_4,__MISSING__,20.12480499219969,0.0,20.12480499219969
Kennedy1017,Kennedy1017:Family_approval:hyp1,pid_3,Democrat,49.53198127925117,49.36917169500823,0.16280958424294312
Kennedy1017,Kennedy1017:Family_approval:hyp1,pid_3,Independent,15.834633385335414,11.574328030718597,4.260305354616817
Kennedy1017,Kennedy1017:Family_approval:hyp1,pid_3,Republican,34.63338533541342,39.056500274273176,4.423114938859754
Kennedy1017,Kennedy1017:Family_approval:hyp1,age_5,Older than 50,51.09204368174727,56.884256719692814,5.792213037945544
Kennedy1017,Kennedy1017:Family_approval:hyp1,age_5,Younger than 50,48.90795631825273,43.115743280307186,5.792213037945544
Kennedy1017,Kennedy1017:Family_approval:hyp1,EDUC4,College,35.33541341653666,38.7822270981898,3.44681368165314
Kennedy1017,Kennedy1017:Family_approval:hyp1,EDUC4,Non-College,64.66458658346333,61.21777290181021,3.4468136816531256
Kennedy1017,Kennedy1017:Family_approval:hyp1,ideo_3,Conservative,31.12324492979719,37.63027975863961,6.507034828842421
Kennedy1017,Kennedy1017:Family_approval:hyp1,ideo_3,Liberal,31.981279251170047,34.88754799780581,2.9062687466357637
Kennedy1017,Kennedy1017:Family_approval:hyp1,ideo_3,Moderate,24.492979719188767,27.48217224355458,2.989192524365812
Kennedy1017,Kennedy1017:Family_approval:hyp1,ideo_3,__MISSING__,12.402496099843994,0.0,12.402496099843994
Kennedy1017,Kennedy1017:Family_approval:hyp2,GENDER,Female,51.424112368318376,50.7953922106418,0.6287201576765753
Kennedy1017,Kennedy1017:Family_approval:hyp2,GENDER,Male,48.575887631681624,49.2046077893582,0.6287201576765753
Kennedy1017,Kennedy1017:Family_approval:hyp2,race_4,Black,11.548966055403824,13.21996708721887,1.671001031815047
Kennedy1017,Kennedy1017:Family_approval:hyp2,race_4,White,67.88919235271167,86.78003291278114,18.890840560069464
Kennedy1017,Kennedy1017:Family_approval:hyp2,race_4,__MISSING__,20.561841591884512,0.0,20.561841591884512
Kennedy1017,Kennedy1017:Family_approval:hyp2,pid_3,Democrat,49.161139289894656,49.36917169500823,0.20803240511357046
Kennedy1017,Kennedy1017:Family_approval:hyp2,pid_3,Independent,16.348029652750682,11.574328030718597,4.773701622032085
Kennedy1017,Kennedy1017:Family_approval:hyp2,pid_3,Republican,34.49083105735467,39.056500274273176,4.565669216918508
Kennedy1017,Kennedy1017:Family_approval:hyp2,age_5,Older than 50,49.78540772532189,56.884256719692814,7.098848994370925
Kennedy1017,Kennedy1017:Family_approval:hyp2,age_5,Younger than 50,50.21459227467812,43.115743280307186,7.0988489943709325
Kennedy1017,Kennedy1017:Family_approval:hyp2,EDUC4,College,33.047210300429185,38.7822270981898,5.735016797760615
Kennedy1017,Kennedy1017:Family_approval:hyp2,EDUC4,Non-College,66.95278969957081,61.21777290181021,5.735016797760608
Kennedy1017,Kennedy1017:Family_approval:hyp2,ideo_3,Conservative,31.447522434646896,37.63027975863961,6.182757323992714
Kennedy1017,Kennedy1017:Family_approval:hyp2,ideo_3,Liberal,31.213421771361688,34.88754799780581,3.6741262264441232
Kennedy1017,Kennedy1017:Family_approval:hyp2,ideo_3,Moderate,25.087787748731955,27.48217224355458,2.3943844948226243
Kennedy1017,Kennedy1017:Family_approval:hyp2,ideo_3,__MISSING__,12.251268045259462,0.0,12.251268045259462
Kennedy1017,Kennedy1017:Family_friends:hyp1,GENDER,Female,52.69741985926505,50.7953922106418,1.9020276486232461
Kennedy1017,Kennedy1017:Family_friends:hyp1,GENDER,Male,47.30258014073495,49.2046077893582,1.9020276486232461
Kennedy1017,Kennedy1017:Family_friends:hyp1,race_4,Black,12.35340109460516,13.21996708721887,0.8665659926137117
Kennedy1017,Kennedy1017:Family_friends:hyp1,race_4,White,67.47458952306489,86.78003291278114,19.305443389716245
Kennedy1017,Kennedy1017:Family_friends:hyp1,race_4,__MISSING__,20.172009382329943,0.0,20.172009382329943
Kennedy1017,Kennedy1017:Family_friends:hyp1,pid_3,Democrat,49.648162627052386,49.36917169500823,0.2789909320441595
Kennedy1017,Kennedy1017:Family_friends:hyp1,pid_3,Independent,15.715402658326818,11.574328030718597,4.141074627608221
Kennedy1017,Kennedy1017:Family_friends:hyp1,pid_3,Republican,34.6364347146208,39.056500274273176,4.420065559652379
Kennedy1017,Kennedy1017:Family_friends:hyp1,age_5,Older than 50,51.133698201720094,56.884256719692814,5.7505585179727206
Kennedy1017,Kennedy1017:Family_friends:hyp1,age_5,Younger than 50,48.866301798279906,43.115743280307186,5.7505585179727206
Kennedy1017,Kennedy1017:Family_friends:hyp1,EDUC4,College,35.41829554339328,38.7822270981898,3.3639315547965225
Kennedy1017,Kennedy1017:Family_friends:hyp1,EDUC4,Non-College,64.58170445660673,61.21777290181021,3.3639315547965225
Kennedy1017,Kennedy1017:Family_friends:hyp1,ideo_3,Conservative,31.196247068021894,37.63027975863961,6.434032690617716
Kennedy1017,Kennedy1017:Family_friends:hyp1,ideo_3,Liberal,32.13448006254887,34.88754799780581,2.7530679352569436
Kennedy1017,Kennedy1017:Family_friends:hyp1,ideo_3,Moderate,24.39405785770133,27.48217224355458,3.088114385853249
Kennedy1017,Kennedy1017:Family_friends:hyp1,ideo_3,__MISSING__,12.275215011727912,0.0,12.275215011727912
Kennedy1017,Kennedy1017:Family_friends:hyp2,GENDER,Female,51.55884645362432,50.7953922106418,0.7634542429825188
Kennedy1017,Kennedy1017:Family_friends:hyp2,GENDER,Male,48.44115354637568,49.2046077893582,0.7634542429825188
Kennedy1017,Kennedy1017:Family_friends:hyp2,race_4,Black,11.457521434138737,13.21996708721887,1.7624456530801336
Kennedy1017,Kennedy1017:Family_friends:hyp2,race_4,White,67.80982073265783,86.78003291278114,18.970212180123312
Kennedy1017,Kennedy1017:Family_friends:hyp2,race_4,__MISSING__,20.73265783320343,0.0,20.73265783320343
Kennedy1017,Kennedy1017:Family_friends:hyp2,pid_3,Democrat,49.25954793452845,49.36917169500823,0.10962376047977784
Kennedy1017,Kennedy1017:Family_friends:hyp2,pid_3,Independent,16.21200311769291,11.574328030718597,4.637675086974312
Kennedy1017,Kennedy1017:Family_friends:hyp2,pid_3,Republican,34.52844894777864,39.056500274273176,4.528051326494534
Kennedy1017,Kennedy1017:Family_friends:hyp2,age_5,Older than 50,49.76617303195635,56.884256719692814,7.1180836877364655
Kennedy1017,Kennedy1017:Family_friends:hyp2,age_5,Younger than 50,50.23382696804365,43.115743280307186,7.1180836877364655
Kennedy1017,Kennedy1017:Family_friends:hyp2,EDUC4,College,33.08651597817615,38.7822270981898,5.695711120013648
Kennedy1017,Kennedy1017:Family_friends:hyp2,EDUC4,Non-College,66.91348402182385,61.21777290181021,5.695711120013641
Kennedy1017,Kennedy1017:Family_friends:hyp2,ideo_3,Conservative,31.566640685892438,37.63027975863961,6.063639072747172
Kennedy1017,Kennedy1017:Family_friends:hyp2,ideo_3,Liberal,31.33281371784879,34.88754799780581,3.554734279957021
Kennedy1017,Kennedy1017:Family_friends:hyp2,ideo_3,Moderate,24.90257209664848,27.48217224355458,2.579600146906099
Kennedy1017,Kennedy1017:Family_friends:hyp2,ideo_3,__MISSING__,12.197973499610288,0.0,12.197973499610288
Kennedy1017,Kennedy1017:Family_knowledge:hyp1,GENDER,Female,52.82574568288854,50.7953922106418,2.0303534722467376
Kennedy1017,Kennedy1017:Family_knowledge:hyp1,GENDER,Male,47.174254317111455,49.2046077893582,2.0303534722467447
Kennedy1017,Kennedy1017:Family_knowledge:hyp1,race_4,Black,12.637362637362637,13.21996708721887,0.5826044498562339
Kennedy1017,Kennedy1017:Family_knowledge:hyp1,race_4,White,67.26844583987442,86.78003291278114,19.51158707290672
Kennedy1017,Kennedy1017:Family_knowledge:hyp1,race_4,__MISSING__,20.09419152276295,0.0,20.09419152276295
Kennedy1017,Kennedy1017:Family_knowledge:hyp1,pid_3,Democrat,49.76452119309262,49.36917169500823,0.3953494980843928
Kennedy1017,Kennedy1017:Family_knowledge:hyp1,pid_3,Independent,15.620094191522762,11.574328030718597,4.045766160804165
Kennedy1017,Kennedy1017:Family_knowledge:hyp1,pid_3,Republican,34.61538461538461,39.056500274273176,4.441115658888563
Kennedy1017,Kennedy1017:Family_knowledge:hyp1,age_5,Older than 50,51.25588697017268,56.884256719692814,5.628369749520132
Kennedy1017,Kennedy1017:Family_knowledge:hyp1,age_5,Younger than 50,48.74411302982731,43.115743280307186,5.628369749520125
Kennedy1017,Kennedy1017:Family_knowledge:hyp1,EDUC4,College,35.40031397174254,38.7822270981898,3.381913126447259
Kennedy1017,Kennedy1017:Family_knowledge:hyp1,EDUC4,Non-College,64.59968602825745,61.21777290181021,3.3819131264472446
Kennedy1017,Kennedy1017:Family_knowledge:hyp1,ideo_3,Conservative,30.926216640502357,37.63027975863961,6.7040631181372525
Kennedy1017,Kennedy1017:Family_knowledge:hyp1,ideo_3,Liberal,32.18210361067504,34.88754799780581,2.7054443871307683
Kennedy1017,Kennedy1017:Family_knowledge:hyp1,ideo_3,Moderate,24.56828885400314,27.48217224355458,2.91388338955144
Kennedy1017,Kennedy1017:Family_knowledge:hyp1,ideo_3,__MISSING__,12.323390894819466,0.0,12.323390894819466
Kennedy1017,Kennedy1017:Family_knowledge:hyp2,GENDER,Female,51.48437500000001,50.7953922106418,0.6889827893582066
Kennedy1017,Kennedy1017:Family_knowledge:hyp2,GENDER,Male,48.515625,49.2046077893582,0.6889827893581995
Kennedy1017,Kennedy1017:Family_knowledge:hyp2,race_4,Black,11.5625,13.21996708721887,1.6574670872188708
Kennedy1017,Kennedy1017:Family_knowledge:hyp2,race_4,White,67.734375,86.78003291278114,19.045657912781138
Kennedy1017,Kennedy1017:Family_knowledge:hyp2,race_4,__MISSING__,20.703125,0.0,20.703125
Kennedy1017,Kennedy1017:Family_knowledge:hyp2,pid_3,Democrat,49.3359375,49.36917169500823,0.033234195008226664
Kennedy1017,Kennedy1017:Family_knowledge:hyp2,pid_3,Independent,16.2109375,11.574328030718597,4.636609469281403
Kennedy1017,Kennedy1017:Family_knowledge:hyp2,pid_3,Republican,34.453125,39.056500274273176,4.603375274273176
Kennedy1017,Kennedy1017:Family_knowledge:hyp2,age_5,Older than 50,49.84375,56.884256719692814,7.040506719692814
Kennedy1017,Kennedy1017:Family_knowledge:hyp2,age_5,Younger than 50,50.15625,43.115743280307186,7.040506719692814
Kennedy1017,Kennedy1017:Family_knowledge:hyp2,EDUC4,College,33.0859375,38.7822270981898,5.6962895981898
Kennedy1017,Kennedy1017:Family_knowledge:hyp2,EDUC4,Non-College,66.9140625,61.21777290181021,5.696289598189793
Kennedy1017,Kennedy1017:Family_knowledge:hyp2,ideo_3,Conservative,31.3671875,37.63027975863961,6.26309225863961
Kennedy1017,Kennedy1017:Family_knowledge:hyp2,ideo_3,Liberal,31.289062499999996,34.88754799780581,3.5984854978058145
Kennedy1017,Kennedy1017:Family_knowledge:hyp2,ideo_3,Moderate,25.156250000000004,27.48217224355458,2.325922243554576
Kennedy1017,Kennedy1017:Family_knowledge:hyp2,ideo_3,__MISSING__,12.1875,0.0,12.1875
KlarS44,KlarS44:efficacy:hyp1,GENDER,Female,51.19651921682379,50.75707702435813,0.4394421924656555
KlarS44,KlarS44:efficacy:hyp1,GENDER,Male,48.80348078317622,49.24292297564187,0.4394421924656484
KlarS44,KlarS44:efficacy:hyp1,race_4,Black,11.892675852066716,13.100724160631994,1.208048308565278
KlarS44,KlarS44:efficacy:hyp1,race_4,White,66.93255982596084,86.899275839368,19.966716013407165
KlarS44,KlarS44:efficacy:hyp1,race_4,__MISSING__,21.174764321972443,0.0,21.174764321972443
KlarS44,KlarS44:efficacy:hyp1,pid_3,Democrat,46.99057287889775,46.28044766293614,0.7101252159616109
KlarS44,KlarS44:efficacy:hyp1,pid_3,Independent,16.96881798404641,13.82488479262673,3.1439331914196806
KlarS44,KlarS44:efficacy:hyp1,pid_3,Republican,35.46047860768673,39.89466754443713,4.434188936750395
KlarS44,KlarS44:efficacy:hyp1,pid_3,__MISSING__,0.580130529369108,0.0,0.580130529369108
KlarS44,KlarS44:efficacy:hyp1,age_5,Older than 50,47.20812182741117,53.45622119815668,6.248099370745514
KlarS44,KlarS44:efficacy:hyp1,age_5,Younger than 50,52.79187817258884,46.54377880184332,6.248099370745521
KlarS44,KlarS44:efficacy:hyp1,EDUC4,College,34.51776649746193,38.907175773535215,4.3894092760732875
KlarS44,KlarS44:efficacy:hyp1,EDUC4,Non-College,65.48223350253807,61.092824226464785,4.38940927607328
KlarS44,KlarS44:efficacy:hyp1,ideo_3,Conservative,26.54097171863669,30.414746543778804,3.873774825142114
KlarS44,KlarS44:efficacy:hyp1,ideo_3,Liberal,45.10514865844815,47.794601711652405,2.6894530532042538
KlarS44,KlarS44:efficacy:hyp1,ideo_3,Moderate,19.796954314720814,21.790651744568795,1.9936974298479804
KlarS44,KlarS44:efficacy:hyp1,ideo_3,__MISSING__,8.556925308194344,0.0,8.556925308194344
KlarS44,KlarS44:efficacy:hyp2,GENDER,Female,51.745810055865924,50.75707702435813,0.9887330315077918
KlarS44,KlarS44:efficacy:hyp2,GENDER,Male,48.254189944134076,49.24292297564187,0.9887330315077918
KlarS44,KlarS44:efficacy:hyp2,race_4,Black,11.243016759776536,13.100724160631994,1.8577074008554586
KlarS44,KlarS44:efficacy:hyp2,race_4,White,67.59776536312849,86.899275839368,19.301510476239514
KlarS44,KlarS44:efficacy:hyp2,race_4,__MISSING__,21.15921787709497,0.0,21.15921787709497
KlarS44,KlarS44:efficacy:hyp2,pid_3,Democrat,46.997206703910614,46.28044766293614,0.7167590409744733
KlarS44,KlarS44:efficacy:hyp2,pid_3,Independent,17.667597765363126,13.82488479262673,3.842712972736397
KlarS44,KlarS44:efficacy:hyp2,pid_3,Republican,34.56703910614525,39.89466754443713,5.327628438291875
KlarS44,KlarS44:efficacy:hyp2,pid_3,__MISSING__,0.7681564245810055,0.0,0.7681564245810055
KlarS44,KlarS44:efficacy:hyp2,age_5,Older than 50,47.41620111731844,53.45622119815668,6.0400200808382465
KlarS44,KlarS44:efficacy:hyp2,age_5,Younger than 50,52.58379888268156,46.54377880184332,6.0400200808382465
KlarS44,KlarS44:efficacy:hyp2,EDUC4,College,35.47486033519553,38.907175773535215,3.4323154383396854
KlarS44,KlarS44:efficacy:hyp2,EDUC4,Non-College,64.52513966480447,61.092824226464785,3.4323154383396854
KlarS44,KlarS44:efficacy:hyp2,ideo_3,Conservative,26.04748603351955,30.414746543778804,4.367260510259253
KlarS44,KlarS44:efficacy:hyp2,ideo_3,Liberal,44.762569832402235,47.794601711652405,3.0320318792501695
KlarS44,KlarS44:efficacy:hyp2,ideo_3,Moderate,19.832402234636874,21.790651744568795,1.958249509931921
KlarS44,KlarS44:efficacy:hyp2,ideo_3,__MISSING__,9.35754189944134,0.0,9.35754189944134
KlarS44,KlarS44:importance:hyp1,GENDER,Female,51.157742402315485,50.75707702435813,0.4006653779573526
KlarS44,KlarS44:importance:hyp1,GENDER,Male,48.842257597684515,49.24292297564187,0.4006653779573526
KlarS44,KlarS44:importance:hyp1,race_4,Black,12.011577424023155,13.100724160631994,1.0891467366088392
KlarS44,KlarS44:importance:hyp1,race_4,White,66.78726483357454,86.899275839368,20.112011005793462
KlarS44,KlarS44:importance:hyp1,race_4,__MISSING__,21.201157742402316,0.0,21.201157742402316
KlarS44,KlarS44:importance:hyp1,pid_3,Democrat,47.10564399421129,46.28044766293614,0.8251963312751514
KlarS44,KlarS44:importance:hyp1,pid_3,Independent,16.931982633863964,13.82488479262673,3.107097841237234
KlarS44,KlarS44:importance:hyp1,pid_3,Republican,35.38350217076701,39.89466754443713,4.511165373670117
KlarS44,KlarS44:importance:hyp1,pid_3,__MISSING__,0.5788712011577424,0.0,0.5788712011577424
KlarS44,KlarS44:importance:hyp1,age_5,Older than 50,47.32272069464544,53.45622119815668,6.133500503511243
KlarS44,KlarS44:importance:hyp1,age_5,Younger than 50,52.67727930535456,46.54377880184332,6.133500503511243
KlarS44,KlarS44:importance:hyp1,EDUC4,College,34.58755426917511,38.907175773535215,4.319621504360107
KlarS44,KlarS44:importance:hyp1,EDUC4,Non-College,65.41244573082489,61.092824226464785,4.3196215043601
KlarS44,KlarS44:importance:hyp1,ideo_3,Conservative,26.483357452966715,30.414746543778804,3.9313890908120896
KlarS44,KlarS44:importance:hyp1,ideo_3,Liberal,45.151953690303905,47.794601711652405,2.6426480213484993
KlarS44,KlarS44:importance:hyp1,ideo_3,Moderate,19.826338639652676,21.790651744568795,1.964313104916119
KlarS44,KlarS44:importance:hyp1,ideo_3,__MISSING__,8.5383502170767,0.0,8.5383502170767
KlarS44,KlarS44:importance:hyp2,GENDER,Female,51.77700348432056,50.75707702435813,1.0199264599624271
KlarS44,KlarS44:importance:hyp2,GENDER,Male,48.22299651567945,49.24292297564187,1.01992645996242
KlarS44,KlarS44:importance:hyp2,race_4,Black,11.289198606271778,13.100724160631994,1.811525554360216
KlarS44,KlarS44:importance:hyp2,race_4,White,67.52613240418118,86.899275839368,19.37314343518682
KlarS44,KlarS44:importance:hyp2,race_4,__MISSING__,21.18466898954704,0.0,21.18466898954704
KlarS44,KlarS44:importance:hyp2,pid_3,Democrat,47.038327526132406,46.28044766293614,0.7578798631962655
KlarS44,KlarS44:importance:hyp2,pid_3,Independent,17.630662020905923,13.82488479262673,3.8057772282791937
KlarS44,KlarS44:importance:hyp2,pid_3,Republican,34.56445993031359,39.89466754443713,5.3302076141235375
KlarS44,KlarS44:importance:hyp2,pid_3,__MISSING__,0.7665505226480837,0.0,0.7665505226480837
KlarS44,KlarS44:importance:hyp2,age_5,Older than 50,47.59581881533101,53.45622119815668,5.860402382825676
KlarS44,KlarS44:importance:hyp2,age_5,Younger than 50,52.404181184668985,46.54377880184332,5.860402382825669
KlarS44,KlarS44:importance:hyp2,EDUC4,College,35.47038327526133,38.907175773535215,3.4367924982738884
KlarS44,KlarS44:importance:hyp2,EDUC4,Non-College,64.52961672473869,61.092824226464785,3.4367924982739027
KlarS44,KlarS44:importance:hyp2,ideo_3,Conservative,25.923344947735195,30.414746543778804,4.491401596043609
KlarS44,KlarS44:importance:hyp2,ideo_3,Liberal,44.80836236933798,47.794601711652405,2.986239342314427
KlarS44,KlarS44:importance:hyp2,ideo_3,Moderate,19.930313588850172,21.790651744568795,1.8603381557186225
KlarS44,KlarS44:importance:hyp2,ideo_3,__MISSING__,9.337979094076655,0.0,9.337979094076655
KlarS44,KlarS44:support_candidate:hyp1,GENDER,Female,51.12237509051412,50.75707702435813,0.3652980661559866
KlarS44,KlarS44:support_candidate:hyp1,GENDER,Male,48.87762490948588,49.24292297564187,0.3652980661559866
KlarS44,KlarS44:support_candidate:hyp1,race_4,Black,11.947863866763216,13.100724160631994,1.1528602938687786
KlarS44,KlarS44:support_candidate:hyp1,race_4,White,66.908037653874,86.899275839368,19.991238185493998
KlarS44,KlarS44:support_candidate:hyp1,race_4,__MISSING__,21.14409847936278,0.0,21.14409847936278
KlarS44,KlarS44:support_candidate:hyp1,pid_3,Democrat,47.06734250543085,46.28044766293614,0.7868948424947106
KlarS44,KlarS44:support_candidate:hyp1,pid_3,Independent,16.871832005792903,13.82488479262673,3.046947213166174
KlarS44,KlarS44:support_candidate:hyp1,pid_3,Republican,35.48153511947864,39.89466754443713,4.413132424958484
KlarS44,KlarS44:support_candidate:hyp1,pid_3,__MISSING__,0.5792903692976104,0.0,0.5792903692976104
KlarS44,KlarS44:support_candidate:hyp1,age_5,Older than 50,47.356987690079656,53.45622119815668,6.0992335080770275
KlarS44,KlarS44:support_candidate:hyp1,age_5,Younger than 50,52.643012309920344,46.54377880184332,6.0992335080770275
KlarS44,KlarS44:support_candidate:hyp1,EDUC4,College,34.68501086169443,38.907175773535215,4.222164911840785
KlarS44,KlarS44:support_candidate:hyp1,EDUC4,Non-College,65.31498913830558,61.092824226464785,4.2221649118407925
KlarS44,KlarS44:support_candidate:hyp1,ideo_3,Conservative,26.57494569152788,30.414746543778804,3.8398008522509244
KlarS44,KlarS44:support_candidate:hyp1,ideo_3,Liberal,45.11223750905141,47.794601711652405,2.6823642026009935
KlarS44,KlarS44:support_candidate:hyp1,ideo_3,Moderate,19.840695148443157,21.790651744568795,1.949956596125638
KlarS44,KlarS44:support_candidate:hyp1,ideo_3,__MISSING__,8.472121650977552,0.0,8.472121650977552
KlarS44,KlarS44:support_candidate:hyp2,GENDER,Female,51.774530271398746,50.75707702435813,1.0174532470406135
KlarS44,KlarS44:support_candidate:hyp2,GENDER,Male,48.22546972860125,49.24292297564187,1.0174532470406206
KlarS44,KlarS44:support_candidate:hyp2,race_4,Black,11.273486430062631,13.100724160631994,1.8272377305693634
KlarS44,KlarS44:support_candidate:hyp2,race_4,White,67.57132915796798,86.899275839368,19.32794668140002
KlarS44,KlarS44:support_candidate:hyp2,race_4,__MISSING__,21.15518441196938,0.0,21.15518441196938
KlarS44,KlarS44:support_candidate:hyp2,pid_3,Democrat,46.972860125260965,46.28044766293614,0.6924124623248247
KlarS44,KlarS44:support_candidate:hyp2,pid_3,Independent,17.536534446764094,13.82488479262673,3.7116496541373643
KlarS44,KlarS44:support_candidate:hyp2,pid_3,Republican,34.725121781489214,39.89466754443713,5.169545762947912
KlarS44,KlarS44:support_candidate:hyp2,pid_3,__MISSING__,0.7654836464857342,0.0,0.7654836464857342
KlarS44,KlarS44:support_candidate:hyp2,age_5,Older than 50,47.6687543493389,53.45622119815668,5.787466848817786
KlarS44,KlarS44:support_candidate:hyp2,age_5,Younger than 50,52.331245650661096,46.54377880184332,5.787466848817779
KlarS44,KlarS44:support_candidate:hyp2,EDUC4,College,35.56019485038274,38.907175773535215,3.346980923152472
KlarS44,KlarS44:support_candidate:hyp2,EDUC4,Non-College,64.43980514961726,61.092824226464785,3.346980923152472
KlarS44,KlarS44:support_candidate:hyp2,ideo_3,Conservative,26.165622825330548,30.414746543778804,4.249123718448256
KlarS44,KlarS44:support_candidate:hyp2,ideo_3,Liberal,44.676409185803756,47.794601711652405,3.1181925258486487
KlarS44,KlarS44:support_candidate:hyp2,ideo_3,Moderate,19.90257480862909,21.790651744568795,1.8880769359397043
KlarS44,KlarS44:support_candidate:hyp2,ideo_3,__MISSING__,9.255393180236604,0.0,9.255393180236604
McGinty730,McGinty730:social_stigma:hyp1,GENDER,Female,49.42028985507246,51.74616695059625,2.3258770955237864
McGinty730,McGinty730:social_stigma:hyp1,GENDER,Male,50.57971014492754,48.25383304940375,2.3258770955237864
McGinty730,McGinty730:social_stigma:hyp1,race_4,Black,10.869565217391305,11.882453151618398,1.0128879342270931
McGinty730,McGinty730:social_stigma:hyp1,race_4,White,71.59420289855073,88.11754684838161,16.523343949830874
McGinty730,McGinty730:social_stigma:hyp1,race_4,__MISSING__,17.53623188405797,0.0,17.53623188405797
McGinty730,McGinty730:social_stigma:hyp1,pid_3,Democrat,40.869565217391305,46.42248722316866,5.552922005777354
McGinty730,McGinty730:social_stigma:hyp1,pid_3,Independent,5.217391304347826,3.577512776831346,1.6398785275164802
McGinty730,McGinty730:social_stigma:hyp1,pid_3,Republican,53.91304347826087,50.0,3.9130434782608674
McGinty730,McGinty730:social_stigma:hyp1,age_5,Older than 50,55.79710144927537,58.04940374787053,2.2523022985951613
McGinty730,McGinty730:social_stigma:hyp1,age_5,Younger than 50,44.20289855072464,41.95059625212947,2.2523022985951684
McGinty730,McGinty730:social_stigma:hyp1,EDUC4,College,32.89855072463768,33.09199318568995,0.19344246105227114
McGinty730,McGinty730:social_stigma:hyp1,EDUC4,Non-College,67.10144927536233,66.90800681431006,0.19344246105227114
McGinty730,McGinty730:social_stigma:hyp1,ideo_3,Conservative,32.89855072463768,37.52129471890971,4.622743994272028
McGinty730,McGinty730:social_stigma:hyp1,ideo_3,Liberal,27.536231884057973,27.512776831345825,0.02345505271214776
McGinty730,McGinty730:social_stigma:hyp1,ideo_3,Moderate,39.27536231884058,34.96592844974447,4.309433869096111
McGinty730,McGinty730:social_stigma:hyp1,ideo_3,__MISSING__,0.2898550724637681,0.0,0.2898550724637681
McGinty730,McGinty730:social_stigma:hyp2,GENDER,Female,51.33843212237094,51.74616695059625,0.4077348282253084
McGinty730,McGinty730:social_stigma:hyp2,GENDER,Male,48.66156787762906,48.25383304940375,0.4077348282253084
McGinty730,McGinty730:social_stigma:hyp2,race_4,Black,9.177820267686425,11.882453151618398,2.704632883931973
McGinty730,McGinty730:social_stigma:hyp2,race_4,White,74.28298279158699,88.11754684838161,13.834564056794619
McGinty730,McGinty730:social_stigma:hyp2,race_4,__MISSING__,16.539196940726576,0.0,16.539196940726576
McGinty730,McGinty730:social_stigma:hyp2,pid_3,Democrat,43.881453154875715,46.42248722316866,2.5410340682929444
McGinty730,McGinty730:social_stigma:hyp2,pid_3,Independent,4.397705544933078,3.577512776831346,0.8201927681017325
McGinty730,McGinty730:social_stigma:hyp2,pid_3,Republican,51.7208413001912,50.0,1.7208413001912035
McGinty730,McGinty730:social_stigma:hyp2,age_5,Older than 50,54.684512428298284,58.04940374787053,3.3648913195722443
McGinty730,McGinty730:social_stigma:hyp2,age_5,Younger than 50,45.31548757170172,41.95059625212947,3.3648913195722514
McGinty730,McGinty730:social_stigma:hyp2,EDUC4,College,32.88718929254302,33.09199318568995,0.2048038931469307
McGinty730,McGinty730:social_stigma:hyp2,EDUC4,Non-College,67.11281070745699,66.90800681431006,0.2048038931469307
McGinty730,McGinty730:social_stigma:hyp2,ideo_3,Conservative,34.41682600382409,37.52129471890971,3.1044687150856163
McGinty730,McGinty730:social_stigma:hyp2,ideo_3,Liberal,26.099426386233272,27.512776831345825,1.4133504451125525
McGinty730,McGinty730:social_stigma:hyp2,ideo_3,Moderate,39.19694072657744,34.96592844974447,4.2310122768329705
McGinty730,McGinty730:social_stigma:hyp2,ideo_3,__MISSING__,0.28680688336520077,0.0,0.28680688336520077
McGinty730,McGinty730:social_stigma:hyp3,GENDER,Female,50.57803468208093,51.74616695059625,1.1681322685153148
McGinty730,McGinty730:social_stigma:hyp3,GENDER,Male,49.421965317919074,48.25383304940375,1.168132268515322
McGinty730,McGinty730:social_stigma:hyp3,race_4,Black,10.789980732177264,11.882453151618398,1.0924724194411333
McGinty730,McGinty730:social_stigma:hyp3,race_4,White,72.63969171483622,88.11754684838161,15.47785513354539
McGinty730,McGinty730:social_stigma:hyp3,race_4,__MISSING__,16.570327552986512,0.0,16.570327552986512
McGinty730,McGinty730:social_stigma:hyp3,pid_3,Democrat,41.714836223506744,46.42248722316866,4.707650999661915
McGinty730,McGinty730:social_stigma:hyp3,pid_3,Independent,4.431599229287091,3.577512776831346,0.854086452455745
McGinty730,McGinty730:social_stigma:hyp3,pid_3,Republican,53.85356454720617,50.0,3.853564547206169
McGinty730,McGinty730:social_stigma:hyp3,age_5,Older than 50,55.58766859344894,58.04940374787053,2.4617351544215893
McGinty730,McGinty730:social_stigma:hyp3,age_5,Younger than 50,44.41233140655106,41.95059625212947,2.4617351544215893
McGinty730,McGinty730:social_stigma:hyp3,EDUC4,College,32.947976878612714,33.09199318568995,0.14401630707723712
McGinty730,McGinty730:social_stigma:hyp3,EDUC4,Non-College,67.05202312138728,66.90800681431006,0.1440163070772229
McGinty730,McGinty730:social_stigma:hyp3,ideo_3,Conservative,33.911368015414254,37.52129471890971,3.6099267034954536
McGinty730,McGinty730:social_stigma:hyp3,ideo_3,Liberal,29.28709055876686,27.512776831345825,1.7743137274210348
McGinty730,McGinty730:social_stigma:hyp3,ideo_3,Moderate,36.70520231213873,34.96592844974447,1.7392738623942634
McGinty730,McGinty730:social_stigma:hyp3,ideo_3,__MISSING__,0.09633911368015415,0.0,0.09633911368015415
McGinty730,McGinty730:social_stigma:hyp4,GENDER,Female,52.06378986866792,51.74616695059625,0.3176229180716703
McGinty730,McGinty730:social_stigma:hyp4,GENDER,Male,47.93621013133208,48.25383304940375,0.3176229180716703
McGinty730,McGinty730:social_stigma:hyp4,race_4,Black,10.037523452157599,11.882453151618398,1.844929699460799
McGinty730,McGinty730:social_stigma:hyp4,race_4,White,71.76360225140714,88.11754684838161,16.353944596974472
McGinty730,McGinty730:social_stigma:hyp4,race_4,__MISSING__,18.19887429643527,0.0,18.19887429643527
McGinty730,McGinty730:social_stigma:hyp4,pid_3,Democrat,42.77673545966229,46.42248722316866,3.645751763506368
McGinty730,McGinty730:social_stigma:hyp4,pid_3,Independent,4.690431519699812,3.577512776831346,1.1129187428684664
McGinty730,McGinty730:social_stigma:hyp4,pid_3,Republican,52.5328330206379,50.0,2.532833020637902
McGinty730,McGinty730:social_stigma:hyp4,age_5,Older than 50,54.502814258911826,58.04940374787053,3.546589488958702
McGinty730,McGinty730:social_stigma:hyp4,age_5,Younger than 50,45.49718574108818,41.95059625212947,3.546589488958709
McGinty730,McGinty730:social_stigma:hyp4,EDUC4,College,32.5515947467167,33.09199318568995,0.5403984389732486
McGinty730,McGinty730:social_stigma:hyp4,EDUC4,Non-College,67.44840525328331,66.90800681431006,0.5403984389732557
McGinty730,McGinty730:social_stigma:hyp4,ideo_3,Conservative,35.74108818011257,37.52129471890971,1.7802065387971382
McGinty730,McGinty730:social_stigma:hyp4,ideo_3,Liberal,28.79924953095685,27.512776831345825,1.286472699611025
McGinty730,McGinty730:social_stigma:hyp4,ideo_3,Moderate,35.36585365853659,34.96592844974447,0.39992520879211924
McGinty730,McGinty730:social_stigma:hyp4,ideo_3,__MISSING__,0.09380863039399624,0.0,0.09380863039399624
McGinty730,McGinty730:treatment_support:hyp1,GENDER,Female,49.493487698986975,51.74616695059625,2.2526792516092726
McGinty730,McGinty730:treatment_support:hyp1,GENDER,Male,50.50651230101303,48.25383304940375,2.2526792516092797
McGinty730,McGinty730:treatment_support:hyp1,race_4,Black,10.85383502170767,11.882453151618398,1.0286181299107273
McGinty730,McGinty730:treatment_support:hyp1,race_4,White,71.63531114327061,88.11754684838161,16.482235705110995
McGinty730,McGinty730:treatment_support:hyp1,race_4,__MISSING__,17.51085383502171,0.0,17.51085383502171
McGinty730,McGinty730:treatment_support:hyp1,pid_3,Democrat,40.95513748191028,46.42248722316866,5.467349741258381
McGinty730,McGinty730:treatment_support:hyp1,pid_3,Independent,5.065123010130246,3.577512776831346,1.4876102332988999
McGinty730,McGinty730:treatment_support:hyp1,pid_3,Republican,53.97973950795948,50.0,3.9797395079594793
McGinty730,McGinty730:treatment_support:hyp1,age_5,Older than 50,55.7163531114327,58.04940374787053,2.333050636437825
McGinty730,McGinty730:treatment_support:hyp1,age_5,Younger than 50,44.2836468885673,41.95059625212947,2.333050636437825
McGinty730,McGinty730:treatment_support:hyp1,EDUC4,College,32.99565846599132,33.09199318568995,0.09633471969863194
McGinty730,McGinty730:treatment_support:hyp1,EDUC4,Non-College,67.00434153400869,66.90800681431006,0.09633471969863194
McGinty730,McGinty730:treatment_support:hyp1,ideo_3,Conservative,32.99565846599132,37.52129471890971,4.525636252918389
McGinty730,McGinty730:treatment_support:hyp1,ideo_3,Liberal,27.641099855282196,27.512776831345825,0.12832302393637107
McGinty730,McGinty730:treatment_support:hyp1,ideo_3,Moderate,39.07380607814761,34.96592844974447,4.107877628403145
McGinty730,McGinty730:treatment_support:hyp1,ideo_3,__MISSING__,0.2894356005788712,0.0,0.2894356005788712
McGinty730,McGinty730:treatment_support:hyp2,GENDER,Female,51.18934348239772,51.74616695059625,0.5568234681985302
McGinty730,McGinty730:treatment_support:hyp2,GENDER,Male,48.81065651760228,48.25383304940375,0.5568234681985302
McGinty730,McGinty730:treatment_support:hyp2,race_4,Black,9.229305423406279,11.882453151618398,2.6531477282121187
McGinty730,McGinty730:treatment_support:hyp2,race_4,White,74.31018078020932,88.11754684838161,13.807366068172286
McGinty730,McGinty730:treatment_support:hyp2,race_4,__MISSING__,16.460513796384397,0.0,16.460513796384397
McGinty730,McGinty730:treatment_support:hyp2,pid_3,Democrat,43.76784015223596,46.42248722316866,2.654647070932697
McGinty730,McGinty730:treatment_support:hyp2,pid_3,Independent,4.376784015223597,3.577512776831346,0.7992712383922513
McGinty730,McGinty730:treatment_support:hyp2,pid_3,Republican,51.85537583254044,50.0,1.8553758325404388
McGinty730,McGinty730:treatment_support:hyp2,age_5,Older than 50,54.709800190294956,58.04940374787053,3.339603557575572
McGinty730,McGinty730:treatment_support:hyp2,age_5,Younger than 50,45.290199809705044,41.95059625212947,3.339603557575572
McGinty730,McGinty730:treatment_support:hyp2,EDUC4,College,32.730732635585156,33.09199318568995,0.3612605501047952
McGinty730,McGinty730:treatment_support:hyp2,EDUC4,Non-College,67.26926736441484,66.90800681431006,0.3612605501047881
McGinty730,McGinty730:treatment_support:hyp2,ideo_3,Conservative,34.34823977164605,37.52129471890971,3.173054947263658
McGinty730,McGinty730:treatment_support:hyp2,ideo_3,Liberal,26.165556612749764,27.512776831345825,1.3472202185960604
McGinty730,McGinty730:treatment_support:hyp2,ideo_3,Moderate,39.20076117982874,34.96592844974447,4.234832730084271
McGinty730,McGinty730:treatment_support:hyp2,ideo_3,__MISSING__,0.285442435775452,0.0,0.285442435775452
McGinty730,McGinty730:treatment_support:hyp3,GENDER,Female,50.62320230105465,51.74616695059625,1.1229646495416006
McGinty730,McGinty730:treatment_support:hyp3,GENDER,Male,49.37679769894535,48.25383304940375,1.1229646495416006
McGinty730,McGinty730:treatment_support:hyp3,race_4,Black,10.738255033557047,11.882453151618398,1.1441981180613503
McGinty730,McGinty730:treatment_support:hyp3,race_4,White,72.48322147651007,88.11754684838161,15.63432537187154
McGinty730,McGinty730:treatment_support:hyp3,race_4,__MISSING__,16.778523489932887,0.0,16.778523489932887
McGinty730,McGinty730:treatment_support:hyp3,pid_3,Democrat,41.61073825503356,46.42248722316866,4.811748968135099
McGinty730,McGinty730:treatment_support:hyp3,pid_3,Independent,4.6021093000958775,3.577512776831346,1.0245965232645315
McGinty730,McGinty730:treatment_support:hyp3,pid_3,Republican,53.787152444870564,50.0,3.7871524448705642
McGinty730,McGinty730:treatment_support:hyp3,age_5,Older than 50,55.51294343240652,58.04940374787053,2.536460315464005
McGinty730,McGinty730:treatment_support:hyp3,age_5,Younger than 50,44.48705656759348,41.95059625212947,2.536460315464005
McGinty730,McGinty730:treatment_support:hyp3,EDUC4,College,32.88590604026846,33.09199318568995,0.20608714542149187
McGinty730,McGinty730:treatment_support:hyp3,EDUC4,Non-College,67.11409395973155,66.90800681431006,0.20608714542149187
McGinty730,McGinty730:treatment_support:hyp3,ideo_3,Conservative,33.84467881112177,37.52129471890971,3.676615907787941
McGinty730,McGinty730:treatment_support:hyp3,ideo_3,Liberal,29.338446788111217,27.512776831345825,1.8256699567653918
McGinty730,McGinty730:treatment_support:hyp3,ideo_3,Moderate,36.720997123681684,34.96592844974447,1.7550686739372168
McGinty730,McGinty730:treatment_support:hyp3,ideo_3,__MISSING__,0.09587727708533077,0.0,0.09587727708533077
McGinty730,McGinty730:treatment_support:hyp4,GENDER,Female,52.0112254443405,51.74616695059625,0.26505849374425594
McGinty730,McGinty730:treatment_support:hyp4,GENDER,Male,47.9887745556595,48.25383304940375,0.26505849374425594
McGinty730,McGinty730:treatment_support:hyp4,race_4,Black,10.009354536950422,11.882453151618398,1.8730986146679758
McGinty730,McGinty730:treatment_support:hyp4,race_4,White,71.84284377923292,88.11754684838161,16.274703069148686
McGinty730,McGinty730:treatment_support:hyp4,race_4,__MISSING__,18.14780168381665,0.0,18.14780168381665
McGinty730,McGinty730:treatment_support:hyp4,pid_3,Democrat,42.84377923292797,46.42248722316866,3.5787079902406873
McGinty730,McGinty730:treatment_support:hyp4,pid_3,Independent,4.770813844714686,3.577512776831346,1.1933010678833402
McGinty730,McGinty730:treatment_support:hyp4,pid_3,Republican,52.38540692235735,50.0,2.3854069223573475
McGinty730,McGinty730:treatment_support:hyp4,age_5,Older than 50,54.25631431244153,58.04940374787053,3.793089435428996
McGinty730,McGinty730:treatment_support:hyp4,age_5,Younger than 50,45.74368568755847,41.95059625212947,3.793089435428996
McGinty730,McGinty730:treatment_support:hyp4,EDUC4,College,32.55378858746492,33.09199318568995,0.538204598225029
McGinty730,McGinty730:treatment_support:hyp4,EDUC4,Non-College,67.44621141253508,66.90800681431006,0.5382045982250219
McGinty730,McGinty730:treatment_support:hyp4,ideo_3,Conservative,35.92142188961646,37.52129471890971,1.599872829293247
McGinty730,McGinty730:treatment_support:hyp4,ideo_3,Liberal,28.811973807296535,27.512776831345825,1.2991969759507107
McGinty730,McGinty730:treatment_support:hyp4,ideo_3,Moderate,35.17305893358279,34.96592844974447,0.2071304838383199
McGinty730,McGinty730:treatment_support:hyp4,ideo_3,__MISSING__,0.09354536950420954,0.0,0.09354536950420954
McGinty730,McGinty730:willingness_to_pay_mentalhealthservices:hyp1,GENDER,Female,49.35064935064935,51.74616695059625,2.395517599946899
McGinty730,McGinty730:willingness_to_pay_mentalhealthservices:hyp1,GENDER,Male,50.649350649350644,48.25383304940375,2.395517599946892
McGinty730,McGinty730:willingness_to_pay_mentalhealthservices:hyp1,race_4,Black,10.533910533910534,11.882453151618398,1.3485426177078637
McGinty730,McGinty730:willingness_to_pay_mentalhealthservices:hyp1,race_4,White,71.86147186147186,88.11754684838161,16.256074986909752
McGinty730,McGinty730:willingness_to_pay_mentalhealthservices:hyp1,race_4,__MISSING__,17.604617604617605,0.0,17.604617604617605
McGinty730,McGinty730:willingness_to_pay_mentalhealthservices:hyp1,pid_3,Democrat,40.83694083694084,46.42248722316866,5.5855463862278185
McGinty730,McGinty730:willingness_to_pay_mentalhealthservices:hyp1,pid_3,Independent,4.9062049062049065,3.577512776831346,1.3286921293735605
McGinty730,McGinty730:willingness_to_pay_mentalhealthservices:hyp1,pid_3,Republican,54.25685425685426,50.0,4.256854256854261
McGinty730,McGinty730:willingness_to_pay_mentalhealthservices:hyp1,age_5,Older than 50,55.6998556998557,58.04940374787053,2.3495480480148245
McGinty730,McGinty730:willingness_to_pay_mentalhealthservices:hyp1,age_5,Younger than 50,44.300144300144304,41.95059625212947,2.3495480480148316
McGinty730,McGinty730:willingness_to_pay_mentalhealthservices:hyp1,EDUC4,College,33.04473304473304,33.09199318568995,0.047260140956908
McGinty730,McGinty730:willingness_to_pay_mentalhealthservices:hyp1,EDUC4,Non-College,66.95526695526695,66.90800681431006,0.04726014095689379
McGinty730,McGinty730:willingness_to_pay_mentalhealthservices:hyp1,ideo_3,Conservative,32.75613275613276,37.52129471890971,4.765161962776951
McGinty730,McGinty730:willingness_to_pay_mentalhealthservices:hyp1,ideo_3,Liberal,27.705627705627705,27.512776831345825,0.19285087428188064
McGinty730,McGinty730:willingness_to_pay_mentalhealthservices:hyp1,ideo_3,Moderate,39.24963924963925,34.96592844974447,4.283710799894784
McGinty730,McGinty730:willingness_to_pay_mentalhealthservices:hyp1,ideo_3,__MISSING__,0.2886002886002886,0.0,0.2886002886002886
McGinty730,McGinty730:willingness_to_pay_mentalhealthservices:hyp2,GENDER,Female,51.14503816793893,51.74616695059625,0.6011287826573195
McGinty730,McGinty730:willingness_to_pay_mentalhealthservices:hyp2,GENDER,Male,48.854961832061065,48.25383304940375,0.6011287826573124
McGinty730,McGinty730:willingness_to_pay_mentalhealthservices:hyp2,race_4,Black,9.064885496183205,11.882453151618398,2.8175676554351927
McGinty730,McGinty730:willingness_to_pay_mentalhealthservices:hyp2,race_4,White,74.42748091603053,88.11754684838161,13.690065932351075
McGinty730,McGinty730:willingness_to_pay_mentalhealthservices:hyp2,race_4,__MISSING__,16.50763358778626,0.0,16.50763358778626
McGinty730,McGinty730:willingness_to_pay_mentalhealthservices:hyp2,pid_3,Democrat,43.89312977099237,46.42248722316866,2.529357452176292
McGinty730,McGinty730:willingness_to_pay_mentalhealthservices:hyp2,pid_3,Independent,4.198473282442748,3.577512776831346,0.6209605056114023
McGinty730,McGinty730:willingness_to_pay_mentalhealthservices:hyp2,pid_3,Republican,51.908396946564885,50.0,1.908396946564885
McGinty730,McGinty730:willingness_to_pay_mentalhealthservices:hyp2,age_5,Older than 50,54.67557251908397,58.04940374787053,3.373831228786557
McGinty730,McGinty730:willingness_to_pay_mentalhealthservices:hyp2,age_5,Younger than 50,45.32442748091603,41.95059625212947,3.373831228786557
McGinty730,McGinty730:willingness_to_pay_mentalhealthservices:hyp2,EDUC4,College,32.63358778625955,33.09199318568995,0.45840539943040426
McGinty730,McGinty730:willingness_to_pay_mentalhealthservices:hyp2,EDUC4,Non-College,67.36641221374046,66.90800681431006,0.45840539943040426
McGinty730,McGinty730:willingness_to_pay_mentalhealthservices:hyp2,ideo_3,Conservative,34.35114503816794,37.52129471890971,3.1701496807417655
McGinty730,McGinty730:willingness_to_pay_mentalhealthservices:hyp2,ideo_3,Liberal,26.14503816793893,27.512776831345825,1.367738663406893
McGinty730,McGinty730:willingness_to_pay_mentalhealthservices:hyp2,ideo_3,Moderate,39.31297709923664,34.96592844974447,4.347048649492173
McGinty730,McGinty730:willingness_to_pay_mentalhealthservices:hyp2,ideo_3,__MISSING__,0.19083969465648853,0.0,0.19083969465648853
McGinty730,McGinty730:willingness_to_pay_mentalhealthservices:hyp3,GENDER,Female,50.38387715930902,51.74616695059625,1.3622897912872247
McGinty730,McGinty730:willingness_to_pay_mentalhealthservices:hyp3,GENDER,Male,49.61612284069098,48.25383304940375,1.3622897912872247
McGinty730,McGinty730:willingness_to_pay_mentalhealthservices:hyp3,race_4,Black,10.652591170825335,11.882453151618398,1.2298619807930624
McGinty730,McGinty730:willingness_to_pay_mentalhealthservices:hyp3,race_4,White,72.64875239923224,88.11754684838161,15.468794449149371
McGinty730,McGinty730:willingness_to_pay_mentalhealthservices:hyp3,race_4,__MISSING__,16.698656429942417,0.0,16.698656429942417
McGinty730,McGinty730:willingness_to_pay_mentalhealthservices:hyp3,pid_3,Democrat,41.8426103646833,46.42248722316866,4.579876858485356
McGinty730,McGinty730:willingness_to_pay_mentalhealthservices:hyp3,pid_3,Independent,4.5105566218809985,3.577512776831346,0.9330438450496525
McGinty730,McGinty730:willingness_to_pay_mentalhealthservices:hyp3,pid_3,Republican,53.6468330134357,50.0,3.646833013435703
McGinty730,McGinty730:willingness_to_pay_mentalhealthservices:hyp3,age_5,Older than 50,55.5662188099808,58.04940374787053,2.4831849378897246
McGinty730,McGinty730:willingness_to_pay_mentalhealthservices:hyp3,age_5,Younger than 50,44.4337811900192,41.95059625212947,2.4831849378897246
McGinty730,McGinty730:willingness_to_pay_mentalhealthservices:hyp3,EDUC4,College,32.82149712092131,33.09199318568995,0.2704960647686434
McGinty730,McGinty730:willingness_to_pay_mentalhealthservices:hyp3,EDUC4,Non-College,67.17850287907869,66.90800681431006,0.2704960647686363
McGinty730,McGinty730:willingness_to_pay_mentalhealthservices:hyp3,ideo_3,Conservative,33.87715930902112,37.52129471890971,3.644135409888591
McGinty730,McGinty730:willingness_to_pay_mentalhealthservices:hyp3,ideo_3,Liberal,29.270633397312864,27.512776831345825,1.7578565659670389
McGinty730,McGinty730:willingness_to_pay_mentalhealthservices:hyp3,ideo_3,Moderate,36.660268714011515,34.96592844974447,1.6943402642670478
McGinty730,McGinty730:willingness_to_pay_mentalhealthservices:hyp3,ideo_3,__MISSING__,0.19193857965451055,0.0,0.19193857965451055
McGinty730,McGinty730:willingness_to_pay_mentalhealthservices:hyp4,GENDER,Female,51.91768007483629,51.74616695059625,0.17151312424004317
McGinty730,McGinty730:willingness_to_pay_mentalhealthservices:hyp4,GENDER,Male,48.0823199251637,48.25383304940375,0.17151312424005027
McGinty730,McGinty730:willingness_to_pay_mentalhealthservices:hyp4,race_4,Black,9.915809167446211,11.882453151618398,1.9666439841721868
McGinty730,McGinty730:willingness_to_pay_mentalhealthservices:hyp4,race_4,White,71.93638914873713,88.11754684838161,16.181157699644473
McGinty730,McGinty730:willingness_to_pay_mentalhealthservices:hyp4,race_4,__MISSING__,18.14780168381665,0.0,18.14780168381665
McGinty730,McGinty730:willingness_to_pay_mentalhealthservices:hyp4,pid_3,Democrat,42.84377923292797,46.42248722316866,3.5787079902406873
McGinty730,McGinty730:willingness_to_pay_mentalhealthservices:hyp4,pid_3,Independent,4.677268475210477,3.577512776831346,1.099755698379131
McGinty730,McGinty730:willingness_to_pay_mentalhealthservices:hyp4,pid_3,Republican,52.47895229186156,50.0,2.4789522918615603
McGinty730,McGinty730:willingness_to_pay_mentalhealthservices:hyp4,age_5,Older than 50,54.349859681945745,58.04940374787053,3.6995440659247834
McGinty730,McGinty730:willingness_to_pay_mentalhealthservices:hyp4,age_5,Younger than 50,45.650140318054255,41.95059625212947,3.6995440659247834
McGinty730,McGinty730:willingness_to_pay_mentalhealthservices:hyp4,EDUC4,College,32.46024321796071,33.09199318568995,0.6317499677292417
McGinty730,McGinty730:willingness_to_pay_mentalhealthservices:hyp4,EDUC4,Non-College,67.53975678203929,66.90800681431006,0.6317499677292346
McGinty730,McGinty730:willingness_to_pay_mentalhealthservices:hyp4,ideo_3,Conservative,35.73433115060804,37.52129471890971,1.7869635683016654
McGinty730,McGinty730:willingness_to_pay_mentalhealthservices:hyp4,ideo_3,Liberal,28.811973807296535,27.512776831345825,1.2991969759507107
McGinty730,McGinty730:willingness_to_pay_mentalhealthservices:hyp4,ideo_3,Moderate,35.360149672591206,34.96592844974447,0.39422122284673833
McGinty730,McGinty730:willingness_to_pay_mentalhealthservices:hyp4,ideo_3,__MISSING__,0.09354536950420954,0.0,0.09354536950420954
Melin1066,Melin1066:Capable:hyp1,GENDER,Female,54.56204379562044,52.207130730050935,2.354913065569505
Melin1066,Melin1066:Capable:hyp1,GENDER,Male,45.43795620437956,47.792869269949065,2.354913065569505
Melin1066,Melin1066:Capable:hyp1,race_4,Black,12.043795620437956,14.091680814940577,2.047885194502621
Melin1066,Melin1066:Capable:hyp1,race_4,White,64.96350364963503,85.90831918505943,20.944815535424397
Melin1066,Melin1066:Capable:hyp1,race_4,__MISSING__,22.99270072992701,0.0,22.99270072992701
Melin1066,Melin1066:Capable:hyp1,pid_3,Democrat,47.81021897810219,46.6893039049236,1.120915073178594
Melin1066,Melin1066:Capable:hyp1,pid_3,Independent,18.43065693430657,13.921901528013583,4.508755406292986
Melin1066,Melin1066:Capable:hyp1,pid_3,Republican,33.394160583941606,39.38879456706282,5.994633983121211
Melin1066,Melin1066:Capable:hyp1,pid_3,__MISSING__,0.36496350364963503,0.0,0.36496350364963503
Melin1066,Melin1066:Capable:hyp1,age_5,Older than 50,45.25547445255474,52.71646859083192,7.460994138277179
Melin1066,Melin1066:Capable:hyp1,age_5,Younger than 50,54.74452554744526,47.283531409168084,7.460994138277172
Melin1066,Melin1066:Capable:hyp1,EDUC4,College,33.941605839416056,36.7572156196944,2.8156097802783435
Melin1066,Melin1066:Capable:hyp1,EDUC4,Non-College,66.05839416058394,63.24278438030561,2.8156097802783364
Melin1066,Melin1066:Capable:hyp1,ideo_3,Conservative,21.532846715328464,24.95755517826825,3.424708462939787
Melin1066,Melin1066:Capable:hyp1,ideo_3,Liberal,45.98540145985402,52.207130730050935,6.221729270196917
Melin1066,Melin1066:Capable:hyp1,ideo_3,Moderate,23.175182481751825,22.835314091680814,0.3398683900710111
Melin1066,Melin1066:Capable:hyp1,ideo_3,__MISSING__,9.306569343065693,0.0,9.306569343065693
Melin1066,Melin1066:Capable:hyp2,GENDER,Female,49.382716049382715,52.207130730050935,2.8244146806682195
Melin1066,Melin1066:Capable:hyp2,GENDER,Male,50.617283950617285,47.792869269949065,2.8244146806682195
Melin1066,Melin1066:Capable:hyp2,race_4,Black,11.11111111111111,14.091680814940577,2.9805697038294667
Melin1066,Melin1066:Capable:hyp2,race_4,White,61.72839506172839,85.90831918505943,24.179924123331034
Melin1066,Melin1066:Capable:hyp2,race_4,__MISSING__,27.160493827160494,0.0,27.160493827160494
Melin1066,Melin1066:Capable:hyp2,pid_3,Democrat,44.97354497354497,46.6893039049236,1.7157589313786303
Melin1066,Melin1066:Capable:hyp2,pid_3,Independent,16.93121693121693,13.921901528013583,3.009315403203347
Melin1066,Melin1066:Capable:hyp2,pid_3,Republican,37.742504409171076,39.38879456706282,1.646290157891741
Melin1066,Melin1066:Capable:hyp2,pid_3,__MISSING__,0.3527336860670194,0.0,0.3527336860670194
Melin1066,Melin1066:Capable:hyp2,age_5,Older than 50,46.56084656084656,52.71646859083192,6.155622029985366
Melin1066,Melin1066:Capable:hyp2,age_5,Younger than 50,53.43915343915344,47.283531409168084,6.155622029985359
Melin1066,Melin1066:Capable:hyp2,EDUC4,College,35.44973544973545,36.7572156196944,1.30748016995895
Melin1066,Melin1066:Capable:hyp2,EDUC4,Non-College,64.55026455026454,63.24278438030561,1.3074801699589358
Melin1066,Melin1066:Capable:hyp2,ideo_3,Conservative,23.809523809523807,24.95755517826825,1.1480313687444443
Melin1066,Melin1066:Capable:hyp2,ideo_3,Liberal,49.382716049382715,52.207130730050935,2.8244146806682195
Melin1066,Melin1066:Capable:hyp2,ideo_3,Moderate,19.753086419753085,22.835314091680814,3.082227671927729
Melin1066,Melin1066:Capable:hyp2,ideo_3,__MISSING__,7.054673721340388,0.0,7.054673721340388
Melin1066,Melin1066:Capable:hyp3,GENDER,Female,52.66903914590747,52.207130730050935,0.4619084158565343
Melin1066,Melin1066:Capable:hyp3,GENDER,Male,47.330960854092524,47.792869269949065,0.4619084158565414
Melin1066,Melin1066:Capable:hyp3,race_4,Black,10.498220640569395,14.091680814940577,3.5934601743711827
Melin1066,Melin1066:Capable:hyp3,race_4,White,65.65836298932385,85.90831918505943,20.249956195735578
Melin1066,Melin1066:Capable:hyp3,race_4,__MISSING__,23.843416370106763,0.0,23.843416370106763
Melin1066,Melin1066:Capable:hyp3,pid_3,Democrat,48.93238434163701,46.6893039049236,2.243080436713413
Melin1066,Melin1066:Capable:hyp3,pid_3,Independent,16.548042704626333,13.921901528013583,2.62614117661275
Melin1066,Melin1066:Capable:hyp3,pid_3,Republican,34.34163701067616,39.38879456706282,5.047157556386658
Melin1066,Melin1066:Capable:hyp3,pid_3,__MISSING__,0.1779359430604982,0.0,0.1779359430604982
Melin1066,Melin1066:Capable:hyp3,age_5,Older than 50,46.44128113879004,52.71646859083192,6.275187452041884
Melin1066,Melin1066:Capable:hyp3,age_5,Younger than 50,53.55871886120996,47.283531409168084,6.275187452041877
Melin1066,Melin1066:Capable:hyp3,EDUC4,College,32.028469750889684,36.7572156196944,4.728745868804715
Melin1066,Melin1066:Capable:hyp3,EDUC4,Non-College,67.97153024911033,63.24278438030561,4.728745868804722
Melin1066,Melin1066:Capable:hyp3,ideo_3,Conservative,20.284697508896798,24.95755517826825,4.672857669371453
Melin1066,Melin1066:Capable:hyp3,ideo_3,Liberal,51.06761565836299,52.207130730050935,1.1395150716879456
Melin1066,Melin1066:Capable:hyp3,ideo_3,Moderate,21.88612099644128,22.835314091680814,0.9491930952395329
Melin1066,Melin1066:Capable:hyp3,ideo_3,__MISSING__,6.761565836298933,0.0,6.761565836298933
Melin1066,Melin1066:masculine:hyp1,GENDER,Female,54.38931297709924,52.207130730050935,2.1821822470483028
Melin1066,Melin1066:masculine:hyp1,GENDER,Male,45.61068702290076,47.792869269949065,2.1821822470483028
Melin1066,Melin1066:masculine:hyp1,race_4,Black,12.595419847328243,14.091680814940577,1.4962609676123346
Melin1066,Melin1066:masculine:hyp1,race_4,White,64.8854961832061,85.90831918505943,21.022823001853325
Melin1066,Melin1066:masculine:hyp1,race_4,__MISSING__,22.519083969465647,0.0,22.519083969465647
Melin1066,Melin1066:masculine:hyp1,pid_3,Democrat,48.854961832061065,46.6893039049236,2.1656579271374667
Melin1066,Melin1066:masculine:hyp1,pid_3,Independent,18.12977099236641,13.921901528013583,4.207869464352827
Melin1066,Melin1066:masculine:hyp1,pid_3,Republican,32.63358778625955,39.38879456706282,6.75520678080327
Melin1066,Melin1066:masculine:hyp1,pid_3,__MISSING__,0.38167938931297707,0.0,0.38167938931297707
Melin1066,Melin1066:masculine:hyp1,age_5,Older than 50,43.70229007633588,52.71646859083192,9.014178514496045
Melin1066,Melin1066:masculine:hyp1,age_5,Younger than 50,56.297709923664115,47.283531409168084,9.014178514496031
Melin1066,Melin1066:masculine:hyp1,EDUC4,College,33.587786259541986,36.7572156196944,3.1694293601524137
Melin1066,Melin1066:masculine:hyp1,EDUC4,Non-College,66.41221374045801,63.24278438030561,3.1694293601524066
Melin1066,Melin1066:masculine:hyp1,ideo_3,Conservative,20.99236641221374,24.95755517826825,3.96518876605451
Melin1066,Melin1066:masculine:hyp1,ideo_3,Liberal,46.37404580152672,52.207130730050935,5.833084928524215
Melin1066,Melin1066:masculine:hyp1,ideo_3,Moderate,23.66412213740458,22.835314091680814,0.8288080457237648
Melin1066,Melin1066:masculine:hyp1,ideo_3,__MISSING__,8.969465648854962,0.0,8.969465648854962
Melin1066,Melin1066:masculine:hyp2,GENDER,Female,48.62385321100918,52.207130730050935,3.583277519041758
Melin1066,Melin1066:masculine:hyp2,GENDER,Male,51.37614678899083,47.792869269949065,3.583277519041765
Melin1066,Melin1066:masculine:hyp2,race_4,Black,11.376146788990827,14.091680814940577,2.7155340259497507
Melin1066,Melin1066:masculine:hyp2,race_4,White,61.8348623853211,85.90831918505943,24.073456799738324
Melin1066,Melin1066:masculine:hyp2,race_4,__MISSING__,26.788990825688074,0.0,26.788990825688074
Melin1066,Melin1066:masculine:hyp2,pid_3,Democrat,45.137614678899084,46.6893039049236,1.5516892260245143
Melin1066,Melin1066:masculine:hyp2,pid_3,Independent,16.88073394495413,13.921901528013583,2.958832416940547
Melin1066,Melin1066:masculine:hyp2,pid_3,Republican,37.61467889908257,39.38879456706282,1.7741156679802472
Melin1066,Melin1066:masculine:hyp2,pid_3,__MISSING__,0.3669724770642202,0.0,0.3669724770642202
Melin1066,Melin1066:masculine:hyp2,age_5,Older than 50,45.68807339449542,52.71646859083192,7.028395196336504
Melin1066,Melin1066:masculine:hyp2,age_5,Younger than 50,54.31192660550459,47.283531409168084,7.028395196336504
Melin1066,Melin1066:masculine:hyp2,EDUC4,College,35.41284403669725,36.7572156196944,1.344371582997148
Melin1066,Melin1066:masculine:hyp2,EDUC4,Non-College,64.58715596330276,63.24278438030561,1.3443715829971552
Melin1066,Melin1066:masculine:hyp2,ideo_3,Conservative,23.669724770642205,24.95755517826825,1.2878304076260463
Melin1066,Melin1066:masculine:hyp2,ideo_3,Liberal,49.54128440366973,52.207130730050935,2.6658463263812067
Melin1066,Melin1066:masculine:hyp2,ideo_3,Moderate,19.63302752293578,22.835314091680814,3.202286568745034
Melin1066,Melin1066:masculine:hyp2,ideo_3,__MISSING__,7.155963302752294,0.0,7.155963302752294
Melin1066,Melin1066:masculine:hyp3,GENDER,Female,52.052238805970156,52.207130730050935,0.15489192408077912
Melin1066,Melin1066:masculine:hyp3,GENDER,Male,47.94776119402985,47.792869269949065,0.15489192408078623
Melin1066,Melin1066:masculine:hyp3,race_4,Black,10.44776119402985,14.091680814940577,3.6439196209107276
Melin1066,Melin1066:masculine:hyp3,race_4,White,65.29850746268657,85.90831918505943,20.609811722372854
Melin1066,Melin1066:masculine:hyp3,race_4,__MISSING__,24.253731343283583,0.0,24.253731343283583
Melin1066,Melin1066:masculine:hyp3,pid_3,Democrat,48.507462686567166,46.6893039049236,1.818158781643568
Melin1066,Melin1066:masculine:hyp3,pid_3,Independent,16.417910447761194,13.921901528013583,2.496008919747611
Melin1066,Melin1066:masculine:hyp3,pid_3,Republican,34.88805970149254,39.38879456706282,4.50073486557028
Melin1066,Melin1066:masculine:hyp3,pid_3,__MISSING__,0.18656716417910446,0.0,0.18656716417910446
Melin1066,Melin1066:masculine:hyp3,age_5,Older than 50,44.40298507462687,52.71646859083192,8.313483516205054
Melin1066,Melin1066:masculine:hyp3,age_5,Younger than 50,55.59701492537313,47.283531409168084,8.313483516205046
Melin1066,Melin1066:masculine:hyp3,EDUC4,College,32.649253731343286,36.7572156196944,4.107961888351113
Melin1066,Melin1066:masculine:hyp3,EDUC4,Non-College,67.3507462686567,63.24278438030561,4.107961888351099
Melin1066,Melin1066:masculine:hyp3,ideo_3,Conservative,20.522388059701495,24.95755517826825,4.435167118566756
Melin1066,Melin1066:masculine:hyp3,ideo_3,Liberal,50.74626865671642,52.207130730050935,1.4608620733345177
Melin1066,Melin1066:masculine:hyp3,ideo_3,Moderate,22.01492537313433,22.835314091680814,0.8203887185464858
Melin1066,Melin1066:masculine:hyp3,ideo_3,__MISSING__,6.7164179104477615,0.0,6.7164179104477615
Merolla843,Merolla843:foreign_policy:hyp1,GENDER,Female,50.0,54.01606425702812,4.01606425702812
Merolla843,Merolla843:foreign_policy:hyp1,GENDER,Male,50.0,45.98393574297189,4.016064257028113
Merolla843,Merolla843:foreign_policy:hyp1,race_4,Black,9.876543209876543,13.855421686746988,3.9788784768704453
Merolla843,Merolla843:foreign_policy:hyp1,race_4,White,71.91358024691358,86.14457831325302,14.230998066339438
Merolla843,Merolla843:foreign_policy:hyp1,race_4,__MISSING__,18.209876543209877,0.0,18.209876543209877
Merolla843,Merolla843:foreign_policy:hyp1,pid_3,Democrat,48.148148148148145,44.97991967871486,3.168228469433288
Merolla843,Merolla843:foreign_policy:hyp1,pid_3,Independent,2.4691358024691357,3.614457831325301,1.1453220288561652
Merolla843,Merolla843:foreign_policy:hyp1,pid_3,Republican,49.382716049382715,51.40562248995983,2.022906440577117
Merolla843,Merolla843:foreign_policy:hyp1,age_5,Older than 50,56.79012345679012,56.024096385542165,0.7660270712479544
Merolla843,Merolla843:foreign_policy:hyp1,age_5,Younger than 50,43.20987654320987,43.97590361445783,0.7660270712479544
Merolla843,Merolla843:foreign_policy:hyp1,EDUC4,College,41.9753086419753,38.152610441767074,3.8226982002082295
Merolla843,Merolla843:foreign_policy:hyp1,EDUC4,Non-College,58.0246913580247,61.84738955823293,3.8226982002082366
Merolla843,Merolla843:foreign_policy:hyp1,ideo_3,Conservative,42.901234567901234,39.558232931726906,3.3430016361743284
Merolla843,Merolla843:foreign_policy:hyp1,ideo_3,Liberal,29.629629629629626,26.706827309236946,2.9228023203926803
Merolla843,Merolla843:foreign_policy:hyp1,ideo_3,Moderate,27.469135802469136,33.734939759036145,6.265803956567009
Merolla843,Merolla843:foreign_policy:hyp2,GENDER,Female,53.55029585798816,54.01606425702812,0.46576839903995904
Merolla843,Merolla843:foreign_policy:hyp2,GENDER,Male,46.44970414201183,45.98393574297189,0.4657683990399448
Merolla843,Merolla843:foreign_policy:hyp2,race_4,Black,10.059171597633137,13.855421686746988,3.796250089113851
Merolla843,Merolla843:foreign_policy:hyp2,race_4,White,73.66863905325444,86.14457831325302,12.475939259998583
Merolla843,Merolla843:foreign_policy:hyp2,race_4,__MISSING__,16.272189349112427,0.0,16.272189349112427
Merolla843,Merolla843:foreign_policy:hyp2,pid_3,Democrat,44.08284023668639,44.97991967871486,0.8970794420284705
Merolla843,Merolla843:foreign_policy:hyp2,pid_3,Independent,1.4792899408284024,3.614457831325301,2.1351678904968985
Merolla843,Merolla843:foreign_policy:hyp2,pid_3,Republican,54.437869822485204,51.40562248995983,3.0322473325253725
Merolla843,Merolla843:foreign_policy:hyp2,age_5,Older than 50,54.142011834319526,56.024096385542165,1.8820845512226398
Merolla843,Merolla843:foreign_policy:hyp2,age_5,Younger than 50,45.857988165680474,43.97590361445783,1.882084551222647
Merolla843,Merolla843:foreign_policy:hyp2,EDUC4,College,40.23668639053255,38.152610441767074,2.0840759487654736
Merolla843,Merolla843:foreign_policy:hyp2,EDUC4,Non-College,59.76331360946746,61.84738955823293,2.0840759487654736
Merolla843,Merolla843:foreign_policy:hyp2,ideo_3,Conservative,41.71597633136095,39.558232931726906,2.157743399634043
Merolla843,Merolla843:foreign_policy:hyp2,ideo_3,Liberal,31.952662721893493,26.706827309236946,5.245835412656547
Merolla843,Merolla843:foreign_policy:hyp2,ideo_3,Moderate,26.331360946745562,33.734939759036145,7.403578812290583
Merolla843,Merolla843:foreign_policy:hyp3,GENDER,Female,51.50602409638554,54.01606425702812,2.510040160642582
Merolla843,Merolla843:foreign_policy:hyp3,GENDER,Male,48.493975903614455,45.98393574297189,2.5100401606425677
Merolla843,Merolla843:foreign_policy:hyp3,race_4,Black,11.44578313253012,13.855421686746988,2.4096385542168672
Merolla843,Merolla843:foreign_policy:hyp3,race_4,White,71.6867469879518,86.14457831325302,14.457831325301214
Merolla843,Merolla843:foreign_policy:hyp3,race_4,__MISSING__,16.867469879518072,0.0,16.867469879518072
Merolla843,Merolla843:foreign_policy:hyp3,pid_3,Democrat,43.674698795180724,44.97991967871486,1.3052208835341332
Merolla843,Merolla843:foreign_policy:hyp3,pid_3,Independent,1.5060240963855422,3.614457831325301,2.1084337349397586
Merolla843,Merolla843:foreign_policy:hyp3,pid_3,Republican,54.81927710843374,51.40562248995983,3.413654618473906
Merolla843,Merolla843:foreign_policy:hyp3,age_5,Older than 50,57.53012048192772,56.024096385542165,1.506024096385552
Merolla843,Merolla843:foreign_policy:hyp3,age_5,Younger than 50,42.46987951807229,43.97590361445783,1.5060240963855378
Merolla843,Merolla843:foreign_policy:hyp3,EDUC4,College,40.36144578313253,38.152610441767074,2.2088353413654573
Merolla843,Merolla843:foreign_policy:hyp3,EDUC4,Non-College,59.63855421686747,61.84738955823293,2.2088353413654644
Merolla843,Merolla843:foreign_policy:hyp3,ideo_3,Conservative,39.75903614457831,39.558232931726906,0.20080321285140457
Merolla843,Merolla843:foreign_policy:hyp3,ideo_3,Liberal,29.518072289156628,26.706827309236946,2.8112449799196817
Merolla843,Merolla843:foreign_policy:hyp3,ideo_3,Moderate,30.72289156626506,33.734939759036145,3.0120481927710863
Merolla843,Merolla843:hillary_clinton_leadership:hyp1,GENDER,Female,53.94088669950739,54.01606425702812,0.07517755752073185
Merolla843,Merolla843:hillary_clinton_leadership:hyp1,GENDER,Male,46.05911330049261,45.98393574297189,0.07517755752072475
Merolla843,Merolla843:hillary_clinton_leadership:hyp1,race_4,Black,10.591133004926109,13.855421686746988,3.2642886818208794
Merolla843,Merolla843:hillary_clinton_leadership:hyp1,race_4,White,73.64532019704434,86.14457831325302,12.49925811620868
Merolla843,Merolla843:hillary_clinton_leadership:hyp1,race_4,__MISSING__,15.763546798029557,0.0,15.763546798029557
Merolla843,Merolla843:hillary_clinton_leadership:hyp1,pid_3,Democrat,42.610837438423644,44.97991967871486,2.3690822402912133
Merolla843,Merolla843:hillary_clinton_leadership:hyp1,pid_3,Independent,2.955665024630542,3.614457831325301,0.658792806694759
Merolla843,Merolla843:hillary_clinton_leadership:hyp1,pid_3,Republican,54.43349753694581,51.40562248995983,3.027875046985976
Merolla843,Merolla843:hillary_clinton_leadership:hyp1,age_5,Older than 50,52.21674876847291,56.024096385542165,3.8073476170692544
Merolla843,Merolla843:hillary_clinton_leadership:hyp1,age_5,Younger than 50,47.783251231527096,43.97590361445783,3.8073476170692686
Merolla843,Merolla843:hillary_clinton_leadership:hyp1,EDUC4,College,36.206896551724135,38.152610441767074,1.9457138900429385
Merolla843,Merolla843:hillary_clinton_leadership:hyp1,EDUC4,Non-College,63.793103448275865,61.84738955823293,1.9457138900429314
Merolla843,Merolla843:hillary_clinton_leadership:hyp1,ideo_3,Conservative,37.4384236453202,39.558232931726906,2.1198092864067064
Merolla843,Merolla843:hillary_clinton_leadership:hyp1,ideo_3,Liberal,29.802955665024633,26.706827309236946,3.0961283557876875
Merolla843,Merolla843:hillary_clinton_leadership:hyp1,ideo_3,Moderate,31.773399014778324,33.734939759036145,1.961540744257821
Merolla843,Merolla843:hillary_clinton_leadership:hyp1,ideo_3,__MISSING__,0.9852216748768473,0.0,0.9852216748768473
Merolla843,Merolla843:hillary_clinton_leadership:hyp2,GENDER,Female,53.67647058823529,54.01606425702812,0.3395936687928298
Merolla843,Merolla843:hillary_clinton_leadership:hyp2,GENDER,Male,46.32352941176471,45.98393574297189,0.3395936687928227
Merolla843,Merolla843:hillary_clinton_leadership:hyp2,race_4,Black,12.5,13.855421686746988,1.355421686746988
Merolla843,Merolla843:hillary_clinton_leadership:hyp2,race_4,White,70.83333333333334,86.14457831325302,15.311244979919678
Merolla843,Merolla843:hillary_clinton_leadership:hyp2,race_4,__MISSING__,16.666666666666664,0.0,16.666666666666664
Merolla843,Merolla843:hillary_clinton_leadership:hyp2,pid_3,Democrat,40.931372549019606,44.97991967871486,4.048547129695251
Merolla843,Merolla843:hillary_clinton_leadership:hyp2,pid_3,Independent,3.9215686274509802,3.614457831325301,0.3071107961256794
Merolla843,Merolla843:hillary_clinton_leadership:hyp2,pid_3,Republican,55.14705882352941,51.40562248995983,3.741436333569581
Merolla843,Merolla843:hillary_clinton_leadership:hyp2,age_5,Older than 50,52.69607843137255,56.024096385542165,3.328017954169617
Merolla843,Merolla843:hillary_clinton_leadership:hyp2,age_5,Younger than 50,47.30392156862745,43.97590361445783,3.328017954169624
Merolla843,Merolla843:hillary_clinton_leadership:hyp2,EDUC4,College,36.27450980392157,38.152610441767074,1.878100637845506
Merolla843,Merolla843:hillary_clinton_leadership:hyp2,EDUC4,Non-College,63.725490196078425,61.84738955823293,1.8781006378454919
Merolla843,Merolla843:hillary_clinton_leadership:hyp2,ideo_3,Conservative,37.00980392156863,39.558232931726906,2.548429010158273
Merolla843,Merolla843:hillary_clinton_leadership:hyp2,ideo_3,Liberal,27.941176470588236,26.706827309236946,1.2343491613512896
Merolla843,Merolla843:hillary_clinton_leadership:hyp2,ideo_3,Moderate,34.068627450980394,33.734939759036145,0.33368769194424885
Merolla843,Merolla843:hillary_clinton_leadership:hyp2,ideo_3,__MISSING__,0.9803921568627451,0.0,0.9803921568627451
Merolla843,Merolla843:trump_leadership:hyp1,GENDER,Female,51.78571428571429,54.01606425702812,2.230349971313828
Merolla843,Merolla843:trump_leadership:hyp1,GENDER,Male,48.214285714285715,45.98393574297189,2.230349971313828
Merolla843,Merolla843:trump_leadership:hyp1,race_4,Black,11.224489795918368,13.855421686746988,2.63093189082862
Merolla843,Merolla843:trump_leadership:hyp1,race_4,White,70.40816326530613,86.14457831325302,15.736415047946892
Merolla843,Merolla843:trump_leadership:hyp1,race_4,__MISSING__,18.367346938775512,0.0,18.367346938775512
Merolla843,Merolla843:trump_leadership:hyp1,pid_3,Democrat,44.89795918367347,44.97991967871486,0.08196049504138614
Merolla843,Merolla843:trump_leadership:hyp1,pid_3,Independent,5.612244897959184,3.614457831325301,1.997787066633883
Merolla843,Merolla843:trump_leadership:hyp1,pid_3,Republican,49.48979591836735,51.40562248995983,1.9158265715924827
Merolla843,Merolla843:trump_leadership:hyp1,age_5,Older than 50,54.08163265306123,56.024096385542165,1.9424637324809382
Merolla843,Merolla843:trump_leadership:hyp1,age_5,Younger than 50,45.91836734693878,43.97590361445783,1.9424637324809524
Merolla843,Merolla843:trump_leadership:hyp1,EDUC4,College,37.244897959183675,38.152610441767074,0.9077124825833991
Merolla843,Merolla843:trump_leadership:hyp1,EDUC4,Non-College,62.755102040816325,61.84738955823293,0.907712482583392
Merolla843,Merolla843:trump_leadership:hyp1,ideo_3,Conservative,40.05102040816326,39.558232931726906,0.4927874764363551
Merolla843,Merolla843:trump_leadership:hyp1,ideo_3,Liberal,26.785714285714285,26.706827309236946,0.07888697647733878
Merolla843,Merolla843:trump_leadership:hyp1,ideo_3,Moderate,31.887755102040817,33.734939759036145,1.8471846569953279
Merolla843,Merolla843:trump_leadership:hyp1,ideo_3,__MISSING__,1.2755102040816326,0.0,1.2755102040816326
Merolla843,Merolla843:trump_leadership:hyp2,GENDER,Female,53.92156862745098,54.01606425702812,0.09449562957713908
Merolla843,Merolla843:trump_leadership:hyp2,GENDER,Male,46.07843137254902,45.98393574297189,0.09449562957713198
Merolla843,Merolla843:trump_leadership:hyp2,race_4,Black,12.254901960784313,13.855421686746988,1.600519725962675
Merolla843,Merolla843:trump_leadership:hyp2,race_4,White,71.07843137254902,86.14457831325302,15.066146940704002
Merolla843,Merolla843:trump_leadership:hyp2,race_4,__MISSING__,16.666666666666664,0.0,16.666666666666664
Merolla843,Merolla843:trump_leadership:hyp2,pid_3,Democrat,41.17647058823529,44.97991967871486,3.8034490904795675
Merolla843,Merolla843:trump_leadership:hyp2,pid_3,Independent,3.9215686274509802,3.614457831325301,0.3071107961256794
Merolla843,Merolla843:trump_leadership:hyp2,pid_3,Republican,54.90196078431373,51.40562248995983,3.4963382943538974
Merolla843,Merolla843:trump_leadership:hyp2,age_5,Older than 50,52.69607843137255,56.024096385542165,3.328017954169617
Merolla843,Merolla843:trump_leadership:hyp2,age_5,Younger than 50,47.30392156862745,43.97590361445783,3.328017954169624
Merolla843,Merolla843:trump_leadership:hyp2,EDUC4,College,36.51960784313725,38.152610441767074,1.6330025986298224
Merolla843,Merolla843:trump_leadership:hyp2,EDUC4,Non-College,63.48039215686274,61.84738955823293,1.6330025986298082
Merolla843,Merolla843:trump_leadership:hyp2,ideo_3,Conservative,37.5,39.558232931726906,2.0582329317269057
Merolla843,Merolla843:trump_leadership:hyp2,ideo_3,Liberal,27.941176470588236,26.706827309236946,1.2343491613512896
Merolla843,Merolla843:trump_leadership:hyp2,ideo_3,Moderate,33.57843137254902,33.734939759036145,0.1565083864871255
Merolla843,Merolla843:trump_leadership:hyp2,ideo_3,__MISSING__,0.9803921568627451,0.0,0.9803921568627451
Mezzapelle1439,Mezzapelle1439:BELIEVABLE:hyp1,GENDER,Female,52.498810090433125,53.20754716981132,0.7087370793781957
Mezzapelle1439,Mezzapelle1439:BELIEVABLE:hyp1,GENDER,Male,47.50118990956687,46.79245283018868,0.7087370793781886
Mezzapelle1439,Mezzapelle1439:BELIEVABLE:hyp1,race_4,Black,11.518324607329843,14.779874213836477,3.261549606506634
Mezzapelle1439,Mezzapelle1439:BELIEVABLE:hyp1,race_4,White,65.34983341266064,85.22012578616352,19.870292373502878
Mezzapelle1439,Mezzapelle1439:BELIEVABLE:hyp1,race_4,__MISSING__,23.13184198000952,0.0,23.13184198000952
Mezzapelle1439,Mezzapelle1439:BELIEVABLE:hyp1,pid_3,Democrat,48.21513564969062,48.61635220125786,0.4012165515672379
Mezzapelle1439,Mezzapelle1439:BELIEVABLE:hyp1,pid_3,Independent,16.230366492146597,13.522012578616351,2.708353913530246
Mezzapelle1439,Mezzapelle1439:BELIEVABLE:hyp1,pid_3,Republican,35.221323179438365,37.86163522012579,2.6403120406874265
Mezzapelle1439,Mezzapelle1439:BELIEVABLE:hyp1,pid_3,__MISSING__,0.333174678724417,0.0,0.333174678724417
Mezzapelle1439,Mezzapelle1439:BELIEVABLE:hyp1,age_5,Older than 50,46.50166587339362,50.18867924528302,3.6870133718893996
Mezzapelle1439,Mezzapelle1439:BELIEVABLE:hyp1,age_5,Younger than 50,53.49833412660637,49.81132075471698,3.6870133718893925
Mezzapelle1439,Mezzapelle1439:BELIEVABLE:hyp1,EDUC4,College,36.696811042360785,40.0,3.3031889576392146
Mezzapelle1439,Mezzapelle1439:BELIEVABLE:hyp1,EDUC4,Non-College,63.30318895763922,60.0,3.3031889576392217
Mezzapelle1439,Mezzapelle1439:BELIEVABLE:hyp1,ideo_3,Conservative,11.042360780580676,11.761006289308176,0.7186455087274997
Mezzapelle1439,Mezzapelle1439:BELIEVABLE:hyp1,ideo_3,Liberal,71.96573060447406,72.26415094339622,0.29842033892215625
Mezzapelle1439,Mezzapelle1439:BELIEVABLE:hyp1,ideo_3,Moderate,14.850071394574012,15.974842767295597,1.1247713727215842
Mezzapelle1439,Mezzapelle1439:BELIEVABLE:hyp1,ideo_3,__MISSING__,2.1418372203712517,0.0,2.1418372203712517
Mezzapelle1439,Mezzapelle1439:BELIEVABLE:hyp2,GENDER,Female,52.498810090433125,53.20754716981132,0.7087370793781957
Mezzapelle1439,Mezzapelle1439:BELIEVABLE:hyp2,GENDER,Male,47.50118990956687,46.79245283018868,0.7087370793781886
Mezzapelle1439,Mezzapelle1439:BELIEVABLE:hyp2,race_4,Black,11.518324607329843,14.779874213836477,3.261549606506634
Mezzapelle1439,Mezzapelle1439:BELIEVABLE:hyp2,race_4,White,65.34983341266064,85.22012578616352,19.870292373502878
Mezzapelle1439,Mezzapelle1439:BELIEVABLE:hyp2,race_4,__MISSING__,23.13184198000952,0.0,23.13184198000952
Mezzapelle1439,Mezzapelle1439:BELIEVABLE:hyp2,pid_3,Democrat,48.21513564969062,48.61635220125786,0.4012165515672379
Mezzapelle1439,Mezzapelle1439:BELIEVABLE:hyp2,pid_3,Independent,16.230366492146597,13.522012578616351,2.708353913530246
Mezzapelle1439,Mezzapelle1439:BELIEVABLE:hyp2,pid_3,Republican,35.221323179438365,37.86163522012579,2.6403120406874265
Mezzapelle1439,Mezzapelle1439:BELIEVABLE:hyp2,pid_3,__MISSING__,0.333174678724417,0.0,0.333174678724417
Mezzapelle1439,Mezzapelle1439:BELIEVABLE:hyp2,age_5,Older than 50,46.50166587339362,50.18867924528302,3.6870133718893996
Mezzapelle1439,Mezzapelle1439:BELIEVABLE:hyp2,age_5,Younger than 50,53.49833412660637,49.81132075471698,3.6870133718893925
Mezzapelle1439,Mezzapelle1439:BELIEVABLE:hyp2,EDUC4,College,36.696811042360785,40.0,3.3031889576392146
Mezzapelle1439,Mezzapelle1439:BELIEVABLE:hyp2,EDUC4,Non-College,63.30318895763922,60.0,3.3031889576392217
Mezzapelle1439,Mezzapelle1439:BELIEVABLE:hyp2,ideo_3,Conservative,11.042360780580676,11.761006289308176,0.7186455087274997
Mezzapelle1439,Mezzapelle1439:BELIEVABLE:hyp2,ideo_3,Liberal,71.96573060447406,72.26415094339622,0.29842033892215625
Mezzapelle1439,Mezzapelle1439:BELIEVABLE:hyp2,ideo_3,Moderate,14.850071394574012,15.974842767295597,1.1247713727215842
Mezzapelle1439,Mezzapelle1439:BELIEVABLE:hyp2,ideo_3,__MISSING__,2.1418372203712517,0.0,2.1418372203712517
Mezzapelle1439,Mezzapelle1439:BELIEVABLE:hyp3,GENDER,Female,54.082612872238236,53.20754716981132,0.875065702426916
Mezzapelle1439,Mezzapelle1439:BELIEVABLE:hyp3,GENDER,Male,45.917387127761764,46.79245283018868,0.875065702426916
Mezzapelle1439,Mezzapelle1439:BELIEVABLE:hyp3,race_4,Black,11.143131604226705,14.779874213836477,3.6367426096097724
Mezzapelle1439,Mezzapelle1439:BELIEVABLE:hyp3,race_4,White,66.4745437079731,85.22012578616352,18.745582078190424
Mezzapelle1439,Mezzapelle1439:BELIEVABLE:hyp3,race_4,__MISSING__,22.382324687800192,0.0,22.382324687800192
Mezzapelle1439,Mezzapelle1439:BELIEVABLE:hyp3,pid_3,Democrat,46.493756003842456,48.61635220125786,2.1225961974154046
Mezzapelle1439,Mezzapelle1439:BELIEVABLE:hyp3,pid_3,Independent,15.658021133525457,13.522012578616351,2.1360085549091057
Mezzapelle1439,Mezzapelle1439:BELIEVABLE:hyp3,pid_3,Republican,37.36791546589818,37.86163522012579,0.4937197542276124
Mezzapelle1439,Mezzapelle1439:BELIEVABLE:hyp3,pid_3,__MISSING__,0.48030739673390976,0.0,0.48030739673390976
Mezzapelle1439,Mezzapelle1439:BELIEVABLE:hyp3,age_5,Older than 50,46.97406340057637,50.18867924528302,3.2146158447066497
Mezzapelle1439,Mezzapelle1439:BELIEVABLE:hyp3,age_5,Younger than 50,53.02593659942363,49.81132075471698,3.2146158447066497
Mezzapelle1439,Mezzapelle1439:BELIEVABLE:hyp3,EDUC4,College,36.983669548511045,40.0,3.0163304514889546
Mezzapelle1439,Mezzapelle1439:BELIEVABLE:hyp3,EDUC4,Non-College,63.016330451488955,60.0,3.0163304514889546
Mezzapelle1439,Mezzapelle1439:BELIEVABLE:hyp3,ideo_3,Conservative,12.680115273775217,11.761006289308176,0.9191089844670408
Mezzapelle1439,Mezzapelle1439:BELIEVABLE:hyp3,ideo_3,Liberal,71.95004803073968,72.26415094339622,0.3141029126565371
Mezzapelle1439,Mezzapelle1439:BELIEVABLE:hyp3,ideo_3,Moderate,13.640730067243034,15.974842767295597,2.3341127000525628
Mezzapelle1439,Mezzapelle1439:BELIEVABLE:hyp3,ideo_3,__MISSING__,1.729106628242075,0.0,1.729106628242075
Mezzapelle1439,Mezzapelle1439:COMPENSATION:hyp1,GENDER,Female,52.586616041765545,53.20754716981132,0.6209311280457754
Mezzapelle1439,Mezzapelle1439:COMPENSATION:hyp1,GENDER,Male,47.413383958234455,46.79245283018868,0.6209311280457754
Mezzapelle1439,Mezzapelle1439:COMPENSATION:hyp1,race_4,Black,11.485524442335073,14.779874213836477,3.2943497715014036
Mezzapelle1439,Mezzapelle1439:COMPENSATION:hyp1,race_4,White,65.4485049833887,85.22012578616352,19.77162080277482
Mezzapelle1439,Mezzapelle1439:COMPENSATION:hyp1,race_4,__MISSING__,23.065970574276225,0.0,23.065970574276225
Mezzapelle1439,Mezzapelle1439:COMPENSATION:hyp1,pid_3,Democrat,48.12529663028002,48.61635220125786,0.49105557097784214
Mezzapelle1439,Mezzapelle1439:COMPENSATION:hyp1,pid_3,Independent,16.27906976744186,13.522012578616351,2.7570571888255095
Mezzapelle1439,Mezzapelle1439:COMPENSATION:hyp1,pid_3,Republican,35.263407688656855,37.86163522012579,2.598227531468936
Mezzapelle1439,Mezzapelle1439:COMPENSATION:hyp1,pid_3,__MISSING__,0.33222591362126247,0.0,0.33222591362126247
Mezzapelle1439,Mezzapelle1439:COMPENSATION:hyp1,age_5,Older than 50,46.65401044138586,50.18867924528302,3.534668803897162
Mezzapelle1439,Mezzapelle1439:COMPENSATION:hyp1,age_5,Younger than 50,53.34598955861415,49.81132075471698,3.534668803897169
Mezzapelle1439,Mezzapelle1439:COMPENSATION:hyp1,EDUC4,College,36.68723303274798,40.0,3.312766967252017
Mezzapelle1439,Mezzapelle1439:COMPENSATION:hyp1,EDUC4,Non-College,63.312766967252024,60.0,3.312766967252024
Mezzapelle1439,Mezzapelle1439:COMPENSATION:hyp1,ideo_3,Conservative,11.058376839107737,11.761006289308176,0.7026294502004387
Mezzapelle1439,Mezzapelle1439:COMPENSATION:hyp1,ideo_3,Liberal,71.85571903179877,72.26415094339622,0.40843191159744663
Mezzapelle1439,Mezzapelle1439:COMPENSATION:hyp1,ideo_3,Moderate,14.855244423350737,15.974842767295597,1.11959834394486
Mezzapelle1439,Mezzapelle1439:COMPENSATION:hyp1,ideo_3,__MISSING__,2.230659705742762,0.0,2.230659705742762
Mezzapelle1439,Mezzapelle1439:COMPENSATION:hyp2,GENDER,Female,52.586616041765545,53.20754716981132,0.6209311280457754
Mezzapelle1439,Mezzapelle1439:COMPENSATION:hyp2,GENDER,Male,47.413383958234455,46.79245283018868,0.6209311280457754
Mezzapelle1439,Mezzapelle1439:COMPENSATION:hyp2,race_4,Black,11.485524442335073,14.779874213836477,3.2943497715014036
Mezzapelle1439,Mezzapelle1439:COMPENSATION:hyp2,race_4,White,65.4485049833887,85.22012578616352,19.77162080277482
Mezzapelle1439,Mezzapelle1439:COMPENSATION:hyp2,race_4,__MISSING__,23.065970574276225,0.0,23.065970574276225
Mezzapelle1439,Mezzapelle1439:COMPENSATION:hyp2,pid_3,Democrat,48.12529663028002,48.61635220125786,0.49105557097784214
Mezzapelle1439,Mezzapelle1439:COMPENSATION:hyp2,pid_3,Independent,16.27906976744186,13.522012578616351,2.7570571888255095
Mezzapelle1439,Mezzapelle1439:COMPENSATION:hyp2,pid_3,Republican,35.263407688656855,37.86163522012579,2.598227531468936
Mezzapelle1439,Mezzapelle1439:COMPENSATION:hyp2,pid_3,__MISSING__,0.33222591362126247,0.0,0.33222591362126247
Mezzapelle1439,Mezzapelle1439:COMPENSATION:hyp2,age_5,Older than 50,46.65401044138586,50.18867924528302,3.534668803897162
Mezzapelle1439,Mezzapelle1439:COMPENSATION:hyp2,age_5,Younger than 50,53.34598955861415,49.81132075471698,3.534668803897169
Mezzapelle1439,Mezzapelle1439:COMPENSATION:hyp2,EDUC4,College,36.68723303274798,40.0,3.312766967252017
Mezzapelle1439,Mezzapelle1439:COMPENSATION:hyp2,EDUC4,Non-College,63.312766967252024,60.0,3.312766967252024
Mezzapelle1439,Mezzapelle1439:COMPENSATION:hyp2,ideo_3,Conservative,11.058376839107737,11.761006289308176,0.7026294502004387
Mezzapelle1439,Mezzapelle1439:COMPENSATION:hyp2,ideo_3,Liberal,71.85571903179877,72.26415094339622,0.40843191159744663
Mezzapelle1439,Mezzapelle1439:COMPENSATION:hyp2,ideo_3,Moderate,14.855244423350737,15.974842767295597,1.11959834394486
Mezzapelle1439,Mezzapelle1439:COMPENSATION:hyp2,ideo_3,__MISSING__,2.230659705742762,0.0,2.230659705742762
Mezzapelle1439,Mezzapelle1439:COMPENSATION:hyp3,GENDER,Female,54.19847328244275,53.20754716981132,0.9909261126314277
Mezzapelle1439,Mezzapelle1439:COMPENSATION:hyp3,GENDER,Male,45.80152671755725,46.79245283018868,0.9909261126314277
Mezzapelle1439,Mezzapelle1439:COMPENSATION:hyp3,race_4,Black,11.259541984732824,14.779874213836477,3.520332229103653
Mezzapelle1439,Mezzapelle1439:COMPENSATION:hyp3,race_4,White,66.31679389312977,85.22012578616352,18.90333189303375
Mezzapelle1439,Mezzapelle1439:COMPENSATION:hyp3,race_4,__MISSING__,22.423664122137403,0.0,22.423664122137403
Mezzapelle1439,Mezzapelle1439:COMPENSATION:hyp3,pid_3,Democrat,46.37404580152672,48.61635220125786,2.2423063997311417
Mezzapelle1439,Mezzapelle1439:COMPENSATION:hyp3,pid_3,Independent,15.744274809160306,13.522012578616351,2.2222622305439543
Mezzapelle1439,Mezzapelle1439:COMPENSATION:hyp3,pid_3,Republican,37.404580152671755,37.86163522012579,0.4570550674540357
Mezzapelle1439,Mezzapelle1439:COMPENSATION:hyp3,pid_3,__MISSING__,0.4770992366412214,0.0,0.4770992366412214
Mezzapelle1439,Mezzapelle1439:COMPENSATION:hyp3,age_5,Older than 50,47.13740458015267,50.18867924528302,3.05127466513035
Mezzapelle1439,Mezzapelle1439:COMPENSATION:hyp3,age_5,Younger than 50,52.862595419847324,49.81132075471698,3.051274665130343
Mezzapelle1439,Mezzapelle1439:COMPENSATION:hyp3,EDUC4,College,37.02290076335878,40.0,2.977099236641223
Mezzapelle1439,Mezzapelle1439:COMPENSATION:hyp3,EDUC4,Non-College,62.97709923664122,60.0,2.977099236641223
Mezzapelle1439,Mezzapelle1439:COMPENSATION:hyp3,ideo_3,Conservative,12.69083969465649,11.761006289308176,0.9298334053483135
Mezzapelle1439,Mezzapelle1439:COMPENSATION:hyp3,ideo_3,Liberal,71.66030534351145,72.26415094339622,0.6038455998847638
Mezzapelle1439,Mezzapelle1439:COMPENSATION:hyp3,ideo_3,Moderate,13.740458015267176,15.974842767295597,2.2343847520284204
Mezzapelle1439,Mezzapelle1439:COMPENSATION:hyp3,ideo_3,__MISSING__,1.9083969465648856,0.0,1.9083969465648856
Mezzapelle1439,Mezzapelle1439:PERCEIVED HARM:hyp1,GENDER,Female,52.541567695962,53.20754716981132,0.665979473849319
Mezzapelle1439,Mezzapelle1439:PERCEIVED HARM:hyp1,GENDER,Male,47.458432304038006,46.79245283018868,0.6659794738493261
Mezzapelle1439,Mezzapelle1439:PERCEIVED HARM:hyp1,race_4,Black,11.54394299287411,14.779874213836477,3.2359312209623674
Mezzapelle1439,Mezzapelle1439:PERCEIVED HARM:hyp1,race_4,White,65.32066508313538,85.22012578616352,19.89946070302814
Mezzapelle1439,Mezzapelle1439:PERCEIVED HARM:hyp1,race_4,__MISSING__,23.135391923990497,0.0,23.135391923990497
Mezzapelle1439,Mezzapelle1439:PERCEIVED HARM:hyp1,pid_3,Democrat,48.07600950118765,48.61635220125786,0.5403427000702123
Mezzapelle1439,Mezzapelle1439:PERCEIVED HARM:hyp1,pid_3,Independent,16.24703087885986,13.522012578616351,2.7250183002435087
Mezzapelle1439,Mezzapelle1439:PERCEIVED HARM:hyp1,pid_3,Republican,35.34441805225653,37.86163522012579,2.517217167869262
Mezzapelle1439,Mezzapelle1439:PERCEIVED HARM:hyp1,pid_3,__MISSING__,0.332541567695962,0.0,0.332541567695962
Mezzapelle1439,Mezzapelle1439:PERCEIVED HARM:hyp1,age_5,Older than 50,46.650831353919244,50.18867924528302,3.537847891363775
Mezzapelle1439,Mezzapelle1439:PERCEIVED HARM:hyp1,age_5,Younger than 50,53.349168646080756,49.81132075471698,3.537847891363775
Mezzapelle1439,Mezzapelle1439:PERCEIVED HARM:hyp1,EDUC4,College,36.627078384798104,40.0,3.3729216152018964
Mezzapelle1439,Mezzapelle1439:PERCEIVED HARM:hyp1,EDUC4,Non-College,63.3729216152019,60.0,3.3729216152019035
Mezzapelle1439,Mezzapelle1439:PERCEIVED HARM:hyp1,ideo_3,Conservative,11.068883610451307,11.761006289308176,0.6921226788568688
Mezzapelle1439,Mezzapelle1439:PERCEIVED HARM:hyp1,ideo_3,Liberal,71.78147268408551,72.26415094339622,0.48267825931070263
Mezzapelle1439,Mezzapelle1439:PERCEIVED HARM:hyp1,ideo_3,Moderate,14.916864608076008,15.974842767295597,1.057978159219589
Mezzapelle1439,Mezzapelle1439:PERCEIVED HARM:hyp1,ideo_3,__MISSING__,2.2327790973871733,0.0,2.2327790973871733
Mezzapelle1439,Mezzapelle1439:PERCEIVED HARM:hyp2,GENDER,Female,52.541567695962,53.20754716981132,0.665979473849319
Mezzapelle1439,Mezzapelle1439:PERCEIVED HARM:hyp2,GENDER,Male,47.458432304038006,46.79245283018868,0.6659794738493261
Mezzapelle1439,Mezzapelle1439:PERCEIVED HARM:hyp2,race_4,Black,11.54394299287411,14.779874213836477,3.2359312209623674
Mezzapelle1439,Mezzapelle1439:PERCEIVED HARM:hyp2,race_4,White,65.32066508313538,85.22012578616352,19.89946070302814
Mezzapelle1439,Mezzapelle1439:PERCEIVED HARM:hyp2,race_4,__MISSING__,23.135391923990497,0.0,23.135391923990497
Mezzapelle1439,Mezzapelle1439:PERCEIVED HARM:hyp2,pid_3,Democrat,48.07600950118765,48.61635220125786,0.5403427000702123
Mezzapelle1439,Mezzapelle1439:PERCEIVED HARM:hyp2,pid_3,Independent,16.24703087885986,13.522012578616351,2.7250183002435087
Mezzapelle1439,Mezzapelle1439:PERCEIVED HARM:hyp2,pid_3,Republican,35.34441805225653,37.86163522012579,2.517217167869262
Mezzapelle1439,Mezzapelle1439:PERCEIVED HARM:hyp2,pid_3,__MISSING__,0.332541567695962,0.0,0.332541567695962
Mezzapelle1439,Mezzapelle1439:PERCEIVED HARM:hyp2,age_5,Older than 50,46.650831353919244,50.18867924528302,3.537847891363775
Mezzapelle1439,Mezzapelle1439:PERCEIVED HARM:hyp2,age_5,Younger than 50,53.349168646080756,49.81132075471698,3.537847891363775
Mezzapelle1439,Mezzapelle1439:PERCEIVED HARM:hyp2,EDUC4,College,36.627078384798104,40.0,3.3729216152018964
Mezzapelle1439,Mezzapelle1439:PERCEIVED HARM:hyp2,EDUC4,Non-College,63.3729216152019,60.0,3.3729216152019035
Mezzapelle1439,Mezzapelle1439:PERCEIVED HARM:hyp2,ideo_3,Conservative,11.068883610451307,11.761006289308176,0.6921226788568688
Mezzapelle1439,Mezzapelle1439:PERCEIVED HARM:hyp2,ideo_3,Liberal,71.78147268408551,72.26415094339622,0.48267825931070263
Mezzapelle1439,Mezzapelle1439:PERCEIVED HARM:hyp2,ideo_3,Moderate,14.916864608076008,15.974842767295597,1.057978159219589
Mezzapelle1439,Mezzapelle1439:PERCEIVED HARM:hyp2,ideo_3,__MISSING__,2.2327790973871733,0.0,2.2327790973871733
Mezzapelle1439,Mezzapelle1439:PERCEIVED HARM:hyp3,GENDER,Female,54.170661553211886,53.20754716981132,0.9631143834005655
Mezzapelle1439,Mezzapelle1439:PERCEIVED HARM:hyp3,GENDER,Male,45.82933844678811,46.79245283018868,0.9631143834005726
Mezzapelle1439,Mezzapelle1439:PERCEIVED HARM:hyp3,race_4,Black,11.217641418983701,14.779874213836477,3.5622327948527754
Mezzapelle1439,Mezzapelle1439:PERCEIVED HARM:hyp3,race_4,White,66.3470757430489,85.22012578616352,18.873050043114617
Mezzapelle1439,Mezzapelle1439:PERCEIVED HARM:hyp3,race_4,__MISSING__,22.435282837967403,0.0,22.435282837967403
Mezzapelle1439,Mezzapelle1439:PERCEIVED HARM:hyp3,pid_3,Democrat,46.308724832214764,48.61635220125786,2.3076273690430966
Mezzapelle1439,Mezzapelle1439:PERCEIVED HARM:hyp3,pid_3,Independent,15.723873441994247,13.522012578616351,2.2018608633778953
Mezzapelle1439,Mezzapelle1439:PERCEIVED HARM:hyp3,pid_3,Republican,37.488015340364335,37.86163522012579,0.3736198797614563
Mezzapelle1439,Mezzapelle1439:PERCEIVED HARM:hyp3,pid_3,__MISSING__,0.4793863854266539,0.0,0.4793863854266539
Mezzapelle1439,Mezzapelle1439:PERCEIVED HARM:hyp3,age_5,Older than 50,47.171620325982744,50.18867924528302,3.0170589193002755
Mezzapelle1439,Mezzapelle1439:PERCEIVED HARM:hyp3,age_5,Younger than 50,52.828379674017256,49.81132075471698,3.0170589193002755
Mezzapelle1439,Mezzapelle1439:PERCEIVED HARM:hyp3,EDUC4,College,37.00862895493768,40.0,2.9913710450623228
Mezzapelle1439,Mezzapelle1439:PERCEIVED HARM:hyp3,EDUC4,Non-College,62.991371045062316,60.0,2.9913710450623157
Mezzapelle1439,Mezzapelle1439:PERCEIVED HARM:hyp3,ideo_3,Conservative,12.751677852348994,11.761006289308176,0.9906715630408183
Mezzapelle1439,Mezzapelle1439:PERCEIVED HARM:hyp3,ideo_3,Liberal,71.52444870565677,72.26415094339622,0.7397022377394507
Mezzapelle1439,Mezzapelle1439:PERCEIVED HARM:hyp3,ideo_3,Moderate,13.806327900287632,15.974842767295597,2.168514867007964
Mezzapelle1439,Mezzapelle1439:PERCEIVED HARM:hyp3,ideo_3,__MISSING__,1.9175455417066156,0.0,1.9175455417066156
MunschS68,MunschS68:Morgan_Committed:hyp1,GENDER,Female,52.75813295615276,53.43383584589615,0.6757028897433912
MunschS68,MunschS68:Morgan_Committed:hyp1,GENDER,Male,47.24186704384724,46.56616415410385,0.6757028897433912
MunschS68,MunschS68:Morgan_Committed:hyp1,race_4,Black,10.466760961810467,12.73031825795645,2.263557296145983
MunschS68,MunschS68:Morgan_Committed:hyp1,race_4,White,68.03394625176803,87.26968174204355,19.235735490275516
MunschS68,MunschS68:Morgan_Committed:hyp1,race_4,__MISSING__,21.4992927864215,0.0,21.4992927864215
MunschS68,MunschS68:Morgan_Committed:hyp1,pid_3,Democrat,48.79773691654879,46.56616415410385,2.231572762444941
MunschS68,MunschS68:Morgan_Committed:hyp1,pid_3,Independent,11.881188118811881,11.892797319932999,0.011609201121117962
MunschS68,MunschS68:Morgan_Committed:hyp1,pid_3,Republican,39.038189533239034,41.541038525963145,2.502848992724111
MunschS68,MunschS68:Morgan_Committed:hyp1,pid_3,__MISSING__,0.2828854314002829,0.0,0.2828854314002829
MunschS68,MunschS68:Morgan_Committed:hyp1,age_5,Older than 50,50.495049504950494,55.61139028475712,5.116340779806627
MunschS68,MunschS68:Morgan_Committed:hyp1,age_5,Younger than 50,49.504950495049506,44.388609715242886,5.11634077980662
MunschS68,MunschS68:Morgan_Committed:hyp1,EDUC4,College,39.74540311173975,42.54606365159129,2.800660539851542
MunschS68,MunschS68:Morgan_Committed:hyp1,EDUC4,Non-College,60.25459688826026,57.45393634840871,2.800660539851549
MunschS68,MunschS68:Morgan_Committed:hyp1,ideo_3,Conservative,29.13719943422914,32.663316582914575,3.5261171486854366
MunschS68,MunschS68:Morgan_Committed:hyp1,ideo_3,Liberal,29.84441301272984,28.643216080402013,1.2011969323278286
MunschS68,MunschS68:Morgan_Committed:hyp1,ideo_3,Moderate,40.31117397454031,38.69346733668342,1.617706637856891
MunschS68,MunschS68:Morgan_Committed:hyp1,ideo_3,__MISSING__,0.7072135785007072,0.0,0.7072135785007072
SchaadS62,SchaadS62:still_identify:hyp1,GENDER,Female,52.274881516587676,52.80487804878049,0.5299965321928113
SchaadS62,SchaadS62:still_identify:hyp1,GENDER,Male,47.725118483412324,47.19512195121951,0.5299965321928113
SchaadS62,SchaadS62:still_identify:hyp1,race_4,Black,10.37914691943128,13.292682926829269,2.9135360073979886
SchaadS62,SchaadS62:still_identify:hyp1,race_4,White,67.44075829383887,86.70731707317073,19.26655877933186
SchaadS62,SchaadS62:still_identify:hyp1,race_4,__MISSING__,22.180094786729857,0.0,22.180094786729857
SchaadS62,SchaadS62:still_identify:hyp1,pid_3,Democrat,48.81516587677725,47.13414634146341,1.6810195353138369
SchaadS62,SchaadS62:still_identify:hyp1,pid_3,Independent,12.227488151658768,11.890243902439025,0.3372442492197436
SchaadS62,SchaadS62:still_identify:hyp1,pid_3,Republican,38.862559241706165,40.97560975609756,2.1130505143913965
SchaadS62,SchaadS62:still_identify:hyp1,pid_3,__MISSING__,0.09478672985781991,0.0,0.09478672985781991
SchaadS62,SchaadS62:still_identify:hyp1,age_5,Older than 50,51.23222748815166,56.40243902439024,5.1702115362385825
SchaadS62,SchaadS62:still_identify:hyp1,age_5,Younger than 50,48.76777251184834,43.59756097560975,5.17021153623859
SchaadS62,SchaadS62:still_identify:hyp1,EDUC4,College,39.57345971563981,41.951219512195124,2.377759796555317
SchaadS62,SchaadS62:still_identify:hyp1,EDUC4,Non-College,60.426540284360186,58.048780487804876,2.37775979655531
SchaadS62,SchaadS62:still_identify:hyp1,ideo_3,Conservative,31.090047393364927,32.86585365853659,1.77580626517166
SchaadS62,SchaadS62:still_identify:hyp1,ideo_3,Liberal,29.57345971563981,29.146341463414632,0.42711825222517774
SchaadS62,SchaadS62:still_identify:hyp1,ideo_3,Moderate,38.862559241706165,37.98780487804878,0.874754363657388
SchaadS62,SchaadS62:still_identify:hyp1,ideo_3,__MISSING__,0.47393364928909953,0.0,0.47393364928909953
SchaadS62,SchaadS62:still_identify:hyp2,GENDER,Female,52.274881516587676,52.80487804878049,0.5299965321928113
SchaadS62,SchaadS62:still_identify:hyp2,GENDER,Male,47.725118483412324,47.19512195121951,0.5299965321928113
SchaadS62,SchaadS62:still_identify:hyp2,race_4,Black,10.37914691943128,13.292682926829269,2.9135360073979886
SchaadS62,SchaadS62:still_identify:hyp2,race_4,White,67.44075829383887,86.70731707317073,19.26655877933186
SchaadS62,SchaadS62:still_identify:hyp2,race_4,__MISSING__,22.180094786729857,0.0,22.180094786729857
SchaadS62,SchaadS62:still_identify:hyp2,pid_3,Democrat,48.81516587677725,47.13414634146341,1.6810195353138369
SchaadS62,SchaadS62:still_identify:hyp2,pid_3,Independent,12.227488151658768,11.890243902439025,0.3372442492197436
SchaadS62,SchaadS62:still_identify:hyp2,pid_3,Republican,38.862559241706165,40.97560975609756,2.1130505143913965
SchaadS62,SchaadS62:still_identify:hyp2,pid_3,__MISSING__,0.09478672985781991,0.0,0.09478672985781991
SchaadS62,SchaadS62:still_identify:hyp2,age_5,Older than 50,51.23222748815166,56.40243902439024,5.1702115362385825
SchaadS62,SchaadS62:still_identify:hyp2,age_5,Younger than 50,48.76777251184834,43.59756097560975,5.17021153623859
SchaadS62,SchaadS62:still_identify:hyp2,EDUC4,College,39.57345971563981,41.951219512195124,2.377759796555317
SchaadS62,SchaadS62:still_identify:hyp2,EDUC4,Non-College,60.426540284360186,58.048780487804876,2.37775979655531
SchaadS62,SchaadS62:still_identify:hyp2,ideo_3,Conservative,31.090047393364927,32.86585365853659,1.77580626517166
SchaadS62,SchaadS62:still_identify:hyp2,ideo_3,Liberal,29.57345971563981,29.146341463414632,0.42711825222517774
SchaadS62,SchaadS62:still_identify:hyp2,ideo_3,Moderate,38.862559241706165,37.98780487804878,0.874754363657388
SchaadS62,SchaadS62:still_identify:hyp2,ideo_3,__MISSING__,0.47393364928909953,0.0,0.47393364928909953
SchaadS62,SchaadS62:still_identify:hyp3,GENDER,Female,52.274881516587676,52.80487804878049,0.5299965321928113
SchaadS62,SchaadS62:still_identify:hyp3,GENDER,Male,47.725118483412324,47.19512195121951,0.5299965321928113
SchaadS62,SchaadS62:still_identify:hyp3,race_4,Black,10.37914691943128,13.292682926829269,2.9135360073979886
SchaadS62,SchaadS62:still_identify:hyp3,race_4,White,67.44075829383887,86.70731707317073,19.26655877933186
SchaadS62,SchaadS62:still_identify:hyp3,race_4,__MISSING__,22.180094786729857,0.0,22.180094786729857
SchaadS62,SchaadS62:still_identify:hyp3,pid_3,Democrat,48.81516587677725,47.13414634146341,1.6810195353138369
SchaadS62,SchaadS62:still_identify:hyp3,pid_3,Independent,12.227488151658768,11.890243902439025,0.3372442492197436
SchaadS62,SchaadS62:still_identify:hyp3,pid_3,Republican,38.862559241706165,40.97560975609756,2.1130505143913965
SchaadS62,SchaadS62:still_identify:hyp3,pid_3,__MISSING__,0.09478672985781991,0.0,0.09478672985781991
SchaadS62,SchaadS62:still_identify:hyp3,age_5,Older than 50,51.23222748815166,56.40243902439024,5.1702115362385825
SchaadS62,SchaadS62:still_identify:hyp3,age_5,Younger than 50,48.76777251184834,43.59756097560975,5.17021153623859
SchaadS62,SchaadS62:still_identify:hyp3,EDUC4,College,39.57345971563981,41.951219512195124,2.377759796555317
SchaadS62,SchaadS62:still_identify:hyp3,EDUC4,Non-College,60.426540284360186,58.048780487804876,2.37775979655531
SchaadS62,SchaadS62:still_identify:hyp3,ideo_3,Conservative,31.090047393364927,32.86585365853659,1.77580626517166
SchaadS62,SchaadS62:still_identify:hyp3,ideo_3,Liberal,29.57345971563981,29.146341463414632,0.42711825222517774
SchaadS62,SchaadS62:still_identify:hyp3,ideo_3,Moderate,38.862559241706165,37.98780487804878,0.874754363657388
SchaadS62,SchaadS62:still_identify:hyp3,ideo_3,__MISSING__,0.47393364928909953,0.0,0.47393364928909953
Schnabel903,Schnabel903:Feminine:hyp1,GENDER,Female,53.714493809176986,53.18818040435459,0.5263134048223961
Schnabel903,Schnabel903:Feminine:hyp1,GENDER,Male,46.285506190823014,46.81181959564541,0.5263134048223961
Schnabel903,Schnabel903:Feminine:hyp1,race_4,Black,9.868900218499636,11.508553654743391,1.639653436243755
Schnabel903,Schnabel903:Feminine:hyp1,race_4,White,68.09905316824472,88.4914463452566,20.392393177011883
Schnabel903,Schnabel903:Feminine:hyp1,race_4,__MISSING__,22.032046613255645,0.0,22.032046613255645
Schnabel903,Schnabel903:Feminine:hyp1,pid_3,Democrat,61.762563729060446,60.756868843960596,1.0056948850998495
Schnabel903,Schnabel903:Feminine:hyp1,pid_3,Independent,3.8965768390386013,3.21410057024365,0.6824762687949515
Schnabel903,Schnabel903:Feminine:hyp1,pid_3,Republican,34.340859431900945,36.02903058579575,1.6881711538948068
Schnabel903,Schnabel903:Feminine:hyp1,age_5,Older than 50,43.809176984705026,51.73665111456713,7.927474129862105
Schnabel903,Schnabel903:Feminine:hyp1,age_5,Younger than 50,56.190823015294974,48.26334888543287,7.927474129862105
Schnabel903,Schnabel903:Feminine:hyp1,EDUC4,College,37.836853605243995,44.47900466562986,6.642151060385864
Schnabel903,Schnabel903:Feminine:hyp1,EDUC4,Non-College,62.163146394756005,55.52099533437014,6.642151060385864
Schnabel903,Schnabel903:Feminine:hyp1,ideo_3,Conservative,26.620538965768393,30.84499740798341,4.224458442215017
Schnabel903,Schnabel903:Feminine:hyp1,ideo_3,Liberal,37.39985433357611,43.18299637117677,5.783142037600662
Schnabel903,Schnabel903:Feminine:hyp1,ideo_3,Moderate,23.306627822286963,25.972006220839816,2.6653783985528534
Schnabel903,Schnabel903:Feminine:hyp1,ideo_3,__MISSING__,12.672978878368536,0.0,12.672978878368536
Schnabel903,Schnabel903:Masculine:hyp1,GENDER,Female,53.61423901198692,53.18818040435459,0.42605860763232783
Schnabel903,Schnabel903:Masculine:hyp1,GENDER,Male,46.385760988013075,46.81181959564541,0.42605860763233494
Schnabel903,Schnabel903:Masculine:hyp1,race_4,Black,9.916454776607338,11.508553654743391,1.5920988781360528
Schnabel903,Schnabel903:Masculine:hyp1,race_4,White,68.18016709044679,88.4914463452566,20.31127925480982
Schnabel903,Schnabel903:Masculine:hyp1,race_4,__MISSING__,21.90337813294588,0.0,21.90337813294588
Schnabel903,Schnabel903:Masculine:hyp1,pid_3,Democrat,62.07773338176534,60.756868843960596,1.320864537804745
Schnabel903,Schnabel903:Masculine:hyp1,pid_3,Independent,3.8503450780966215,3.21410057024365,0.6362445078529717
Schnabel903,Schnabel903:Masculine:hyp1,pid_3,Republican,34.071921540138035,36.02903058579575,1.9571090456577167
Schnabel903,Schnabel903:Masculine:hyp1,age_5,Older than 50,43.77043225572103,51.73665111456713,7.966218858846098
Schnabel903,Schnabel903:Masculine:hyp1,age_5,Younger than 50,56.22956774427897,48.26334888543287,7.966218858846098
Schnabel903,Schnabel903:Masculine:hyp1,EDUC4,College,38.03123864874682,44.47900466562986,6.447766016883037
Schnabel903,Schnabel903:Masculine:hyp1,EDUC4,Non-College,61.96876135125318,55.52099533437014,6.447766016883037
Schnabel903,Schnabel903:Masculine:hyp1,ideo_3,Conservative,26.262259353432622,30.84499740798341,4.582738054550788
Schnabel903,Schnabel903:Masculine:hyp1,ideo_3,Liberal,37.5227025063567,43.18299637117677,5.660293864820069
Schnabel903,Schnabel903:Masculine:hyp1,ideo_3,Moderate,23.57428260079913,25.972006220839816,2.3977236200406864
Schnabel903,Schnabel903:Masculine:hyp1,ideo_3,__MISSING__,12.640755539411552,0.0,12.640755539411552
ShannonS2,ShannonS2:tax credit effective:hyp1,GENDER,Female,53.79061371841155,53.8560411311054,0.06542741269385033
ShannonS2,ShannonS2:tax credit effective:hyp1,GENDER,Male,46.20938628158845,46.1439588688946,0.06542741269385033
ShannonS2,ShannonS2:tax credit effective:hyp1,race_4,Black,10.709987966305656,10.154241645244216,0.5557463210614397
ShannonS2,ShannonS2:tax credit effective:hyp1,race_4,White,68.83273164861613,89.84575835475579,21.013026706139655
ShannonS2,ShannonS2:tax credit effective:hyp1,race_4,__MISSING__,20.45728038507822,0.0,20.45728038507822
ShannonS2,ShannonS2:tax credit effective:hyp1,pid_3,Democrat,33.45367027677497,40.29562982005142,6.841959543276445
ShannonS2,ShannonS2:tax credit effective:hyp1,pid_3,Independent,12.274368231046932,13.174807197943444,0.9004389668965125
ShannonS2,ShannonS2:tax credit effective:hyp1,pid_3,Republican,33.57400722021661,46.52956298200514,12.955555761788531
ShannonS2,ShannonS2:tax credit effective:hyp1,pid_3,__MISSING__,20.697954271961493,0.0,20.697954271961493
ShannonS2,ShannonS2:tax credit effective:hyp1,age_5,Older than 50,49.939831528279186,57.58354755784062,7.643716029561432
ShannonS2,ShannonS2:tax credit effective:hyp1,age_5,Younger than 50,50.06016847172082,42.41645244215938,7.643716029561439
ShannonS2,ShannonS2:tax credit effective:hyp1,EDUC4,College,35.619735258724425,39.0745501285347,3.454814869810278
ShannonS2,ShannonS2:tax credit effective:hyp1,EDUC4,Non-College,64.38026474127557,60.9254498714653,3.4548148698102707
ShannonS2,ShannonS2:tax credit effective:hyp1,ideo_3,Conservative,23.104693140794225,34.25449871465296,11.149805573858735
ShannonS2,ShannonS2:tax credit effective:hyp1,ideo_3,Liberal,16.24548736462094,21.7866323907455,5.5411450261245605
ShannonS2,ShannonS2:tax credit effective:hyp1,ideo_3,Moderate,37.18411552346571,43.958868894601544,6.774753371135837
ShannonS2,ShannonS2:tax credit effective:hyp1,ideo_3,__MISSING__,23.465703971119133,0.0,23.465703971119133
ShannonS2,ShannonS2:tax credit effective:hyp2,GENDER,Female,55.172413793103445,53.8560411311054,1.3163726619980451
ShannonS2,ShannonS2:tax credit effective:hyp2,GENDER,Male,44.827586206896555,46.1439588688946,1.3163726619980451
ShannonS2,ShannonS2:tax credit effective:hyp2,race_4,Black,9.988109393579073,10.154241645244216,0.16613225166514312
ShannonS2,ShannonS2:tax credit effective:hyp2,race_4,White,68.6087990487515,89.84575835475579,21.236959306004294
ShannonS2,ShannonS2:tax credit effective:hyp2,race_4,__MISSING__,21.40309155766944,0.0,21.40309155766944
ShannonS2,ShannonS2:tax credit effective:hyp2,pid_3,Democrat,33.41260404280618,40.29562982005142,6.883025777245237
ShannonS2,ShannonS2:tax credit effective:hyp2,pid_3,Independent,12.366230677764566,13.174807197943444,0.8085765201788782
ShannonS2,ShannonS2:tax credit effective:hyp2,pid_3,Republican,32.342449464922716,46.52956298200514,14.187113517082423
ShannonS2,ShannonS2:tax credit effective:hyp2,pid_3,__MISSING__,21.87871581450654,0.0,21.87871581450654
ShannonS2,ShannonS2:tax credit effective:hyp2,age_5,Older than 50,48.75148632580262,57.58354755784062,8.832061232038
ShannonS2,ShannonS2:tax credit effective:hyp2,age_5,Younger than 50,51.24851367419738,42.41645244215938,8.832061232038
ShannonS2,ShannonS2:tax credit effective:hyp2,EDUC4,College,31.866825208085615,39.0745501285347,7.207724920449088
ShannonS2,ShannonS2:tax credit effective:hyp2,EDUC4,Non-College,68.13317479191439,60.9254498714653,7.207724920449088
ShannonS2,ShannonS2:tax credit effective:hyp2,ideo_3,Conservative,25.208085612366233,34.25449871465296,9.046413102286728
ShannonS2,ShannonS2:tax credit effective:hyp2,ideo_3,Liberal,15.338882282996433,21.7866323907455,6.447750107749066
ShannonS2,ShannonS2:tax credit effective:hyp2,ideo_3,Moderate,33.769322235434004,43.958868894601544,10.18954665916754
ShannonS2,ShannonS2:tax credit effective:hyp2,ideo_3,__MISSING__,25.68370986920333,0.0,25.68370986920333
ShannonS2,ShannonS2:tax credit effective:hyp3,GENDER,Female,54.8854041013269,53.8560411311054,1.0293629702214986
ShannonS2,ShannonS2:tax credit effective:hyp3,GENDER,Male,45.1145958986731,46.1439588688946,1.0293629702214986
ShannonS2,ShannonS2:tax credit effective:hyp3,race_4,Black,9.891435464414958,10.154241645244216,0.26280618082925855
ShannonS2,ShannonS2:tax credit effective:hyp3,race_4,White,68.87816646562122,89.84575835475579,20.967591889134567
ShannonS2,ShannonS2:tax credit effective:hyp3,race_4,__MISSING__,21.23039806996381,0.0,21.23039806996381
ShannonS2,ShannonS2:tax credit effective:hyp3,pid_3,Democrat,33.47406513872135,40.29562982005142,6.8215646813300665
ShannonS2,ShannonS2:tax credit effective:hyp3,pid_3,Independent,12.484921592279855,13.174807197943444,0.6898856056635889
ShannonS2,ShannonS2:tax credit effective:hyp3,pid_3,Republican,33.35343787696019,46.52956298200514,13.176125105044946
ShannonS2,ShannonS2:tax credit effective:hyp3,pid_3,__MISSING__,20.6875753920386,0.0,20.6875753920386
ShannonS2,ShannonS2:tax credit effective:hyp3,age_5,Older than 50,48.431845597104946,57.58354755784062,9.151701960735672
ShannonS2,ShannonS2:tax credit effective:hyp3,age_5,Younger than 50,51.56815440289505,42.41645244215938,9.151701960735664
ShannonS2,ShannonS2:tax credit effective:hyp3,EDUC4,College,34.25814234016888,39.0745501285347,4.816407788365822
ShannonS2,ShannonS2:tax credit effective:hyp3,EDUC4,Non-College,65.74185765983113,60.9254498714653,4.816407788365829
ShannonS2,ShannonS2:tax credit effective:hyp3,ideo_3,Conservative,24.788902291917974,34.25449871465296,9.465596422734986
ShannonS2,ShannonS2:tax credit effective:hyp3,ideo_3,Liberal,17.008443908323283,21.7866323907455,4.778188482422216
ShannonS2,ShannonS2:tax credit effective:hyp3,ideo_3,Moderate,33.59469240048251,43.958868894601544,10.364176494119036
ShannonS2,ShannonS2:tax credit effective:hyp3,ideo_3,__MISSING__,24.60796139927624,0.0,24.60796139927624
Silverman1035,Silverman1035:Americans_Killed:hyp1,GENDER,Female,52.58814703675919,52.705410821643284,0.11726378488409495
Silverman1035,Silverman1035:Americans_Killed:hyp1,GENDER,Male,47.41185296324081,47.29458917835671,0.11726378488410205
Silverman1035,Silverman1035:Americans_Killed:hyp1,race_4,Black,12.07801950487622,14.729458917835672,2.6514394129594514
Silverman1035,Silverman1035:Americans_Killed:hyp1,race_4,White,66.24156039009752,85.27054108216433,19.02898069206681
Silverman1035,Silverman1035:Americans_Killed:hyp1,race_4,__MISSING__,21.680420105026258,0.0,21.680420105026258
Silverman1035,Silverman1035:Americans_Killed:hyp1,pid_3,Democrat,48.837209302325576,47.69539078156313,1.141818520762449
Silverman1035,Silverman1035:Americans_Killed:hyp1,pid_3,Independent,15.9039759939985,13.026052104208416,2.8779238897900843
Silverman1035,Silverman1035:Americans_Killed:hyp1,pid_3,Republican,35.25881470367592,39.278557114228455,4.019742410552539
Silverman1035,Silverman1035:Americans_Killed:hyp1,age_5,Older than 50,50.862715678919734,57.71543086172345,6.852715182803713
Silverman1035,Silverman1035:Americans_Killed:hyp1,age_5,Younger than 50,49.13728432108027,42.28456913827655,6.8527151828037205
Silverman1035,Silverman1035:Americans_Killed:hyp1,EDUC4,College,30.90772693173293,32.86573146292585,1.9580045311929197
Silverman1035,Silverman1035:Americans_Killed:hyp1,EDUC4,Non-College,69.09227306826706,67.13426853707415,1.9580045311929126
Silverman1035,Silverman1035:Americans_Killed:hyp1,ideo_3,Conservative,18.454613653413354,21.24248496993988,2.7878713165265268
Silverman1035,Silverman1035:Americans_Killed:hyp1,ideo_3,Liberal,61.14028507126782,63.727454909819635,2.587169838551816
Silverman1035,Silverman1035:Americans_Killed:hyp1,ideo_3,Moderate,14.253563390847713,15.030060120240481,0.7764967293927683
Silverman1035,Silverman1035:Americans_Killed:hyp1,ideo_3,__MISSING__,6.151537884471118,0.0,6.151537884471118
Silverman1035,Silverman1035:Americans_Killed:hyp2,GENDER,Female,53.494874184529365,52.705410821643284,0.7894633628860817
Silverman1035,Silverman1035:Americans_Killed:hyp2,GENDER,Male,46.50512581547064,47.29458917835671,0.7894633628860674
Silverman1035,Silverman1035:Americans_Killed:hyp2,race_4,Black,12.208760484622553,14.729458917835672,2.520698433213118
Silverman1035,Silverman1035:Americans_Killed:hyp2,race_4,White,65.61043802423113,85.27054108216433,19.6601030579332
Silverman1035,Silverman1035:Americans_Killed:hyp2,race_4,__MISSING__,22.18080149114632,0.0,22.18080149114632
Silverman1035,Silverman1035:Americans_Killed:hyp2,pid_3,Democrat,49.20782851817334,47.69539078156313,1.5124377366102166
Silverman1035,Silverman1035:Americans_Killed:hyp2,pid_3,Independent,16.216216216216218,13.026052104208416,3.1901641120078015
Silverman1035,Silverman1035:Americans_Killed:hyp2,pid_3,Republican,34.57595526561044,39.278557114228455,4.702601848618016
Silverman1035,Silverman1035:Americans_Killed:hyp2,age_5,Older than 50,51.25815470643057,57.71543086172345,6.457276155292881
Silverman1035,Silverman1035:Americans_Killed:hyp2,age_5,Younger than 50,48.74184529356943,42.28456913827655,6.457276155292881
Silverman1035,Silverman1035:Americans_Killed:hyp2,EDUC4,College,30.848089468779122,32.86573146292585,2.0176419941467287
Silverman1035,Silverman1035:Americans_Killed:hyp2,EDUC4,Non-College,69.15191053122088,67.13426853707415,2.0176419941467287
Silverman1035,Silverman1035:Americans_Killed:hyp2,ideo_3,Conservative,18.173345759552657,21.24248496993988,3.069139210387224
Silverman1035,Silverman1035:Americans_Killed:hyp2,ideo_3,Liberal,60.764212488350424,63.727454909819635,2.963242421469211
Silverman1035,Silverman1035:Americans_Killed:hyp2,ideo_3,Moderate,15.00465983224604,15.030060120240481,0.02540028799444194
Silverman1035,Silverman1035:Americans_Killed:hyp2,ideo_3,__MISSING__,6.0577819198508855,0.0,6.0577819198508855
Silverman1035,Silverman1035:Americans_Killed:hyp3,GENDER,Female,55.473098330241186,52.705410821643284,2.767687508597902
Silverman1035,Silverman1035:Americans_Killed:hyp3,GENDER,Male,44.526901669758814,47.29458917835671,2.767687508597895
Silverman1035,Silverman1035:Americans_Killed:hyp3,race_4,Black,11.688311688311687,14.729458917835672,3.0411472295239843
Silverman1035,Silverman1035:Americans_Killed:hyp3,race_4,White,66.60482374768088,85.27054108216433,18.665717334483446
Silverman1035,Silverman1035:Americans_Killed:hyp3,race_4,__MISSING__,21.70686456400742,0.0,21.70686456400742
Silverman1035,Silverman1035:Americans_Killed:hyp3,pid_3,Democrat,52.319109461966605,47.69539078156313,4.623718680403478
Silverman1035,Silverman1035:Americans_Killed:hyp3,pid_3,Independent,14.285714285714285,13.026052104208416,1.2596621815058686
Silverman1035,Silverman1035:Americans_Killed:hyp3,pid_3,Republican,33.39517625231911,39.278557114228455,5.883380861909345
Silverman1035,Silverman1035:Americans_Killed:hyp3,age_5,Older than 50,52.875695732838594,57.71543086172345,4.839735128884854
Silverman1035,Silverman1035:Americans_Killed:hyp3,age_5,Younger than 50,47.124304267161406,42.28456913827655,4.839735128884854
Silverman1035,Silverman1035:Americans_Killed:hyp3,EDUC4,College,30.241187384044526,32.86573146292585,2.624544078881325
Silverman1035,Silverman1035:Americans_Killed:hyp3,EDUC4,Non-College,69.75881261595546,67.13426853707415,2.624544078881314
Silverman1035,Silverman1035:Americans_Killed:hyp3,ideo_3,Conservative,15.398886827458256,21.24248496993988,5.843598142481625
Silverman1035,Silverman1035:Americans_Killed:hyp3,ideo_3,Liberal,64.93506493506493,63.727454909819635,1.2076100252452946
Silverman1035,Silverman1035:Americans_Killed:hyp3,ideo_3,Moderate,14.471243042671613,15.030060120240481,0.5588170775688681
Silverman1035,Silverman1035:Americans_Killed:hyp3,ideo_3,__MISSING__,5.194805194805195,0.0,5.194805194805195
Silverman1035,Silverman1035:Americans_Killed:hyp4,GENDER,Female,53.65384615384615,52.705410821643284,0.9484353322028696
Silverman1035,Silverman1035:Americans_Killed:hyp4,GENDER,Male,46.34615384615385,47.29458917835671,0.9484353322028625
Silverman1035,Silverman1035:Americans_Killed:hyp4,race_4,Black,12.884615384615383,14.729458917835672,1.8448435332202884
Silverman1035,Silverman1035:Americans_Killed:hyp4,race_4,White,65.1923076923077,85.27054108216433,20.078233389856635
Silverman1035,Silverman1035:Americans_Killed:hyp4,race_4,__MISSING__,21.923076923076923,0.0,21.923076923076923
Silverman1035,Silverman1035:Americans_Killed:hyp4,pid_3,Democrat,48.46153846153846,47.69539078156313,0.7661476799753331
Silverman1035,Silverman1035:Americans_Killed:hyp4,pid_3,Independent,17.5,13.026052104208416,4.473947895791584
Silverman1035,Silverman1035:Americans_Killed:hyp4,pid_3,Republican,34.03846153846154,39.278557114228455,5.240095575766915
Silverman1035,Silverman1035:Americans_Killed:hyp4,age_5,Older than 50,51.153846153846146,57.71543086172345,6.5615847078773015
Silverman1035,Silverman1035:Americans_Killed:hyp4,age_5,Younger than 50,48.84615384615385,42.28456913827655,6.561584707877294
Silverman1035,Silverman1035:Americans_Killed:hyp4,EDUC4,College,27.307692307692307,32.86573146292585,5.558039155233544
Silverman1035,Silverman1035:Americans_Killed:hyp4,EDUC4,Non-College,72.6923076923077,67.13426853707415,5.558039155233544
Silverman1035,Silverman1035:Americans_Killed:hyp4,ideo_3,Conservative,21.153846153846153,21.24248496993988,0.08863881609372726
Silverman1035,Silverman1035:Americans_Killed:hyp4,ideo_3,Liberal,57.49999999999999,63.727454909819635,6.227454909819642
Silverman1035,Silverman1035:Americans_Killed:hyp4,ideo_3,Moderate,15.0,15.030060120240481,0.030060120240481325
Silverman1035,Silverman1035:Americans_Killed:hyp4,ideo_3,__MISSING__,6.346153846153846,0.0,6.346153846153846
Silverman1035,Silverman1035:Terrorism_likely:hyp1,GENDER,Female,52.43243243243243,52.705410821643284,0.2729783892108557
Silverman1035,Silverman1035:Terrorism_likely:hyp1,GENDER,Male,47.56756756756757,47.29458917835671,0.2729783892108628
Silverman1035,Silverman1035:Terrorism_likely:hyp1,race_4,Black,11.274131274131275,14.729458917835672,3.455327643704397
Silverman1035,Silverman1035:Terrorism_likely:hyp1,race_4,White,66.87258687258687,85.27054108216433,18.397954209577463
Silverman1035,Silverman1035:Terrorism_likely:hyp1,race_4,__MISSING__,21.853281853281853,0.0,21.853281853281853
Silverman1035,Silverman1035:Terrorism_likely:hyp1,pid_3,Democrat,48.33976833976834,47.69539078156313,0.644377558205214
Silverman1035,Silverman1035:Terrorism_likely:hyp1,pid_3,Independent,15.907335907335906,13.026052104208416,2.8812838031274897
Silverman1035,Silverman1035:Terrorism_likely:hyp1,pid_3,Republican,35.75289575289575,39.278557114228455,3.525661361332702
Silverman1035,Silverman1035:Terrorism_likely:hyp1,age_5,Older than 50,51.35135135135135,57.71543086172345,6.3640795103721
Silverman1035,Silverman1035:Terrorism_likely:hyp1,age_5,Younger than 50,48.64864864864865,42.28456913827655,6.3640795103721
Silverman1035,Silverman1035:Terrorism_likely:hyp1,EDUC4,College,31.27413127413127,32.86573146292585,1.5916001887945797
Silverman1035,Silverman1035:Terrorism_likely:hyp1,EDUC4,Non-College,68.72586872586872,67.13426853707415,1.5916001887945725
Silverman1035,Silverman1035:Terrorism_likely:hyp1,ideo_3,Conservative,18.53281853281853,21.24248496993988,2.7096664371213492
Silverman1035,Silverman1035:Terrorism_likely:hyp1,ideo_3,Liberal,61.15830115830116,63.727454909819635,2.5691537515184777
Silverman1035,Silverman1035:Terrorism_likely:hyp1,ideo_3,Moderate,14.362934362934363,15.030060120240481,0.6671257573061187
Silverman1035,Silverman1035:Terrorism_likely:hyp1,ideo_3,__MISSING__,5.9459459459459465,0.0,5.9459459459459465
Silverman1035,Silverman1035:Terrorism_likely:hyp2,GENDER,Female,53.397129186602875,52.705410821643284,0.6917183649595913
Silverman1035,Silverman1035:Terrorism_likely:hyp2,GENDER,Male,46.60287081339713,47.29458917835671,0.6917183649595771
Silverman1035,Silverman1035:Terrorism_likely:hyp2,race_4,Black,11.483253588516746,14.729458917835672,3.2462053293189257
Silverman1035,Silverman1035:Terrorism_likely:hyp2,race_4,White,66.3157894736842,85.27054108216433,18.954751608480123
Silverman1035,Silverman1035:Terrorism_likely:hyp2,race_4,__MISSING__,22.20095693779904,0.0,22.20095693779904
Silverman1035,Silverman1035:Terrorism_likely:hyp2,pid_3,Democrat,48.61244019138756,47.69539078156313,0.9170494098244362
Silverman1035,Silverman1035:Terrorism_likely:hyp2,pid_3,Independent,16.076555023923444,13.026052104208416,3.0505029197150275
Silverman1035,Silverman1035:Terrorism_likely:hyp2,pid_3,Republican,35.31100478468899,39.278557114228455,3.9675523295394655
Silverman1035,Silverman1035:Terrorism_likely:hyp2,age_5,Older than 50,51.770334928229666,57.71543086172345,5.945095933493782
Silverman1035,Silverman1035:Terrorism_likely:hyp2,age_5,Younger than 50,48.229665071770334,42.28456913827655,5.945095933493782
Silverman1035,Silverman1035:Terrorism_likely:hyp2,EDUC4,College,31.100478468899524,32.86573146292585,1.7652529940263264
Silverman1035,Silverman1035:Terrorism_likely:hyp2,EDUC4,Non-College,68.89952153110048,67.13426853707415,1.7652529940263264
Silverman1035,Silverman1035:Terrorism_likely:hyp2,ideo_3,Conservative,18.277511961722485,21.24248496993988,2.9649730082173953
Silverman1035,Silverman1035:Terrorism_likely:hyp2,ideo_3,Liberal,60.76555023923444,63.727454909819635,2.9619046705851915
Silverman1035,Silverman1035:Terrorism_likely:hyp2,ideo_3,Moderate,15.21531100478469,15.030060120240481,0.18525088454420846
Silverman1035,Silverman1035:Terrorism_likely:hyp2,ideo_3,__MISSING__,5.741626794258373,0.0,5.741626794258373
Silverman1035,Silverman1035:Terrorism_likely:hyp3,GENDER,Female,55.25812619502868,52.705410821643284,2.5527153733853964
Silverman1035,Silverman1035:Terrorism_likely:hyp3,GENDER,Male,44.74187380497132,47.29458917835671,2.5527153733853893
Silverman1035,Silverman1035:Terrorism_likely:hyp3,race_4,Black,10.89866156787763,14.729458917835672,3.8307973499580417
Silverman1035,Silverman1035:Terrorism_likely:hyp3,race_4,White,67.49521988527725,85.27054108216433,17.775321196887077
Silverman1035,Silverman1035:Terrorism_likely:hyp3,race_4,__MISSING__,21.606118546845124,0.0,21.606118546845124
Silverman1035,Silverman1035:Terrorism_likely:hyp3,pid_3,Democrat,51.816443594646266,47.69539078156313,4.121052813083139
Silverman1035,Silverman1035:Terrorism_likely:hyp3,pid_3,Independent,14.149139579349903,13.026052104208416,1.123087475141487
Silverman1035,Silverman1035:Terrorism_likely:hyp3,pid_3,Republican,34.03441682600382,39.278557114228455,5.244140288224635
Silverman1035,Silverman1035:Terrorism_likely:hyp3,age_5,Older than 50,52.96367112810707,57.71543086172345,4.751759733616375
Silverman1035,Silverman1035:Terrorism_likely:hyp3,age_5,Younger than 50,47.03632887189293,42.28456913827655,4.751759733616375
Silverman1035,Silverman1035:Terrorism_likely:hyp3,EDUC4,College,30.401529636711285,32.86573146292585,2.464201826214566
Silverman1035,Silverman1035:Terrorism_likely:hyp3,EDUC4,Non-College,69.59847036328873,67.13426853707415,2.464201826214577
Silverman1035,Silverman1035:Terrorism_likely:hyp3,ideo_3,Conservative,15.296367112810708,21.24248496993988,5.946117857129172
Silverman1035,Silverman1035:Terrorism_likely:hyp3,ideo_3,Liberal,65.00956022944551,63.727454909819635,1.2821053196258774
Silverman1035,Silverman1035:Terrorism_likely:hyp3,ideo_3,Moderate,14.531548757170173,15.030060120240481,0.49851136307030863
Silverman1035,Silverman1035:Terrorism_likely:hyp3,ideo_3,__MISSING__,5.162523900573614,0.0,5.162523900573614
Silverman1035,Silverman1035:Terrorism_likely:hyp4,GENDER,Female,53.18725099601593,52.705410821643284,0.4818401743726497
Silverman1035,Silverman1035:Terrorism_likely:hyp4,GENDER,Male,46.81274900398406,47.29458917835671,0.4818401743726497
Silverman1035,Silverman1035:Terrorism_likely:hyp4,race_4,Black,11.752988047808765,14.729458917835672,2.9764708700269065
Silverman1035,Silverman1035:Terrorism_likely:hyp4,race_4,White,66.13545816733067,85.27054108216433,19.13508291483366
Silverman1035,Silverman1035:Terrorism_likely:hyp4,race_4,__MISSING__,22.111553784860558,0.0,22.111553784860558
Silverman1035,Silverman1035:Terrorism_likely:hyp4,pid_3,Democrat,48.007968127490045,47.69539078156313,0.3125773459269183
Silverman1035,Silverman1035:Terrorism_likely:hyp4,pid_3,Independent,16.93227091633466,13.026052104208416,3.9062188121262427
Silverman1035,Silverman1035:Terrorism_likely:hyp4,pid_3,Republican,35.0597609561753,39.278557114228455,4.218796158053152
Silverman1035,Silverman1035:Terrorism_likely:hyp4,age_5,Older than 50,52.191235059760956,57.71543086172345,5.524195801962492
Silverman1035,Silverman1035:Terrorism_likely:hyp4,age_5,Younger than 50,47.808764940239044,42.28456913827655,5.524195801962492
Silverman1035,Silverman1035:Terrorism_likely:hyp4,EDUC4,College,27.689243027888445,32.86573146292585,5.176488435037406
Silverman1035,Silverman1035:Terrorism_likely:hyp4,EDUC4,Non-College,72.31075697211156,67.13426853707415,5.176488435037413
Silverman1035,Silverman1035:Terrorism_likely:hyp4,ideo_3,Conservative,21.314741035856574,21.24248496993988,0.07225606591669376
Silverman1035,Silverman1035:Terrorism_likely:hyp4,ideo_3,Liberal,57.56972111553785,63.727454909819635,6.157733794281782
Silverman1035,Silverman1035:Terrorism_likely:hyp4,ideo_3,Moderate,15.338645418326694,15.030060120240481,0.3085852980862125
Silverman1035,Silverman1035:Terrorism_likely:hyp4,ideo_3,__MISSING__,5.776892430278884,0.0,5.776892430278884
Silverman1035,Silverman1035:Terrorism_worry:hyp1,GENDER,Female,52.46025738077215,52.705410821643284,0.24515344087113533
Silverman1035,Silverman1035:Terrorism_worry:hyp1,GENDER,Male,47.53974261922786,47.29458917835671,0.24515344087114954
Silverman1035,Silverman1035:Terrorism_worry:hyp1,race_4,Black,11.809235427706282,14.729458917835672,2.9202234901293895
Silverman1035,Silverman1035:Terrorism_worry:hyp1,race_4,White,66.54049962149887,85.27054108216433,18.73004146066546
Silverman1035,Silverman1035:Terrorism_worry:hyp1,race_4,__MISSING__,21.650264950794853,0.0,21.650264950794853
Silverman1035,Silverman1035:Terrorism_worry:hyp1,pid_3,Democrat,48.82664647993944,47.69539078156313,1.1312556983763145
Silverman1035,Silverman1035:Terrorism_worry:hyp1,pid_3,Independent,15.745647236941712,13.026052104208416,2.7195951327332963
Silverman1035,Silverman1035:Terrorism_worry:hyp1,pid_3,Republican,35.42770628311885,39.278557114228455,3.8508508311096037
Silverman1035,Silverman1035:Terrorism_worry:hyp1,age_5,Older than 50,50.94625283875852,57.71543086172345,6.76917802296493
Silverman1035,Silverman1035:Terrorism_worry:hyp1,age_5,Younger than 50,49.05374716124148,42.28456913827655,6.76917802296493
Silverman1035,Silverman1035:Terrorism_worry:hyp1,EDUC4,College,30.96139288417865,32.86573146292585,1.9043385787472005
Silverman1035,Silverman1035:Terrorism_worry:hyp1,EDUC4,Non-College,69.03860711582135,67.13426853707415,1.9043385787472005
Silverman1035,Silverman1035:Terrorism_worry:hyp1,ideo_3,Conservative,18.395155185465555,21.24248496993988,2.8473297844743257
Silverman1035,Silverman1035:Terrorism_worry:hyp1,ideo_3,Liberal,61.24148372445117,63.727454909819635,2.485971185368463
Silverman1035,Silverman1035:Terrorism_worry:hyp1,ideo_3,Moderate,14.307342922028765,15.030060120240481,0.7227171982117166
Silverman1035,Silverman1035:Terrorism_worry:hyp1,ideo_3,__MISSING__,6.056018168054504,0.0,6.056018168054504
Silverman1035,Silverman1035:Terrorism_worry:hyp2,GENDER,Female,53.6150234741784,52.705410821643284,0.9096126525351167
Silverman1035,Silverman1035:Terrorism_worry:hyp2,GENDER,Male,46.3849765258216,47.29458917835671,0.9096126525351096
Silverman1035,Silverman1035:Terrorism_worry:hyp2,race_4,Black,12.018779342723004,14.729458917835672,2.7106795751126675
Silverman1035,Silverman1035:Terrorism_worry:hyp2,race_4,White,65.91549295774648,85.27054108216433,19.35504812441785
Silverman1035,Silverman1035:Terrorism_worry:hyp2,race_4,__MISSING__,22.065727699530516,0.0,22.065727699530516
Silverman1035,Silverman1035:Terrorism_worry:hyp2,pid_3,Democrat,49.2018779342723,47.69539078156313,1.5064871527091697
Silverman1035,Silverman1035:Terrorism_worry:hyp2,pid_3,Independent,15.868544600938966,13.026052104208416,2.84249249673055
Silverman1035,Silverman1035:Terrorism_worry:hyp2,pid_3,Republican,34.92957746478873,39.278557114228455,4.348979649439727
Silverman1035,Silverman1035:Terrorism_worry:hyp2,age_5,Older than 50,51.267605633802816,57.71543086172345,6.447825227920632
Silverman1035,Silverman1035:Terrorism_worry:hyp2,age_5,Younger than 50,48.732394366197184,42.28456913827655,6.447825227920632
Silverman1035,Silverman1035:Terrorism_worry:hyp2,EDUC4,College,30.985915492957744,32.86573146292585,1.8798159699681065
Silverman1035,Silverman1035:Terrorism_worry:hyp2,EDUC4,Non-College,69.01408450704226,67.13426853707415,1.8798159699681065
Silverman1035,Silverman1035:Terrorism_worry:hyp2,ideo_3,Conservative,18.30985915492958,21.24248496993988,2.932625815010301
Silverman1035,Silverman1035:Terrorism_worry:hyp2,ideo_3,Liberal,60.84507042253521,63.727454909819635,2.882384487284426
Silverman1035,Silverman1035:Terrorism_worry:hyp2,ideo_3,Moderate,15.023474178403756,15.030060120240481,0.00658594183672534
Silverman1035,Silverman1035:Terrorism_worry:hyp2,ideo_3,__MISSING__,5.821596244131456,0.0,5.821596244131456
Silverman1035,Silverman1035:Terrorism_worry:hyp3,GENDER,Female,55.72232645403376,52.705410821643284,3.0169156323904787
Silverman1035,Silverman1035:Terrorism_worry:hyp3,GENDER,Male,44.27767354596623,47.29458917835671,3.0169156323904787
Silverman1035,Silverman1035:Terrorism_worry:hyp3,race_4,Black,11.44465290806754,14.729458917835672,3.284806009768131
Silverman1035,Silverman1035:Terrorism_worry:hyp3,race_4,White,66.97936210131333,85.27054108216433,18.291178980851
Silverman1035,Silverman1035:Terrorism_worry:hyp3,race_4,__MISSING__,21.575984990619137,0.0,21.575984990619137
Silverman1035,Silverman1035:Terrorism_worry:hyp3,pid_3,Democrat,52.15759849906192,47.69539078156313,4.462207717498792
Silverman1035,Silverman1035:Terrorism_worry:hyp3,pid_3,Independent,14.258911819887429,13.026052104208416,1.2328597156790124
Silverman1035,Silverman1035:Terrorism_worry:hyp3,pid_3,Republican,33.58348968105066,39.278557114228455,5.6950674331777975
Silverman1035,Silverman1035:Terrorism_worry:hyp3,age_5,Older than 50,52.5328330206379,57.71543086172345,5.1825978410855456
Silverman1035,Silverman1035:Terrorism_worry:hyp3,age_5,Younger than 50,47.467166979362105,42.28456913827655,5.182597841085553
Silverman1035,Silverman1035:Terrorism_worry:hyp3,EDUC4,College,30.58161350844278,32.86573146292585,2.2841179544830723
Silverman1035,Silverman1035:Terrorism_worry:hyp3,EDUC4,Non-College,69.41838649155723,67.13426853707415,2.2841179544830794
Silverman1035,Silverman1035:Terrorism_worry:hyp3,ideo_3,Conservative,15.572232645403378,21.24248496993988,5.670252324536502
Silverman1035,Silverman1035:Terrorism_worry:hyp3,ideo_3,Liberal,64.9155722326454,63.727454909819635,1.188117322825768
Silverman1035,Silverman1035:Terrorism_worry:hyp3,ideo_3,Moderate,14.446529080675422,15.030060120240481,0.5835310395650595
Silverman1035,Silverman1035:Terrorism_worry:hyp3,ideo_3,__MISSING__,5.065666041275797,0.0,5.065666041275797
Silverman1035,Silverman1035:Terrorism_worry:hyp4,GENDER,Female,53.9651837524178,52.705410821643284,1.259772930774517
Silverman1035,Silverman1035:Terrorism_worry:hyp4,GENDER,Male,46.03481624758221,47.29458917835671,1.2597729307745027
Silverman1035,Silverman1035:Terrorism_worry:hyp4,race_4,Black,12.572533849129593,14.729458917835672,2.1569250687060784
Silverman1035,Silverman1035:Terrorism_worry:hyp4,race_4,White,65.37717601547389,85.27054108216433,19.893365066690436
Silverman1035,Silverman1035:Terrorism_worry:hyp4,race_4,__MISSING__,22.05029013539652,0.0,22.05029013539652
Silverman1035,Silverman1035:Terrorism_worry:hyp4,pid_3,Democrat,48.54932301740813,47.69539078156313,0.8539322358450008
Silverman1035,Silverman1035:Terrorism_worry:hyp4,pid_3,Independent,17.02127659574468,13.026052104208416,3.9952244915362645
Silverman1035,Silverman1035:Terrorism_worry:hyp4,pid_3,Republican,34.4294003868472,39.278557114228455,4.849156727381256
Silverman1035,Silverman1035:Terrorism_worry:hyp4,age_5,Older than 50,51.06382978723404,57.71543086172345,6.651601074489406
Silverman1035,Silverman1035:Terrorism_worry:hyp4,age_5,Younger than 50,48.93617021276596,42.28456913827655,6.651601074489406
Silverman1035,Silverman1035:Terrorism_worry:hyp4,EDUC4,College,27.27272727272727,32.86573146292585,5.593004190198581
Silverman1035,Silverman1035:Terrorism_worry:hyp4,EDUC4,Non-College,72.72727272727273,67.13426853707415,5.5930041901985845
Silverman1035,Silverman1035:Terrorism_worry:hyp4,ideo_3,Conservative,21.470019342359766,21.24248496993988,0.2275343724198855
Silverman1035,Silverman1035:Terrorism_worry:hyp4,ideo_3,Liberal,57.640232108317214,63.727454909819635,6.087222801502421
Silverman1035,Silverman1035:Terrorism_worry:hyp4,ideo_3,Moderate,14.893617021276595,15.030060120240481,0.13644309896388584
Silverman1035,Silverman1035:Terrorism_worry:hyp4,ideo_3,__MISSING__,5.996131528046422,0.0,5.996131528046422
Stoker1063,Stoker1063:Anger:hyp1,GENDER,Female,52.35162374020157,50.936329588014985,1.4152941521865827
Stoker1063,Stoker1063:Anger:hyp1,GENDER,Male,47.64837625979843,49.063670411985015,1.4152941521865827
Stoker1063,Stoker1063:Anger:hyp1,race_4,Black,10.582306830907056,12.359550561797752,1.7772437308906959
Stoker1063,Stoker1063:Anger:hyp1,race_4,White,69.20492721164614,87.64044943820225,18.435522226556117
Stoker1063,Stoker1063:Anger:hyp1,race_4,__MISSING__,20.212765957446805,0.0,20.212765957446805
Stoker1063,Stoker1063:Anger:hyp1,pid_3,Democrat,45.296752519596865,43.52059925093633,1.7761532686605364
Stoker1063,Stoker1063:Anger:hyp1,pid_3,Independent,11.534154535274356,8.764044943820224,2.7701095914541316
Stoker1063,Stoker1063:Anger:hyp1,pid_3,Republican,43.16909294512878,47.71535580524345,4.546262860114666
Stoker1063,Stoker1063:Anger:hyp1,age_5,Older than 50,46.64053751399776,53.18352059925093,6.5429830852531765
Stoker1063,Stoker1063:Anger:hyp1,age_5,Younger than 50,53.35946248600224,46.81647940074906,6.542983085253184
Stoker1063,Stoker1063:Anger:hyp1,EDUC4,College,31.746920492721166,35.1310861423221,3.3841656496009307
Stoker1063,Stoker1063:Anger:hyp1,EDUC4,Non-College,68.25307950727884,64.8689138576779,3.384165649600945
Stoker1063,Stoker1063:Anger:hyp1,ideo_3,Conservative,28.89137737961926,33.48314606741573,4.5917686877964705
Stoker1063,Stoker1063:Anger:hyp1,ideo_3,Liberal,40.70548712206047,42.54681647940075,1.8413293573402854
Stoker1063,Stoker1063:Anger:hyp1,ideo_3,Moderate,21.612541993281077,23.970037453183522,2.357495459902445
Stoker1063,Stoker1063:Anger:hyp1,ideo_3,__MISSING__,8.790593505039194,0.0,8.790593505039194
Stoker1063,Stoker1063:Serious:hyp1,GENDER,Female,52.15444879686626,50.936329588014985,1.2181192088512773
Stoker1063,Stoker1063:Serious:hyp1,GENDER,Male,47.845551203133745,49.063670411985015,1.2181192088512702
Stoker1063,Stoker1063:Serious:hyp1,race_4,Black,10.688304420817012,12.359550561797752,1.67124614098074
Stoker1063,Stoker1063:Serious:hyp1,race_4,White,69.16620033575825,87.64044943820225,18.474249102444006
Stoker1063,Stoker1063:Serious:hyp1,race_4,__MISSING__,20.145495243424737,0.0,20.145495243424737
Stoker1063,Stoker1063:Serious:hyp1,pid_3,Democrat,45.38332400671516,43.52059925093633,1.8627247557788351
Stoker1063,Stoker1063:Serious:hyp1,pid_3,Independent,11.583659764969221,8.764044943820224,2.8196148211489973
Stoker1063,Stoker1063:Serious:hyp1,pid_3,Republican,43.03301622831561,47.71535580524345,4.682339576927838
Stoker1063,Stoker1063:Serious:hyp1,age_5,Older than 50,46.614437604924454,53.18352059925093,6.569082994326479
Stoker1063,Stoker1063:Serious:hyp1,age_5,Younger than 50,53.385562395075546,46.81647940074906,6.569082994326486
Stoker1063,Stoker1063:Serious:hyp1,EDUC4,College,31.897034135422498,35.1310861423221,3.2340520068995993
Stoker1063,Stoker1063:Serious:hyp1,EDUC4,Non-College,68.1029658645775,64.8689138576779,3.234052006899603
Stoker1063,Stoker1063:Serious:hyp1,ideo_3,Conservative,28.651371012870737,33.48314606741573,4.831775054544995
Stoker1063,Stoker1063:Serious:hyp1,ideo_3,Liberal,40.73866815892557,42.54681647940075,1.8081483204751834
Stoker1063,Stoker1063:Serious:hyp1,ideo_3,Moderate,21.7123670956911,23.970037453183522,2.2576703574924224
Stoker1063,Stoker1063:Serious:hyp1,ideo_3,__MISSING__,8.89759373251259,0.0,8.89759373251259
Stoker1063,Stoker1063:Worry:hyp1,GENDER,Female,52.18120805369127,50.936329588014985,1.2448784656762868
Stoker1063,Stoker1063:Worry:hyp1,GENDER,Male,47.81879194630873,49.063670411985015,1.2448784656762868
Stoker1063,Stoker1063:Worry:hyp1,race_4,Black,10.570469798657719,12.359550561797752,1.7890807631400332
Stoker1063,Stoker1063:Worry:hyp1,race_4,White,69.1834451901566,87.64044943820225,18.45700424804565
Stoker1063,Stoker1063:Worry:hyp1,race_4,__MISSING__,20.246085011185684,0.0,20.246085011185684
Stoker1063,Stoker1063:Worry:hyp1,pid_3,Democrat,45.302013422818796,43.52059925093633,1.7814141718824672
Stoker1063,Stoker1063:Worry:hyp1,pid_3,Independent,11.68903803131991,8.764044943820224,2.9249930874996863
Stoker1063,Stoker1063:Worry:hyp1,pid_3,Republican,43.008948545861294,47.71535580524345,4.7064072593821535
Stoker1063,Stoker1063:Worry:hyp1,age_5,Older than 50,46.5324384787472,53.18352059925093,6.65108212050373
Stoker1063,Stoker1063:Worry:hyp1,age_5,Younger than 50,53.46756152125279,46.81647940074906,6.65108212050373
Stoker1063,Stoker1063:Worry:hyp1,EDUC4,College,31.879194630872483,35.1310861423221,3.251891511449614
Stoker1063,Stoker1063:Worry:hyp1,EDUC4,Non-College,68.12080536912751,64.8689138576779,3.251891511449614
Stoker1063,Stoker1063:Worry:hyp1,ideo_3,Conservative,28.635346756152124,33.48314606741573,4.847799311263607
Stoker1063,Stoker1063:Worry:hyp1,ideo_3,Liberal,40.65995525727069,42.54681647940075,1.8868612221300651
Stoker1063,Stoker1063:Worry:hyp1,ideo_3,Moderate,21.756152125279645,23.970037453183522,2.2138853279038777
Stoker1063,Stoker1063:Worry:hyp1,ideo_3,__MISSING__,8.94854586129754,0.0,8.94854586129754
Terman1029,Terman1029:donating to HRAC:hyp1,GENDER,Female,51.578384162653826,52.3776705720193,0.7992864093654717
Terman1029,Terman1029:donating to HRAC:hyp1,GENDER,Male,48.421615837346174,47.6223294279807,0.7992864093654717
Terman1029,Terman1029:donating to HRAC:hyp1,race_4,Black,11.717495987158909,15.368711233631979,3.65121524647307
Terman1029,Terman1029:donating to HRAC:hyp1,race_4,White,65.22204387372926,84.63128876636802,19.409244892638753
Terman1029,Terman1029:donating to HRAC:hyp1,race_4,__MISSING__,23.060460139111825,0.0,23.060460139111825
Terman1029,Terman1029:donating to HRAC:hyp1,pid_3,Democrat,49.17067950775816,47.13990351481737,2.0307759929407894
Terman1029,Terman1029:donating to HRAC:hyp1,pid_3,Independent,16.15837346174425,14.748449345279118,1.4099241164651328
Terman1029,Terman1029:donating to HRAC:hyp1,pid_3,Republican,34.67094703049759,38.11164713990352,3.440700109405931
Terman1029,Terman1029:donating to HRAC:hyp1,age_5,Older than 50,47.351524879614765,51.481736733287384,4.13021185367262
Terman1029,Terman1029:donating to HRAC:hyp1,age_5,Younger than 50,52.64847512038523,48.518263266712616,4.130211853672613
Terman1029,Terman1029:donating to HRAC:hyp1,EDUC4,College,33.49384697699305,35.01033769813922,1.5164907211461696
Terman1029,Terman1029:donating to HRAC:hyp1,EDUC4,Non-College,66.50615302300696,64.98966230186079,1.5164907211461696
Terman1029,Terman1029:donating to HRAC:hyp2,GENDER,Female,52.6867627785059,52.3776705720193,0.3090922064866035
Terman1029,Terman1029:donating to HRAC:hyp2,GENDER,Male,47.313237221494106,47.6223294279807,0.3090922064865964
Terman1029,Terman1029:donating to HRAC:hyp2,race_4,Black,12.18872870249017,15.368711233631979,3.1799825311418086
Terman1029,Terman1029:donating to HRAC:hyp2,race_4,White,65.66186107470512,84.63128876636802,18.9694276916629
Terman1029,Terman1029:donating to HRAC:hyp2,race_4,__MISSING__,22.14941022280472,0.0,22.14941022280472
Terman1029,Terman1029:donating to HRAC:hyp2,pid_3,Democrat,46.26474442988204,47.13990351481737,0.8751590849353263
Terman1029,Terman1029:donating to HRAC:hyp2,pid_3,Independent,15.465268676277852,14.748449345279118,0.7168193309987334
Terman1029,Terman1029:donating to HRAC:hyp2,pid_3,Republican,38.269986893840105,38.11164713990352,0.1583397539365876
Terman1029,Terman1029:donating to HRAC:hyp2,age_5,Older than 50,47.575360419397114,51.481736733287384,3.90637631389027
Terman1029,Terman1029:donating to HRAC:hyp2,age_5,Younger than 50,52.424639580602886,48.518263266712616,3.90637631389027
Terman1029,Terman1029:donating to HRAC:hyp2,EDUC4,College,32.50327653997378,35.01033769813922,2.5070611581654347
Terman1029,Terman1029:donating to HRAC:hyp2,EDUC4,Non-College,67.4967234600262,64.98966230186079,2.5070611581654134
Terman1029,Terman1029:donating to HRAC:hyp3,GENDER,Female,50.0,52.3776705720193,2.377670572019298
Terman1029,Terman1029:donating to HRAC:hyp3,GENDER,Male,50.0,47.6223294279807,2.377670572019298
Terman1029,Terman1029:donating to HRAC:hyp3,race_4,Black,11.475409836065573,15.368711233631979,3.8933013975664057
Terman1029,Terman1029:donating to HRAC:hyp3,race_4,White,63.934426229508205,84.63128876636802,20.69686253685981
Terman1029,Terman1029:donating to HRAC:hyp3,race_4,__MISSING__,24.59016393442623,0.0,24.59016393442623
Terman1029,Terman1029:donating to HRAC:hyp3,pid_3,Democrat,52.86885245901639,47.13990351481737,5.7289489441990185
Terman1029,Terman1029:donating to HRAC:hyp3,pid_3,Independent,16.530054644808743,14.748449345279118,1.781605299529625
Terman1029,Terman1029:donating to HRAC:hyp3,pid_3,Republican,30.601092896174865,38.11164713990352,7.510554243728652
Terman1029,Terman1029:donating to HRAC:hyp3,age_5,Older than 50,47.950819672131146,51.481736733287384,3.530917061156238
Terman1029,Terman1029:donating to HRAC:hyp3,age_5,Younger than 50,52.04918032786885,48.518263266712616,3.530917061156231
Terman1029,Terman1029:donating to HRAC:hyp3,EDUC4,College,35.51912568306011,35.01033769813922,0.5087879849208932
Terman1029,Terman1029:donating to HRAC:hyp3,EDUC4,Non-College,64.48087431693989,64.98966230186079,0.5087879849209003
Terman1029,Terman1029:naitonalist superiority:hyp1,GENDER,Female,51.6506922257721,52.3776705720193,0.7269783462472006
Terman1029,Terman1029:naitonalist superiority:hyp1,GENDER,Male,48.3493077742279,47.6223294279807,0.7269783462472006
Terman1029,Terman1029:naitonalist superiority:hyp1,race_4,Black,11.821086261980831,15.368711233631979,3.547624971651148
Terman1029,Terman1029:naitonalist superiority:hyp1,race_4,White,65.0692225772098,84.63128876636802,19.562066189158216
Terman1029,Terman1029:naitonalist superiority:hyp1,race_4,__MISSING__,23.109691160809373,0.0,23.109691160809373
Terman1029,Terman1029:naitonalist superiority:hyp1,pid_3,Democrat,49.14802981895633,47.13990351481737,2.008126304138962
Terman1029,Terman1029:naitonalist superiority:hyp1,pid_3,Independent,16.240681576144837,14.748449345279118,1.492232230865719
Terman1029,Terman1029:naitonalist superiority:hyp1,pid_3,Republican,34.611288604898824,38.11164713990352,3.5003585350046933
Terman1029,Terman1029:naitonalist superiority:hyp1,age_5,Older than 50,47.44408945686901,51.481736733287384,4.037647276418376
Terman1029,Terman1029:naitonalist superiority:hyp1,age_5,Younger than 50,52.55591054313099,48.518263266712616,4.037647276418376
Terman1029,Terman1029:naitonalist superiority:hyp1,EDUC4,College,33.59957401490948,35.01033769813922,1.4107636832297388
Terman1029,Terman1029:naitonalist superiority:hyp1,EDUC4,Non-College,66.40042598509052,64.98966230186079,1.4107636832297317
Terman1029,Terman1029:naitonalist superiority:hyp2,GENDER,Female,52.72020725388601,52.3776705720193,0.3425366818667115
Terman1029,Terman1029:naitonalist superiority:hyp2,GENDER,Male,47.27979274611399,47.6223294279807,0.3425366818667115
Terman1029,Terman1029:naitonalist superiority:hyp2,race_4,Black,12.176165803108809,15.368711233631979,3.19254543052317
Terman1029,Terman1029:naitonalist superiority:hyp2,race_4,White,65.41450777202073,84.63128876636802,19.21678099434729
Terman1029,Terman1029:naitonalist superiority:hyp2,race_4,__MISSING__,22.409326424870464,0.0,22.409326424870464
Terman1029,Terman1029:naitonalist superiority:hyp2,pid_3,Democrat,46.373056994818654,47.13990351481737,0.7668465199987153
Terman1029,Terman1029:naitonalist superiority:hyp2,pid_3,Independent,15.544041450777202,14.748449345279118,0.7955921054980841
Terman1029,Terman1029:naitonalist superiority:hyp2,pid_3,Republican,38.082901554404145,38.11164713990352,0.02874558549937234
Terman1029,Terman1029:naitonalist superiority:hyp2,age_5,Older than 50,47.79792746113989,51.481736733287384,3.683809272147492
Terman1029,Terman1029:naitonalist superiority:hyp2,age_5,Younger than 50,52.2020725388601,48.518263266712616,3.683809272147485
Terman1029,Terman1029:naitonalist superiority:hyp2,EDUC4,College,32.64248704663213,35.01033769813922,2.3678506515070907
Terman1029,Terman1029:naitonalist superiority:hyp2,EDUC4,Non-College,67.35751295336787,64.98966230186079,2.3678506515070836
Terman1029,Terman1029:naitonalist superiority:hyp3,GENDER,Female,50.13623978201635,52.3776705720193,2.2414307900029513
Terman1029,Terman1029:naitonalist superiority:hyp3,GENDER,Male,49.863760217983646,47.6223294279807,2.241430790002944
Terman1029,Terman1029:naitonalist superiority:hyp3,race_4,Black,11.716621253405995,15.368711233631979,3.652089980225984
Terman1029,Terman1029:naitonalist superiority:hyp3,race_4,White,63.76021798365122,84.63128876636802,20.871070782716792
Terman1029,Terman1029:naitonalist superiority:hyp3,race_4,__MISSING__,24.52316076294278,0.0,24.52316076294278
Terman1029,Terman1029:naitonalist superiority:hyp3,pid_3,Democrat,52.724795640326974,47.13990351481737,5.5848921255096045
Terman1029,Terman1029:naitonalist superiority:hyp3,pid_3,Independent,16.62125340599455,14.748449345279118,1.872804060715433
Terman1029,Terman1029:naitonalist superiority:hyp3,pid_3,Republican,30.65395095367847,38.11164713990352,7.457696186225046
Terman1029,Terman1029:naitonalist superiority:hyp3,age_5,Older than 50,47.956403269754766,51.481736733287384,3.5253334635326183
Terman1029,Terman1029:naitonalist superiority:hyp3,age_5,Younger than 50,52.043596730245234,48.518263266712616,3.5253334635326183
Terman1029,Terman1029:naitonalist superiority:hyp3,EDUC4,College,35.55858310626703,35.01033769813922,0.5482454081278121
Terman1029,Terman1029:naitonalist superiority:hyp3,EDUC4,Non-College,64.44141689373298,64.98966230186079,0.5482454081278121
Terman1029,Terman1029:perception of domestic human rights conditions:hyp1,GENDER,Female,51.5167642362959,52.3776705720193,0.8609063357233993
Terman1029,Terman1029:perception of domestic human rights conditions:hyp1,GENDER,Male,48.483235763704094,47.6223294279807,0.8609063357233921
Terman1029,Terman1029:perception of domestic human rights conditions:hyp1,race_4,Black,11.761575306013837,15.368711233631979,3.607135927618142
Terman1029,Terman1029:perception of domestic human rights conditions:hyp1,race_4,White,65.03459286854711,84.63128876636802,19.596695897820908
Terman1029,Terman1029:perception of domestic human rights conditions:hyp1,race_4,__MISSING__,23.203831825439064,0.0,23.203831825439064
Terman1029,Terman1029:perception of domestic human rights conditions:hyp1,pid_3,Democrat,49.17509313464608,47.13990351481737,2.0351896198287136
Terman1029,Terman1029:perception of domestic human rights conditions:hyp1,pid_3,Independent,16.17881852048962,14.748449345279118,1.4303691752105028
Terman1029,Terman1029:perception of domestic human rights conditions:hyp1,pid_3,Republican,34.64608834486429,38.11164713990352,3.465558795039229
Terman1029,Terman1029:perception of domestic human rights conditions:hyp1,age_5,Older than 50,47.472059606173495,51.481736733287384,4.009677127113889
Terman1029,Terman1029:perception of domestic human rights conditions:hyp1,age_5,Younger than 50,52.5279403938265,48.518263266712616,4.009677127113882
Terman1029,Terman1029:perception of domestic human rights conditions:hyp1,EDUC4,College,33.52847259180415,35.01033769813922,1.4818651063350643
Terman1029,Terman1029:perception of domestic human rights conditions:hyp1,EDUC4,Non-College,66.47152740819585,64.98966230186079,1.4818651063350643
Terman1029,Terman1029:perception of domestic human rights conditions:hyp2,GENDER,Female,52.66579973992198,52.3776705720193,0.2881291679026816
Terman1029,Terman1029:perception of domestic human rights conditions:hyp2,GENDER,Male,47.33420026007803,47.6223294279807,0.2881291679026745
Terman1029,Terman1029:perception of domestic human rights conditions:hyp2,race_4,Black,12.093628088426527,15.368711233631979,3.2750831452054516
Terman1029,Terman1029:perception of domestic human rights conditions:hyp2,race_4,White,65.53966189856956,84.63128876636802,19.091626867798453
Terman1029,Terman1029:perception of domestic human rights conditions:hyp2,race_4,__MISSING__,22.366710013003903,0.0,22.366710013003903
Terman1029,Terman1029:perception of domestic human rights conditions:hyp2,pid_3,Democrat,46.29388816644994,47.13990351481737,0.8460153483674304
Terman1029,Terman1029:perception of domestic human rights conditions:hyp2,pid_3,Independent,15.604681404421328,14.748449345279118,0.8562320591422097
Terman1029,Terman1029:perception of domestic human rights conditions:hyp2,pid_3,Republican,38.10143042912874,38.11164713990352,0.010216710774777482
Terman1029,Terman1029:perception of domestic human rights conditions:hyp2,age_5,Older than 50,47.854356306892065,51.481736733287384,3.6273804263953195
Terman1029,Terman1029:perception of domestic human rights conditions:hyp2,age_5,Younger than 50,52.145643693107935,48.518263266712616,3.6273804263953195
Terman1029,Terman1029:perception of domestic human rights conditions:hyp2,EDUC4,College,32.50975292587776,35.01033769813922,2.5005847722614547
Terman1029,Terman1029:perception of domestic human rights conditions:hyp2,EDUC4,Non-College,67.49024707412224,64.98966230186079,2.5005847722614476
Terman1029,Terman1029:perception of domestic human rights conditions:hyp3,GENDER,Female,49.86413043478261,52.3776705720193,2.5135401372366886
Terman1029,Terman1029:perception of domestic human rights conditions:hyp3,GENDER,Male,50.1358695652174,47.6223294279807,2.5135401372366957
Terman1029,Terman1029:perception of domestic human rights conditions:hyp3,race_4,Black,11.684782608695652,15.368711233631979,3.6839286249363266
Terman1029,Terman1029:perception of domestic human rights conditions:hyp3,race_4,White,63.58695652173913,84.63128876636802,21.044332244628883
Terman1029,Terman1029:perception of domestic human rights conditions:hyp3,race_4,__MISSING__,24.728260869565215,0.0,24.728260869565215
Terman1029,Terman1029:perception of domestic human rights conditions:hyp3,pid_3,Democrat,52.85326086956522,47.13990351481737,5.713357354747849
Terman1029,Terman1029:perception of domestic human rights conditions:hyp3,pid_3,Independent,16.440217391304348,14.748449345279118,1.6917680460252296
Terman1029,Terman1029:perception of domestic human rights conditions:hyp3,pid_3,Republican,30.706521739130434,38.11164713990352,7.405125400773084
Terman1029,Terman1029:perception of domestic human rights conditions:hyp3,age_5,Older than 50,47.96195652173913,51.481736733287384,3.5197802115482517
Terman1029,Terman1029:perception of domestic human rights conditions:hyp3,age_5,Younger than 50,52.03804347826087,48.518263266712616,3.5197802115482517
Terman1029,Terman1029:perception of domestic human rights conditions:hyp3,EDUC4,College,35.59782608695652,35.01033769813922,0.5874883888173059
Terman1029,Terman1029:perception of domestic human rights conditions:hyp3,EDUC4,Non-College,64.40217391304348,64.98966230186079,0.5874883888173059
WallaceS9,WallaceS9:credibility:hyp1,GENDER,Female,56.46940822467402,56.068965517241374,0.40044270743264576
WallaceS9,WallaceS9:credibility:hyp1,GENDER,Male,43.53059177532598,43.93103448275862,0.40044270743263866
WallaceS9,WallaceS9:credibility:hyp1,race_4,Black,9.929789368104313,14.551724137931036,4.621934769826723
WallaceS9,WallaceS9:credibility:hyp1,race_4,White,65.59679037111334,85.44827586206897,19.851485490955625
WallaceS9,WallaceS9:credibility:hyp1,race_4,__MISSING__,24.473420260782348,0.0,24.473420260782348
WallaceS9,WallaceS9:credibility:hyp1,pid_3,Democrat,51.955867602808425,48.62068965517241,3.335177947636012
WallaceS9,WallaceS9:credibility:hyp1,pid_3,Independent,15.245737211634905,13.93103448275862,1.314702728876286
WallaceS9,WallaceS9:credibility:hyp1,pid_3,Republican,32.19658976930793,37.44827586206896,5.251686092761034
WallaceS9,WallaceS9:credibility:hyp1,pid_3,__MISSING__,0.6018054162487462,0.0,0.6018054162487462
WallaceS9,WallaceS9:credibility:hyp1,age_5,Older than 50,47.943831494483454,53.79310344827586,5.849271953792403
WallaceS9,WallaceS9:credibility:hyp1,age_5,Younger than 50,52.05616850551655,46.206896551724135,5.849271953792417
WallaceS9,WallaceS9:credibility:hyp1,EDUC4,College,34.20260782347041,37.51724137931035,3.31463355583994
WallaceS9,WallaceS9:credibility:hyp1,EDUC4,Non-College,65.79739217652958,62.48275862068966,3.314633555839926
WallaceS9,WallaceS9:credibility:hyp1,ideo_3,Conservative,25.576730190571716,28.68965517241379,3.112924981842074
WallaceS9,WallaceS9:credibility:hyp1,ideo_3,Liberal,25.47642928786359,25.655172413793103,0.1787431259295147
WallaceS9,WallaceS9:credibility:hyp1,ideo_3,Moderate,47.041123370110334,45.6551724137931,1.385950956317231
WallaceS9,WallaceS9:credibility:hyp1,ideo_3,__MISSING__,1.9057171514543632,0.0,1.9057171514543632
WallaceS9,WallaceS9:president_approval:hyp1,GENDER,Female,56.287425149700596,56.068965517241374,0.21845963245922206
WallaceS9,WallaceS9:president_approval:hyp1,GENDER,Male,43.712574850299404,43.93103448275862,0.21845963245921496
WallaceS9,WallaceS9:president_approval:hyp1,race_4,Black,10.079840319361278,14.551724137931036,4.471883818569758
WallaceS9,WallaceS9:president_approval:hyp1,race_4,White,65.46906187624751,85.44827586206897,19.97921398582146
WallaceS9,WallaceS9:president_approval:hyp1,race_4,__MISSING__,24.451097804391217,0.0,24.451097804391217
WallaceS9,WallaceS9:president_approval:hyp1,pid_3,Democrat,52.09580838323353,48.62068965517241,3.475118728061119
WallaceS9,WallaceS9:president_approval:hyp1,pid_3,Independent,15.169660678642716,13.93103448275862,1.2386261958840965
WallaceS9,WallaceS9:president_approval:hyp1,pid_3,Republican,32.13572854291417,37.44827586206896,5.312547319154788
WallaceS9,WallaceS9:president_approval:hyp1,pid_3,__MISSING__,0.5988023952095809,0.0,0.5988023952095809
WallaceS9,WallaceS9:president_approval:hyp1,age_5,Older than 50,48.10379241516966,53.79310344827586,5.6893110331062005
WallaceS9,WallaceS9:president_approval:hyp1,age_5,Younger than 50,51.896207584830336,46.206896551724135,5.6893110331062005
WallaceS9,WallaceS9:president_approval:hyp1,EDUC4,College,34.3313373253493,37.51724137931035,3.185904053961046
WallaceS9,WallaceS9:president_approval:hyp1,EDUC4,Non-College,65.6686626746507,62.48275862068966,3.185904053961046
WallaceS9,WallaceS9:president_approval:hyp1,ideo_3,Conservative,25.748502994011975,28.68965517241379,2.941152178401815
WallaceS9,WallaceS9:president_approval:hyp1,ideo_3,Liberal,25.349301397205586,25.655172413793103,0.3058710165875169
WallaceS9,WallaceS9:president_approval:hyp1,ideo_3,Moderate,46.9061876247505,45.6551724137931,1.251015210957398
WallaceS9,WallaceS9:president_approval:hyp1,ideo_3,__MISSING__,1.996007984031936,0.0,1.996007984031936
Williamson859,Williamson859:Food stamps:hyp1,GENDER,Female,54.761904761904766,54.32098765432099,0.440917107583779
Williamson859,Williamson859:Food stamps:hyp1,GENDER,Male,45.23809523809524,45.67901234567901,0.4409171075837719
Williamson859,Williamson859:Food stamps:hyp1,race_4,Black,11.21031746031746,13.580246913580247,2.3699294532627864
Williamson859,Williamson859:Food stamps:hyp1,race_4,White,65.57539682539682,86.41975308641975,20.844356261022924
Williamson859,Williamson859:Food stamps:hyp1,race_4,__MISSING__,23.214285714285715,0.0,23.214285714285715
Williamson859,Williamson859:Food stamps:hyp1,pid_3,Democrat,48.01587301587302,46.56084656084656,1.4550264550264629
Williamson859,Williamson859:Food stamps:hyp1,pid_3,Independent,17.063492063492063,14.37389770723104,2.689594356261024
Williamson859,Williamson859:Food stamps:hyp1,pid_3,Republican,34.72222222222222,39.0652557319224,4.343033509700177
Williamson859,Williamson859:Food stamps:hyp1,pid_3,__MISSING__,0.1984126984126984,0.0,0.1984126984126984
Williamson859,Williamson859:Food stamps:hyp1,age_5,Older than 50,47.519841269841265,52.38095238095239,4.861111111111121
Williamson859,Williamson859:Food stamps:hyp1,age_5,Younger than 50,52.480158730158735,47.61904761904761,4.861111111111121
Williamson859,Williamson859:Food stamps:hyp1,EDUC4,College,34.523809523809526,36.33156966490299,1.8077601410934676
Williamson859,Williamson859:Food stamps:hyp1,EDUC4,Non-College,65.47619047619048,63.66843033509701,1.8077601410934747
Williamson859,Williamson859:Food stamps:hyp1,ideo_3,Conservative,27.876984126984127,29.717813051146386,1.8408289241622597
Williamson859,Williamson859:Food stamps:hyp1,ideo_3,Liberal,25.099206349206348,23.633156966490297,1.4660493827160508
Williamson859,Williamson859:Food stamps:hyp1,ideo_3,Moderate,44.345238095238095,46.64902998236332,2.3037918871252216
Williamson859,Williamson859:Food stamps:hyp1,ideo_3,__MISSING__,2.6785714285714284,0.0,2.6785714285714284
Williamson859,Williamson859:Military:hyp1,GENDER,Female,54.71698113207547,54.32098765432099,0.39599347775448024
Williamson859,Williamson859:Military:hyp1,GENDER,Male,45.28301886792453,45.67901234567901,0.39599347775448024
Williamson859,Williamson859:Military:hyp1,race_4,Black,11.122144985104269,13.580246913580247,2.458101928475978
Williamson859,Williamson859:Military:hyp1,race_4,White,65.73982125124131,86.41975308641975,20.679931835178436
Williamson859,Williamson859:Military:hyp1,race_4,__MISSING__,23.13803376365442,0.0,23.13803376365442
Williamson859,Williamson859:Military:hyp1,pid_3,Democrat,47.86494538232373,46.56084656084656,1.3040988214771758
Williamson859,Williamson859:Military:hyp1,pid_3,Independent,17.08043694141013,14.37389770723104,2.7065392341790915
Williamson859,Williamson859:Military:hyp1,pid_3,Republican,34.85600794438927,39.0652557319224,4.20924778753313
Williamson859,Williamson859:Military:hyp1,pid_3,__MISSING__,0.19860973187686196,0.0,0.19860973187686196
Williamson859,Williamson859:Military:hyp1,age_5,Older than 50,47.56703078450844,52.38095238095239,4.813921596443947
Williamson859,Williamson859:Military:hyp1,age_5,Younger than 50,52.43296921549155,47.61904761904761,4.81392159644394
Williamson859,Williamson859:Military:hyp1,EDUC4,College,34.55809334657398,36.33156966490299,1.7734763183290099
Williamson859,Williamson859:Military:hyp1,EDUC4,Non-College,65.44190665342602,63.66843033509701,1.7734763183290099
Williamson859,Williamson859:Military:hyp1,ideo_3,Conservative,28.003972194637537,29.717813051146386,1.713840856508849
Williamson859,Williamson859:Military:hyp1,ideo_3,Liberal,25.02482621648461,23.633156966490297,1.3916692499943117
Williamson859,Williamson859:Military:hyp1,ideo_3,Moderate,44.28997020854022,46.64902998236332,2.3590597738230983
Williamson859,Williamson859:Military:hyp1,ideo_3,__MISSING__,2.6812313803376364,0.0,2.6812313803376364
Williamson859,Williamson859:Social Security:hyp1,GENDER,Female,54.761904761904766,54.32098765432099,0.440917107583779
Williamson859,Williamson859:Social Security:hyp1,GENDER,Male,45.23809523809524,45.67901234567901,0.4409171075837719
Williamson859,Williamson859:Social Security:hyp1,race_4,Black,11.30952380952381,13.580246913580247,2.2707231040564366
Williamson859,Williamson859:Social Security:hyp1,race_4,White,65.57539682539682,86.41975308641975,20.844356261022924
Williamson859,Williamson859:Social Security:hyp1,race_4,__MISSING__,23.115079365079367,0.0,23.115079365079367
Williamson859,Williamson859:Social Security:hyp1,pid_3,Democrat,47.91666666666667,46.56084656084656,1.355820105820115
Williamson859,Williamson859:Social Security:hyp1,pid_3,Independent,17.16269841269841,14.37389770723104,2.788800705467372
Williamson859,Williamson859:Social Security:hyp1,pid_3,Republican,34.72222222222222,39.0652557319224,4.343033509700177
Williamson859,Williamson859:Social Security:hyp1,pid_3,__MISSING__,0.1984126984126984,0.0,0.1984126984126984
Williamson859,Williamson859:Social Security:hyp1,age_5,Older than 50,47.61904761904761,52.38095238095239,4.761904761904773
Williamson859,Williamson859:Social Security:hyp1,age_5,Younger than 50,52.38095238095239,47.61904761904761,4.761904761904773
Williamson859,Williamson859:Social Security:hyp1,EDUC4,College,34.42460317460318,36.33156966490299,1.9069664902998156
Williamson859,Williamson859:Social Security:hyp1,EDUC4,Non-College,65.57539682539682,63.66843033509701,1.9069664902998156
Williamson859,Williamson859:Social Security:hyp1,ideo_3,Conservative,27.876984126984127,29.717813051146386,1.8408289241622597
Williamson859,Williamson859:Social Security:hyp1,ideo_3,Liberal,25.0,23.633156966490297,1.3668430335097028
Williamson859,Williamson859:Social Security:hyp1,ideo_3,Moderate,44.345238095238095,46.64902998236332,2.3037918871252216
Williamson859,Williamson859:Social Security:hyp1,ideo_3,__MISSING__,2.7777777777777777,0.0,2.7777777777777777
bolsenM6,bolsenM6:Providing Personal Pronouns:hyp1,GENDER,Female,53.92405063291139,52.159468438538205,1.7645821943731832
bolsenM6,bolsenM6:Providing Personal Pronouns:hyp1,GENDER,Male,46.07594936708861,47.840531561461795,1.7645821943731832
bolsenM6,bolsenM6:Providing Personal Pronouns:hyp1,race_4,Black,11.645569620253164,15.863787375415283,4.218217755162119
bolsenM6,bolsenM6:Providing Personal Pronouns:hyp1,race_4,White,64.0506329113924,84.13621262458472,20.085579713192317
bolsenM6,bolsenM6:Providing Personal Pronouns:hyp1,race_4,__MISSING__,24.30379746835443,0.0,24.30379746835443
bolsenM6,bolsenM6:Providing Personal Pronouns:hyp1,pid_3,Democrat,45.56962025316456,45.01661129568107,0.5530089574834918
bolsenM6,bolsenM6:Providing Personal Pronouns:hyp1,pid_3,Independent,17.974683544303797,16.11295681063123,1.861726733672569
bolsenM6,bolsenM6:Providing Personal Pronouns:hyp1,pid_3,Republican,36.20253164556962,38.87043189368771,2.6679002481180873
bolsenM6,bolsenM6:Providing Personal Pronouns:hyp1,pid_3,__MISSING__,0.25316455696202533,0.0,0.25316455696202533
bolsenM6,bolsenM6:Providing Personal Pronouns:hyp1,age_5,Older than 50,47.9746835443038,53.073089700996675,5.0984061566928744
bolsenM6,bolsenM6:Providing Personal Pronouns:hyp1,age_5,Younger than 50,52.0253164556962,46.926910299003325,5.0984061566928744
bolsenM6,bolsenM6:Providing Personal Pronouns:hyp1,EDUC4,College,33.54430379746836,37.54152823920266,3.9972244417343035
bolsenM6,bolsenM6:Providing Personal Pronouns:hyp1,EDUC4,Non-College,66.45569620253164,62.45847176079734,3.9972244417343035
bolsenM6,bolsenM6:Providing Personal Pronouns:hyp1,ideo_3,Conservative,12.784810126582277,13.538205980066445,0.753395853484168
bolsenM6,bolsenM6:Providing Personal Pronouns:hyp1,ideo_3,Liberal,72.0253164556962,71.17940199335548,0.8459144623407155
bolsenM6,bolsenM6:Providing Personal Pronouns:hyp1,ideo_3,Moderate,13.924050632911392,15.282392026578073,1.3583413936666808
bolsenM6,bolsenM6:Providing Personal Pronouns:hyp1,ideo_3,__MISSING__,1.2658227848101267,0.0,1.2658227848101267
bolsenM6,bolsenM6:Providing Personal Pronouns:hyp2,GENDER,Female,50.378787878787875,52.159468438538205,1.78068055975033
bolsenM6,bolsenM6:Providing Personal Pronouns:hyp2,GENDER,Male,49.621212121212125,47.840531561461795,1.78068055975033
bolsenM6,bolsenM6:Providing Personal Pronouns:hyp2,race_4,Black,13.005050505050505,15.863787375415283,2.858736870364778
bolsenM6,bolsenM6:Providing Personal Pronouns:hyp2,race_4,White,63.888888888888886,84.13621262458472,20.24732373569583
bolsenM6,bolsenM6:Providing Personal Pronouns:hyp2,race_4,__MISSING__,23.106060606060606,0.0,23.106060606060606
bolsenM6,bolsenM6:Providing Personal Pronouns:hyp2,pid_3,Democrat,46.96969696969697,45.01661129568107,1.9530856740159024
bolsenM6,bolsenM6:Providing Personal Pronouns:hyp2,pid_3,Independent,16.792929292929294,16.11295681063123,0.6799724822980657
bolsenM6,bolsenM6:Providing Personal Pronouns:hyp2,pid_3,Republican,35.858585858585855,38.87043189368771,3.011846035101854
bolsenM6,bolsenM6:Providing Personal Pronouns:hyp2,pid_3,__MISSING__,0.3787878787878788,0.0,0.3787878787878788
bolsenM6,bolsenM6:Providing Personal Pronouns:hyp2,age_5,Older than 50,47.85353535353536,53.073089700996675,5.219554347461319
bolsenM6,bolsenM6:Providing Personal Pronouns:hyp2,age_5,Younger than 50,52.14646464646465,46.926910299003325,5.219554347461326
bolsenM6,bolsenM6:Providing Personal Pronouns:hyp2,EDUC4,College,35.47979797979798,37.54152823920266,2.0617302594046834
bolsenM6,bolsenM6:Providing Personal Pronouns:hyp2,EDUC4,Non-College,64.52020202020202,62.45847176079734,2.0617302594046834
bolsenM6,bolsenM6:Providing Personal Pronouns:hyp2,ideo_3,Conservative,13.51010101010101,13.538205980066445,0.02810496996543499
bolsenM6,bolsenM6:Providing Personal Pronouns:hyp2,ideo_3,Liberal,70.07575757575758,71.17940199335548,1.1036444175979057
bolsenM6,bolsenM6:Providing Personal Pronouns:hyp2,ideo_3,Moderate,15.025252525252524,15.282392026578073,0.25713950132554864
bolsenM6,bolsenM6:Providing Personal Pronouns:hyp2,ideo_3,__MISSING__,1.3888888888888888,0.0,1.3888888888888888
bolsenM6,bolsenM6:Providing Personal Pronouns:hyp3,GENDER,Female,52.22929936305732,52.159468438538205,0.06983092451911688
bolsenM6,bolsenM6:Providing Personal Pronouns:hyp3,GENDER,Male,47.77070063694268,47.840531561461795,0.06983092451911688
bolsenM6,bolsenM6:Providing Personal Pronouns:hyp3,race_4,Black,13.248407643312103,15.863787375415283,2.6153797321031806
bolsenM6,bolsenM6:Providing Personal Pronouns:hyp3,race_4,White,64.3312101910828,84.13621262458472,19.80500243350191
bolsenM6,bolsenM6:Providing Personal Pronouns:hyp3,race_4,__MISSING__,22.420382165605098,0.0,22.420382165605098
bolsenM6,bolsenM6:Providing Personal Pronouns:hyp3,pid_3,Democrat,47.64331210191083,45.01661129568107,2.6267008062297634
bolsenM6,bolsenM6:Providing Personal Pronouns:hyp3,pid_3,Independent,17.32484076433121,16.11295681063123,1.2118839536999815
bolsenM6,bolsenM6:Providing Personal Pronouns:hyp3,pid_3,Republican,34.77707006369427,38.87043189368771,4.093361829993441
bolsenM6,bolsenM6:Providing Personal Pronouns:hyp3,pid_3,__MISSING__,0.25477707006369427,0.0,0.25477707006369427
bolsenM6,bolsenM6:Providing Personal Pronouns:hyp3,age_5,Older than 50,49.17197452229299,53.073089700996675,3.9011151787036837
bolsenM6,bolsenM6:Providing Personal Pronouns:hyp3,age_5,Younger than 50,50.82802547770701,46.926910299003325,3.9011151787036837
bolsenM6,bolsenM6:Providing Personal Pronouns:hyp3,EDUC4,College,35.92356687898089,37.54152823920266,1.61796136022177
bolsenM6,bolsenM6:Providing Personal Pronouns:hyp3,EDUC4,Non-College,64.07643312101911,62.45847176079734,1.61796136022177
bolsenM6,bolsenM6:Providing Personal Pronouns:hyp3,ideo_3,Conservative,12.229299363057326,13.538205980066445,1.3089066170091197
bolsenM6,bolsenM6:Providing Personal Pronouns:hyp3,ideo_3,Liberal,72.22929936305732,71.17940199335548,1.0498973697018386
bolsenM6,bolsenM6:Providing Personal Pronouns:hyp3,ideo_3,Moderate,14.64968152866242,15.282392026578073,0.632710497915653
bolsenM6,bolsenM6:Providing Personal Pronouns:hyp3,ideo_3,__MISSING__,0.89171974522293,0.0,0.89171974522293
bolsenM6,bolsenM6:They/Them Pronouns in Forms:hyp1,GENDER,Female,53.79746835443038,52.159468438538205,1.6379999158921734
bolsenM6,bolsenM6:They/Them Pronouns in Forms:hyp1,GENDER,Male,46.20253164556962,47.840531561461795,1.6379999158921734
bolsenM6,bolsenM6:They/Them Pronouns in Forms:hyp1,race_4,Black,11.645569620253164,15.863787375415283,4.218217755162119
bolsenM6,bolsenM6:They/Them Pronouns in Forms:hyp1,race_4,White,64.0506329113924,84.13621262458472,20.085579713192317
bolsenM6,bolsenM6:They/Them Pronouns in Forms:hyp1,race_4,__MISSING__,24.30379746835443,0.0,24.30379746835443
bolsenM6,bolsenM6:They/Them Pronouns in Forms:hyp1,pid_3,Democrat,45.31645569620253,45.01661129568107,0.2998444005214651
bolsenM6,bolsenM6:They/Them Pronouns in Forms:hyp1,pid_3,Independent,18.10126582278481,16.11295681063123,1.9883090121535822
bolsenM6,bolsenM6:They/Them Pronouns in Forms:hyp1,pid_3,Republican,36.32911392405063,38.87043189368771,2.5413179696370776
bolsenM6,bolsenM6:They/Them Pronouns in Forms:hyp1,pid_3,__MISSING__,0.25316455696202533,0.0,0.25316455696202533
bolsenM6,bolsenM6:They/Them Pronouns in Forms:hyp1,age_5,Older than 50,47.848101265822784,53.073089700996675,5.224988435173891
bolsenM6,bolsenM6:They/Them Pronouns in Forms:hyp1,age_5,Younger than 50,52.151898734177216,46.926910299003325,5.224988435173891
bolsenM6,bolsenM6:They/Them Pronouns in Forms:hyp1,EDUC4,College,33.41772151898734,37.54152823920266,4.12380672021532
bolsenM6,bolsenM6:They/Them Pronouns in Forms:hyp1,EDUC4,Non-College,66.58227848101265,62.45847176079734,4.123806720215313
bolsenM6,bolsenM6:They/Them Pronouns in Forms:hyp1,ideo_3,Conservative,12.91139240506329,13.538205980066445,0.6268135750031547
bolsenM6,bolsenM6:They/Them Pronouns in Forms:hyp1,ideo_3,Liberal,71.64556962025317,71.17940199335548,0.4661676268976862
bolsenM6,bolsenM6:They/Them Pronouns in Forms:hyp1,ideo_3,Moderate,13.924050632911392,15.282392026578073,1.3583413936666808
bolsenM6,bolsenM6:They/Them Pronouns in Forms:hyp1,ideo_3,__MISSING__,1.5189873417721518,0.0,1.5189873417721518
bolsenM6,bolsenM6:They/Them Pronouns in Forms:hyp2,GENDER,Female,50.12658227848101,52.159468438538205,2.0328861600571955
bolsenM6,bolsenM6:They/Them Pronouns in Forms:hyp2,GENDER,Male,49.87341772151899,47.840531561461795,2.0328861600571955
bolsenM6,bolsenM6:They/Them Pronouns in Forms:hyp2,race_4,Black,12.784810126582277,15.863787375415283,3.078977248833006
bolsenM6,bolsenM6:They/Them Pronouns in Forms:hyp2,race_4,White,64.17721518987342,84.13621262458472,19.958997434711293
bolsenM6,bolsenM6:They/Them Pronouns in Forms:hyp2,race_4,__MISSING__,23.037974683544306,0.0,23.037974683544306
bolsenM6,bolsenM6:They/Them Pronouns in Forms:hyp2,pid_3,Democrat,47.08860759493671,45.01661129568107,2.0719962992556447
bolsenM6,bolsenM6:They/Them Pronouns in Forms:hyp2,pid_3,Independent,16.582278481012658,16.11295681063123,0.46932167038142936
bolsenM6,bolsenM6:They/Them Pronouns in Forms:hyp2,pid_3,Republican,35.949367088607595,38.87043189368771,2.921064805080114
bolsenM6,bolsenM6:They/Them Pronouns in Forms:hyp2,pid_3,__MISSING__,0.37974683544303794,0.0,0.37974683544303794
bolsenM6,bolsenM6:They/Them Pronouns in Forms:hyp2,age_5,Older than 50,47.9746835443038,53.073089700996675,5.0984061566928744
bolsenM6,bolsenM6:They/Them Pronouns in Forms:hyp2,age_5,Younger than 50,52.0253164556962,46.926910299003325,5.0984061566928744
bolsenM6,bolsenM6:They/Them Pronouns in Forms:hyp2,EDUC4,College,35.56962025316456,37.54152823920266,1.9719079860381044
bolsenM6,bolsenM6:They/Them Pronouns in Forms:hyp2,EDUC4,Non-College,64.43037974683544,62.45847176079734,1.9719079860381044
bolsenM6,bolsenM6:They/Them Pronouns in Forms:hyp2,ideo_3,Conservative,13.544303797468354,13.538205980066445,0.006097817401908401
bolsenM6,bolsenM6:They/Them Pronouns in Forms:hyp2,ideo_3,Liberal,70.0,71.17940199335548,1.1794019933554836
bolsenM6,bolsenM6:They/Them Pronouns in Forms:hyp2,ideo_3,Moderate,15.063291139240507,15.282392026578073,0.21910088733756616
bolsenM6,bolsenM6:They/Them Pronouns in Forms:hyp2,ideo_3,__MISSING__,1.3924050632911391,0.0,1.3924050632911391
bolsenM6,bolsenM6:They/Them Pronouns in Forms:hyp3,GENDER,Female,51.979565772669226,52.159468438538205,0.17990266586897974
bolsenM6,bolsenM6:They/Them Pronouns in Forms:hyp3,GENDER,Male,48.020434227330774,47.840531561461795,0.17990266586897974
bolsenM6,bolsenM6:They/Them Pronouns in Forms:hyp3,race_4,Black,13.026819923371647,15.863787375415283,2.836967452043636
bolsenM6,bolsenM6:They/Them Pronouns in Forms:hyp3,race_4,White,64.4955300127714,84.13621262458472,19.640682611813318
bolsenM6,bolsenM6:They/Them Pronouns in Forms:hyp3,race_4,__MISSING__,22.47765006385696,0.0,22.47765006385696
bolsenM6,bolsenM6:They/Them Pronouns in Forms:hyp3,pid_3,Democrat,47.63729246487867,45.01661129568107,2.620681169197603
bolsenM6,bolsenM6:They/Them Pronouns in Forms:hyp3,pid_3,Independent,17.24137931034483,16.11295681063123,1.1284224997136008
bolsenM6,bolsenM6:They/Them Pronouns in Forms:hyp3,pid_3,Republican,34.86590038314176,38.87043189368771,4.004531510545945
bolsenM6,bolsenM6:They/Them Pronouns in Forms:hyp3,pid_3,__MISSING__,0.2554278416347382,0.0,0.2554278416347382
bolsenM6,bolsenM6:They/Them Pronouns in Forms:hyp3,age_5,Older than 50,49.169859514687104,53.073089700996675,3.903230186309571
bolsenM6,bolsenM6:They/Them Pronouns in Forms:hyp3,age_5,Younger than 50,50.8301404853129,46.926910299003325,3.903230186309578
bolsenM6,bolsenM6:They/Them Pronouns in Forms:hyp3,EDUC4,College,36.015325670498086,37.54152823920266,1.5262025687045764
bolsenM6,bolsenM6:They/Them Pronouns in Forms:hyp3,EDUC4,Non-College,63.984674329501914,62.45847176079734,1.5262025687045764
bolsenM6,bolsenM6:They/Them Pronouns in Forms:hyp3,ideo_3,Conservative,12.260536398467432,13.538205980066445,1.2776695815990138
bolsenM6,bolsenM6:They/Them Pronouns in Forms:hyp3,ideo_3,Liberal,72.15836526181354,71.17940199335548,0.9789632684580596
bolsenM6,bolsenM6:They/Them Pronouns in Forms:hyp3,ideo_3,Moderate,14.687100893997446,15.282392026578073,0.5952911325806269
bolsenM6,bolsenM6:They/Them Pronouns in Forms:hyp3,ideo_3,__MISSING__,0.8939974457215836,0.0,0.8939974457215836
bolsenM6,bolsenM6:Using They/Them Pronouns:hyp1,GENDER,Female,54.23514538558787,52.159468438538205,2.075676947049665
bolsenM6,bolsenM6:Using They/Them Pronouns:hyp1,GENDER,Male,45.76485461441214,47.840531561461795,2.075676947049658
bolsenM6,bolsenM6:Using They/Them Pronouns:hyp1,race_4,Black,11.757269279393173,15.863787375415283,4.106518096022111
bolsenM6,bolsenM6:Using They/Them Pronouns:hyp1,race_4,White,63.96965865992414,84.13621262458472,20.166553964660572
bolsenM6,bolsenM6:Using They/Them Pronouns:hyp1,race_4,__MISSING__,24.27307206068268,0.0,24.27307206068268
bolsenM6,bolsenM6:Using They/Them Pronouns:hyp1,pid_3,Democrat,45.259165613147914,45.01661129568107,0.24255431746684764
bolsenM6,bolsenM6:Using They/Them Pronouns:hyp1,pid_3,Independent,18.20480404551201,16.11295681063123,2.091847234880781
bolsenM6,bolsenM6:Using They/Them Pronouns:hyp1,pid_3,Republican,36.283185840707965,38.87043189368771,2.5872460529797436
bolsenM6,bolsenM6:Using They/Them Pronouns:hyp1,pid_3,__MISSING__,0.2528445006321113,0.0,0.2528445006321113
bolsenM6,bolsenM6:Using They/Them Pronouns:hyp1,age_5,Older than 50,47.91403286978508,53.073089700996675,5.159056831211593
bolsenM6,bolsenM6:Using They/Them Pronouns:hyp1,age_5,Younger than 50,52.08596713021492,46.926910299003325,5.159056831211593
bolsenM6,bolsenM6:Using They/Them Pronouns:hyp1,EDUC4,College,33.501896333754736,37.54152823920266,4.039631905447926
bolsenM6,bolsenM6:Using They/Them Pronouns:hyp1,EDUC4,Non-College,66.49810366624526,62.45847176079734,4.039631905447919
bolsenM6,bolsenM6:Using They/Them Pronouns:hyp1,ideo_3,Conservative,13.02149178255373,13.538205980066445,0.5167141975127159
bolsenM6,bolsenM6:Using They/Them Pronouns:hyp1,ideo_3,Liberal,71.55499367888748,71.17940199335548,0.37559168553200095
bolsenM6,bolsenM6:Using They/Them Pronouns:hyp1,ideo_3,Moderate,13.90644753476612,15.282392026578073,1.3759444918119534
bolsenM6,bolsenM6:Using They/Them Pronouns:hyp1,ideo_3,__MISSING__,1.5170670037926675,0.0,1.5170670037926675
bolsenM6,bolsenM6:Using They/Them Pronouns:hyp2,GENDER,Female,50.31685678073511,52.159468438538205,1.842611657803097
bolsenM6,bolsenM6:Using They/Them Pronouns:hyp2,GENDER,Male,49.68314321926489,47.840531561461795,1.842611657803097
bolsenM6,bolsenM6:Using They/Them Pronouns:hyp2,race_4,Black,12.801013941698352,15.863787375415283,3.062773433716931
bolsenM6,bolsenM6:Using They/Them Pronouns:hyp2,race_4,White,64.00506970849176,84.13621262458472,20.131142916092955
bolsenM6,bolsenM6:Using They/Them Pronouns:hyp2,race_4,__MISSING__,23.193916349809886,0.0,23.193916349809886
bolsenM6,bolsenM6:Using They/Them Pronouns:hyp2,pid_3,Democrat,47.02154626108999,45.01661129568107,2.0049349654089212
bolsenM6,bolsenM6:Using They/Them Pronouns:hyp2,pid_3,Independent,16.730038022813687,16.11295681063123,0.6170812121824589
bolsenM6,bolsenM6:Using They/Them Pronouns:hyp2,pid_3,Republican,35.868187579214194,38.87043189368771,3.002244314473515
bolsenM6,bolsenM6:Using They/Them Pronouns:hyp2,pid_3,__MISSING__,0.38022813688212925,0.0,0.38022813688212925
bolsenM6,bolsenM6:Using They/Them Pronouns:hyp2,age_5,Older than 50,48.162230671736374,53.073089700996675,4.910859029260301
bolsenM6,bolsenM6:Using They/Them Pronouns:hyp2,age_5,Younger than 50,51.837769328263626,46.926910299003325,4.910859029260301
bolsenM6,bolsenM6:Using They/Them Pronouns:hyp2,EDUC4,College,35.741444866920155,37.54152823920266,1.8000833722825078
bolsenM6,bolsenM6:Using They/Them Pronouns:hyp2,EDUC4,Non-College,64.25855513307985,62.45847176079734,1.800083372282515
bolsenM6,bolsenM6:Using They/Them Pronouns:hyp2,ideo_3,Conservative,13.561470215462613,13.538205980066445,0.02326423539616762
bolsenM6,bolsenM6:Using They/Them Pronouns:hyp2,ideo_3,Liberal,70.08871989860583,71.17940199335548,1.0906820947496527
bolsenM6,bolsenM6:Using They/Them Pronouns:hyp2,ideo_3,Moderate,14.955640050697086,15.282392026578073,0.3267519758809865
bolsenM6,bolsenM6:Using They/Them Pronouns:hyp2,ideo_3,__MISSING__,1.394169835234474,0.0,1.394169835234474
bolsenM6,bolsenM6:Using They/Them Pronouns:hyp3,GENDER,Female,52.17391304347826,52.159468438538205,0.014444604940052841
bolsenM6,bolsenM6:Using They/Them Pronouns:hyp3,GENDER,Male,47.82608695652174,47.840531561461795,0.014444604940052841
bolsenM6,bolsenM6:Using They/Them Pronouns:hyp3,race_4,Black,13.043478260869565,15.863787375415283,2.8203091145457186
bolsenM6,bolsenM6:Using They/Them Pronouns:hyp3,race_4,White,64.45012787723785,84.13621262458472,19.686084747346868
bolsenM6,bolsenM6:Using They/Them Pronouns:hyp3,race_4,__MISSING__,22.506393861892583,0.0,22.506393861892583
bolsenM6,bolsenM6:Using They/Them Pronouns:hyp3,pid_3,Democrat,47.69820971867008,45.01661129568107,2.681598422989012
bolsenM6,bolsenM6:Using They/Them Pronouns:hyp3,pid_3,Independent,17.263427109974426,16.11295681063123,1.1504702993431977
bolsenM6,bolsenM6:Using They/Them Pronouns:hyp3,pid_3,Republican,34.78260869565217,38.87043189368771,4.087823198035537
bolsenM6,bolsenM6:Using They/Them Pronouns:hyp3,pid_3,__MISSING__,0.2557544757033248,0.0,0.2557544757033248
bolsenM6,bolsenM6:Using They/Them Pronouns:hyp3,age_5,Older than 50,49.36061381074169,53.073089700996675,3.7124758902549857
bolsenM6,bolsenM6:Using They/Them Pronouns:hyp3,age_5,Younger than 50,50.63938618925832,46.926910299003325,3.712475890254993
bolsenM6,bolsenM6:Using They/Them Pronouns:hyp3,EDUC4,College,36.18925831202046,37.54152823920266,1.3522699271821992
bolsenM6,bolsenM6:Using They/Them Pronouns:hyp3,EDUC4,Non-College,63.810741687979544,62.45847176079734,1.3522699271822063
bolsenM6,bolsenM6:Using They/Them Pronouns:hyp3,ideo_3,Conservative,12.27621483375959,13.538205980066445,1.2619911463068547
bolsenM6,bolsenM6:Using They/Them Pronouns:hyp3,ideo_3,Liberal,72.25063938618926,71.17940199335548,1.0712373928337797
bolsenM6,bolsenM6:Using They/Them Pronouns:hyp3,ideo_3,Moderate,14.578005115089516,15.282392026578073,0.704386911488557
bolsenM6,bolsenM6:Using They/Them Pronouns:hyp3,ideo_3,__MISSING__,0.8951406649616368,0.0,0.8951406649616368
bucci1408,bucci1408:Rewarding:hyp1,GENDER,Female,47.05069124423963,43.730308758664144,3.320382485575486
bucci1408,bucci1408:Rewarding:hyp1,GENDER,Male,52.94930875576037,56.26969124133585,3.320382485575479
bucci1408,bucci1408:Rewarding:hyp1,race_4,Black,13.686635944700463,19.092627599243855,5.405991654543392
bucci1408,bucci1408:Rewarding:hyp1,race_4,White,58.34101382488479,80.90737240075615,22.566358575871355
bucci1408,bucci1408:Rewarding:hyp1,race_4,__MISSING__,27.972350230414744,0.0,27.972350230414744
bucci1408,bucci1408:Rewarding:hyp1,age_5,Older than 50,31.19815668202765,34.84562066792691,3.6474639858992575
bucci1408,bucci1408:Rewarding:hyp1,age_5,Younger than 50,68.80184331797236,65.15437933207309,3.6474639858992646
bucci1408,bucci1408:Rewarding:hyp1,EDUC4,College,33.963133640552996,33.33333333333333,0.6298003072196678
bucci1408,bucci1408:Rewarding:hyp1,EDUC4,Non-College,66.036866359447,66.66666666666666,0.6298003072196536
