donor_key,request_key,custom_id,assigned_variant,assigned_filler,condition_id,outcome_id,requested_model,seed,prompt_hash,schema_version,prompt_protocol_id,prompt_compiler_version,engine_config_hash,response_format_instruction_version,study_id,request_stage,phase,intended_logical_identity,replacement_replicate_id
LP0002,G|LP0002|control|replicate_2|fmt_v2,G-0eabf758282c05ef49cc84da6eb1bb8b20d080bb,3,dances,control,full_questionnaire,google/gemma-4-31B-it,1166275743,dc1b0f4100972e86c5216e54b0714d461c66ad91730545f49dde9d9d1025ece8,905bfa891691989f56a0b2f5b889f2109e5d381776f24e9293dc76a949c1c4f5,krsteski_demo_survey_adapted_v1,prompt_compiler_v2_split_g_f,c444a6eac0c7b6cd317bc71d70e09e8e9d8b0a57308ceb8b4c11921129cc5ae1,v2,target,standard,standard_g_control_repair_v2,G|LP0002|control,2
LP0003,G|LP0003|control|replicate_2|fmt_v2,G-d2b05770c83dd324270ba0cd9d6fe1ff01d6de55,2,baseball,control,full_questionnaire,google/gemma-4-31B-it,1839104520,33e6b67bf415ef1a8c43d64647bdfd5c26d3be0185caf7c53f6b6a6be475ec5b,11493604706794d63835530fa42668773c9769ba6a103753272c0e0a8193a9c0,krsteski_demo_survey_adapted_v1,prompt_compiler_v2_split_g_f,c444a6eac0c7b6cd317bc71d70e09e8e9d8b0a57308ceb8b4c11921129cc5ae1,v2,target,standard,standard_g_control_repair_v2,G|LP0003|control,2
LP0004,G|LP0004|control|replicate_2|fmt_v2,G-dafa0a12197a645d0c2d71f6244bf9040972234c,3,dances,control,full_questionnaire,google/gemma-4-31B-it,1332639876,b1598f64d9d5fd1aab6bef1f2438620cf985476a1ca068a06b9bb89258361983,946056600450ab8cdd39a4bc8983792aef7b46b0b22a2395d1bf558a96e4097f,krsteski_demo_survey_adapted_v1,prompt_compiler_v2_split_g_f,c444a6eac0c7b6cd317bc71d70e09e8e9d8b0a57308ceb8b4c11921129cc5ae1,v2,target,standard,standard_g_control_repair_v2,G|LP0004|control,2
LP0005,G|LP0005|control|replicate_2|fmt_v2,G-a5e2c962e52c229188ff097e43af7fa4567b6d34,2,baseball,control,full_questionnaire,google/gemma-4-31B-it,821146969,3f3682281bd40a006308f061ac721f824482a57fb8fb1b05a7e17aa7e9f6d336,a688b9ec952f1287c03f1451368ae57ac298be14e4f128e7dbfbc419291ecfa2,krsteski_demo_survey_adapted_v1,prompt_compiler_v2_split_g_f,c444a6eac0c7b6cd317bc71d70e09e8e9d8b0a57308ceb8b4c11921129cc5ae1,v2,target,standard,standard_g_control_repair_v2,G|LP0005|control,2
LP0007,G|LP0007|control|replicate_2|fmt_v2,G-299f76c437d32539586d5e8cd0286c8c65176a74,3,dances,control,full_questionnaire,google/gemma-4-31B-it,185733826,725b1e7f7ae475ca44069ebe58a74ddb42a149fbd91379196913821d389832c2,bc2ab2add0d7e6350b4283df4a1c81de8a939fc5fab9cdf0fe770e4fe0b02c9e,krsteski_demo_survey_adapted_v1,prompt_compiler_v2_split_g_f,c444a6eac0c7b6cd317bc71d70e09e8e9d8b0a57308ceb8b4c11921129cc5ae1,v2,target,standard,standard_g_control_repair_v2,G|LP0007|control,2
LP0008,G|LP0008|control|replicate_2|fmt_v2,G-28e0aa4ca3bb1a2d23fb2543f1952a30b7627886,2,baseball,control,full_questionnaire,google/gemma-4-31B-it,1971089094,5cfd70c25696e807eb30ef3bff9f0d7ec2eca3d7b7210d4103a125fd9acea039,a688b9ec952f1287c03f1451368ae57ac298be14e4f128e7dbfbc419291ecfa2,krsteski_demo_survey_adapted_v1,prompt_compiler_v2_split_g_f,c444a6eac0c7b6cd317bc71d70e09e8e9d8b0a57308ceb8b4c11921129cc5ae1,v2,target,standard,standard_g_control_repair_v2,G|LP0008|control,2
LP0009,G|LP0009|control|replicate_2|fmt_v2,G-3116aed27f72faad8894e079090bf771816be266,3,dances,control,full_questionnaire,google/gemma-4-31B-it,1637898322,168d24292e6f8420e848ecf2a1592883af258ce0e40b5bbcabb33cee7beee1c3,65861bb80d12fa50b6b8ac6da95c62ea8b9b211990f72cbf6a380dc704b3c4f1,krsteski_demo_survey_adapted_v1,prompt_compiler_v2_split_g_f,c444a6eac0c7b6cd317bc71d70e09e8e9d8b0a57308ceb8b4c11921129cc5ae1,v2,target,standard,standard_g_control_repair_v2,G|LP0009|control,2
LP0011,G|LP0011|control|replicate_2|fmt_v2,G-169d1d85c853fdca638e8ddee690c7cb332572c4,2,baseball,control,full_questionnaire,google/gemma-4-31B-it,1972254933,3a9d470dce924fc6c9eabd4f9185c3cfc197c31c55463070125af16bd02a015b,9965dbbd78907789b090a31a64821edc5afb4e49243f6dc0e4ad9272a342ff5d,krsteski_demo_survey_adapted_v1,prompt_compiler_v2_split_g_f,c444a6eac0c7b6cd317bc71d70e09e8e9d8b0a57308ceb8b4c11921129cc5ae1,v2,target,standard,standard_g_control_repair_v2,G|LP0011|control,2
LP0012,G|LP0012|control|replicate_2|fmt_v2,G-07e587e971a2315740892f9e14688f3cab261d60,3,dances,control,full_questionnaire,google/gemma-4-31B-it,23937322,1f90fbf6ba522557d11e90a5a0a349267c29eaf355e0314b798461b4d8ee3850,a9a17d71ff912bda5de0b51aa01d4899976866e2b7576a3599597ddb74247476,krsteski_demo_survey_adapted_v1,prompt_compiler_v2_split_g_f,c444a6eac0c7b6cd317bc71d70e09e8e9d8b0a57308ceb8b4c11921129cc5ae1,v2,target,standard,standard_g_control_repair_v2,G|LP0012|control,2
LP0014,G|LP0014|control|replicate_2|fmt_v2,G-6d6a3c27eb9c048148e58dbe43c366944b661a29,3,dances,control,full_questionnaire,google/gemma-4-31B-it,1181777106,beb04e38a1a2d7ae9af27691a2d84a8951fbb1098123d9370c07752344be0300,7eadf06f060f845c1408260c94fa34a7dbc7f7928d4382e4aec9e9bb5762f4c8,krsteski_demo_survey_adapted_v1,prompt_compiler_v2_split_g_f,c444a6eac0c7b6cd317bc71d70e09e8e9d8b0a57308ceb8b4c11921129cc5ae1,v2,target,standard,standard_g_control_repair_v2,G|LP0014|control,2
LP0015,G|LP0015|control|replicate_2|fmt_v2,G-cb802a951ea39dd307291ff2c28cbb624e7e1dcb,3,dances,control,full_questionnaire,google/gemma-4-31B-it,899937024,2d241a95e4602c013e11e058502ede3e9611cfae055adf9b5227e4ab09fcaafe,9cf4810f79623ab280b4671157c7c2723292729c3010d9834ac809d59889b0d7,krsteski_demo_survey_adapted_v1,prompt_compiler_v2_split_g_f,c444a6eac0c7b6cd317bc71d70e09e8e9d8b0a57308ceb8b4c11921129cc5ae1,v2,target,standard,standard_g_control_repair_v2,G|LP0015|control,2
LP0016,G|LP0016|control|replicate_2|fmt_v2,G-9a37e927585a16e86f6f25f3d601d63c6711adc0,3,dances,control,full_questionnaire,google/gemma-4-31B-it,214559033,d1125be890a38ccbb7b2b549890603a129ae4f8e569f5b86ba390cd8592a52a1,1e41c27a019e4e9312440ca295da27f2e1b6fe91483bc3a93110d993824f2569,krsteski_demo_survey_adapted_v1,prompt_compiler_v2_split_g_f,c444a6eac0c7b6cd317bc71d70e09e8e9d8b0a57308ceb8b4c11921129cc5ae1,v2,target,standard,standard_g_control_repair_v2,G|LP0016|control,2
LP0017,G|LP0017|control|replicate_2|fmt_v2,G-02f00f79dce9c97dc06883ac2756840b387f988e,2,baseball,control,full_questionnaire,google/gemma-4-31B-it,1657399408,5ba045aa7e5f0171a8e21fb4e549fb2dbfd3ce76646b309855ed612d93b01fd7,f6e79632b071296a8163c418ba80cacd2272850a3d280064326088189590fa0d,krsteski_demo_survey_adapted_v1,prompt_compiler_v2_split_g_f,c444a6eac0c7b6cd317bc71d70e09e8e9d8b0a57308ceb8b4c11921129cc5ae1,v2,target,standard,standard_g_control_repair_v2,G|LP0017|control,2
LP0019,G|LP0019|control|replicate_2|fmt_v2,G-50b7f07f10e257172d3257f9db9ec2da63a3749f,3,dances,control,full_questionnaire,google/gemma-4-31B-it,844249110,19fad08fb1de5f25b37098df9785f9cc479e7d9a3dacef1a894ab0434e0de53d,c1a00b8991d83388f8675b3b6ccfd8954874fb030e040187297e6ac10f469390,krsteski_demo_survey_adapted_v1,prompt_compiler_v2_split_g_f,c444a6eac0c7b6cd317bc71d70e09e8e9d8b0a57308ceb8b4c11921129cc5ae1,v2,target,standard,standard_g_control_repair_v2,G|LP0019|control,2
LP0020,G|LP0020|control|replicate_2|fmt_v2,G-5e661c861a83fc3f4efe79cf59a8abc27cf9f724,2,baseball,control,full_questionnaire,google/gemma-4-31B-it,1464874316,2d069d8da857bf586e600b52f0d13266ba6f75cf8bfae6ad8a852838590fb3bd,5d30f16e2951aefaf7b1c06bab9f4dd3c4057df2aeefd34598c692d72f306507,krsteski_demo_survey_adapted_v1,prompt_compiler_v2_split_g_f,c444a6eac0c7b6cd317bc71d70e09e8e9d8b0a57308ceb8b4c11921129cc5ae1,v2,target,standard,standard_g_control_repair_v2,G|LP0020|control,2
LP0021,G|LP0021|control|replicate_2|fmt_v2,G-1b44a8d6039ba6b6a2b7b515943fe37f58ae9d3b,3,dances,control,full_questionnaire,google/gemma-4-31B-it,975501410,a2a19bb7e176e0580b1f4ddce2a6e4ad095229c940f9b942a1f28e296cad2512,5f7d07b470b54a5cafb17164344fd857d32476ff684398def613e82b6b9c0584,krsteski_demo_survey_adapted_v1,prompt_compiler_v2_split_g_f,c444a6eac0c7b6cd317bc71d70e09e8e9d8b0a57308ceb8b4c11921129cc5ae1,v2,target,standard,standard_g_control_repair_v2,G|LP0021|control,2
LP0024,G|LP0024|control|replicate_2|fmt_v2,G-898093364c5bc4c4c1763fda8c41d81f106a0566,3,dances,control,full_questionnaire,google/gemma-4-31B-it,1599925042,d7639ace78dc3798169c083e46936571a83d0fd4806b27d74bfdc48055c0184d,17e840beffca49f7aad5b74c0d2dd7f7d56596a8fce6f5e8ef555d0f04950118,krsteski_demo_survey_adapted_v1,prompt_compiler_v2_split_g_f,c444a6eac0c7b6cd317bc71d70e09e8e9d8b0a57308ceb8b4c11921129cc5ae1,v2,target,standard,standard_g_control_repair_v2,G|LP0024|control,2
LP0026,G|LP0026|control|replicate_2|fmt_v2,G-e6cabc8b53f4623154f3ba0106fb87e9b557d141,2,baseball,control,full_questionnaire,google/gemma-4-31B-it,562682699,e4e18db1779707e696b389143711af61b93a3db9b086d2c4f51eadee47f86eaf,df3cffc3387d2d032d676be1885201bdab5635202d3ecd7c397542171469c65d,krsteski_demo_survey_adapted_v1,prompt_compiler_v2_split_g_f,c444a6eac0c7b6cd317bc71d70e09e8e9d8b0a57308ceb8b4c11921129cc5ae1,v2,target,standard,standard_g_control_repair_v2,G|LP0026|control,2
LP0027,G|LP0027|control|replicate_2|fmt_v2,G-b856c3f4c508e9a57f04517941dca4fe4d26fe75,3,dances,control,full_questionnaire,google/gemma-4-31B-it,901149073,913fa5544288756e591f484ca2dca444acab42d93895dd1f41385cdbc15bdb74,c9c7b262ac83f5211692d3dfc4f5cb9d347c27912d75d980a273fdda09a88f38,krsteski_demo_survey_adapted_v1,prompt_compiler_v2_split_g_f,c444a6eac0c7b6cd317bc71d70e09e8e9d8b0a57308ceb8b4c11921129cc5ae1,v2,target,standard,standard_g_control_repair_v2,G|LP0027|control,2
LP0028,G|LP0028|control|replicate_2|fmt_v2,G-dbf2bf3127525ed8c23270f0fced459aab15d8df,3,dances,control,full_questionnaire,google/gemma-4-31B-it,1597496637,522ceb8c7851e0e0ac8cf0caf6d6934c590496033e4614accc35e5590cdab0ed,2f283341263ece8bdda396bb0a7b492edf60ad6c271ad09efba29b9d8231244d,krsteski_demo_survey_adapted_v1,prompt_compiler_v2_split_g_f,c444a6eac0c7b6cd317bc71d70e09e8e9d8b0a57308ceb8b4c11921129cc5ae1,v2,target,standard,standard_g_control_repair_v2,G|LP0028|control,2
LP0029,G|LP0029|control|replicate_2|fmt_v2,G-71f5cf1e58e702c0ce3daa1b134877ea9c1793ab,3,dances,control,full_questionnaire,google/gemma-4-31B-it,1020436734,12902d6bcdaadce5409b0e56895d42cd2dd595ca00f56dc7130a7f7e23dd3e36,2f283341263ece8bdda396bb0a7b492edf60ad6c271ad09efba29b9d8231244d,krsteski_demo_survey_adapted_v1,prompt_compiler_v2_split_g_f,c444a6eac0c7b6cd317bc71d70e09e8e9d8b0a57308ceb8b4c11921129cc5ae1,v2,target,standard,standard_g_control_repair_v2,G|LP0029|control,2
LP0030,G|LP0030|control|replicate_2|fmt_v2,G-584152b897ad6bc786295664217894d596dd4e37,2,baseball,control,full_questionnaire,google/gemma-4-31B-it,1211109689,f78561eea7d8b336d93f46ea3a5b7b18f300da8977888066306628f948ceaa40,0dbe0028b8b567069f50a339d038e32ebe03239ce5b220686ba319356ec5b996,krsteski_demo_survey_adapted_v1,prompt_compiler_v2_split_g_f,c444a6eac0c7b6cd317bc71d70e09e8e9d8b0a57308ceb8b4c11921129cc5ae1,v2,target,standard,standard_g_control_repair_v2,G|LP0030|control,2
LP0032,G|LP0032|control|replicate_2|fmt_v2,G-88661af7525d4e1179b5e35443e07f74adf85fb0,3,dances,control,full_questionnaire,google/gemma-4-31B-it,1663665153,2f9c49d601317aece068a7c18507361bb3f9161e9bb9d69f726cb142e264dcda,80795f7420a1828775290d44b68771a715025c5acdc160e5378bc09d1b5cd531,krsteski_demo_survey_adapted_v1,prompt_compiler_v2_split_g_f,c444a6eac0c7b6cd317bc71d70e09e8e9d8b0a57308ceb8b4c11921129cc5ae1,v2,target,standard,standard_g_control_repair_v2,G|LP0032|control,2
LP0034,G|LP0034|control|replicate_2|fmt_v2,G-5be65de7f4fc9927cdf7b1418e0fb759beed464e,2,baseball,control,full_questionnaire,google/gemma-4-31B-it,751391992,4857997668cc2e70d9a814c20942452ebf1409d09eae5b834adaba6b78e3c58c,0dbe0028b8b567069f50a339d038e32ebe03239ce5b220686ba319356ec5b996,krsteski_demo_survey_adapted_v1,prompt_compiler_v2_split_g_f,c444a6eac0c7b6cd317bc71d70e09e8e9d8b0a57308ceb8b4c11921129cc5ae1,v2,target,standard,standard_g_control_repair_v2,G|LP0034|control,2
LP0035,G|LP0035|control|replicate_2|fmt_v2,G-f8355150ed96e43578fc84507636734ec5f6fc01,3,dances,control,full_questionnaire,google/gemma-4-31B-it,1577158362,2dca9a040ef72270a08dfb1ac00e42394c96399964506494e052cb3436fb4c7f,0aea5f34d3d057b0d300be3ff57b856d896603ba75b1a0863de9cd5246964d13,krsteski_demo_survey_adapted_v1,prompt_compiler_v2_split_g_f,c444a6eac0c7b6cd317bc71d70e09e8e9d8b0a57308ceb8b4c11921129cc5ae1,v2,target,standard,standard_g_control_repair_v2,G|LP0035|control,2
LP0036,G|LP0036|control|replicate_2|fmt_v2,G-9755afae95b74a46b51675ac649be92604ab4d4d,3,dances,control,full_questionnaire,google/gemma-4-31B-it,1147316645,d898f941fc876f1d1321c92779dc51201f83664665e8a0885922b51a4c703f94,c9f997b775e548ba417a5910bd5850278f5ab015be7bb45f59d26a44b9ca7485,krsteski_demo_survey_adapted_v1,prompt_compiler_v2_split_g_f,c444a6eac0c7b6cd317bc71d70e09e8e9d8b0a57308ceb8b4c11921129cc5ae1,v2,target,standard,standard_g_control_repair_v2,G|LP0036|control,2
LP0037,G|LP0037|control|replicate_2|fmt_v2,G-a56cc736e3401c891d31ee580b35bf01358ad59c,3,dances,control,full_questionnaire,google/gemma-4-31B-it,773434105,c247adfe059a6c02cb53120046d05b2a4ad993a6281901077c5619decf7ce624,0dbe0028b8b567069f50a339d038e32ebe03239ce5b220686ba319356ec5b996,krsteski_demo_survey_adapted_v1,prompt_compiler_v2_split_g_f,c444a6eac0c7b6cd317bc71d70e09e8e9d8b0a57308ceb8b4c11921129cc5ae1,v2,target,standard,standard_g_control_repair_v2,G|LP0037|control,2
LP0039,G|LP0039|control|replicate_2|fmt_v2,G-a9306918e62b29eef1ec089df43098aea492aff5,3,dances,control,full_questionnaire,google/gemma-4-31B-it,948698146,6b2cb17ec597555d171b75f690b2c4fa6b49eefe4ca0521ce83285cd0fa3f55f,8f8e905aae85f2ea3b9ec64392fea7166ac3e808c7205d22ed4102dd1751c845,krsteski_demo_survey_adapted_v1,prompt_compiler_v2_split_g_f,c444a6eac0c7b6cd317bc71d70e09e8e9d8b0a57308ceb8b4c11921129cc5ae1,v2,target,standard,standard_g_control_repair_v2,G|LP0039|control,2
LP0041,G|LP0041|control|replicate_2|fmt_v2,G-9cd0f87c5430444b837743581a0f0b2ad0c0a501,2,baseball,control,full_questionnaire,google/gemma-4-31B-it,231880006,2840c5bb40ee89a2efd3daa8bf211dcfc552fba0da47e942a642cd5ca8219887,19c3b5916bf557b6fa867f2b93d45322e95a195701995857c8a25831ac7660e5,krsteski_demo_survey_adapted_v1,prompt_compiler_v2_split_g_f,c444a6eac0c7b6cd317bc71d70e09e8e9d8b0a57308ceb8b4c11921129cc5ae1,v2,target,standard,standard_g_control_repair_v2,G|LP0041|control,2
LP0042,G|LP0042|control|replicate_2|fmt_v2,G-92417a8f623c53bc6f8a37123aa5feb9d540ac48,3,dances,control,full_questionnaire,google/gemma-4-31B-it,113199325,bd639b863050f61b08c4315ecb7fc8c034f11a560104c64a31f845a800af4ae7,f56353b83194586fe0399f9880caf29829d2c29e68cd12ecb39a9f31810f47f2,krsteski_demo_survey_adapted_v1,prompt_compiler_v2_split_g_f,c444a6eac0c7b6cd317bc71d70e09e8e9d8b0a57308ceb8b4c11921129cc5ae1,v2,target,standard,standard_g_control_repair_v2,G|LP0042|control,2
LP0043,G|LP0043|control|replicate_2|fmt_v2,G-5daa2e7da49ed2c39795674f5d750fd2913a84df,3,dances,control,full_questionnaire,google/gemma-4-31B-it,1609772991,6f3a6a54afe1ddcfc317f38837689ac3c464c21f677c84772a9bb9f79ddf4edd,ab0fdf2f5a89282ad9bbbe710f0bce609804284bbc2b55b041f4bc61763c57e7,krsteski_demo_survey_adapted_v1,prompt_compiler_v2_split_g_f,c444a6eac0c7b6cd317bc71d70e09e8e9d8b0a57308ceb8b4c11921129cc5ae1,v2,target,standard,standard_g_control_repair_v2,G|LP0043|control,2
LP0044,G|LP0044|control|replicate_2|fmt_v2,G-6af7cbda0cd2d7b2bdda2ba82c0cb3d478dabc6e,2,baseball,control,full_questionnaire,google/gemma-4-31B-it,1656909671,11beba1a5ff679504b24bfb8b32d676978816d6b6047e72c82433aec6235bdb6,87e3ccbe57528e4eff1e3b8bc29173f7bfb94429cf88915552a6975a5adc8377,krsteski_demo_survey_adapted_v1,prompt_compiler_v2_split_g_f,c444a6eac0c7b6cd317bc71d70e09e8e9d8b0a57308ceb8b4c11921129cc5ae1,v2,target,standard,standard_g_control_repair_v2,G|LP0044|control,2
LP0045,G|LP0045|control|replicate_2|fmt_v2,G-8c4e734298ebf0286367c372f52d1ab643f6a0db,2,baseball,control,full_questionnaire,google/gemma-4-31B-it,831051439,33b10c768f4d09f284710f7759cd9f20d4e861acd0b94c203e17a12ce1432bbe,e1ba8f56f11ff0231487cbe2d31f95799407ffa7be765765565a7c1337335fb4,krsteski_demo_survey_adapted_v1,prompt_compiler_v2_split_g_f,c444a6eac0c7b6cd317bc71d70e09e8e9d8b0a57308ceb8b4c11921129cc5ae1,v2,target,standard,standard_g_control_repair_v2,G|LP0045|control,2
LP0046,G|LP0046|control|replicate_2|fmt_v2,G-e4393f471ccae6241476bf601dfdc3f472d456b6,3,dances,control,full_questionnaire,google/gemma-4-31B-it,1698522293,225fabd311aa45c8d7ce99a7efa854732ecbbf2b1e6f1778b183fca4b658fd5a,f6e79632b071296a8163c418ba80cacd2272850a3d280064326088189590fa0d,krsteski_demo_survey_adapted_v1,prompt_compiler_v2_split_g_f,c444a6eac0c7b6cd317bc71d70e09e8e9d8b0a57308ceb8b4c11921129cc5ae1,v2,target,standard,standard_g_control_repair_v2,G|LP0046|control,2
LP0047,G|LP0047|control|replicate_2|fmt_v2,G-a2c66d5ec645fa4701d293bd90af7686822ffbac,2,baseball,control,full_questionnaire,google/gemma-4-31B-it,198366471,59b5add24c909962c8e2cfc4f7dbb2e2a64fc7c7eca89b174c8b2229c1793175,b3d274444556be3591afc28428470a85a0cfa3f9daaec8f6baf7cc3e9e220e28,krsteski_demo_survey_adapted_v1,prompt_compiler_v2_split_g_f,c444a6eac0c7b6cd317bc71d70e09e8e9d8b0a57308ceb8b4c11921129cc5ae1,v2,target,standard,standard_g_control_repair_v2,G|LP0047|control,2
LP0049,G|LP0049|control|replicate_2|fmt_v2,G-fa72efc6d6c119d9bc6a64c940dddea3d5a7e813,3,dances,control,full_questionnaire,google/gemma-4-31B-it,1269234026,a4b983c3d1d04c2ae00de1d986e5dd15a718117566dcd91ecefa8cc00c31b9a4,d94445606cda6c5048271412ed232f3610e9b3a57806f6bf4039d733c88da962,krsteski_demo_survey_adapted_v1,prompt_compiler_v2_split_g_f,c444a6eac0c7b6cd317bc71d70e09e8e9d8b0a57308ceb8b4c11921129cc5ae1,v2,target,standard,standard_g_control_repair_v2,G|LP0049|control,2
LP0050,G|LP0050|control|replicate_2|fmt_v2,G-3dd0e8f9e8489303ccd2c7df6d65149f8469116e,2,baseball,control,full_questionnaire,google/gemma-4-31B-it,1676305655,9cf829875b76bfd7e2a2a58507aa72460de5fce805f445166d85499cde944089,f6e79632b071296a8163c418ba80cacd2272850a3d280064326088189590fa0d,krsteski_demo_survey_adapted_v1,prompt_compiler_v2_split_g_f,c444a6eac0c7b6cd317bc71d70e09e8e9d8b0a57308ceb8b4c11921129cc5ae1,v2,target,standard,standard_g_control_repair_v2,G|LP0050|control,2
LP0052,G|LP0052|control|replicate_2|fmt_v2,G-55f0c9430f37a852925b7fe479e8dac0353758e0,2,baseball,control,full_questionnaire,google/gemma-4-31B-it,991509209,01e90a88467e5455ef406c97528757f3afe0a99d386b3dd2d656ce8355756156,4a8ccc2f7e458cc0e1100c7470299f3d0c02e4c01833b8a586127861fb98f104,krsteski_demo_survey_adapted_v1,prompt_compiler_v2_split_g_f,c444a6eac0c7b6cd317bc71d70e09e8e9d8b0a57308ceb8b4c11921129cc5ae1,v2,target,standard,standard_g_control_repair_v2,G|LP0052|control,2
LP0054,G|LP0054|control|replicate_2|fmt_v2,G-0834037b238fc619b8ab0197751c25f443f509dc,2,baseball,control,full_questionnaire,google/gemma-4-31B-it,871877903,2bd4b116a0928b79442d90abc72f9ad0819d2bb27358f376301b48dae7c810af,f6e79632b071296a8163c418ba80cacd2272850a3d280064326088189590fa0d,krsteski_demo_survey_adapted_v1,prompt_compiler_v2_split_g_f,c444a6eac0c7b6cd317bc71d70e09e8e9d8b0a57308ceb8b4c11921129cc5ae1,v2,target,standard,standard_g_control_repair_v2,G|LP0054|control,2
LP0055,G|LP0055|control|replicate_2|fmt_v2,G-0284489e20ead78c0f630d7a094c716af0a51251,3,dances,control,full_questionnaire,google/gemma-4-31B-it,636709064,3b0d72f965f7a68812733afba2cdaaeb3616a96dbe9650c58c418b962142efcf,173ecccd0aeff9962c089cb3cf359fcbd1de1130be32d8d588600bc1195636c0,krsteski_demo_survey_adapted_v1,prompt_compiler_v2_split_g_f,c444a6eac0c7b6cd317bc71d70e09e8e9d8b0a57308ceb8b4c11921129cc5ae1,v2,target,standard,standard_g_control_repair_v2,G|LP0055|control,2
LP0056,G|LP0056|control|replicate_2|fmt_v2,G-903b22b2e06450440fb7730ec268826947711b80,3,dances,control,full_questionnaire,google/gemma-4-31B-it,14325164,bedb29f0899d7fcaad3412a0eab8ac3cc77eddafbc767413971b8b7500a4fd76,8e7e715dd759c9180343ac172b647c46fa3af0d9e1e5a240759b1b37312271fd,krsteski_demo_survey_adapted_v1,prompt_compiler_v2_split_g_f,c444a6eac0c7b6cd317bc71d70e09e8e9d8b0a57308ceb8b4c11921129cc5ae1,v2,target,standard,standard_g_control_repair_v2,G|LP0056|control,2
LP0057,G|LP0057|control|replicate_2|fmt_v2,G-031d3a6b9428a36cd754e51a9697ff052fbf3370,2,baseball,control,full_questionnaire,google/gemma-4-31B-it,442701891,a2faab7e1ce9483139bf59c58ff1d4106d0989db360433d266927457e39864d5,c51de1e63d334c33719959a966939471f82e96fd977dc745dafab433357af94e,krsteski_demo_survey_adapted_v1,prompt_compiler_v2_split_g_f,c444a6eac0c7b6cd317bc71d70e09e8e9d8b0a57308ceb8b4c11921129cc5ae1,v2,target,standard,standard_g_control_repair_v2,G|LP0057|control,2
LP0063,G|LP0063|control|replicate_2|fmt_v2,G-28c1075d74fd066c938c40c7af876779a0e26292,3,dances,control,full_questionnaire,google/gemma-4-31B-it,1182733607,e425f43946355e49dd659c5c0fcbd6b576968591b05fe98b39335299f5f413b8,9965dbbd78907789b090a31a64821edc5afb4e49243f6dc0e4ad9272a342ff5d,krsteski_demo_survey_adapted_v1,prompt_compiler_v2_split_g_f,c444a6eac0c7b6cd317bc71d70e09e8e9d8b0a57308ceb8b4c11921129cc5ae1,v2,target,standard,standard_g_control_repair_v2,G|LP0063|control,2
LP0064,G|LP0064|control|replicate_2|fmt_v2,G-87cc777a448a2b181a6b10dc1da8fccf902a46ff,2,baseball,control,full_questionnaire,google/gemma-4-31B-it,1411586574,9ebe5ce064a633f47b8c2186f5fcbf9c25f298d550fed6cca19502adc9696072,946056600450ab8cdd39a4bc8983792aef7b46b0b22a2395d1bf558a96e4097f,krsteski_demo_survey_adapted_v1,prompt_compiler_v2_split_g_f,c444a6eac0c7b6cd317bc71d70e09e8e9d8b0a57308ceb8b4c11921129cc5ae1,v2,target,standard,standard_g_control_repair_v2,G|LP0064|control,2
LP0065,G|LP0065|control|replicate_2|fmt_v2,G-3554e801ed4723ba5ec5ea7a29532f312f2eda11,2,baseball,control,full_questionnaire,google/gemma-4-31B-it,1475408830,53430685e8640301c8dea7b96150efcd47a7b93847a8489dedb6f9d0e954b9c2,17e840beffca49f7aad5b74c0d2dd7f7d56596a8fce6f5e8ef555d0f04950118,krsteski_demo_survey_adapted_v1,prompt_compiler_v2_split_g_f,c444a6eac0c7b6cd317bc71d70e09e8e9d8b0a57308ceb8b4c11921129cc5ae1,v2,target,standard,standard_g_control_repair_v2,G|LP0065|control,2
LP0066,G|LP0066|control|replicate_2|fmt_v2,G-af827d0cf970fe5dfad689319520c2a46c328ce6,2,baseball,control,full_questionnaire,google/gemma-4-31B-it,1484126329,6c27fd577371272dbc2b8892c1a8598269d5815149675272bf45d54635740182,0e0e962bc48e41e706fcd85e7194ed969e2b19534dce8b4f6cd6f56b1e85569e,krsteski_demo_survey_adapted_v1,prompt_compiler_v2_split_g_f,c444a6eac0c7b6cd317bc71d70e09e8e9d8b0a57308ceb8b4c11921129cc5ae1,v2,target,standard,standard_g_control_repair_v2,G|LP0066|control,2
LP0067,G|LP0067|control|replicate_2|fmt_v2,G-e2e49125dfd046e9aaefa41f450d7961bcac0373,3,dances,control,full_questionnaire,google/gemma-4-31B-it,630810936,ae5983d137243f74d560f395859c4aeaa6c79cbc9acbad70df5ddce28c7b74e3,5f7d07b470b54a5cafb17164344fd857d32476ff684398def613e82b6b9c0584,krsteski_demo_survey_adapted_v1,prompt_compiler_v2_split_g_f,c444a6eac0c7b6cd317bc71d70e09e8e9d8b0a57308ceb8b4c11921129cc5ae1,v2,target,standard,standard_g_control_repair_v2,G|LP0067|control,2
LP0068,G|LP0068|control|replicate_2|fmt_v2,G-f4a063ef1df3462c3a731f3d4b1a68c9a2103e7a,2,baseball,control,full_questionnaire,google/gemma-4-31B-it,120851982,fe8e190bb1849796d51de70fdffcf6af12c04b89bc8622189236383f4fb0b92f,4a8ccc2f7e458cc0e1100c7470299f3d0c02e4c01833b8a586127861fb98f104,krsteski_demo_survey_adapted_v1,prompt_compiler_v2_split_g_f,c444a6eac0c7b6cd317bc71d70e09e8e9d8b0a57308ceb8b4c11921129cc5ae1,v2,target,standard,standard_g_control_repair_v2,G|LP0068|control,2
LP0069,G|LP0069|control|replicate_2|fmt_v2,G-417e42f5a05e501de3ef3b7fcfb9e83d41ef87af,2,baseball,control,full_questionnaire,google/gemma-4-31B-it,593155593,eb3154c134cbfd43626ecf6a78ef2fd078ab6c3ae13782d17c61af6dcdc3454a,f56353b83194586fe0399f9880caf29829d2c29e68cd12ecb39a9f31810f47f2,krsteski_demo_survey_adapted_v1,prompt_compiler_v2_split_g_f,c444a6eac0c7b6cd317bc71d70e09e8e9d8b0a57308ceb8b4c11921129cc5ae1,v2,target,standard,standard_g_control_repair_v2,G|LP0069|control,2
LP0071,G|LP0071|control|replicate_2|fmt_v2,G-3e2baf09ddf4648d152cfa977f75ec356b68783d,2,baseball,control,full_questionnaire,google/gemma-4-31B-it,1514914465,d457dec8ae3872fa097fbc7ede0a30a12ebe7c50b3668cd82351df745601285c,dd25b57558baa48c752efb9f8ed1ed973491d2faae229c4d74096b3984a3f55d,krsteski_demo_survey_adapted_v1,prompt_compiler_v2_split_g_f,c444a6eac0c7b6cd317bc71d70e09e8e9d8b0a57308ceb8b4c11921129cc5ae1,v2,target,standard,standard_g_control_repair_v2,G|LP0071|control,2
LP0072,G|LP0072|control|replicate_2|fmt_v2,G-f46228f188d2d26fa17d6ad51d47b09ccb0be54f,3,dances,control,full_questionnaire,google/gemma-4-31B-it,1905730645,01c1c5b3773ddffb288632af5b81704120bd63d5fb5316f93e2db851fc05eba2,6ba764af62e00471c67ba9fd361e9793a0a511d522c6713d370bfeb024754774,krsteski_demo_survey_adapted_v1,prompt_compiler_v2_split_g_f,c444a6eac0c7b6cd317bc71d70e09e8e9d8b0a57308ceb8b4c11921129cc5ae1,v2,target,standard,standard_g_control_repair_v2,G|LP0072|control,2
LP0074,G|LP0074|control|replicate_2|fmt_v2,G-86d535bebf2487861189526aecc44d194a277b55,2,baseball,control,full_questionnaire,google/gemma-4-31B-it,1288631045,a6131fe1664c8cf0febfa55fdb5f803e0b991c06a294a13f215c3115ad0ed9a8,13f44cafbbb9216818e250c7abce4f36ba49a81c22772f0ee3ecd2cbc144eb30,krsteski_demo_survey_adapted_v1,prompt_compiler_v2_split_g_f,c444a6eac0c7b6cd317bc71d70e09e8e9d8b0a57308ceb8b4c11921129cc5ae1,v2,target,standard,standard_g_control_repair_v2,G|LP0074|control,2
LP0075,G|LP0075|control|replicate_2|fmt_v2,G-dcc06e537650fdd9b5a3bd66d072e72a646a861f,2,baseball,control,full_questionnaire,google/gemma-4-31B-it,802282115,393a7794b453598cf208d13222bb63f9c5954ed644f50aa663d17a3b49495da1,1865ae993842eefc40d2c638ffcab1acd8a78c49899c0aa8962976d67f81d174,krsteski_demo_survey_adapted_v1,prompt_compiler_v2_split_g_f,c444a6eac0c7b6cd317bc71d70e09e8e9d8b0a57308ceb8b4c11921129cc5ae1,v2,target,standard,standard_g_control_repair_v2,G|LP0075|control,2
LP0076,G|LP0076|control|replicate_2|fmt_v2,G-68c9b82d97fdff6a3b83da60fe0f691c3c299c03,2,baseball,control,full_questionnaire,google/gemma-4-31B-it,1771139014,6f3cc68cd8814339c31b48142cf177f33857e244ab68bf27a00754c392525fab,4a8ccc2f7e458cc0e1100c7470299f3d0c02e4c01833b8a586127861fb98f104,krsteski_demo_survey_adapted_v1,prompt_compiler_v2_split_g_f,c444a6eac0c7b6cd317bc71d70e09e8e9d8b0a57308ceb8b4c11921129cc5ae1,v2,target,standard,standard_g_control_repair_v2,G|LP0076|control,2
LP0077,G|LP0077|control|replicate_2|fmt_v2,G-ab9ae267b85dd0a964479ace7d08b013adef4320,3,dances,control,full_questionnaire,google/gemma-4-31B-it,261330299,795a30d1efda3765687b9b3951b8fa3335d327a81f60efae3838fe2443514923,5d30f16e2951aefaf7b1c06bab9f4dd3c4057df2aeefd34598c692d72f306507,krsteski_demo_survey_adapted_v1,prompt_compiler_v2_split_g_f,c444a6eac0c7b6cd317bc71d70e09e8e9d8b0a57308ceb8b4c11921129cc5ae1,v2,target,standard,standard_g_control_repair_v2,G|LP0077|control,2
LP0078,G|LP0078|control|replicate_2|fmt_v2,G-d1c6500b814e471e848c519a3048696eb711b083,3,dances,control,full_questionnaire,google/gemma-4-31B-it,618325816,03d3c2a1832ecf31cb8990b9d3216301b31d841dba4ec1ca6307c55a10bb0f75,4517237dae7fb0a9cae3bd0f4644c208e026660ecbec2f92311ca839852c61c8,krsteski_demo_survey_adapted_v1,prompt_compiler_v2_split_g_f,c444a6eac0c7b6cd317bc71d70e09e8e9d8b0a57308ceb8b4c11921129cc5ae1,v2,target,standard,standard_g_control_repair_v2,G|LP0078|control,2
LP0079,G|LP0079|control|replicate_2|fmt_v2,G-fb8302b0ff1f3726ef7af003b425570dd97bae6d,3,dances,control,full_questionnaire,google/gemma-4-31B-it,1982151819,48ef0a0c51bf3bff59c65223f165a68841b1bd2bcd7660d1c8e0c261207f689a,e57d3645fd53d1bfbd6e7ca2a8630c751a74e1aa07a8d8eed074d4ec0273a352,krsteski_demo_survey_adapted_v1,prompt_compiler_v2_split_g_f,c444a6eac0c7b6cd317bc71d70e09e8e9d8b0a57308ceb8b4c11921129cc5ae1,v2,target,standard,standard_g_control_repair_v2,G|LP0079|control,2
LP0081,G|LP0081|control|replicate_2|fmt_v2,G-a3014f8868b326a94a91271151e1c82617de1ddb,2,baseball,control,full_questionnaire,google/gemma-4-31B-it,783664572,ddae0019213f392455cf324e2b4c0e2c1e8e35311fa43e535108fc65b0d58460,87e3ccbe57528e4eff1e3b8bc29173f7bfb94429cf88915552a6975a5adc8377,krsteski_demo_survey_adapted_v1,prompt_compiler_v2_split_g_f,c444a6eac0c7b6cd317bc71d70e09e8e9d8b0a57308ceb8b4c11921129cc5ae1,v2,target,standard,standard_g_control_repair_v2,G|LP0081|control,2
LP0082,G|LP0082|control|replicate_2|fmt_v2,G-c881edbdac5528b3b359d0244c05c0c9e976050c,3,dances,control,full_questionnaire,google/gemma-4-31B-it,1029243953,11d9f51a24bc18455ac73f8c50f891d69eabf38cbffe53b346da3f1857cab5c3,0dbe0028b8b567069f50a339d038e32ebe03239ce5b220686ba319356ec5b996,krsteski_demo_survey_adapted_v1,prompt_compiler_v2_split_g_f,c444a6eac0c7b6cd317bc71d70e09e8e9d8b0a57308ceb8b4c11921129cc5ae1,v2,target,standard,standard_g_control_repair_v2,G|LP0082|control,2
LP0083,G|LP0083|control|replicate_2|fmt_v2,G-e7894813f1ce67379fcf515a0d1ab09fbf0205b0,3,dances,control,full_questionnaire,google/gemma-4-31B-it,1088485218,d7bd6dc2f5c2af8e4becfbf2dc3d43e7276fcff116315296453e9747cdd9e7ef,a688b9ec952f1287c03f1451368ae57ac298be14e4f128e7dbfbc419291ecfa2,krsteski_demo_survey_adapted_v1,prompt_compiler_v2_split_g_f,c444a6eac0c7b6cd317bc71d70e09e8e9d8b0a57308ceb8b4c11921129cc5ae1,v2,target,standard,standard_g_control_repair_v2,G|LP0083|control,2
LP0084,G|LP0084|control|replicate_2|fmt_v2,G-80f72292ac8aee9f1689ef39ac9151700dd91395,3,dances,control,full_questionnaire,google/gemma-4-31B-it,779695046,8e04fcdef196b9870fc8772b620e131884dee0671b9aab8333b7d10a754acafd,4897a092734760fc83a0be70e50db9713cea4753e675bfbad82b50c37393f728,krsteski_demo_survey_adapted_v1,prompt_compiler_v2_split_g_f,c444a6eac0c7b6cd317bc71d70e09e8e9d8b0a57308ceb8b4c11921129cc5ae1,v2,target,standard,standard_g_control_repair_v2,G|LP0084|control,2
LP0086,G|LP0086|control|replicate_2|fmt_v2,G-220bd02d9976f814233c2a597bae6b4678ee400e,2,baseball,control,full_questionnaire,google/gemma-4-31B-it,1569626223,5d6be4f5f230572af22d8e08dab4e089fa17158feba08fe67d47bc5e19e4428c,5f7d07b470b54a5cafb17164344fd857d32476ff684398def613e82b6b9c0584,krsteski_demo_survey_adapted_v1,prompt_compiler_v2_split_g_f,c444a6eac0c7b6cd317bc71d70e09e8e9d8b0a57308ceb8b4c11921129cc5ae1,v2,target,standard,standard_g_control_repair_v2,G|LP0086|control,2
LP0089,G|LP0089|control|replicate_2|fmt_v2,G-e5a75e263571eccfafca71618292918d02bbf5ed,3,dances,control,full_questionnaire,google/gemma-4-31B-it,12626207,9ebe7c916e309e08b64ca8df4e574f9a9c16294ace395e27480c97c01e6f0e38,160eb5df13edc6e50dff3bb495c33e711771bae644f115a9d1dd7315cb09fcdf,krsteski_demo_survey_adapted_v1,prompt_compiler_v2_split_g_f,c444a6eac0c7b6cd317bc71d70e09e8e9d8b0a57308ceb8b4c11921129cc5ae1,v2,target,standard,standard_g_control_repair_v2,G|LP0089|control,2
LP0090,G|LP0090|control|replicate_2|fmt_v2,G-db9e32d228289d652e6c9a7c735511d12f90069b,3,dances,control,full_questionnaire,google/gemma-4-31B-it,1600455436,b80d3b0965d6e095f0f0d723bbe6cc0a0e1797e215bdf30b9a2dd9eb2fed942d,5f7d07b470b54a5cafb17164344fd857d32476ff684398def613e82b6b9c0584,krsteski_demo_survey_adapted_v1,prompt_compiler_v2_split_g_f,c444a6eac0c7b6cd317bc71d70e09e8e9d8b0a57308ceb8b4c11921129cc5ae1,v2,target,standard,standard_g_control_repair_v2,G|LP0090|control,2
LP0091,G|LP0091|control|replicate_2|fmt_v2,G-93dbe9801808a414e0475dc18e1430f3be5c9d1e,3,dances,control,full_questionnaire,google/gemma-4-31B-it,1069578006,317d2a6e1574ab641949e09a5ee87fb5a99d890ad3f02f8541f9d59943af30e4,0aea5f34d3d057b0d300be3ff57b856d896603ba75b1a0863de9cd5246964d13,krsteski_demo_survey_adapted_v1,prompt_compiler_v2_split_g_f,c444a6eac0c7b6cd317bc71d70e09e8e9d8b0a57308ceb8b4c11921129cc5ae1,v2,target,standard,standard_g_control_repair_v2,G|LP0091|control,2
LP0092,G|LP0092|control|replicate_2|fmt_v2,G-849de4075fcfa398985ece920d0e39179db7cbdc,2,baseball,control,full_questionnaire,google/gemma-4-31B-it,1762356136,f353f96348e1dd439042e86a68181541f3137d10e8ccbdcc7a6c6a8aa2587bbf,4eadfc0ecdf8edd296df10628ad63a5d907cf5c66b66f95834ebc15f92f46d73,krsteski_demo_survey_adapted_v1,prompt_compiler_v2_split_g_f,c444a6eac0c7b6cd317bc71d70e09e8e9d8b0a57308ceb8b4c11921129cc5ae1,v2,target,standard,standard_g_control_repair_v2,G|LP0092|control,2
LP0096,G|LP0096|control|replicate_2|fmt_v2,G-13f08ed4b0747778edddd698f128aec57c436268,2,baseball,control,full_questionnaire,google/gemma-4-31B-it,1482003745,52daa289e838bb551f090411a7fd9cd69fdba096404bca10e0ed7830f6ae570f,dc6b96b06fc295035ee5ad98af15b63afa81422f654667b30198635c4957ed90,krsteski_demo_survey_adapted_v1,prompt_compiler_v2_split_g_f,c444a6eac0c7b6cd317bc71d70e09e8e9d8b0a57308ceb8b4c11921129cc5ae1,v2,target,standard,standard_g_control_repair_v2,G|LP0096|control,2
LP0097,G|LP0097|control|replicate_2|fmt_v2,G-31bb5beaa3258c8b4fbb47aedd1968601bcba678,2,baseball,control,full_questionnaire,google/gemma-4-31B-it,110904417,9d71be891b135577147ef337e4db406a0bc249972ddbec67fe283f7109b76545,f6e79632b071296a8163c418ba80cacd2272850a3d280064326088189590fa0d,krsteski_demo_survey_adapted_v1,prompt_compiler_v2_split_g_f,c444a6eac0c7b6cd317bc71d70e09e8e9d8b0a57308ceb8b4c11921129cc5ae1,v2,target,standard,standard_g_control_repair_v2,G|LP0097|control,2
LP0098,G|LP0098|control|replicate_2|fmt_v2,G-4fe2012434f867a894ca74d2276f6319d3422685,3,dances,control,full_questionnaire,google/gemma-4-31B-it,1421634033,e195afdc6a331f74c11bb29256b9ae7e4ee67f5ff2bc2e83e27899e9b86c7cfa,f6e79632b071296a8163c418ba80cacd2272850a3d280064326088189590fa0d,krsteski_demo_survey_adapted_v1,prompt_compiler_v2_split_g_f,c444a6eac0c7b6cd317bc71d70e09e8e9d8b0a57308ceb8b4c11921129cc5ae1,v2,target,standard,standard_g_control_repair_v2,G|LP0098|control,2
LP0100,G|LP0100|control|replicate_2|fmt_v2,G-b008f806654525589a98d6bd7c29a133ead165b6,2,baseball,control,full_questionnaire,google/gemma-4-31B-it,1163335015,39e122236442e558628deb3823eb0c07e5aeff24cea2b7a4d6483d206c419c91,f140b0e415fc2b1c7cd8e7292e2cd14ec47e34ca664e6b074f9a666967fd0bd5,krsteski_demo_survey_adapted_v1,prompt_compiler_v2_split_g_f,c444a6eac0c7b6cd317bc71d70e09e8e9d8b0a57308ceb8b4c11921129cc5ae1,v2,target,standard,standard_g_control_repair_v2,G|LP0100|control,2
LP0101,G|LP0101|control|replicate_2|fmt_v2,G-14cd54222716fe38ad9c836b76e038d93c173299,2,baseball,control,full_questionnaire,google/gemma-4-31B-it,1353819772,1e7d9205fe751b98f3ac27edbdd271793a452c0e65218e30f582cdb483301c88,7eadf06f060f845c1408260c94fa34a7dbc7f7928d4382e4aec9e9bb5762f4c8,krsteski_demo_survey_adapted_v1,prompt_compiler_v2_split_g_f,c444a6eac0c7b6cd317bc71d70e09e8e9d8b0a57308ceb8b4c11921129cc5ae1,v2,target,standard,standard_g_control_repair_v2,G|LP0101|control,2
LP0102,G|LP0102|control|replicate_2|fmt_v2,G-aa6c81a7bfaad35a7336ca8df73a986889edefe6,3,dances,control,full_questionnaire,google/gemma-4-31B-it,344184492,af815abf9e7ecb9d867adbae84fb00b81293d4415ebd284f9e52b89c899c59e8,6df261a88c8f876ff6d3cfa16c9cfcbb0fc28e380dc56bee4d5f9a1c25fc4b6b,krsteski_demo_survey_adapted_v1,prompt_compiler_v2_split_g_f,c444a6eac0c7b6cd317bc71d70e09e8e9d8b0a57308ceb8b4c11921129cc5ae1,v2,target,standard,standard_g_control_repair_v2,G|LP0102|control,2
LP0103,G|LP0103|control|replicate_2|fmt_v2,G-b7afa3b19ceed58a6a00616fdddafec09d974d2b,3,dances,control,full_questionnaire,google/gemma-4-31B-it,206445808,b96864585f3271d462efe64d942728602beafa08d04d8f7b237c5e46e8c1c1fb,95182075b7a5116fadd4347fa6f598518a64e8b056a3893fea56ca5fadcf9451,krsteski_demo_survey_adapted_v1,prompt_compiler_v2_split_g_f,c444a6eac0c7b6cd317bc71d70e09e8e9d8b0a57308ceb8b4c11921129cc5ae1,v2,target,standard,standard_g_control_repair_v2,G|LP0103|control,2
LP0104,G|LP0104|control|replicate_2|fmt_v2,G-390892f940fe630897dbc6394e853f9403663418,2,baseball,control,full_questionnaire,google/gemma-4-31B-it,856656123,2a09d18137bb70c075ddddac27dad0e816ce0aecd166c49734a138801944a9e2,b037cec5436c79c76fb7824f71c0ee616b3aef5a52f3339be5089a439aa6a24a,krsteski_demo_survey_adapted_v1,prompt_compiler_v2_split_g_f,c444a6eac0c7b6cd317bc71d70e09e8e9d8b0a57308ceb8b4c11921129cc5ae1,v2,target,standard,standard_g_control_repair_v2,G|LP0104|control,2
LP0105,G|LP0105|control|replicate_2|fmt_v2,G-024917ac01b376b12715e5be7b4cd21698d36b0b,2,baseball,control,full_questionnaire,google/gemma-4-31B-it,105227785,2b2394f4133f1fcfc1fa844eeef2dbe203506ec0dfd260c50f63591957e5cfb8,3304ff7c132e8a83b1a8f34f0416065b7d23b685df0d4b4ea3fbbe793a93b8a4,krsteski_demo_survey_adapted_v1,prompt_compiler_v2_split_g_f,c444a6eac0c7b6cd317bc71d70e09e8e9d8b0a57308ceb8b4c11921129cc5ae1,v2,target,standard,standard_g_control_repair_v2,G|LP0105|control,2
LP0107,G|LP0107|control|replicate_2|fmt_v2,G-8804b1f30d8617d2e6b70a27390a3c3156ad4bba,3,dances,control,full_questionnaire,google/gemma-4-31B-it,495942586,2073c66e3177c5b4399895993545718dd27b7f31182b05b2597fa02073709f74,f00262b7a5392a5e50e5e2da8f63fc31bff82f766b1d063674f96d3355c10ae8,krsteski_demo_survey_adapted_v1,prompt_compiler_v2_split_g_f,c444a6eac0c7b6cd317bc71d70e09e8e9d8b0a57308ceb8b4c11921129cc5ae1,v2,target,standard,standard_g_control_repair_v2,G|LP0107|control,2
LP0108,G|LP0108|control|replicate_2|fmt_v2,G-4fbff2463b5607f5a43dcbc38b04d94c314a8bb2,2,baseball,control,full_questionnaire,google/gemma-4-31B-it,1523969154,0a39817e42594591514d652eb278e6707f61669b8aeaad68051559703c7e7b47,3c03b6e0301a9a47903719bb9b3bb5f7327971e347c5633f79fe054ee8c320fe,krsteski_demo_survey_adapted_v1,prompt_compiler_v2_split_g_f,c444a6eac0c7b6cd317bc71d70e09e8e9d8b0a57308ceb8b4c11921129cc5ae1,v2,target,standard,standard_g_control_repair_v2,G|LP0108|control,2
LP0109,G|LP0109|control|replicate_2|fmt_v2,G-334c9634a0a9188c16965e715893e393dc989b51,2,baseball,control,full_questionnaire,google/gemma-4-31B-it,121783542,6865a79b8db4ca4864ec0f79560286d1349a856708d2fd966afd40b8e6bc76ca,f6e79632b071296a8163c418ba80cacd2272850a3d280064326088189590fa0d,krsteski_demo_survey_adapted_v1,prompt_compiler_v2_split_g_f,c444a6eac0c7b6cd317bc71d70e09e8e9d8b0a57308ceb8b4c11921129cc5ae1,v2,target,standard,standard_g_control_repair_v2,G|LP0109|control,2
LP0111,G|LP0111|control|replicate_2|fmt_v2,G-06036b286b10f03cd1fca059113d9f703d789422,3,dances,control,full_questionnaire,google/gemma-4-31B-it,1998046860,4332e4f62feb47ae0dd9b17892350ad4294f28d23efad03f58f391ffd3faae36,697fd85785c5e554aaf10ce389f1bf1c3a0266f29d585ed8df343c15e2402f51,krsteski_demo_survey_adapted_v1,prompt_compiler_v2_split_g_f,c444a6eac0c7b6cd317bc71d70e09e8e9d8b0a57308ceb8b4c11921129cc5ae1,v2,target,standard,standard_g_control_repair_v2,G|LP0111|control,2
LP0112,G|LP0112|control|replicate_2|fmt_v2,G-c64bdbaef1f4754a382215b63894b83cc49e4f3b,3,dances,control,full_questionnaire,google/gemma-4-31B-it,2123115690,3ef0e107cf51d1c8169cd07038d4a379b90a5e9ca6dca75f6e085fb0277b81f6,f6e79632b071296a8163c418ba80cacd2272850a3d280064326088189590fa0d,krsteski_demo_survey_adapted_v1,prompt_compiler_v2_split_g_f,c444a6eac0c7b6cd317bc71d70e09e8e9d8b0a57308ceb8b4c11921129cc5ae1,v2,target,standard,standard_g_control_repair_v2,G|LP0112|control,2
LP0114,G|LP0114|control|replicate_2|fmt_v2,G-2cbdc63964b47a6f54472f739a4113191a593b23,3,dances,control,full_questionnaire,google/gemma-4-31B-it,1043334882,a0ce1fadbb07d6bed82863e190be80209e120cc7681d0db1167a42f29cced16d,a9a17d71ff912bda5de0b51aa01d4899976866e2b7576a3599597ddb74247476,krsteski_demo_survey_adapted_v1,prompt_compiler_v2_split_g_f,c444a6eac0c7b6cd317bc71d70e09e8e9d8b0a57308ceb8b4c11921129cc5ae1,v2,target,standard,standard_g_control_repair_v2,G|LP0114|control,2
LP0115,G|LP0115|control|replicate_2|fmt_v2,G-e8797d1842f6fa17ed2428412587f2394237bd41,3,dances,control,full_questionnaire,google/gemma-4-31B-it,334099531,6859fd620526ca4226acb32fba2227aef52aa62527a55f84fd87ab80754709b1,0ef02b32aed358d516241279906311825ac5c362ffa58bf89f0cff5706ab6858,krsteski_demo_survey_adapted_v1,prompt_compiler_v2_split_g_f,c444a6eac0c7b6cd317bc71d70e09e8e9d8b0a57308ceb8b4c11921129cc5ae1,v2,target,standard,standard_g_control_repair_v2,G|LP0115|control,2
LP0116,G|LP0116|control|replicate_2|fmt_v2,G-ff5bc0187e43487efbe575d590b878efe7cab457,3,dances,control,full_questionnaire,google/gemma-4-31B-it,2096810162,587e672f64ef0bd46d05e25f47392638c457b8a198bdb3e0dd41d8d4d2859ec6,ba628fff9d615d282866977122010efd6fa93fab5aaa45475b908a23302e7147,krsteski_demo_survey_adapted_v1,prompt_compiler_v2_split_g_f,c444a6eac0c7b6cd317bc71d70e09e8e9d8b0a57308ceb8b4c11921129cc5ae1,v2,target,standard,standard_g_control_repair_v2,G|LP0116|control,2
LP0117,G|LP0117|control|replicate_2|fmt_v2,G-00081d7b7a2898014077ec293436500ffb2a3050,3,dances,control,full_questionnaire,google/gemma-4-31B-it,2050544375,7ffecb72d496497e7fe7bb9aaec5cd5092f3149285e4e6ed9a64cdc3587a5ef1,8e7e715dd759c9180343ac172b647c46fa3af0d9e1e5a240759b1b37312271fd,krsteski_demo_survey_adapted_v1,prompt_compiler_v2_split_g_f,c444a6eac0c7b6cd317bc71d70e09e8e9d8b0a57308ceb8b4c11921129cc5ae1,v2,target,standard,standard_g_control_repair_v2,G|LP0117|control,2
LP0118,G|LP0118|control|replicate_2|fmt_v2,G-a35272e4bd73219f35ac1337a580e83f3118a054,3,dances,control,full_questionnaire,google/gemma-4-31B-it,68683627,9bac4c9406acee12caa149dea4b176249456a5bd8ecbc2c192f2a549dec416a9,b94c312a590c3cfbae7cd101855634562f5848e6188b75661c550375cf17fa00,krsteski_demo_survey_adapted_v1,prompt_compiler_v2_split_g_f,c444a6eac0c7b6cd317bc71d70e09e8e9d8b0a57308ceb8b4c11921129cc5ae1,v2,target,standard,standard_g_control_repair_v2,G|LP0118|control,2
LP0119,G|LP0119|control|replicate_2|fmt_v2,G-1d10c0eb8312bd925714b23a4a2a8de92a529d79,3,dances,control,full_questionnaire,google/gemma-4-31B-it,1026834281,c801e10310b68690b96490c1f42b61d2dd38b68ef3c573015fd953f83448a461,0e93df7d4ee9f88fae4c50b6c60619447cd0736ec4792f38e378ec42c1a0f7f6,krsteski_demo_survey_adapted_v1,prompt_compiler_v2_split_g_f,c444a6eac0c7b6cd317bc71d70e09e8e9d8b0a57308ceb8b4c11921129cc5ae1,v2,target,standard,standard_g_control_repair_v2,G|LP0119|control,2
LP0120,G|LP0120|control|replicate_2|fmt_v2,G-f110a5acede0ee0fb9e535fb9ada1a9fee233a9f,2,baseball,control,full_questionnaire,google/gemma-4-31B-it,1342323052,a043d6f5d1181b52029e2a62751b85d763aeb383a49517218dff3bd319be08a0,3304ff7c132e8a83b1a8f34f0416065b7d23b685df0d4b4ea3fbbe793a93b8a4,krsteski_demo_survey_adapted_v1,prompt_compiler_v2_split_g_f,c444a6eac0c7b6cd317bc71d70e09e8e9d8b0a57308ceb8b4c11921129cc5ae1,v2,target,standard,standard_g_control_repair_v2,G|LP0120|control,2
LP0121,G|LP0121|control|replicate_2|fmt_v2,G-d6b767b33c8d1402b637aae572e111dd2e3a0e1b,3,dances,control,full_questionnaire,google/gemma-4-31B-it,1778115435,0608809000d56bf6279fdc7abebad45030cd328b77246728ef877edb0ec46974,74d22e4f6bc6a2017a189b47d4b7a800ad7e0ca5096ce900f11bfd5d21a5d308,krsteski_demo_survey_adapted_v1,prompt_compiler_v2_split_g_f,c444a6eac0c7b6cd317bc71d70e09e8e9d8b0a57308ceb8b4c11921129cc5ae1,v2,target,standard,standard_g_control_repair_v2,G|LP0121|control,2
LP0122,G|LP0122|control|replicate_2|fmt_v2,G-a4c53f4504d6ba879456b2d7acd6f2aebb437376,3,dances,control,full_questionnaire,google/gemma-4-31B-it,1314994451,47ed884672a60d61838179f62d86dfeae67c013810b8d2f78fe3798a2c379df5,0e0e962bc48e41e706fcd85e7194ed969e2b19534dce8b4f6cd6f56b1e85569e,krsteski_demo_survey_adapted_v1,prompt_compiler_v2_split_g_f,c444a6eac0c7b6cd317bc71d70e09e8e9d8b0a57308ceb8b4c11921129cc5ae1,v2,target,standard,standard_g_control_repair_v2,G|LP0122|control,2
LP0123,G|LP0123|control|replicate_2|fmt_v2,G-8d131fbf7f6f566c2f0166fe4202073fb0561100,2,baseball,control,full_questionnaire,google/gemma-4-31B-it,429233645,886ba5f9e881299f26888b2d6547ae51e2b5f8daeab0dc5a1e1a857a8273c560,cf83c9b2876e2827ae0a33ade9d00ee18ff9d1cbb2abc62dd4456b67dfedc3c5,krsteski_demo_survey_adapted_v1,prompt_compiler_v2_split_g_f,c444a6eac0c7b6cd317bc71d70e09e8e9d8b0a57308ceb8b4c11921129cc5ae1,v2,target,standard,standard_g_control_repair_v2,G|LP0123|control,2
LP0124,G|LP0124|control|replicate_2|fmt_v2,G-6224b29784c804998b7079875787bb5af2e26f82,2,baseball,control,full_questionnaire,google/gemma-4-31B-it,1225877961,ea3b6123a5e38e3e3caa0906368fad9d0d8132468b9cbe1cba47fd33de28413e,9c6bac8195a40be87e164a13bf1c975850421481d9cae33e8c028c3a60027ce1,krsteski_demo_survey_adapted_v1,prompt_compiler_v2_split_g_f,c444a6eac0c7b6cd317bc71d70e09e8e9d8b0a57308ceb8b4c11921129cc5ae1,v2,target,standard,standard_g_control_repair_v2,G|LP0124|control,2
LP0125,G|LP0125|control|replicate_2|fmt_v2,G-5c5974051734caa81557751e38cdcbde96709460,3,dances,control,full_questionnaire,google/gemma-4-31B-it,1340584627,4c8cc203b3e3b7e2f712082015b5cfb922e9e932f5bd9edd10503e58423aaaea,2f283341263ece8bdda396bb0a7b492edf60ad6c271ad09efba29b9d8231244d,krsteski_demo_survey_adapted_v1,prompt_compiler_v2_split_g_f,c444a6eac0c7b6cd317bc71d70e09e8e9d8b0a57308ceb8b4c11921129cc5ae1,v2,target,standard,standard_g_control_repair_v2,G|LP0125|control,2
LP0126,G|LP0126|control|replicate_2|fmt_v2,G-09657c548c437696b86c1c87c39fb03e13d80930,3,dances,control,full_questionnaire,google/gemma-4-31B-it,521039679,85f7eee6ac4cd4e2209c18e55aa45e0a3f6a30d8bfa0367b8f24aa3579857d45,45007adcb7552b0ad78c6d372e2e4b3d0b436e6ac933569a7062c190daa75257,krsteski_demo_survey_adapted_v1,prompt_compiler_v2_split_g_f,c444a6eac0c7b6cd317bc71d70e09e8e9d8b0a57308ceb8b4c11921129cc5ae1,v2,target,standard,standard_g_control_repair_v2,G|LP0126|control,2
LP0127,G|LP0127|control|replicate_2|fmt_v2,G-00c019adaefd58a6d2525c7d292c9ed63a554454,3,dances,control,full_questionnaire,google/gemma-4-31B-it,813534209,49478d0c74af686982ff272d98a76a3b54829807068d44638d7c970b974858d1,87e3ccbe57528e4eff1e3b8bc29173f7bfb94429cf88915552a6975a5adc8377,krsteski_demo_survey_adapted_v1,prompt_compiler_v2_split_g_f,c444a6eac0c7b6cd317bc71d70e09e8e9d8b0a57308ceb8b4c11921129cc5ae1,v2,target,standard,standard_g_control_repair_v2,G|LP0127|control,2
LP0128,G|LP0128|control|replicate_2|fmt_v2,G-9112b641a8c00ed1f8c505426b8e8d25cdd3ce80,2,baseball,control,full_questionnaire,google/gemma-4-31B-it,1256553302,e96304886c1eb4313713e5e97a4df8341a9fbb96e8fba76aace5952828abb57f,4517237dae7fb0a9cae3bd0f4644c208e026660ecbec2f92311ca839852c61c8,krsteski_demo_survey_adapted_v1,prompt_compiler_v2_split_g_f,c444a6eac0c7b6cd317bc71d70e09e8e9d8b0a57308ceb8b4c11921129cc5ae1,v2,target,standard,standard_g_control_repair_v2,G|LP0128|control,2
LP0133,G|LP0133|control|replicate_2|fmt_v2,G-83b3be37f27afc55567c98d6b1a0f05c9aac9cca,2,baseball,control,full_questionnaire,google/gemma-4-31B-it,2044885190,f7cb2fd1c8f0cc197dbb6ddeeb12e135e67a5c518325dabca7281041e2a3d0a5,080fa20720c7d86a98a3de1aa225f5a46b1487f078988ca7ce6c7473303c3bd4,krsteski_demo_survey_adapted_v1,prompt_compiler_v2_split_g_f,c444a6eac0c7b6cd317bc71d70e09e8e9d8b0a57308ceb8b4c11921129cc5ae1,v2,target,standard,standard_g_control_repair_v2,G|LP0133|control,2
LP0136,G|LP0136|control|replicate_2|fmt_v2,G-dbfdc855564fa184fb6b747c8aeaf687d67e26d0,3,dances,control,full_questionnaire,google/gemma-4-31B-it,239809074,69685f6a2c8b8d08d0ad411392f5688f5a86f5a5f06a0983c930fb5bace75992,a8508dfce1848ead6f8fbf3d1b5c021b1ecc769f05322db500097eb289684bb4,krsteski_demo_survey_adapted_v1,prompt_compiler_v2_split_g_f,c444a6eac0c7b6cd317bc71d70e09e8e9d8b0a57308ceb8b4c11921129cc5ae1,v2,target,standard,standard_g_control_repair_v2,G|LP0136|control,2
LP0137,G|LP0137|control|replicate_2|fmt_v2,G-a88589e3c09a37fbf40ec38349f91b680baed68e,2,baseball,control,full_questionnaire,google/gemma-4-31B-it,296045509,f480811b56b3dd7e0baf7f70ed93360f67408234904551a0729f612503a6a5db,a688b9ec952f1287c03f1451368ae57ac298be14e4f128e7dbfbc419291ecfa2,krsteski_demo_survey_adapted_v1,prompt_compiler_v2_split_g_f,c444a6eac0c7b6cd317bc71d70e09e8e9d8b0a57308ceb8b4c11921129cc5ae1,v2,target,standard,standard_g_control_repair_v2,G|LP0137|control,2
LP0138,G|LP0138|control|replicate_2|fmt_v2,G-78ce16ccf5e6c9a4ed13477678e3112d79fb6c5e,3,dances,control,full_questionnaire,google/gemma-4-31B-it,1736636223,cab7a45d63959f51e8ce27d9a39ce9a39e0dbcf916fc450ffed9b0d787acdc93,4897a092734760fc83a0be70e50db9713cea4753e675bfbad82b50c37393f728,krsteski_demo_survey_adapted_v1,prompt_compiler_v2_split_g_f,c444a6eac0c7b6cd317bc71d70e09e8e9d8b0a57308ceb8b4c11921129cc5ae1,v2,target,standard,standard_g_control_repair_v2,G|LP0138|control,2
LP0140,G|LP0140|control|replicate_2|fmt_v2,G-ed74273a4eb4e470ce579cff0301a7047928583b,3,dances,control,full_questionnaire,google/gemma-4-31B-it,698168040,9129c807d125d385916cd2c9911c955975eb5ee4b8f173da8e79a16cdc470c2b,cb1ee5fdc1f0a61e430d23e82df0ab49e45c810e0fec70d4cf633d870fb1c706,krsteski_demo_survey_adapted_v1,prompt_compiler_v2_split_g_f,c444a6eac0c7b6cd317bc71d70e09e8e9d8b0a57308ceb8b4c11921129cc5ae1,v2,target,standard,standard_g_control_repair_v2,G|LP0140|control,2
LP0141,G|LP0141|control|replicate_2|fmt_v2,G-445cbbd7ce77f787977be78a84a69c33874daddd,2,baseball,control,full_questionnaire,google/gemma-4-31B-it,1462857527,082d8dda7ea5bf1cf7936d846f51c2108f0ee2295cd1e001c9f401d230401f27,f6e79632b071296a8163c418ba80cacd2272850a3d280064326088189590fa0d,krsteski_demo_survey_adapted_v1,prompt_compiler_v2_split_g_f,c444a6eac0c7b6cd317bc71d70e09e8e9d8b0a57308ceb8b4c11921129cc5ae1,v2,target,standard,standard_g_control_repair_v2,G|LP0141|control,2
LP0143,G|LP0143|control|replicate_2|fmt_v2,G-0fdd4985b902c84710dbcc491ca323c1745797a1,2,baseball,control,full_questionnaire,google/gemma-4-31B-it,1488804690,ef59f99cc1b73aae557d58c26aa5ce4f39a65bab0bceeeab74d1be6c4d85d3ad,734c3e0b8e32d2af4e6e738777cbbaf97b761f0ada793b2cd3ace9e2a984beda,krsteski_demo_survey_adapted_v1,prompt_compiler_v2_split_g_f,c444a6eac0c7b6cd317bc71d70e09e8e9d8b0a57308ceb8b4c11921129cc5ae1,v2,target,standard,standard_g_control_repair_v2,G|LP0143|control,2
LP0144,G|LP0144|control|replicate_2|fmt_v2,G-011bde6bf4458a4ced8d9971ffcc03e59b0420d0,3,dances,control,full_questionnaire,google/gemma-4-31B-it,1987921699,83cadd61278215e5ff31e861481c6d723102e2c1d9c0b0b42b87871992735ad9,f56353b83194586fe0399f9880caf29829d2c29e68cd12ecb39a9f31810f47f2,krsteski_demo_survey_adapted_v1,prompt_compiler_v2_split_g_f,c444a6eac0c7b6cd317bc71d70e09e8e9d8b0a57308ceb8b4c11921129cc5ae1,v2,target,standard,standard_g_control_repair_v2,G|LP0144|control,2
LP0145,G|LP0145|control|replicate_2|fmt_v2,G-78086974699ef9e37cb7874079d8f8d988e06c4f,2,baseball,control,full_questionnaire,google/gemma-4-31B-it,1504693453,50d95489246f262e5024938f1f002f93589ccb7ccc1f6569c443cf7641bb3b74,0aea5f34d3d057b0d300be3ff57b856d896603ba75b1a0863de9cd5246964d13,krsteski_demo_survey_adapted_v1,prompt_compiler_v2_split_g_f,c444a6eac0c7b6cd317bc71d70e09e8e9d8b0a57308ceb8b4c11921129cc5ae1,v2,target,standard,standard_g_control_repair_v2,G|LP0145|control,2
LP0147,G|LP0147|control|replicate_2|fmt_v2,G-cfe59582167a6b24364dbb660babbd57d1abc51a,2,baseball,control,full_questionnaire,google/gemma-4-31B-it,910530091,0d38fa2d250194af4d092bc37676bcbe6ff7d01f02c873a534b3ca8d1309d918,0aea5f34d3d057b0d300be3ff57b856d896603ba75b1a0863de9cd5246964d13,krsteski_demo_survey_adapted_v1,prompt_compiler_v2_split_g_f,c444a6eac0c7b6cd317bc71d70e09e8e9d8b0a57308ceb8b4c11921129cc5ae1,v2,target,standard,standard_g_control_repair_v2,G|LP0147|control,2
LP0149,G|LP0149|control|replicate_2|fmt_v2,G-e12543736713ecbafa5411fd84df0a76645bed56,2,baseball,control,full_questionnaire,google/gemma-4-31B-it,694055844,f10511e59dbde85660c37db8de0d5f2584b56120edcce5ccf0d413b596c8a14c,c99641995728dd4be1cdf5f950f3bebe21e96b8abb3f06b160ffb77ac12ca92d,krsteski_demo_survey_adapted_v1,prompt_compiler_v2_split_g_f,c444a6eac0c7b6cd317bc71d70e09e8e9d8b0a57308ceb8b4c11921129cc5ae1,v2,target,standard,standard_g_control_repair_v2,G|LP0149|control,2
LP0150,G|LP0150|control|replicate_2|fmt_v2,G-4acf7c95dc8042939a447c3a4d4eb58480e1ab0e,2,baseball,control,full_questionnaire,google/gemma-4-31B-it,1914649535,907b8ec28f3ba5601171ed35bb9199b613da06b4f26d74f4684fd035968b5fb4,b94c312a590c3cfbae7cd101855634562f5848e6188b75661c550375cf17fa00,krsteski_demo_survey_adapted_v1,prompt_compiler_v2_split_g_f,c444a6eac0c7b6cd317bc71d70e09e8e9d8b0a57308ceb8b4c11921129cc5ae1,v2,target,standard,standard_g_control_repair_v2,G|LP0150|control,2
LP0152,G|LP0152|control|replicate_2|fmt_v2,G-879dfd28b4851d465c054cb5303bf023d5f916be,2,baseball,control,full_questionnaire,google/gemma-4-31B-it,1136727961,c4b62227919b5ab6f33fd0207053f4b30ca2f17bdf44bf40dc2da01048b05b8c,173ecccd0aeff9962c089cb3cf359fcbd1de1130be32d8d588600bc1195636c0,krsteski_demo_survey_adapted_v1,prompt_compiler_v2_split_g_f,c444a6eac0c7b6cd317bc71d70e09e8e9d8b0a57308ceb8b4c11921129cc5ae1,v2,target,standard,standard_g_control_repair_v2,G|LP0152|control,2
LP0154,G|LP0154|control|replicate_2|fmt_v2,G-658e74a5126371e8f22e645b88ba40363692ad7f,2,baseball,control,full_questionnaire,google/gemma-4-31B-it,1568693043,49c4d855f7705a23d7eaa71bea670eccc51d9603b3490388addda6e1ea022c00,16d4ad8b4ba9bc852ad1e6f66bc24a4e56f325aed6e7a771e1c0ce67be639ae8,krsteski_demo_survey_adapted_v1,prompt_compiler_v2_split_g_f,c444a6eac0c7b6cd317bc71d70e09e8e9d8b0a57308ceb8b4c11921129cc5ae1,v2,target,standard,standard_g_control_repair_v2,G|LP0154|control,2
LP0155,G|LP0155|control|replicate_2|fmt_v2,G-beef77c013bb633de0e62a345ead5965569c5bec,3,dances,control,full_questionnaire,google/gemma-4-31B-it,295326400,b25c8e8ec302b759268cd9dff50157a11b812425a4c4c37e9fc457155faaa1be,74d0261f87eff9ccc4fca3878970ef0953157143e73eca90ee489fac8da16809,krsteski_demo_survey_adapted_v1,prompt_compiler_v2_split_g_f,c444a6eac0c7b6cd317bc71d70e09e8e9d8b0a57308ceb8b4c11921129cc5ae1,v2,target,standard,standard_g_control_repair_v2,G|LP0155|control,2
LP0156,G|LP0156|control|replicate_2|fmt_v2,G-14cceb178389b36b1468bc66e3887f4bf2806572,3,dances,control,full_questionnaire,google/gemma-4-31B-it,757303706,548301490273e64786c6a384b02f161ee958fca3dbe2db6d11adcf16be6a5c6b,cf83c9b2876e2827ae0a33ade9d00ee18ff9d1cbb2abc62dd4456b67dfedc3c5,krsteski_demo_survey_adapted_v1,prompt_compiler_v2_split_g_f,c444a6eac0c7b6cd317bc71d70e09e8e9d8b0a57308ceb8b4c11921129cc5ae1,v2,target,standard,standard_g_control_repair_v2,G|LP0156|control,2
LP0158,G|LP0158|control|replicate_2|fmt_v2,G-e3de4d9b2ce295da00db0c16c874691d8a2e215a,3,dances,control,full_questionnaire,google/gemma-4-31B-it,1956589843,48d1f4f6820123af60e7775c18d14ec2603a9dc1581e87b43c76f78356ea02cf,b58b52aa4b48f4d9073bc6c434d77a2d06d764ece37e0edef841c176eee9037f,krsteski_demo_survey_adapted_v1,prompt_compiler_v2_split_g_f,c444a6eac0c7b6cd317bc71d70e09e8e9d8b0a57308ceb8b4c11921129cc5ae1,v2,target,standard,standard_g_control_repair_v2,G|LP0158|control,2
LP0161,G|LP0161|control|replicate_2|fmt_v2,G-443a81dbf0c03e3692bd9fdb8c4fbe50229bc586,3,dances,control,full_questionnaire,google/gemma-4-31B-it,2033533422,baf8eaa1fd45912d73aafb6d8a36487961b51a5c2408f44098e6a53c0a0726f7,946056600450ab8cdd39a4bc8983792aef7b46b0b22a2395d1bf558a96e4097f,krsteski_demo_survey_adapted_v1,prompt_compiler_v2_split_g_f,c444a6eac0c7b6cd317bc71d70e09e8e9d8b0a57308ceb8b4c11921129cc5ae1,v2,target,standard,standard_g_control_repair_v2,G|LP0161|control,2
LP0163,G|LP0163|control|replicate_2|fmt_v2,G-c98211388944854c67178be2adbb51a4818873b0,2,baseball,control,full_questionnaire,google/gemma-4-31B-it,474523584,d65938aaa75b19821131565be80e2bf2b8de66e2d7bff532d7089c47bcbd36af,2f283341263ece8bdda396bb0a7b492edf60ad6c271ad09efba29b9d8231244d,krsteski_demo_survey_adapted_v1,prompt_compiler_v2_split_g_f,c444a6eac0c7b6cd317bc71d70e09e8e9d8b0a57308ceb8b4c11921129cc5ae1,v2,target,standard,standard_g_control_repair_v2,G|LP0163|control,2
LP0164,G|LP0164|control|replicate_2|fmt_v2,G-e289dc49f65e35a6bfbbe17d3bde9294f968032e,2,baseball,control,full_questionnaire,google/gemma-4-31B-it,997322301,def563ec7c0e2234ca3117cf15d250ee8afbe4f91843bd2bc97bac2ea397d5b3,3304ff7c132e8a83b1a8f34f0416065b7d23b685df0d4b4ea3fbbe793a93b8a4,krsteski_demo_survey_adapted_v1,prompt_compiler_v2_split_g_f,c444a6eac0c7b6cd317bc71d70e09e8e9d8b0a57308ceb8b4c11921129cc5ae1,v2,target,standard,standard_g_control_repair_v2,G|LP0164|control,2
LP0165,G|LP0165|control|replicate_2|fmt_v2,G-21df0c3f8ce45f6ebf7297c14c5da9ff4fb30091,2,baseball,control,full_questionnaire,google/gemma-4-31B-it,1352824813,9106cb3c7b5e8c37640387caa7be532a413854f8ec5e1b33dd42b586fd1585ed,f00262b7a5392a5e50e5e2da8f63fc31bff82f766b1d063674f96d3355c10ae8,krsteski_demo_survey_adapted_v1,prompt_compiler_v2_split_g_f,c444a6eac0c7b6cd317bc71d70e09e8e9d8b0a57308ceb8b4c11921129cc5ae1,v2,target,standard,standard_g_control_repair_v2,G|LP0165|control,2
LP0166,G|LP0166|control|replicate_2|fmt_v2,G-bfad1a300164d9902a812a814232f5e39f07bcdd,3,dances,control,full_questionnaire,google/gemma-4-31B-it,12520947,b8b6d06d2f41f64c90d263aad9f6e233823db540e0c65ded57c67e185137a5cf,0aea5f34d3d057b0d300be3ff57b856d896603ba75b1a0863de9cd5246964d13,krsteski_demo_survey_adapted_v1,prompt_compiler_v2_split_g_f,c444a6eac0c7b6cd317bc71d70e09e8e9d8b0a57308ceb8b4c11921129cc5ae1,v2,target,standard,standard_g_control_repair_v2,G|LP0166|control,2
LP0168,G|LP0168|control|replicate_2|fmt_v2,G-700770d44384d46acddd15f7b0495bbb5d76b5d7,3,dances,control,full_questionnaire,google/gemma-4-31B-it,596882964,b0c23691ffc3cadf8b4692817e3c5983d1d017e661b5bfcc81e8718f3810e977,95182075b7a5116fadd4347fa6f598518a64e8b056a3893fea56ca5fadcf9451,krsteski_demo_survey_adapted_v1,prompt_compiler_v2_split_g_f,c444a6eac0c7b6cd317bc71d70e09e8e9d8b0a57308ceb8b4c11921129cc5ae1,v2,target,standard,standard_g_control_repair_v2,G|LP0168|control,2
LP0169,G|LP0169|control|replicate_2|fmt_v2,G-7170a693921da9ce8118ef1bfc5453c280442df8,2,baseball,control,full_questionnaire,google/gemma-4-31B-it,1962866422,7ac67951206f1ce4067d297dcc2eec51a5aecfad92c13bc51d16340fbe01cf14,1865ae993842eefc40d2c638ffcab1acd8a78c49899c0aa8962976d67f81d174,krsteski_demo_survey_adapted_v1,prompt_compiler_v2_split_g_f,c444a6eac0c7b6cd317bc71d70e09e8e9d8b0a57308ceb8b4c11921129cc5ae1,v2,target,standard,standard_g_control_repair_v2,G|LP0169|control,2
LP0170,G|LP0170|control|replicate_2|fmt_v2,G-9d7df670f1188f88e9d58aa1d42e9a2c48f7b1c3,3,dances,control,full_questionnaire,google/gemma-4-31B-it,739540076,de6122edda8e60280504f32606b793a3ddf2bca4b9dc55d91a51f097614252cc,e57d3645fd53d1bfbd6e7ca2a8630c751a74e1aa07a8d8eed074d4ec0273a352,krsteski_demo_survey_adapted_v1,prompt_compiler_v2_split_g_f,c444a6eac0c7b6cd317bc71d70e09e8e9d8b0a57308ceb8b4c11921129cc5ae1,v2,target,standard,standard_g_control_repair_v2,G|LP0170|control,2
LP0174,G|LP0174|control|replicate_2|fmt_v2,G-8c99904346ecfb35a992fb9f469798d4602bffb7,3,dances,control,full_questionnaire,google/gemma-4-31B-it,1612716989,f699338117a2e7b0a6f68a54fe067f65a4dd0461d9b1ef82c4bb2ba098b13c5e,cc875368bcfd2589d3afc01143064b28b79eadc9cf0f08fbc87a6ced9cee0d2c,krsteski_demo_survey_adapted_v1,prompt_compiler_v2_split_g_f,c444a6eac0c7b6cd317bc71d70e09e8e9d8b0a57308ceb8b4c11921129cc5ae1,v2,target,standard,standard_g_control_repair_v2,G|LP0174|control,2
LP0175,G|LP0175|control|replicate_2|fmt_v2,G-42741916ece4a411859206edf84deb5a472be4c4,2,baseball,control,full_questionnaire,google/gemma-4-31B-it,1909249599,431e34bce9b5d7fa4d66ed3bdc2c4ac8ccb3d9277ddf64a483e8311b8aa1e4f8,3c03b6e0301a9a47903719bb9b3bb5f7327971e347c5633f79fe054ee8c320fe,krsteski_demo_survey_adapted_v1,prompt_compiler_v2_split_g_f,c444a6eac0c7b6cd317bc71d70e09e8e9d8b0a57308ceb8b4c11921129cc5ae1,v2,target,standard,standard_g_control_repair_v2,G|LP0175|control,2
LP0177,G|LP0177|control|replicate_2|fmt_v2,G-9762336e753cca5414409d4997578357cbb5b3c6,2,baseball,control,full_questionnaire,google/gemma-4-31B-it,604057907,c13f095189d20db0d65726be27e121d4d33cedd65dc2c9df0678a634e8afecc5,1e41c27a019e4e9312440ca295da27f2e1b6fe91483bc3a93110d993824f2569,krsteski_demo_survey_adapted_v1,prompt_compiler_v2_split_g_f,c444a6eac0c7b6cd317bc71d70e09e8e9d8b0a57308ceb8b4c11921129cc5ae1,v2,target,standard,standard_g_control_repair_v2,G|LP0177|control,2
LP0179,G|LP0179|control|replicate_2|fmt_v2,G-400e3540b4e7d2dc9a6cb0b49a11218e355b3ef4,2,baseball,control,full_questionnaire,google/gemma-4-31B-it,889470302,9e1c1864b08523efc776dd00012c934aa4fa9868b9ee59a67e01bca4585fd843,9965dbbd78907789b090a31a64821edc5afb4e49243f6dc0e4ad9272a342ff5d,krsteski_demo_survey_adapted_v1,prompt_compiler_v2_split_g_f,c444a6eac0c7b6cd317bc71d70e09e8e9d8b0a57308ceb8b4c11921129cc5ae1,v2,target,standard,standard_g_control_repair_v2,G|LP0179|control,2
LP0180,G|LP0180|control|replicate_2|fmt_v2,G-8d3e613fd07cfd174a997ace298a4a605f62ede1,2,baseball,control,full_questionnaire,google/gemma-4-31B-it,1794752408,554702946081daadbab902a6b273f612c6253c977e0af40b62e15f862a8acd6a,9d5a4fe5732c7900c59d3006680cd7d42d836d031735cf0957288cfa8b603799,krsteski_demo_survey_adapted_v1,prompt_compiler_v2_split_g_f,c444a6eac0c7b6cd317bc71d70e09e8e9d8b0a57308ceb8b4c11921129cc5ae1,v2,target,standard,standard_g_control_repair_v2,G|LP0180|control,2
LP0181,G|LP0181|control|replicate_2|fmt_v2,G-f0a7d187ecc994519bdccd9d057cabf27765fb61,3,dances,control,full_questionnaire,google/gemma-4-31B-it,1310275428,0341d2d15ea44b81d06e913dc7d71b4e5f231feaf190d4ea0d4dcc5da367248f,b92a25292afc48641f65e2448e0fa23113a9871580d50dd180b962287fe34a57,krsteski_demo_survey_adapted_v1,prompt_compiler_v2_split_g_f,c444a6eac0c7b6cd317bc71d70e09e8e9d8b0a57308ceb8b4c11921129cc5ae1,v2,target,standard,standard_g_control_repair_v2,G|LP0181|control,2
LP0183,G|LP0183|control|replicate_2|fmt_v2,G-ae66c73987d2d32b660dbf2858b00c372e39bb82,2,baseball,control,full_questionnaire,google/gemma-4-31B-it,1688232352,0ef877011badc3d913c56e35360ae2c265e4bd1cb0c2afa6d7a1f2e0062e8b94,16d4ad8b4ba9bc852ad1e6f66bc24a4e56f325aed6e7a771e1c0ce67be639ae8,krsteski_demo_survey_adapted_v1,prompt_compiler_v2_split_g_f,c444a6eac0c7b6cd317bc71d70e09e8e9d8b0a57308ceb8b4c11921129cc5ae1,v2,target,standard,standard_g_control_repair_v2,G|LP0183|control,2
LP0186,G|LP0186|control|replicate_2|fmt_v2,G-d5b97df53fca80b3383c7b192a8be16ce6867413,3,dances,control,full_questionnaire,google/gemma-4-31B-it,1799191712,73f5164d9367c74c30b974ab4496de973e787619bde2b4ece5c13b923e0fffff,c51de1e63d334c33719959a966939471f82e96fd977dc745dafab433357af94e,krsteski_demo_survey_adapted_v1,prompt_compiler_v2_split_g_f,c444a6eac0c7b6cd317bc71d70e09e8e9d8b0a57308ceb8b4c11921129cc5ae1,v2,target,standard,standard_g_control_repair_v2,G|LP0186|control,2
LP0188,G|LP0188|control|replicate_2|fmt_v2,G-7347a27b980640a76fb26e0de3c37024e14fc3cd,2,baseball,control,full_questionnaire,google/gemma-4-31B-it,2123728287,29db546f0cc00c68189520df5f7e4d3f5c5238498dfc1ffd87206784cf5cf78f,a688b9ec952f1287c03f1451368ae57ac298be14e4f128e7dbfbc419291ecfa2,krsteski_demo_survey_adapted_v1,prompt_compiler_v2_split_g_f,c444a6eac0c7b6cd317bc71d70e09e8e9d8b0a57308ceb8b4c11921129cc5ae1,v2,target,standard,standard_g_control_repair_v2,G|LP0188|control,2
LP0190,G|LP0190|control|replicate_2|fmt_v2,G-85e86433b0a6a8262150fe287b3dd6c4c78e9d9d,2,baseball,control,full_questionnaire,google/gemma-4-31B-it,1014460559,e3af28f12e43211239c6046b66b95adb53710783044f9fe175551c08a2801b79,0e0e962bc48e41e706fcd85e7194ed969e2b19534dce8b4f6cd6f56b1e85569e,krsteski_demo_survey_adapted_v1,prompt_compiler_v2_split_g_f,c444a6eac0c7b6cd317bc71d70e09e8e9d8b0a57308ceb8b4c11921129cc5ae1,v2,target,standard,standard_g_control_repair_v2,G|LP0190|control,2
LP0193,G|LP0193|control|replicate_2|fmt_v2,G-6bf3f9636691f496ec1bc6c0e372474b52b88f16,2,baseball,control,full_questionnaire,google/gemma-4-31B-it,1048176478,ff6022402cffc343e7326abe8b667f69fac7e434399409a48fc9ac9e7ec2f28c,bc2ab2add0d7e6350b4283df4a1c81de8a939fc5fab9cdf0fe770e4fe0b02c9e,krsteski_demo_survey_adapted_v1,prompt_compiler_v2_split_g_f,c444a6eac0c7b6cd317bc71d70e09e8e9d8b0a57308ceb8b4c11921129cc5ae1,v2,target,standard,standard_g_control_repair_v2,G|LP0193|control,2
LP0194,G|LP0194|control|replicate_2|fmt_v2,G-822de6e8ac9581b08df627f497d2667baa272687,2,baseball,control,full_questionnaire,google/gemma-4-31B-it,821120899,39a3a9a67485295bb1e341d1430f06735fa29f22eb1bfd2582f1e047acae92f0,80795f7420a1828775290d44b68771a715025c5acdc160e5378bc09d1b5cd531,krsteski_demo_survey_adapted_v1,prompt_compiler_v2_split_g_f,c444a6eac0c7b6cd317bc71d70e09e8e9d8b0a57308ceb8b4c11921129cc5ae1,v2,target,standard,standard_g_control_repair_v2,G|LP0194|control,2
LP0196,G|LP0196|control|replicate_2|fmt_v2,G-64725edc26b9d5b3bdaff5b12a898337dae12ea1,3,dances,control,full_questionnaire,google/gemma-4-31B-it,1872663404,695cde34a836fa5fb674b258c989965ee11f01c16db0fd79a69a24170921af7c,d47e866d0746d271409efd116ae4ef378ddc9e43b77da897c24fd21b34265d14,krsteski_demo_survey_adapted_v1,prompt_compiler_v2_split_g_f,c444a6eac0c7b6cd317bc71d70e09e8e9d8b0a57308ceb8b4c11921129cc5ae1,v2,target,standard,standard_g_control_repair_v2,G|LP0196|control,2
LP0197,G|LP0197|control|replicate_2|fmt_v2,G-4a8a634154d4d829ee68469118298f0fc3b3f391,2,baseball,control,full_questionnaire,google/gemma-4-31B-it,1776918188,b9040aa0ede823af2366fa0b36e9b1dfbdb5915c09905943c64ee607830905b7,fc941801c37ddc80a7c92b1b0c247fb683deeb99e358edab56642475bf9cc2c9,krsteski_demo_survey_adapted_v1,prompt_compiler_v2_split_g_f,c444a6eac0c7b6cd317bc71d70e09e8e9d8b0a57308ceb8b4c11921129cc5ae1,v2,target,standard,standard_g_control_repair_v2,G|LP0197|control,2
LP0198,G|LP0198|control|replicate_2|fmt_v2,G-0fa1c501d34d90fbe05a9ac63fb96ce617346cbb,3,dances,control,full_questionnaire,google/gemma-4-31B-it,1922112254,54aafb25b15bea522002d6f45d1cfc5d3d215cbb4e2d82523811f36a2404f35f,11493604706794d63835530fa42668773c9769ba6a103753272c0e0a8193a9c0,krsteski_demo_survey_adapted_v1,prompt_compiler_v2_split_g_f,c444a6eac0c7b6cd317bc71d70e09e8e9d8b0a57308ceb8b4c11921129cc5ae1,v2,target,standard,standard_g_control_repair_v2,G|LP0198|control,2
LP0199,G|LP0199|control|replicate_2|fmt_v2,G-e4ed2bc5d8e600a935643deb6146357781d33326,3,dances,control,full_questionnaire,google/gemma-4-31B-it,583030840,6017d2155fb1f50f2718e33b38da9672f5691f0fbc2aea6c223745cf60901104,f00262b7a5392a5e50e5e2da8f63fc31bff82f766b1d063674f96d3355c10ae8,krsteski_demo_survey_adapted_v1,prompt_compiler_v2_split_g_f,c444a6eac0c7b6cd317bc71d70e09e8e9d8b0a57308ceb8b4c11921129cc5ae1,v2,target,standard,standard_g_control_repair_v2,G|LP0199|control,2
LP0201,G|LP0201|control|replicate_2|fmt_v2,G-4fe0b15b8010f21522f46b0aa947c7f3b02358ad,2,baseball,control,full_questionnaire,google/gemma-4-31B-it,533877965,ba73b664b2f46e214de168f01ac1474e000ca7c641cee58bb481883a603ea27f,a9a17d71ff912bda5de0b51aa01d4899976866e2b7576a3599597ddb74247476,krsteski_demo_survey_adapted_v1,prompt_compiler_v2_split_g_f,c444a6eac0c7b6cd317bc71d70e09e8e9d8b0a57308ceb8b4c11921129cc5ae1,v2,target,standard,standard_g_control_repair_v2,G|LP0201|control,2
LP0203,G|LP0203|control|replicate_2|fmt_v2,G-ef1c88c120fadbde1accb86e1e5728f19f840dd4,3,dances,control,full_questionnaire,google/gemma-4-31B-it,2134109539,8f0d4a1f326f7db2b2f3248b4732555138dc0faec7882e9ebbc779e6fe9257cc,87e3ccbe57528e4eff1e3b8bc29173f7bfb94429cf88915552a6975a5adc8377,krsteski_demo_survey_adapted_v1,prompt_compiler_v2_split_g_f,c444a6eac0c7b6cd317bc71d70e09e8e9d8b0a57308ceb8b4c11921129cc5ae1,v2,target,standard,standard_g_control_repair_v2,G|LP0203|control,2
LP0204,G|LP0204|control|replicate_2|fmt_v2,G-f592fa02f97cdcd74dc09a4142d557093f8fdfa9,3,dances,control,full_questionnaire,google/gemma-4-31B-it,1688391904,b20d86ff3fce902582f244bf542e85945c262e73e089c4236e42db7e980a7750,b94c312a590c3cfbae7cd101855634562f5848e6188b75661c550375cf17fa00,krsteski_demo_survey_adapted_v1,prompt_compiler_v2_split_g_f,c444a6eac0c7b6cd317bc71d70e09e8e9d8b0a57308ceb8b4c11921129cc5ae1,v2,target,standard,standard_g_control_repair_v2,G|LP0204|control,2
LP0206,G|LP0206|control|replicate_2|fmt_v2,G-91e4142c409ff4963221d2a2def7205ebc528fc8,3,dances,control,full_questionnaire,google/gemma-4-31B-it,1684544752,0934d6aac797d66b0bb0887d71e8639ba38de24131cf73d9a2c907cf66e26035,7eadf06f060f845c1408260c94fa34a7dbc7f7928d4382e4aec9e9bb5762f4c8,krsteski_demo_survey_adapted_v1,prompt_compiler_v2_split_g_f,c444a6eac0c7b6cd317bc71d70e09e8e9d8b0a57308ceb8b4c11921129cc5ae1,v2,target,standard,standard_g_control_repair_v2,G|LP0206|control,2
LP0208,G|LP0208|control|replicate_2|fmt_v2,G-5c02d33ee6d3c4e48bb6ffa8dd5c52302d85eb95,2,baseball,control,full_questionnaire,google/gemma-4-31B-it,517565283,46c9cf56648f603299b0c942abb18900e41f23ea2a2eec52363806b0724e4ae1,402d5709f78fba848fc8fd1774fa19383ed88fea79141c5e1d5bb421f54a21e9,krsteski_demo_survey_adapted_v1,prompt_compiler_v2_split_g_f,c444a6eac0c7b6cd317bc71d70e09e8e9d8b0a57308ceb8b4c11921129cc5ae1,v2,target,standard,standard_g_control_repair_v2,G|LP0208|control,2
LP0211,G|LP0211|control|replicate_2|fmt_v2,G-c1a4e982a847f3ff28bed994b0aeb0d50d529ef2,3,dances,control,full_questionnaire,google/gemma-4-31B-it,730973959,40a9cbeadd2b855a6a0d5d111b6312c00f7d8cae3b93ca81311c102edcb91b13,6df261a88c8f876ff6d3cfa16c9cfcbb0fc28e380dc56bee4d5f9a1c25fc4b6b,krsteski_demo_survey_adapted_v1,prompt_compiler_v2_split_g_f,c444a6eac0c7b6cd317bc71d70e09e8e9d8b0a57308ceb8b4c11921129cc5ae1,v2,target,standard,standard_g_control_repair_v2,G|LP0211|control,2
LP0212,G|LP0212|control|replicate_2|fmt_v2,G-36dea1bb4d8028d5427329a1a0f7cce07b8f7e6d,3,dances,control,full_questionnaire,google/gemma-4-31B-it,993881164,87e7b580253fee1b6a0eabd15e3e7538d86b16da2e0dff038a7c6d2d8fab2cd0,cb1ee5fdc1f0a61e430d23e82df0ab49e45c810e0fec70d4cf633d870fb1c706,krsteski_demo_survey_adapted_v1,prompt_compiler_v2_split_g_f,c444a6eac0c7b6cd317bc71d70e09e8e9d8b0a57308ceb8b4c11921129cc5ae1,v2,target,standard,standard_g_control_repair_v2,G|LP0212|control,2
LP0214,G|LP0214|control|replicate_2|fmt_v2,G-c236265f7db1f90d14f2d04f05b2975d491dabed,2,baseball,control,full_questionnaire,google/gemma-4-31B-it,35538383,a62899f5b8c91aabc0106448f4be7538b0def2a0efb45bdfd2ceb36b400be216,c51de1e63d334c33719959a966939471f82e96fd977dc745dafab433357af94e,krsteski_demo_survey_adapted_v1,prompt_compiler_v2_split_g_f,c444a6eac0c7b6cd317bc71d70e09e8e9d8b0a57308ceb8b4c11921129cc5ae1,v2,target,standard,standard_g_control_repair_v2,G|LP0214|control,2
LP0216,G|LP0216|control|replicate_2|fmt_v2,G-a6c7e7c620772cd34a1c62b1a1a7e9dd8356d455,3,dances,control,full_questionnaire,google/gemma-4-31B-it,1845951585,e6ffd790eb60f38291c2df27d56d7cbff25950227ed7fc1973220ce44c20675a,dfb71e28c6622a7f57f8e1929f3fb975a9b78ecf42bded892bbd90aea7cce06d,krsteski_demo_survey_adapted_v1,prompt_compiler_v2_split_g_f,c444a6eac0c7b6cd317bc71d70e09e8e9d8b0a57308ceb8b4c11921129cc5ae1,v2,target,standard,standard_g_control_repair_v2,G|LP0216|control,2
LP0218,G|LP0218|control|replicate_2|fmt_v2,G-50dd18eb53260e1a0e87d01b57b865a0e15dcd2a,3,dances,control,full_questionnaire,google/gemma-4-31B-it,1960853489,4246098b268f17e5e58e6ee0832898ab853de32605885dd4df7fedc0765006fb,38100cc560603e43ed744254d8c1715e1a1d5a6fa5e1c8a010014062402c5b35,krsteski_demo_survey_adapted_v1,prompt_compiler_v2_split_g_f,c444a6eac0c7b6cd317bc71d70e09e8e9d8b0a57308ceb8b4c11921129cc5ae1,v2,target,standard,standard_g_control_repair_v2,G|LP0218|control,2
LP0221,G|LP0221|control|replicate_2|fmt_v2,G-e60f5b97a482579325fd558420c99a9658b1470d,2,baseball,control,full_questionnaire,google/gemma-4-31B-it,1889603269,4b23cf8f75ea79497873002f8243527dfb632fba95ebb227db1ed6731493f7cd,4897a092734760fc83a0be70e50db9713cea4753e675bfbad82b50c37393f728,krsteski_demo_survey_adapted_v1,prompt_compiler_v2_split_g_f,c444a6eac0c7b6cd317bc71d70e09e8e9d8b0a57308ceb8b4c11921129cc5ae1,v2,target,standard,standard_g_control_repair_v2,G|LP0221|control,2
LP0223,G|LP0223|control|replicate_2|fmt_v2,G-725bc2ab13a63d64d947c0a628f4341e185c59a5,2,baseball,control,full_questionnaire,google/gemma-4-31B-it,2019410619,d5ceca2f662afff145457b9372df6a22542d13101b8c6543b9c7840a61c4f1eb,6feadfccbbc4808c590f125a0262bff0e199d2611fb3f19e5bb6ab8e73c1c1f9,krsteski_demo_survey_adapted_v1,prompt_compiler_v2_split_g_f,c444a6eac0c7b6cd317bc71d70e09e8e9d8b0a57308ceb8b4c11921129cc5ae1,v2,target,standard,standard_g_control_repair_v2,G|LP0223|control,2
LP0225,G|LP0225|control|replicate_2|fmt_v2,G-71f99edf462e86de80ed662afa6f1e726a8913c2,3,dances,control,full_questionnaire,google/gemma-4-31B-it,706856094,7a00903ec76ca7ccc3a44e7682d44c9bfb130d076bc5f9355c151c980b477a19,3304ff7c132e8a83b1a8f34f0416065b7d23b685df0d4b4ea3fbbe793a93b8a4,krsteski_demo_survey_adapted_v1,prompt_compiler_v2_split_g_f,c444a6eac0c7b6cd317bc71d70e09e8e9d8b0a57308ceb8b4c11921129cc5ae1,v2,target,standard,standard_g_control_repair_v2,G|LP0225|control,2
LP0226,G|LP0226|control|replicate_2|fmt_v2,G-0faae1e25c11a14462a888b2ef3fa016a0d534f5,2,baseball,control,full_questionnaire,google/gemma-4-31B-it,2070373640,2278901cc52225830a297c2f54e3e080225daaed2e72eb390cd55d88a886f5fb,ab0fdf2f5a89282ad9bbbe710f0bce609804284bbc2b55b041f4bc61763c57e7,krsteski_demo_survey_adapted_v1,prompt_compiler_v2_split_g_f,c444a6eac0c7b6cd317bc71d70e09e8e9d8b0a57308ceb8b4c11921129cc5ae1,v2,target,standard,standard_g_control_repair_v2,G|LP0226|control,2
LP0227,G|LP0227|control|replicate_2|fmt_v2,G-6e3863db224a2acb9e5a5c7a6d030445ec72f9ba,2,baseball,control,full_questionnaire,google/gemma-4-31B-it,2126180994,aedea1b0cd66129e9b040b0fb2d6acf8cd677df11bb15d0728be22984495cb03,4a8ccc2f7e458cc0e1100c7470299f3d0c02e4c01833b8a586127861fb98f104,krsteski_demo_survey_adapted_v1,prompt_compiler_v2_split_g_f,c444a6eac0c7b6cd317bc71d70e09e8e9d8b0a57308ceb8b4c11921129cc5ae1,v2,target,standard,standard_g_control_repair_v2,G|LP0227|control,2
LP0230,G|LP0230|control|replicate_2|fmt_v2,G-094c9f47f66fb902f9f1351b3d24a24bbe99987c,2,baseball,control,full_questionnaire,google/gemma-4-31B-it,151582610,a874eccfd291ae3810f74434707f84c2198763feb359d89a20eaa35d45d1877f,0aea5f34d3d057b0d300be3ff57b856d896603ba75b1a0863de9cd5246964d13,krsteski_demo_survey_adapted_v1,prompt_compiler_v2_split_g_f,c444a6eac0c7b6cd317bc71d70e09e8e9d8b0a57308ceb8b4c11921129cc5ae1,v2,target,standard,standard_g_control_repair_v2,G|LP0230|control,2
LP0234,G|LP0234|control|replicate_2|fmt_v2,G-ac26861029d7d98daa88101fcd34620c2bef433e,2,baseball,control,full_questionnaire,google/gemma-4-31B-it,35972528,07e738d9f1d1800f5fab668b8b65e449c117de7f60d66f4e31ee343fafc93d91,4eadfc0ecdf8edd296df10628ad63a5d907cf5c66b66f95834ebc15f92f46d73,krsteski_demo_survey_adapted_v1,prompt_compiler_v2_split_g_f,c444a6eac0c7b6cd317bc71d70e09e8e9d8b0a57308ceb8b4c11921129cc5ae1,v2,target,standard,standard_g_control_repair_v2,G|LP0234|control,2
LP0235,G|LP0235|control|replicate_2|fmt_v2,G-fa1a1289d3877a001aca6f8346f4928ac406c530,2,baseball,control,full_questionnaire,google/gemma-4-31B-it,1203478295,d88e8e37f8b2893e470a998c377ab6eb6db928ea661ff59d323eaa0fd6d1f358,173ecccd0aeff9962c089cb3cf359fcbd1de1130be32d8d588600bc1195636c0,krsteski_demo_survey_adapted_v1,prompt_compiler_v2_split_g_f,c444a6eac0c7b6cd317bc71d70e09e8e9d8b0a57308ceb8b4c11921129cc5ae1,v2,target,standard,standard_g_control_repair_v2,G|LP0235|control,2
LP0236,G|LP0236|control|replicate_2|fmt_v2,G-ed349da2ac9257f5f67cfc4be719c021a7d5028d,3,dances,control,full_questionnaire,google/gemma-4-31B-it,117150526,483bfd5e8ec0deff36873149dc654095eec6e831f27440cc9b16326ac74b4f58,ab0fdf2f5a89282ad9bbbe710f0bce609804284bbc2b55b041f4bc61763c57e7,krsteski_demo_survey_adapted_v1,prompt_compiler_v2_split_g_f,c444a6eac0c7b6cd317bc71d70e09e8e9d8b0a57308ceb8b4c11921129cc5ae1,v2,target,standard,standard_g_control_repair_v2,G|LP0236|control,2
LP0238,G|LP0238|control|replicate_2|fmt_v2,G-f4345d35556113a3512470628658d9368f09a9a6,2,baseball,control,full_questionnaire,google/gemma-4-31B-it,1036635665,97309d5f02edf043624281ff7ee24e3be059bba67f349f7fe88c349bb4e193a8,0aea5f34d3d057b0d300be3ff57b856d896603ba75b1a0863de9cd5246964d13,krsteski_demo_survey_adapted_v1,prompt_compiler_v2_split_g_f,c444a6eac0c7b6cd317bc71d70e09e8e9d8b0a57308ceb8b4c11921129cc5ae1,v2,target,standard,standard_g_control_repair_v2,G|LP0238|control,2
LP0239,G|LP0239|control|replicate_2|fmt_v2,G-b3cc440027e879c7db63cd4165cfe35a21e912db,2,baseball,control,full_questionnaire,google/gemma-4-31B-it,260112842,3c4392938584add6b3665ae02445d3ca90977bf0aa6bb58e95dfefad4928a0d5,f6e79632b071296a8163c418ba80cacd2272850a3d280064326088189590fa0d,krsteski_demo_survey_adapted_v1,prompt_compiler_v2_split_g_f,c444a6eac0c7b6cd317bc71d70e09e8e9d8b0a57308ceb8b4c11921129cc5ae1,v2,target,standard,standard_g_control_repair_v2,G|LP0239|control,2
LP0240,G|LP0240|control|replicate_2|fmt_v2,G-a1b546422880c360559a9222f230e0e520f4aa2a,3,dances,control,full_questionnaire,google/gemma-4-31B-it,1810583526,ed4ae6ac6bac7120c68aac9df9031cc635d74c25564d7a0627db95a1172a07aa,3304ff7c132e8a83b1a8f34f0416065b7d23b685df0d4b4ea3fbbe793a93b8a4,krsteski_demo_survey_adapted_v1,prompt_compiler_v2_split_g_f,c444a6eac0c7b6cd317bc71d70e09e8e9d8b0a57308ceb8b4c11921129cc5ae1,v2,target,standard,standard_g_control_repair_v2,G|LP0240|control,2
LP0242,G|LP0242|control|replicate_2|fmt_v2,G-ebe7fa6e592f0ab6b663f9eadc489eba74f5e824,3,dances,control,full_questionnaire,google/gemma-4-31B-it,822017942,453fd9fe4ee32b9de2f2cfba8983c80ecd253a0e47ae9ae5df9fe96ff0983846,fc941801c37ddc80a7c92b1b0c247fb683deeb99e358edab56642475bf9cc2c9,krsteski_demo_survey_adapted_v1,prompt_compiler_v2_split_g_f,c444a6eac0c7b6cd317bc71d70e09e8e9d8b0a57308ceb8b4c11921129cc5ae1,v2,target,standard,standard_g_control_repair_v2,G|LP0242|control,2
LP0243,G|LP0243|control|replicate_2|fmt_v2,G-3f3f98e97d5018cdfefff9b2e68f4abdf5e4ae64,3,dances,control,full_questionnaire,google/gemma-4-31B-it,2077182624,186ac876216ceb6d18ffa20204f1c943542eb36acc8119e264864d6350a237ca,95182075b7a5116fadd4347fa6f598518a64e8b056a3893fea56ca5fadcf9451,krsteski_demo_survey_adapted_v1,prompt_compiler_v2_split_g_f,c444a6eac0c7b6cd317bc71d70e09e8e9d8b0a57308ceb8b4c11921129cc5ae1,v2,target,standard,standard_g_control_repair_v2,G|LP0243|control,2
LP0245,G|LP0245|control|replicate_2|fmt_v2,G-09dd699f7e8a310eb4f366eb67793196a98098ef,3,dances,control,full_questionnaire,google/gemma-4-31B-it,306512973,cd0b13a70f56a755bab08dfee656153c98934dc136bb23a97326aa6f89c31432,0aea5f34d3d057b0d300be3ff57b856d896603ba75b1a0863de9cd5246964d13,krsteski_demo_survey_adapted_v1,prompt_compiler_v2_split_g_f,c444a6eac0c7b6cd317bc71d70e09e8e9d8b0a57308ceb8b4c11921129cc5ae1,v2,target,standard,standard_g_control_repair_v2,G|LP0245|control,2
LP0246,G|LP0246|control|replicate_2|fmt_v2,G-4bb98f2f6b27e642b6f45ed69b54317cd7c4dcd3,3,dances,control,full_questionnaire,google/gemma-4-31B-it,43713698,7d2ee1cbea0e473ebccc78aba37853a12fdaf2153312cbb66e15c0acd078d17a,0e0e962bc48e41e706fcd85e7194ed969e2b19534dce8b4f6cd6f56b1e85569e,krsteski_demo_survey_adapted_v1,prompt_compiler_v2_split_g_f,c444a6eac0c7b6cd317bc71d70e09e8e9d8b0a57308ceb8b4c11921129cc5ae1,v2,target,standard,standard_g_control_repair_v2,G|LP0246|control,2
LP0247,G|LP0247|control|replicate_2|fmt_v2,G-daff1a51ffab19bc97669b95ab07c56a2cca3f72,3,dances,control,full_questionnaire,google/gemma-4-31B-it,900288099,d6d618c7de6ef43cc147c0dee078289be15dbf9690b8e3cfbeac575302d6ea17,6feadfccbbc4808c590f125a0262bff0e199d2611fb3f19e5bb6ab8e73c1c1f9,krsteski_demo_survey_adapted_v1,prompt_compiler_v2_split_g_f,c444a6eac0c7b6cd317bc71d70e09e8e9d8b0a57308ceb8b4c11921129cc5ae1,v2,target,standard,standard_g_control_repair_v2,G|LP0247|control,2
LP0248,G|LP0248|control|replicate_2|fmt_v2,G-f88a2f96b6c96a52a494d1b7f55402dad71d6131,3,dances,control,full_questionnaire,google/gemma-4-31B-it,668846467,6255a8621ade2c1b46e999eda4d7ab648bbb6fb37a2865e1c563f806f333b5ed,f6e79632b071296a8163c418ba80cacd2272850a3d280064326088189590fa0d,krsteski_demo_survey_adapted_v1,prompt_compiler_v2_split_g_f,c444a6eac0c7b6cd317bc71d70e09e8e9d8b0a57308ceb8b4c11921129cc5ae1,v2,target,standard,standard_g_control_repair_v2,G|LP0248|control,2
LP0251,G|LP0251|control|replicate_2|fmt_v2,G-2659c9564b9af54f0351d94e882ae21217f7dd00,2,baseball,control,full_questionnaire,google/gemma-4-31B-it,407799804,263f1d603c574490831b1a11ba1007f195b5178ee5ab1db82b6763f222675172,74d0261f87eff9ccc4fca3878970ef0953157143e73eca90ee489fac8da16809,krsteski_demo_survey_adapted_v1,prompt_compiler_v2_split_g_f,c444a6eac0c7b6cd317bc71d70e09e8e9d8b0a57308ceb8b4c11921129cc5ae1,v2,target,standard,standard_g_control_repair_v2,G|LP0251|control,2
LP0252,G|LP0252|control|replicate_2|fmt_v2,G-546b3379c47d8190417a89b4b3d78666f129ec00,2,baseball,control,full_questionnaire,google/gemma-4-31B-it,1834215556,c74a734566da60bf81d74f0d47cd26f94e1493097509209a4f299ed19aae0498,80795f7420a1828775290d44b68771a715025c5acdc160e5378bc09d1b5cd531,krsteski_demo_survey_adapted_v1,prompt_compiler_v2_split_g_f,c444a6eac0c7b6cd317bc71d70e09e8e9d8b0a57308ceb8b4c11921129cc5ae1,v2,target,standard,standard_g_control_repair_v2,G|LP0252|control,2
LP0253,G|LP0253|control|replicate_2|fmt_v2,G-cb01b20d5d5bbcd8c17cd298b50a89bf66f6a21a,3,dances,control,full_questionnaire,google/gemma-4-31B-it,1935614197,533d1522e3056b004878fa8c13e8e8c4ced935740f4a3e64e9f2044128019683,bcaa458f2e7f821091248e7ba1d70324b9f438036e522008260e589262a97ed5,krsteski_demo_survey_adapted_v1,prompt_compiler_v2_split_g_f,c444a6eac0c7b6cd317bc71d70e09e8e9d8b0a57308ceb8b4c11921129cc5ae1,v2,target,standard,standard_g_control_repair_v2,G|LP0253|control,2
LP0258,G|LP0258|control|replicate_2|fmt_v2,G-dee850c08d567e328e1bbabbe4764e8e2e19809a,2,baseball,control,full_questionnaire,google/gemma-4-31B-it,1260855222,97de3cc4eb949f8c3e89b8ce7272b64eeae8ed637a63128b67910a7edad8ee55,ca5ba5019769d63c6be2efe141140b4092d059cf462d087417dca39c03cca547,krsteski_demo_survey_adapted_v1,prompt_compiler_v2_split_g_f,c444a6eac0c7b6cd317bc71d70e09e8e9d8b0a57308ceb8b4c11921129cc5ae1,v2,target,standard,standard_g_control_repair_v2,G|LP0258|control,2
LP0260,G|LP0260|control|replicate_2|fmt_v2,G-5f9b8fafca960e32338385ca545cdc6c4b5721d4,3,dances,control,full_questionnaire,google/gemma-4-31B-it,164441491,af114d8e5f6cbfe0ffab9bba3a8256c08ae062bf3f70f538fe5ec8f1f03563a5,b92a25292afc48641f65e2448e0fa23113a9871580d50dd180b962287fe34a57,krsteski_demo_survey_adapted_v1,prompt_compiler_v2_split_g_f,c444a6eac0c7b6cd317bc71d70e09e8e9d8b0a57308ceb8b4c11921129cc5ae1,v2,target,standard,standard_g_control_repair_v2,G|LP0260|control,2
LP0261,G|LP0261|control|replicate_2|fmt_v2,G-d5d164e1f9763ec2dad39b53efb76370dbb56195,3,dances,control,full_questionnaire,google/gemma-4-31B-it,622397577,4b00a7a4ad05d7152fc81b2cb142366696a7771e8250eb724cfde348a39f5611,5f7d07b470b54a5cafb17164344fd857d32476ff684398def613e82b6b9c0584,krsteski_demo_survey_adapted_v1,prompt_compiler_v2_split_g_f,c444a6eac0c7b6cd317bc71d70e09e8e9d8b0a57308ceb8b4c11921129cc5ae1,v2,target,standard,standard_g_control_repair_v2,G|LP0261|control,2
LP0262,G|LP0262|control|replicate_2|fmt_v2,G-91a0c72a2e134e5c492cd8f362b5789643ee2faa,2,baseball,control,full_questionnaire,google/gemma-4-31B-it,1364516018,6dde8a6b5ce60ddadcfb1b3cad05e60ba750e908cb9f0a645a503ec64262aee2,11493604706794d63835530fa42668773c9769ba6a103753272c0e0a8193a9c0,krsteski_demo_survey_adapted_v1,prompt_compiler_v2_split_g_f,c444a6eac0c7b6cd317bc71d70e09e8e9d8b0a57308ceb8b4c11921129cc5ae1,v2,target,standard,standard_g_control_repair_v2,G|LP0262|control,2
LP0264,G|LP0264|control|replicate_2|fmt_v2,G-7e4cc1ce335121ad2a081b89abbe0150ff62d44e,2,baseball,control,full_questionnaire,google/gemma-4-31B-it,803906891,528a514e21bd19d7d32917dc835518d049f3f7c4f3ab0fdc3a6f34a36a0e5729,8e7e715dd759c9180343ac172b647c46fa3af0d9e1e5a240759b1b37312271fd,krsteski_demo_survey_adapted_v1,prompt_compiler_v2_split_g_f,c444a6eac0c7b6cd317bc71d70e09e8e9d8b0a57308ceb8b4c11921129cc5ae1,v2,target,standard,standard_g_control_repair_v2,G|LP0264|control,2
LP0265,G|LP0265|control|replicate_2|fmt_v2,G-68444981ef1db87122ca0154f41c9434176694ab,3,dances,control,full_questionnaire,google/gemma-4-31B-it,1067862902,e12cc910ca47c1d32e4e08abe27f2f8798ed12a55e4cadb4e9fbe3b859bcbc8d,5fa9c5d12339c91d87f96d73e480501ad1881eb93d99fe7510f5c83832881ff9,krsteski_demo_survey_adapted_v1,prompt_compiler_v2_split_g_f,c444a6eac0c7b6cd317bc71d70e09e8e9d8b0a57308ceb8b4c11921129cc5ae1,v2,target,standard,standard_g_control_repair_v2,G|LP0265|control,2
LP0266,G|LP0266|control|replicate_2|fmt_v2,G-9caaac76d4797d2077e4edd7b37bd2db31d6c830,3,dances,control,full_questionnaire,google/gemma-4-31B-it,231659024,3dd7e4fcab5de4fc0c8aadcd145e6c66775f7461f906014d411d06e294291bc1,19c3b5916bf557b6fa867f2b93d45322e95a195701995857c8a25831ac7660e5,krsteski_demo_survey_adapted_v1,prompt_compiler_v2_split_g_f,c444a6eac0c7b6cd317bc71d70e09e8e9d8b0a57308ceb8b4c11921129cc5ae1,v2,target,standard,standard_g_control_repair_v2,G|LP0266|control,2
LP0267,G|LP0267|control|replicate_2|fmt_v2,G-74be012824609e8cbad8edba85fc8b07e7946c1a,3,dances,control,full_questionnaire,google/gemma-4-31B-it,232562910,dffaa6bf37459b26ca9fb3b623817947ddf2e50a04d691dd39a74b373953ab16,853f096c4028ce32bde1cc3a3e5d063dfb2b094aaef91a731d8d49f02d9250c0,krsteski_demo_survey_adapted_v1,prompt_compiler_v2_split_g_f,c444a6eac0c7b6cd317bc71d70e09e8e9d8b0a57308ceb8b4c11921129cc5ae1,v2,target,standard,standard_g_control_repair_v2,G|LP0267|control,2
LP0268,G|LP0268|control|replicate_2|fmt_v2,G-e6305eed2e7f0034fbb863e87b07c637c3d77eb0,3,dances,control,full_questionnaire,google/gemma-4-31B-it,2061483537,11cc026ddd5d1ed28c7c73434a49dbfc60ec3d690ece05c83c633c6dc9f423c8,e2ee2a72a6087cb708bc62454b4554fd70a34d6862406aac6619a18ac01bdf3c,krsteski_demo_survey_adapted_v1,prompt_compiler_v2_split_g_f,c444a6eac0c7b6cd317bc71d70e09e8e9d8b0a57308ceb8b4c11921129cc5ae1,v2,target,standard,standard_g_control_repair_v2,G|LP0268|control,2
LP0269,G|LP0269|control|replicate_2|fmt_v2,G-1f0eb75c6eafea9cc542dbdbcd4976f2be4982f9,2,baseball,control,full_questionnaire,google/gemma-4-31B-it,751655253,eb944b62a4b8a37b3a921835e5b83bd0963ca5d4b50b743166b343cae30eabf7,ab0fdf2f5a89282ad9bbbe710f0bce609804284bbc2b55b041f4bc61763c57e7,krsteski_demo_survey_adapted_v1,prompt_compiler_v2_split_g_f,c444a6eac0c7b6cd317bc71d70e09e8e9d8b0a57308ceb8b4c11921129cc5ae1,v2,target,standard,standard_g_control_repair_v2,G|LP0269|control,2
LP0270,G|LP0270|control|replicate_2|fmt_v2,G-7574aa50655529861fa0e9057593685e8ca310a6,3,dances,control,full_questionnaire,google/gemma-4-31B-it,1346272808,d6749dd4f8a5d8672ded0bd265930a20ef2bdaac1336c382a4cef0abaf0f3059,df3cffc3387d2d032d676be1885201bdab5635202d3ecd7c397542171469c65d,krsteski_demo_survey_adapted_v1,prompt_compiler_v2_split_g_f,c444a6eac0c7b6cd317bc71d70e09e8e9d8b0a57308ceb8b4c11921129cc5ae1,v2,target,standard,standard_g_control_repair_v2,G|LP0270|control,2
LP0272,G|LP0272|control|replicate_2|fmt_v2,G-c9b32333585634c02fd287107c4946ef31a1c24a,2,baseball,control,full_questionnaire,google/gemma-4-31B-it,1807514409,ae5fa46e58ce82b0b59ad4a9bdf3b8f3ada29c259f1a0282acde8c1373558374,9965dbbd78907789b090a31a64821edc5afb4e49243f6dc0e4ad9272a342ff5d,krsteski_demo_survey_adapted_v1,prompt_compiler_v2_split_g_f,c444a6eac0c7b6cd317bc71d70e09e8e9d8b0a57308ceb8b4c11921129cc5ae1,v2,target,standard,standard_g_control_repair_v2,G|LP0272|control,2
LP0273,G|LP0273|control|replicate_2|fmt_v2,G-d14d985dfe452222d67aaf1af6342436b7657d02,3,dances,control,full_questionnaire,google/gemma-4-31B-it,551572193,81640cb0dcab9b246a2e51222791a9c62319bb238a0227f22715ee9a6bb202ae,92393616fac92230575e038f1e8863de5fcb8e7fdda3d65bf3e9d10bf5cc9f4c,krsteski_demo_survey_adapted_v1,prompt_compiler_v2_split_g_f,c444a6eac0c7b6cd317bc71d70e09e8e9d8b0a57308ceb8b4c11921129cc5ae1,v2,target,standard,standard_g_control_repair_v2,G|LP0273|control,2
LP0274,G|LP0274|control|replicate_2|fmt_v2,G-b8f9bbf9f85b488705b6f5d2508ec49c07ac6efb,3,dances,control,full_questionnaire,google/gemma-4-31B-it,1783545981,2f1d9eb6c5006c9b8ded3b32ba4d8e1aaa20f948994d03a0a7bcdff13d806c44,38100cc560603e43ed744254d8c1715e1a1d5a6fa5e1c8a010014062402c5b35,krsteski_demo_survey_adapted_v1,prompt_compiler_v2_split_g_f,c444a6eac0c7b6cd317bc71d70e09e8e9d8b0a57308ceb8b4c11921129cc5ae1,v2,target,standard,standard_g_control_repair_v2,G|LP0274|control,2
LP0275,G|LP0275|control|replicate_2|fmt_v2,G-9f01dda637e0848299413c66a7157e42ac85e10c,2,baseball,control,full_questionnaire,google/gemma-4-31B-it,1977892816,e93245f90d7248a7ec20446f614560ec59c021b0d6f3368ef24a3cdc8b52e378,2f283341263ece8bdda396bb0a7b492edf60ad6c271ad09efba29b9d8231244d,krsteski_demo_survey_adapted_v1,prompt_compiler_v2_split_g_f,c444a6eac0c7b6cd317bc71d70e09e8e9d8b0a57308ceb8b4c11921129cc5ae1,v2,target,standard,standard_g_control_repair_v2,G|LP0275|control,2
LP0276,G|LP0276|control|replicate_2|fmt_v2,G-5acac5523bec8083a968d9aec2d96a4735d5d7d7,3,dances,control,full_questionnaire,google/gemma-4-31B-it,1904347944,cbe047d5192ab27502b08f5df7adf32f30e5e62cce7c604f7a9fe5bfa3b30c39,599a09c94f6e6e7dd38e95c8afce7299b552c3d90041fc7deee312261c093509,krsteski_demo_survey_adapted_v1,prompt_compiler_v2_split_g_f,c444a6eac0c7b6cd317bc71d70e09e8e9d8b0a57308ceb8b4c11921129cc5ae1,v2,target,standard,standard_g_control_repair_v2,G|LP0276|control,2
LP0278,G|LP0278|control|replicate_2|fmt_v2,G-3ce9aa1a44fdd0c9b3d1777ddaf0ab5d476f06a2,2,baseball,control,full_questionnaire,google/gemma-4-31B-it,1053893886,8cc488996f4cbccc07f3d7a08366fee6ea7b5e60771a022bf70b72e709ee523b,13f44cafbbb9216818e250c7abce4f36ba49a81c22772f0ee3ecd2cbc144eb30,krsteski_demo_survey_adapted_v1,prompt_compiler_v2_split_g_f,c444a6eac0c7b6cd317bc71d70e09e8e9d8b0a57308ceb8b4c11921129cc5ae1,v2,target,standard,standard_g_control_repair_v2,G|LP0278|control,2
LP0282,G|LP0282|control|replicate_2|fmt_v2,G-88b555424696ee9ccca16849834af7459f32f710,3,dances,control,full_questionnaire,google/gemma-4-31B-it,1476499746,31442963d19853260deeb1ac3773e715edb642b688c40ad72dcf803d5652bc28,8938cf956915dc78f47154621782b86462e158373a08bfd4a31111fdb06e1d72,krsteski_demo_survey_adapted_v1,prompt_compiler_v2_split_g_f,c444a6eac0c7b6cd317bc71d70e09e8e9d8b0a57308ceb8b4c11921129cc5ae1,v2,target,standard,standard_g_control_repair_v2,G|LP0282|control,2
LP0283,G|LP0283|control|replicate_2|fmt_v2,G-f4284f95609fb8a722d9bd31edfa123c33739c55,3,dances,control,full_questionnaire,google/gemma-4-31B-it,1223710677,d2b48abb27e1618daa477fcec102ae80b361ec2c234f197c152d78440ed0c181,1865ae993842eefc40d2c638ffcab1acd8a78c49899c0aa8962976d67f81d174,krsteski_demo_survey_adapted_v1,prompt_compiler_v2_split_g_f,c444a6eac0c7b6cd317bc71d70e09e8e9d8b0a57308ceb8b4c11921129cc5ae1,v2,target,standard,standard_g_control_repair_v2,G|LP0283|control,2
LP0286,G|LP0286|control|replicate_2|fmt_v2,G-e33161fee5e806b521f2258ac2ff38e265172720,3,dances,control,full_questionnaire,google/gemma-4-31B-it,743099062,30d4bdd38d5ee2429b5ab9cdef13a3f877cee9d337eb42090e129ca73405a197,ab0fdf2f5a89282ad9bbbe710f0bce609804284bbc2b55b041f4bc61763c57e7,krsteski_demo_survey_adapted_v1,prompt_compiler_v2_split_g_f,c444a6eac0c7b6cd317bc71d70e09e8e9d8b0a57308ceb8b4c11921129cc5ae1,v2,target,standard,standard_g_control_repair_v2,G|LP0286|control,2
LP0287,G|LP0287|control|replicate_2|fmt_v2,G-e589b57cc404296467c980f5c4682a470f854313,3,dances,control,full_questionnaire,google/gemma-4-31B-it,253203553,85ae13d1476b6be3e154dd574dde2b2c6a96d2fd71a3c445948a32717f7000eb,9c6bac8195a40be87e164a13bf1c975850421481d9cae33e8c028c3a60027ce1,krsteski_demo_survey_adapted_v1,prompt_compiler_v2_split_g_f,c444a6eac0c7b6cd317bc71d70e09e8e9d8b0a57308ceb8b4c11921129cc5ae1,v2,target,standard,standard_g_control_repair_v2,G|LP0287|control,2
LP0291,G|LP0291|control|replicate_2|fmt_v2,G-3efaa527219cbf815faa7e156eca87c4e30bd666,2,baseball,control,full_questionnaire,google/gemma-4-31B-it,529664464,73e2163013ab3bf4de035997cd73687d9d469ebfc128ccaa17f84eba4106a997,0dbe0028b8b567069f50a339d038e32ebe03239ce5b220686ba319356ec5b996,krsteski_demo_survey_adapted_v1,prompt_compiler_v2_split_g_f,c444a6eac0c7b6cd317bc71d70e09e8e9d8b0a57308ceb8b4c11921129cc5ae1,v2,target,standard,standard_g_control_repair_v2,G|LP0291|control,2
LP0292,G|LP0292|control|replicate_2|fmt_v2,G-e38732cc6c1663619f5dcaa380cb72762d9e131f,2,baseball,control,full_questionnaire,google/gemma-4-31B-it,858048765,e1e908f301345920e617768238e99bc937f4e081e5cdf134e226067ac2f1bee3,ca5ba5019769d63c6be2efe141140b4092d059cf462d087417dca39c03cca547,krsteski_demo_survey_adapted_v1,prompt_compiler_v2_split_g_f,c444a6eac0c7b6cd317bc71d70e09e8e9d8b0a57308ceb8b4c11921129cc5ae1,v2,target,standard,standard_g_control_repair_v2,G|LP0292|control,2
LP0293,G|LP0293|control|replicate_2|fmt_v2,G-8158a5ba72cf29f324f461c529f05d938d1dab98,2,baseball,control,full_questionnaire,google/gemma-4-31B-it,1971352937,47eb2c8425b777349f7ee3c44843e8fe32808a245aa66293d1cdfa343a3fc38b,5d30f16e2951aefaf7b1c06bab9f4dd3c4057df2aeefd34598c692d72f306507,krsteski_demo_survey_adapted_v1,prompt_compiler_v2_split_g_f,c444a6eac0c7b6cd317bc71d70e09e8e9d8b0a57308ceb8b4c11921129cc5ae1,v2,target,standard,standard_g_control_repair_v2,G|LP0293|control,2
LP0294,G|LP0294|control|replicate_2|fmt_v2,G-6bfef22b63dd03e4f78ee533bbb85c401fadb278,3,dances,control,full_questionnaire,google/gemma-4-31B-it,1004202044,5c9f7d343a26dc072094bb587f5a344038c69f03f5aeee576281711a36f501ca,1a631b6cd16d8975372cd1261dc7164c316f5ea3fab02fd30cf46916390b4e17,krsteski_demo_survey_adapted_v1,prompt_compiler_v2_split_g_f,c444a6eac0c7b6cd317bc71d70e09e8e9d8b0a57308ceb8b4c11921129cc5ae1,v2,target,standard,standard_g_control_repair_v2,G|LP0294|control,2
LP0295,G|LP0295|control|replicate_2|fmt_v2,G-003ce39b2fa3cbcc5929c1caaaab6bc568db0de3,2,baseball,control,full_questionnaire,google/gemma-4-31B-it,807244546,33e42caee209907c2d146a847fa2c3f0a64bd8f2b93dabc1a16ded940aea151c,173ecccd0aeff9962c089cb3cf359fcbd1de1130be32d8d588600bc1195636c0,krsteski_demo_survey_adapted_v1,prompt_compiler_v2_split_g_f,c444a6eac0c7b6cd317bc71d70e09e8e9d8b0a57308ceb8b4c11921129cc5ae1,v2,target,standard,standard_g_control_repair_v2,G|LP0295|control,2
LP0298,G|LP0298|control|replicate_2|fmt_v2,G-341d3c68f68690637169ea2ba1ead4451eabeacf,3,dances,control,full_questionnaire,google/gemma-4-31B-it,1589709109,246a4522941defc8b7730f2111b0db3ee945c3b54fba7979aa7046ea24d7dc07,f00262b7a5392a5e50e5e2da8f63fc31bff82f766b1d063674f96d3355c10ae8,krsteski_demo_survey_adapted_v1,prompt_compiler_v2_split_g_f,c444a6eac0c7b6cd317bc71d70e09e8e9d8b0a57308ceb8b4c11921129cc5ae1,v2,target,standard,standard_g_control_repair_v2,G|LP0298|control,2
LP0301,G|LP0301|control|replicate_2|fmt_v2,G-2679c78cc0f9ec224a4769a5cc26c5ffc338a305,2,baseball,control,full_questionnaire,google/gemma-4-31B-it,233667388,65c44213f99cb6b0a34674c7d7e2316dd156f2b830636db53ec9d82583d49ed3,b92a25292afc48641f65e2448e0fa23113a9871580d50dd180b962287fe34a57,krsteski_demo_survey_adapted_v1,prompt_compiler_v2_split_g_f,c444a6eac0c7b6cd317bc71d70e09e8e9d8b0a57308ceb8b4c11921129cc5ae1,v2,target,standard,standard_g_control_repair_v2,G|LP0301|control,2
LP0302,G|LP0302|control|replicate_2|fmt_v2,G-48dc4c0d262c58dc40eed30e22077d92a16a3099,3,dances,control,full_questionnaire,google/gemma-4-31B-it,937750775,fed7a797e2564b8a17e2e383a40a1cc25c7081082892da32b22b03a2df80c248,ba628fff9d615d282866977122010efd6fa93fab5aaa45475b908a23302e7147,krsteski_demo_survey_adapted_v1,prompt_compiler_v2_split_g_f,c444a6eac0c7b6cd317bc71d70e09e8e9d8b0a57308ceb8b4c11921129cc5ae1,v2,target,standard,standard_g_control_repair_v2,G|LP0302|control,2
LP0303,G|LP0303|control|replicate_2|fmt_v2,G-c21980e7b84ae999eaadb9f4819641da27a1f4a3,2,baseball,control,full_questionnaire,google/gemma-4-31B-it,1014885227,e3d61ca54d6f78aff19a30e18c061ab92a58163cae3b74285146f8e6bdb76ad5,3c03b6e0301a9a47903719bb9b3bb5f7327971e347c5633f79fe054ee8c320fe,krsteski_demo_survey_adapted_v1,prompt_compiler_v2_split_g_f,c444a6eac0c7b6cd317bc71d70e09e8e9d8b0a57308ceb8b4c11921129cc5ae1,v2,target,standard,standard_g_control_repair_v2,G|LP0303|control,2
LP0305,G|LP0305|control|replicate_2|fmt_v2,G-02cdb7b9f9d92da15abb8e8df0854a0a18fa87ba,2,baseball,control,full_questionnaire,google/gemma-4-31B-it,2138348820,92a5c5a704dc0e8005f9dd1fd1c1782e8f50fd7444a8ca3f4db6604bf140170c,a9a17d71ff912bda5de0b51aa01d4899976866e2b7576a3599597ddb74247476,krsteski_demo_survey_adapted_v1,prompt_compiler_v2_split_g_f,c444a6eac0c7b6cd317bc71d70e09e8e9d8b0a57308ceb8b4c11921129cc5ae1,v2,target,standard,standard_g_control_repair_v2,G|LP0305|control,2
LP0306,G|LP0306|control|replicate_2|fmt_v2,G-8e41f04fd353fdd5e0d5046c05e5a69beb9e6d13,3,dances,control,full_questionnaire,google/gemma-4-31B-it,1876418166,f72d727415282ec3e6561deec0fabda4425fc7850634313632d744f6744c731c,3304ff7c132e8a83b1a8f34f0416065b7d23b685df0d4b4ea3fbbe793a93b8a4,krsteski_demo_survey_adapted_v1,prompt_compiler_v2_split_g_f,c444a6eac0c7b6cd317bc71d70e09e8e9d8b0a57308ceb8b4c11921129cc5ae1,v2,target,standard,standard_g_control_repair_v2,G|LP0306|control,2
LP0307,G|LP0307|control|replicate_2|fmt_v2,G-bad972d4c4de0bc0ddda9430b69aeee3f8d38a84,2,baseball,control,full_questionnaire,google/gemma-4-31B-it,982577516,ba046b44a0c1572a6b995ef32944cbf920f35f0e10a6ce96073973e1d97e9bef,1e41c27a019e4e9312440ca295da27f2e1b6fe91483bc3a93110d993824f2569,krsteski_demo_survey_adapted_v1,prompt_compiler_v2_split_g_f,c444a6eac0c7b6cd317bc71d70e09e8e9d8b0a57308ceb8b4c11921129cc5ae1,v2,target,standard,standard_g_control_repair_v2,G|LP0307|control,2
LP0311,G|LP0311|control|replicate_2|fmt_v2,G-ccd3e38dacce5443c0bda049c49442adc175845c,3,dances,control,full_questionnaire,google/gemma-4-31B-it,1182145377,369ca660b00435558bd743da80c7d9b8b91b073e54a39392e1fcba337466ccee,2476bbc7dc10dc5a04ca7990c929a6fdf7d44ffc9923ad98f84bdbe443344c9d,krsteski_demo_survey_adapted_v1,prompt_compiler_v2_split_g_f,c444a6eac0c7b6cd317bc71d70e09e8e9d8b0a57308ceb8b4c11921129cc5ae1,v2,target,standard,standard_g_control_repair_v2,G|LP0311|control,2
LP0312,G|LP0312|control|replicate_2|fmt_v2,G-35da4e72b7c750d59b54964a6dabf342617176be,3,dances,control,full_questionnaire,google/gemma-4-31B-it,595324347,72de362e3d13020ecad2bc5aa5987077d31a8b62fafc787faacf5815b57917fe,697fd85785c5e554aaf10ce389f1bf1c3a0266f29d585ed8df343c15e2402f51,krsteski_demo_survey_adapted_v1,prompt_compiler_v2_split_g_f,c444a6eac0c7b6cd317bc71d70e09e8e9d8b0a57308ceb8b4c11921129cc5ae1,v2,target,standard,standard_g_control_repair_v2,G|LP0312|control,2
LP0314,G|LP0314|control|replicate_2|fmt_v2,G-abdf72cf4270da3ff0f2cc4f6a6d788a78289688,3,dances,control,full_questionnaire,google/gemma-4-31B-it,439336928,9e64429b39edd1e297b67cacbcdc8fd915acbfa3f68ffdf3157492a996795763,4a8ccc2f7e458cc0e1100c7470299f3d0c02e4c01833b8a586127861fb98f104,krsteski_demo_survey_adapted_v1,prompt_compiler_v2_split_g_f,c444a6eac0c7b6cd317bc71d70e09e8e9d8b0a57308ceb8b4c11921129cc5ae1,v2,target,standard,standard_g_control_repair_v2,G|LP0314|control,2
LP0315,G|LP0315|control|replicate_2|fmt_v2,G-bbb8f1432175c4d90e6575bfa1ed3325d774bd43,3,dances,control,full_questionnaire,google/gemma-4-31B-it,417834850,519f921e24df41c6d62fb3f3be739708d31c8b4adc664e7f602b65784255ee76,6feadfccbbc4808c590f125a0262bff0e199d2611fb3f19e5bb6ab8e73c1c1f9,krsteski_demo_survey_adapted_v1,prompt_compiler_v2_split_g_f,c444a6eac0c7b6cd317bc71d70e09e8e9d8b0a57308ceb8b4c11921129cc5ae1,v2,target,standard,standard_g_control_repair_v2,G|LP0315|control,2
LP0316,G|LP0316|control|replicate_2|fmt_v2,G-837955aa3b95b61e9512496a9c5fc3609355c48d,3,dances,control,full_questionnaire,google/gemma-4-31B-it,1116234100,dd498a045ca2a8b9c849763cbc8541b5e70578e9a19911a3e063fe8cbf9f40b7,ea5aa1cf66f50e858371f1aefbd6f8b8d1aa724540cfc3e764acad649862c452,krsteski_demo_survey_adapted_v1,prompt_compiler_v2_split_g_f,c444a6eac0c7b6cd317bc71d70e09e8e9d8b0a57308ceb8b4c11921129cc5ae1,v2,target,standard,standard_g_control_repair_v2,G|LP0316|control,2
LP0317,G|LP0317|control|replicate_2|fmt_v2,G-b5a66ca1c8d04b2498cfc021019d8a5f75bfb59d,2,baseball,control,full_questionnaire,google/gemma-4-31B-it,874325098,e9a4d7de3b8d2641976c9ff2271bb5c3f4811b32b1899416f999e60ab507acf3,06dacff0aa08906ba0f9d1ef4b1fdfe13303366770b5330b94ec6687a7a2a0fc,krsteski_demo_survey_adapted_v1,prompt_compiler_v2_split_g_f,c444a6eac0c7b6cd317bc71d70e09e8e9d8b0a57308ceb8b4c11921129cc5ae1,v2,target,standard,standard_g_control_repair_v2,G|LP0317|control,2
LP0318,G|LP0318|control|replicate_2|fmt_v2,G-3e903c9f44bc5e6318f82962d58bd40cc48c2930,3,dances,control,full_questionnaire,google/gemma-4-31B-it,1104992162,c030d105d2a3601e4d9cb6f3c93d401b61b2a099bf159e945c2b3654bef4229b,ee34808d203fa52ccf8760cb4f2c3398d5c9ee08eb5a52c0be817df6364948c4,krsteski_demo_survey_adapted_v1,prompt_compiler_v2_split_g_f,c444a6eac0c7b6cd317bc71d70e09e8e9d8b0a57308ceb8b4c11921129cc5ae1,v2,target,standard,standard_g_control_repair_v2,G|LP0318|control,2
LP0319,G|LP0319|control|replicate_2|fmt_v2,G-cdb7e34ed57e1d0cf67fb43ebeb3bb9b782951ec,2,baseball,control,full_questionnaire,google/gemma-4-31B-it,1894638508,c6fb7dcf9433168c69d32621bacdc987f237519ad4d4f6b830cf986bd80d6e7d,1a631b6cd16d8975372cd1261dc7164c316f5ea3fab02fd30cf46916390b4e17,krsteski_demo_survey_adapted_v1,prompt_compiler_v2_split_g_f,c444a6eac0c7b6cd317bc71d70e09e8e9d8b0a57308ceb8b4c11921129cc5ae1,v2,target,standard,standard_g_control_repair_v2,G|LP0319|control,2
LP0320,G|LP0320|control|replicate_2|fmt_v2,G-c564be7906f450f36165a0d9e79324e39b3062a2,2,baseball,control,full_questionnaire,google/gemma-4-31B-it,297651688,caf6cd4818af98b9ff9a4a3aaf7fb85f0a9771cdc41b484f96048e8387ab94f3,ca5ba5019769d63c6be2efe141140b4092d059cf462d087417dca39c03cca547,krsteski_demo_survey_adapted_v1,prompt_compiler_v2_split_g_f,c444a6eac0c7b6cd317bc71d70e09e8e9d8b0a57308ceb8b4c11921129cc5ae1,v2,target,standard,standard_g_control_repair_v2,G|LP0320|control,2
LP0321,G|LP0321|control|replicate_2|fmt_v2,G-3ec4c0d918d4f7ca7f2b7e8fe1fa3fd7e5ed232b,2,baseball,control,full_questionnaire,google/gemma-4-31B-it,375290237,26322510bb4e6a57fbc87edbc5c9321910617990b5c8ad087bac5e7badfc0a64,4897a092734760fc83a0be70e50db9713cea4753e675bfbad82b50c37393f728,krsteski_demo_survey_adapted_v1,prompt_compiler_v2_split_g_f,c444a6eac0c7b6cd317bc71d70e09e8e9d8b0a57308ceb8b4c11921129cc5ae1,v2,target,standard,standard_g_control_repair_v2,G|LP0321|control,2
LP0322,G|LP0322|control|replicate_2|fmt_v2,G-b7b8459c028a667c1b6b88f814096ebc814ecfb8,3,dances,control,full_questionnaire,google/gemma-4-31B-it,1912271286,5156aeb3ae9c85f6f70e7d85b8f803da55c8e3ef6999e63c2bb78887787e6bfa,599a09c94f6e6e7dd38e95c8afce7299b552c3d90041fc7deee312261c093509,krsteski_demo_survey_adapted_v1,prompt_compiler_v2_split_g_f,c444a6eac0c7b6cd317bc71d70e09e8e9d8b0a57308ceb8b4c11921129cc5ae1,v2,target,standard,standard_g_control_repair_v2,G|LP0322|control,2
LP0324,G|LP0324|control|replicate_2|fmt_v2,G-eaa5fa564f30392a4986d66623248a0bcd60cc17,2,baseball,control,full_questionnaire,google/gemma-4-31B-it,612117978,7b571b8c1af8b2d2e6c552ce823a5139fcaf8e23fbf3eb21d4e1da12d55d2638,697fd85785c5e554aaf10ce389f1bf1c3a0266f29d585ed8df343c15e2402f51,krsteski_demo_survey_adapted_v1,prompt_compiler_v2_split_g_f,c444a6eac0c7b6cd317bc71d70e09e8e9d8b0a57308ceb8b4c11921129cc5ae1,v2,target,standard,standard_g_control_repair_v2,G|LP0324|control,2
LP0325,G|LP0325|control|replicate_2|fmt_v2,G-a3ece0da056bc157a21035ecdc62719382cb18f1,3,dances,control,full_questionnaire,google/gemma-4-31B-it,1296401165,5d55cb28890b6f17e4f877cc35766ad4e13c6c5e674b53f12258054d2e968f92,e1ba8f56f11ff0231487cbe2d31f95799407ffa7be765765565a7c1337335fb4,krsteski_demo_survey_adapted_v1,prompt_compiler_v2_split_g_f,c444a6eac0c7b6cd317bc71d70e09e8e9d8b0a57308ceb8b4c11921129cc5ae1,v2,target,standard,standard_g_control_repair_v2,G|LP0325|control,2
LP0326,G|LP0326|control|replicate_2|fmt_v2,G-4175728382d23b191d8c085a75cea1e920e4b3a4,2,baseball,control,full_questionnaire,google/gemma-4-31B-it,96280609,d29632d3706c871eb202e7b7910473454aae7cf2bb97d17d2ddd11edb6e20b3f,946056600450ab8cdd39a4bc8983792aef7b46b0b22a2395d1bf558a96e4097f,krsteski_demo_survey_adapted_v1,prompt_compiler_v2_split_g_f,c444a6eac0c7b6cd317bc71d70e09e8e9d8b0a57308ceb8b4c11921129cc5ae1,v2,target,standard,standard_g_control_repair_v2,G|LP0326|control,2
LP0328,G|LP0328|control|replicate_2|fmt_v2,G-56ab3aa42ef344f220320964a92598e268937624,2,baseball,control,full_questionnaire,google/gemma-4-31B-it,1548335675,cb255517a9568c13876a133d67a40bfb28e7b629c8ad91a0689caf91b83e21fe,80795f7420a1828775290d44b68771a715025c5acdc160e5378bc09d1b5cd531,krsteski_demo_survey_adapted_v1,prompt_compiler_v2_split_g_f,c444a6eac0c7b6cd317bc71d70e09e8e9d8b0a57308ceb8b4c11921129cc5ae1,v2,target,standard,standard_g_control_repair_v2,G|LP0328|control,2
LP0329,G|LP0329|control|replicate_2|fmt_v2,G-2cfe1776db4d956a31925609c9b8752cb8f8d469,2,baseball,control,full_questionnaire,google/gemma-4-31B-it,894026840,ed7df94c445ffa11376ba53e039325d1c0b5157bdc3cfa31b2eef0c740091154,836ae540379228fb1b138b09bde042a23465bc6274478052ed31080c6ac6a808,krsteski_demo_survey_adapted_v1,prompt_compiler_v2_split_g_f,c444a6eac0c7b6cd317bc71d70e09e8e9d8b0a57308ceb8b4c11921129cc5ae1,v2,target,standard,standard_g_control_repair_v2,G|LP0329|control,2
LP0331,G|LP0331|control|replicate_2|fmt_v2,G-78f29127a71a5aa51668ebe2ec4330d282742313,3,dances,control,full_questionnaire,google/gemma-4-31B-it,419396854,e0dbc9a78f808aadfcb6c1637a99ddc4912c2fa672df875af88d9de1c0c112b4,b3d274444556be3591afc28428470a85a0cfa3f9daaec8f6baf7cc3e9e220e28,krsteski_demo_survey_adapted_v1,prompt_compiler_v2_split_g_f,c444a6eac0c7b6cd317bc71d70e09e8e9d8b0a57308ceb8b4c11921129cc5ae1,v2,target,standard,standard_g_control_repair_v2,G|LP0331|control,2
LP0333,G|LP0333|control|replicate_2|fmt_v2,G-162c5f43099e5a294f6d9f7a44da046ab1b58092,3,dances,control,full_questionnaire,google/gemma-4-31B-it,905386159,08f88f0acdad20bcc2e3b2403aa69ce8c0d8967efbbbcfbe3298f21c2ef34a5c,d4ce2f6c8c8236fa713d64497b6aaa32ae7ddae7b2e1d6c2958972159d76628e,krsteski_demo_survey_adapted_v1,prompt_compiler_v2_split_g_f,c444a6eac0c7b6cd317bc71d70e09e8e9d8b0a57308ceb8b4c11921129cc5ae1,v2,target,standard,standard_g_control_repair_v2,G|LP0333|control,2
LP0334,G|LP0334|control|replicate_2|fmt_v2,G-ae478dda229d931237feccb3dfcd5612dd43dbfe,3,dances,control,full_questionnaire,google/gemma-4-31B-it,2133634760,b451b655ef45fe6efdd551a25f80d4c3cf0effce54fb4b6968867ea4db21448d,f56353b83194586fe0399f9880caf29829d2c29e68cd12ecb39a9f31810f47f2,krsteski_demo_survey_adapted_v1,prompt_compiler_v2_split_g_f,c444a6eac0c7b6cd317bc71d70e09e8e9d8b0a57308ceb8b4c11921129cc5ae1,v2,target,standard,standard_g_control_repair_v2,G|LP0334|control,2
LP0335,G|LP0335|control|replicate_2|fmt_v2,G-64a34e2666f80ab356309ddc5947abb864f80ebf,3,dances,control,full_questionnaire,google/gemma-4-31B-it,809412353,fa8a8dd318fc2db6a94e968546a31244a1ace8f648a95a8c2dea1a0cf6c9aae1,cf83c9b2876e2827ae0a33ade9d00ee18ff9d1cbb2abc62dd4456b67dfedc3c5,krsteski_demo_survey_adapted_v1,prompt_compiler_v2_split_g_f,c444a6eac0c7b6cd317bc71d70e09e8e9d8b0a57308ceb8b4c11921129cc5ae1,v2,target,standard,standard_g_control_repair_v2,G|LP0335|control,2
LP0336,G|LP0336|control|replicate_2|fmt_v2,G-df74c4758774529e4932804967a8085bae9fe3bd,2,baseball,control,full_questionnaire,google/gemma-4-31B-it,1180556172,5cfdb13242ff98f2782703a28a7e6cdce3df25e7a06c8b60559470dcb30aa91f,734c3e0b8e32d2af4e6e738777cbbaf97b761f0ada793b2cd3ace9e2a984beda,krsteski_demo_survey_adapted_v1,prompt_compiler_v2_split_g_f,c444a6eac0c7b6cd317bc71d70e09e8e9d8b0a57308ceb8b4c11921129cc5ae1,v2,target,standard,standard_g_control_repair_v2,G|LP0336|control,2
LP0337,G|LP0337|control|replicate_2|fmt_v2,G-8fec32a4b8c228833dc4497d13cc2858584242f5,3,dances,control,full_questionnaire,google/gemma-4-31B-it,1486523854,f918df9d38c4ee3d9d8578dc46d67da92a3189c0893d27b22c542241b04522d6,11493604706794d63835530fa42668773c9769ba6a103753272c0e0a8193a9c0,krsteski_demo_survey_adapted_v1,prompt_compiler_v2_split_g_f,c444a6eac0c7b6cd317bc71d70e09e8e9d8b0a57308ceb8b4c11921129cc5ae1,v2,target,standard,standard_g_control_repair_v2,G|LP0337|control,2
LP0338,G|LP0338|control|replicate_2|fmt_v2,G-5219fd810c3cd20eedf78bd8262e9a171cf7874a,2,baseball,control,full_questionnaire,google/gemma-4-31B-it,812698897,12b0f2463231bc2503e0ae1a490d92712c3c127043bac30a20a8c3bf35399fb5,1e41c27a019e4e9312440ca295da27f2e1b6fe91483bc3a93110d993824f2569,krsteski_demo_survey_adapted_v1,prompt_compiler_v2_split_g_f,c444a6eac0c7b6cd317bc71d70e09e8e9d8b0a57308ceb8b4c11921129cc5ae1,v2,target,standard,standard_g_control_repair_v2,G|LP0338|control,2
LP0340,G|LP0340|control|replicate_2|fmt_v2,G-197fe92b7c8a4af7d5cb0607d0f38e2e57cf1fcf,2,baseball,control,full_questionnaire,google/gemma-4-31B-it,797580622,be12744dba268f58547fb8bef16bf10d34796fbd241cbfade517caa73d35370a,946056600450ab8cdd39a4bc8983792aef7b46b0b22a2395d1bf558a96e4097f,krsteski_demo_survey_adapted_v1,prompt_compiler_v2_split_g_f,c444a6eac0c7b6cd317bc71d70e09e8e9d8b0a57308ceb8b4c11921129cc5ae1,v2,target,standard,standard_g_control_repair_v2,G|LP0340|control,2
LP0341,G|LP0341|control|replicate_2|fmt_v2,G-c151529fd79728d09cc28f555df97767684ea453,3,dances,control,full_questionnaire,google/gemma-4-31B-it,1513737746,0dd133509ff0ce945a73458a6158b9db16b718eebc679be553f482429616e513,df3cffc3387d2d032d676be1885201bdab5635202d3ecd7c397542171469c65d,krsteski_demo_survey_adapted_v1,prompt_compiler_v2_split_g_f,c444a6eac0c7b6cd317bc71d70e09e8e9d8b0a57308ceb8b4c11921129cc5ae1,v2,target,standard,standard_g_control_repair_v2,G|LP0341|control,2
LP0342,G|LP0342|control|replicate_2|fmt_v2,G-55c2072e660a421e171e605d1b7b946fc6c4d117,3,dances,control,full_questionnaire,google/gemma-4-31B-it,294539388,c0dbd09a5b46d134a69b9bfeaf3047d67ac75e870ecf9c55ce40a5b480235e65,0aea5f34d3d057b0d300be3ff57b856d896603ba75b1a0863de9cd5246964d13,krsteski_demo_survey_adapted_v1,prompt_compiler_v2_split_g_f,c444a6eac0c7b6cd317bc71d70e09e8e9d8b0a57308ceb8b4c11921129cc5ae1,v2,target,standard,standard_g_control_repair_v2,G|LP0342|control,2
LP0343,G|LP0343|control|replicate_2|fmt_v2,G-5722bad30c2cfd0ca6da8c1a8d667ca94b4ae3d6,2,baseball,control,full_questionnaire,google/gemma-4-31B-it,980578995,b0b7695f79c52d9a7aaeba9fb84223b94db6b9e562901d4cc049319c1ac31438,ed40bc9c5b1b9a11e27675ff43f01d4af53636afe95941746b2f2ce934d7aff3,krsteski_demo_survey_adapted_v1,prompt_compiler_v2_split_g_f,c444a6eac0c7b6cd317bc71d70e09e8e9d8b0a57308ceb8b4c11921129cc5ae1,v2,target,standard,standard_g_control_repair_v2,G|LP0343|control,2
LP0345,G|LP0345|control|replicate_2|fmt_v2,G-49948a7f2e24fecc517537b9c5248d9520a4da42,3,dances,control,full_questionnaire,google/gemma-4-31B-it,1095635915,aeb4245b2f11918dc1ca5924c5e1a7a340eecc22ad7aca85573eb1f735f692f3,74d22e4f6bc6a2017a189b47d4b7a800ad7e0ca5096ce900f11bfd5d21a5d308,krsteski_demo_survey_adapted_v1,prompt_compiler_v2_split_g_f,c444a6eac0c7b6cd317bc71d70e09e8e9d8b0a57308ceb8b4c11921129cc5ae1,v2,target,standard,standard_g_control_repair_v2,G|LP0345|control,2
LP0346,G|LP0346|control|replicate_2|fmt_v2,G-a346ec97eed4a0595ea924df8811d3b499eab2a8,2,baseball,control,full_questionnaire,google/gemma-4-31B-it,895646091,982b8a3138d54b8d7c78b80eb19518e02933df3a31121c397c3259f889fd8b59,95182075b7a5116fadd4347fa6f598518a64e8b056a3893fea56ca5fadcf9451,krsteski_demo_survey_adapted_v1,prompt_compiler_v2_split_g_f,c444a6eac0c7b6cd317bc71d70e09e8e9d8b0a57308ceb8b4c11921129cc5ae1,v2,target,standard,standard_g_control_repair_v2,G|LP0346|control,2
LP0348,G|LP0348|control|replicate_2|fmt_v2,G-905a0aa21a1f102c5fe0a3f4607443d3b1407c32,2,baseball,control,full_questionnaire,google/gemma-4-31B-it,986916210,dd89a35c31e2125113794f46deb0bea09eb7066d0256a29ec075b22c18723809,a9a17d71ff912bda5de0b51aa01d4899976866e2b7576a3599597ddb74247476,krsteski_demo_survey_adapted_v1,prompt_compiler_v2_split_g_f,c444a6eac0c7b6cd317bc71d70e09e8e9d8b0a57308ceb8b4c11921129cc5ae1,v2,target,standard,standard_g_control_repair_v2,G|LP0348|control,2
LP0349,G|LP0349|control|replicate_2|fmt_v2,G-8b9c63da823e2926d85cb9515e4288f837e1e9d7,3,dances,control,full_questionnaire,google/gemma-4-31B-it,427225309,0413ae22e7f4363d7070a53ccd8bc20a7fa2b4fe05afa9c2f26d80641ca68f0d,c99641995728dd4be1cdf5f950f3bebe21e96b8abb3f06b160ffb77ac12ca92d,krsteski_demo_survey_adapted_v1,prompt_compiler_v2_split_g_f,c444a6eac0c7b6cd317bc71d70e09e8e9d8b0a57308ceb8b4c11921129cc5ae1,v2,target,standard,standard_g_control_repair_v2,G|LP0349|control,2
LP0351,G|LP0351|control|replicate_2|fmt_v2,G-010cb7f816f5db3fc2ed36e96c6df573a4c5b5a3,2,baseball,control,full_questionnaire,google/gemma-4-31B-it,420432687,9e65bf268dc8904d86fad4582b4b099c906055552ad68f66731dd323f65a0d4e,9965dbbd78907789b090a31a64821edc5afb4e49243f6dc0e4ad9272a342ff5d,krsteski_demo_survey_adapted_v1,prompt_compiler_v2_split_g_f,c444a6eac0c7b6cd317bc71d70e09e8e9d8b0a57308ceb8b4c11921129cc5ae1,v2,target,standard,standard_g_control_repair_v2,G|LP0351|control,2
LP0352,G|LP0352|control|replicate_2|fmt_v2,G-0c4c8e14408b326129933732d53777194166bda3,3,dances,control,full_questionnaire,google/gemma-4-31B-it,1495551625,8c3200b75f227457c401f9f041b301733dff689d23eac1a7c7d7a71e6ed1637c,1865ae993842eefc40d2c638ffcab1acd8a78c49899c0aa8962976d67f81d174,krsteski_demo_survey_adapted_v1,prompt_compiler_v2_split_g_f,c444a6eac0c7b6cd317bc71d70e09e8e9d8b0a57308ceb8b4c11921129cc5ae1,v2,target,standard,standard_g_control_repair_v2,G|LP0352|control,2
LP0353,G|LP0353|control|replicate_2|fmt_v2,G-48c90ce9157f8c95c3602c706694bab27499c7fe,2,baseball,control,full_questionnaire,google/gemma-4-31B-it,655468136,d0f58676f02acef9b908a85fe675328f337746f0ea58b70caf8caeba02b25376,f808f6630faa2603d49b385040dde542264a8948c037cde5cd03089e39114cae,krsteski_demo_survey_adapted_v1,prompt_compiler_v2_split_g_f,c444a6eac0c7b6cd317bc71d70e09e8e9d8b0a57308ceb8b4c11921129cc5ae1,v2,target,standard,standard_g_control_repair_v2,G|LP0353|control,2
LP0354,G|LP0354|control|replicate_2|fmt_v2,G-4e08e5968e31938b3364c3c566e8b8ef2f186fb0,2,baseball,control,full_questionnaire,google/gemma-4-31B-it,709058233,70977521ebab2dce12ada185b3c22bc66456d50e228f9eaf39ab4c2c9d2b9584,3304ff7c132e8a83b1a8f34f0416065b7d23b685df0d4b4ea3fbbe793a93b8a4,krsteski_demo_survey_adapted_v1,prompt_compiler_v2_split_g_f,c444a6eac0c7b6cd317bc71d70e09e8e9d8b0a57308ceb8b4c11921129cc5ae1,v2,target,standard,standard_g_control_repair_v2,G|LP0354|control,2
LP0355,G|LP0355|control|replicate_2|fmt_v2,G-cd766171a6d6070c20c1e8b41d64aa9cb0f623ca,3,dances,control,full_questionnaire,google/gemma-4-31B-it,1103284722,ddf76f0c2b80936e0db4973ca3d726197f3e066a7c9cbcb49999094d6d125a95,734c3e0b8e32d2af4e6e738777cbbaf97b761f0ada793b2cd3ace9e2a984beda,krsteski_demo_survey_adapted_v1,prompt_compiler_v2_split_g_f,c444a6eac0c7b6cd317bc71d70e09e8e9d8b0a57308ceb8b4c11921129cc5ae1,v2,target,standard,standard_g_control_repair_v2,G|LP0355|control,2
LP0359,G|LP0359|control|replicate_2|fmt_v2,G-a0532ebdb117a33933bc6272e354ad7e735d259e,3,dances,control,full_questionnaire,google/gemma-4-31B-it,1908277430,555f7eca8b07eacac5a69fbc342c9251f307c233d298520534425fdcf89c3f48,0aea5f34d3d057b0d300be3ff57b856d896603ba75b1a0863de9cd5246964d13,krsteski_demo_survey_adapted_v1,prompt_compiler_v2_split_g_f,c444a6eac0c7b6cd317bc71d70e09e8e9d8b0a57308ceb8b4c11921129cc5ae1,v2,target,standard,standard_g_control_repair_v2,G|LP0359|control,2
LP0360,G|LP0360|control|replicate_2|fmt_v2,G-3ddaf8d82f16897bf3bcc599a0ea2741a1ceaa77,3,dances,control,full_questionnaire,google/gemma-4-31B-it,718043948,f60a94e638a84c0d30e8b819c42ffddbf569c5435bc545211966b425858bf354,2476bbc7dc10dc5a04ca7990c929a6fdf7d44ffc9923ad98f84bdbe443344c9d,krsteski_demo_survey_adapted_v1,prompt_compiler_v2_split_g_f,c444a6eac0c7b6cd317bc71d70e09e8e9d8b0a57308ceb8b4c11921129cc5ae1,v2,target,standard,standard_g_control_repair_v2,G|LP0360|control,2
LP0364,G|LP0364|control|replicate_2|fmt_v2,G-9248a0b828fa12952567664821481c879762c2ee,2,baseball,control,full_questionnaire,google/gemma-4-31B-it,1300976647,64482f30238c18fd4308edca389f8f4d39465c4f87272be153dc9f60136914e6,ab0fdf2f5a89282ad9bbbe710f0bce609804284bbc2b55b041f4bc61763c57e7,krsteski_demo_survey_adapted_v1,prompt_compiler_v2_split_g_f,c444a6eac0c7b6cd317bc71d70e09e8e9d8b0a57308ceb8b4c11921129cc5ae1,v2,target,standard,standard_g_control_repair_v2,G|LP0364|control,2
LP0365,G|LP0365|control|replicate_2|fmt_v2,G-2d505c8c2b2314acfb51faa58b41282d805491b8,3,dances,control,full_questionnaire,google/gemma-4-31B-it,96718277,1f02d2d096f379053bc32f6ab62e2a6b2c26aa031d39de68b61c3202cfed72ba,0dbe0028b8b567069f50a339d038e32ebe03239ce5b220686ba319356ec5b996,krsteski_demo_survey_adapted_v1,prompt_compiler_v2_split_g_f,c444a6eac0c7b6cd317bc71d70e09e8e9d8b0a57308ceb8b4c11921129cc5ae1,v2,target,standard,standard_g_control_repair_v2,G|LP0365|control,2
LP0367,G|LP0367|control|replicate_2|fmt_v2,G-d3fc46307cd9fbef5b0055f3df9cd9925ca33d8b,3,dances,control,full_questionnaire,google/gemma-4-31B-it,617777235,4ee264bd97579eb24e55b32ec5b807da7a892a3f912946c7a0065c4add1f6759,16d4ad8b4ba9bc852ad1e6f66bc24a4e56f325aed6e7a771e1c0ce67be639ae8,krsteski_demo_survey_adapted_v1,prompt_compiler_v2_split_g_f,c444a6eac0c7b6cd317bc71d70e09e8e9d8b0a57308ceb8b4c11921129cc5ae1,v2,target,standard,standard_g_control_repair_v2,G|LP0367|control,2
LP0368,G|LP0368|control|replicate_2|fmt_v2,G-030cbcec9b1685a1ecb9ea1aab401a35d45d7b4a,2,baseball,control,full_questionnaire,google/gemma-4-31B-it,556793722,d4e55ba57c84ed87fbce3ad8704a3866172df24e41ce8b033a22b710055beeed,375fcb3b1a2ed2c36949ade4ece1609c87f27f1d35d207e8c079f821c2305153,krsteski_demo_survey_adapted_v1,prompt_compiler_v2_split_g_f,c444a6eac0c7b6cd317bc71d70e09e8e9d8b0a57308ceb8b4c11921129cc5ae1,v2,target,standard,standard_g_control_repair_v2,G|LP0368|control,2
LP0370,G|LP0370|control|replicate_2|fmt_v2,G-3e4bace86122faf7177bcccd50074b94be02fa7d,3,dances,control,full_questionnaire,google/gemma-4-31B-it,1572492488,c914c4ca2245661bb03d3a0c2f789beed05d18cc1e12ad2fabde0a68e50ba2da,98e3625ab2f5f518981e48bccfbc4e12ac4fee394552d2723971faba1694b5a4,krsteski_demo_survey_adapted_v1,prompt_compiler_v2_split_g_f,c444a6eac0c7b6cd317bc71d70e09e8e9d8b0a57308ceb8b4c11921129cc5ae1,v2,target,standard,standard_g_control_repair_v2,G|LP0370|control,2
LP0371,G|LP0371|control|replicate_2|fmt_v2,G-d86c6ee0ef8c3f2d317055176c123229c3663462,3,dances,control,full_questionnaire,google/gemma-4-31B-it,543497458,684635402ccef9acaf9796d3eb15e61c654793ac799a1a144e555bebf5e7a695,697fd85785c5e554aaf10ce389f1bf1c3a0266f29d585ed8df343c15e2402f51,krsteski_demo_survey_adapted_v1,prompt_compiler_v2_split_g_f,c444a6eac0c7b6cd317bc71d70e09e8e9d8b0a57308ceb8b4c11921129cc5ae1,v2,target,standard,standard_g_control_repair_v2,G|LP0371|control,2
LP0374,G|LP0374|control|replicate_2|fmt_v2,G-06e7291af971d0be0c2d75d951321c5a8021b6d9,3,dances,control,full_questionnaire,google/gemma-4-31B-it,121643764,1dc3dc68702c73c9cff67ca7c5fceb1e1c774bc8dc46c1d08a7032d637e93a14,b0580f5fb9141397ecf377b40e8d1778ea4457ec196d7fea02c80181030893fe,krsteski_demo_survey_adapted_v1,prompt_compiler_v2_split_g_f,c444a6eac0c7b6cd317bc71d70e09e8e9d8b0a57308ceb8b4c11921129cc5ae1,v2,target,standard,standard_g_control_repair_v2,G|LP0374|control,2
LP0377,G|LP0377|control|replicate_2|fmt_v2,G-59be92d9fe7628ae7d1158661c23a6bd7876e08f,2,baseball,control,full_questionnaire,google/gemma-4-31B-it,838028899,3c70cdf69a81d1dbe64b4f002b83bed60fcae4fa03afb5ceca0a4138e62c2e9b,80795f7420a1828775290d44b68771a715025c5acdc160e5378bc09d1b5cd531,krsteski_demo_survey_adapted_v1,prompt_compiler_v2_split_g_f,c444a6eac0c7b6cd317bc71d70e09e8e9d8b0a57308ceb8b4c11921129cc5ae1,v2,target,standard,standard_g_control_repair_v2,G|LP0377|control,2
LP0381,G|LP0381|control|replicate_2|fmt_v2,G-303b4ff14f8b30fb6c7224438d67bbc24f6c1b67,2,baseball,control,full_questionnaire,google/gemma-4-31B-it,805425374,f5bceeb58480bc459a6455b531a44d317fe44ca0fe8e4880cb822ace06c02d45,b0580f5fb9141397ecf377b40e8d1778ea4457ec196d7fea02c80181030893fe,krsteski_demo_survey_adapted_v1,prompt_compiler_v2_split_g_f,c444a6eac0c7b6cd317bc71d70e09e8e9d8b0a57308ceb8b4c11921129cc5ae1,v2,target,standard,standard_g_control_repair_v2,G|LP0381|control,2
LP0382,G|LP0382|control|replicate_2|fmt_v2,G-f1641e2ef8fb259fda04fb9344ef1e58dc5f6588,2,baseball,control,full_questionnaire,google/gemma-4-31B-it,1539531264,a1f05f67bdcdabad3b2a5217f0c50179ea02424216c3a93e5edbd9381ad93371,8938cf956915dc78f47154621782b86462e158373a08bfd4a31111fdb06e1d72,krsteski_demo_survey_adapted_v1,prompt_compiler_v2_split_g_f,c444a6eac0c7b6cd317bc71d70e09e8e9d8b0a57308ceb8b4c11921129cc5ae1,v2,target,standard,standard_g_control_repair_v2,G|LP0382|control,2
LP0383,G|LP0383|control|replicate_2|fmt_v2,G-59dfe389dff3f8e27ed4cc33fc094f4ad931a11c,3,dances,control,full_questionnaire,google/gemma-4-31B-it,330547191,35b08f015c1df344a491e2ab251983c836cf22129231f07b8db383485601c012,9fbf74db23e927b912564259e1a930caa73c58eaf3061423bc7726aa63b0e24c,krsteski_demo_survey_adapted_v1,prompt_compiler_v2_split_g_f,c444a6eac0c7b6cd317bc71d70e09e8e9d8b0a57308ceb8b4c11921129cc5ae1,v2,target,standard,standard_g_control_repair_v2,G|LP0383|control,2
LP0384,G|LP0384|control|replicate_2|fmt_v2,G-af306ba1ba30b7073f5f0910e1adf8649c432ba3,2,baseball,control,full_questionnaire,google/gemma-4-31B-it,412192333,59b6ee27214a9151f9dfc2ea710ba67db1a4062c60d45719ae52f5eb6c366552,8e7e715dd759c9180343ac172b647c46fa3af0d9e1e5a240759b1b37312271fd,krsteski_demo_survey_adapted_v1,prompt_compiler_v2_split_g_f,c444a6eac0c7b6cd317bc71d70e09e8e9d8b0a57308ceb8b4c11921129cc5ae1,v2,target,standard,standard_g_control_repair_v2,G|LP0384|control,2
LP0385,G|LP0385|control|replicate_2|fmt_v2,G-246a2122bd4723abdd23d68a6ac640adba5230bf,3,dances,control,full_questionnaire,google/gemma-4-31B-it,102458865,0499c491695d3986d016252cc8e1c15d8de6ccc45155ab4708afd12999744feb,ab0fdf2f5a89282ad9bbbe710f0bce609804284bbc2b55b041f4bc61763c57e7,krsteski_demo_survey_adapted_v1,prompt_compiler_v2_split_g_f,c444a6eac0c7b6cd317bc71d70e09e8e9d8b0a57308ceb8b4c11921129cc5ae1,v2,target,standard,standard_g_control_repair_v2,G|LP0385|control,2
LP0386,G|LP0386|control|replicate_2|fmt_v2,G-f6dab37e6a888bc017c0115ae8c6f301ee81fced,2,baseball,control,full_questionnaire,google/gemma-4-31B-it,1480454848,7598564932577c2d7504916f5af69d5fc4b25c9f37f49c7f77b5e1470a062c5a,95688658f8b8d47c9c8d7024f11cc7e497e661699b9a28d72142533133efe8cd,krsteski_demo_survey_adapted_v1,prompt_compiler_v2_split_g_f,c444a6eac0c7b6cd317bc71d70e09e8e9d8b0a57308ceb8b4c11921129cc5ae1,v2,target,standard,standard_g_control_repair_v2,G|LP0386|control,2
LP0391,G|LP0391|control|replicate_2|fmt_v2,G-aa371350dbfdb61c20a055715eb1a755356b2c0f,2,baseball,control,full_questionnaire,google/gemma-4-31B-it,812375232,4b9a33a46548db8ecd8748cc61535710de3935d62d3136b9fe067d7850dcb777,11493604706794d63835530fa42668773c9769ba6a103753272c0e0a8193a9c0,krsteski_demo_survey_adapted_v1,prompt_compiler_v2_split_g_f,c444a6eac0c7b6cd317bc71d70e09e8e9d8b0a57308ceb8b4c11921129cc5ae1,v2,target,standard,standard_g_control_repair_v2,G|LP0391|control,2
LP0394,G|LP0394|control|replicate_2|fmt_v2,G-2122f0ced593eb5c79b58879b6693894e205e325,3,dances,control,full_questionnaire,google/gemma-4-31B-it,400149754,1bf1689344b6ff536ad722ae6a1dbd8044f6b0c6e1c2dddae3494a9b63fffae9,43a32bec9f104cf7990ac5b02ac38a79d821c22135a39d2fd6e8320eb1e11c1f,krsteski_demo_survey_adapted_v1,prompt_compiler_v2_split_g_f,c444a6eac0c7b6cd317bc71d70e09e8e9d8b0a57308ceb8b4c11921129cc5ae1,v2,target,standard,standard_g_control_repair_v2,G|LP0394|control,2
LP0396,G|LP0396|control|replicate_2|fmt_v2,G-8c13997eb232a6b7fd1c750a88c8e6ef2e0db502,2,baseball,control,full_questionnaire,google/gemma-4-31B-it,1247402422,be358cdd7bf5bc65cfa37b98544882714b85a284bd7b2fd62c1a753447236b7f,cf83c9b2876e2827ae0a33ade9d00ee18ff9d1cbb2abc62dd4456b67dfedc3c5,krsteski_demo_survey_adapted_v1,prompt_compiler_v2_split_g_f,c444a6eac0c7b6cd317bc71d70e09e8e9d8b0a57308ceb8b4c11921129cc5ae1,v2,target,standard,standard_g_control_repair_v2,G|LP0396|control,2
LP0398,G|LP0398|control|replicate_2|fmt_v2,G-7f007b9758812d01712e83fe5b2ec0e80d7eff1a,3,dances,control,full_questionnaire,google/gemma-4-31B-it,1451369521,317e50da20ad1778122ab8fe0f313da53c3de83bdd90dd12166d65e4afb65407,13989d375cddadcde74b04df2f2b7a020012640c64914f315d5de4156b6f263d,krsteski_demo_survey_adapted_v1,prompt_compiler_v2_split_g_f,c444a6eac0c7b6cd317bc71d70e09e8e9d8b0a57308ceb8b4c11921129cc5ae1,v2,target,standard,standard_g_control_repair_v2,G|LP0398|control,2
LP0399,G|LP0399|control|replicate_2|fmt_v2,G-5c789e0c279c87656ff7bbc38490a3dc4cc58c79,2,baseball,control,full_questionnaire,google/gemma-4-31B-it,1619903358,d3061aa2c1e8d98257910ce815b3c9331ade964dbe5318a4d194c0939397284a,bcaa458f2e7f821091248e7ba1d70324b9f438036e522008260e589262a97ed5,krsteski_demo_survey_adapted_v1,prompt_compiler_v2_split_g_f,c444a6eac0c7b6cd317bc71d70e09e8e9d8b0a57308ceb8b4c11921129cc5ae1,v2,target,standard,standard_g_control_repair_v2,G|LP0399|control,2
LP0402,G|LP0402|control|replicate_2|fmt_v2,G-f202604a95a32a80bfa30873b28ad5ca3bf6ff72,3,dances,control,full_questionnaire,google/gemma-4-31B-it,2041047832,9a1fe28372e9297e37cee9d0a53a288f1f15a7f6518ffa6df1b22fb377b3922b,f6e79632b071296a8163c418ba80cacd2272850a3d280064326088189590fa0d,krsteski_demo_survey_adapted_v1,prompt_compiler_v2_split_g_f,c444a6eac0c7b6cd317bc71d70e09e8e9d8b0a57308ceb8b4c11921129cc5ae1,v2,target,standard,standard_g_control_repair_v2,G|LP0402|control,2
LP0403,G|LP0403|control|replicate_2|fmt_v2,G-fcebed44a8e3b00e8da19fb2e12f54584ef2c002,3,dances,control,full_questionnaire,google/gemma-4-31B-it,582716059,20dc4870531faf8311cb04bd1c42152f9e9560961b7ca3594f8a29a2c518437c,6ba764af62e00471c67ba9fd361e9793a0a511d522c6713d370bfeb024754774,krsteski_demo_survey_adapted_v1,prompt_compiler_v2_split_g_f,c444a6eac0c7b6cd317bc71d70e09e8e9d8b0a57308ceb8b4c11921129cc5ae1,v2,target,standard,standard_g_control_repair_v2,G|LP0403|control,2
LP0404,G|LP0404|control|replicate_2|fmt_v2,G-71867fe5077b19c7b84feda309390d66e4d6eea7,3,dances,control,full_questionnaire,google/gemma-4-31B-it,1787304338,1ff2d782f808644f7508b2521e4961d73394cad595b543d6664a9a2dbc5d0566,423d74445805fb2a8ae1ea41fbd40ec62d20337531baef54b0674f03abf0f156,krsteski_demo_survey_adapted_v1,prompt_compiler_v2_split_g_f,c444a6eac0c7b6cd317bc71d70e09e8e9d8b0a57308ceb8b4c11921129cc5ae1,v2,target,standard,standard_g_control_repair_v2,G|LP0404|control,2
LP0405,G|LP0405|control|replicate_2|fmt_v2,G-376dbadcab18e0837adfb239f892473845dd563f,3,dances,control,full_questionnaire,google/gemma-4-31B-it,435443261,e91ec7a89ef971be0d01174af37e29ea1e1a31c91531b6196787171d84080c0f,4a8ccc2f7e458cc0e1100c7470299f3d0c02e4c01833b8a586127861fb98f104,krsteski_demo_survey_adapted_v1,prompt_compiler_v2_split_g_f,c444a6eac0c7b6cd317bc71d70e09e8e9d8b0a57308ceb8b4c11921129cc5ae1,v2,target,standard,standard_g_control_repair_v2,G|LP0405|control,2
LP0406,G|LP0406|control|replicate_2|fmt_v2,G-fbff5f314bed9db3e4a118bab59e73c8ddc7553d,3,dances,control,full_questionnaire,google/gemma-4-31B-it,1139563545,cde33d95f8897e6e387499764ca688b1142d7b48a35597a38c9bdda51530b700,402d5709f78fba848fc8fd1774fa19383ed88fea79141c5e1d5bb421f54a21e9,krsteski_demo_survey_adapted_v1,prompt_compiler_v2_split_g_f,c444a6eac0c7b6cd317bc71d70e09e8e9d8b0a57308ceb8b4c11921129cc5ae1,v2,target,standard,standard_g_control_repair_v2,G|LP0406|control,2
LP0407,G|LP0407|control|replicate_2|fmt_v2,G-14afffa1fe024cc7db95663798bc8c63a3d990c2,3,dances,control,full_questionnaire,google/gemma-4-31B-it,660753419,a37323f831d6f78408aad6b9d1d73de80b9c43ff050aacadc86fabce9e589981,95bff327fe593cbe15b10ed3667329827298d2cf2317ec77c1b2bdeedb8656cc,krsteski_demo_survey_adapted_v1,prompt_compiler_v2_split_g_f,c444a6eac0c7b6cd317bc71d70e09e8e9d8b0a57308ceb8b4c11921129cc5ae1,v2,target,standard,standard_g_control_repair_v2,G|LP0407|control,2
LP0408,G|LP0408|control|replicate_2|fmt_v2,G-a68bac6289baa0fa188b63f6d18b31c8160e7335,3,dances,control,full_questionnaire,google/gemma-4-31B-it,1456601537,f40232c46c860d12e943c0e3e29e48b45bd65b0ee9dddcc445663a7edbd410b6,536b2b3262ca523a85f2b4b957296a6e36a4a2d000b8568cabb4ee92efa12b30,krsteski_demo_survey_adapted_v1,prompt_compiler_v2_split_g_f,c444a6eac0c7b6cd317bc71d70e09e8e9d8b0a57308ceb8b4c11921129cc5ae1,v2,target,standard,standard_g_control_repair_v2,G|LP0408|control,2
LP0409,G|LP0409|control|replicate_2|fmt_v2,G-c1526a20b0ff9bbf1777a49413b91af1ba4dfd01,3,dances,control,full_questionnaire,google/gemma-4-31B-it,866414595,16f8940ec31e90264ec8c7312f4924eacd18ce5244945850fa5303c5c9c3f9d2,173ecccd0aeff9962c089cb3cf359fcbd1de1130be32d8d588600bc1195636c0,krsteski_demo_survey_adapted_v1,prompt_compiler_v2_split_g_f,c444a6eac0c7b6cd317bc71d70e09e8e9d8b0a57308ceb8b4c11921129cc5ae1,v2,target,standard,standard_g_control_repair_v2,G|LP0409|control,2
LP0411,G|LP0411|control|replicate_2|fmt_v2,G-591e83176902a7783fe6f40678cb456ac0f206b9,2,baseball,control,full_questionnaire,google/gemma-4-31B-it,457158056,ff032a7056ef0ce98c1e948c58ee5d48cc50133eb8652f8370cc87df575c5429,06dacff0aa08906ba0f9d1ef4b1fdfe13303366770b5330b94ec6687a7a2a0fc,krsteski_demo_survey_adapted_v1,prompt_compiler_v2_split_g_f,c444a6eac0c7b6cd317bc71d70e09e8e9d8b0a57308ceb8b4c11921129cc5ae1,v2,target,standard,standard_g_control_repair_v2,G|LP0411|control,2
LP0413,G|LP0413|control|replicate_2|fmt_v2,G-7c466be4cf14747e0b81ab88dd3af5c6123c06da,2,baseball,control,full_questionnaire,google/gemma-4-31B-it,1201753161,a456d9e4ff129e13fff8532674069386c19cd0b3ca3a27eb21f647d49933bc36,a688b9ec952f1287c03f1451368ae57ac298be14e4f128e7dbfbc419291ecfa2,krsteski_demo_survey_adapted_v1,prompt_compiler_v2_split_g_f,c444a6eac0c7b6cd317bc71d70e09e8e9d8b0a57308ceb8b4c11921129cc5ae1,v2,target,standard,standard_g_control_repair_v2,G|LP0413|control,2
LP0414,G|LP0414|control|replicate_2|fmt_v2,G-74b454f1323c8e64a36a9b3cfb4ad53ae726305a,3,dances,control,full_questionnaire,google/gemma-4-31B-it,463812680,4cbcf12d325fe3f8a772c58dfc53a4aaa9c968425017c508de7cbe994ca2deea,74d0261f87eff9ccc4fca3878970ef0953157143e73eca90ee489fac8da16809,krsteski_demo_survey_adapted_v1,prompt_compiler_v2_split_g_f,c444a6eac0c7b6cd317bc71d70e09e8e9d8b0a57308ceb8b4c11921129cc5ae1,v2,target,standard,standard_g_control_repair_v2,G|LP0414|control,2
LP0415,G|LP0415|control|replicate_2|fmt_v2,G-bf14a89e1b1f0a3631f5f98f8409a08fe8aec1e2,3,dances,control,full_questionnaire,google/gemma-4-31B-it,424172405,c907183135c34787e8c660e290ad6d424f85baf8c4b8b9c4f9768cffd3eaf2a6,946056600450ab8cdd39a4bc8983792aef7b46b0b22a2395d1bf558a96e4097f,krsteski_demo_survey_adapted_v1,prompt_compiler_v2_split_g_f,c444a6eac0c7b6cd317bc71d70e09e8e9d8b0a57308ceb8b4c11921129cc5ae1,v2,target,standard,standard_g_control_repair_v2,G|LP0415|control,2
LP0416,G|LP0416|control|replicate_2|fmt_v2,G-c02e9ee6582b8b700f37ee0706ffe2ca3451d81c,2,baseball,control,full_questionnaire,google/gemma-4-31B-it,1485359423,9b8928718c97c9d2475a5083a1c23c908401e9cfabd38b515f15c149fcee0063,64f9451098cc990fe352150828d3e8291a59504e7c37ea76f5286ec92543c90a,krsteski_demo_survey_adapted_v1,prompt_compiler_v2_split_g_f,c444a6eac0c7b6cd317bc71d70e09e8e9d8b0a57308ceb8b4c11921129cc5ae1,v2,target,standard,standard_g_control_repair_v2,G|LP0416|control,2
LP0417,G|LP0417|control|replicate_2|fmt_v2,G-c6f6759162c0754ff47b4a0ab741e9c4c3dae362,3,dances,control,full_questionnaire,google/gemma-4-31B-it,1890410612,94ed5af6b7b3ae80bd7a172eec77bea3336072eadb0b259a56b92859bdb07116,697fd85785c5e554aaf10ce389f1bf1c3a0266f29d585ed8df343c15e2402f51,krsteski_demo_survey_adapted_v1,prompt_compiler_v2_split_g_f,c444a6eac0c7b6cd317bc71d70e09e8e9d8b0a57308ceb8b4c11921129cc5ae1,v2,target,standard,standard_g_control_repair_v2,G|LP0417|control,2
LP0419,G|LP0419|control|replicate_2|fmt_v2,G-170f8e9892beff10d20d8943d216088020b4bf56,3,dances,control,full_questionnaire,google/gemma-4-31B-it,1088298049,4da4d7e3b61fc99d451dc4f7dbdbe0e8dba218b9c03f2cb6cd7121a976158525,0aea5f34d3d057b0d300be3ff57b856d896603ba75b1a0863de9cd5246964d13,krsteski_demo_survey_adapted_v1,prompt_compiler_v2_split_g_f,c444a6eac0c7b6cd317bc71d70e09e8e9d8b0a57308ceb8b4c11921129cc5ae1,v2,target,standard,standard_g_control_repair_v2,G|LP0419|control,2
LP0420,G|LP0420|control|replicate_2|fmt_v2,G-10d0cd30b10991b3ae079acccc5abd4616050919,2,baseball,control,full_questionnaire,google/gemma-4-31B-it,1386949652,7cb29109f2e0f633a868998e0e6816dbd734278009b37a1ce9d75b75ec1aa3f3,0ef02b32aed358d516241279906311825ac5c362ffa58bf89f0cff5706ab6858,krsteski_demo_survey_adapted_v1,prompt_compiler_v2_split_g_f,c444a6eac0c7b6cd317bc71d70e09e8e9d8b0a57308ceb8b4c11921129cc5ae1,v2,target,standard,standard_g_control_repair_v2,G|LP0420|control,2
LP0421,G|LP0421|control|replicate_2|fmt_v2,G-49df6cf2cfb2f6942d50989eb9261d5bf5267266,2,baseball,control,full_questionnaire,google/gemma-4-31B-it,1668403322,f467d28a455864a2edd8c6351ed14b2fc377f2292da10c284ed26375562fb931,068108676f2e404236b07752d50bc23456d2d02039f57d47f9fe2fa2854974e6,krsteski_demo_survey_adapted_v1,prompt_compiler_v2_split_g_f,c444a6eac0c7b6cd317bc71d70e09e8e9d8b0a57308ceb8b4c11921129cc5ae1,v2,target,standard,standard_g_control_repair_v2,G|LP0421|control,2
LP0422,G|LP0422|control|replicate_2|fmt_v2,G-1fc6ce6e21735dd956a1c1df3bc299c48da2a3f5,3,dances,control,full_questionnaire,google/gemma-4-31B-it,1627454133,e0e3c9113c09f9cd481b63d76437d189a4f8d7762376031b1f9d8ad47d25a0e5,ab0fdf2f5a89282ad9bbbe710f0bce609804284bbc2b55b041f4bc61763c57e7,krsteski_demo_survey_adapted_v1,prompt_compiler_v2_split_g_f,c444a6eac0c7b6cd317bc71d70e09e8e9d8b0a57308ceb8b4c11921129cc5ae1,v2,target,standard,standard_g_control_repair_v2,G|LP0422|control,2
LP0423,G|LP0423|control|replicate_2|fmt_v2,G-4093a6eef188511c70e405de93fbc9444c77cd50,2,baseball,control,full_questionnaire,google/gemma-4-31B-it,1924112122,4a80d4b1a7e77602752caf2e6a0e869d8cea74474dea56926707e25c7c7e5f90,8938cf956915dc78f47154621782b86462e158373a08bfd4a31111fdb06e1d72,krsteski_demo_survey_adapted_v1,prompt_compiler_v2_split_g_f,c444a6eac0c7b6cd317bc71d70e09e8e9d8b0a57308ceb8b4c11921129cc5ae1,v2,target,standard,standard_g_control_repair_v2,G|LP0423|control,2
LP0425,G|LP0425|control|replicate_2|fmt_v2,G-598c3f12d16d74eeb548c4ba1fe542b6ae958a57,3,dances,control,full_questionnaire,google/gemma-4-31B-it,75887381,9227aa85a15856fad897a6f3dfdde72a18156ee60c74211ae96b8d3ed437220e,f00262b7a5392a5e50e5e2da8f63fc31bff82f766b1d063674f96d3355c10ae8,krsteski_demo_survey_adapted_v1,prompt_compiler_v2_split_g_f,c444a6eac0c7b6cd317bc71d70e09e8e9d8b0a57308ceb8b4c11921129cc5ae1,v2,target,standard,standard_g_control_repair_v2,G|LP0425|control,2
LP0426,G|LP0426|control|replicate_2|fmt_v2,G-a7823349673f06a3ff0ae259f544da5c7f808a44,3,dances,control,full_questionnaire,google/gemma-4-31B-it,910388536,7ffc8a640eef67f4ef4fcb1873a1ad4ffaa26d33fffb41969ef06eb9f9c25ea1,0aea5f34d3d057b0d300be3ff57b856d896603ba75b1a0863de9cd5246964d13,krsteski_demo_survey_adapted_v1,prompt_compiler_v2_split_g_f,c444a6eac0c7b6cd317bc71d70e09e8e9d8b0a57308ceb8b4c11921129cc5ae1,v2,target,standard,standard_g_control_repair_v2,G|LP0426|control,2
LP0427,G|LP0427|control|replicate_2|fmt_v2,G-56c6657951b38acba38e1d7204e3a399fbf635a2,3,dances,control,full_questionnaire,google/gemma-4-31B-it,2134922686,7d7aa588daa3bc4dade2b89ed2ec3ab6521033843946dbbd56a9581ce3da81cc,df3cffc3387d2d032d676be1885201bdab5635202d3ecd7c397542171469c65d,krsteski_demo_survey_adapted_v1,prompt_compiler_v2_split_g_f,c444a6eac0c7b6cd317bc71d70e09e8e9d8b0a57308ceb8b4c11921129cc5ae1,v2,target,standard,standard_g_control_repair_v2,G|LP0427|control,2
LP0428,G|LP0428|control|replicate_2|fmt_v2,G-11e904e18f11aeadd63f279066f8561eaf237bde,3,dances,control,full_questionnaire,google/gemma-4-31B-it,853784688,1c4a30a918b451a1a92d6cc632a506b93b530ac63a30878d0563842cf9b68b2f,8ef7b7452c7ac5028f93b83d20babf58b7abcb132967380741c2346c157524c2,krsteski_demo_survey_adapted_v1,prompt_compiler_v2_split_g_f,c444a6eac0c7b6cd317bc71d70e09e8e9d8b0a57308ceb8b4c11921129cc5ae1,v2,target,standard,standard_g_control_repair_v2,G|LP0428|control,2
LP0429,G|LP0429|control|replicate_2|fmt_v2,G-857587c3731821473fc1fb4c3fc6918526f4fdd1,2,baseball,control,full_questionnaire,google/gemma-4-31B-it,2114138319,a0d743e141809a0ba8797f64895a37b22628e6bc1a8d752d2d797bfbfb3bb43a,b94c312a590c3cfbae7cd101855634562f5848e6188b75661c550375cf17fa00,krsteski_demo_survey_adapted_v1,prompt_compiler_v2_split_g_f,c444a6eac0c7b6cd317bc71d70e09e8e9d8b0a57308ceb8b4c11921129cc5ae1,v2,target,standard,standard_g_control_repair_v2,G|LP0429|control,2
LP0431,G|LP0431|control|replicate_2|fmt_v2,G-503e1d9463108b1c236209caf256c2b9de951599,2,baseball,control,full_questionnaire,google/gemma-4-31B-it,59557446,098792625c232c2982d8759b8490b801c158265a7c48c3be7069aae429913d23,e347d4971e88b9a31a0c010c3bac36fa393a2e172d5af22bd158f54bf80e86fc,krsteski_demo_survey_adapted_v1,prompt_compiler_v2_split_g_f,c444a6eac0c7b6cd317bc71d70e09e8e9d8b0a57308ceb8b4c11921129cc5ae1,v2,target,standard,standard_g_control_repair_v2,G|LP0431|control,2
LP0432,G|LP0432|control|replicate_2|fmt_v2,G-e91329e5ab063587fc2d384a5000bebeb6c0d78a,3,dances,control,full_questionnaire,google/gemma-4-31B-it,2100070741,00e5597e4eac5e5e7d75a9aab294473b754e21b42c64fab26178605a3b1dc279,203033b2a610150cdd7665e5fb4a02a89f7265d8b631943f946fd0346cca6ca9,krsteski_demo_survey_adapted_v1,prompt_compiler_v2_split_g_f,c444a6eac0c7b6cd317bc71d70e09e8e9d8b0a57308ceb8b4c11921129cc5ae1,v2,target,standard,standard_g_control_repair_v2,G|LP0432|control,2
LP0434,G|LP0434|control|replicate_2|fmt_v2,G-4ab34ac0badfef98e91f56dcc335f5820fecfd48,2,baseball,control,full_questionnaire,google/gemma-4-31B-it,1346798874,884903fe0a8b9bbf635ebb94f0deb6acdcb374bc0ce98f48bf4c64f1f6156871,8e7e715dd759c9180343ac172b647c46fa3af0d9e1e5a240759b1b37312271fd,krsteski_demo_survey_adapted_v1,prompt_compiler_v2_split_g_f,c444a6eac0c7b6cd317bc71d70e09e8e9d8b0a57308ceb8b4c11921129cc5ae1,v2,target,standard,standard_g_control_repair_v2,G|LP0434|control,2
LP0436,G|LP0436|control|replicate_2|fmt_v2,G-dc67285f246664e74478f89c210f2f71c91aed84,3,dances,control,full_questionnaire,google/gemma-4-31B-it,1563735464,b59234bd3f0be2896701cd1ffb127f6b4c2f1e4881aaf90dda52a334ea72888a,946056600450ab8cdd39a4bc8983792aef7b46b0b22a2395d1bf558a96e4097f,krsteski_demo_survey_adapted_v1,prompt_compiler_v2_split_g_f,c444a6eac0c7b6cd317bc71d70e09e8e9d8b0a57308ceb8b4c11921129cc5ae1,v2,target,standard,standard_g_control_repair_v2,G|LP0436|control,2
LP0437,G|LP0437|control|replicate_2|fmt_v2,G-8633da51d9af59dbf8a2bd23421acae6d76583d0,3,dances,control,full_questionnaire,google/gemma-4-31B-it,1712787072,b8de3695e86afbd046443451eff79b2f8cf31cc1473cc5d2c6afe1f3d9a6385a,7eadf06f060f845c1408260c94fa34a7dbc7f7928d4382e4aec9e9bb5762f4c8,krsteski_demo_survey_adapted_v1,prompt_compiler_v2_split_g_f,c444a6eac0c7b6cd317bc71d70e09e8e9d8b0a57308ceb8b4c11921129cc5ae1,v2,target,standard,standard_g_control_repair_v2,G|LP0437|control,2
LP0438,G|LP0438|control|replicate_2|fmt_v2,G-7d44322948ce2ca8f218bd531e41dda0869ccd5c,2,baseball,control,full_questionnaire,google/gemma-4-31B-it,1129746684,380a0ddc2dbe9d033a46210440a3c62bc51bc626301f7a9713024af94d2c8fbb,6ba764af62e00471c67ba9fd361e9793a0a511d522c6713d370bfeb024754774,krsteski_demo_survey_adapted_v1,prompt_compiler_v2_split_g_f,c444a6eac0c7b6cd317bc71d70e09e8e9d8b0a57308ceb8b4c11921129cc5ae1,v2,target,standard,standard_g_control_repair_v2,G|LP0438|control,2
LP0439,G|LP0439|control|replicate_2|fmt_v2,G-748fc1fa8cc18e0f067db49ec07ffa9d3c9f173f,3,dances,control,full_questionnaire,google/gemma-4-31B-it,1977684485,c512666f2d80e3918a000d5e32f1c43828a90a4d92d87418e4b2005c28f7a117,38100cc560603e43ed744254d8c1715e1a1d5a6fa5e1c8a010014062402c5b35,krsteski_demo_survey_adapted_v1,prompt_compiler_v2_split_g_f,c444a6eac0c7b6cd317bc71d70e09e8e9d8b0a57308ceb8b4c11921129cc5ae1,v2,target,standard,standard_g_control_repair_v2,G|LP0439|control,2
LP0442,G|LP0442|control|replicate_2|fmt_v2,G-92baa2d3519a481a411703f1c94576b234393f64,2,baseball,control,full_questionnaire,google/gemma-4-31B-it,1997508034,37e872e1ee2356e08b829f43ba425da2ce86ff0ab20b1a401df1a58671d315bb,f6e79632b071296a8163c418ba80cacd2272850a3d280064326088189590fa0d,krsteski_demo_survey_adapted_v1,prompt_compiler_v2_split_g_f,c444a6eac0c7b6cd317bc71d70e09e8e9d8b0a57308ceb8b4c11921129cc5ae1,v2,target,standard,standard_g_control_repair_v2,G|LP0442|control,2
LP0443,G|LP0443|control|replicate_2|fmt_v2,G-5932afefe61563733972e72cfa4fcfd0c3fe4d45,2,baseball,control,full_questionnaire,google/gemma-4-31B-it,410698580,a1d66a993f5566d1de4f17159564e4966270428d85a5083c1fe35e34bcffa82f,f56353b83194586fe0399f9880caf29829d2c29e68cd12ecb39a9f31810f47f2,krsteski_demo_survey_adapted_v1,prompt_compiler_v2_split_g_f,c444a6eac0c7b6cd317bc71d70e09e8e9d8b0a57308ceb8b4c11921129cc5ae1,v2,target,standard,standard_g_control_repair_v2,G|LP0443|control,2
LP0447,G|LP0447|control|replicate_2|fmt_v2,G-6834776a413bc161cbb304fbdf33a11de28983af,3,dances,control,full_questionnaire,google/gemma-4-31B-it,296005687,37436a66f1849b5dc208ceb0617122a36f206ce4ca05544b2be775a8cafbef2b,aaf2e94c01f2e70c32fe5ebbd1e2374bbcca1fb06227d7962f2d44f53ae810a3,krsteski_demo_survey_adapted_v1,prompt_compiler_v2_split_g_f,c444a6eac0c7b6cd317bc71d70e09e8e9d8b0a57308ceb8b4c11921129cc5ae1,v2,target,standard,standard_g_control_repair_v2,G|LP0447|control,2
LP0448,G|LP0448|control|replicate_2|fmt_v2,G-536af4f033adfd7c0fbfd5e4c840b7730f4e72cb,3,dances,control,full_questionnaire,google/gemma-4-31B-it,1518593885,64650ec4992e92558909fcfef660c1a17ec7ad8ead7619c99f4cba9ba15f0658,f56353b83194586fe0399f9880caf29829d2c29e68cd12ecb39a9f31810f47f2,krsteski_demo_survey_adapted_v1,prompt_compiler_v2_split_g_f,c444a6eac0c7b6cd317bc71d70e09e8e9d8b0a57308ceb8b4c11921129cc5ae1,v2,target,standard,standard_g_control_repair_v2,G|LP0448|control,2
LP0450,G|LP0450|control|replicate_2|fmt_v2,G-8dbf7c7e7d06e4894af65d1d82cb8ca45e19912c,3,dances,control,full_questionnaire,google/gemma-4-31B-it,411426184,70bdf403af6cef79451db28f6846f120ec415955301a1d542495a194701c1932,c51de1e63d334c33719959a966939471f82e96fd977dc745dafab433357af94e,krsteski_demo_survey_adapted_v1,prompt_compiler_v2_split_g_f,c444a6eac0c7b6cd317bc71d70e09e8e9d8b0a57308ceb8b4c11921129cc5ae1,v2,target,standard,standard_g_control_repair_v2,G|LP0450|control,2
LP0451,G|LP0451|control|replicate_2|fmt_v2,G-1450b21499df73d73c0dea9d10af3b01295a5ab4,3,dances,control,full_questionnaire,google/gemma-4-31B-it,1115740160,866c812974e7a2db6e51ed6d9c2e0a2ca9d7cfdc872b1efd63123f287ff0798f,a688b9ec952f1287c03f1451368ae57ac298be14e4f128e7dbfbc419291ecfa2,krsteski_demo_survey_adapted_v1,prompt_compiler_v2_split_g_f,c444a6eac0c7b6cd317bc71d70e09e8e9d8b0a57308ceb8b4c11921129cc5ae1,v2,target,standard,standard_g_control_repair_v2,G|LP0451|control,2
LP0453,G|LP0453|control|replicate_2|fmt_v2,G-484bdc49774c77a3e4d21d345c79e37f6723bcfa,2,baseball,control,full_questionnaire,google/gemma-4-31B-it,132395063,212e3440a72ed2f891c881681384eaf4040ec31aecd4a3bb44b0fca6fa476e9b,a430dbbf34b816898bb407dfdff9deeea73cb3ae037f712aed97b95f55f3667f,krsteski_demo_survey_adapted_v1,prompt_compiler_v2_split_g_f,c444a6eac0c7b6cd317bc71d70e09e8e9d8b0a57308ceb8b4c11921129cc5ae1,v2,target,standard,standard_g_control_repair_v2,G|LP0453|control,2
LP0454,G|LP0454|control|replicate_2|fmt_v2,G-16b83db74f628d21ca483b19fc2b29e2c4a5d677,3,dances,control,full_questionnaire,google/gemma-4-31B-it,2094205071,9e2333571e815e3a4596521f267c147adeeb20469ace3b2b130972d7cdcb2540,6df261a88c8f876ff6d3cfa16c9cfcbb0fc28e380dc56bee4d5f9a1c25fc4b6b,krsteski_demo_survey_adapted_v1,prompt_compiler_v2_split_g_f,c444a6eac0c7b6cd317bc71d70e09e8e9d8b0a57308ceb8b4c11921129cc5ae1,v2,target,standard,standard_g_control_repair_v2,G|LP0454|control,2
LP0455,G|LP0455|control|replicate_2|fmt_v2,G-8c3cda23630d5a1e76a39ad713c70fda43a1a086,3,dances,control,full_questionnaire,google/gemma-4-31B-it,2072448614,b93b3a9314d2fe716eca310e2525e62bfc33c739269f27703a965362b7b2fd00,9cf4810f79623ab280b4671157c7c2723292729c3010d9834ac809d59889b0d7,krsteski_demo_survey_adapted_v1,prompt_compiler_v2_split_g_f,c444a6eac0c7b6cd317bc71d70e09e8e9d8b0a57308ceb8b4c11921129cc5ae1,v2,target,standard,standard_g_control_repair_v2,G|LP0455|control,2
LP0456,G|LP0456|control|replicate_2|fmt_v2,G-c05b6c2763792048188ba80d429bd9e8ae16b19e,3,dances,control,full_questionnaire,google/gemma-4-31B-it,1680865433,8126ddce6ce622580b82307f174f5deeaabce3aa82cb2cd52a37c148c64c5079,1a631b6cd16d8975372cd1261dc7164c316f5ea3fab02fd30cf46916390b4e17,krsteski_demo_survey_adapted_v1,prompt_compiler_v2_split_g_f,c444a6eac0c7b6cd317bc71d70e09e8e9d8b0a57308ceb8b4c11921129cc5ae1,v2,target,standard,standard_g_control_repair_v2,G|LP0456|control,2
LP0457,G|LP0457|control|replicate_2|fmt_v2,G-78726036771771a8645e3ad496e7897774298e31,3,dances,control,full_questionnaire,google/gemma-4-31B-it,1744581142,1b29aed0740727b95794645ac10d424cea982f775d2164d9f941416bc98863c6,f00262b7a5392a5e50e5e2da8f63fc31bff82f766b1d063674f96d3355c10ae8,krsteski_demo_survey_adapted_v1,prompt_compiler_v2_split_g_f,c444a6eac0c7b6cd317bc71d70e09e8e9d8b0a57308ceb8b4c11921129cc5ae1,v2,target,standard,standard_g_control_repair_v2,G|LP0457|control,2
LP0459,G|LP0459|control|replicate_2|fmt_v2,G-5078411cf1a99cfa1475a976b4e543100cd758c1,2,baseball,control,full_questionnaire,google/gemma-4-31B-it,312090421,0d782a05ca386ccc59e8eb76246891e3407804e79027b6ff3f11129805bb73d1,bcaa458f2e7f821091248e7ba1d70324b9f438036e522008260e589262a97ed5,krsteski_demo_survey_adapted_v1,prompt_compiler_v2_split_g_f,c444a6eac0c7b6cd317bc71d70e09e8e9d8b0a57308ceb8b4c11921129cc5ae1,v2,target,standard,standard_g_control_repair_v2,G|LP0459|control,2
LP0460,G|LP0460|control|replicate_2|fmt_v2,G-db82902af57f3ad58591b920834464be7b0ef0d6,2,baseball,control,full_questionnaire,google/gemma-4-31B-it,746871598,bd725a886d9f0f7800105380af8eee0d8ffde718b17a0a671abc5b67c81b465c,f6e79632b071296a8163c418ba80cacd2272850a3d280064326088189590fa0d,krsteski_demo_survey_adapted_v1,prompt_compiler_v2_split_g_f,c444a6eac0c7b6cd317bc71d70e09e8e9d8b0a57308ceb8b4c11921129cc5ae1,v2,target,standard,standard_g_control_repair_v2,G|LP0460|control,2
LP0461,G|LP0461|control|replicate_2|fmt_v2,G-5ac1c36094e73112f95b903e7eb9e73b77639c4f,3,dances,control,full_questionnaire,google/gemma-4-31B-it,1248507860,5b126c257ba337bea47cb8212509d02bf53e6262da40254b1d40b688f39fd031,0aea5f34d3d057b0d300be3ff57b856d896603ba75b1a0863de9cd5246964d13,krsteski_demo_survey_adapted_v1,prompt_compiler_v2_split_g_f,c444a6eac0c7b6cd317bc71d70e09e8e9d8b0a57308ceb8b4c11921129cc5ae1,v2,target,standard,standard_g_control_repair_v2,G|LP0461|control,2
LP0463,G|LP0463|control|replicate_2|fmt_v2,G-fd2c33f4395f9b9c2b8c15f784211acc690b6e68,2,baseball,control,full_questionnaire,google/gemma-4-31B-it,867697544,4aad0e5061fcde97c87486a405910e568870411c289fddbbbd04f94ba033fe50,b58b52aa4b48f4d9073bc6c434d77a2d06d764ece37e0edef841c176eee9037f,krsteski_demo_survey_adapted_v1,prompt_compiler_v2_split_g_f,c444a6eac0c7b6cd317bc71d70e09e8e9d8b0a57308ceb8b4c11921129cc5ae1,v2,target,standard,standard_g_control_repair_v2,G|LP0463|control,2
LP0465,G|LP0465|control|replicate_2|fmt_v2,G-f80920990e274fbe18edc608019a6f793fc7db62,2,baseball,control,full_questionnaire,google/gemma-4-31B-it,2117701875,25addf38b756708b91581c8e64a74d4e2be0a672d634f04ad7bc935c2e9061ba,bc2ab2add0d7e6350b4283df4a1c81de8a939fc5fab9cdf0fe770e4fe0b02c9e,krsteski_demo_survey_adapted_v1,prompt_compiler_v2_split_g_f,c444a6eac0c7b6cd317bc71d70e09e8e9d8b0a57308ceb8b4c11921129cc5ae1,v2,target,standard,standard_g_control_repair_v2,G|LP0465|control,2
LP0466,G|LP0466|control|replicate_2|fmt_v2,G-c8e5ddea46bf186d78c87f323b5497b6172e9e34,3,dances,control,full_questionnaire,google/gemma-4-31B-it,1485493316,0a28c92ce064835e3b8d2f2375d255f599520a447570d11d830e658314114c6d,4897a092734760fc83a0be70e50db9713cea4753e675bfbad82b50c37393f728,krsteski_demo_survey_adapted_v1,prompt_compiler_v2_split_g_f,c444a6eac0c7b6cd317bc71d70e09e8e9d8b0a57308ceb8b4c11921129cc5ae1,v2,target,standard,standard_g_control_repair_v2,G|LP0466|control,2
LP0467,G|LP0467|control|replicate_2|fmt_v2,G-000dae5eea812462cd23fc2e4da236f665a27b67,2,baseball,control,full_questionnaire,google/gemma-4-31B-it,1788641567,1904f9a4868cad3983974c1509ba48cb1b8a90558b42f32bae547279fde6ad70,9efd377dba7709d1f955bdb0228a66877ce56f24fc3a81760a4f885e1d0a3e70,krsteski_demo_survey_adapted_v1,prompt_compiler_v2_split_g_f,c444a6eac0c7b6cd317bc71d70e09e8e9d8b0a57308ceb8b4c11921129cc5ae1,v2,target,standard,standard_g_control_repair_v2,G|LP0467|control,2
LP0468,G|LP0468|control|replicate_2|fmt_v2,G-c4fcae454931e5993975591f278feea01bf5de92,3,dances,control,full_questionnaire,google/gemma-4-31B-it,1395343910,96a920ec8ffbfc3b62a00e73c4468dd6cb3a03e21c48c648fc11449c15dcc8f7,64f9451098cc990fe352150828d3e8291a59504e7c37ea76f5286ec92543c90a,krsteski_demo_survey_adapted_v1,prompt_compiler_v2_split_g_f,c444a6eac0c7b6cd317bc71d70e09e8e9d8b0a57308ceb8b4c11921129cc5ae1,v2,target,standard,standard_g_control_repair_v2,G|LP0468|control,2
LP0470,G|LP0470|control|replicate_2|fmt_v2,G-c8207fa474960c707a7320651ed0b47f0442db04,3,dances,control,full_questionnaire,google/gemma-4-31B-it,81202108,ea64b611d9918b8bdadb6927f521897809e71d00fb6f8622ab4cf7905ac2df47,1865ae993842eefc40d2c638ffcab1acd8a78c49899c0aa8962976d67f81d174,krsteski_demo_survey_adapted_v1,prompt_compiler_v2_split_g_f,c444a6eac0c7b6cd317bc71d70e09e8e9d8b0a57308ceb8b4c11921129cc5ae1,v2,target,standard,standard_g_control_repair_v2,G|LP0470|control,2
LP0471,G|LP0471|control|replicate_2|fmt_v2,G-71518aecdc6a0ba0f3848c051e180c4720b3b9f9,2,baseball,control,full_questionnaire,google/gemma-4-31B-it,1057825147,87878c98fd0366b63d0621caa16ea2800ce4f2d9e78441921ceb40024ce91e35,80795f7420a1828775290d44b68771a715025c5acdc160e5378bc09d1b5cd531,krsteski_demo_survey_adapted_v1,prompt_compiler_v2_split_g_f,c444a6eac0c7b6cd317bc71d70e09e8e9d8b0a57308ceb8b4c11921129cc5ae1,v2,target,standard,standard_g_control_repair_v2,G|LP0471|control,2
LP0472,G|LP0472|control|replicate_2|fmt_v2,G-16a215cf2ebe751fd39ccbe2630198ef24d9f1f6,3,dances,control,full_questionnaire,google/gemma-4-31B-it,1543676093,c97870f0e796dd67e5e32ee7bf70113ae815f15b4da98f389c1bedb2a669fca0,1b07eaf8f85592402e7e5f561d8bfeec6994a446ac0964baee802b86d4a80bed,krsteski_demo_survey_adapted_v1,prompt_compiler_v2_split_g_f,c444a6eac0c7b6cd317bc71d70e09e8e9d8b0a57308ceb8b4c11921129cc5ae1,v2,target,standard,standard_g_control_repair_v2,G|LP0472|control,2
LP0473,G|LP0473|control|replicate_2|fmt_v2,G-c172b4bc14b260f98019c1cd0d504fd899bb78d5,3,dances,control,full_questionnaire,google/gemma-4-31B-it,395823732,af48b7ac880836309b3f7967ecc7d4b02bb121ae58890846639f498b50482aa4,173ecccd0aeff9962c089cb3cf359fcbd1de1130be32d8d588600bc1195636c0,krsteski_demo_survey_adapted_v1,prompt_compiler_v2_split_g_f,c444a6eac0c7b6cd317bc71d70e09e8e9d8b0a57308ceb8b4c11921129cc5ae1,v2,target,standard,standard_g_control_repair_v2,G|LP0473|control,2
LP0475,G|LP0475|control|replicate_2|fmt_v2,G-95cfc38b05ef9f51c9f6a3b0873ee586cdbffb75,2,baseball,control,full_questionnaire,google/gemma-4-31B-it,831465065,dfb59aa006091c2678fa728e2e23db0e30f5b5f54a42162bbbcd3278f0b71fc3,b92a25292afc48641f65e2448e0fa23113a9871580d50dd180b962287fe34a57,krsteski_demo_survey_adapted_v1,prompt_compiler_v2_split_g_f,c444a6eac0c7b6cd317bc71d70e09e8e9d8b0a57308ceb8b4c11921129cc5ae1,v2,target,standard,standard_g_control_repair_v2,G|LP0475|control,2
LP0477,G|LP0477|control|replicate_2|fmt_v2,G-7fadd7beb9a470d35a559af4c7a641a49e46ded4,3,dances,control,full_questionnaire,google/gemma-4-31B-it,956309586,9ebab031d9acc1b926415610df1101ac89523f4e3dc277df6792f592294aca17,f56353b83194586fe0399f9880caf29829d2c29e68cd12ecb39a9f31810f47f2,krsteski_demo_survey_adapted_v1,prompt_compiler_v2_split_g_f,c444a6eac0c7b6cd317bc71d70e09e8e9d8b0a57308ceb8b4c11921129cc5ae1,v2,target,standard,standard_g_control_repair_v2,G|LP0477|control,2
LP0479,G|LP0479|control|replicate_2|fmt_v2,G-011c677a1416f9cd31198a348b369f7715751b32,3,dances,control,full_questionnaire,google/gemma-4-31B-it,374327489,21af576219a9e943825f675cab81a06d25c51166955c046b836ce9be06159bb9,3304ff7c132e8a83b1a8f34f0416065b7d23b685df0d4b4ea3fbbe793a93b8a4,krsteski_demo_survey_adapted_v1,prompt_compiler_v2_split_g_f,c444a6eac0c7b6cd317bc71d70e09e8e9d8b0a57308ceb8b4c11921129cc5ae1,v2,target,standard,standard_g_control_repair_v2,G|LP0479|control,2
LP0480,G|LP0480|control|replicate_2|fmt_v2,G-2d8cb4d333d3a3c974dcd2b18ae8454baf95e592,3,dances,control,full_questionnaire,google/gemma-4-31B-it,250416496,8512dadf62c5d067f2a97ef28daa204afa45b27577a13dfd83503af9ab78697f,9cf4810f79623ab280b4671157c7c2723292729c3010d9834ac809d59889b0d7,krsteski_demo_survey_adapted_v1,prompt_compiler_v2_split_g_f,c444a6eac0c7b6cd317bc71d70e09e8e9d8b0a57308ceb8b4c11921129cc5ae1,v2,target,standard,standard_g_control_repair_v2,G|LP0480|control,2
LP0481,G|LP0481|control|replicate_2|fmt_v2,G-da676eb21660e6531ef1111b621ba9601643cba9,2,baseball,control,full_questionnaire,google/gemma-4-31B-it,1261421498,318c52633405e3cf183299da5a2b2f54f800b74f6597f693dbc9bc10f7927a6c,5a7c54fb385cba38e4010b10d8c0bf0183e4336e0737f7cfe749664797c0421a,krsteski_demo_survey_adapted_v1,prompt_compiler_v2_split_g_f,c444a6eac0c7b6cd317bc71d70e09e8e9d8b0a57308ceb8b4c11921129cc5ae1,v2,target,standard,standard_g_control_repair_v2,G|LP0481|control,2
LP0482,G|LP0482|control|replicate_2|fmt_v2,G-d16985616defeb7e3869e885e868b6e7a0930bea,3,dances,control,full_questionnaire,google/gemma-4-31B-it,281212484,7271c188d1b40186ece4c8d3afc752c004cea741a6ea563e56f8e8a2ee277dad,bcaa458f2e7f821091248e7ba1d70324b9f438036e522008260e589262a97ed5,krsteski_demo_survey_adapted_v1,prompt_compiler_v2_split_g_f,c444a6eac0c7b6cd317bc71d70e09e8e9d8b0a57308ceb8b4c11921129cc5ae1,v2,target,standard,standard_g_control_repair_v2,G|LP0482|control,2
LP0483,G|LP0483|control|replicate_2|fmt_v2,G-d5be6b88d4a7545cb59f4c49b6f6b7855f310746,2,baseball,control,full_questionnaire,google/gemma-4-31B-it,2370417,7893f95dd7eec70d13aa4bc09f2e09a3475b8a634c05ffa24750974d90cd7fb6,6feadfccbbc4808c590f125a0262bff0e199d2611fb3f19e5bb6ab8e73c1c1f9,krsteski_demo_survey_adapted_v1,prompt_compiler_v2_split_g_f,c444a6eac0c7b6cd317bc71d70e09e8e9d8b0a57308ceb8b4c11921129cc5ae1,v2,target,standard,standard_g_control_repair_v2,G|LP0483|control,2
LP0485,G|LP0485|control|replicate_2|fmt_v2,G-550a5444916ca90cdf78a9334852058ecc0154b2,2,baseball,control,full_questionnaire,google/gemma-4-31B-it,998330774,0590a2d936c71c2198e8c627b8e464f0bd452858f1f8a8a3e597ef144a770db8,38100cc560603e43ed744254d8c1715e1a1d5a6fa5e1c8a010014062402c5b35,krsteski_demo_survey_adapted_v1,prompt_compiler_v2_split_g_f,c444a6eac0c7b6cd317bc71d70e09e8e9d8b0a57308ceb8b4c11921129cc5ae1,v2,target,standard,standard_g_control_repair_v2,G|LP0485|control,2
LP0487,G|LP0487|control|replicate_2|fmt_v2,G-171383066fe6ea47302b92046d203975ef0fb013,2,baseball,control,full_questionnaire,google/gemma-4-31B-it,504229972,1e66643065d97bcfee2287200c54b955593412540dde05dd2d3903f83819aa4e,e57d3645fd53d1bfbd6e7ca2a8630c751a74e1aa07a8d8eed074d4ec0273a352,krsteski_demo_survey_adapted_v1,prompt_compiler_v2_split_g_f,c444a6eac0c7b6cd317bc71d70e09e8e9d8b0a57308ceb8b4c11921129cc5ae1,v2,target,standard,standard_g_control_repair_v2,G|LP0487|control,2
LP0489,G|LP0489|control|replicate_2|fmt_v2,G-5e1a332803e6094ad22d72e7ab331b18dde8b3e0,2,baseball,control,full_questionnaire,google/gemma-4-31B-it,1075474331,9ad206c539f9e5a519c32b483615ceb90fb0c3c56090b4873dbd99982c643d11,1e41c27a019e4e9312440ca295da27f2e1b6fe91483bc3a93110d993824f2569,krsteski_demo_survey_adapted_v1,prompt_compiler_v2_split_g_f,c444a6eac0c7b6cd317bc71d70e09e8e9d8b0a57308ceb8b4c11921129cc5ae1,v2,target,standard,standard_g_control_repair_v2,G|LP0489|control,2
LP0490,G|LP0490|control|replicate_2|fmt_v2,G-c1e1555686fab768f897882235b5ddbfc2b13108,2,baseball,control,full_questionnaire,google/gemma-4-31B-it,180183576,cb875202cf0e5fddbd824c0288581f9b9ce754d75ad2f9c3243554b0c99f0ba6,38100cc560603e43ed744254d8c1715e1a1d5a6fa5e1c8a010014062402c5b35,krsteski_demo_survey_adapted_v1,prompt_compiler_v2_split_g_f,c444a6eac0c7b6cd317bc71d70e09e8e9d8b0a57308ceb8b4c11921129cc5ae1,v2,target,standard,standard_g_control_repair_v2,G|LP0490|control,2
LP0493,G|LP0493|control|replicate_2|fmt_v2,G-800a6dd00db4731025c7e98776804afcef608ea4,2,baseball,control,full_questionnaire,google/gemma-4-31B-it,231296690,4c9b81d20a797d046ce68364bb0ca78c2058458ab8ff9aab23cbd2273bc0c85b,080fa20720c7d86a98a3de1aa225f5a46b1487f078988ca7ce6c7473303c3bd4,krsteski_demo_survey_adapted_v1,prompt_compiler_v2_split_g_f,c444a6eac0c7b6cd317bc71d70e09e8e9d8b0a57308ceb8b4c11921129cc5ae1,v2,target,standard,standard_g_control_repair_v2,G|LP0493|control,2
LP0494,G|LP0494|control|replicate_2|fmt_v2,G-d8d34c7a31e7d5df1abca990009c3aed1171d0dd,3,dances,control,full_questionnaire,google/gemma-4-31B-it,1670278870,6d818024dfd28defa69800273ab5bc08d64c4b7046149ed19fa3c5f9ca82e3e3,0ef02b32aed358d516241279906311825ac5c362ffa58bf89f0cff5706ab6858,krsteski_demo_survey_adapted_v1,prompt_compiler_v2_split_g_f,c444a6eac0c7b6cd317bc71d70e09e8e9d8b0a57308ceb8b4c11921129cc5ae1,v2,target,standard,standard_g_control_repair_v2,G|LP0494|control,2
LP0495,G|LP0495|control|replicate_2|fmt_v2,G-b42cdf703b4cf04ac4311d6ecf1c2885b5fd8b9a,3,dances,control,full_questionnaire,google/gemma-4-31B-it,598126381,2a6624ee12c0525c44544bd9f34db5e7f3890d523a0a4274b3b05661d7f5374e,5f43da0ec326e53d43b88ed3280cec9fd2abaeb30379f42d42325923c0427818,krsteski_demo_survey_adapted_v1,prompt_compiler_v2_split_g_f,c444a6eac0c7b6cd317bc71d70e09e8e9d8b0a57308ceb8b4c11921129cc5ae1,v2,target,standard,standard_g_control_repair_v2,G|LP0495|control,2
LP0496,G|LP0496|control|replicate_2|fmt_v2,G-f43726d9e928260f7c365b4181776aaba9bfd050,2,baseball,control,full_questionnaire,google/gemma-4-31B-it,1368814534,f5fe95818128aba6a22af83db1c9b01181baf679d8fc6fba4ac3c53e72201470,c1a00b8991d83388f8675b3b6ccfd8954874fb030e040187297e6ac10f469390,krsteski_demo_survey_adapted_v1,prompt_compiler_v2_split_g_f,c444a6eac0c7b6cd317bc71d70e09e8e9d8b0a57308ceb8b4c11921129cc5ae1,v2,target,standard,standard_g_control_repair_v2,G|LP0496|control,2
LP0497,G|LP0497|control|replicate_2|fmt_v2,G-7d285c5003f521a8625dd053e56c8b5ac45b3847,2,baseball,control,full_questionnaire,google/gemma-4-31B-it,2118507081,be32009063b0a1c4f3af06fda06c33a6e3c66f3c07678408274704d7fd411ddf,ea5aa1cf66f50e858371f1aefbd6f8b8d1aa724540cfc3e764acad649862c452,krsteski_demo_survey_adapted_v1,prompt_compiler_v2_split_g_f,c444a6eac0c7b6cd317bc71d70e09e8e9d8b0a57308ceb8b4c11921129cc5ae1,v2,target,standard,standard_g_control_repair_v2,G|LP0497|control,2
LP0498,G|LP0498|control|replicate_2|fmt_v2,G-ad94e4903ebfe1244c873a1dbbd37a04ecc74d7e,3,dances,control,full_questionnaire,google/gemma-4-31B-it,434743879,d32bd4f1fc224e8d5a6be5b5fa0149131718e6edc5667e667c9ba450957110a6,0e0e962bc48e41e706fcd85e7194ed969e2b19534dce8b4f6cd6f56b1e85569e,krsteski_demo_survey_adapted_v1,prompt_compiler_v2_split_g_f,c444a6eac0c7b6cd317bc71d70e09e8e9d8b0a57308ceb8b4c11921129cc5ae1,v2,target,standard,standard_g_control_repair_v2,G|LP0498|control,2
LP0499,G|LP0499|control|replicate_2|fmt_v2,G-edbbe171eaced848995113c5acbca5c21c8a259f,2,baseball,control,full_questionnaire,google/gemma-4-31B-it,1179032367,02c0f2931bc3f7ca3c4b3e2339b24fff8a1d03a49783c0726bb782a91c43b17c,1a631b6cd16d8975372cd1261dc7164c316f5ea3fab02fd30cf46916390b4e17,krsteski_demo_survey_adapted_v1,prompt_compiler_v2_split_g_f,c444a6eac0c7b6cd317bc71d70e09e8e9d8b0a57308ceb8b4c11921129cc5ae1,v2,target,standard,standard_g_control_repair_v2,G|LP0499|control,2
LP0503,G|LP0503|control|replicate_2|fmt_v2,G-6a0165bc8a27d0c60afff8144166b87d4cfa7be5,2,baseball,control,full_questionnaire,google/gemma-4-31B-it,1579850816,41a404948545bd810c7cc55bd7e2ed09e9a020588f4076b0bc884d97faa6500a,87e3ccbe57528e4eff1e3b8bc29173f7bfb94429cf88915552a6975a5adc8377,krsteski_demo_survey_adapted_v1,prompt_compiler_v2_split_g_f,c444a6eac0c7b6cd317bc71d70e09e8e9d8b0a57308ceb8b4c11921129cc5ae1,v2,target,standard,standard_g_control_repair_v2,G|LP0503|control,2
LP0505,G|LP0505|control|replicate_2|fmt_v2,G-41fbc21d7a8ccfddfd85ec06c0147986d9fecdbf,2,baseball,control,full_questionnaire,google/gemma-4-31B-it,2122601496,ba111252ad018958a2e9b7d6e9a3df1bff3866a15936a22e1ab50fe568e4ec23,b92a25292afc48641f65e2448e0fa23113a9871580d50dd180b962287fe34a57,krsteski_demo_survey_adapted_v1,prompt_compiler_v2_split_g_f,c444a6eac0c7b6cd317bc71d70e09e8e9d8b0a57308ceb8b4c11921129cc5ae1,v2,target,standard,standard_g_control_repair_v2,G|LP0505|control,2
LP0506,G|LP0506|control|replicate_2|fmt_v2,G-58d20c679f98e904280e8ed22ffa02b02ddb4c84,2,baseball,control,full_questionnaire,google/gemma-4-31B-it,1362952660,d0e9ee752d6b3e84060459c4bbfa96baadfb8ec791150283a11e59a64bfe9e0f,946056600450ab8cdd39a4bc8983792aef7b46b0b22a2395d1bf558a96e4097f,krsteski_demo_survey_adapted_v1,prompt_compiler_v2_split_g_f,c444a6eac0c7b6cd317bc71d70e09e8e9d8b0a57308ceb8b4c11921129cc5ae1,v2,target,standard,standard_g_control_repair_v2,G|LP0506|control,2
LP0507,G|LP0507|control|replicate_2|fmt_v2,G-d45dbbbea9c696ec07bc9e44f4b39d3fbe393142,3,dances,control,full_questionnaire,google/gemma-4-31B-it,1384255084,e59863ce3ed620fff84359fad84a7e3dc16aa37fe05555bcb65bacdc4b17fb86,bb33b5030c0039b3981ad59fc815a5ed95a6b218c1129c73a40a19492470b752,krsteski_demo_survey_adapted_v1,prompt_compiler_v2_split_g_f,c444a6eac0c7b6cd317bc71d70e09e8e9d8b0a57308ceb8b4c11921129cc5ae1,v2,target,standard,standard_g_control_repair_v2,G|LP0507|control,2
LP0508,G|LP0508|control|replicate_2|fmt_v2,G-47b542b55bfe6ebf72556c885ebf74e4681bfe09,2,baseball,control,full_questionnaire,google/gemma-4-31B-it,1802040362,9b83b5f7fc2ca179c3eac2a26e12290e6707775f491a4186f5fb198efb1eadf1,13f44cafbbb9216818e250c7abce4f36ba49a81c22772f0ee3ecd2cbc144eb30,krsteski_demo_survey_adapted_v1,prompt_compiler_v2_split_g_f,c444a6eac0c7b6cd317bc71d70e09e8e9d8b0a57308ceb8b4c11921129cc5ae1,v2,target,standard,standard_g_control_repair_v2,G|LP0508|control,2
LP0509,G|LP0509|control|replicate_2|fmt_v2,G-45d7b3b82696c82fa58f30040ba06709f3004bc0,2,baseball,control,full_questionnaire,google/gemma-4-31B-it,843460512,53380c155707a98ebcc28b3be7cbbc2b7fe4e00eee9fc00bce8203308c5afb45,5f7d07b470b54a5cafb17164344fd857d32476ff684398def613e82b6b9c0584,krsteski_demo_survey_adapted_v1,prompt_compiler_v2_split_g_f,c444a6eac0c7b6cd317bc71d70e09e8e9d8b0a57308ceb8b4c11921129cc5ae1,v2,target,standard,standard_g_control_repair_v2,G|LP0509|control,2
LP0510,G|LP0510|control|replicate_2|fmt_v2,G-8d6c1229b1b450cd0e5b57751ac2b691453a659a,2,baseball,control,full_questionnaire,google/gemma-4-31B-it,1284273442,8084552f42ccb9a85ac515f26cc7f67f8cd2c5115a72217578612cb4bdc9cd9a,a688b9ec952f1287c03f1451368ae57ac298be14e4f128e7dbfbc419291ecfa2,krsteski_demo_survey_adapted_v1,prompt_compiler_v2_split_g_f,c444a6eac0c7b6cd317bc71d70e09e8e9d8b0a57308ceb8b4c11921129cc5ae1,v2,target,standard,standard_g_control_repair_v2,G|LP0510|control,2
LP0511,G|LP0511|control|replicate_2|fmt_v2,G-3f3813430d8517769beffb79b004a19565bcaab1,3,dances,control,full_questionnaire,google/gemma-4-31B-it,200621565,87a6b2d4621bca75b74d2f2f5415783e308967333d3d18d66eff0eb658b47990,13989d375cddadcde74b04df2f2b7a020012640c64914f315d5de4156b6f263d,krsteski_demo_survey_adapted_v1,prompt_compiler_v2_split_g_f,c444a6eac0c7b6cd317bc71d70e09e8e9d8b0a57308ceb8b4c11921129cc5ae1,v2,target,standard,standard_g_control_repair_v2,G|LP0511|control,2
LP0512,G|LP0512|control|replicate_2|fmt_v2,G-3f74d511c4bedd996cb494d977063a3fd72da0b4,2,baseball,control,full_questionnaire,google/gemma-4-31B-it,1135118269,09bb3fcd44ce02b058d01a45580e966b98b80973ce482ad4dcf9b60d47cd942e,1e41c27a019e4e9312440ca295da27f2e1b6fe91483bc3a93110d993824f2569,krsteski_demo_survey_adapted_v1,prompt_compiler_v2_split_g_f,c444a6eac0c7b6cd317bc71d70e09e8e9d8b0a57308ceb8b4c11921129cc5ae1,v2,target,standard,standard_g_control_repair_v2,G|LP0512|control,2
LP0513,G|LP0513|control|replicate_2|fmt_v2,G-b5783dfd565e777ec8bc0c1c8876bf828c17335c,2,baseball,control,full_questionnaire,google/gemma-4-31B-it,1095693179,50c7264c4c80a68c56a4395ee5a655c362939aad05dd0333ee627a50dcdc54e5,ee34808d203fa52ccf8760cb4f2c3398d5c9ee08eb5a52c0be817df6364948c4,krsteski_demo_survey_adapted_v1,prompt_compiler_v2_split_g_f,c444a6eac0c7b6cd317bc71d70e09e8e9d8b0a57308ceb8b4c11921129cc5ae1,v2,target,standard,standard_g_control_repair_v2,G|LP0513|control,2
LP0514,G|LP0514|control|replicate_2|fmt_v2,G-a87b0dcd1a7e373e2de7430ce11e3f4f2830b8ee,2,baseball,control,full_questionnaire,google/gemma-4-31B-it,1802785498,74436f45f1bb96ec0e45edb1b8ab60700f5df62c576694acaf264a6d74ae0917,0dbe0028b8b567069f50a339d038e32ebe03239ce5b220686ba319356ec5b996,krsteski_demo_survey_adapted_v1,prompt_compiler_v2_split_g_f,c444a6eac0c7b6cd317bc71d70e09e8e9d8b0a57308ceb8b4c11921129cc5ae1,v2,target,standard,standard_g_control_repair_v2,G|LP0514|control,2
LP0515,G|LP0515|control|replicate_2|fmt_v2,G-932e0a10b690238db63422a37e47a92797e12fa4,3,dances,control,full_questionnaire,google/gemma-4-31B-it,1558984624,ba8885dc0186dbeaa96275670d67a99fc6a0502e35f1c918a795f4cb0a361db0,3304ff7c132e8a83b1a8f34f0416065b7d23b685df0d4b4ea3fbbe793a93b8a4,krsteski_demo_survey_adapted_v1,prompt_compiler_v2_split_g_f,c444a6eac0c7b6cd317bc71d70e09e8e9d8b0a57308ceb8b4c11921129cc5ae1,v2,target,standard,standard_g_control_repair_v2,G|LP0515|control,2
LP0516,G|LP0516|control|replicate_2|fmt_v2,G-0e60b73206cc46d06558848110ec9b8e9955b86f,2,baseball,control,full_questionnaire,google/gemma-4-31B-it,596489524,2bc6a1d7e3db7feec04b3d220011515207dc55d15bf06056a621b6e83fa311c1,173ecccd0aeff9962c089cb3cf359fcbd1de1130be32d8d588600bc1195636c0,krsteski_demo_survey_adapted_v1,prompt_compiler_v2_split_g_f,c444a6eac0c7b6cd317bc71d70e09e8e9d8b0a57308ceb8b4c11921129cc5ae1,v2,target,standard,standard_g_control_repair_v2,G|LP0516|control,2
LP0519,G|LP0519|control|replicate_2|fmt_v2,G-1cf3bd83d63a2fa448f5d44bb9e36f27a01bdbd4,2,baseball,control,full_questionnaire,google/gemma-4-31B-it,270641836,6840bf7cec70bd01c3241c52f2e0569210097928e91562b7004b59a9fa897cb4,ab0fdf2f5a89282ad9bbbe710f0bce609804284bbc2b55b041f4bc61763c57e7,krsteski_demo_survey_adapted_v1,prompt_compiler_v2_split_g_f,c444a6eac0c7b6cd317bc71d70e09e8e9d8b0a57308ceb8b4c11921129cc5ae1,v2,target,standard,standard_g_control_repair_v2,G|LP0519|control,2
LP0520,G|LP0520|control|replicate_2|fmt_v2,G-3d7f668d0a0877195b5c7be3e4046d34a0b68878,2,baseball,control,full_questionnaire,google/gemma-4-31B-it,84362292,5da6e7fdc0c30d557333346b95cbd51a8c1b9f4fd3b033dae548e66fdf70fb63,5a7c54fb385cba38e4010b10d8c0bf0183e4336e0737f7cfe749664797c0421a,krsteski_demo_survey_adapted_v1,prompt_compiler_v2_split_g_f,c444a6eac0c7b6cd317bc71d70e09e8e9d8b0a57308ceb8b4c11921129cc5ae1,v2,target,standard,standard_g_control_repair_v2,G|LP0520|control,2
LP0521,G|LP0521|control|replicate_2|fmt_v2,G-2e16cd9cadb967dd3a2bb11620533b7237877af7,3,dances,control,full_questionnaire,google/gemma-4-31B-it,166134551,4e175f252d41229d567c8d908fba9fdffa20dc072f4ce5e0c4ffece71efbed32,b94c312a590c3cfbae7cd101855634562f5848e6188b75661c550375cf17fa00,krsteski_demo_survey_adapted_v1,prompt_compiler_v2_split_g_f,c444a6eac0c7b6cd317bc71d70e09e8e9d8b0a57308ceb8b4c11921129cc5ae1,v2,target,standard,standard_g_control_repair_v2,G|LP0521|control,2
LP0524,G|LP0524|control|replicate_2|fmt_v2,G-44a22c8e1128ea7311dec05f34d046b3f7a6f681,2,baseball,control,full_questionnaire,google/gemma-4-31B-it,443368336,3bfa6d8463fa6aa7d0a4238e59bff7a01a8159f64c48b3366017441050984ab0,bb1c98481fc46b327da63d5d0f8e658f3976892c797251bffb1140721e829872,krsteski_demo_survey_adapted_v1,prompt_compiler_v2_split_g_f,c444a6eac0c7b6cd317bc71d70e09e8e9d8b0a57308ceb8b4c11921129cc5ae1,v2,target,standard,standard_g_control_repair_v2,G|LP0524|control,2
LP0525,G|LP0525|control|replicate_2|fmt_v2,G-89dc696f7c4bdb19ee9d471474c8b82d606bbc15,2,baseball,control,full_questionnaire,google/gemma-4-31B-it,268742138,dcfa6aa5789b066c4debd3167c104d38342fa92ce19394479fd325b51fd9d45b,38100cc560603e43ed744254d8c1715e1a1d5a6fa5e1c8a010014062402c5b35,krsteski_demo_survey_adapted_v1,prompt_compiler_v2_split_g_f,c444a6eac0c7b6cd317bc71d70e09e8e9d8b0a57308ceb8b4c11921129cc5ae1,v2,target,standard,standard_g_control_repair_v2,G|LP0525|control,2
LP0526,G|LP0526|control|replicate_2|fmt_v2,G-2179c6c7f6b112e76b95d9499e7c1621d582f5a2,2,baseball,control,full_questionnaire,google/gemma-4-31B-it,967090295,e3fbe5d1c814d187a7f572dddf9c5160807c5f0033f6ebfc2ada1da72c69ed06,4897a092734760fc83a0be70e50db9713cea4753e675bfbad82b50c37393f728,krsteski_demo_survey_adapted_v1,prompt_compiler_v2_split_g_f,c444a6eac0c7b6cd317bc71d70e09e8e9d8b0a57308ceb8b4c11921129cc5ae1,v2,target,standard,standard_g_control_repair_v2,G|LP0526|control,2
LP0527,G|LP0527|control|replicate_2|fmt_v2,G-0caeb5456e7d62aac7d7c9443bae1f5884ee87d3,3,dances,control,full_questionnaire,google/gemma-4-31B-it,131779893,220be8b12aed17018af3a8c9382229ace7f893165580a37891d21c5a1d7c3ef7,9d5a4fe5732c7900c59d3006680cd7d42d836d031735cf0957288cfa8b603799,krsteski_demo_survey_adapted_v1,prompt_compiler_v2_split_g_f,c444a6eac0c7b6cd317bc71d70e09e8e9d8b0a57308ceb8b4c11921129cc5ae1,v2,target,standard,standard_g_control_repair_v2,G|LP0527|control,2
LP0528,G|LP0528|control|replicate_2|fmt_v2,G-5d745ee84f516772cc37c3ebcbb910c70bf73f33,2,baseball,control,full_questionnaire,google/gemma-4-31B-it,171582788,8cc01ab19e04b8487d9f90503386d4d02ad100c47b088a1111dfe89d3d1b3e30,80795f7420a1828775290d44b68771a715025c5acdc160e5378bc09d1b5cd531,krsteski_demo_survey_adapted_v1,prompt_compiler_v2_split_g_f,c444a6eac0c7b6cd317bc71d70e09e8e9d8b0a57308ceb8b4c11921129cc5ae1,v2,target,standard,standard_g_control_repair_v2,G|LP0528|control,2
LP0529,G|LP0529|control|replicate_2|fmt_v2,G-0365290bceac58e96f3422cb05f20ecbd9b8af45,3,dances,control,full_questionnaire,google/gemma-4-31B-it,1433840384,056f855310935989382903065d482b2c9ffe842f3e18278aceaec827b2908c9d,4897a092734760fc83a0be70e50db9713cea4753e675bfbad82b50c37393f728,krsteski_demo_survey_adapted_v1,prompt_compiler_v2_split_g_f,c444a6eac0c7b6cd317bc71d70e09e8e9d8b0a57308ceb8b4c11921129cc5ae1,v2,target,standard,standard_g_control_repair_v2,G|LP0529|control,2
LP0530,G|LP0530|control|replicate_2|fmt_v2,G-9f4d0e4d7956f5cbd17237fd77f6cef10df42e3b,3,dances,control,full_questionnaire,google/gemma-4-31B-it,938545768,239bb44d8d396c8d02f791e20ec2b7e6eb51075a3d9ec9a72cd1c94511edbe82,0dbe0028b8b567069f50a339d038e32ebe03239ce5b220686ba319356ec5b996,krsteski_demo_survey_adapted_v1,prompt_compiler_v2_split_g_f,c444a6eac0c7b6cd317bc71d70e09e8e9d8b0a57308ceb8b4c11921129cc5ae1,v2,target,standard,standard_g_control_repair_v2,G|LP0530|control,2
LP0532,G|LP0532|control|replicate_2|fmt_v2,G-9f7a377a5fdb896139a9cadbf67ed4031ab158af,3,dances,control,full_questionnaire,google/gemma-4-31B-it,516946008,8886fb8d8fca9bc1035cc92e8978cb97846a77ffd5039cace68eafbfe7f231cb,3304ff7c132e8a83b1a8f34f0416065b7d23b685df0d4b4ea3fbbe793a93b8a4,krsteski_demo_survey_adapted_v1,prompt_compiler_v2_split_g_f,c444a6eac0c7b6cd317bc71d70e09e8e9d8b0a57308ceb8b4c11921129cc5ae1,v2,target,standard,standard_g_control_repair_v2,G|LP0532|control,2
LP0534,G|LP0534|control|replicate_2|fmt_v2,G-6f7d036544b524c69ca49df83175d568fbe5d592,3,dances,control,full_questionnaire,google/gemma-4-31B-it,598682514,e4976cda14a7d8a7502c0c321238cc9dd409593bf8df8c7b8e7405bfdc3b9b07,dfb71e28c6622a7f57f8e1929f3fb975a9b78ecf42bded892bbd90aea7cce06d,krsteski_demo_survey_adapted_v1,prompt_compiler_v2_split_g_f,c444a6eac0c7b6cd317bc71d70e09e8e9d8b0a57308ceb8b4c11921129cc5ae1,v2,target,standard,standard_g_control_repair_v2,G|LP0534|control,2
LP0535,G|LP0535|control|replicate_2|fmt_v2,G-a94d92b20251303272b5be376b4f93f12afbd293,3,dances,control,full_questionnaire,google/gemma-4-31B-it,1424774552,ad2b6ce1dea174ed7a6248460007f970a3f2bc6edf695cbb7c9058c3ad310a7c,853f096c4028ce32bde1cc3a3e5d063dfb2b094aaef91a731d8d49f02d9250c0,krsteski_demo_survey_adapted_v1,prompt_compiler_v2_split_g_f,c444a6eac0c7b6cd317bc71d70e09e8e9d8b0a57308ceb8b4c11921129cc5ae1,v2,target,standard,standard_g_control_repair_v2,G|LP0535|control,2
LP0540,G|LP0540|control|replicate_2|fmt_v2,G-35480d3ef29501fbe7ccc302ec1a9f2e0ac275d4,3,dances,control,full_questionnaire,google/gemma-4-31B-it,1562713209,3e60f354897ed2dd862e892a26d9bca58bc29489280347606ebdb9660ecb33f5,8938cf956915dc78f47154621782b86462e158373a08bfd4a31111fdb06e1d72,krsteski_demo_survey_adapted_v1,prompt_compiler_v2_split_g_f,c444a6eac0c7b6cd317bc71d70e09e8e9d8b0a57308ceb8b4c11921129cc5ae1,v2,target,standard,standard_g_control_repair_v2,G|LP0540|control,2
LP0541,G|LP0541|control|replicate_2|fmt_v2,G-252432ad46ea3a852ea41af555b9ecd39584856b,3,dances,control,full_questionnaire,google/gemma-4-31B-it,288530400,b4b3319170c8955c3f20b6b50a1a807dc739f97655f6ee1032acc4832a8aca1f,4897a092734760fc83a0be70e50db9713cea4753e675bfbad82b50c37393f728,krsteski_demo_survey_adapted_v1,prompt_compiler_v2_split_g_f,c444a6eac0c7b6cd317bc71d70e09e8e9d8b0a57308ceb8b4c11921129cc5ae1,v2,target,standard,standard_g_control_repair_v2,G|LP0541|control,2
LP0542,G|LP0542|control|replicate_2|fmt_v2,G-9861d8d19f9ec32ece9b8577282ebcd0860716e8,2,baseball,control,full_questionnaire,google/gemma-4-31B-it,1348629715,99c8abb3a5ad37d00312094d753827289bafe450f6cd4bc4e9af9b1b083c93ba,80795f7420a1828775290d44b68771a715025c5acdc160e5378bc09d1b5cd531,krsteski_demo_survey_adapted_v1,prompt_compiler_v2_split_g_f,c444a6eac0c7b6cd317bc71d70e09e8e9d8b0a57308ceb8b4c11921129cc5ae1,v2,target,standard,standard_g_control_repair_v2,G|LP0542|control,2
LP0543,G|LP0543|control|replicate_2|fmt_v2,G-19294712a06b226e4f49cbb27f1c0f5747846c7e,2,baseball,control,full_questionnaire,google/gemma-4-31B-it,1388163219,224f26ca59170a21ecf9366c171fdfef91477deef031dd336aa49618d890f9ee,a8508dfce1848ead6f8fbf3d1b5c021b1ecc769f05322db500097eb289684bb4,krsteski_demo_survey_adapted_v1,prompt_compiler_v2_split_g_f,c444a6eac0c7b6cd317bc71d70e09e8e9d8b0a57308ceb8b4c11921129cc5ae1,v2,target,standard,standard_g_control_repair_v2,G|LP0543|control,2
LP0545,G|LP0545|control|replicate_2|fmt_v2,G-c70284da05e38f7ff449954ddd6e86332025b78c,3,dances,control,full_questionnaire,google/gemma-4-31B-it,334010678,8b29a7a50a1db39a45a10e7661d21f93a4ff0670fa456881c907960ac5e180c6,ba628fff9d615d282866977122010efd6fa93fab5aaa45475b908a23302e7147,krsteski_demo_survey_adapted_v1,prompt_compiler_v2_split_g_f,c444a6eac0c7b6cd317bc71d70e09e8e9d8b0a57308ceb8b4c11921129cc5ae1,v2,target,standard,standard_g_control_repair_v2,G|LP0545|control,2
LP0548,G|LP0548|control|replicate_2|fmt_v2,G-2789fcf067f43016af8c90d260619d4bd401bc28,2,baseball,control,full_questionnaire,google/gemma-4-31B-it,923281911,a4fb0de283d6720a43488cee1430749c3e4802aa1e2c19a4d94e2d7ce57763cb,d94445606cda6c5048271412ed232f3610e9b3a57806f6bf4039d733c88da962,krsteski_demo_survey_adapted_v1,prompt_compiler_v2_split_g_f,c444a6eac0c7b6cd317bc71d70e09e8e9d8b0a57308ceb8b4c11921129cc5ae1,v2,target,standard,standard_g_control_repair_v2,G|LP0548|control,2
LP0550,G|LP0550|control|replicate_2|fmt_v2,G-bbe524be90a7b335206f04d75cc24931f4a9c30a,3,dances,control,full_questionnaire,google/gemma-4-31B-it,141687989,2072c9e702717ff6950caaa182a9aa7bed1bfdb9111e534524f81aaa4f0741ae,6df261a88c8f876ff6d3cfa16c9cfcbb0fc28e380dc56bee4d5f9a1c25fc4b6b,krsteski_demo_survey_adapted_v1,prompt_compiler_v2_split_g_f,c444a6eac0c7b6cd317bc71d70e09e8e9d8b0a57308ceb8b4c11921129cc5ae1,v2,target,standard,standard_g_control_repair_v2,G|LP0550|control,2
LP0552,G|LP0552|control|replicate_2|fmt_v2,G-34f8edad4dee3e1f9ecddc25e26d8be03e4ba75f,3,dances,control,full_questionnaire,google/gemma-4-31B-it,937433466,2640484f2dfb2fc62de472a493581be3210b2fa650140b42c9bd8c1ac808ccb7,0dbe0028b8b567069f50a339d038e32ebe03239ce5b220686ba319356ec5b996,krsteski_demo_survey_adapted_v1,prompt_compiler_v2_split_g_f,c444a6eac0c7b6cd317bc71d70e09e8e9d8b0a57308ceb8b4c11921129cc5ae1,v2,target,standard,standard_g_control_repair_v2,G|LP0552|control,2
LP0553,G|LP0553|control|replicate_2|fmt_v2,G-babf956b56080f56a2318cac8ee3ca080114db4d,2,baseball,control,full_questionnaire,google/gemma-4-31B-it,1267153455,f9abdcd03a7d22228ce64910fd1b4cbd5cd4b3a65e1d8fabd80e52c76bb9ce10,a9a17d71ff912bda5de0b51aa01d4899976866e2b7576a3599597ddb74247476,krsteski_demo_survey_adapted_v1,prompt_compiler_v2_split_g_f,c444a6eac0c7b6cd317bc71d70e09e8e9d8b0a57308ceb8b4c11921129cc5ae1,v2,target,standard,standard_g_control_repair_v2,G|LP0553|control,2
LP0556,G|LP0556|control|replicate_2|fmt_v2,G-7c17e9faa8da7d5b836504d8e1bd343fae9b25c7,2,baseball,control,full_questionnaire,google/gemma-4-31B-it,554324306,cef517852e662ae1363820d7b0c3aae951556da554c51a8ec4f4762263c61101,f6e79632b071296a8163c418ba80cacd2272850a3d280064326088189590fa0d,krsteski_demo_survey_adapted_v1,prompt_compiler_v2_split_g_f,c444a6eac0c7b6cd317bc71d70e09e8e9d8b0a57308ceb8b4c11921129cc5ae1,v2,target,standard,standard_g_control_repair_v2,G|LP0556|control,2
LP0558,G|LP0558|control|replicate_2|fmt_v2,G-284bbe5e5a7dcc4644d46944acfd0252eba16555,2,baseball,control,full_questionnaire,google/gemma-4-31B-it,722815235,b2f81cd1b6ed9a6ac08acb3edbf6f7e857399b42ae24ce62a8c1dcbe55ab74c6,df3cffc3387d2d032d676be1885201bdab5635202d3ecd7c397542171469c65d,krsteski_demo_survey_adapted_v1,prompt_compiler_v2_split_g_f,c444a6eac0c7b6cd317bc71d70e09e8e9d8b0a57308ceb8b4c11921129cc5ae1,v2,target,standard,standard_g_control_repair_v2,G|LP0558|control,2
LP0559,G|LP0559|control|replicate_2|fmt_v2,G-a198b7fde4cd929fe6511bfc421dfcb566254c44,3,dances,control,full_questionnaire,google/gemma-4-31B-it,671023773,9269a6b84db24be024227e70aacdd5168ec3c793a818bdd55cb6f5ab6f354fad,1865ae993842eefc40d2c638ffcab1acd8a78c49899c0aa8962976d67f81d174,krsteski_demo_survey_adapted_v1,prompt_compiler_v2_split_g_f,c444a6eac0c7b6cd317bc71d70e09e8e9d8b0a57308ceb8b4c11921129cc5ae1,v2,target,standard,standard_g_control_repair_v2,G|LP0559|control,2
LP0561,G|LP0561|control|replicate_2|fmt_v2,G-a14c92405ac8ef0be915273a35b29c1fe9b4f6a2,2,baseball,control,full_questionnaire,google/gemma-4-31B-it,492966798,2489bbe1ce877aa19af7bc000604a3b91fa282e28e605bb05fc9ec0c44416bac,0aea5f34d3d057b0d300be3ff57b856d896603ba75b1a0863de9cd5246964d13,krsteski_demo_survey_adapted_v1,prompt_compiler_v2_split_g_f,c444a6eac0c7b6cd317bc71d70e09e8e9d8b0a57308ceb8b4c11921129cc5ae1,v2,target,standard,standard_g_control_repair_v2,G|LP0561|control,2
LP0562,G|LP0562|control|replicate_2|fmt_v2,G-3c8184c9c263760f3f79865e3342c5dfe850782c,2,baseball,control,full_questionnaire,google/gemma-4-31B-it,996573091,b17e4e9a467214e49a4ab901a2531b7e0eb1dc6f697edd9eafba827636be1838,375fcb3b1a2ed2c36949ade4ece1609c87f27f1d35d207e8c079f821c2305153,krsteski_demo_survey_adapted_v1,prompt_compiler_v2_split_g_f,c444a6eac0c7b6cd317bc71d70e09e8e9d8b0a57308ceb8b4c11921129cc5ae1,v2,target,standard,standard_g_control_repair_v2,G|LP0562|control,2
LP0563,G|LP0563|control|replicate_2|fmt_v2,G-b0bed7aaded1abbbd651ace24bc3350eee3c37f5,3,dances,control,full_questionnaire,google/gemma-4-31B-it,1078942483,8a560da71c4ea11377856e397fd27935744a94d53aba832c630f02df757db9dd,3304ff7c132e8a83b1a8f34f0416065b7d23b685df0d4b4ea3fbbe793a93b8a4,krsteski_demo_survey_adapted_v1,prompt_compiler_v2_split_g_f,c444a6eac0c7b6cd317bc71d70e09e8e9d8b0a57308ceb8b4c11921129cc5ae1,v2,target,standard,standard_g_control_repair_v2,G|LP0563|control,2
LP0566,G|LP0566|control|replicate_2|fmt_v2,G-e8c61c77408c7cec2837cf888817ecd4ebbdb75c,2,baseball,control,full_questionnaire,google/gemma-4-31B-it,303609310,7aade39b1d9b2f28b2ea91e5bdd9f5695205d3fa6f1441a2415bcba7a5adfc7d,38100cc560603e43ed744254d8c1715e1a1d5a6fa5e1c8a010014062402c5b35,krsteski_demo_survey_adapted_v1,prompt_compiler_v2_split_g_f,c444a6eac0c7b6cd317bc71d70e09e8e9d8b0a57308ceb8b4c11921129cc5ae1,v2,target,standard,standard_g_control_repair_v2,G|LP0566|control,2
LP0569,G|LP0569|control|replicate_2|fmt_v2,G-da37ee147b4d8267266576350d8dbb40035f7581,2,baseball,control,full_questionnaire,google/gemma-4-31B-it,800939667,acd00868474def19df67d80dc3b0c72c0b9685a4efc48fe67f015b5819f3c5f0,9c6bac8195a40be87e164a13bf1c975850421481d9cae33e8c028c3a60027ce1,krsteski_demo_survey_adapted_v1,prompt_compiler_v2_split_g_f,c444a6eac0c7b6cd317bc71d70e09e8e9d8b0a57308ceb8b4c11921129cc5ae1,v2,target,standard,standard_g_control_repair_v2,G|LP0569|control,2
LP0570,G|LP0570|control|replicate_2|fmt_v2,G-4b389ea35d089597d5ca94e297fa4649952134b7,3,dances,control,full_questionnaire,google/gemma-4-31B-it,1937363678,bc376ff1523d4feb9f51b02cfcd1f63513b1e71e59282d08c77e073bc50116c6,423d74445805fb2a8ae1ea41fbd40ec62d20337531baef54b0674f03abf0f156,krsteski_demo_survey_adapted_v1,prompt_compiler_v2_split_g_f,c444a6eac0c7b6cd317bc71d70e09e8e9d8b0a57308ceb8b4c11921129cc5ae1,v2,target,standard,standard_g_control_repair_v2,G|LP0570|control,2
LP0571,G|LP0571|control|replicate_2|fmt_v2,G-f06afb1a87c853ad19c6178eb8ff5b7fb2d7f6aa,2,baseball,control,full_questionnaire,google/gemma-4-31B-it,1755204069,b49bffb4f7a1bb501fa58b89cc11d193c34332bc9b5d7f9dd93b6964b8dc74e2,dc6b96b06fc295035ee5ad98af15b63afa81422f654667b30198635c4957ed90,krsteski_demo_survey_adapted_v1,prompt_compiler_v2_split_g_f,c444a6eac0c7b6cd317bc71d70e09e8e9d8b0a57308ceb8b4c11921129cc5ae1,v2,target,standard,standard_g_control_repair_v2,G|LP0571|control,2
LP0574,G|LP0574|control|replicate_2|fmt_v2,G-f9fecb391247d7e3269c1a01c47fbae50af5c1f4,3,dances,control,full_questionnaire,google/gemma-4-31B-it,105213529,66e54b631a49a2bbb811fafaedf216a2c86afac0a2c69c219cb67c6513308037,92393616fac92230575e038f1e8863de5fcb8e7fdda3d65bf3e9d10bf5cc9f4c,krsteski_demo_survey_adapted_v1,prompt_compiler_v2_split_g_f,c444a6eac0c7b6cd317bc71d70e09e8e9d8b0a57308ceb8b4c11921129cc5ae1,v2,target,standard,standard_g_control_repair_v2,G|LP0574|control,2
LP0575,G|LP0575|control|replicate_2|fmt_v2,G-3abce5fbeab24deda93a7f2f7dc2076af50f350f,2,baseball,control,full_questionnaire,google/gemma-4-31B-it,1613502949,ea9dd7a08d5564b11342c3206479bfb4a7f9f5a1602c4191b1dfb215b9733cc9,5f7d07b470b54a5cafb17164344fd857d32476ff684398def613e82b6b9c0584,krsteski_demo_survey_adapted_v1,prompt_compiler_v2_split_g_f,c444a6eac0c7b6cd317bc71d70e09e8e9d8b0a57308ceb8b4c11921129cc5ae1,v2,target,standard,standard_g_control_repair_v2,G|LP0575|control,2
LP0576,G|LP0576|control|replicate_2|fmt_v2,G-8085521427a472da2e8be7bca7337df189a54f94,2,baseball,control,full_questionnaire,google/gemma-4-31B-it,682563332,d4ee79ec21133726f6b43ae3028c2dc8e59d16d0f594dd3e15cb3ecd4093fcf0,734c3e0b8e32d2af4e6e738777cbbaf97b761f0ada793b2cd3ace9e2a984beda,krsteski_demo_survey_adapted_v1,prompt_compiler_v2_split_g_f,c444a6eac0c7b6cd317bc71d70e09e8e9d8b0a57308ceb8b4c11921129cc5ae1,v2,target,standard,standard_g_control_repair_v2,G|LP0576|control,2
LP0577,G|LP0577|control|replicate_2|fmt_v2,G-1dbf3542aa699c190d5c3b0285e495503084c34c,2,baseball,control,full_questionnaire,google/gemma-4-31B-it,1709704862,490a7d3c7e5c9781d914c745352192f07c7cb0a0d8d41cbd8f8645cca9059c6c,bf3e5625dc83f7370033718135e964227208097764f3a01b0a10ed78998bf82a,krsteski_demo_survey_adapted_v1,prompt_compiler_v2_split_g_f,c444a6eac0c7b6cd317bc71d70e09e8e9d8b0a57308ceb8b4c11921129cc5ae1,v2,target,standard,standard_g_control_repair_v2,G|LP0577|control,2
LP0578,G|LP0578|control|replicate_2|fmt_v2,G-6f379340780fd3f2950a0f3ff8a395caf08a7b20,2,baseball,control,full_questionnaire,google/gemma-4-31B-it,1451162228,2d41c75a3cdf359d49ef209db9577ab23b0470b531acb588236a36691367da8d,87e3ccbe57528e4eff1e3b8bc29173f7bfb94429cf88915552a6975a5adc8377,krsteski_demo_survey_adapted_v1,prompt_compiler_v2_split_g_f,c444a6eac0c7b6cd317bc71d70e09e8e9d8b0a57308ceb8b4c11921129cc5ae1,v2,target,standard,standard_g_control_repair_v2,G|LP0578|control,2
LP0579,G|LP0579|control|replicate_2|fmt_v2,G-4ac77591902e21bdb9005c12680efb0bc203d23d,2,baseball,control,full_questionnaire,google/gemma-4-31B-it,633146593,16e4fac7244245bcfe138f00faa5ef01c3caff6da8fb7c51ec7052f225045887,5f7d07b470b54a5cafb17164344fd857d32476ff684398def613e82b6b9c0584,krsteski_demo_survey_adapted_v1,prompt_compiler_v2_split_g_f,c444a6eac0c7b6cd317bc71d70e09e8e9d8b0a57308ceb8b4c11921129cc5ae1,v2,target,standard,standard_g_control_repair_v2,G|LP0579|control,2
LP0580,G|LP0580|control|replicate_2|fmt_v2,G-b39a95380ff0c9c97ea4107322bf9978b6111431,3,dances,control,full_questionnaire,google/gemma-4-31B-it,1998976059,99d4a411da97e9fe64011542b2707f37047368dce52db508941ab11b45364595,74d22e4f6bc6a2017a189b47d4b7a800ad7e0ca5096ce900f11bfd5d21a5d308,krsteski_demo_survey_adapted_v1,prompt_compiler_v2_split_g_f,c444a6eac0c7b6cd317bc71d70e09e8e9d8b0a57308ceb8b4c11921129cc5ae1,v2,target,standard,standard_g_control_repair_v2,G|LP0580|control,2
LP0581,G|LP0581|control|replicate_2|fmt_v2,G-463c8675b85d4ccd0fb4404b80e98f36321f963e,2,baseball,control,full_questionnaire,google/gemma-4-31B-it,1154898361,4f22f49558f775272ae31b0682c6bd2fd6bafe881078262c1548e1bff545db7d,ed40bc9c5b1b9a11e27675ff43f01d4af53636afe95941746b2f2ce934d7aff3,krsteski_demo_survey_adapted_v1,prompt_compiler_v2_split_g_f,c444a6eac0c7b6cd317bc71d70e09e8e9d8b0a57308ceb8b4c11921129cc5ae1,v2,target,standard,standard_g_control_repair_v2,G|LP0581|control,2
LP0582,G|LP0582|control|replicate_2|fmt_v2,G-f431590272d245af518b895f09f0f66ba1f056ee,3,dances,control,full_questionnaire,google/gemma-4-31B-it,1530197943,f278851e95665cc42c2c21e357f8bb9f37baaf199791a9842bb2461926c83afe,11493604706794d63835530fa42668773c9769ba6a103753272c0e0a8193a9c0,krsteski_demo_survey_adapted_v1,prompt_compiler_v2_split_g_f,c444a6eac0c7b6cd317bc71d70e09e8e9d8b0a57308ceb8b4c11921129cc5ae1,v2,target,standard,standard_g_control_repair_v2,G|LP0582|control,2
LP0583,G|LP0583|control|replicate_2|fmt_v2,G-7f64ec42b70c8758107140e95eda17fde17af388,2,baseball,control,full_questionnaire,google/gemma-4-31B-it,903241695,e7a258307e6367641d8e5ef518b54a84d93cc823abf82a6f8a3121f2e125c4b9,c1a00b8991d83388f8675b3b6ccfd8954874fb030e040187297e6ac10f469390,krsteski_demo_survey_adapted_v1,prompt_compiler_v2_split_g_f,c444a6eac0c7b6cd317bc71d70e09e8e9d8b0a57308ceb8b4c11921129cc5ae1,v2,target,standard,standard_g_control_repair_v2,G|LP0583|control,2
LP0584,G|LP0584|control|replicate_2|fmt_v2,G-ed461f05dd7b8fe5b757a2627961a187b8f7ea4b,2,baseball,control,full_questionnaire,google/gemma-4-31B-it,940035572,f75e69d5cef2a2de60f248f26e4a277430bdafe4699df10aa37246415400fd40,d4ce2f6c8c8236fa713d64497b6aaa32ae7ddae7b2e1d6c2958972159d76628e,krsteski_demo_survey_adapted_v1,prompt_compiler_v2_split_g_f,c444a6eac0c7b6cd317bc71d70e09e8e9d8b0a57308ceb8b4c11921129cc5ae1,v2,target,standard,standard_g_control_repair_v2,G|LP0584|control,2
LP0586,G|LP0586|control|replicate_2|fmt_v2,G-d021d00fea573dc1c66195a371f87218a0dd558f,2,baseball,control,full_questionnaire,google/gemma-4-31B-it,177921508,a611ab25ba7973e912d80361ab63a84c1e7aa92056374a7730a7a2d37eb6a734,cc875368bcfd2589d3afc01143064b28b79eadc9cf0f08fbc87a6ced9cee0d2c,krsteski_demo_survey_adapted_v1,prompt_compiler_v2_split_g_f,c444a6eac0c7b6cd317bc71d70e09e8e9d8b0a57308ceb8b4c11921129cc5ae1,v2,target,standard,standard_g_control_repair_v2,G|LP0586|control,2
LP0589,G|LP0589|control|replicate_2|fmt_v2,G-dc39ddfb1e0574c4703e61f5aab983094cb84e33,2,baseball,control,full_questionnaire,google/gemma-4-31B-it,1450782909,e59b1f851f44c6e609ed2a0153b08b6d5911c80fd5a7e74d30521c7dd0d8a131,5fa9c5d12339c91d87f96d73e480501ad1881eb93d99fe7510f5c83832881ff9,krsteski_demo_survey_adapted_v1,prompt_compiler_v2_split_g_f,c444a6eac0c7b6cd317bc71d70e09e8e9d8b0a57308ceb8b4c11921129cc5ae1,v2,target,standard,standard_g_control_repair_v2,G|LP0589|control,2
LP0590,G|LP0590|control|replicate_2|fmt_v2,G-1018d4eb02d70ae626d98acf4c580dd527d38eaf,3,dances,control,full_questionnaire,google/gemma-4-31B-it,587773116,0225ddfe13e55cf17e37829cc04928839c529545bf47e030badec52514bbe8bb,8938cf956915dc78f47154621782b86462e158373a08bfd4a31111fdb06e1d72,krsteski_demo_survey_adapted_v1,prompt_compiler_v2_split_g_f,c444a6eac0c7b6cd317bc71d70e09e8e9d8b0a57308ceb8b4c11921129cc5ae1,v2,target,standard,standard_g_control_repair_v2,G|LP0590|control,2
LP0592,G|LP0592|control|replicate_2|fmt_v2,G-07487d613dba26c7ef955d917d57563f91cbfec7,3,dances,control,full_questionnaire,google/gemma-4-31B-it,1279992201,884e11546d17113de0bf20273f97a40258dc625bf94de01fd394c938517bb7c0,5f7d07b470b54a5cafb17164344fd857d32476ff684398def613e82b6b9c0584,krsteski_demo_survey_adapted_v1,prompt_compiler_v2_split_g_f,c444a6eac0c7b6cd317bc71d70e09e8e9d8b0a57308ceb8b4c11921129cc5ae1,v2,target,standard,standard_g_control_repair_v2,G|LP0592|control,2
LP0593,G|LP0593|control|replicate_2|fmt_v2,G-614f208f8e20bf338eca17db3efcc2c67d3de2b6,3,dances,control,full_questionnaire,google/gemma-4-31B-it,1354694739,452e8714c7f9d993ad723436d6bdeff2b33a6647ba6a3b52b88510aa89330382,43a32bec9f104cf7990ac5b02ac38a79d821c22135a39d2fd6e8320eb1e11c1f,krsteski_demo_survey_adapted_v1,prompt_compiler_v2_split_g_f,c444a6eac0c7b6cd317bc71d70e09e8e9d8b0a57308ceb8b4c11921129cc5ae1,v2,target,standard,standard_g_control_repair_v2,G|LP0593|control,2
LP0594,G|LP0594|control|replicate_2|fmt_v2,G-0bdcce28470ffb70892ecda049bbe2da2300b458,2,baseball,control,full_questionnaire,google/gemma-4-31B-it,1590269888,ba0e44bd7fc5a48449dde8ab7ea1c6b042563551452563dabbada661e09686c5,946056600450ab8cdd39a4bc8983792aef7b46b0b22a2395d1bf558a96e4097f,krsteski_demo_survey_adapted_v1,prompt_compiler_v2_split_g_f,c444a6eac0c7b6cd317bc71d70e09e8e9d8b0a57308ceb8b4c11921129cc5ae1,v2,target,standard,standard_g_control_repair_v2,G|LP0594|control,2
LP0597,G|LP0597|control|replicate_2|fmt_v2,G-940bca5354c06cc003ff89034e7cc75aca25e266,2,baseball,control,full_questionnaire,google/gemma-4-31B-it,2094530920,155b6a03b802fdb8cd5eb87763607e7eb1af5d6d1213ea1b9efd825a3435a676,068108676f2e404236b07752d50bc23456d2d02039f57d47f9fe2fa2854974e6,krsteski_demo_survey_adapted_v1,prompt_compiler_v2_split_g_f,c444a6eac0c7b6cd317bc71d70e09e8e9d8b0a57308ceb8b4c11921129cc5ae1,v2,target,standard,standard_g_control_repair_v2,G|LP0597|control,2
LP0598,G|LP0598|control|replicate_2|fmt_v2,G-9051ade5d9ea0d8bccc234dec4ef3084e611acd2,2,baseball,control,full_questionnaire,google/gemma-4-31B-it,2056087896,b7b41ec2f0ca159823fc57fee4bcd205934639d4a0a0a55a37a29343830db9c9,6ba764af62e00471c67ba9fd361e9793a0a511d522c6713d370bfeb024754774,krsteski_demo_survey_adapted_v1,prompt_compiler_v2_split_g_f,c444a6eac0c7b6cd317bc71d70e09e8e9d8b0a57308ceb8b4c11921129cc5ae1,v2,target,standard,standard_g_control_repair_v2,G|LP0598|control,2
LP0599,G|LP0599|control|replicate_2|fmt_v2,G-19f09fde241c2fbbe999ae8c73e50881db78e093,3,dances,control,full_questionnaire,google/gemma-4-31B-it,1476226935,414d9457537af90ec7a4172fe35c84e1e0f79466d3499efe20fecbb8c0a711e0,06dacff0aa08906ba0f9d1ef4b1fdfe13303366770b5330b94ec6687a7a2a0fc,krsteski_demo_survey_adapted_v1,prompt_compiler_v2_split_g_f,c444a6eac0c7b6cd317bc71d70e09e8e9d8b0a57308ceb8b4c11921129cc5ae1,v2,target,standard,standard_g_control_repair_v2,G|LP0599|control,2
LP0600,G|LP0600|control|replicate_2|fmt_v2,G-f975991eb08e2fdd76a7700f397168a1d9bd0522,2,baseball,control,full_questionnaire,google/gemma-4-31B-it,595157534,51a6e384949acf355e8848954e9dee1f25df25e1a0cab196a806bc97358e5040,a9a17d71ff912bda5de0b51aa01d4899976866e2b7576a3599597ddb74247476,krsteski_demo_survey_adapted_v1,prompt_compiler_v2_split_g_f,c444a6eac0c7b6cd317bc71d70e09e8e9d8b0a57308ceb8b4c11921129cc5ae1,v2,target,standard,standard_g_control_repair_v2,G|LP0600|control,2
LP0602,G|LP0602|control|replicate_2|fmt_v2,G-83f7faaf9e6ac7ba2780160c1ea5610b12d51c81,3,dances,control,full_questionnaire,google/gemma-4-31B-it,643480859,93177f1c98695c646ae3e06e88ba2abd2119bdd95640e87b010fd211f72c9e88,8e7e715dd759c9180343ac172b647c46fa3af0d9e1e5a240759b1b37312271fd,krsteski_demo_survey_adapted_v1,prompt_compiler_v2_split_g_f,c444a6eac0c7b6cd317bc71d70e09e8e9d8b0a57308ceb8b4c11921129cc5ae1,v2,target,standard,standard_g_control_repair_v2,G|LP0602|control,2
LP0603,G|LP0603|control|replicate_2|fmt_v2,G-f6de277a93079bee0adc6879296c6fd8962d95a1,2,baseball,control,full_questionnaire,google/gemma-4-31B-it,12839655,e383e9dbcf6572aae285697b310e9077b51270d11d5f754683f8961afbce8431,697fd85785c5e554aaf10ce389f1bf1c3a0266f29d585ed8df343c15e2402f51,krsteski_demo_survey_adapted_v1,prompt_compiler_v2_split_g_f,c444a6eac0c7b6cd317bc71d70e09e8e9d8b0a57308ceb8b4c11921129cc5ae1,v2,target,standard,standard_g_control_repair_v2,G|LP0603|control,2
LP0604,G|LP0604|control|replicate_2|fmt_v2,G-0ceb6bcb4c4d10f814fa516f4eb462df31b65f7f,2,baseball,control,full_questionnaire,google/gemma-4-31B-it,1713629326,1b8e9ef1d39327e6a19bf8bd035e13f29b4b92ed4ade2dbd16c26e0a9dcf5d42,87e3ccbe57528e4eff1e3b8bc29173f7bfb94429cf88915552a6975a5adc8377,krsteski_demo_survey_adapted_v1,prompt_compiler_v2_split_g_f,c444a6eac0c7b6cd317bc71d70e09e8e9d8b0a57308ceb8b4c11921129cc5ae1,v2,target,standard,standard_g_control_repair_v2,G|LP0604|control,2
LP0605,G|LP0605|control|replicate_2|fmt_v2,G-8d1d703cfdf12b9c1506eddf8c239af194629d88,3,dances,control,full_questionnaire,google/gemma-4-31B-it,405539864,70f735638a498e6f6be2b54b4ebb60f025b9bcde74055b9b8802f2bea2b744bb,6feadfccbbc4808c590f125a0262bff0e199d2611fb3f19e5bb6ab8e73c1c1f9,krsteski_demo_survey_adapted_v1,prompt_compiler_v2_split_g_f,c444a6eac0c7b6cd317bc71d70e09e8e9d8b0a57308ceb8b4c11921129cc5ae1,v2,target,standard,standard_g_control_repair_v2,G|LP0605|control,2
LP0606,G|LP0606|control|replicate_2|fmt_v2,G-3d72beefca0872b2dc5d3ed9e29a5b3e27ccad98,2,baseball,control,full_questionnaire,google/gemma-4-31B-it,1156444306,c868888ad6134c8f6ee4e29dd388f1031e28fc4bde7793929c9eb2dc007eae5e,ee34808d203fa52ccf8760cb4f2c3398d5c9ee08eb5a52c0be817df6364948c4,krsteski_demo_survey_adapted_v1,prompt_compiler_v2_split_g_f,c444a6eac0c7b6cd317bc71d70e09e8e9d8b0a57308ceb8b4c11921129cc5ae1,v2,target,standard,standard_g_control_repair_v2,G|LP0606|control,2
LP0608,G|LP0608|control|replicate_2|fmt_v2,G-bc02e7d42f4b08c86c70aa0947af97264caf1d41,2,baseball,control,full_questionnaire,google/gemma-4-31B-it,659609715,01f35b2af27b368b723bdb8580546dfec2e51df85b8dd5bc9b87a87ade6fde5e,0aea5f34d3d057b0d300be3ff57b856d896603ba75b1a0863de9cd5246964d13,krsteski_demo_survey_adapted_v1,prompt_compiler_v2_split_g_f,c444a6eac0c7b6cd317bc71d70e09e8e9d8b0a57308ceb8b4c11921129cc5ae1,v2,target,standard,standard_g_control_repair_v2,G|LP0608|control,2
LP0609,G|LP0609|control|replicate_2|fmt_v2,G-ca06b89f2b33aebd4858238b3e77a447646e858a,3,dances,control,full_questionnaire,google/gemma-4-31B-it,1061232638,f6e040a1b1c0707e2b8da41eee9e543f98ed29a372e5e05f74709d2a05743910,203033b2a610150cdd7665e5fb4a02a89f7265d8b631943f946fd0346cca6ca9,krsteski_demo_survey_adapted_v1,prompt_compiler_v2_split_g_f,c444a6eac0c7b6cd317bc71d70e09e8e9d8b0a57308ceb8b4c11921129cc5ae1,v2,target,standard,standard_g_control_repair_v2,G|LP0609|control,2
LP0610,G|LP0610|control|replicate_2|fmt_v2,G-259778984b90b3c717b8d7c28de99e7cf93aae2f,3,dances,control,full_questionnaire,google/gemma-4-31B-it,381658360,fdc432792f6928a0cfcea29949f5c276befa06e7c52a1a5a7abf4ba0c1b4cb36,d47e866d0746d271409efd116ae4ef378ddc9e43b77da897c24fd21b34265d14,krsteski_demo_survey_adapted_v1,prompt_compiler_v2_split_g_f,c444a6eac0c7b6cd317bc71d70e09e8e9d8b0a57308ceb8b4c11921129cc5ae1,v2,target,standard,standard_g_control_repair_v2,G|LP0610|control,2
LP0615,G|LP0615|control|replicate_2|fmt_v2,G-9dd71e4c962a4414a639a86c3709dd7a1c5b2ea2,2,baseball,control,full_questionnaire,google/gemma-4-31B-it,1373143215,317f5c172675635c8660b93ae8aa9693787595322f1ba2bf266997c0c8fa9107,4eaaefe1c6fa20f8fafed2d9642170faf210c9b4ad12d770cff12cff2dad8a45,krsteski_demo_survey_adapted_v1,prompt_compiler_v2_split_g_f,c444a6eac0c7b6cd317bc71d70e09e8e9d8b0a57308ceb8b4c11921129cc5ae1,v2,target,standard,standard_g_control_repair_v2,G|LP0615|control,2
LP0616,G|LP0616|control|replicate_2|fmt_v2,G-cd60f57d7ba480d7a00cf68d4d88f0b5b566285b,3,dances,control,full_questionnaire,google/gemma-4-31B-it,375811029,2c25c2afe57a39f6f0c32e472d8c455c73dc41929dae2bf2996b8f039cab2ceb,2f283341263ece8bdda396bb0a7b492edf60ad6c271ad09efba29b9d8231244d,krsteski_demo_survey_adapted_v1,prompt_compiler_v2_split_g_f,c444a6eac0c7b6cd317bc71d70e09e8e9d8b0a57308ceb8b4c11921129cc5ae1,v2,target,standard,standard_g_control_repair_v2,G|LP0616|control,2
LP0617,G|LP0617|control|replicate_2|fmt_v2,G-78fa5740c08f22eb8b4b6c534362f5672c754bbb,2,baseball,control,full_questionnaire,google/gemma-4-31B-it,847499630,2a7296015c69857aeb9c5cc5b0b9f67d3238b9bbd5a4982fc697a00824c95681,b92a25292afc48641f65e2448e0fa23113a9871580d50dd180b962287fe34a57,krsteski_demo_survey_adapted_v1,prompt_compiler_v2_split_g_f,c444a6eac0c7b6cd317bc71d70e09e8e9d8b0a57308ceb8b4c11921129cc5ae1,v2,target,standard,standard_g_control_repair_v2,G|LP0617|control,2
LP0619,G|LP0619|control|replicate_2|fmt_v2,G-b7e37a25f46ec1f15d33f619e4e587b213456a5a,2,baseball,control,full_questionnaire,google/gemma-4-31B-it,1681241663,f1eba2ad4d4982d2ef5ac6909e11e9dfbd813610c36b5316c307d56ed6aba16a,2f283341263ece8bdda396bb0a7b492edf60ad6c271ad09efba29b9d8231244d,krsteski_demo_survey_adapted_v1,prompt_compiler_v2_split_g_f,c444a6eac0c7b6cd317bc71d70e09e8e9d8b0a57308ceb8b4c11921129cc5ae1,v2,target,standard,standard_g_control_repair_v2,G|LP0619|control,2
LP0622,G|LP0622|control|replicate_2|fmt_v2,G-118e008d131481a7143e414ad5ca57a321489ec9,2,baseball,control,full_questionnaire,google/gemma-4-31B-it,909148865,86691f3a09217d2cedd58204deebaaffff38a1ba7212fb463c3bf73d1bf846e4,423d74445805fb2a8ae1ea41fbd40ec62d20337531baef54b0674f03abf0f156,krsteski_demo_survey_adapted_v1,prompt_compiler_v2_split_g_f,c444a6eac0c7b6cd317bc71d70e09e8e9d8b0a57308ceb8b4c11921129cc5ae1,v2,target,standard,standard_g_control_repair_v2,G|LP0622|control,2
LP0623,G|LP0623|control|replicate_2|fmt_v2,G-829c4ef9f8c0eaddd89772d5ca841b671669a78f,3,dances,control,full_questionnaire,google/gemma-4-31B-it,2113505490,4257b9f5aa7fca87dd29bf3ac3bc90efea253b58953e4d405db688e5353c739f,a430dbbf34b816898bb407dfdff9deeea73cb3ae037f712aed97b95f55f3667f,krsteski_demo_survey_adapted_v1,prompt_compiler_v2_split_g_f,c444a6eac0c7b6cd317bc71d70e09e8e9d8b0a57308ceb8b4c11921129cc5ae1,v2,target,standard,standard_g_control_repair_v2,G|LP0623|control,2
LP0625,G|LP0625|control|replicate_2|fmt_v2,G-423c930fa67412798ba116a22a37e30ce6601dcc,3,dances,control,full_questionnaire,google/gemma-4-31B-it,720189593,4d902a7b57508e555452277e064ffbf061fc090571c7c49d710a36ba6a0d2feb,1b07eaf8f85592402e7e5f561d8bfeec6994a446ac0964baee802b86d4a80bed,krsteski_demo_survey_adapted_v1,prompt_compiler_v2_split_g_f,c444a6eac0c7b6cd317bc71d70e09e8e9d8b0a57308ceb8b4c11921129cc5ae1,v2,target,standard,standard_g_control_repair_v2,G|LP0625|control,2
LP0626,G|LP0626|control|replicate_2|fmt_v2,G-b70c0bcb746bef39a9fda645deaecfc07055f3a2,2,baseball,control,full_questionnaire,google/gemma-4-31B-it,1652819666,d15e543049a00d76ff6c3a26bcc98a6d092582c40f7b9cb2780774d026b4e1ed,bcaa458f2e7f821091248e7ba1d70324b9f438036e522008260e589262a97ed5,krsteski_demo_survey_adapted_v1,prompt_compiler_v2_split_g_f,c444a6eac0c7b6cd317bc71d70e09e8e9d8b0a57308ceb8b4c11921129cc5ae1,v2,target,standard,standard_g_control_repair_v2,G|LP0626|control,2
LP0627,G|LP0627|control|replicate_2|fmt_v2,G-545c21c90763f5431c61a629cb05f69352f64f81,2,baseball,control,full_questionnaire,google/gemma-4-31B-it,807155926,d8db771dc991e592dfd651fbb9c0f525b5229a782c6a70ed406fd5e676d843ee,1865ae993842eefc40d2c638ffcab1acd8a78c49899c0aa8962976d67f81d174,krsteski_demo_survey_adapted_v1,prompt_compiler_v2_split_g_f,c444a6eac0c7b6cd317bc71d70e09e8e9d8b0a57308ceb8b4c11921129cc5ae1,v2,target,standard,standard_g_control_repair_v2,G|LP0627|control,2
LP0628,G|LP0628|control|replicate_2|fmt_v2,G-0655231776b9ad6d4d39edd5ca8f369bd0371ebd,3,dances,control,full_questionnaire,google/gemma-4-31B-it,56882076,c63f52e6be4caa6174953edac9ef50cdc1c8ea05e12cbfe2fc23ec98e36c53d8,fbbc56f88dd5bf2e95ff22cb090715e0503730d14d3921a1a0ec383f5f08a57b,krsteski_demo_survey_adapted_v1,prompt_compiler_v2_split_g_f,c444a6eac0c7b6cd317bc71d70e09e8e9d8b0a57308ceb8b4c11921129cc5ae1,v2,target,standard,standard_g_control_repair_v2,G|LP0628|control,2
LP0629,G|LP0629|control|replicate_2|fmt_v2,G-0d0a51176008fbe1b6c5379e48d8ed06e860d4df,3,dances,control,full_questionnaire,google/gemma-4-31B-it,2048761359,381403c9c64e840060a97e255cadaad279f98b8bbe15bc03e675100b864400e2,13989d375cddadcde74b04df2f2b7a020012640c64914f315d5de4156b6f263d,krsteski_demo_survey_adapted_v1,prompt_compiler_v2_split_g_f,c444a6eac0c7b6cd317bc71d70e09e8e9d8b0a57308ceb8b4c11921129cc5ae1,v2,target,standard,standard_g_control_repair_v2,G|LP0629|control,2
LP0630,G|LP0630|control|replicate_2|fmt_v2,G-454a45e446d22c32d0c027cc3871c50d6bb742df,3,dances,control,full_questionnaire,google/gemma-4-31B-it,1365686267,13cd23856fa8522e75d9ac06d4ede1b24470ba0d264ca6573ac0aaab24912996,13989d375cddadcde74b04df2f2b7a020012640c64914f315d5de4156b6f263d,krsteski_demo_survey_adapted_v1,prompt_compiler_v2_split_g_f,c444a6eac0c7b6cd317bc71d70e09e8e9d8b0a57308ceb8b4c11921129cc5ae1,v2,target,standard,standard_g_control_repair_v2,G|LP0630|control,2
LP0633,G|LP0633|control|replicate_2|fmt_v2,G-4fd9b671af06b84f2dae8f413eeae8fe029ba94f,2,baseball,control,full_questionnaire,google/gemma-4-31B-it,1320822067,9081e92035e2b54d15401fb84d3603a6289843457561d553fe689e17c687cba6,ee34808d203fa52ccf8760cb4f2c3398d5c9ee08eb5a52c0be817df6364948c4,krsteski_demo_survey_adapted_v1,prompt_compiler_v2_split_g_f,c444a6eac0c7b6cd317bc71d70e09e8e9d8b0a57308ceb8b4c11921129cc5ae1,v2,target,standard,standard_g_control_repair_v2,G|LP0633|control,2
LP0635,G|LP0635|control|replicate_2|fmt_v2,G-a744dd2ead04405a03e2445d3fe5dea167a309cd,3,dances,control,full_questionnaire,google/gemma-4-31B-it,2072902329,83bc03dd4280200260a61bf5e049c976c9d6a6f902e15507edcde08450f723de,fbbc56f88dd5bf2e95ff22cb090715e0503730d14d3921a1a0ec383f5f08a57b,krsteski_demo_survey_adapted_v1,prompt_compiler_v2_split_g_f,c444a6eac0c7b6cd317bc71d70e09e8e9d8b0a57308ceb8b4c11921129cc5ae1,v2,target,standard,standard_g_control_repair_v2,G|LP0635|control,2
LP0636,G|LP0636|control|replicate_2|fmt_v2,G-72c986b3b8df18067569b90bc3af5f134fc62979,2,baseball,control,full_questionnaire,google/gemma-4-31B-it,510797167,32e419da707de8536e826c4ee6aa6ad2db19bbee45212897761e444361e8fa61,95688658f8b8d47c9c8d7024f11cc7e497e661699b9a28d72142533133efe8cd,krsteski_demo_survey_adapted_v1,prompt_compiler_v2_split_g_f,c444a6eac0c7b6cd317bc71d70e09e8e9d8b0a57308ceb8b4c11921129cc5ae1,v2,target,standard,standard_g_control_repair_v2,G|LP0636|control,2
LP0638,G|LP0638|control|replicate_2|fmt_v2,G-70f8e550d6ba041aec43813bec209e5f96ac1605,2,baseball,control,full_questionnaire,google/gemma-4-31B-it,950783677,5e2b31a89f1364ea0a10e38a65d1793d2eea1d4654978bcabfb97f85fcaebaca,b3d274444556be3591afc28428470a85a0cfa3f9daaec8f6baf7cc3e9e220e28,krsteski_demo_survey_adapted_v1,prompt_compiler_v2_split_g_f,c444a6eac0c7b6cd317bc71d70e09e8e9d8b0a57308ceb8b4c11921129cc5ae1,v2,target,standard,standard_g_control_repair_v2,G|LP0638|control,2
LP0639,G|LP0639|control|replicate_2|fmt_v2,G-8b919ae0ddb3de3ceca920cc86e53597f868dc9d,2,baseball,control,full_questionnaire,google/gemma-4-31B-it,1960252415,22444f3247cbb4bda6337c97a9a65a09e418aa3e1d28ae7e72e7b87a9b529b54,203033b2a610150cdd7665e5fb4a02a89f7265d8b631943f946fd0346cca6ca9,krsteski_demo_survey_adapted_v1,prompt_compiler_v2_split_g_f,c444a6eac0c7b6cd317bc71d70e09e8e9d8b0a57308ceb8b4c11921129cc5ae1,v2,target,standard,standard_g_control_repair_v2,G|LP0639|control,2
LP0641,G|LP0641|control|replicate_2|fmt_v2,G-12b50480841a7a0ec44b39f130d78304fa61c61c,3,dances,control,full_questionnaire,google/gemma-4-31B-it,696550159,6cec72d22f321f059abf0b3a231c10c69bd0ab0c9399ec154bedddb27f1f15c2,3c03b6e0301a9a47903719bb9b3bb5f7327971e347c5633f79fe054ee8c320fe,krsteski_demo_survey_adapted_v1,prompt_compiler_v2_split_g_f,c444a6eac0c7b6cd317bc71d70e09e8e9d8b0a57308ceb8b4c11921129cc5ae1,v2,target,standard,standard_g_control_repair_v2,G|LP0641|control,2
LP0642,G|LP0642|control|replicate_2|fmt_v2,G-0ef072ca08e9cc994566d07d9ba2e92a72a39691,2,baseball,control,full_questionnaire,google/gemma-4-31B-it,650818093,16a64275dd8868752173ad18cc4e2c17436f1777ecaae9cb91f4038469dc92d5,3304ff7c132e8a83b1a8f34f0416065b7d23b685df0d4b4ea3fbbe793a93b8a4,krsteski_demo_survey_adapted_v1,prompt_compiler_v2_split_g_f,c444a6eac0c7b6cd317bc71d70e09e8e9d8b0a57308ceb8b4c11921129cc5ae1,v2,target,standard,standard_g_control_repair_v2,G|LP0642|control,2
LP0643,G|LP0643|control|replicate_2|fmt_v2,G-1af014fc1464cd9dd2cedd127c18e2cd804e6ec9,2,baseball,control,full_questionnaire,google/gemma-4-31B-it,1246033813,9514c09b2f8037a17bce4637c495438449ed673b3864770c2d2c397717419925,4897a092734760fc83a0be70e50db9713cea4753e675bfbad82b50c37393f728,krsteski_demo_survey_adapted_v1,prompt_compiler_v2_split_g_f,c444a6eac0c7b6cd317bc71d70e09e8e9d8b0a57308ceb8b4c11921129cc5ae1,v2,target,standard,standard_g_control_repair_v2,G|LP0643|control,2
LP0645,G|LP0645|control|replicate_2|fmt_v2,G-6287ac01c2d52d78e09ef25df7f43a4fb22dcff8,2,baseball,control,full_questionnaire,google/gemma-4-31B-it,132416893,3aef4f085abb44b3356ed840290c9d87454738dd21df68f28a4d9ad877bb8db7,946056600450ab8cdd39a4bc8983792aef7b46b0b22a2395d1bf558a96e4097f,krsteski_demo_survey_adapted_v1,prompt_compiler_v2_split_g_f,c444a6eac0c7b6cd317bc71d70e09e8e9d8b0a57308ceb8b4c11921129cc5ae1,v2,target,standard,standard_g_control_repair_v2,G|LP0645|control,2
LP0647,G|LP0647|control|replicate_2|fmt_v2,G-53149e9c782383e6fef8936bd68ae2473af3f5d6,3,dances,control,full_questionnaire,google/gemma-4-31B-it,508346656,367ea0aee2b4ab2a5036f9bc40e1a5f0110173ac2a6f2d2ebe49d6d61efc53c6,0dbe0028b8b567069f50a339d038e32ebe03239ce5b220686ba319356ec5b996,krsteski_demo_survey_adapted_v1,prompt_compiler_v2_split_g_f,c444a6eac0c7b6cd317bc71d70e09e8e9d8b0a57308ceb8b4c11921129cc5ae1,v2,target,standard,standard_g_control_repair_v2,G|LP0647|control,2
LP0650,G|LP0650|control|replicate_2|fmt_v2,G-8a95396aeae122b0e2e7b4c6225379d59ae1e409,3,dances,control,full_questionnaire,google/gemma-4-31B-it,759176,dd0d333b2872b53619ec1fd5b6b5c829f4523639d1eba1d1f0caffafc960b7a7,0e93df7d4ee9f88fae4c50b6c60619447cd0736ec4792f38e378ec42c1a0f7f6,krsteski_demo_survey_adapted_v1,prompt_compiler_v2_split_g_f,c444a6eac0c7b6cd317bc71d70e09e8e9d8b0a57308ceb8b4c11921129cc5ae1,v2,target,standard,standard_g_control_repair_v2,G|LP0650|control,2
LP0651,G|LP0651|control|replicate_2|fmt_v2,G-c422595e8258f92fb98ddc5491d28a91047cbd4f,2,baseball,control,full_questionnaire,google/gemma-4-31B-it,178105327,4f5eb1a3cbc6d852d718bb63613af413774d8cfcf9824182918300c41d864e07,92393616fac92230575e038f1e8863de5fcb8e7fdda3d65bf3e9d10bf5cc9f4c,krsteski_demo_survey_adapted_v1,prompt_compiler_v2_split_g_f,c444a6eac0c7b6cd317bc71d70e09e8e9d8b0a57308ceb8b4c11921129cc5ae1,v2,target,standard,standard_g_control_repair_v2,G|LP0651|control,2
LP0653,G|LP0653|control|replicate_2|fmt_v2,G-1928b72012237b40daed2b85468e7e4e172eb5d6,2,baseball,control,full_questionnaire,google/gemma-4-31B-it,1148512640,8e72e6254608beac89e13391a86aed088820c255f67bc298b7bbf41c3ebd2863,8e7e715dd759c9180343ac172b647c46fa3af0d9e1e5a240759b1b37312271fd,krsteski_demo_survey_adapted_v1,prompt_compiler_v2_split_g_f,c444a6eac0c7b6cd317bc71d70e09e8e9d8b0a57308ceb8b4c11921129cc5ae1,v2,target,standard,standard_g_control_repair_v2,G|LP0653|control,2
LP0655,G|LP0655|control|replicate_2|fmt_v2,G-2249b5f84fdcd0b5de604c28adab38b855aa9c64,3,dances,control,full_questionnaire,google/gemma-4-31B-it,342899878,7edf34a0a25bbfdfebd59c9789581352a490eb3c4d0ec4858c6ca86517f3cf62,644c8a6c219770c3445dd542cdd97ae3f0432ea8bf788f35e8000c58e998162e,krsteski_demo_survey_adapted_v1,prompt_compiler_v2_split_g_f,c444a6eac0c7b6cd317bc71d70e09e8e9d8b0a57308ceb8b4c11921129cc5ae1,v2,target,standard,standard_g_control_repair_v2,G|LP0655|control,2
LP0657,G|LP0657|control|replicate_2|fmt_v2,G-83c6d7d18ecb6ea576fbd6cee6ec7cad4a473cd9,2,baseball,control,full_questionnaire,google/gemma-4-31B-it,374939210,47231c056883217271bdf1505535c0ff2a8f34fcd8e2c5d5dbec0b619e5972a0,74d0261f87eff9ccc4fca3878970ef0953157143e73eca90ee489fac8da16809,krsteski_demo_survey_adapted_v1,prompt_compiler_v2_split_g_f,c444a6eac0c7b6cd317bc71d70e09e8e9d8b0a57308ceb8b4c11921129cc5ae1,v2,target,standard,standard_g_control_repair_v2,G|LP0657|control,2
LP0658,G|LP0658|control|replicate_2|fmt_v2,G-8cd20a518247b61aad679a2982abcd30550f9073,2,baseball,control,full_questionnaire,google/gemma-4-31B-it,468437695,4171e200d216c34597824daaf462c9be9dfbf9e00ebc7e15db519b2190eb229c,4897a092734760fc83a0be70e50db9713cea4753e675bfbad82b50c37393f728,krsteski_demo_survey_adapted_v1,prompt_compiler_v2_split_g_f,c444a6eac0c7b6cd317bc71d70e09e8e9d8b0a57308ceb8b4c11921129cc5ae1,v2,target,standard,standard_g_control_repair_v2,G|LP0658|control,2
LP0659,G|LP0659|control|replicate_2|fmt_v2,G-2005d4d7e3fdea4f48048099df63666cb3e6753d,3,dances,control,full_questionnaire,google/gemma-4-31B-it,604607487,a0e775658a6c3d2e9deadd59eed23994b1c673dd076a8a660bd23ffc5e59caca,f6e79632b071296a8163c418ba80cacd2272850a3d280064326088189590fa0d,krsteski_demo_survey_adapted_v1,prompt_compiler_v2_split_g_f,c444a6eac0c7b6cd317bc71d70e09e8e9d8b0a57308ceb8b4c11921129cc5ae1,v2,target,standard,standard_g_control_repair_v2,G|LP0659|control,2
LP0661,G|LP0661|control|replicate_2|fmt_v2,G-f314824cf9cbf1a0f4ec79e9cca45ee33c5c756c,2,baseball,control,full_questionnaire,google/gemma-4-31B-it,1609889341,388754ec1621a593e6ca943258c8d404fac32de1ccbb361d781b8c8b75a7396a,423d74445805fb2a8ae1ea41fbd40ec62d20337531baef54b0674f03abf0f156,krsteski_demo_survey_adapted_v1,prompt_compiler_v2_split_g_f,c444a6eac0c7b6cd317bc71d70e09e8e9d8b0a57308ceb8b4c11921129cc5ae1,v2,target,standard,standard_g_control_repair_v2,G|LP0661|control,2
LP0665,G|LP0665|control|replicate_2|fmt_v2,G-31108f5be8ba377cfaedd038312845c908a2c547,2,baseball,control,full_questionnaire,google/gemma-4-31B-it,1255888436,ae7e2e83005765b41e1f740e435b6016611a715c0c894ce3003ad7c603c8f5da,175d3e89619cbb2ca7a83f7cc3e0ceb05d562610af1d73c8124156708bb724e4,krsteski_demo_survey_adapted_v1,prompt_compiler_v2_split_g_f,c444a6eac0c7b6cd317bc71d70e09e8e9d8b0a57308ceb8b4c11921129cc5ae1,v2,target,standard,standard_g_control_repair_v2,G|LP0665|control,2
LP0666,G|LP0666|control|replicate_2|fmt_v2,G-7caf0396d6ef68faa2ad6732fa28ac99701638c1,3,dances,control,full_questionnaire,google/gemma-4-31B-it,1347252265,006db9faf177baf50cf73eb6c322728bc79003d8025a81132c95f0a4a43f2b6e,c1a00b8991d83388f8675b3b6ccfd8954874fb030e040187297e6ac10f469390,krsteski_demo_survey_adapted_v1,prompt_compiler_v2_split_g_f,c444a6eac0c7b6cd317bc71d70e09e8e9d8b0a57308ceb8b4c11921129cc5ae1,v2,target,standard,standard_g_control_repair_v2,G|LP0666|control,2
LP0667,G|LP0667|control|replicate_2|fmt_v2,G-69077b7f1871749e3b679084e63fbac83960c321,3,dances,control,full_questionnaire,google/gemma-4-31B-it,1786801053,f4e4e310c4cb726aa40e4a99ff22c042ffd748104512f15d8e218e4f7b9f3c35,3304ff7c132e8a83b1a8f34f0416065b7d23b685df0d4b4ea3fbbe793a93b8a4,krsteski_demo_survey_adapted_v1,prompt_compiler_v2_split_g_f,c444a6eac0c7b6cd317bc71d70e09e8e9d8b0a57308ceb8b4c11921129cc5ae1,v2,target,standard,standard_g_control_repair_v2,G|LP0667|control,2
LP0669,G|LP0669|control|replicate_2|fmt_v2,G-c022bb860461eff5a2e3709391edce28a119bc72,2,baseball,control,full_questionnaire,google/gemma-4-31B-it,78079748,d81f87f94b0103534307425216db1f4779f7abccfe5ac75f43182c340f111726,74d0261f87eff9ccc4fca3878970ef0953157143e73eca90ee489fac8da16809,krsteski_demo_survey_adapted_v1,prompt_compiler_v2_split_g_f,c444a6eac0c7b6cd317bc71d70e09e8e9d8b0a57308ceb8b4c11921129cc5ae1,v2,target,standard,standard_g_control_repair_v2,G|LP0669|control,2
LP0672,G|LP0672|control|replicate_2|fmt_v2,G-7661d05551800928f31117f1489dc2e2056b57c8,2,baseball,control,full_questionnaire,google/gemma-4-31B-it,1044621780,5844d5fed5105141f700522ed71ce4a0ee06db09eea394d3a1d68ac98df8237a,87e3ccbe57528e4eff1e3b8bc29173f7bfb94429cf88915552a6975a5adc8377,krsteski_demo_survey_adapted_v1,prompt_compiler_v2_split_g_f,c444a6eac0c7b6cd317bc71d70e09e8e9d8b0a57308ceb8b4c11921129cc5ae1,v2,target,standard,standard_g_control_repair_v2,G|LP0672|control,2
LP0673,G|LP0673|control|replicate_2|fmt_v2,G-b476e536d7db99af4d5f27457789d3dd2d3dd817,3,dances,control,full_questionnaire,google/gemma-4-31B-it,1086940191,34f5ee3d15f0bfb96a17dea57c36749359a1f9016d63128e6a8cd1479ec102d0,4897a092734760fc83a0be70e50db9713cea4753e675bfbad82b50c37393f728,krsteski_demo_survey_adapted_v1,prompt_compiler_v2_split_g_f,c444a6eac0c7b6cd317bc71d70e09e8e9d8b0a57308ceb8b4c11921129cc5ae1,v2,target,standard,standard_g_control_repair_v2,G|LP0673|control,2
LP0675,G|LP0675|control|replicate_2|fmt_v2,G-bb26e488a899a55f7a0b9f3f4210a2f4674d759b,2,baseball,control,full_questionnaire,google/gemma-4-31B-it,518483571,72136169275b7202092cc261098fa879d93b3ef422d2e320b0e0431a8a403ac1,8e7e715dd759c9180343ac172b647c46fa3af0d9e1e5a240759b1b37312271fd,krsteski_demo_survey_adapted_v1,prompt_compiler_v2_split_g_f,c444a6eac0c7b6cd317bc71d70e09e8e9d8b0a57308ceb8b4c11921129cc5ae1,v2,target,standard,standard_g_control_repair_v2,G|LP0675|control,2
LP0676,G|LP0676|control|replicate_2|fmt_v2,G-fdcd2d90eb105878f34515262521c6fdd90eccd7,3,dances,control,full_questionnaire,google/gemma-4-31B-it,1722463133,b0c799cb5955b776b353b33398f7cba4c42f4729549fe0470c60050234428e4c,5fa9c5d12339c91d87f96d73e480501ad1881eb93d99fe7510f5c83832881ff9,krsteski_demo_survey_adapted_v1,prompt_compiler_v2_split_g_f,c444a6eac0c7b6cd317bc71d70e09e8e9d8b0a57308ceb8b4c11921129cc5ae1,v2,target,standard,standard_g_control_repair_v2,G|LP0676|control,2
LP0677,G|LP0677|control|replicate_2|fmt_v2,G-d49ffc7b413381000dc65cf6cbb2c6767eb5fe9b,3,dances,control,full_questionnaire,google/gemma-4-31B-it,1785952761,f774a3ee59074a57d55fc46fa3153272201bae51beefedda64fa8345e4770059,c51de1e63d334c33719959a966939471f82e96fd977dc745dafab433357af94e,krsteski_demo_survey_adapted_v1,prompt_compiler_v2_split_g_f,c444a6eac0c7b6cd317bc71d70e09e8e9d8b0a57308ceb8b4c11921129cc5ae1,v2,target,standard,standard_g_control_repair_v2,G|LP0677|control,2
LP0678,G|LP0678|control|replicate_2|fmt_v2,G-a287a6af59cd866e8ba60a849e719b8db2373ad4,3,dances,control,full_questionnaire,google/gemma-4-31B-it,517788623,e53dfd69ff0eeaf8d6a3e8ff0319834b1f166fd8f82c65ff468945358ced6237,74d0261f87eff9ccc4fca3878970ef0953157143e73eca90ee489fac8da16809,krsteski_demo_survey_adapted_v1,prompt_compiler_v2_split_g_f,c444a6eac0c7b6cd317bc71d70e09e8e9d8b0a57308ceb8b4c11921129cc5ae1,v2,target,standard,standard_g_control_repair_v2,G|LP0678|control,2
LP0679,G|LP0679|control|replicate_2|fmt_v2,G-ecbcf16b0dcc1fbb3bed8bf144afddc337efedd5,2,baseball,control,full_questionnaire,google/gemma-4-31B-it,1732641428,ef9196bd817e05eac66c0b5792748401b3d29d848132b165e229bd1a1fdf5cce,173ecccd0aeff9962c089cb3cf359fcbd1de1130be32d8d588600bc1195636c0,krsteski_demo_survey_adapted_v1,prompt_compiler_v2_split_g_f,c444a6eac0c7b6cd317bc71d70e09e8e9d8b0a57308ceb8b4c11921129cc5ae1,v2,target,standard,standard_g_control_repair_v2,G|LP0679|control,2
LP0682,G|LP0682|control|replicate_2|fmt_v2,G-25479fabc5adc094d30d38cb2f2d0fba3df75333,2,baseball,control,full_questionnaire,google/gemma-4-31B-it,272433132,859a4e989decd1212d0ab29d230ee32f2f277ba277ba5912a7933fe0ed97dd47,3a6b4726c68a7142023e8985d014aab4a053bd174a6937241e257bbcc4bddf1a,krsteski_demo_survey_adapted_v1,prompt_compiler_v2_split_g_f,c444a6eac0c7b6cd317bc71d70e09e8e9d8b0a57308ceb8b4c11921129cc5ae1,v2,target,standard,standard_g_control_repair_v2,G|LP0682|control,2
LP0684,G|LP0684|control|replicate_2|fmt_v2,G-6264085acc6dd2a24c83aca7c2109aed28f16ace,3,dances,control,full_questionnaire,google/gemma-4-31B-it,288744281,911db79246a9050d37351091f46545ffc7e7a57e78b6de746bdb2da496263409,536b2b3262ca523a85f2b4b957296a6e36a4a2d000b8568cabb4ee92efa12b30,krsteski_demo_survey_adapted_v1,prompt_compiler_v2_split_g_f,c444a6eac0c7b6cd317bc71d70e09e8e9d8b0a57308ceb8b4c11921129cc5ae1,v2,target,standard,standard_g_control_repair_v2,G|LP0684|control,2
LP0685,G|LP0685|control|replicate_2|fmt_v2,G-ebef938b1252ae3dcbcbc3e7bad91c6e87565e3f,2,baseball,control,full_questionnaire,google/gemma-4-31B-it,1781650774,8c49e17b264430b404d50f17372461d793cb924d06e5070af7b7b233f67e28bc,4517237dae7fb0a9cae3bd0f4644c208e026660ecbec2f92311ca839852c61c8,krsteski_demo_survey_adapted_v1,prompt_compiler_v2_split_g_f,c444a6eac0c7b6cd317bc71d70e09e8e9d8b0a57308ceb8b4c11921129cc5ae1,v2,target,standard,standard_g_control_repair_v2,G|LP0685|control,2
LP0686,G|LP0686|control|replicate_2|fmt_v2,G-28cfe6adfcc7675b0a50287bcb5b718b04109097,2,baseball,control,full_questionnaire,google/gemma-4-31B-it,1315386551,54716c130d721994cd3c1ba13cb9f7ace1798a95f6e3ef6e971e924974cc416e,1865ae993842eefc40d2c638ffcab1acd8a78c49899c0aa8962976d67f81d174,krsteski_demo_survey_adapted_v1,prompt_compiler_v2_split_g_f,c444a6eac0c7b6cd317bc71d70e09e8e9d8b0a57308ceb8b4c11921129cc5ae1,v2,target,standard,standard_g_control_repair_v2,G|LP0686|control,2
LP0687,G|LP0687|control|replicate_2|fmt_v2,G-6a05c9bcc1e87b0374f7cf57a95d8ce2f09ec860,3,dances,control,full_questionnaire,google/gemma-4-31B-it,368316030,b7d766dc57f55c49b20cd7f66be3be1438bd89425fca6babb963ce81883b375c,ab0fdf2f5a89282ad9bbbe710f0bce609804284bbc2b55b041f4bc61763c57e7,krsteski_demo_survey_adapted_v1,prompt_compiler_v2_split_g_f,c444a6eac0c7b6cd317bc71d70e09e8e9d8b0a57308ceb8b4c11921129cc5ae1,v2,target,standard,standard_g_control_repair_v2,G|LP0687|control,2
LP0688,G|LP0688|control|replicate_2|fmt_v2,G-b7477e28e00a824251bcb67a38f64f316c27a184,3,dances,control,full_questionnaire,google/gemma-4-31B-it,1318682262,a7d1554d256be27a3d68d4d6dad9aacba7e3f565b7eddaaf014cbcd9f8146717,6ba764af62e00471c67ba9fd361e9793a0a511d522c6713d370bfeb024754774,krsteski_demo_survey_adapted_v1,prompt_compiler_v2_split_g_f,c444a6eac0c7b6cd317bc71d70e09e8e9d8b0a57308ceb8b4c11921129cc5ae1,v2,target,standard,standard_g_control_repair_v2,G|LP0688|control,2
LP0689,G|LP0689|control|replicate_2|fmt_v2,G-740825be7d4ab1fd4fb2233e0e123019f400a67d,3,dances,control,full_questionnaire,google/gemma-4-31B-it,1700461947,bbcaba46578d75ece17fcfa936c4bf81549cb2296848cab7ae8149cfa20d6fcf,0dbe0028b8b567069f50a339d038e32ebe03239ce5b220686ba319356ec5b996,krsteski_demo_survey_adapted_v1,prompt_compiler_v2_split_g_f,c444a6eac0c7b6cd317bc71d70e09e8e9d8b0a57308ceb8b4c11921129cc5ae1,v2,target,standard,standard_g_control_repair_v2,G|LP0689|control,2
LP0690,G|LP0690|control|replicate_2|fmt_v2,G-fc85c72588f074961cff4937209ce64eb826d247,2,baseball,control,full_questionnaire,google/gemma-4-31B-it,33293029,a003befd634222fb234f49dad37d52eddd32fe79f5a6d3fd51143ce46129a583,853f096c4028ce32bde1cc3a3e5d063dfb2b094aaef91a731d8d49f02d9250c0,krsteski_demo_survey_adapted_v1,prompt_compiler_v2_split_g_f,c444a6eac0c7b6cd317bc71d70e09e8e9d8b0a57308ceb8b4c11921129cc5ae1,v2,target,standard,standard_g_control_repair_v2,G|LP0690|control,2
LP0693,G|LP0693|control|replicate_2|fmt_v2,G-a053a14e979154e5353106d973667ae4f8fd4f63,3,dances,control,full_questionnaire,google/gemma-4-31B-it,1480103812,058f91e47274a168660751c7b681f4464345d913ec66b626e34b574240d627b4,95182075b7a5116fadd4347fa6f598518a64e8b056a3893fea56ca5fadcf9451,krsteski_demo_survey_adapted_v1,prompt_compiler_v2_split_g_f,c444a6eac0c7b6cd317bc71d70e09e8e9d8b0a57308ceb8b4c11921129cc5ae1,v2,target,standard,standard_g_control_repair_v2,G|LP0693|control,2
LP0694,G|LP0694|control|replicate_2|fmt_v2,G-b166f0ef1b8578e04f9455d1b576bab08f96e1e3,2,baseball,control,full_questionnaire,google/gemma-4-31B-it,2119391936,c7661e1dfc0c6f05da0f6a1acc6a6b6ec9ed91071260580d1a5a42f38b0143b7,853f096c4028ce32bde1cc3a3e5d063dfb2b094aaef91a731d8d49f02d9250c0,krsteski_demo_survey_adapted_v1,prompt_compiler_v2_split_g_f,c444a6eac0c7b6cd317bc71d70e09e8e9d8b0a57308ceb8b4c11921129cc5ae1,v2,target,standard,standard_g_control_repair_v2,G|LP0694|control,2
LP0695,G|LP0695|control|replicate_2|fmt_v2,G-95433ada0e1e7db9e971841770ee07e7dcb58acb,2,baseball,control,full_questionnaire,google/gemma-4-31B-it,950334319,312ae547576cfa25767fd0f857c575116200076955cc9883377c442daf5bf1cf,66d1f25106ce7c11aeb7167353f0484e7141fbac7736e8a53f26d6cbd144f74b,krsteski_demo_survey_adapted_v1,prompt_compiler_v2_split_g_f,c444a6eac0c7b6cd317bc71d70e09e8e9d8b0a57308ceb8b4c11921129cc5ae1,v2,target,standard,standard_g_control_repair_v2,G|LP0695|control,2
LP0696,G|LP0696|control|replicate_2|fmt_v2,G-85ecbbfb5067bb09d4d2e6c8a2483992a3f7f4a9,3,dances,control,full_questionnaire,google/gemma-4-31B-it,1547776769,5f7a2f5f92cce4ec4ac11f32583b767d4120a5d8dd0aaf61ee9db9090451e5ed,3304ff7c132e8a83b1a8f34f0416065b7d23b685df0d4b4ea3fbbe793a93b8a4,krsteski_demo_survey_adapted_v1,prompt_compiler_v2_split_g_f,c444a6eac0c7b6cd317bc71d70e09e8e9d8b0a57308ceb8b4c11921129cc5ae1,v2,target,standard,standard_g_control_repair_v2,G|LP0696|control,2
LP0697,G|LP0697|control|replicate_2|fmt_v2,G-6baee313ba9c3f4f4602de6092685ac2c798cafe,2,baseball,control,full_questionnaire,google/gemma-4-31B-it,301598072,957dbb2223e01546483f28b02d0a08848d564876de8c03e36ee9cf0c6f98a106,6ba764af62e00471c67ba9fd361e9793a0a511d522c6713d370bfeb024754774,krsteski_demo_survey_adapted_v1,prompt_compiler_v2_split_g_f,c444a6eac0c7b6cd317bc71d70e09e8e9d8b0a57308ceb8b4c11921129cc5ae1,v2,target,standard,standard_g_control_repair_v2,G|LP0697|control,2
LP0699,G|LP0699|control|replicate_2|fmt_v2,G-dade7606612ae90d9942ba779ca80b7714e862d6,2,baseball,control,full_questionnaire,google/gemma-4-31B-it,384292125,40bd92c8dbd5ba6e433041d48497b9500bb586603fc043e7c7291209b7d361e3,836ae540379228fb1b138b09bde042a23465bc6274478052ed31080c6ac6a808,krsteski_demo_survey_adapted_v1,prompt_compiler_v2_split_g_f,c444a6eac0c7b6cd317bc71d70e09e8e9d8b0a57308ceb8b4c11921129cc5ae1,v2,target,standard,standard_g_control_repair_v2,G|LP0699|control,2
LP0700,G|LP0700|control|replicate_2|fmt_v2,G-973fbde2bbcf30486e79db7d00b5b199686a7b67,3,dances,control,full_questionnaire,google/gemma-4-31B-it,1783540751,efb8d3b13ad75d4bae6c21fa0b224d0548cd094fd9a6984ee86a9f1ed4ef4f3d,87e3ccbe57528e4eff1e3b8bc29173f7bfb94429cf88915552a6975a5adc8377,krsteski_demo_survey_adapted_v1,prompt_compiler_v2_split_g_f,c444a6eac0c7b6cd317bc71d70e09e8e9d8b0a57308ceb8b4c11921129cc5ae1,v2,target,standard,standard_g_control_repair_v2,G|LP0700|control,2
LP0701,G|LP0701|control|replicate_2|fmt_v2,G-7c44260b94728cb7ca871ebc1a97dd9702dfca11,2,baseball,control,full_questionnaire,google/gemma-4-31B-it,217766096,faf7cefbe0f8562b445c39437afde1084ad6250543f80fe0e6f4c6f0ba1149c5,67f928f7eae7a663276cf3e987e787b1c31608df9144e968e4714562c6b674d2,krsteski_demo_survey_adapted_v1,prompt_compiler_v2_split_g_f,c444a6eac0c7b6cd317bc71d70e09e8e9d8b0a57308ceb8b4c11921129cc5ae1,v2,target,standard,standard_g_control_repair_v2,G|LP0701|control,2
LP0702,G|LP0702|control|replicate_2|fmt_v2,G-e3926685b3ba9ac459b3ffff6706346423554f74,2,baseball,control,full_questionnaire,google/gemma-4-31B-it,2061461458,5591eae9b9b9eb893c9f3dd5a0c00fcb70f4cab511b19c6c327cd05e07a35632,2f283341263ece8bdda396bb0a7b492edf60ad6c271ad09efba29b9d8231244d,krsteski_demo_survey_adapted_v1,prompt_compiler_v2_split_g_f,c444a6eac0c7b6cd317bc71d70e09e8e9d8b0a57308ceb8b4c11921129cc5ae1,v2,target,standard,standard_g_control_repair_v2,G|LP0702|control,2
LP0703,G|LP0703|control|replicate_2|fmt_v2,G-1bb5fd0916c53785821485fed27e093252216770,3,dances,control,full_questionnaire,google/gemma-4-31B-it,1311846807,a2b97d612b71ad216bdc71db74bc788485c07e9e9fd5668043e4b065ba485fdc,87e3ccbe57528e4eff1e3b8bc29173f7bfb94429cf88915552a6975a5adc8377,krsteski_demo_survey_adapted_v1,prompt_compiler_v2_split_g_f,c444a6eac0c7b6cd317bc71d70e09e8e9d8b0a57308ceb8b4c11921129cc5ae1,v2,target,standard,standard_g_control_repair_v2,G|LP0703|control,2
LP0704,G|LP0704|control|replicate_2|fmt_v2,G-36962f5d15ea931faf90535d4f78e6f0f8883d43,2,baseball,control,full_questionnaire,google/gemma-4-31B-it,51835354,6ef7994bbba9e89a674afa3c94d9e8270d19b8a7a0c338dc432033b50eedf2b9,f6e79632b071296a8163c418ba80cacd2272850a3d280064326088189590fa0d,krsteski_demo_survey_adapted_v1,prompt_compiler_v2_split_g_f,c444a6eac0c7b6cd317bc71d70e09e8e9d8b0a57308ceb8b4c11921129cc5ae1,v2,target,standard,standard_g_control_repair_v2,G|LP0704|control,2
LP0705,G|LP0705|control|replicate_2|fmt_v2,G-d9bbb875a862a0e459c1a01e4adea9b953159a7e,2,baseball,control,full_questionnaire,google/gemma-4-31B-it,1541018066,f6fb195828899a637302797f21e923fb55a2348ef39a1cb3d5e105d24cf27ed7,c51de1e63d334c33719959a966939471f82e96fd977dc745dafab433357af94e,krsteski_demo_survey_adapted_v1,prompt_compiler_v2_split_g_f,c444a6eac0c7b6cd317bc71d70e09e8e9d8b0a57308ceb8b4c11921129cc5ae1,v2,target,standard,standard_g_control_repair_v2,G|LP0705|control,2
LP0706,G|LP0706|control|replicate_2|fmt_v2,G-eacdacb3953493304bf3ab20242d9ed712e628d0,3,dances,control,full_questionnaire,google/gemma-4-31B-it,1792011418,fc7aa5b00bfd73d579a21846047ae7ad21210cdbadcfb2554fe9efa89a6ae644,946056600450ab8cdd39a4bc8983792aef7b46b0b22a2395d1bf558a96e4097f,krsteski_demo_survey_adapted_v1,prompt_compiler_v2_split_g_f,c444a6eac0c7b6cd317bc71d70e09e8e9d8b0a57308ceb8b4c11921129cc5ae1,v2,target,standard,standard_g_control_repair_v2,G|LP0706|control,2
LP0708,G|LP0708|control|replicate_2|fmt_v2,G-b797914e582db26848b92d3bb3c08bcec993f683,3,dances,control,full_questionnaire,google/gemma-4-31B-it,1197266183,dd5d411a0df0ad173f24476de49619f635a1b379825d03f30919fdfbeaf2456a,6feadfccbbc4808c590f125a0262bff0e199d2611fb3f19e5bb6ab8e73c1c1f9,krsteski_demo_survey_adapted_v1,prompt_compiler_v2_split_g_f,c444a6eac0c7b6cd317bc71d70e09e8e9d8b0a57308ceb8b4c11921129cc5ae1,v2,target,standard,standard_g_control_repair_v2,G|LP0708|control,2
LP0711,G|LP0711|control|replicate_2|fmt_v2,G-dccdb23ccc46ec6b490c39b7939d6e3433bbfc62,3,dances,control,full_questionnaire,google/gemma-4-31B-it,98717928,67d30760407b0581d43c5f81d522343a99efeaed387a359adcaada6b2417e50e,f56353b83194586fe0399f9880caf29829d2c29e68cd12ecb39a9f31810f47f2,krsteski_demo_survey_adapted_v1,prompt_compiler_v2_split_g_f,c444a6eac0c7b6cd317bc71d70e09e8e9d8b0a57308ceb8b4c11921129cc5ae1,v2,target,standard,standard_g_control_repair_v2,G|LP0711|control,2
LP0712,G|LP0712|control|replicate_2|fmt_v2,G-4f26e28b7dee1ac9b93bb6720c7e129f824e5ae6,2,baseball,control,full_questionnaire,google/gemma-4-31B-it,473685985,e5fd66f400896fdfd64edeb4432ce065c72c75d92f12b0093ce3767b73337cda,4a8ccc2f7e458cc0e1100c7470299f3d0c02e4c01833b8a586127861fb98f104,krsteski_demo_survey_adapted_v1,prompt_compiler_v2_split_g_f,c444a6eac0c7b6cd317bc71d70e09e8e9d8b0a57308ceb8b4c11921129cc5ae1,v2,target,standard,standard_g_control_repair_v2,G|LP0712|control,2
LP0714,G|LP0714|control|replicate_2|fmt_v2,G-591dbda6e7b36828a6c34c0af7768fb1f4db09c7,2,baseball,control,full_questionnaire,google/gemma-4-31B-it,435086199,5f4fff7a0f2ad3dcaaf9c73eafb2f90cd4ec88a74096a64171e42e20293d4241,474dcc2f4540ab8c440c5d321fd62bada1e13ae588eff8a3de597721103e48e2,krsteski_demo_survey_adapted_v1,prompt_compiler_v2_split_g_f,c444a6eac0c7b6cd317bc71d70e09e8e9d8b0a57308ceb8b4c11921129cc5ae1,v2,target,standard,standard_g_control_repair_v2,G|LP0714|control,2
LP0716,G|LP0716|control|replicate_2|fmt_v2,G-cb14693f8a6011f7810c4878f67e87624184a8f3,3,dances,control,full_questionnaire,google/gemma-4-31B-it,545842297,3e04716e91311beab7f89f951ed8ff72edb46d1f33a1b1b35024dd5943d51b56,17e840beffca49f7aad5b74c0d2dd7f7d56596a8fce6f5e8ef555d0f04950118,krsteski_demo_survey_adapted_v1,prompt_compiler_v2_split_g_f,c444a6eac0c7b6cd317bc71d70e09e8e9d8b0a57308ceb8b4c11921129cc5ae1,v2,target,standard,standard_g_control_repair_v2,G|LP0716|control,2
LP0717,G|LP0717|control|replicate_2|fmt_v2,G-b170374711d402b064b1144d0ac06d55f012e7ba,3,dances,control,full_questionnaire,google/gemma-4-31B-it,1957982528,d0d2999563b797f4bc06794caa5e23dc0734b36c448afab524e9adb305882ea8,13f44cafbbb9216818e250c7abce4f36ba49a81c22772f0ee3ecd2cbc144eb30,krsteski_demo_survey_adapted_v1,prompt_compiler_v2_split_g_f,c444a6eac0c7b6cd317bc71d70e09e8e9d8b0a57308ceb8b4c11921129cc5ae1,v2,target,standard,standard_g_control_repair_v2,G|LP0717|control,2
LP0718,G|LP0718|control|replicate_2|fmt_v2,G-d5d54d5f2f77cc64da6c85f061488b7a23406a03,2,baseball,control,full_questionnaire,google/gemma-4-31B-it,1528981285,0c7517d086116e08eb9ac439450d8daae20d3913cb2f99d929af35443cd879b7,e2ee2a72a6087cb708bc62454b4554fd70a34d6862406aac6619a18ac01bdf3c,krsteski_demo_survey_adapted_v1,prompt_compiler_v2_split_g_f,c444a6eac0c7b6cd317bc71d70e09e8e9d8b0a57308ceb8b4c11921129cc5ae1,v2,target,standard,standard_g_control_repair_v2,G|LP0718|control,2
LP0719,G|LP0719|control|replicate_2|fmt_v2,G-8e8f7cc979d6ed51ddace3fd2485487ab4c29ec3,2,baseball,control,full_questionnaire,google/gemma-4-31B-it,385214182,c086852786327cc6de735bb52f1ec0e0715762875c699c5a15ba571bef3d99d4,f6e79632b071296a8163c418ba80cacd2272850a3d280064326088189590fa0d,krsteski_demo_survey_adapted_v1,prompt_compiler_v2_split_g_f,c444a6eac0c7b6cd317bc71d70e09e8e9d8b0a57308ceb8b4c11921129cc5ae1,v2,target,standard,standard_g_control_repair_v2,G|LP0719|control,2
LP0720,G|LP0720|control|replicate_2|fmt_v2,G-b81e51b720f5a6155900e6d47161e88cddfabb1b,2,baseball,control,full_questionnaire,google/gemma-4-31B-it,288508294,74cb260f5742ab814749cc95c5cb3c01832f5c7f5b795c9d2c079ad740987bde,13989d375cddadcde74b04df2f2b7a020012640c64914f315d5de4156b6f263d,krsteski_demo_survey_adapted_v1,prompt_compiler_v2_split_g_f,c444a6eac0c7b6cd317bc71d70e09e8e9d8b0a57308ceb8b4c11921129cc5ae1,v2,target,standard,standard_g_control_repair_v2,G|LP0720|control,2
LP0722,G|LP0722|control|replicate_2|fmt_v2,G-e0aa54f6505b569b677bccc77c9780353bc88580,3,dances,control,full_questionnaire,google/gemma-4-31B-it,296747147,b899bb772859ffe6095ff6edb1dce64832a6177db85282125798ac8d3da5c89a,5d30f16e2951aefaf7b1c06bab9f4dd3c4057df2aeefd34598c692d72f306507,krsteski_demo_survey_adapted_v1,prompt_compiler_v2_split_g_f,c444a6eac0c7b6cd317bc71d70e09e8e9d8b0a57308ceb8b4c11921129cc5ae1,v2,target,standard,standard_g_control_repair_v2,G|LP0722|control,2
LP0723,G|LP0723|control|replicate_2|fmt_v2,G-159ed9ed28dc3eef302082900ccd7fff134e5453,3,dances,control,full_questionnaire,google/gemma-4-31B-it,1410986697,86d082ebaa28b42f4a6f3ff9d18b71c45419f0d392c3032b383d1bbde8d17439,f00262b7a5392a5e50e5e2da8f63fc31bff82f766b1d063674f96d3355c10ae8,krsteski_demo_survey_adapted_v1,prompt_compiler_v2_split_g_f,c444a6eac0c7b6cd317bc71d70e09e8e9d8b0a57308ceb8b4c11921129cc5ae1,v2,target,standard,standard_g_control_repair_v2,G|LP0723|control,2
LP0728,G|LP0728|control|replicate_2|fmt_v2,G-0d2ab2885a368556e694afa982b99f28172e419e,2,baseball,control,full_questionnaire,google/gemma-4-31B-it,1955326566,ff8d507cd2f8551d9d5dbdb48e8c8c411b2f552acc4ca5bea0a6299dd19ec1ca,a9a17d71ff912bda5de0b51aa01d4899976866e2b7576a3599597ddb74247476,krsteski_demo_survey_adapted_v1,prompt_compiler_v2_split_g_f,c444a6eac0c7b6cd317bc71d70e09e8e9d8b0a57308ceb8b4c11921129cc5ae1,v2,target,standard,standard_g_control_repair_v2,G|LP0728|control,2
LP0729,G|LP0729|control|replicate_2|fmt_v2,G-2ee88384845e1e57cbbc3e6dd7ef0634ec3d1bc1,2,baseball,control,full_questionnaire,google/gemma-4-31B-it,1647256928,0430c6f45e073fcf1cb246533ba6ee182479c63bc5e3c02601568584f6823c3d,a688b9ec952f1287c03f1451368ae57ac298be14e4f128e7dbfbc419291ecfa2,krsteski_demo_survey_adapted_v1,prompt_compiler_v2_split_g_f,c444a6eac0c7b6cd317bc71d70e09e8e9d8b0a57308ceb8b4c11921129cc5ae1,v2,target,standard,standard_g_control_repair_v2,G|LP0729|control,2
LP0730,G|LP0730|control|replicate_2|fmt_v2,G-5f386de1538676a07e608c2f037fd37f44d4b71f,2,baseball,control,full_questionnaire,google/gemma-4-31B-it,301421156,7820dca7a1bcc363a3d0318ede3bac6f82ceb8c30cd709a9f3d8f9a0131a18c8,16d4ad8b4ba9bc852ad1e6f66bc24a4e56f325aed6e7a771e1c0ce67be639ae8,krsteski_demo_survey_adapted_v1,prompt_compiler_v2_split_g_f,c444a6eac0c7b6cd317bc71d70e09e8e9d8b0a57308ceb8b4c11921129cc5ae1,v2,target,standard,standard_g_control_repair_v2,G|LP0730|control,2
LP0732,G|LP0732|control|replicate_2|fmt_v2,G-f8c5f89a8e17401d32d7f5c014722a937d61cdfc,2,baseball,control,full_questionnaire,google/gemma-4-31B-it,2141401429,792b23cad9f0b31434616209b0c318f6aa4491391672291b1f613b67a4aba615,a9a17d71ff912bda5de0b51aa01d4899976866e2b7576a3599597ddb74247476,krsteski_demo_survey_adapted_v1,prompt_compiler_v2_split_g_f,c444a6eac0c7b6cd317bc71d70e09e8e9d8b0a57308ceb8b4c11921129cc5ae1,v2,target,standard,standard_g_control_repair_v2,G|LP0732|control,2
LP0733,G|LP0733|control|replicate_2|fmt_v2,G-b0e103f93bc37e04c4e9ffdbc98f19b033e9e055,3,dances,control,full_questionnaire,google/gemma-4-31B-it,495289849,a2aede8cc1ab1db73a95b249406c33aeabc2d0075515121dbb7881f6b8db2470,fbbc56f88dd5bf2e95ff22cb090715e0503730d14d3921a1a0ec383f5f08a57b,krsteski_demo_survey_adapted_v1,prompt_compiler_v2_split_g_f,c444a6eac0c7b6cd317bc71d70e09e8e9d8b0a57308ceb8b4c11921129cc5ae1,v2,target,standard,standard_g_control_repair_v2,G|LP0733|control,2
LP0734,G|LP0734|control|replicate_2|fmt_v2,G-104ad44b0689fcd9161f9df150918d256f2001a1,2,baseball,control,full_questionnaire,google/gemma-4-31B-it,656385391,8b01853d1072d830bd5b578dcd7344ac8dc8a7787d5829fa3ee7becec5ebbedc,dfb71e28c6622a7f57f8e1929f3fb975a9b78ecf42bded892bbd90aea7cce06d,krsteski_demo_survey_adapted_v1,prompt_compiler_v2_split_g_f,c444a6eac0c7b6cd317bc71d70e09e8e9d8b0a57308ceb8b4c11921129cc5ae1,v2,target,standard,standard_g_control_repair_v2,G|LP0734|control,2
LP0735,G|LP0735|control|replicate_2|fmt_v2,G-14eca082abf680dafd85518a3b66050f8b3bda9d,3,dances,control,full_questionnaire,google/gemma-4-31B-it,1439678943,82f96881cbb43f897c0a067c6660c6261de93bd184dc67fa163818a02e5ec5d6,f56353b83194586fe0399f9880caf29829d2c29e68cd12ecb39a9f31810f47f2,krsteski_demo_survey_adapted_v1,prompt_compiler_v2_split_g_f,c444a6eac0c7b6cd317bc71d70e09e8e9d8b0a57308ceb8b4c11921129cc5ae1,v2,target,standard,standard_g_control_repair_v2,G|LP0735|control,2
LP0737,G|LP0737|control|replicate_2|fmt_v2,G-54a9d8a97f00a13ecfdd3da2843e26b6dd269456,3,dances,control,full_questionnaire,google/gemma-4-31B-it,676614802,f54a55884c3cfe7e7af78f6a6f57f2f3201e687646f89ca880feb91de8ab3881,173ecccd0aeff9962c089cb3cf359fcbd1de1130be32d8d588600bc1195636c0,krsteski_demo_survey_adapted_v1,prompt_compiler_v2_split_g_f,c444a6eac0c7b6cd317bc71d70e09e8e9d8b0a57308ceb8b4c11921129cc5ae1,v2,target,standard,standard_g_control_repair_v2,G|LP0737|control,2
LP0738,G|LP0738|control|replicate_2|fmt_v2,G-bfbbad77f585e1f4d2200797c0fc0490b19b7be9,3,dances,control,full_questionnaire,google/gemma-4-31B-it,1962753254,c0c3379e652cfaf458b289b7fedf98e29b392f6cd474440b2a48adcc3d4d5903,11493604706794d63835530fa42668773c9769ba6a103753272c0e0a8193a9c0,krsteski_demo_survey_adapted_v1,prompt_compiler_v2_split_g_f,c444a6eac0c7b6cd317bc71d70e09e8e9d8b0a57308ceb8b4c11921129cc5ae1,v2,target,standard,standard_g_control_repair_v2,G|LP0738|control,2
LP0743,G|LP0743|control|replicate_2|fmt_v2,G-48ab535ee19d078a33687cc4f927c291a819fca6,2,baseball,control,full_questionnaire,google/gemma-4-31B-it,1928572488,1f65b816c74b6788265cb20c7d75e9297c145ff3b97c7b669ccfaac7a1b047ae,599a09c94f6e6e7dd38e95c8afce7299b552c3d90041fc7deee312261c093509,krsteski_demo_survey_adapted_v1,prompt_compiler_v2_split_g_f,c444a6eac0c7b6cd317bc71d70e09e8e9d8b0a57308ceb8b4c11921129cc5ae1,v2,target,standard,standard_g_control_repair_v2,G|LP0743|control,2
LP0745,G|LP0745|control|replicate_2|fmt_v2,G-3b895837553235dc5854372e2390fe339f447e35,3,dances,control,full_questionnaire,google/gemma-4-31B-it,1279583819,0a18bb79929f3921f68a881e1893314bed06d3a2f8bff73edef365e3f182af22,95688658f8b8d47c9c8d7024f11cc7e497e661699b9a28d72142533133efe8cd,krsteski_demo_survey_adapted_v1,prompt_compiler_v2_split_g_f,c444a6eac0c7b6cd317bc71d70e09e8e9d8b0a57308ceb8b4c11921129cc5ae1,v2,target,standard,standard_g_control_repair_v2,G|LP0745|control,2
LP0746,G|LP0746|control|replicate_2|fmt_v2,G-df565ec4ed59dbdb88e28957eafef0dc3ed86b26,2,baseball,control,full_questionnaire,google/gemma-4-31B-it,738629992,13c9ee6596f7ba0f16858b45c820140a439807e59b22777f6adf60d7449fd67f,d94445606cda6c5048271412ed232f3610e9b3a57806f6bf4039d733c88da962,krsteski_demo_survey_adapted_v1,prompt_compiler_v2_split_g_f,c444a6eac0c7b6cd317bc71d70e09e8e9d8b0a57308ceb8b4c11921129cc5ae1,v2,target,standard,standard_g_control_repair_v2,G|LP0746|control,2
LP0747,G|LP0747|control|replicate_2|fmt_v2,G-d9705ec34e7cc7f6e16e3262c66ca10f0493a701,3,dances,control,full_questionnaire,google/gemma-4-31B-it,22906240,9aac504a7b11c98d5f628fee33af92f4502e805d50de8022aa1383d6e1725e32,6feadfccbbc4808c590f125a0262bff0e199d2611fb3f19e5bb6ab8e73c1c1f9,krsteski_demo_survey_adapted_v1,prompt_compiler_v2_split_g_f,c444a6eac0c7b6cd317bc71d70e09e8e9d8b0a57308ceb8b4c11921129cc5ae1,v2,target,standard,standard_g_control_repair_v2,G|LP0747|control,2
LP0749,G|LP0749|control|replicate_2|fmt_v2,G-bbf0c3ec7e03d33a0eab4d878aae768164c779b6,3,dances,control,full_questionnaire,google/gemma-4-31B-it,1977965333,f93b43809a67370caf3fbbd14c8a06205473c8aa128a0f23431e3808073eef6d,df3cffc3387d2d032d676be1885201bdab5635202d3ecd7c397542171469c65d,krsteski_demo_survey_adapted_v1,prompt_compiler_v2_split_g_f,c444a6eac0c7b6cd317bc71d70e09e8e9d8b0a57308ceb8b4c11921129cc5ae1,v2,target,standard,standard_g_control_repair_v2,G|LP0749|control,2
LP0751,G|LP0751|control|replicate_2|fmt_v2,G-526af022b74b6555817627a5447d6e655e7aeafb,3,dances,control,full_questionnaire,google/gemma-4-31B-it,1545684379,5eb46a16abfd38a362a8a8de77af39788616d7039ea74457790b44e449e9d722,06dacff0aa08906ba0f9d1ef4b1fdfe13303366770b5330b94ec6687a7a2a0fc,krsteski_demo_survey_adapted_v1,prompt_compiler_v2_split_g_f,c444a6eac0c7b6cd317bc71d70e09e8e9d8b0a57308ceb8b4c11921129cc5ae1,v2,target,standard,standard_g_control_repair_v2,G|LP0751|control,2
LP0752,G|LP0752|control|replicate_2|fmt_v2,G-068bde7a981163653b234ec16dd9d7b9f5cbd65c,3,dances,control,full_questionnaire,google/gemma-4-31B-it,623452250,cc3ef93ea224fd13250563a4004227c69472085e941841feb02918938b046b95,946056600450ab8cdd39a4bc8983792aef7b46b0b22a2395d1bf558a96e4097f,krsteski_demo_survey_adapted_v1,prompt_compiler_v2_split_g_f,c444a6eac0c7b6cd317bc71d70e09e8e9d8b0a57308ceb8b4c11921129cc5ae1,v2,target,standard,standard_g_control_repair_v2,G|LP0752|control,2
LP0754,G|LP0754|control|replicate_2|fmt_v2,G-8b531b105ff7a2eebc9201a6842e732f416d6e60,2,baseball,control,full_questionnaire,google/gemma-4-31B-it,1990056208,c6f5f5bfd5cfa97f7a5a5e453cbc0f1e7fc9fdaa664bb6f4e5ea69e9520b7e86,bcaa458f2e7f821091248e7ba1d70324b9f438036e522008260e589262a97ed5,krsteski_demo_survey_adapted_v1,prompt_compiler_v2_split_g_f,c444a6eac0c7b6cd317bc71d70e09e8e9d8b0a57308ceb8b4c11921129cc5ae1,v2,target,standard,standard_g_control_repair_v2,G|LP0754|control,2
LP0755,G|LP0755|control|replicate_2|fmt_v2,G-3985fd159fa05cb5c96224f8185e2540a93844d7,2,baseball,control,full_questionnaire,google/gemma-4-31B-it,313284321,f2f806d34ddfc4bef8ff008c607114497f47f2ae70fc143406e3eb621c74e148,2f283341263ece8bdda396bb0a7b492edf60ad6c271ad09efba29b9d8231244d,krsteski_demo_survey_adapted_v1,prompt_compiler_v2_split_g_f,c444a6eac0c7b6cd317bc71d70e09e8e9d8b0a57308ceb8b4c11921129cc5ae1,v2,target,standard,standard_g_control_repair_v2,G|LP0755|control,2
LP0756,G|LP0756|control|replicate_2|fmt_v2,G-3e79cf4f81f2c1266564e0c6e7f86e89516c06ce,3,dances,control,full_questionnaire,google/gemma-4-31B-it,2129027013,98685b8a590f41fcf084e220682097623550511cee261690bd82e4b7ded35bd0,b94c312a590c3cfbae7cd101855634562f5848e6188b75661c550375cf17fa00,krsteski_demo_survey_adapted_v1,prompt_compiler_v2_split_g_f,c444a6eac0c7b6cd317bc71d70e09e8e9d8b0a57308ceb8b4c11921129cc5ae1,v2,target,standard,standard_g_control_repair_v2,G|LP0756|control,2
LP0757,G|LP0757|control|replicate_2|fmt_v2,G-6f5d029bfe060b1cd602403603d3c53084fadf31,2,baseball,control,full_questionnaire,google/gemma-4-31B-it,1556090965,46f930c71004f87c9334ad6168ce97d12bc1dcfa6fd611a51189801f34ba3969,4517237dae7fb0a9cae3bd0f4644c208e026660ecbec2f92311ca839852c61c8,krsteski_demo_survey_adapted_v1,prompt_compiler_v2_split_g_f,c444a6eac0c7b6cd317bc71d70e09e8e9d8b0a57308ceb8b4c11921129cc5ae1,v2,target,standard,standard_g_control_repair_v2,G|LP0757|control,2
LP0759,G|LP0759|control|replicate_2|fmt_v2,G-b2972740b58692378cdf365f076ad3b4459931fb,3,dances,control,full_questionnaire,google/gemma-4-31B-it,448061627,223f744b7d2571cfd88699f02bc63243b022b20caaa9f3d5b69642c2e834494d,ba628fff9d615d282866977122010efd6fa93fab5aaa45475b908a23302e7147,krsteski_demo_survey_adapted_v1,prompt_compiler_v2_split_g_f,c444a6eac0c7b6cd317bc71d70e09e8e9d8b0a57308ceb8b4c11921129cc5ae1,v2,target,standard,standard_g_control_repair_v2,G|LP0759|control,2
LP0760,G|LP0760|control|replicate_2|fmt_v2,G-c399e9cbae36d30bf4b0eea3a6d44977cddcb4ea,2,baseball,control,full_questionnaire,google/gemma-4-31B-it,896181925,db33e5ff25d1075a38c1c47fc994c8fcc9b60e6420455415f669415ef5aac6e8,117eba8f4c7414846d5cd02a8fc4387fef2de7f0d7ef18044944cf9132587b2e,krsteski_demo_survey_adapted_v1,prompt_compiler_v2_split_g_f,c444a6eac0c7b6cd317bc71d70e09e8e9d8b0a57308ceb8b4c11921129cc5ae1,v2,target,standard,standard_g_control_repair_v2,G|LP0760|control,2
LP0761,G|LP0761|control|replicate_2|fmt_v2,G-ee8324255b03e170fc29f9c333ecc17e4185e185,3,dances,control,full_questionnaire,google/gemma-4-31B-it,940190142,599cb7823371473e691281a0be75cff4ff3d79e08e7d3f84fce38372470d41d6,173ecccd0aeff9962c089cb3cf359fcbd1de1130be32d8d588600bc1195636c0,krsteski_demo_survey_adapted_v1,prompt_compiler_v2_split_g_f,c444a6eac0c7b6cd317bc71d70e09e8e9d8b0a57308ceb8b4c11921129cc5ae1,v2,target,standard,standard_g_control_repair_v2,G|LP0761|control,2
LP0763,G|LP0763|control|replicate_2|fmt_v2,G-e905f0766d2eb15783dcae52f90d697f9a1247e7,3,dances,control,full_questionnaire,google/gemma-4-31B-it,1060803143,f0e58a0da522a30df27140901fcd25e0a96d97c88405b1964069fc6eca4eb49e,1b07eaf8f85592402e7e5f561d8bfeec6994a446ac0964baee802b86d4a80bed,krsteski_demo_survey_adapted_v1,prompt_compiler_v2_split_g_f,c444a6eac0c7b6cd317bc71d70e09e8e9d8b0a57308ceb8b4c11921129cc5ae1,v2,target,standard,standard_g_control_repair_v2,G|LP0763|control,2
LP0764,G|LP0764|control|replicate_2|fmt_v2,G-3d09f4caac3481d46945bb2ffcd9b25fbf2129d9,2,baseball,control,full_questionnaire,google/gemma-4-31B-it,642280298,77910cb8c7fb3486b7ce2b1eae4441555d14bd35296433456714490e0b4d3c64,599a09c94f6e6e7dd38e95c8afce7299b552c3d90041fc7deee312261c093509,krsteski_demo_survey_adapted_v1,prompt_compiler_v2_split_g_f,c444a6eac0c7b6cd317bc71d70e09e8e9d8b0a57308ceb8b4c11921129cc5ae1,v2,target,standard,standard_g_control_repair_v2,G|LP0764|control,2
LP0765,G|LP0765|control|replicate_2|fmt_v2,G-a9f44375231c2cf9870c79ab91ca4ea8b2f4e91f,2,baseball,control,full_questionnaire,google/gemma-4-31B-it,1996796901,213014df0d464e66f8a628f42219558163a4347fbd4ad90b835c2bb24938e6e6,ce3b12f67162193273173eb5c423f358ddbe4dda97d36577a23559e00d93cb31,krsteski_demo_survey_adapted_v1,prompt_compiler_v2_split_g_f,c444a6eac0c7b6cd317bc71d70e09e8e9d8b0a57308ceb8b4c11921129cc5ae1,v2,target,standard,standard_g_control_repair_v2,G|LP0765|control,2
LP0766,G|LP0766|control|replicate_2|fmt_v2,G-f52ec2c16ee441af169efe5243ef6a71d40b35ac,3,dances,control,full_questionnaire,google/gemma-4-31B-it,1497483061,217381691d0d9a6c4fcc5ebed6fced9f087242be2e4a057d8fe69cda70fa41d5,38100cc560603e43ed744254d8c1715e1a1d5a6fa5e1c8a010014062402c5b35,krsteski_demo_survey_adapted_v1,prompt_compiler_v2_split_g_f,c444a6eac0c7b6cd317bc71d70e09e8e9d8b0a57308ceb8b4c11921129cc5ae1,v2,target,standard,standard_g_control_repair_v2,G|LP0766|control,2
LP0767,G|LP0767|control|replicate_2|fmt_v2,G-3a84a483746b75aed770261c7478444f7ad4ae19,2,baseball,control,full_questionnaire,google/gemma-4-31B-it,1769258677,fc08eb3de58c0ecd4691ab33055af61fa7f33cfcd26fc5eeec049650cb54b1f1,43a32bec9f104cf7990ac5b02ac38a79d821c22135a39d2fd6e8320eb1e11c1f,krsteski_demo_survey_adapted_v1,prompt_compiler_v2_split_g_f,c444a6eac0c7b6cd317bc71d70e09e8e9d8b0a57308ceb8b4c11921129cc5ae1,v2,target,standard,standard_g_control_repair_v2,G|LP0767|control,2
LP0768,G|LP0768|control|replicate_2|fmt_v2,G-2f54712e8abf13c43ca7d74754514817cd4573b5,3,dances,control,full_questionnaire,google/gemma-4-31B-it,1768420897,2c7dd46d4bae26fbac556b433da150f582ccbe32a760a42e33c8c6c86c9dd61b,c1a00b8991d83388f8675b3b6ccfd8954874fb030e040187297e6ac10f469390,krsteski_demo_survey_adapted_v1,prompt_compiler_v2_split_g_f,c444a6eac0c7b6cd317bc71d70e09e8e9d8b0a57308ceb8b4c11921129cc5ae1,v2,target,standard,standard_g_control_repair_v2,G|LP0768|control,2
LP0769,G|LP0769|control|replicate_2|fmt_v2,G-f23124a75cc47d69015de3b2d6053390798d71a8,2,baseball,control,full_questionnaire,google/gemma-4-31B-it,1093060283,05cb1cc7c97bb59bf8947023376fa0289a64925d6379442400d9fdfdad14d73d,11493604706794d63835530fa42668773c9769ba6a103753272c0e0a8193a9c0,krsteski_demo_survey_adapted_v1,prompt_compiler_v2_split_g_f,c444a6eac0c7b6cd317bc71d70e09e8e9d8b0a57308ceb8b4c11921129cc5ae1,v2,target,standard,standard_g_control_repair_v2,G|LP0769|control,2
LP0770,G|LP0770|control|replicate_2|fmt_v2,G-595e866667d6307998d0ba73625a328ba70fa812,2,baseball,control,full_questionnaire,google/gemma-4-31B-it,445857095,91b16257116db9866583d2f1fce7a28dc5eafdcbf911fcf74bfdb36231c9cb57,0dbe0028b8b567069f50a339d038e32ebe03239ce5b220686ba319356ec5b996,krsteski_demo_survey_adapted_v1,prompt_compiler_v2_split_g_f,c444a6eac0c7b6cd317bc71d70e09e8e9d8b0a57308ceb8b4c11921129cc5ae1,v2,target,standard,standard_g_control_repair_v2,G|LP0770|control,2
LP0771,G|LP0771|control|replicate_2|fmt_v2,G-013c99af6cf466536b1d96c803bd3c97744e7c60,3,dances,control,full_questionnaire,google/gemma-4-31B-it,1869453745,a590774e311e54a9a51e73f3716e7c4ad9632a67ca064b69889e7fdc0793b838,8e7e715dd759c9180343ac172b647c46fa3af0d9e1e5a240759b1b37312271fd,krsteski_demo_survey_adapted_v1,prompt_compiler_v2_split_g_f,c444a6eac0c7b6cd317bc71d70e09e8e9d8b0a57308ceb8b4c11921129cc5ae1,v2,target,standard,standard_g_control_repair_v2,G|LP0771|control,2
LP0772,G|LP0772|control|replicate_2|fmt_v2,G-f61bbe639d16e1a81cd0c0a16b06a372d38c04a5,3,dances,control,full_questionnaire,google/gemma-4-31B-it,156130931,d1e262205e188119636469ab8e445a9775e78126489c1c748b7e5069d3690ef5,95182075b7a5116fadd4347fa6f598518a64e8b056a3893fea56ca5fadcf9451,krsteski_demo_survey_adapted_v1,prompt_compiler_v2_split_g_f,c444a6eac0c7b6cd317bc71d70e09e8e9d8b0a57308ceb8b4c11921129cc5ae1,v2,target,standard,standard_g_control_repair_v2,G|LP0772|control,2
LP0773,G|LP0773|control|replicate_2|fmt_v2,G-ed297a932d64cc7f7c399d0cb8efba27b8c3c15b,2,baseball,control,full_questionnaire,google/gemma-4-31B-it,129483177,e856c8a7e7608735396e423ccb3e37364f1fcf3d5fb42a2504f3fcfa0090eec4,6feadfccbbc4808c590f125a0262bff0e199d2611fb3f19e5bb6ab8e73c1c1f9,krsteski_demo_survey_adapted_v1,prompt_compiler_v2_split_g_f,c444a6eac0c7b6cd317bc71d70e09e8e9d8b0a57308ceb8b4c11921129cc5ae1,v2,target,standard,standard_g_control_repair_v2,G|LP0773|control,2
LP0774,G|LP0774|control|replicate_2|fmt_v2,G-fa99b75d0e169a3b3df87f21375bea1350f85db7,2,baseball,control,full_questionnaire,google/gemma-4-31B-it,55183609,7299bdf6a37686bcdddee22e4f83060715172616a90034a81a601f36c0fa1eab,0ef02b32aed358d516241279906311825ac5c362ffa58bf89f0cff5706ab6858,krsteski_demo_survey_adapted_v1,prompt_compiler_v2_split_g_f,c444a6eac0c7b6cd317bc71d70e09e8e9d8b0a57308ceb8b4c11921129cc5ae1,v2,target,standard,standard_g_control_repair_v2,G|LP0774|control,2
LP0776,G|LP0776|control|replicate_2|fmt_v2,G-e68a6f40616ba7e0ff30d6b21bf82dfbdd28e30f,3,dances,control,full_questionnaire,google/gemma-4-31B-it,780174948,f9e1f7911ea76dacd0b3f99ffb05d6795f056d8f5b85cacac92bdd68af518f10,6ba764af62e00471c67ba9fd361e9793a0a511d522c6713d370bfeb024754774,krsteski_demo_survey_adapted_v1,prompt_compiler_v2_split_g_f,c444a6eac0c7b6cd317bc71d70e09e8e9d8b0a57308ceb8b4c11921129cc5ae1,v2,target,standard,standard_g_control_repair_v2,G|LP0776|control,2
LP0779,G|LP0779|control|replicate_2|fmt_v2,G-4cb8fbd91052e96b737e049c1134366b47dd192d,3,dances,control,full_questionnaire,google/gemma-4-31B-it,700768542,311516ae9fc9fc3840426b39fbed2e8389e95d4fb88519e1cd4f45259efde84f,173ecccd0aeff9962c089cb3cf359fcbd1de1130be32d8d588600bc1195636c0,krsteski_demo_survey_adapted_v1,prompt_compiler_v2_split_g_f,c444a6eac0c7b6cd317bc71d70e09e8e9d8b0a57308ceb8b4c11921129cc5ae1,v2,target,standard,standard_g_control_repair_v2,G|LP0779|control,2
LP0780,G|LP0780|control|replicate_2|fmt_v2,G-16c92645da0046f93db7b9c08102ab7674d7aaf7,2,baseball,control,full_questionnaire,google/gemma-4-31B-it,127046533,6ed4dc806d1f4d9a063479aa345c38ce09d758ea92a131609fb9f85216128514,c9f997b775e548ba417a5910bd5850278f5ab015be7bb45f59d26a44b9ca7485,krsteski_demo_survey_adapted_v1,prompt_compiler_v2_split_g_f,c444a6eac0c7b6cd317bc71d70e09e8e9d8b0a57308ceb8b4c11921129cc5ae1,v2,target,standard,standard_g_control_repair_v2,G|LP0780|control,2
LP0783,G|LP0783|control|replicate_2|fmt_v2,G-5f5f67890bf9f86c46577076dc5a35e607dbe523,3,dances,control,full_questionnaire,google/gemma-4-31B-it,1253623679,34aacea90759353eaf9d89009fd698fa9d00d9fdf93720f78c5551ce3bb62033,5f7d07b470b54a5cafb17164344fd857d32476ff684398def613e82b6b9c0584,krsteski_demo_survey_adapted_v1,prompt_compiler_v2_split_g_f,c444a6eac0c7b6cd317bc71d70e09e8e9d8b0a57308ceb8b4c11921129cc5ae1,v2,target,standard,standard_g_control_repair_v2,G|LP0783|control,2
LP0784,G|LP0784|control|replicate_2|fmt_v2,G-a8ef4e0280ea8d61e722e3afe0180c136fa4b76b,3,dances,control,full_questionnaire,google/gemma-4-31B-it,1388915048,185705235283984b6108a6f19d415ca2a2073ec72b60c86c5c5fd584886c71de,38100cc560603e43ed744254d8c1715e1a1d5a6fa5e1c8a010014062402c5b35,krsteski_demo_survey_adapted_v1,prompt_compiler_v2_split_g_f,c444a6eac0c7b6cd317bc71d70e09e8e9d8b0a57308ceb8b4c11921129cc5ae1,v2,target,standard,standard_g_control_repair_v2,G|LP0784|control,2
LP0785,G|LP0785|control|replicate_2|fmt_v2,G-2c6f27bf6fa4a524bfae9fe7bbf679cd44422fb0,3,dances,control,full_questionnaire,google/gemma-4-31B-it,1216541859,b8b75096bc8c5d49ccc6e478e5b1ce8c5ab1ffb278bff7eae02641ae87ebac4b,bf3e5625dc83f7370033718135e964227208097764f3a01b0a10ed78998bf82a,krsteski_demo_survey_adapted_v1,prompt_compiler_v2_split_g_f,c444a6eac0c7b6cd317bc71d70e09e8e9d8b0a57308ceb8b4c11921129cc5ae1,v2,target,standard,standard_g_control_repair_v2,G|LP0785|control,2
LP0787,G|LP0787|control|replicate_2|fmt_v2,G-798903efc411ab5192aae6160cc578a4f2e03849,3,dances,control,full_questionnaire,google/gemma-4-31B-it,925086514,7b7d8620f672b089ba28f4ff9609d62a7f90fdb1c1f84bcb202120208621bffa,946056600450ab8cdd39a4bc8983792aef7b46b0b22a2395d1bf558a96e4097f,krsteski_demo_survey_adapted_v1,prompt_compiler_v2_split_g_f,c444a6eac0c7b6cd317bc71d70e09e8e9d8b0a57308ceb8b4c11921129cc5ae1,v2,target,standard,standard_g_control_repair_v2,G|LP0787|control,2
LP0789,G|LP0789|control|replicate_2|fmt_v2,G-e89c5f32eaafd6792af70b0eab509d2cefaffd8d,3,dances,control,full_questionnaire,google/gemma-4-31B-it,1005098210,c8983b45baff99b6d223e507f89edc6227034745781fc74951e692cbdbb4c3ae,d94445606cda6c5048271412ed232f3610e9b3a57806f6bf4039d733c88da962,krsteski_demo_survey_adapted_v1,prompt_compiler_v2_split_g_f,c444a6eac0c7b6cd317bc71d70e09e8e9d8b0a57308ceb8b4c11921129cc5ae1,v2,target,standard,standard_g_control_repair_v2,G|LP0789|control,2
LP0794,G|LP0794|control|replicate_2|fmt_v2,G-9898a6d49274040ee7eee1271c8a5ae4d1971dde,2,baseball,control,full_questionnaire,google/gemma-4-31B-it,1134907833,fbed1b6399c6cf948d2c31da0b000d600c8071bd6425ac346010e3cb9cd30ed9,f6e79632b071296a8163c418ba80cacd2272850a3d280064326088189590fa0d,krsteski_demo_survey_adapted_v1,prompt_compiler_v2_split_g_f,c444a6eac0c7b6cd317bc71d70e09e8e9d8b0a57308ceb8b4c11921129cc5ae1,v2,target,standard,standard_g_control_repair_v2,G|LP0794|control,2
LP0795,G|LP0795|control|replicate_2|fmt_v2,G-28230c2dad9670b8f05b8b2ce3066987bcade75b,2,baseball,control,full_questionnaire,google/gemma-4-31B-it,2111605011,a6dad700dfb2a35029fecc28216f1ad82ad1a41c4a565d3d505bc00dd4c9e998,45007adcb7552b0ad78c6d372e2e4b3d0b436e6ac933569a7062c190daa75257,krsteski_demo_survey_adapted_v1,prompt_compiler_v2_split_g_f,c444a6eac0c7b6cd317bc71d70e09e8e9d8b0a57308ceb8b4c11921129cc5ae1,v2,target,standard,standard_g_control_repair_v2,G|LP0795|control,2
LP0797,G|LP0797|control|replicate_2|fmt_v2,G-bab6ae9ca7836aa98b1bbd61273ce4a65ad39bff,3,dances,control,full_questionnaire,google/gemma-4-31B-it,485541861,8469beeb3a72124892659d255e923a423395efa9370382d2c4d68590f82c1548,0ef02b32aed358d516241279906311825ac5c362ffa58bf89f0cff5706ab6858,krsteski_demo_survey_adapted_v1,prompt_compiler_v2_split_g_f,c444a6eac0c7b6cd317bc71d70e09e8e9d8b0a57308ceb8b4c11921129cc5ae1,v2,target,standard,standard_g_control_repair_v2,G|LP0797|control,2
LP0798,G|LP0798|control|replicate_2|fmt_v2,G-05325b16428973e6bbb829ad1ad75b208f598d80,2,baseball,control,full_questionnaire,google/gemma-4-31B-it,1290676754,58b7f4330a077358ec5388eab7b6eff06cc84240b78a05961dc12bb51b6a0247,9965dbbd78907789b090a31a64821edc5afb4e49243f6dc0e4ad9272a342ff5d,krsteski_demo_survey_adapted_v1,prompt_compiler_v2_split_g_f,c444a6eac0c7b6cd317bc71d70e09e8e9d8b0a57308ceb8b4c11921129cc5ae1,v2,target,standard,standard_g_control_repair_v2,G|LP0798|control,2
LP0799,G|LP0799|control|replicate_2|fmt_v2,G-7b21f320e54aeebec1f01e1836b2cbfd515b92c1,3,dances,control,full_questionnaire,google/gemma-4-31B-it,1536087297,de5f98010786a294c21f5d313659c92c51b00dbac15465deba075f878a2188a4,64f9451098cc990fe352150828d3e8291a59504e7c37ea76f5286ec92543c90a,krsteski_demo_survey_adapted_v1,prompt_compiler_v2_split_g_f,c444a6eac0c7b6cd317bc71d70e09e8e9d8b0a57308ceb8b4c11921129cc5ae1,v2,target,standard,standard_g_control_repair_v2,G|LP0799|control,2
LP0801,G|LP0801|control|replicate_2|fmt_v2,G-042518ecc89fc8e0538523ac9483f8c36935126e,3,dances,control,full_questionnaire,google/gemma-4-31B-it,1357511353,e3e6ad068cffbb4e8251a1858b3ef7bf2ed44fb3842aa3210c93383520db8a9b,068108676f2e404236b07752d50bc23456d2d02039f57d47f9fe2fa2854974e6,krsteski_demo_survey_adapted_v1,prompt_compiler_v2_split_g_f,c444a6eac0c7b6cd317bc71d70e09e8e9d8b0a57308ceb8b4c11921129cc5ae1,v2,target,standard,standard_g_control_repair_v2,G|LP0801|control,2
LP0802,G|LP0802|control|replicate_2|fmt_v2,G-38eeee649b30e06f1bd730484bc79a1d3237f168,2,baseball,control,full_questionnaire,google/gemma-4-31B-it,219069753,335804e311b33aceee1948dabb7b336939f03a15770edb6aac9a20dfb4519c3e,4897a092734760fc83a0be70e50db9713cea4753e675bfbad82b50c37393f728,krsteski_demo_survey_adapted_v1,prompt_compiler_v2_split_g_f,c444a6eac0c7b6cd317bc71d70e09e8e9d8b0a57308ceb8b4c11921129cc5ae1,v2,target,standard,standard_g_control_repair_v2,G|LP0802|control,2
LP0803,G|LP0803|control|replicate_2|fmt_v2,G-9d5d595c1447340818794904df4668f7bc0aed73,2,baseball,control,full_questionnaire,google/gemma-4-31B-it,1325524674,57a6cf3bf4c86a787d46a5e11ac3e085ee40b637425888f10f68d064c1381b5c,a430dbbf34b816898bb407dfdff9deeea73cb3ae037f712aed97b95f55f3667f,krsteski_demo_survey_adapted_v1,prompt_compiler_v2_split_g_f,c444a6eac0c7b6cd317bc71d70e09e8e9d8b0a57308ceb8b4c11921129cc5ae1,v2,target,standard,standard_g_control_repair_v2,G|LP0803|control,2
LP0804,G|LP0804|control|replicate_2|fmt_v2,G-fe1e5d720c834afe45581982e9d5473af5e6bc24,3,dances,control,full_questionnaire,google/gemma-4-31B-it,146802150,fbee61ffb9378c7c8abdd91141dceb9b3be0ee6618e365b15c4a9b56f7a676b4,b0580f5fb9141397ecf377b40e8d1778ea4457ec196d7fea02c80181030893fe,krsteski_demo_survey_adapted_v1,prompt_compiler_v2_split_g_f,c444a6eac0c7b6cd317bc71d70e09e8e9d8b0a57308ceb8b4c11921129cc5ae1,v2,target,standard,standard_g_control_repair_v2,G|LP0804|control,2
LP0806,G|LP0806|control|replicate_2|fmt_v2,G-5ce329eb9c21e6ef3da304fab414acf1b216d419,3,dances,control,full_questionnaire,google/gemma-4-31B-it,1441282759,948a31e8b3e1b2394106419aba33884ac75eff12070ab843fe9393dbac8d50d2,16d4ad8b4ba9bc852ad1e6f66bc24a4e56f325aed6e7a771e1c0ce67be639ae8,krsteski_demo_survey_adapted_v1,prompt_compiler_v2_split_g_f,c444a6eac0c7b6cd317bc71d70e09e8e9d8b0a57308ceb8b4c11921129cc5ae1,v2,target,standard,standard_g_control_repair_v2,G|LP0806|control,2
LP0811,G|LP0811|control|replicate_2|fmt_v2,G-861e95b24cfe732184a797e99321937edf2b59b6,3,dances,control,full_questionnaire,google/gemma-4-31B-it,1497079431,f57c6cf54191ab73e6c033770cd921f6f113cd80c48a365e36a1bdc1476bc93e,173ecccd0aeff9962c089cb3cf359fcbd1de1130be32d8d588600bc1195636c0,krsteski_demo_survey_adapted_v1,prompt_compiler_v2_split_g_f,c444a6eac0c7b6cd317bc71d70e09e8e9d8b0a57308ceb8b4c11921129cc5ae1,v2,target,standard,standard_g_control_repair_v2,G|LP0811|control,2
LP0812,G|LP0812|control|replicate_2|fmt_v2,G-32b1d9ea9ecf480eb9fda9665f33a5d83ac5abb5,2,baseball,control,full_questionnaire,google/gemma-4-31B-it,70450148,5e848f85945aa20f925e51754e50cbf4722ba7958b51737f02dabf48b16bdef6,a8508dfce1848ead6f8fbf3d1b5c021b1ecc769f05322db500097eb289684bb4,krsteski_demo_survey_adapted_v1,prompt_compiler_v2_split_g_f,c444a6eac0c7b6cd317bc71d70e09e8e9d8b0a57308ceb8b4c11921129cc5ae1,v2,target,standard,standard_g_control_repair_v2,G|LP0812|control,2
LP0813,G|LP0813|control|replicate_2|fmt_v2,G-056cb537850494410a55868c0936dd2d87ff2b37,2,baseball,control,full_questionnaire,google/gemma-4-31B-it,266206896,52de71ec3a898c3606b75108252f4e8258b8ffeac9715fa608e1ff6fe8a0be15,d94445606cda6c5048271412ed232f3610e9b3a57806f6bf4039d733c88da962,krsteski_demo_survey_adapted_v1,prompt_compiler_v2_split_g_f,c444a6eac0c7b6cd317bc71d70e09e8e9d8b0a57308ceb8b4c11921129cc5ae1,v2,target,standard,standard_g_control_repair_v2,G|LP0813|control,2
LP0814,G|LP0814|control|replicate_2|fmt_v2,G-9a4138753a9b7ba309f4edbc805788392209ad49,3,dances,control,full_questionnaire,google/gemma-4-31B-it,1864232079,324a3d83fb862473c1404f9812f8da85e76602034deea39fa602b66fab149fe2,173ecccd0aeff9962c089cb3cf359fcbd1de1130be32d8d588600bc1195636c0,krsteski_demo_survey_adapted_v1,prompt_compiler_v2_split_g_f,c444a6eac0c7b6cd317bc71d70e09e8e9d8b0a57308ceb8b4c11921129cc5ae1,v2,target,standard,standard_g_control_repair_v2,G|LP0814|control,2
LP0816,G|LP0816|control|replicate_2|fmt_v2,G-585aef40129f441b927c8acde8739bd6c10b5b62,3,dances,control,full_questionnaire,google/gemma-4-31B-it,1129652892,7371d702b7e37a6b4a9870e1a47f0fd41da64a9d799fdcd6b9ab638ee455b72c,0ef02b32aed358d516241279906311825ac5c362ffa58bf89f0cff5706ab6858,krsteski_demo_survey_adapted_v1,prompt_compiler_v2_split_g_f,c444a6eac0c7b6cd317bc71d70e09e8e9d8b0a57308ceb8b4c11921129cc5ae1,v2,target,standard,standard_g_control_repair_v2,G|LP0816|control,2
LP0817,G|LP0817|control|replicate_2|fmt_v2,G-2cf90851c86b423ec2bc63b5ae928503ea409fb2,2,baseball,control,full_questionnaire,google/gemma-4-31B-it,576541410,626b5fdd5d8911bbdbf41f803fdc2a0bc02c6e873219cfda022a3c6e48702233,bc2ab2add0d7e6350b4283df4a1c81de8a939fc5fab9cdf0fe770e4fe0b02c9e,krsteski_demo_survey_adapted_v1,prompt_compiler_v2_split_g_f,c444a6eac0c7b6cd317bc71d70e09e8e9d8b0a57308ceb8b4c11921129cc5ae1,v2,target,standard,standard_g_control_repair_v2,G|LP0817|control,2
LP0818,G|LP0818|control|replicate_2|fmt_v2,G-9aa60d36f5125bed79ca3cee57c2ad854a91b697,2,baseball,control,full_questionnaire,google/gemma-4-31B-it,710833757,8de208cb2c8fcc07608ecd89e339118773efc4f050aa12daf9286e58f9eab02e,8e7e715dd759c9180343ac172b647c46fa3af0d9e1e5a240759b1b37312271fd,krsteski_demo_survey_adapted_v1,prompt_compiler_v2_split_g_f,c444a6eac0c7b6cd317bc71d70e09e8e9d8b0a57308ceb8b4c11921129cc5ae1,v2,target,standard,standard_g_control_repair_v2,G|LP0818|control,2
LP0819,G|LP0819|control|replicate_2|fmt_v2,G-762930c5c608b76bbd0d49bc1c085bf9bd919c57,3,dances,control,full_questionnaire,google/gemma-4-31B-it,844830968,428a0e890bdad1a51d2d6680e8eaa781b352f8b9250b332ab2a73f9285782273,9fbf74db23e927b912564259e1a930caa73c58eaf3061423bc7726aa63b0e24c,krsteski_demo_survey_adapted_v1,prompt_compiler_v2_split_g_f,c444a6eac0c7b6cd317bc71d70e09e8e9d8b0a57308ceb8b4c11921129cc5ae1,v2,target,standard,standard_g_control_repair_v2,G|LP0819|control,2
LP0820,G|LP0820|control|replicate_2|fmt_v2,G-6879938714874c74861d0f4071e596ca6234be5b,3,dances,control,full_questionnaire,google/gemma-4-31B-it,1702523779,aeb16d05c7376c531b4683e101c33bf04421bc7d5552d6a02fb0236f01b62d13,3304ff7c132e8a83b1a8f34f0416065b7d23b685df0d4b4ea3fbbe793a93b8a4,krsteski_demo_survey_adapted_v1,prompt_compiler_v2_split_g_f,c444a6eac0c7b6cd317bc71d70e09e8e9d8b0a57308ceb8b4c11921129cc5ae1,v2,target,standard,standard_g_control_repair_v2,G|LP0820|control,2
LP0821,G|LP0821|control|replicate_2|fmt_v2,G-c94528ab42f402af03bd1fc55092541e186d17b1,3,dances,control,full_questionnaire,google/gemma-4-31B-it,1434342408,0693e4479ada751eb4fb70e4ce5dcd27be62997360ed83f182a0fbb92a5df406,0aea5f34d3d057b0d300be3ff57b856d896603ba75b1a0863de9cd5246964d13,krsteski_demo_survey_adapted_v1,prompt_compiler_v2_split_g_f,c444a6eac0c7b6cd317bc71d70e09e8e9d8b0a57308ceb8b4c11921129cc5ae1,v2,target,standard,standard_g_control_repair_v2,G|LP0821|control,2
LP0822,G|LP0822|control|replicate_2|fmt_v2,G-15f67028a406260a9575e36202957db70d9724dc,3,dances,control,full_questionnaire,google/gemma-4-31B-it,1341326939,8e98aa0a3e30d3c251952d764a7086bcb4027e51d660a801d3ec1c7d679ba9a8,d94445606cda6c5048271412ed232f3610e9b3a57806f6bf4039d733c88da962,krsteski_demo_survey_adapted_v1,prompt_compiler_v2_split_g_f,c444a6eac0c7b6cd317bc71d70e09e8e9d8b0a57308ceb8b4c11921129cc5ae1,v2,target,standard,standard_g_control_repair_v2,G|LP0822|control,2
LP0823,G|LP0823|control|replicate_2|fmt_v2,G-7ab72b688a3cb8b052933820d2927a4fca3abd38,2,baseball,control,full_questionnaire,google/gemma-4-31B-it,2141917058,0d60a754275ef5c5cc81dddc774399327eab816524e2201483fce705589bb45e,c9c7b262ac83f5211692d3dfc4f5cb9d347c27912d75d980a273fdda09a88f38,krsteski_demo_survey_adapted_v1,prompt_compiler_v2_split_g_f,c444a6eac0c7b6cd317bc71d70e09e8e9d8b0a57308ceb8b4c11921129cc5ae1,v2,target,standard,standard_g_control_repair_v2,G|LP0823|control,2
LP0825,G|LP0825|control|replicate_2|fmt_v2,G-538efc46386c4fbe6563893efcf0adf7e46ac4b5,3,dances,control,full_questionnaire,google/gemma-4-31B-it,1602897995,c78e74dec5c23c4913698410879d0e4ee0a4c1302902703f39c602d7fe7ac04c,402d5709f78fba848fc8fd1774fa19383ed88fea79141c5e1d5bb421f54a21e9,krsteski_demo_survey_adapted_v1,prompt_compiler_v2_split_g_f,c444a6eac0c7b6cd317bc71d70e09e8e9d8b0a57308ceb8b4c11921129cc5ae1,v2,target,standard,standard_g_control_repair_v2,G|LP0825|control,2
LP0826,G|LP0826|control|replicate_2|fmt_v2,G-c1456359f9875cb2baaa41e8352ce8b875e57f5b,3,dances,control,full_questionnaire,google/gemma-4-31B-it,2081563496,bc17cd323b6981871cb08ed27471cb451114db48d453bb07d4162f7d607f9dd9,c1a00b8991d83388f8675b3b6ccfd8954874fb030e040187297e6ac10f469390,krsteski_demo_survey_adapted_v1,prompt_compiler_v2_split_g_f,c444a6eac0c7b6cd317bc71d70e09e8e9d8b0a57308ceb8b4c11921129cc5ae1,v2,target,standard,standard_g_control_repair_v2,G|LP0826|control,2
LP0828,G|LP0828|control|replicate_2|fmt_v2,G-38a9416fcc9933a3a1d90d7d5f6484a2b2b5c190,2,baseball,control,full_questionnaire,google/gemma-4-31B-it,1038857859,1dcf39537b86cc34ef0fa29f49c6935582a9dc40578b568108dea816f6984d9e,b92a25292afc48641f65e2448e0fa23113a9871580d50dd180b962287fe34a57,krsteski_demo_survey_adapted_v1,prompt_compiler_v2_split_g_f,c444a6eac0c7b6cd317bc71d70e09e8e9d8b0a57308ceb8b4c11921129cc5ae1,v2,target,standard,standard_g_control_repair_v2,G|LP0828|control,2
LP0829,G|LP0829|control|replicate_2|fmt_v2,G-f0d2500f6984450a9b67b732bd3d739a2a15a4a3,2,baseball,control,full_questionnaire,google/gemma-4-31B-it,1260971308,2679fef8a365bfaf3d5de0b930da00f7025b36ae51c386f031ba487734741cce,a9a17d71ff912bda5de0b51aa01d4899976866e2b7576a3599597ddb74247476,krsteski_demo_survey_adapted_v1,prompt_compiler_v2_split_g_f,c444a6eac0c7b6cd317bc71d70e09e8e9d8b0a57308ceb8b4c11921129cc5ae1,v2,target,standard,standard_g_control_repair_v2,G|LP0829|control,2
LP0830,G|LP0830|control|replicate_2|fmt_v2,G-25a8c33a712a8e6904353b3281da640b3420b3b8,2,baseball,control,full_questionnaire,google/gemma-4-31B-it,1014764766,7e31a0d8767d4d7051b3fd5bb304dc0af47fe941780dc74b1342e56693023014,95688658f8b8d47c9c8d7024f11cc7e497e661699b9a28d72142533133efe8cd,krsteski_demo_survey_adapted_v1,prompt_compiler_v2_split_g_f,c444a6eac0c7b6cd317bc71d70e09e8e9d8b0a57308ceb8b4c11921129cc5ae1,v2,target,standard,standard_g_control_repair_v2,G|LP0830|control,2
LP0831,G|LP0831|control|replicate_2|fmt_v2,G-f7bc1fbd304b64204b4e0423a8192b79c0f40929,2,baseball,control,full_questionnaire,google/gemma-4-31B-it,532915102,2d2eeaf7977168818e4519360fa7b149e6fe6a523c4ed7eb8513f887a70c6aa7,3304ff7c132e8a83b1a8f34f0416065b7d23b685df0d4b4ea3fbbe793a93b8a4,krsteski_demo_survey_adapted_v1,prompt_compiler_v2_split_g_f,c444a6eac0c7b6cd317bc71d70e09e8e9d8b0a57308ceb8b4c11921129cc5ae1,v2,target,standard,standard_g_control_repair_v2,G|LP0831|control,2
LP0833,G|LP0833|control|replicate_2|fmt_v2,G-13ef6c7b8d7b885523f0da8fa7c3680c62a4677e,2,baseball,control,full_questionnaire,google/gemma-4-31B-it,895115596,112f6d66719a6616b64ca954ae5b29509647ed697512e72881fe5f7f889c1ec6,74d0261f87eff9ccc4fca3878970ef0953157143e73eca90ee489fac8da16809,krsteski_demo_survey_adapted_v1,prompt_compiler_v2_split_g_f,c444a6eac0c7b6cd317bc71d70e09e8e9d8b0a57308ceb8b4c11921129cc5ae1,v2,target,standard,standard_g_control_repair_v2,G|LP0833|control,2
LP0834,G|LP0834|control|replicate_2|fmt_v2,G-2b0c9f9f9224abca2820db8e06ab354a8581448e,3,dances,control,full_questionnaire,google/gemma-4-31B-it,1748888329,e13f9af4cf94a93d4fce03a678908a6c5c07d4db5e95fa0672255de983a43dce,ba628fff9d615d282866977122010efd6fa93fab5aaa45475b908a23302e7147,krsteski_demo_survey_adapted_v1,prompt_compiler_v2_split_g_f,c444a6eac0c7b6cd317bc71d70e09e8e9d8b0a57308ceb8b4c11921129cc5ae1,v2,target,standard,standard_g_control_repair_v2,G|LP0834|control,2
LP0836,G|LP0836|control|replicate_2|fmt_v2,G-67a31046c2b311993b067c00f1009d3ae6a20650,3,dances,control,full_questionnaire,google/gemma-4-31B-it,301543976,1bcec11e8ff6cfe8cbd1abe63adf48555dc4cd3beffa4a844e6249c5def5c270,b0580f5fb9141397ecf377b40e8d1778ea4457ec196d7fea02c80181030893fe,krsteski_demo_survey_adapted_v1,prompt_compiler_v2_split_g_f,c444a6eac0c7b6cd317bc71d70e09e8e9d8b0a57308ceb8b4c11921129cc5ae1,v2,target,standard,standard_g_control_repair_v2,G|LP0836|control,2
LP0838,G|LP0838|control|replicate_2|fmt_v2,G-ba301ec44071783158ced811c50dd1d3db6f15d8,3,dances,control,full_questionnaire,google/gemma-4-31B-it,886158780,fa75e9a9019ed5461c5997123645e078beced53eb3196fc977a3de27b749b009,836ae540379228fb1b138b09bde042a23465bc6274478052ed31080c6ac6a808,krsteski_demo_survey_adapted_v1,prompt_compiler_v2_split_g_f,c444a6eac0c7b6cd317bc71d70e09e8e9d8b0a57308ceb8b4c11921129cc5ae1,v2,target,standard,standard_g_control_repair_v2,G|LP0838|control,2
LP0839,G|LP0839|control|replicate_2|fmt_v2,G-076b43761dbc5ab87e6d32c76e6e3769e1eb3448,2,baseball,control,full_questionnaire,google/gemma-4-31B-it,747823524,7ac692b9637c640d410570e8f675bc7cc6cbae15107484d1e75edfb135dcb0c0,2f283341263ece8bdda396bb0a7b492edf60ad6c271ad09efba29b9d8231244d,krsteski_demo_survey_adapted_v1,prompt_compiler_v2_split_g_f,c444a6eac0c7b6cd317bc71d70e09e8e9d8b0a57308ceb8b4c11921129cc5ae1,v2,target,standard,standard_g_control_repair_v2,G|LP0839|control,2
LP0840,G|LP0840|control|replicate_2|fmt_v2,G-be9ede485d07dd907182e798ac560ed7465a05f0,2,baseball,control,full_questionnaire,google/gemma-4-31B-it,1514510883,facb10228c652bc8bbbf5ccce774c63c94a3f6ed222b5f0a469c300ebd8dea9d,16d4ad8b4ba9bc852ad1e6f66bc24a4e56f325aed6e7a771e1c0ce67be639ae8,krsteski_demo_survey_adapted_v1,prompt_compiler_v2_split_g_f,c444a6eac0c7b6cd317bc71d70e09e8e9d8b0a57308ceb8b4c11921129cc5ae1,v2,target,standard,standard_g_control_repair_v2,G|LP0840|control,2
LP0841,G|LP0841|control|replicate_2|fmt_v2,G-198ded3b13ec13f43cbbb1f65fa26cc3db7a1b8e,2,baseball,control,full_questionnaire,google/gemma-4-31B-it,1191702122,e501ae6870e80799fe9dec6f5db02e218a78409033df0778258a8c724bd15d9e,644c8a6c219770c3445dd542cdd97ae3f0432ea8bf788f35e8000c58e998162e,krsteski_demo_survey_adapted_v1,prompt_compiler_v2_split_g_f,c444a6eac0c7b6cd317bc71d70e09e8e9d8b0a57308ceb8b4c11921129cc5ae1,v2,target,standard,standard_g_control_repair_v2,G|LP0841|control,2
LP0842,G|LP0842|control|replicate_2|fmt_v2,G-de1ed00b79210e3fbc87aa2b0bc27a26465e9580,3,dances,control,full_questionnaire,google/gemma-4-31B-it,895397465,ed8b4cac1fba29efa1c5b21fb315cf4e337cf20752eca54fcc30bc0c1c850dbe,2f283341263ece8bdda396bb0a7b492edf60ad6c271ad09efba29b9d8231244d,krsteski_demo_survey_adapted_v1,prompt_compiler_v2_split_g_f,c444a6eac0c7b6cd317bc71d70e09e8e9d8b0a57308ceb8b4c11921129cc5ae1,v2,target,standard,standard_g_control_repair_v2,G|LP0842|control,2
LP0843,G|LP0843|control|replicate_2|fmt_v2,G-4c10d8f0b5838cca90f3d702514ae30e321de71b,2,baseball,control,full_questionnaire,google/gemma-4-31B-it,1302675116,aae362cdb6969a1595f8b3cd7deb8c87a22ee32ea3ee2e9fe4ca72b755babc99,2f283341263ece8bdda396bb0a7b492edf60ad6c271ad09efba29b9d8231244d,krsteski_demo_survey_adapted_v1,prompt_compiler_v2_split_g_f,c444a6eac0c7b6cd317bc71d70e09e8e9d8b0a57308ceb8b4c11921129cc5ae1,v2,target,standard,standard_g_control_repair_v2,G|LP0843|control,2
LP0845,G|LP0845|control|replicate_2|fmt_v2,G-7a11e0f03553a4509c06093ba67ecb674935e1e2,3,dances,control,full_questionnaire,google/gemma-4-31B-it,695690802,b8c9663674ac949e2372723a3ba5719d42cc0e363477e4d5036ee985e7a838ef,a9a17d71ff912bda5de0b51aa01d4899976866e2b7576a3599597ddb74247476,krsteski_demo_survey_adapted_v1,prompt_compiler_v2_split_g_f,c444a6eac0c7b6cd317bc71d70e09e8e9d8b0a57308ceb8b4c11921129cc5ae1,v2,target,standard,standard_g_control_repair_v2,G|LP0845|control,2
LP0846,G|LP0846|control|replicate_2|fmt_v2,G-ddb26773e718b5ee68035d5237aa9eb6590802ab,2,baseball,control,full_questionnaire,google/gemma-4-31B-it,578651353,7079643c83caa114af3fca5b62b85bf5ca57cf9a4f448ac4ba14da0f3071055b,068108676f2e404236b07752d50bc23456d2d02039f57d47f9fe2fa2854974e6,krsteski_demo_survey_adapted_v1,prompt_compiler_v2_split_g_f,c444a6eac0c7b6cd317bc71d70e09e8e9d8b0a57308ceb8b4c11921129cc5ae1,v2,target,standard,standard_g_control_repair_v2,G|LP0846|control,2
LP0848,G|LP0848|control|replicate_2|fmt_v2,G-8603d3b5479b7f261099cc1ff07211f6c1c6b9b0,3,dances,control,full_questionnaire,google/gemma-4-31B-it,1403201170,975d6328dd206f907640883c9a7e352c380a971e6a373a0d6d06212976614c42,8e7e715dd759c9180343ac172b647c46fa3af0d9e1e5a240759b1b37312271fd,krsteski_demo_survey_adapted_v1,prompt_compiler_v2_split_g_f,c444a6eac0c7b6cd317bc71d70e09e8e9d8b0a57308ceb8b4c11921129cc5ae1,v2,target,standard,standard_g_control_repair_v2,G|LP0848|control,2
LP0851,G|LP0851|control|replicate_2|fmt_v2,G-f0ad35e25a28765fce8a3af288d055191df61dbc,2,baseball,control,full_questionnaire,google/gemma-4-31B-it,998433319,af73ceadf659f1a6582e46c3071e00a13af9afef15684a4ca080c94f4aceba4f,0aea5f34d3d057b0d300be3ff57b856d896603ba75b1a0863de9cd5246964d13,krsteski_demo_survey_adapted_v1,prompt_compiler_v2_split_g_f,c444a6eac0c7b6cd317bc71d70e09e8e9d8b0a57308ceb8b4c11921129cc5ae1,v2,target,standard,standard_g_control_repair_v2,G|LP0851|control,2
LP0852,G|LP0852|control|replicate_2|fmt_v2,G-06048235505caf1e3d425d666f5521d1c122272c,3,dances,control,full_questionnaire,google/gemma-4-31B-it,1550168968,d473ec0786859ad46aa9d87e84cdc07ae0215dbcbf6ed908722e7e40e13a62ff,7eadf06f060f845c1408260c94fa34a7dbc7f7928d4382e4aec9e9bb5762f4c8,krsteski_demo_survey_adapted_v1,prompt_compiler_v2_split_g_f,c444a6eac0c7b6cd317bc71d70e09e8e9d8b0a57308ceb8b4c11921129cc5ae1,v2,target,standard,standard_g_control_repair_v2,G|LP0852|control,2
LP0854,G|LP0854|control|replicate_2|fmt_v2,G-09d774d26d8af7c0db4a0bb2b817db69d0adf468,2,baseball,control,full_questionnaire,google/gemma-4-31B-it,20570469,27a07b4cd2552ce60a4143b0935fee0d0703f47f738bafe9d0efb7e4398ca81e,c99641995728dd4be1cdf5f950f3bebe21e96b8abb3f06b160ffb77ac12ca92d,krsteski_demo_survey_adapted_v1,prompt_compiler_v2_split_g_f,c444a6eac0c7b6cd317bc71d70e09e8e9d8b0a57308ceb8b4c11921129cc5ae1,v2,target,standard,standard_g_control_repair_v2,G|LP0854|control,2
LP0855,G|LP0855|control|replicate_2|fmt_v2,G-9a84673dac48c6685acc3051edc2b166ac4f8258,2,baseball,control,full_questionnaire,google/gemma-4-31B-it,1632736485,c02a3dba1454a30ee4ed1daa346af01c3d96406453fbe01ff04289e13ede3c40,cc875368bcfd2589d3afc01143064b28b79eadc9cf0f08fbc87a6ced9cee0d2c,krsteski_demo_survey_adapted_v1,prompt_compiler_v2_split_g_f,c444a6eac0c7b6cd317bc71d70e09e8e9d8b0a57308ceb8b4c11921129cc5ae1,v2,target,standard,standard_g_control_repair_v2,G|LP0855|control,2
LP0856,G|LP0856|control|replicate_2|fmt_v2,G-7d31e3cfce24290ec2232925ad427fbf3dfad058,2,baseball,control,full_questionnaire,google/gemma-4-31B-it,1216868527,cee9eabf4ed5c8d3baac8ded3c79af6ef4fa43e1925cb78fad4722e55ef8bcc2,8ef7b7452c7ac5028f93b83d20babf58b7abcb132967380741c2346c157524c2,krsteski_demo_survey_adapted_v1,prompt_compiler_v2_split_g_f,c444a6eac0c7b6cd317bc71d70e09e8e9d8b0a57308ceb8b4c11921129cc5ae1,v2,target,standard,standard_g_control_repair_v2,G|LP0856|control,2
LP0857,G|LP0857|control|replicate_2|fmt_v2,G-d197cd682d65b2233f620230f95a2c2bc1f35401,3,dances,control,full_questionnaire,google/gemma-4-31B-it,1351961846,cfdb791cd5751b22f30524756ed14c0bf43e5687ce51193c309728f4fad74e67,43a32bec9f104cf7990ac5b02ac38a79d821c22135a39d2fd6e8320eb1e11c1f,krsteski_demo_survey_adapted_v1,prompt_compiler_v2_split_g_f,c444a6eac0c7b6cd317bc71d70e09e8e9d8b0a57308ceb8b4c11921129cc5ae1,v2,target,standard,standard_g_control_repair_v2,G|LP0857|control,2
LP0859,G|LP0859|control|replicate_2|fmt_v2,G-bfbab9cab305bddebd3253869231404b11c3af92,3,dances,control,full_questionnaire,google/gemma-4-31B-it,846934390,52029d24215230502309d0e9bcf7e7582a57819228208a735149683df4ddd89b,ab0fdf2f5a89282ad9bbbe710f0bce609804284bbc2b55b041f4bc61763c57e7,krsteski_demo_survey_adapted_v1,prompt_compiler_v2_split_g_f,c444a6eac0c7b6cd317bc71d70e09e8e9d8b0a57308ceb8b4c11921129cc5ae1,v2,target,standard,standard_g_control_repair_v2,G|LP0859|control,2
LP0861,G|LP0861|control|replicate_2|fmt_v2,G-a2a5a9e0e3abc70a7deba0076b16cec2cd8fa234,2,baseball,control,full_questionnaire,google/gemma-4-31B-it,687282894,409744fcdedfa26c89e190dba84dba7602b016450f282d0d53f139bf58ab7148,173ecccd0aeff9962c089cb3cf359fcbd1de1130be32d8d588600bc1195636c0,krsteski_demo_survey_adapted_v1,prompt_compiler_v2_split_g_f,c444a6eac0c7b6cd317bc71d70e09e8e9d8b0a57308ceb8b4c11921129cc5ae1,v2,target,standard,standard_g_control_repair_v2,G|LP0861|control,2
LP0862,G|LP0862|control|replicate_2|fmt_v2,G-b2ba35fff094c68fe6763d8eaee3e75c8471a853,2,baseball,control,full_questionnaire,google/gemma-4-31B-it,1443443345,866b504a4225acc63e7daff6fb679b125c2c9881e2c574a62a883978e8f29703,6ba764af62e00471c67ba9fd361e9793a0a511d522c6713d370bfeb024754774,krsteski_demo_survey_adapted_v1,prompt_compiler_v2_split_g_f,c444a6eac0c7b6cd317bc71d70e09e8e9d8b0a57308ceb8b4c11921129cc5ae1,v2,target,standard,standard_g_control_repair_v2,G|LP0862|control,2
LP0863,G|LP0863|control|replicate_2|fmt_v2,G-bc53f3449cdc1ea7c646f02fd84da8564784c880,2,baseball,control,full_questionnaire,google/gemma-4-31B-it,360973619,63dbc2f34f0450f5fdbde7e5be842579a5a1a5702461c86718daef4bd4388396,95182075b7a5116fadd4347fa6f598518a64e8b056a3893fea56ca5fadcf9451,krsteski_demo_survey_adapted_v1,prompt_compiler_v2_split_g_f,c444a6eac0c7b6cd317bc71d70e09e8e9d8b0a57308ceb8b4c11921129cc5ae1,v2,target,standard,standard_g_control_repair_v2,G|LP0863|control,2
LP0864,G|LP0864|control|replicate_2|fmt_v2,G-c3c61e36aed7fa5a1234b0dead247df8825f29bb,3,dances,control,full_questionnaire,google/gemma-4-31B-it,912537290,e0a5ecd688259df49cd1466a1d689de2c17c54d4c7f45beff899b0547a1646f0,7eadf06f060f845c1408260c94fa34a7dbc7f7928d4382e4aec9e9bb5762f4c8,krsteski_demo_survey_adapted_v1,prompt_compiler_v2_split_g_f,c444a6eac0c7b6cd317bc71d70e09e8e9d8b0a57308ceb8b4c11921129cc5ae1,v2,target,standard,standard_g_control_repair_v2,G|LP0864|control,2
LP0865,G|LP0865|control|replicate_2|fmt_v2,G-32479566d15dde8ae51873d197ec1ba3c2894563,3,dances,control,full_questionnaire,google/gemma-4-31B-it,904726872,03717f27ddb2f02b89fab86d77327d057d0ac3ac10a34b20efb3bd986ff734e6,80795f7420a1828775290d44b68771a715025c5acdc160e5378bc09d1b5cd531,krsteski_demo_survey_adapted_v1,prompt_compiler_v2_split_g_f,c444a6eac0c7b6cd317bc71d70e09e8e9d8b0a57308ceb8b4c11921129cc5ae1,v2,target,standard,standard_g_control_repair_v2,G|LP0865|control,2
LP0867,G|LP0867|control|replicate_2|fmt_v2,G-e836c0cab04c522d106e3de9857a7826af47edc0,3,dances,control,full_questionnaire,google/gemma-4-31B-it,12178374,45a28449b7a421a5cfe48a6a6890031b6c5b8efb46ae94289d7e8802d2cea821,3304ff7c132e8a83b1a8f34f0416065b7d23b685df0d4b4ea3fbbe793a93b8a4,krsteski_demo_survey_adapted_v1,prompt_compiler_v2_split_g_f,c444a6eac0c7b6cd317bc71d70e09e8e9d8b0a57308ceb8b4c11921129cc5ae1,v2,target,standard,standard_g_control_repair_v2,G|LP0867|control,2
LP0868,G|LP0868|control|replicate_2|fmt_v2,G-8addc530ea53ac968813466e7486171b7d6d46a6,3,dances,control,full_questionnaire,google/gemma-4-31B-it,997114,ac6f2ddcbd5a809daa220144ba06dfb25220f75d909e154023e066c95f95c8e6,3304ff7c132e8a83b1a8f34f0416065b7d23b685df0d4b4ea3fbbe793a93b8a4,krsteski_demo_survey_adapted_v1,prompt_compiler_v2_split_g_f,c444a6eac0c7b6cd317bc71d70e09e8e9d8b0a57308ceb8b4c11921129cc5ae1,v2,target,standard,standard_g_control_repair_v2,G|LP0868|control,2
LP0869,G|LP0869|control|replicate_2|fmt_v2,G-b71bfb573aaca82534bedc7c6ecd95dac8a59c51,3,dances,control,full_questionnaire,google/gemma-4-31B-it,686071510,f0b8e38e4cc2ace8bbdca881ee5d2a437326f8bfcb5f6d965785fb820565c960,dd25b57558baa48c752efb9f8ed1ed973491d2faae229c4d74096b3984a3f55d,krsteski_demo_survey_adapted_v1,prompt_compiler_v2_split_g_f,c444a6eac0c7b6cd317bc71d70e09e8e9d8b0a57308ceb8b4c11921129cc5ae1,v2,target,standard,standard_g_control_repair_v2,G|LP0869|control,2
LP0870,G|LP0870|control|replicate_2|fmt_v2,G-9ccae56664bf3eba25e7a912ebafea86c222ef4a,2,baseball,control,full_questionnaire,google/gemma-4-31B-it,508889481,5cc565316ebd44a4f6dd609ff3cd0af6b5f2cbf1bcaa70bfa4f5bc24b24cb66b,a9a17d71ff912bda5de0b51aa01d4899976866e2b7576a3599597ddb74247476,krsteski_demo_survey_adapted_v1,prompt_compiler_v2_split_g_f,c444a6eac0c7b6cd317bc71d70e09e8e9d8b0a57308ceb8b4c11921129cc5ae1,v2,target,standard,standard_g_control_repair_v2,G|LP0870|control,2
LP0872,G|LP0872|control|replicate_2|fmt_v2,G-1ed71648d68fe5d0454327be03c2352c5ff22db1,2,baseball,control,full_questionnaire,google/gemma-4-31B-it,339612258,3718044dc920c3b52a1053fb8b20d0c3496f78e225ceeb7e809bfdc6ec7e2d20,74d0261f87eff9ccc4fca3878970ef0953157143e73eca90ee489fac8da16809,krsteski_demo_survey_adapted_v1,prompt_compiler_v2_split_g_f,c444a6eac0c7b6cd317bc71d70e09e8e9d8b0a57308ceb8b4c11921129cc5ae1,v2,target,standard,standard_g_control_repair_v2,G|LP0872|control,2
LP0873,G|LP0873|control|replicate_2|fmt_v2,G-da29b2bfd796e0295cfa7ea62493820513cb130f,2,baseball,control,full_questionnaire,google/gemma-4-31B-it,199902636,7b189acd99d3540d7e14a98fc2cb2a58259dbf94d3dbabdb4bd88f22a566524c,8938cf956915dc78f47154621782b86462e158373a08bfd4a31111fdb06e1d72,krsteski_demo_survey_adapted_v1,prompt_compiler_v2_split_g_f,c444a6eac0c7b6cd317bc71d70e09e8e9d8b0a57308ceb8b4c11921129cc5ae1,v2,target,standard,standard_g_control_repair_v2,G|LP0873|control,2
LP0874,G|LP0874|control|replicate_2|fmt_v2,G-5b59f65884f31b31f3f4ea95981dbaed876dc4a4,2,baseball,control,full_questionnaire,google/gemma-4-31B-it,1000802275,87800764bbc74ddb2067742a48f6cf8978324e1206157f987a57d6a267be2985,734c3e0b8e32d2af4e6e738777cbbaf97b761f0ada793b2cd3ace9e2a984beda,krsteski_demo_survey_adapted_v1,prompt_compiler_v2_split_g_f,c444a6eac0c7b6cd317bc71d70e09e8e9d8b0a57308ceb8b4c11921129cc5ae1,v2,target,standard,standard_g_control_repair_v2,G|LP0874|control,2
LP0875,G|LP0875|control|replicate_2|fmt_v2,G-98c81dc29ee6b78c3a97af42e60d0a4874eec7fd,2,baseball,control,full_questionnaire,google/gemma-4-31B-it,1349972755,c46e5504bc8a0827f2100695480249accc056531584eb2017f73bbda7dc74d6e,ea5aa1cf66f50e858371f1aefbd6f8b8d1aa724540cfc3e764acad649862c452,krsteski_demo_survey_adapted_v1,prompt_compiler_v2_split_g_f,c444a6eac0c7b6cd317bc71d70e09e8e9d8b0a57308ceb8b4c11921129cc5ae1,v2,target,standard,standard_g_control_repair_v2,G|LP0875|control,2
LP0878,G|LP0878|control|replicate_2|fmt_v2,G-e192e96de18fd8134dc5bf0006fe7c583b7a87c7,3,dances,control,full_questionnaire,google/gemma-4-31B-it,615885554,2179d66b8f9bdb675216dc1b9805db5ea0934db03eaca696dec9689ecca924dc,80795f7420a1828775290d44b68771a715025c5acdc160e5378bc09d1b5cd531,krsteski_demo_survey_adapted_v1,prompt_compiler_v2_split_g_f,c444a6eac0c7b6cd317bc71d70e09e8e9d8b0a57308ceb8b4c11921129cc5ae1,v2,target,standard,standard_g_control_repair_v2,G|LP0878|control,2
LP0879,G|LP0879|control|replicate_2|fmt_v2,G-ba53d64131e42010609cc3c9ee70852e5d01ee9a,2,baseball,control,full_questionnaire,google/gemma-4-31B-it,646696085,bf2c5ab9986e8906a1a0b6959234afe7ceff43cb80fa60542d8cc75fe007e28b,13f44cafbbb9216818e250c7abce4f36ba49a81c22772f0ee3ecd2cbc144eb30,krsteski_demo_survey_adapted_v1,prompt_compiler_v2_split_g_f,c444a6eac0c7b6cd317bc71d70e09e8e9d8b0a57308ceb8b4c11921129cc5ae1,v2,target,standard,standard_g_control_repair_v2,G|LP0879|control,2
LP0881,G|LP0881|control|replicate_2|fmt_v2,G-caea701dac8a6275599368b9d8fe5fe272474ac6,3,dances,control,full_questionnaire,google/gemma-4-31B-it,1113539251,3ced285ded26b3ac412c979e7447974219ff1e7728339c631ffb32e894c44557,87e3ccbe57528e4eff1e3b8bc29173f7bfb94429cf88915552a6975a5adc8377,krsteski_demo_survey_adapted_v1,prompt_compiler_v2_split_g_f,c444a6eac0c7b6cd317bc71d70e09e8e9d8b0a57308ceb8b4c11921129cc5ae1,v2,target,standard,standard_g_control_repair_v2,G|LP0881|control,2
LP0882,G|LP0882|control|replicate_2|fmt_v2,G-6b0c8962ad79796d97d33d248685b1d80814693b,3,dances,control,full_questionnaire,google/gemma-4-31B-it,59935796,8b3fc5183530cc6aae5d93d7a9dadc386cf4d457611048107752c58f7cf34bcb,d47e866d0746d271409efd116ae4ef378ddc9e43b77da897c24fd21b34265d14,krsteski_demo_survey_adapted_v1,prompt_compiler_v2_split_g_f,c444a6eac0c7b6cd317bc71d70e09e8e9d8b0a57308ceb8b4c11921129cc5ae1,v2,target,standard,standard_g_control_repair_v2,G|LP0882|control,2
LP0883,G|LP0883|control|replicate_2|fmt_v2,G-2c0f96ca17c9baf68a716a1897bd5ae636dcfc0d,3,dances,control,full_questionnaire,google/gemma-4-31B-it,1877534858,f24811cb49eeb75fd2d3bb87f70be6f015fbbeaa6f2b2fe77838f1b03cf7676a,474dcc2f4540ab8c440c5d321fd62bada1e13ae588eff8a3de597721103e48e2,krsteski_demo_survey_adapted_v1,prompt_compiler_v2_split_g_f,c444a6eac0c7b6cd317bc71d70e09e8e9d8b0a57308ceb8b4c11921129cc5ae1,v2,target,standard,standard_g_control_repair_v2,G|LP0883|control,2
LP0885,G|LP0885|control|replicate_2|fmt_v2,G-ec93211a2bd63da512461623c7f2aa219a8e035c,2,baseball,control,full_questionnaire,google/gemma-4-31B-it,83656669,e1c7196bbc540a57cc96f5f1b0e16fc956dfd109415404298d5654e453a9dde6,4eadfc0ecdf8edd296df10628ad63a5d907cf5c66b66f95834ebc15f92f46d73,krsteski_demo_survey_adapted_v1,prompt_compiler_v2_split_g_f,c444a6eac0c7b6cd317bc71d70e09e8e9d8b0a57308ceb8b4c11921129cc5ae1,v2,target,standard,standard_g_control_repair_v2,G|LP0885|control,2
LP0886,G|LP0886|control|replicate_2|fmt_v2,G-2b8e3bf9964f7c42c6c8ed597996fc2ae9b07d9e,2,baseball,control,full_questionnaire,google/gemma-4-31B-it,1835791413,d0c2a678d29e4607a60d0dcffe2c8e7b27e5753356094187dcfc0b74ee83052d,11493604706794d63835530fa42668773c9769ba6a103753272c0e0a8193a9c0,krsteski_demo_survey_adapted_v1,prompt_compiler_v2_split_g_f,c444a6eac0c7b6cd317bc71d70e09e8e9d8b0a57308ceb8b4c11921129cc5ae1,v2,target,standard,standard_g_control_repair_v2,G|LP0886|control,2
LP0888,G|LP0888|control|replicate_2|fmt_v2,G-115ed6c5a05c93fdc8bef0514a8a11651d20b392,3,dances,control,full_questionnaire,google/gemma-4-31B-it,1125794184,c047ca5ce5f8d675596545cc6449ff62144d4530919dd6e40ad6106ce522ced0,cc875368bcfd2589d3afc01143064b28b79eadc9cf0f08fbc87a6ced9cee0d2c,krsteski_demo_survey_adapted_v1,prompt_compiler_v2_split_g_f,c444a6eac0c7b6cd317bc71d70e09e8e9d8b0a57308ceb8b4c11921129cc5ae1,v2,target,standard,standard_g_control_repair_v2,G|LP0888|control,2
LP0889,G|LP0889|control|replicate_2|fmt_v2,G-74405f7d9cfd4ce8265d17844c88d8cb495207e1,3,dances,control,full_questionnaire,google/gemma-4-31B-it,92146661,5a8b117a277cdceaaf19415504482bd0f437dc9cf26919e4809684df23e40957,0dbe0028b8b567069f50a339d038e32ebe03239ce5b220686ba319356ec5b996,krsteski_demo_survey_adapted_v1,prompt_compiler_v2_split_g_f,c444a6eac0c7b6cd317bc71d70e09e8e9d8b0a57308ceb8b4c11921129cc5ae1,v2,target,standard,standard_g_control_repair_v2,G|LP0889|control,2
LP0890,G|LP0890|control|replicate_2|fmt_v2,G-c016b3d6bb2c8d3c831c3971bfedc4dc02987b64,2,baseball,control,full_questionnaire,google/gemma-4-31B-it,995751148,3cdf35ea6ef38d7811b4e7423cf2b8d549b4485d5f911efb9aad7c4bd642dd49,2476bbc7dc10dc5a04ca7990c929a6fdf7d44ffc9923ad98f84bdbe443344c9d,krsteski_demo_survey_adapted_v1,prompt_compiler_v2_split_g_f,c444a6eac0c7b6cd317bc71d70e09e8e9d8b0a57308ceb8b4c11921129cc5ae1,v2,target,standard,standard_g_control_repair_v2,G|LP0890|control,2
LP0891,G|LP0891|control|replicate_2|fmt_v2,G-81f1efefbdd64d406fe34765914dfe955b3ea5ba,3,dances,control,full_questionnaire,google/gemma-4-31B-it,1102720289,57d258dc6d3e9ecf507b809d69ddca0babe2e66e969b8dbf2db838ec3ec9d9f5,117eba8f4c7414846d5cd02a8fc4387fef2de7f0d7ef18044944cf9132587b2e,krsteski_demo_survey_adapted_v1,prompt_compiler_v2_split_g_f,c444a6eac0c7b6cd317bc71d70e09e8e9d8b0a57308ceb8b4c11921129cc5ae1,v2,target,standard,standard_g_control_repair_v2,G|LP0891|control,2
LP0892,G|LP0892|control|replicate_2|fmt_v2,G-9b39db719559f26029346d4078777eb291d14275,3,dances,control,full_questionnaire,google/gemma-4-31B-it,1271769413,3e4697716f23b7adb6cd0e8f70a9ee2a24b2a49909675fc5f5bc3aca17270ae4,0ef02b32aed358d516241279906311825ac5c362ffa58bf89f0cff5706ab6858,krsteski_demo_survey_adapted_v1,prompt_compiler_v2_split_g_f,c444a6eac0c7b6cd317bc71d70e09e8e9d8b0a57308ceb8b4c11921129cc5ae1,v2,target,standard,standard_g_control_repair_v2,G|LP0892|control,2
LP0894,G|LP0894|control|replicate_2|fmt_v2,G-d61119daa2a0c0fbf77cd41b8724201cbc29ce15,3,dances,control,full_questionnaire,google/gemma-4-31B-it,1321399475,8528709307d8a7b9cf6a7603ebf945ec05b6590fa8d7c22864aa5ae4bf9953c0,160eb5df13edc6e50dff3bb495c33e711771bae644f115a9d1dd7315cb09fcdf,krsteski_demo_survey_adapted_v1,prompt_compiler_v2_split_g_f,c444a6eac0c7b6cd317bc71d70e09e8e9d8b0a57308ceb8b4c11921129cc5ae1,v2,target,standard,standard_g_control_repair_v2,G|LP0894|control,2
LP0896,G|LP0896|control|replicate_2|fmt_v2,G-85a028e29791253d4b3bc881fbce236faa209bf3,3,dances,control,full_questionnaire,google/gemma-4-31B-it,584152836,f9a694c1789110041b9294b4593037c1b0abdca42cddde1265d4c24ffd25bde8,ed40bc9c5b1b9a11e27675ff43f01d4af53636afe95941746b2f2ce934d7aff3,krsteski_demo_survey_adapted_v1,prompt_compiler_v2_split_g_f,c444a6eac0c7b6cd317bc71d70e09e8e9d8b0a57308ceb8b4c11921129cc5ae1,v2,target,standard,standard_g_control_repair_v2,G|LP0896|control,2
LP0897,G|LP0897|control|replicate_2|fmt_v2,G-f47786d9e63be522c66665e36ab0cc361f04e26b,3,dances,control,full_questionnaire,google/gemma-4-31B-it,1328214745,851ffef3133cbf44bb31008ae1c8dab3d3ef0236ba2597f89575027cbbb2a334,1b07eaf8f85592402e7e5f561d8bfeec6994a446ac0964baee802b86d4a80bed,krsteski_demo_survey_adapted_v1,prompt_compiler_v2_split_g_f,c444a6eac0c7b6cd317bc71d70e09e8e9d8b0a57308ceb8b4c11921129cc5ae1,v2,target,standard,standard_g_control_repair_v2,G|LP0897|control,2
LP0898,G|LP0898|control|replicate_2|fmt_v2,G-64577f589523203ed17310e3ae1e255cb46c90e7,3,dances,control,full_questionnaire,google/gemma-4-31B-it,1574051568,143c18db4f29723cdc43a51c7f36ce377fa873dde384f181dd391721f1a736e8,836ae540379228fb1b138b09bde042a23465bc6274478052ed31080c6ac6a808,krsteski_demo_survey_adapted_v1,prompt_compiler_v2_split_g_f,c444a6eac0c7b6cd317bc71d70e09e8e9d8b0a57308ceb8b4c11921129cc5ae1,v2,target,standard,standard_g_control_repair_v2,G|LP0898|control,2
LP0899,G|LP0899|control|replicate_2|fmt_v2,G-cab864d4dad5e0c08241456d5011b450198c8ea5,2,baseball,control,full_questionnaire,google/gemma-4-31B-it,1883679340,de8304d9d6143c1a894bec6ac5220ec590042d5a49c53e7f7d5ea1109c3dab23,4a8ccc2f7e458cc0e1100c7470299f3d0c02e4c01833b8a586127861fb98f104,krsteski_demo_survey_adapted_v1,prompt_compiler_v2_split_g_f,c444a6eac0c7b6cd317bc71d70e09e8e9d8b0a57308ceb8b4c11921129cc5ae1,v2,target,standard,standard_g_control_repair_v2,G|LP0899|control,2
LP0900,G|LP0900|control|replicate_2|fmt_v2,G-15b8450d7d75a5456092902688571e17fbd9ec5a,3,dances,control,full_questionnaire,google/gemma-4-31B-it,686174048,2c1baad55d71b9c4b7c3e822a776275132edc9cf8ca3266a68a30598be0ce98f,16d4ad8b4ba9bc852ad1e6f66bc24a4e56f325aed6e7a771e1c0ce67be639ae8,krsteski_demo_survey_adapted_v1,prompt_compiler_v2_split_g_f,c444a6eac0c7b6cd317bc71d70e09e8e9d8b0a57308ceb8b4c11921129cc5ae1,v2,target,standard,standard_g_control_repair_v2,G|LP0900|control,2
LP0901,G|LP0901|control|replicate_2|fmt_v2,G-e6a4bf2b4dee078ef32857ae1fc113f31a332086,3,dances,control,full_questionnaire,google/gemma-4-31B-it,456623592,a6ff5707bba5c0236041664fcc7afa79be077b5a25cbaef0f8f9f787e244b171,e1ba8f56f11ff0231487cbe2d31f95799407ffa7be765765565a7c1337335fb4,krsteski_demo_survey_adapted_v1,prompt_compiler_v2_split_g_f,c444a6eac0c7b6cd317bc71d70e09e8e9d8b0a57308ceb8b4c11921129cc5ae1,v2,target,standard,standard_g_control_repair_v2,G|LP0901|control,2
LP0902,G|LP0902|control|replicate_2|fmt_v2,G-7132f77bbfcf21ea4c0c76678640a82254bbba76,2,baseball,control,full_questionnaire,google/gemma-4-31B-it,573903075,22c9df3d8ba98d6bec4f291548b62fad9662157cdad0e50a1e7a13945afa6e87,11493604706794d63835530fa42668773c9769ba6a103753272c0e0a8193a9c0,krsteski_demo_survey_adapted_v1,prompt_compiler_v2_split_g_f,c444a6eac0c7b6cd317bc71d70e09e8e9d8b0a57308ceb8b4c11921129cc5ae1,v2,target,standard,standard_g_control_repair_v2,G|LP0902|control,2
LP0903,G|LP0903|control|replicate_2|fmt_v2,G-820fa61f92d8face00b3892b3d82baf53ba5f229,2,baseball,control,full_questionnaire,google/gemma-4-31B-it,385369871,e21c0b0a094a64e1747bc1c8e5e868e2c8f5175fc4891b6988d2dafe3e8ed52d,13989d375cddadcde74b04df2f2b7a020012640c64914f315d5de4156b6f263d,krsteski_demo_survey_adapted_v1,prompt_compiler_v2_split_g_f,c444a6eac0c7b6cd317bc71d70e09e8e9d8b0a57308ceb8b4c11921129cc5ae1,v2,target,standard,standard_g_control_repair_v2,G|LP0903|control,2
LP0905,G|LP0905|control|replicate_2|fmt_v2,G-f187d7142546464529c4c4af9597fe3716b2c08a,2,baseball,control,full_questionnaire,google/gemma-4-31B-it,139850865,a77a9c1d1a6d3607a09a616d8a4c911008058916b6195a087c412d8be2087997,67f928f7eae7a663276cf3e987e787b1c31608df9144e968e4714562c6b674d2,krsteski_demo_survey_adapted_v1,prompt_compiler_v2_split_g_f,c444a6eac0c7b6cd317bc71d70e09e8e9d8b0a57308ceb8b4c11921129cc5ae1,v2,target,standard,standard_g_control_repair_v2,G|LP0905|control,2
LP0906,G|LP0906|control|replicate_2|fmt_v2,G-8009af48ff9b275870e5785b91838fbf2f1ffc27,3,dances,control,full_questionnaire,google/gemma-4-31B-it,2142143979,13d66cfb311f21a9546946f266902c917c637090ebd0102290a8b568cda7c593,2f283341263ece8bdda396bb0a7b492edf60ad6c271ad09efba29b9d8231244d,krsteski_demo_survey_adapted_v1,prompt_compiler_v2_split_g_f,c444a6eac0c7b6cd317bc71d70e09e8e9d8b0a57308ceb8b4c11921129cc5ae1,v2,target,standard,standard_g_control_repair_v2,G|LP0906|control,2
LP0907,G|LP0907|control|replicate_2|fmt_v2,G-6815911f3d6fbcbd91f5119373584643756c5d3c,3,dances,control,full_questionnaire,google/gemma-4-31B-it,228253437,ea404ff9efdc3266ce63873c04fa363061f69bbe2e3d91948dd75d6742bb8106,95182075b7a5116fadd4347fa6f598518a64e8b056a3893fea56ca5fadcf9451,krsteski_demo_survey_adapted_v1,prompt_compiler_v2_split_g_f,c444a6eac0c7b6cd317bc71d70e09e8e9d8b0a57308ceb8b4c11921129cc5ae1,v2,target,standard,standard_g_control_repair_v2,G|LP0907|control,2
LP0909,G|LP0909|control|replicate_2|fmt_v2,G-212cd35ee07f5e6fa40819bce6103c65456e7d88,3,dances,control,full_questionnaire,google/gemma-4-31B-it,584647981,75a1adca8e108565b66895b36e346e4352692f27ba99e9bbba0d7b2116d45a6b,9fbf74db23e927b912564259e1a930caa73c58eaf3061423bc7726aa63b0e24c,krsteski_demo_survey_adapted_v1,prompt_compiler_v2_split_g_f,c444a6eac0c7b6cd317bc71d70e09e8e9d8b0a57308ceb8b4c11921129cc5ae1,v2,target,standard,standard_g_control_repair_v2,G|LP0909|control,2
LP0910,G|LP0910|control|replicate_2|fmt_v2,G-7f70a7e63dbc42bdc0be44e77d5c400586a2f8ad,2,baseball,control,full_questionnaire,google/gemma-4-31B-it,1016959627,465077757fbe5ffe85badd7186e93699c95b138e4737d42b1a1c20e9afc832dd,8e7e715dd759c9180343ac172b647c46fa3af0d9e1e5a240759b1b37312271fd,krsteski_demo_survey_adapted_v1,prompt_compiler_v2_split_g_f,c444a6eac0c7b6cd317bc71d70e09e8e9d8b0a57308ceb8b4c11921129cc5ae1,v2,target,standard,standard_g_control_repair_v2,G|LP0910|control,2
LP0911,G|LP0911|control|replicate_2|fmt_v2,G-b594084826455a1a1e7f0c7fba9b8a7dede38c69,3,dances,control,full_questionnaire,google/gemma-4-31B-it,292383405,cefffa8a2fa7b1dd5e972aa0ed452d9e25678c90163d52b15148e09bb4c89570,ab0fdf2f5a89282ad9bbbe710f0bce609804284bbc2b55b041f4bc61763c57e7,krsteski_demo_survey_adapted_v1,prompt_compiler_v2_split_g_f,c444a6eac0c7b6cd317bc71d70e09e8e9d8b0a57308ceb8b4c11921129cc5ae1,v2,target,standard,standard_g_control_repair_v2,G|LP0911|control,2
LP0912,G|LP0912|control|replicate_2|fmt_v2,G-280b26bb06b019b4e205f00551e50f5f6daf9309,3,dances,control,full_questionnaire,google/gemma-4-31B-it,1455843114,346783a62aa7259e101fa32128352364fe092f8aee0b6419e2f7e896d7b5bd6f,bcaa458f2e7f821091248e7ba1d70324b9f438036e522008260e589262a97ed5,krsteski_demo_survey_adapted_v1,prompt_compiler_v2_split_g_f,c444a6eac0c7b6cd317bc71d70e09e8e9d8b0a57308ceb8b4c11921129cc5ae1,v2,target,standard,standard_g_control_repair_v2,G|LP0912|control,2
LP0913,G|LP0913|control|replicate_2|fmt_v2,G-7ebabbc4bd63aadf39e9d07034d46a8a76b2e447,3,dances,control,full_questionnaire,google/gemma-4-31B-it,987308650,6ce486d76d235aa47601cd722e308e141b5627a2b54473c6be8d28008542130f,74d22e4f6bc6a2017a189b47d4b7a800ad7e0ca5096ce900f11bfd5d21a5d308,krsteski_demo_survey_adapted_v1,prompt_compiler_v2_split_g_f,c444a6eac0c7b6cd317bc71d70e09e8e9d8b0a57308ceb8b4c11921129cc5ae1,v2,target,standard,standard_g_control_repair_v2,G|LP0913|control,2
LP0914,G|LP0914|control|replicate_2|fmt_v2,G-df4ca2eab52b59dba3b2b8817faf8704159fd670,3,dances,control,full_questionnaire,google/gemma-4-31B-it,1942265779,b116089abc8a5733ad07c2ee56812d257a0eb21d82d4fc7f6eaddd3cf4a20db4,3304ff7c132e8a83b1a8f34f0416065b7d23b685df0d4b4ea3fbbe793a93b8a4,krsteski_demo_survey_adapted_v1,prompt_compiler_v2_split_g_f,c444a6eac0c7b6cd317bc71d70e09e8e9d8b0a57308ceb8b4c11921129cc5ae1,v2,target,standard,standard_g_control_repair_v2,G|LP0914|control,2
LP0916,G|LP0916|control|replicate_2|fmt_v2,G-3a1ac7cf27e97915d55ca3390cb64c599d284792,3,dances,control,full_questionnaire,google/gemma-4-31B-it,471795892,6be4865789edaf5228bbcb1842cdab5fed5a9a825dc1d11d122bb9002de958b4,6feadfccbbc4808c590f125a0262bff0e199d2611fb3f19e5bb6ab8e73c1c1f9,krsteski_demo_survey_adapted_v1,prompt_compiler_v2_split_g_f,c444a6eac0c7b6cd317bc71d70e09e8e9d8b0a57308ceb8b4c11921129cc5ae1,v2,target,standard,standard_g_control_repair_v2,G|LP0916|control,2
LP0918,G|LP0918|control|replicate_2|fmt_v2,G-46edbf6968d49fc3ef9aaa3a091a4e8793425f81,2,baseball,control,full_questionnaire,google/gemma-4-31B-it,1991253654,b9d070ee066083b24826b88465fc772be1d922b770529c84cecc8527b0370cbb,ab0fdf2f5a89282ad9bbbe710f0bce609804284bbc2b55b041f4bc61763c57e7,krsteski_demo_survey_adapted_v1,prompt_compiler_v2_split_g_f,c444a6eac0c7b6cd317bc71d70e09e8e9d8b0a57308ceb8b4c11921129cc5ae1,v2,target,standard,standard_g_control_repair_v2,G|LP0918|control,2
LP0919,G|LP0919|control|replicate_2|fmt_v2,G-f12c9ef9679a2f44d22bcf2481a32e637ff7f67c,2,baseball,control,full_questionnaire,google/gemma-4-31B-it,1240689978,e1ef7bf3034a857778e8f3891b9ed0a1dc0d2bfdc137e6cc0f6ace558fdbd656,175d3e89619cbb2ca7a83f7cc3e0ceb05d562610af1d73c8124156708bb724e4,krsteski_demo_survey_adapted_v1,prompt_compiler_v2_split_g_f,c444a6eac0c7b6cd317bc71d70e09e8e9d8b0a57308ceb8b4c11921129cc5ae1,v2,target,standard,standard_g_control_repair_v2,G|LP0919|control,2
LP0920,G|LP0920|control|replicate_2|fmt_v2,G-2b2011f476d0b953a8b5e72f27806119811ce85e,3,dances,control,full_questionnaire,google/gemma-4-31B-it,1292950844,e4ec7e56199c177f3d2946e8dcec5c6a0a4243132a686a1c01ac7a437639610e,068108676f2e404236b07752d50bc23456d2d02039f57d47f9fe2fa2854974e6,krsteski_demo_survey_adapted_v1,prompt_compiler_v2_split_g_f,c444a6eac0c7b6cd317bc71d70e09e8e9d8b0a57308ceb8b4c11921129cc5ae1,v2,target,standard,standard_g_control_repair_v2,G|LP0920|control,2
LP0921,G|LP0921|control|replicate_2|fmt_v2,G-8e2b7a5143bdc06a041c9515e2b95bca42e930cc,3,dances,control,full_questionnaire,google/gemma-4-31B-it,1611969806,5d7eb5eefc76141c47e42f18c8c6914c92fa246f30b1b77c1b2f0719d1e30aa4,57f76584a5ff1c61733bf0ef245965bf47bbb735b6e6a350221727bccdafe061,krsteski_demo_survey_adapted_v1,prompt_compiler_v2_split_g_f,c444a6eac0c7b6cd317bc71d70e09e8e9d8b0a57308ceb8b4c11921129cc5ae1,v2,target,standard,standard_g_control_repair_v2,G|LP0921|control,2
LP0922,G|LP0922|control|replicate_2|fmt_v2,G-013428972268e837f78a6b6e50484a7fba4210e9,2,baseball,control,full_questionnaire,google/gemma-4-31B-it,617691493,6e5e93915f1bd5dd8ddf17ad5fccfa19c0e27c9edf635a96867855df46a480a0,5f7d07b470b54a5cafb17164344fd857d32476ff684398def613e82b6b9c0584,krsteski_demo_survey_adapted_v1,prompt_compiler_v2_split_g_f,c444a6eac0c7b6cd317bc71d70e09e8e9d8b0a57308ceb8b4c11921129cc5ae1,v2,target,standard,standard_g_control_repair_v2,G|LP0922|control,2
LP0923,G|LP0923|control|replicate_2|fmt_v2,G-4a78468119aff01bc32a881ab9b1bd063c8d6a7a,3,dances,control,full_questionnaire,google/gemma-4-31B-it,782269726,04298a37e3636fd6436689a99ac10553008450aa2e335ae663e70c1239b18b43,f00262b7a5392a5e50e5e2da8f63fc31bff82f766b1d063674f96d3355c10ae8,krsteski_demo_survey_adapted_v1,prompt_compiler_v2_split_g_f,c444a6eac0c7b6cd317bc71d70e09e8e9d8b0a57308ceb8b4c11921129cc5ae1,v2,target,standard,standard_g_control_repair_v2,G|LP0923|control,2
LP0927,G|LP0927|control|replicate_2|fmt_v2,G-0645a5cc16872d6c939b3a2bedd77f89436707ac,2,baseball,control,full_questionnaire,google/gemma-4-31B-it,588413188,fecf2d14af8b31cef9ed33c3909d4c116ec21e895c6fd80cebfa8a8aefd41195,a9a17d71ff912bda5de0b51aa01d4899976866e2b7576a3599597ddb74247476,krsteski_demo_survey_adapted_v1,prompt_compiler_v2_split_g_f,c444a6eac0c7b6cd317bc71d70e09e8e9d8b0a57308ceb8b4c11921129cc5ae1,v2,target,standard,standard_g_control_repair_v2,G|LP0927|control,2
LP0928,G|LP0928|control|replicate_2|fmt_v2,G-ba878be6cf37d91668442b62173ea1310d370342,3,dances,control,full_questionnaire,google/gemma-4-31B-it,1145499878,ea336de589a8a909e6ba4293cbb8b5006edc61f4b4b985629b19c17c9b9de2c9,80795f7420a1828775290d44b68771a715025c5acdc160e5378bc09d1b5cd531,krsteski_demo_survey_adapted_v1,prompt_compiler_v2_split_g_f,c444a6eac0c7b6cd317bc71d70e09e8e9d8b0a57308ceb8b4c11921129cc5ae1,v2,target,standard,standard_g_control_repair_v2,G|LP0928|control,2
LP0929,G|LP0929|control|replicate_2|fmt_v2,G-e3922e5bebd464972a9f9613695bee740c52b024,3,dances,control,full_questionnaire,google/gemma-4-31B-it,855163218,f256dadefa5d7e64b57a43bfdca8400afd2b70163c8d571ea6d0710cc770cda2,0ef02b32aed358d516241279906311825ac5c362ffa58bf89f0cff5706ab6858,krsteski_demo_survey_adapted_v1,prompt_compiler_v2_split_g_f,c444a6eac0c7b6cd317bc71d70e09e8e9d8b0a57308ceb8b4c11921129cc5ae1,v2,target,standard,standard_g_control_repair_v2,G|LP0929|control,2
LP0930,G|LP0930|control|replicate_2|fmt_v2,G-50d9fb16736d0e60e20afd4d00a717e086a61049,2,baseball,control,full_questionnaire,google/gemma-4-31B-it,354485390,0617382d11d350fdceb8b3114989995d56081f81735a509d6ac2e6b394e89a20,95688658f8b8d47c9c8d7024f11cc7e497e661699b9a28d72142533133efe8cd,krsteski_demo_survey_adapted_v1,prompt_compiler_v2_split_g_f,c444a6eac0c7b6cd317bc71d70e09e8e9d8b0a57308ceb8b4c11921129cc5ae1,v2,target,standard,standard_g_control_repair_v2,G|LP0930|control,2
LP0932,G|LP0932|control|replicate_2|fmt_v2,G-192edab5c816af30f416f80cdd7d2805ffeedcb7,2,baseball,control,full_questionnaire,google/gemma-4-31B-it,2054448283,d87ad27e4a2acd4d306f5afb1ea1686de335c89a4df481caaebb33e1414ddc9c,853f096c4028ce32bde1cc3a3e5d063dfb2b094aaef91a731d8d49f02d9250c0,krsteski_demo_survey_adapted_v1,prompt_compiler_v2_split_g_f,c444a6eac0c7b6cd317bc71d70e09e8e9d8b0a57308ceb8b4c11921129cc5ae1,v2,target,standard,standard_g_control_repair_v2,G|LP0932|control,2
LP0933,G|LP0933|control|replicate_2|fmt_v2,G-2086e5daa2d54c9ebb7dd64305c4710650b9e613,2,baseball,control,full_questionnaire,google/gemma-4-31B-it,1675827283,fe7807e658ba1e60791936af223aad06319f2da8a411898f275a6cf7fe3d742e,e1ba8f56f11ff0231487cbe2d31f95799407ffa7be765765565a7c1337335fb4,krsteski_demo_survey_adapted_v1,prompt_compiler_v2_split_g_f,c444a6eac0c7b6cd317bc71d70e09e8e9d8b0a57308ceb8b4c11921129cc5ae1,v2,target,standard,standard_g_control_repair_v2,G|LP0933|control,2
LP0936,G|LP0936|control|replicate_2|fmt_v2,G-b11416beb843c9a9de4b4ad8754132ffde253e3a,2,baseball,control,full_questionnaire,google/gemma-4-31B-it,443283241,4c982af4eabcf33675619c83a9b178c42943bbcd2937ab52d1f7a4d837eb4e0b,2f283341263ece8bdda396bb0a7b492edf60ad6c271ad09efba29b9d8231244d,krsteski_demo_survey_adapted_v1,prompt_compiler_v2_split_g_f,c444a6eac0c7b6cd317bc71d70e09e8e9d8b0a57308ceb8b4c11921129cc5ae1,v2,target,standard,standard_g_control_repair_v2,G|LP0936|control,2
LP0937,G|LP0937|control|replicate_2|fmt_v2,G-6b54e879fda853a4299a5bc89dcbb891f7fe9611,2,baseball,control,full_questionnaire,google/gemma-4-31B-it,1414669465,432bcf969bf2926eb8db679845067ca27f849a6b9fd17bcb434df0d8802748ad,df3cffc3387d2d032d676be1885201bdab5635202d3ecd7c397542171469c65d,krsteski_demo_survey_adapted_v1,prompt_compiler_v2_split_g_f,c444a6eac0c7b6cd317bc71d70e09e8e9d8b0a57308ceb8b4c11921129cc5ae1,v2,target,standard,standard_g_control_repair_v2,G|LP0937|control,2
LP0938,G|LP0938|control|replicate_2|fmt_v2,G-c5e494cfd530492e64b9761fe933c023b8dd1ae9,2,baseball,control,full_questionnaire,google/gemma-4-31B-it,1626960592,d28516f19e4c86026824ba997309189565262eb0cac07fce605661c2e78509a7,8e7e715dd759c9180343ac172b647c46fa3af0d9e1e5a240759b1b37312271fd,krsteski_demo_survey_adapted_v1,prompt_compiler_v2_split_g_f,c444a6eac0c7b6cd317bc71d70e09e8e9d8b0a57308ceb8b4c11921129cc5ae1,v2,target,standard,standard_g_control_repair_v2,G|LP0938|control,2
LP0939,G|LP0939|control|replicate_2|fmt_v2,G-72b7989721753941864b2f958dbce0874ef709e6,2,baseball,control,full_questionnaire,google/gemma-4-31B-it,115632753,021eead5ecb90b12b8edc71c77eac1d96f26d91482fa7d9a676fb9e1169637e7,2f283341263ece8bdda396bb0a7b492edf60ad6c271ad09efba29b9d8231244d,krsteski_demo_survey_adapted_v1,prompt_compiler_v2_split_g_f,c444a6eac0c7b6cd317bc71d70e09e8e9d8b0a57308ceb8b4c11921129cc5ae1,v2,target,standard,standard_g_control_repair_v2,G|LP0939|control,2
LP0943,G|LP0943|control|replicate_2|fmt_v2,G-c2ba000e56bba6e95bf56df960e0f8a1952dd2c6,2,baseball,control,full_questionnaire,google/gemma-4-31B-it,1546626824,2617fb0049f06c9674407881fbc31dca54ce39a6766d4de048d55dbbdcea251c,95182075b7a5116fadd4347fa6f598518a64e8b056a3893fea56ca5fadcf9451,krsteski_demo_survey_adapted_v1,prompt_compiler_v2_split_g_f,c444a6eac0c7b6cd317bc71d70e09e8e9d8b0a57308ceb8b4c11921129cc5ae1,v2,target,standard,standard_g_control_repair_v2,G|LP0943|control,2
LP0946,G|LP0946|control|replicate_2|fmt_v2,G-6b28cc8cbc6c1f625d37d2a67177630be4f8e07c,2,baseball,control,full_questionnaire,google/gemma-4-31B-it,314423421,ae53b8f656b4a7af86bc1202f52836d7f69f8c2ff965a8205a7e043ef88d67cc,160eb5df13edc6e50dff3bb495c33e711771bae644f115a9d1dd7315cb09fcdf,krsteski_demo_survey_adapted_v1,prompt_compiler_v2_split_g_f,c444a6eac0c7b6cd317bc71d70e09e8e9d8b0a57308ceb8b4c11921129cc5ae1,v2,target,standard,standard_g_control_repair_v2,G|LP0946|control,2
LP0947,G|LP0947|control|replicate_2|fmt_v2,G-780fe12ee5840315249d617baa6b3e38c33cb3ea,3,dances,control,full_questionnaire,google/gemma-4-31B-it,1436796276,6e06e78e7c997fe90693af8e9d668eba390be2a6a27b6e12170e25a19b4e9131,87e3ccbe57528e4eff1e3b8bc29173f7bfb94429cf88915552a6975a5adc8377,krsteski_demo_survey_adapted_v1,prompt_compiler_v2_split_g_f,c444a6eac0c7b6cd317bc71d70e09e8e9d8b0a57308ceb8b4c11921129cc5ae1,v2,target,standard,standard_g_control_repair_v2,G|LP0947|control,2
LP0948,G|LP0948|control|replicate_2|fmt_v2,G-a93b9b7d1f59db2b7a1a6bcbd1c35e54f0adab0f,2,baseball,control,full_questionnaire,google/gemma-4-31B-it,1909527079,5238debef6a98fd02be8c8710e2e84643a8e90cbeca0dcb84f5d63c435f469a5,5fa9c5d12339c91d87f96d73e480501ad1881eb93d99fe7510f5c83832881ff9,krsteski_demo_survey_adapted_v1,prompt_compiler_v2_split_g_f,c444a6eac0c7b6cd317bc71d70e09e8e9d8b0a57308ceb8b4c11921129cc5ae1,v2,target,standard,standard_g_control_repair_v2,G|LP0948|control,2
LP0950,G|LP0950|control|replicate_2|fmt_v2,G-91413e3179be2932bf992529c21bfe50231e08ff,2,baseball,control,full_questionnaire,google/gemma-4-31B-it,473998743,df38852688c1762855736d3a9d08d81f31fd809c6319164251fb94d9d7a3c04f,423d74445805fb2a8ae1ea41fbd40ec62d20337531baef54b0674f03abf0f156,krsteski_demo_survey_adapted_v1,prompt_compiler_v2_split_g_f,c444a6eac0c7b6cd317bc71d70e09e8e9d8b0a57308ceb8b4c11921129cc5ae1,v2,target,standard,standard_g_control_repair_v2,G|LP0950|control,2
LP0951,G|LP0951|control|replicate_2|fmt_v2,G-5e0125b92612eefcee6d4518eb90ef45e8ca5dc3,2,baseball,control,full_questionnaire,google/gemma-4-31B-it,1645558383,79d94b5efdea09b95f7925eab61ce69783a0efef8b349eb367a6f97d950ef826,4a8ccc2f7e458cc0e1100c7470299f3d0c02e4c01833b8a586127861fb98f104,krsteski_demo_survey_adapted_v1,prompt_compiler_v2_split_g_f,c444a6eac0c7b6cd317bc71d70e09e8e9d8b0a57308ceb8b4c11921129cc5ae1,v2,target,standard,standard_g_control_repair_v2,G|LP0951|control,2
LP0953,G|LP0953|control|replicate_2|fmt_v2,G-af589d97af5126b18c6ad964ca60c807f45dff43,2,baseball,control,full_questionnaire,google/gemma-4-31B-it,235037155,53cdadcf4cce1b4cf5fc540fe3b48b0bcbcbfdd96941fa6be847f05904ee5fde,dd25b57558baa48c752efb9f8ed1ed973491d2faae229c4d74096b3984a3f55d,krsteski_demo_survey_adapted_v1,prompt_compiler_v2_split_g_f,c444a6eac0c7b6cd317bc71d70e09e8e9d8b0a57308ceb8b4c11921129cc5ae1,v2,target,standard,standard_g_control_repair_v2,G|LP0953|control,2
LP0954,G|LP0954|control|replicate_2|fmt_v2,G-1544ae5c3825aecf03c88052f506b0328e6a2f9d,3,dances,control,full_questionnaire,google/gemma-4-31B-it,1655638919,9d637af14b40ba7c098c13206d6d6635bf8e9d22ca3f3c0a037f62c88a7881e7,173ecccd0aeff9962c089cb3cf359fcbd1de1130be32d8d588600bc1195636c0,krsteski_demo_survey_adapted_v1,prompt_compiler_v2_split_g_f,c444a6eac0c7b6cd317bc71d70e09e8e9d8b0a57308ceb8b4c11921129cc5ae1,v2,target,standard,standard_g_control_repair_v2,G|LP0954|control,2
LP0956,G|LP0956|control|replicate_2|fmt_v2,G-095f054b65f61752cfd6d3f06087c6aaa7c62062,2,baseball,control,full_questionnaire,google/gemma-4-31B-it,2025071080,cf19d4c657c08a6581cf550f7c0158021f5e191c6d6a6e84d46a12600910a7b3,402d5709f78fba848fc8fd1774fa19383ed88fea79141c5e1d5bb421f54a21e9,krsteski_demo_survey_adapted_v1,prompt_compiler_v2_split_g_f,c444a6eac0c7b6cd317bc71d70e09e8e9d8b0a57308ceb8b4c11921129cc5ae1,v2,target,standard,standard_g_control_repair_v2,G|LP0956|control,2
LP0957,G|LP0957|control|replicate_2|fmt_v2,G-c8475d8dc9b24e92ec0ea9f952dbf7aec88a9cc5,2,baseball,control,full_questionnaire,google/gemma-4-31B-it,1514211760,0cefae98fc97ba63217777ec852e85ff8be6d6829b4c773a2537be5f99ce647c,13f44cafbbb9216818e250c7abce4f36ba49a81c22772f0ee3ecd2cbc144eb30,krsteski_demo_survey_adapted_v1,prompt_compiler_v2_split_g_f,c444a6eac0c7b6cd317bc71d70e09e8e9d8b0a57308ceb8b4c11921129cc5ae1,v2,target,standard,standard_g_control_repair_v2,G|LP0957|control,2
LP0958,G|LP0958|control|replicate_2|fmt_v2,G-5dfa708425b0a499c117c0d23224b4067fd4e8fd,2,baseball,control,full_questionnaire,google/gemma-4-31B-it,1638237602,eb1750065b3dfd35d619f80b3764898676e9781aa6f076a18d70430c936c4126,117eba8f4c7414846d5cd02a8fc4387fef2de7f0d7ef18044944cf9132587b2e,krsteski_demo_survey_adapted_v1,prompt_compiler_v2_split_g_f,c444a6eac0c7b6cd317bc71d70e09e8e9d8b0a57308ceb8b4c11921129cc5ae1,v2,target,standard,standard_g_control_repair_v2,G|LP0958|control,2
LP0959,G|LP0959|control|replicate_2|fmt_v2,G-86a5b36576c18e09f3790a143d1f84dbabbd2d63,3,dances,control,full_questionnaire,google/gemma-4-31B-it,67957974,6ee63a41c2c5ea0b126a8ebda3a65c8c04c1af2f174cd49399d5b4c1594c68d9,6feadfccbbc4808c590f125a0262bff0e199d2611fb3f19e5bb6ab8e73c1c1f9,krsteski_demo_survey_adapted_v1,prompt_compiler_v2_split_g_f,c444a6eac0c7b6cd317bc71d70e09e8e9d8b0a57308ceb8b4c11921129cc5ae1,v2,target,standard,standard_g_control_repair_v2,G|LP0959|control,2
LP0960,G|LP0960|control|replicate_2|fmt_v2,G-b1d8f84f4d54e65b15e47f48aceef8d67c435f5d,2,baseball,control,full_questionnaire,google/gemma-4-31B-it,822531836,f46680004494055afc28ba4f24f6516a1cf298dacaf1802c627bd813043b403e,f00262b7a5392a5e50e5e2da8f63fc31bff82f766b1d063674f96d3355c10ae8,krsteski_demo_survey_adapted_v1,prompt_compiler_v2_split_g_f,c444a6eac0c7b6cd317bc71d70e09e8e9d8b0a57308ceb8b4c11921129cc5ae1,v2,target,standard,standard_g_control_repair_v2,G|LP0960|control,2
LP0964,G|LP0964|control|replicate_2|fmt_v2,G-08104829f41d29d9d49fe35190fccf127db11959,2,baseball,control,full_questionnaire,google/gemma-4-31B-it,71154221,3991e124f470add2eabbcf9afcd3785dd638257d03325518457bd2a79f826de1,2476bbc7dc10dc5a04ca7990c929a6fdf7d44ffc9923ad98f84bdbe443344c9d,krsteski_demo_survey_adapted_v1,prompt_compiler_v2_split_g_f,c444a6eac0c7b6cd317bc71d70e09e8e9d8b0a57308ceb8b4c11921129cc5ae1,v2,target,standard,standard_g_control_repair_v2,G|LP0964|control,2
LP0967,G|LP0967|control|replicate_2|fmt_v2,G-a40ed2d875f687368955ac71106e170993d8aba3,2,baseball,control,full_questionnaire,google/gemma-4-31B-it,1041509609,cd05b6a559312f9de4a30739042a08e62a6480b897dd2592c7eb243e773b4c38,f6e79632b071296a8163c418ba80cacd2272850a3d280064326088189590fa0d,krsteski_demo_survey_adapted_v1,prompt_compiler_v2_split_g_f,c444a6eac0c7b6cd317bc71d70e09e8e9d8b0a57308ceb8b4c11921129cc5ae1,v2,target,standard,standard_g_control_repair_v2,G|LP0967|control,2
LP0968,G|LP0968|control|replicate_2|fmt_v2,G-726248c0278d9fb734fd4cea18dfaff4ae96ff56,2,baseball,control,full_questionnaire,google/gemma-4-31B-it,206713145,5015cedb0065c30fed89be97417df1069db1facb3c0a593e7e57aab8e305ae42,9c6bac8195a40be87e164a13bf1c975850421481d9cae33e8c028c3a60027ce1,krsteski_demo_survey_adapted_v1,prompt_compiler_v2_split_g_f,c444a6eac0c7b6cd317bc71d70e09e8e9d8b0a57308ceb8b4c11921129cc5ae1,v2,target,standard,standard_g_control_repair_v2,G|LP0968|control,2
LP0969,G|LP0969|control|replicate_2|fmt_v2,G-41ee057b0ee195ab01002db9caf854defa9901a5,3,dances,control,full_questionnaire,google/gemma-4-31B-it,314417314,727b995271dd3553cccca039221978aa73bac84c683ea3b2730399c54dd18c3f,f6e79632b071296a8163c418ba80cacd2272850a3d280064326088189590fa0d,krsteski_demo_survey_adapted_v1,prompt_compiler_v2_split_g_f,c444a6eac0c7b6cd317bc71d70e09e8e9d8b0a57308ceb8b4c11921129cc5ae1,v2,target,standard,standard_g_control_repair_v2,G|LP0969|control,2
LP0970,G|LP0970|control|replicate_2|fmt_v2,G-44e0cabb395f10ece0e387abde4ba7ca5eb99cdf,3,dances,control,full_questionnaire,google/gemma-4-31B-it,1126213219,1f3aab0276f1b0c3173d62c063e4c8013886334d4ec834720f7f8979a17aca2f,2476bbc7dc10dc5a04ca7990c929a6fdf7d44ffc9923ad98f84bdbe443344c9d,krsteski_demo_survey_adapted_v1,prompt_compiler_v2_split_g_f,c444a6eac0c7b6cd317bc71d70e09e8e9d8b0a57308ceb8b4c11921129cc5ae1,v2,target,standard,standard_g_control_repair_v2,G|LP0970|control,2
LP0971,G|LP0971|control|replicate_2|fmt_v2,G-834a7dc523365db2d5db2a6fff03f642dd2ccb1e,3,dances,control,full_questionnaire,google/gemma-4-31B-it,701192510,3f324c9feb88fa7b9f1d8e62a8c49ebdc8219c35bfe6d4f4146f4cc7f0ebb6a1,0aea5f34d3d057b0d300be3ff57b856d896603ba75b1a0863de9cd5246964d13,krsteski_demo_survey_adapted_v1,prompt_compiler_v2_split_g_f,c444a6eac0c7b6cd317bc71d70e09e8e9d8b0a57308ceb8b4c11921129cc5ae1,v2,target,standard,standard_g_control_repair_v2,G|LP0971|control,2
LP0972,G|LP0972|control|replicate_2|fmt_v2,G-2ab57ead5d16c392ecdf2112632fb161685c9383,2,baseball,control,full_questionnaire,google/gemma-4-31B-it,847364333,273e9ccbbbd9abc8e9a3ff04e3bd2210fd99c23808558dc449b5814a4b53a802,6ba764af62e00471c67ba9fd361e9793a0a511d522c6713d370bfeb024754774,krsteski_demo_survey_adapted_v1,prompt_compiler_v2_split_g_f,c444a6eac0c7b6cd317bc71d70e09e8e9d8b0a57308ceb8b4c11921129cc5ae1,v2,target,standard,standard_g_control_repair_v2,G|LP0972|control,2
LP0974,G|LP0974|control|replicate_2|fmt_v2,G-89dc056bfd4aacc9f28f145aea9c8d528d8ef308,3,dances,control,full_questionnaire,google/gemma-4-31B-it,285390755,c919910d4f76dd2a15729f7884b08bd3249299572a277607c665f747e4b4e655,e1ba8f56f11ff0231487cbe2d31f95799407ffa7be765765565a7c1337335fb4,krsteski_demo_survey_adapted_v1,prompt_compiler_v2_split_g_f,c444a6eac0c7b6cd317bc71d70e09e8e9d8b0a57308ceb8b4c11921129cc5ae1,v2,target,standard,standard_g_control_repair_v2,G|LP0974|control,2
LP0975,G|LP0975|control|replicate_2|fmt_v2,G-eb8f1fae6a03c5f6d9ca4f7fc8a308588f0af308,3,dances,control,full_questionnaire,google/gemma-4-31B-it,1092748630,a6da5a0ba4b39e014b3a6646b69478a8a8252c94bca96246d94877017a4e18d3,e1747b1ddf32e9a6c283e3e71f37c1fae57384de97156d38126c07cf7d8bb2ff,krsteski_demo_survey_adapted_v1,prompt_compiler_v2_split_g_f,c444a6eac0c7b6cd317bc71d70e09e8e9d8b0a57308ceb8b4c11921129cc5ae1,v2,target,standard,standard_g_control_repair_v2,G|LP0975|control,2
LP0978,G|LP0978|control|replicate_2|fmt_v2,G-eb9afd1ae620e1cf70ca54f8bdf311ed88cdb272,3,dances,control,full_questionnaire,google/gemma-4-31B-it,1029102600,6c7f8a97269f35412691a84bcbd735d63a485f3faa951581b16ff47ee787be00,64f9451098cc990fe352150828d3e8291a59504e7c37ea76f5286ec92543c90a,krsteski_demo_survey_adapted_v1,prompt_compiler_v2_split_g_f,c444a6eac0c7b6cd317bc71d70e09e8e9d8b0a57308ceb8b4c11921129cc5ae1,v2,target,standard,standard_g_control_repair_v2,G|LP0978|control,2
LP0979,G|LP0979|control|replicate_2|fmt_v2,G-c524c2efab4bec7140fa2a27df86581f9595e74e,2,baseball,control,full_questionnaire,google/gemma-4-31B-it,898986579,74c0c24eed5d5bd4418ec9865314abcb967bd500e774af04dfc9b018d605b0c5,ba628fff9d615d282866977122010efd6fa93fab5aaa45475b908a23302e7147,krsteski_demo_survey_adapted_v1,prompt_compiler_v2_split_g_f,c444a6eac0c7b6cd317bc71d70e09e8e9d8b0a57308ceb8b4c11921129cc5ae1,v2,target,standard,standard_g_control_repair_v2,G|LP0979|control,2
LP0980,G|LP0980|control|replicate_2|fmt_v2,G-615570c7a484bf7720abd42997ba6bb02c2723d8,2,baseball,control,full_questionnaire,google/gemma-4-31B-it,1731174663,3be83a64c327c8286efc1b86fb78e8c2886484a4f1bf0b254701e263c860b305,87e3ccbe57528e4eff1e3b8bc29173f7bfb94429cf88915552a6975a5adc8377,krsteski_demo_survey_adapted_v1,prompt_compiler_v2_split_g_f,c444a6eac0c7b6cd317bc71d70e09e8e9d8b0a57308ceb8b4c11921129cc5ae1,v2,target,standard,standard_g_control_repair_v2,G|LP0980|control,2
LP0981,G|LP0981|control|replicate_2|fmt_v2,G-80f3ea11635e3e80bc6cf214aeaebc4421faeec1,2,baseball,control,full_questionnaire,google/gemma-4-31B-it,1699091108,e7b2f5ae7693e8f5a80d978c110956f44692333f0eeff5ea793ee4d4ab31225b,d94445606cda6c5048271412ed232f3610e9b3a57806f6bf4039d733c88da962,krsteski_demo_survey_adapted_v1,prompt_compiler_v2_split_g_f,c444a6eac0c7b6cd317bc71d70e09e8e9d8b0a57308ceb8b4c11921129cc5ae1,v2,target,standard,standard_g_control_repair_v2,G|LP0981|control,2
LP0982,G|LP0982|control|replicate_2|fmt_v2,G-ef7cd1f7003309ff4c45debffb6e7774e77a0412,2,baseball,control,full_questionnaire,google/gemma-4-31B-it,1596763632,4870adec53ccea9b75e18af2c45b7777b46d8ec4f6beb603b86921a9f88a4f09,734c3e0b8e32d2af4e6e738777cbbaf97b761f0ada793b2cd3ace9e2a984beda,krsteski_demo_survey_adapted_v1,prompt_compiler_v2_split_g_f,c444a6eac0c7b6cd317bc71d70e09e8e9d8b0a57308ceb8b4c11921129cc5ae1,v2,target,standard,standard_g_control_repair_v2,G|LP0982|control,2
LP0983,G|LP0983|control|replicate_2|fmt_v2,G-c9c82964d9fe1f8f462d6ce9b2ffef7849e6223c,3,dances,control,full_questionnaire,google/gemma-4-31B-it,1838051931,6b6492cc59507cbdabbdaf95a0f9251c90750e3021207321c9003c690cc7065f,0e0e962bc48e41e706fcd85e7194ed969e2b19534dce8b4f6cd6f56b1e85569e,krsteski_demo_survey_adapted_v1,prompt_compiler_v2_split_g_f,c444a6eac0c7b6cd317bc71d70e09e8e9d8b0a57308ceb8b4c11921129cc5ae1,v2,target,standard,standard_g_control_repair_v2,G|LP0983|control,2
LP0984,G|LP0984|control|replicate_2|fmt_v2,G-b00b585c6ae716c22b33811e5cc7f57649b3419e,2,baseball,control,full_questionnaire,google/gemma-4-31B-it,1258145661,612f7589de13e118daca834aa724a498aabb4a4087b5092c0f96cb4f693d9c34,b0580f5fb9141397ecf377b40e8d1778ea4457ec196d7fea02c80181030893fe,krsteski_demo_survey_adapted_v1,prompt_compiler_v2_split_g_f,c444a6eac0c7b6cd317bc71d70e09e8e9d8b0a57308ceb8b4c11921129cc5ae1,v2,target,standard,standard_g_control_repair_v2,G|LP0984|control,2
LP0985,G|LP0985|control|replicate_2|fmt_v2,G-7bd24c921a9a08f37d03c7acbdd3acdc7b3c862d,2,baseball,control,full_questionnaire,google/gemma-4-31B-it,306094617,910e0dee34648ad723cddb8a59d966b047d5cf84fbd4ae8eb382cf1b9b144b14,13989d375cddadcde74b04df2f2b7a020012640c64914f315d5de4156b6f263d,krsteski_demo_survey_adapted_v1,prompt_compiler_v2_split_g_f,c444a6eac0c7b6cd317bc71d70e09e8e9d8b0a57308ceb8b4c11921129cc5ae1,v2,target,standard,standard_g_control_repair_v2,G|LP0985|control,2
LP0987,G|LP0987|control|replicate_2|fmt_v2,G-2da8993e43e8204472c1589a7500aeb1c013e3a6,2,baseball,control,full_questionnaire,google/gemma-4-31B-it,523850433,0f5d1b36bfc2211b5ee114d4a5fff15d55fbbb34b5982b03e163282bc85b2079,5f7d07b470b54a5cafb17164344fd857d32476ff684398def613e82b6b9c0584,krsteski_demo_survey_adapted_v1,prompt_compiler_v2_split_g_f,c444a6eac0c7b6cd317bc71d70e09e8e9d8b0a57308ceb8b4c11921129cc5ae1,v2,target,standard,standard_g_control_repair_v2,G|LP0987|control,2
LP0988,G|LP0988|control|replicate_2|fmt_v2,G-d929cf422b0c89a4415c80f5732d3d722e803cb1,2,baseball,control,full_questionnaire,google/gemma-4-31B-it,1566582827,97c1ff6e0296e21ed0fc335b7f6349223f580d3f51c1fd6aba1c0d9ade069026,734c3e0b8e32d2af4e6e738777cbbaf97b761f0ada793b2cd3ace9e2a984beda,krsteski_demo_survey_adapted_v1,prompt_compiler_v2_split_g_f,c444a6eac0c7b6cd317bc71d70e09e8e9d8b0a57308ceb8b4c11921129cc5ae1,v2,target,standard,standard_g_control_repair_v2,G|LP0988|control,2
LP0989,G|LP0989|control|replicate_2|fmt_v2,G-ede4ead2a1ce47c2ecddf09b86c9021b44f95d43,3,dances,control,full_questionnaire,google/gemma-4-31B-it,2107121002,8818f7f4feec4d9880a5fc993067698d46f769ce5f784a89a226e518bc0a836b,5c4e58c5a140c022c695242c7dac26b6753f5a9d39e4c4c63ce0eecab0d30202,krsteski_demo_survey_adapted_v1,prompt_compiler_v2_split_g_f,c444a6eac0c7b6cd317bc71d70e09e8e9d8b0a57308ceb8b4c11921129cc5ae1,v2,target,standard,standard_g_control_repair_v2,G|LP0989|control,2
LP0990,G|LP0990|control|replicate_2|fmt_v2,G-69fa6f401e524a7adf92e9cfd2ec587c95e4fa3d,2,baseball,control,full_questionnaire,google/gemma-4-31B-it,1917266171,6d83100fea0cf75c81c72c7b6e1b9d04150e3e93cbc452b90b4ed40fab1c1385,df3cffc3387d2d032d676be1885201bdab5635202d3ecd7c397542171469c65d,krsteski_demo_survey_adapted_v1,prompt_compiler_v2_split_g_f,c444a6eac0c7b6cd317bc71d70e09e8e9d8b0a57308ceb8b4c11921129cc5ae1,v2,target,standard,standard_g_control_repair_v2,G|LP0990|control,2
LP0992,G|LP0992|control|replicate_2|fmt_v2,G-a234360587907a3d946ad39d1ad9557e1a7ee7d2,2,baseball,control,full_questionnaire,google/gemma-4-31B-it,1274603082,99579bf7d35d7761aee664cde3b697c566cd64717d986f4dae53d63080249c7d,f56353b83194586fe0399f9880caf29829d2c29e68cd12ecb39a9f31810f47f2,krsteski_demo_survey_adapted_v1,prompt_compiler_v2_split_g_f,c444a6eac0c7b6cd317bc71d70e09e8e9d8b0a57308ceb8b4c11921129cc5ae1,v2,target,standard,standard_g_control_repair_v2,G|LP0992|control,2
LP0993,G|LP0993|control|replicate_2|fmt_v2,G-71a61523103503caf75212bf026804a4c55c045d,3,dances,control,full_questionnaire,google/gemma-4-31B-it,1937845777,f90e76f21f79ac389f5f57769d12c334cb569994a64cd47e3aaa5cdbe4520cb4,b0580f5fb9141397ecf377b40e8d1778ea4457ec196d7fea02c80181030893fe,krsteski_demo_survey_adapted_v1,prompt_compiler_v2_split_g_f,c444a6eac0c7b6cd317bc71d70e09e8e9d8b0a57308ceb8b4c11921129cc5ae1,v2,target,standard,standard_g_control_repair_v2,G|LP0993|control,2
LP0994,G|LP0994|control|replicate_2|fmt_v2,G-03a84d426d9cabd281cfbdeea800d77276cf78ad,3,dances,control,full_questionnaire,google/gemma-4-31B-it,1961707094,9c650c44403655b7445f73f9fe37fc0addee9317d5d4f4a779171d6cecb78c25,f6e79632b071296a8163c418ba80cacd2272850a3d280064326088189590fa0d,krsteski_demo_survey_adapted_v1,prompt_compiler_v2_split_g_f,c444a6eac0c7b6cd317bc71d70e09e8e9d8b0a57308ceb8b4c11921129cc5ae1,v2,target,standard,standard_g_control_repair_v2,G|LP0994|control,2
LP0996,G|LP0996|control|replicate_2|fmt_v2,G-f8cf0a115912859a9d7946ebe81a465ee1d91793,2,baseball,control,full_questionnaire,google/gemma-4-31B-it,1253087680,041334b7d93f566840c7b4f1162dda9841d009aeb0f228ab56b9e027d6931d0e,dd25b57558baa48c752efb9f8ed1ed973491d2faae229c4d74096b3984a3f55d,krsteski_demo_survey_adapted_v1,prompt_compiler_v2_split_g_f,c444a6eac0c7b6cd317bc71d70e09e8e9d8b0a57308ceb8b4c11921129cc5ae1,v2,target,standard,standard_g_control_repair_v2,G|LP0996|control,2
LP0997,G|LP0997|control|replicate_2|fmt_v2,G-ae8afb642977699972b447602311300462923273,2,baseball,control,full_questionnaire,google/gemma-4-31B-it,109928548,e63b7098440dcc354e31bbafb21bfbebd05b316668458d3b0b8c41774c70444b,45007adcb7552b0ad78c6d372e2e4b3d0b436e6ac933569a7062c190daa75257,krsteski_demo_survey_adapted_v1,prompt_compiler_v2_split_g_f,c444a6eac0c7b6cd317bc71d70e09e8e9d8b0a57308ceb8b4c11921129cc5ae1,v2,target,standard,standard_g_control_repair_v2,G|LP0997|control,2
LP1000,G|LP1000|control|replicate_2|fmt_v2,G-e4890888a35c14a7aacde78d04100bf9a036e2f5,3,dances,control,full_questionnaire,google/gemma-4-31B-it,1819157947,9c710834c4d59ce1d095521b732c777d96781af8f7b844da7df2bf4a9356ac24,e1ba8f56f11ff0231487cbe2d31f95799407ffa7be765765565a7c1337335fb4,krsteski_demo_survey_adapted_v1,prompt_compiler_v2_split_g_f,c444a6eac0c7b6cd317bc71d70e09e8e9d8b0a57308ceb8b4c11921129cc5ae1,v2,target,standard,standard_g_control_repair_v2,G|LP1000|control,2
