request_key,custom_id,role,study_id,profile_id,condition_id,outcome_id,replicate_id,requested_model,prompt_hash,schema_version,prompt_protocol_id,prompt_compiler_version,seed,status,required_fields,response_key_map,request_stage,engine_config_hash
G|LP0001|ConsensusExact|step2|attempt_1,G-bb5650110c75002a99560b1038d33cfe8be88227,G,target,LP0001,Consensus,consensus_exact_step2_estimate,1,google/gemma-4-31B-it,41b9b7c1131472ce8f99394b87b2be22097d0835bde632d5f87cb18ca110b622,ec9f25e6b68d12ca6182161cdc389e0da99a8cff29c47b015f1d07a6633e4cf0,consensus_benchmark_exact_v1,prompt_compiler_v2_split_g_f,52535375,pending,Q001,"{""Q001"": ""consensus_estimate_net_zero_before_2085""}",consensus_exact_step2,c444a6eac0c7b6cd317bc71d70e09e8e9d8b0a57308ceb8b4c11921129cc5ae1
G|LP0002|ConsensusExact|step2|attempt_1,G-7122d9ba9593d5390b59e1b237ed7d34c3dd4fcf,G,target,LP0002,Consensus,consensus_exact_step2_estimate,1,google/gemma-4-31B-it,d72b5ebd68ad1294c7c9e39c581e44e520ce354630124c8d8df9303835c223d2,ec9f25e6b68d12ca6182161cdc389e0da99a8cff29c47b015f1d07a6633e4cf0,consensus_benchmark_exact_v1,prompt_compiler_v2_split_g_f,2010745007,pending,Q001,"{""Q001"": ""consensus_estimate_net_zero_before_2085""}",consensus_exact_step2,c444a6eac0c7b6cd317bc71d70e09e8e9d8b0a57308ceb8b4c11921129cc5ae1
G|LP0003|ConsensusExact|step2|attempt_1,G-9de4e81e1a4077182203ba288f6eefc3f0c3efb0,G,target,LP0003,Consensus,consensus_exact_step2_estimate,1,google/gemma-4-31B-it,8cdb9f8208a24634aedb16fad6c54572efdad2187100b49cac800cf50b75ba77,ec9f25e6b68d12ca6182161cdc389e0da99a8cff29c47b015f1d07a6633e4cf0,consensus_benchmark_exact_v1,prompt_compiler_v2_split_g_f,1443514198,pending,Q001,"{""Q001"": ""consensus_estimate_net_zero_before_2085""}",consensus_exact_step2,c444a6eac0c7b6cd317bc71d70e09e8e9d8b0a57308ceb8b4c11921129cc5ae1
G|LP0004|ConsensusExact|step2|attempt_1,G-530bd7203875cc89fa7d28fee323fbb4873cb7b2,G,target,LP0004,Consensus,consensus_exact_step2_estimate,1,google/gemma-4-31B-it,a28e2543dcd47956728e2ffc0f6af6ea4ed119e9105795feff6617504fe02f0a,ec9f25e6b68d12ca6182161cdc389e0da99a8cff29c47b015f1d07a6633e4cf0,consensus_benchmark_exact_v1,prompt_compiler_v2_split_g_f,1586330314,pending,Q001,"{""Q001"": ""consensus_estimate_net_zero_before_2085""}",consensus_exact_step2,c444a6eac0c7b6cd317bc71d70e09e8e9d8b0a57308ceb8b4c11921129cc5ae1
G|LP0005|ConsensusExact|step2|attempt_1,G-00891ce9169695d8659cc451752736ef8565fd82,G,target,LP0005,Consensus,consensus_exact_step2_estimate,1,google/gemma-4-31B-it,60fc327e7168851736971ef5e322adb7ebad189f883584a12233dbac0d15ea1a,ec9f25e6b68d12ca6182161cdc389e0da99a8cff29c47b015f1d07a6633e4cf0,consensus_benchmark_exact_v1,prompt_compiler_v2_split_g_f,396939178,pending,Q001,"{""Q001"": ""consensus_estimate_net_zero_before_2085""}",consensus_exact_step2,c444a6eac0c7b6cd317bc71d70e09e8e9d8b0a57308ceb8b4c11921129cc5ae1
G|LP0006|ConsensusExact|step2|attempt_1,G-9e0cc9f8e70336ab4abea48e1560bf2540b21e85,G,target,LP0006,Consensus,consensus_exact_step2_estimate,1,google/gemma-4-31B-it,69322d46a29f573cf48940bc9b7c6e93cc7d78109f2e9bae8595958cd79d9c45,ec9f25e6b68d12ca6182161cdc389e0da99a8cff29c47b015f1d07a6633e4cf0,consensus_benchmark_exact_v1,prompt_compiler_v2_split_g_f,589089439,pending,Q001,"{""Q001"": ""consensus_estimate_net_zero_before_2085""}",consensus_exact_step2,c444a6eac0c7b6cd317bc71d70e09e8e9d8b0a57308ceb8b4c11921129cc5ae1
G|LP0007|ConsensusExact|step2|attempt_1,G-3502feb3a15fdb32d67c03febe8bfa2cbe027413,G,target,LP0007,Consensus,consensus_exact_step2_estimate,1,google/gemma-4-31B-it,6693a4fa330bfc1e05be9c3e60ae3b041f69d5d56f1c974845458524c8729b4e,ec9f25e6b68d12ca6182161cdc389e0da99a8cff29c47b015f1d07a6633e4cf0,consensus_benchmark_exact_v1,prompt_compiler_v2_split_g_f,191223962,pending,Q001,"{""Q001"": ""consensus_estimate_net_zero_before_2085""}",consensus_exact_step2,c444a6eac0c7b6cd317bc71d70e09e8e9d8b0a57308ceb8b4c11921129cc5ae1
G|LP0008|ConsensusExact|step2|attempt_1,G-1ea9d07c281b91543601e5dd6fcf5441989f5850,G,target,LP0008,Consensus,consensus_exact_step2_estimate,1,google/gemma-4-31B-it,6d3250c9351df747747056e97119acf1ed54d6884195e3781b3de211f978baae,ec9f25e6b68d12ca6182161cdc389e0da99a8cff29c47b015f1d07a6633e4cf0,consensus_benchmark_exact_v1,prompt_compiler_v2_split_g_f,1701786188,pending,Q001,"{""Q001"": ""consensus_estimate_net_zero_before_2085""}",consensus_exact_step2,c444a6eac0c7b6cd317bc71d70e09e8e9d8b0a57308ceb8b4c11921129cc5ae1
G|LP0009|ConsensusExact|step2|attempt_1,G-34b3d81bfb1272a0285690fb2c53642e708cded8,G,target,LP0009,Consensus,consensus_exact_step2_estimate,1,google/gemma-4-31B-it,f896ad00a07298b18a69e5cd25bbb635304c6348db1a8d2de86a047fa2a30f2e,ec9f25e6b68d12ca6182161cdc389e0da99a8cff29c47b015f1d07a6633e4cf0,consensus_benchmark_exact_v1,prompt_compiler_v2_split_g_f,1685725912,pending,Q001,"{""Q001"": ""consensus_estimate_net_zero_before_2085""}",consensus_exact_step2,c444a6eac0c7b6cd317bc71d70e09e8e9d8b0a57308ceb8b4c11921129cc5ae1
G|LP0010|ConsensusExact|step2|attempt_1,G-2d1f0e44d5684f3756cdf2e5bb582aaa58ff78cd,G,target,LP0010,Consensus,consensus_exact_step2_estimate,1,google/gemma-4-31B-it,42b6acba09c1913236e68882fe346ac3d9730f05e45bf37f27e9f674af60b118,ec9f25e6b68d12ca6182161cdc389e0da99a8cff29c47b015f1d07a6633e4cf0,consensus_benchmark_exact_v1,prompt_compiler_v2_split_g_f,799435713,pending,Q001,"{""Q001"": ""consensus_estimate_net_zero_before_2085""}",consensus_exact_step2,c444a6eac0c7b6cd317bc71d70e09e8e9d8b0a57308ceb8b4c11921129cc5ae1
G|LP0011|ConsensusExact|step2|attempt_1,G-edca64c7d705d8e548006722a0907b8111a8be85,G,target,LP0011,Consensus,consensus_exact_step2_estimate,1,google/gemma-4-31B-it,86045ce3ddfe52408fd4b4c60e814500f86690867dfc8cd7ee63f74b4b6cf343,ec9f25e6b68d12ca6182161cdc389e0da99a8cff29c47b015f1d07a6633e4cf0,consensus_benchmark_exact_v1,prompt_compiler_v2_split_g_f,848994936,pending,Q001,"{""Q001"": ""consensus_estimate_net_zero_before_2085""}",consensus_exact_step2,c444a6eac0c7b6cd317bc71d70e09e8e9d8b0a57308ceb8b4c11921129cc5ae1
G|LP0012|ConsensusExact|step2|attempt_1,G-d6d2187548b73bc042855265605749cfe3a1c61a,G,target,LP0012,Consensus,consensus_exact_step2_estimate,1,google/gemma-4-31B-it,86e92dad10b55f9f03c65ff39372212013f74f285687c533cdc3b86aab5ad8d3,ec9f25e6b68d12ca6182161cdc389e0da99a8cff29c47b015f1d07a6633e4cf0,consensus_benchmark_exact_v1,prompt_compiler_v2_split_g_f,1985703085,pending,Q001,"{""Q001"": ""consensus_estimate_net_zero_before_2085""}",consensus_exact_step2,c444a6eac0c7b6cd317bc71d70e09e8e9d8b0a57308ceb8b4c11921129cc5ae1
G|LP0013|ConsensusExact|step2|attempt_1,G-06917b1958b92cf95f703ee7edca0cc92b38a3d2,G,target,LP0013,Consensus,consensus_exact_step2_estimate,1,google/gemma-4-31B-it,e178038f9d6f8e4d2fadf4558ab28bb9beebe05ed6ae984ad2e7f01fd4bc6047,ec9f25e6b68d12ca6182161cdc389e0da99a8cff29c47b015f1d07a6633e4cf0,consensus_benchmark_exact_v1,prompt_compiler_v2_split_g_f,1708925739,pending,Q001,"{""Q001"": ""consensus_estimate_net_zero_before_2085""}",consensus_exact_step2,c444a6eac0c7b6cd317bc71d70e09e8e9d8b0a57308ceb8b4c11921129cc5ae1
G|LP0014|ConsensusExact|step2|attempt_1,G-e25e255f62d02c84d186c129a88834103b190284,G,target,LP0014,Consensus,consensus_exact_step2_estimate,1,google/gemma-4-31B-it,03eec0155050c528712259f50063d88a1468b1c02a2959f482a5aff3f1092738,ec9f25e6b68d12ca6182161cdc389e0da99a8cff29c47b015f1d07a6633e4cf0,consensus_benchmark_exact_v1,prompt_compiler_v2_split_g_f,663516998,pending,Q001,"{""Q001"": ""consensus_estimate_net_zero_before_2085""}",consensus_exact_step2,c444a6eac0c7b6cd317bc71d70e09e8e9d8b0a57308ceb8b4c11921129cc5ae1
G|LP0015|ConsensusExact|step2|attempt_1,G-819811a54a9dfc35aae6003b2295d484c1365d1e,G,target,LP0015,Consensus,consensus_exact_step2_estimate,1,google/gemma-4-31B-it,956d15e321ad7042a829c0e6b154151429934d52d1f6f628bffed150a4a3d70c,ec9f25e6b68d12ca6182161cdc389e0da99a8cff29c47b015f1d07a6633e4cf0,consensus_benchmark_exact_v1,prompt_compiler_v2_split_g_f,1305354113,pending,Q001,"{""Q001"": ""consensus_estimate_net_zero_before_2085""}",consensus_exact_step2,c444a6eac0c7b6cd317bc71d70e09e8e9d8b0a57308ceb8b4c11921129cc5ae1
G|LP0016|ConsensusExact|step2|attempt_1,G-464054a3af8295dc48d96517de2b0be9822cdd2b,G,target,LP0016,Consensus,consensus_exact_step2_estimate,1,google/gemma-4-31B-it,53793031dfcb2b5c2979627e3754cf6bc9f5942a5884281eebc9f74cb274028a,ec9f25e6b68d12ca6182161cdc389e0da99a8cff29c47b015f1d07a6633e4cf0,consensus_benchmark_exact_v1,prompt_compiler_v2_split_g_f,1006845732,pending,Q001,"{""Q001"": ""consensus_estimate_net_zero_before_2085""}",consensus_exact_step2,c444a6eac0c7b6cd317bc71d70e09e8e9d8b0a57308ceb8b4c11921129cc5ae1
G|LP0017|ConsensusExact|step2|attempt_1,G-e88a8f73092ee353f82a4d91adc6a6da4c9d01b5,G,target,LP0017,Consensus,consensus_exact_step2_estimate,1,google/gemma-4-31B-it,6ebdb7b7a284440a20187f6699d78078283f466ea7e94daf03a3940b5235c046,ec9f25e6b68d12ca6182161cdc389e0da99a8cff29c47b015f1d07a6633e4cf0,consensus_benchmark_exact_v1,prompt_compiler_v2_split_g_f,1514406460,pending,Q001,"{""Q001"": ""consensus_estimate_net_zero_before_2085""}",consensus_exact_step2,c444a6eac0c7b6cd317bc71d70e09e8e9d8b0a57308ceb8b4c11921129cc5ae1
G|LP0018|ConsensusExact|step2|attempt_1,G-4c875cba32ba522ee8cdccc0684c125fc14f6623,G,target,LP0018,Consensus,consensus_exact_step2_estimate,1,google/gemma-4-31B-it,2f54df017716b8e006a0e91ff2284a5e5c6d286601e5322f290c3ac7e5e02f15,ec9f25e6b68d12ca6182161cdc389e0da99a8cff29c47b015f1d07a6633e4cf0,consensus_benchmark_exact_v1,prompt_compiler_v2_split_g_f,1271466915,pending,Q001,"{""Q001"": ""consensus_estimate_net_zero_before_2085""}",consensus_exact_step2,c444a6eac0c7b6cd317bc71d70e09e8e9d8b0a57308ceb8b4c11921129cc5ae1
G|LP0019|ConsensusExact|step2|attempt_1,G-2e32ca7f942a02a048b0ed855e96b647231a9747,G,target,LP0019,Consensus,consensus_exact_step2_estimate,1,google/gemma-4-31B-it,5cfbb09b26bb91af9cb32c725296ac386e61fb9021437a926cf791a7f5b06974,ec9f25e6b68d12ca6182161cdc389e0da99a8cff29c47b015f1d07a6633e4cf0,consensus_benchmark_exact_v1,prompt_compiler_v2_split_g_f,1888458655,pending,Q001,"{""Q001"": ""consensus_estimate_net_zero_before_2085""}",consensus_exact_step2,c444a6eac0c7b6cd317bc71d70e09e8e9d8b0a57308ceb8b4c11921129cc5ae1
G|LP0020|ConsensusExact|step2|attempt_1,G-8d928decf76f828f55f068cceb04df2fd4519254,G,target,LP0020,Consensus,consensus_exact_step2_estimate,1,google/gemma-4-31B-it,03dd8762fec183f09c323bdab0cc9e3d0751a53d5979319ea4bd6f597cd25d68,ec9f25e6b68d12ca6182161cdc389e0da99a8cff29c47b015f1d07a6633e4cf0,consensus_benchmark_exact_v1,prompt_compiler_v2_split_g_f,311729771,pending,Q001,"{""Q001"": ""consensus_estimate_net_zero_before_2085""}",consensus_exact_step2,c444a6eac0c7b6cd317bc71d70e09e8e9d8b0a57308ceb8b4c11921129cc5ae1
G|LP0021|ConsensusExact|step2|attempt_1,G-274dd3ebb368930e9beab366938194eb004b70ec,G,target,LP0021,Consensus,consensus_exact_step2_estimate,1,google/gemma-4-31B-it,887325251f36740347064be7bfd0db28e03054c615901004ced945aa141fb6d6,ec9f25e6b68d12ca6182161cdc389e0da99a8cff29c47b015f1d07a6633e4cf0,consensus_benchmark_exact_v1,prompt_compiler_v2_split_g_f,33831654,pending,Q001,"{""Q001"": ""consensus_estimate_net_zero_before_2085""}",consensus_exact_step2,c444a6eac0c7b6cd317bc71d70e09e8e9d8b0a57308ceb8b4c11921129cc5ae1
G|LP0022|ConsensusExact|step2|attempt_1,G-c18f0412964195142e69cc580e57481b5ccc0d16,G,target,LP0022,Consensus,consensus_exact_step2_estimate,1,google/gemma-4-31B-it,2331f687928d52da2cbb2192fbe4cdfe495f750dd606e9c82a8cdcbee836f23b,ec9f25e6b68d12ca6182161cdc389e0da99a8cff29c47b015f1d07a6633e4cf0,consensus_benchmark_exact_v1,prompt_compiler_v2_split_g_f,425696572,pending,Q001,"{""Q001"": ""consensus_estimate_net_zero_before_2085""}",consensus_exact_step2,c444a6eac0c7b6cd317bc71d70e09e8e9d8b0a57308ceb8b4c11921129cc5ae1
G|LP0023|ConsensusExact|step2|attempt_1,G-2eba6d4212117c398839c0af59546d5d81810c03,G,target,LP0023,Consensus,consensus_exact_step2_estimate,1,google/gemma-4-31B-it,aeac6b4992881899c70bce2bc629f75e113150f2dc9fac07c4d79083624a2b32,ec9f25e6b68d12ca6182161cdc389e0da99a8cff29c47b015f1d07a6633e4cf0,consensus_benchmark_exact_v1,prompt_compiler_v2_split_g_f,1871075005,pending,Q001,"{""Q001"": ""consensus_estimate_net_zero_before_2085""}",consensus_exact_step2,c444a6eac0c7b6cd317bc71d70e09e8e9d8b0a57308ceb8b4c11921129cc5ae1
G|LP0024|ConsensusExact|step2|attempt_1,G-7086aa6dc8ae326d371f34f615a5ebad24f0b3d7,G,target,LP0024,Consensus,consensus_exact_step2_estimate,1,google/gemma-4-31B-it,c2e23258cadd5821708949d0e19a234cd23668e8513651a3df9244f19f5bef42,ec9f25e6b68d12ca6182161cdc389e0da99a8cff29c47b015f1d07a6633e4cf0,consensus_benchmark_exact_v1,prompt_compiler_v2_split_g_f,700155722,pending,Q001,"{""Q001"": ""consensus_estimate_net_zero_before_2085""}",consensus_exact_step2,c444a6eac0c7b6cd317bc71d70e09e8e9d8b0a57308ceb8b4c11921129cc5ae1
G|LP0025|ConsensusExact|step2|attempt_1,G-2847b423cfd2088f2eb4468a3c3b2543f9e63f6b,G,target,LP0025,Consensus,consensus_exact_step2_estimate,1,google/gemma-4-31B-it,46b6a8732847477ad2f347803aa699d5851c03a629eb69faadcd9a93a6355aa2,ec9f25e6b68d12ca6182161cdc389e0da99a8cff29c47b015f1d07a6633e4cf0,consensus_benchmark_exact_v1,prompt_compiler_v2_split_g_f,543256791,pending,Q001,"{""Q001"": ""consensus_estimate_net_zero_before_2085""}",consensus_exact_step2,c444a6eac0c7b6cd317bc71d70e09e8e9d8b0a57308ceb8b4c11921129cc5ae1
G|LP0026|ConsensusExact|step2|attempt_1,G-54fc4d3161f64aa407763ae636a90a59e532029d,G,target,LP0026,Consensus,consensus_exact_step2_estimate,1,google/gemma-4-31B-it,a63ce425b9ecb9affb1212b3e02e15974bff7e404d46ef8ba0cd694e860ac4e1,ec9f25e6b68d12ca6182161cdc389e0da99a8cff29c47b015f1d07a6633e4cf0,consensus_benchmark_exact_v1,prompt_compiler_v2_split_g_f,200205576,pending,Q001,"{""Q001"": ""consensus_estimate_net_zero_before_2085""}",consensus_exact_step2,c444a6eac0c7b6cd317bc71d70e09e8e9d8b0a57308ceb8b4c11921129cc5ae1
G|LP0027|ConsensusExact|step2|attempt_1,G-82f1cfd0236c781b4ad436ddefd11f4ad07d1fb7,G,target,LP0027,Consensus,consensus_exact_step2_estimate,1,google/gemma-4-31B-it,5235d8811df1d169db92e7b8005390dd5c62428be8167d70b39597f157f379ca,ec9f25e6b68d12ca6182161cdc389e0da99a8cff29c47b015f1d07a6633e4cf0,consensus_benchmark_exact_v1,prompt_compiler_v2_split_g_f,693114813,pending,Q001,"{""Q001"": ""consensus_estimate_net_zero_before_2085""}",consensus_exact_step2,c444a6eac0c7b6cd317bc71d70e09e8e9d8b0a57308ceb8b4c11921129cc5ae1
G|LP0028|ConsensusExact|step2|attempt_1,G-626e6bc112ca2c2095839a60e4f36039f52d322e,G,target,LP0028,Consensus,consensus_exact_step2_estimate,1,google/gemma-4-31B-it,6460ceb2cdb123191acb94d60af34b540a092557de9d69b99a681061b48cbb8b,ec9f25e6b68d12ca6182161cdc389e0da99a8cff29c47b015f1d07a6633e4cf0,consensus_benchmark_exact_v1,prompt_compiler_v2_split_g_f,1470563235,pending,Q001,"{""Q001"": ""consensus_estimate_net_zero_before_2085""}",consensus_exact_step2,c444a6eac0c7b6cd317bc71d70e09e8e9d8b0a57308ceb8b4c11921129cc5ae1
G|LP0029|ConsensusExact|step2|attempt_1,G-f2c0df490ba5b97d0bef40a0738fef71b73cc074,G,target,LP0029,Consensus,consensus_exact_step2_estimate,1,google/gemma-4-31B-it,1acf4b0f5aa7edf9c40952d111d3ac2db6db60b8731f5db5bcc5caea718c28a1,ec9f25e6b68d12ca6182161cdc389e0da99a8cff29c47b015f1d07a6633e4cf0,consensus_benchmark_exact_v1,prompt_compiler_v2_split_g_f,1898412050,pending,Q001,"{""Q001"": ""consensus_estimate_net_zero_before_2085""}",consensus_exact_step2,c444a6eac0c7b6cd317bc71d70e09e8e9d8b0a57308ceb8b4c11921129cc5ae1
G|LP0030|ConsensusExact|step2|attempt_1,G-e671143e76778c40169bf4fc5b425455aeddea48,G,target,LP0030,Consensus,consensus_exact_step2_estimate,1,google/gemma-4-31B-it,decb2404cdd7734b8e4c8fd11246c65afdf138e308b95d97d48ac45c78a3eff1,ec9f25e6b68d12ca6182161cdc389e0da99a8cff29c47b015f1d07a6633e4cf0,consensus_benchmark_exact_v1,prompt_compiler_v2_split_g_f,1129952448,pending,Q001,"{""Q001"": ""consensus_estimate_net_zero_before_2085""}",consensus_exact_step2,c444a6eac0c7b6cd317bc71d70e09e8e9d8b0a57308ceb8b4c11921129cc5ae1
G|LP0031|ConsensusExact|step2|attempt_1,G-50fbcd0298b8d255f378bfe05878ecc607277302,G,target,LP0031,Consensus,consensus_exact_step2_estimate,1,google/gemma-4-31B-it,79af5b1b46146da89c3b3b9bc6988e11dc54d37c8055e7cdd943b75c4f98ed8c,ec9f25e6b68d12ca6182161cdc389e0da99a8cff29c47b015f1d07a6633e4cf0,consensus_benchmark_exact_v1,prompt_compiler_v2_split_g_f,984640603,pending,Q001,"{""Q001"": ""consensus_estimate_net_zero_before_2085""}",consensus_exact_step2,c444a6eac0c7b6cd317bc71d70e09e8e9d8b0a57308ceb8b4c11921129cc5ae1
G|LP0032|ConsensusExact|step2|attempt_1,G-dd9ad6002aba43c3ee54cf610303cbf1a45843f9,G,target,LP0032,Consensus,consensus_exact_step2_estimate,1,google/gemma-4-31B-it,52a463e1954521404c8d61cc852994bae397048c66adde28ff070dffb4f479e2,ec9f25e6b68d12ca6182161cdc389e0da99a8cff29c47b015f1d07a6633e4cf0,consensus_benchmark_exact_v1,prompt_compiler_v2_split_g_f,1710223302,pending,Q001,"{""Q001"": ""consensus_estimate_net_zero_before_2085""}",consensus_exact_step2,c444a6eac0c7b6cd317bc71d70e09e8e9d8b0a57308ceb8b4c11921129cc5ae1
G|LP0033|ConsensusExact|step2|attempt_1,G-35ea554a6d4d2d694419d752e577629d928520cc,G,target,LP0033,Consensus,consensus_exact_step2_estimate,1,google/gemma-4-31B-it,67d07471ec8f54dc233bb75faa6652dc03f49c978196cc6b46cc52d4ecb7272f,ec9f25e6b68d12ca6182161cdc389e0da99a8cff29c47b015f1d07a6633e4cf0,consensus_benchmark_exact_v1,prompt_compiler_v2_split_g_f,1495390206,pending,Q001,"{""Q001"": ""consensus_estimate_net_zero_before_2085""}",consensus_exact_step2,c444a6eac0c7b6cd317bc71d70e09e8e9d8b0a57308ceb8b4c11921129cc5ae1
G|LP0034|ConsensusExact|step2|attempt_1,G-5c5d4f12e5ce17a5860a036876719a3e17460987,G,target,LP0034,Consensus,consensus_exact_step2_estimate,1,google/gemma-4-31B-it,a5391344ea0a01c4bc9c758cc10ca0822d0cae72c28c030383c1aa2d63890a62,ec9f25e6b68d12ca6182161cdc389e0da99a8cff29c47b015f1d07a6633e4cf0,consensus_benchmark_exact_v1,prompt_compiler_v2_split_g_f,512275916,pending,Q001,"{""Q001"": ""consensus_estimate_net_zero_before_2085""}",consensus_exact_step2,c444a6eac0c7b6cd317bc71d70e09e8e9d8b0a57308ceb8b4c11921129cc5ae1
G|LP0035|ConsensusExact|step2|attempt_1,G-71d8cd73ce6ca5b1f5ce237fe834add0507442ad,G,target,LP0035,Consensus,consensus_exact_step2_estimate,1,google/gemma-4-31B-it,63dcb92213386ffc493977f19ad82a1ccb9d9bc54c270e8dd3d9e8ad0679228d,ec9f25e6b68d12ca6182161cdc389e0da99a8cff29c47b015f1d07a6633e4cf0,consensus_benchmark_exact_v1,prompt_compiler_v2_split_g_f,840843418,pending,Q001,"{""Q001"": ""consensus_estimate_net_zero_before_2085""}",consensus_exact_step2,c444a6eac0c7b6cd317bc71d70e09e8e9d8b0a57308ceb8b4c11921129cc5ae1
G|LP0036|ConsensusExact|step2|attempt_1,G-1a99bc415657faccb65db3ebbacfef2f7223b51e,G,target,LP0036,Consensus,consensus_exact_step2_estimate,1,google/gemma-4-31B-it,c6a2bac7284fa03b10fc7a35f1bdbed1e2841367a1e3c92f137a660f4de9d3a4,ec9f25e6b68d12ca6182161cdc389e0da99a8cff29c47b015f1d07a6633e4cf0,consensus_benchmark_exact_v1,prompt_compiler_v2_split_g_f,193688399,pending,Q001,"{""Q001"": ""consensus_estimate_net_zero_before_2085""}",consensus_exact_step2,c444a6eac0c7b6cd317bc71d70e09e8e9d8b0a57308ceb8b4c11921129cc5ae1
G|LP0037|ConsensusExact|step2|attempt_1,G-b5aee2a3ee8f82bcec134f7207f9677de4c99669,G,target,LP0037,Consensus,consensus_exact_step2_estimate,1,google/gemma-4-31B-it,36be0aca2431eab34ead38e39f2a7990ef61ddac59b7c5bac776539d28c4e2c3,ec9f25e6b68d12ca6182161cdc389e0da99a8cff29c47b015f1d07a6633e4cf0,consensus_benchmark_exact_v1,prompt_compiler_v2_split_g_f,1508722694,pending,Q001,"{""Q001"": ""consensus_estimate_net_zero_before_2085""}",consensus_exact_step2,c444a6eac0c7b6cd317bc71d70e09e8e9d8b0a57308ceb8b4c11921129cc5ae1
G|LP0038|ConsensusExact|step2|attempt_1,G-c884070c41767418e5939d4cba51cc1da6d016ba,G,target,LP0038,Consensus,consensus_exact_step2_estimate,1,google/gemma-4-31B-it,c5b97f32431d3daa7dd3d26a6d944cdf292d81f0b646473b13d59eac1c35fe92,ec9f25e6b68d12ca6182161cdc389e0da99a8cff29c47b015f1d07a6633e4cf0,consensus_benchmark_exact_v1,prompt_compiler_v2_split_g_f,1384022579,pending,Q001,"{""Q001"": ""consensus_estimate_net_zero_before_2085""}",consensus_exact_step2,c444a6eac0c7b6cd317bc71d70e09e8e9d8b0a57308ceb8b4c11921129cc5ae1
G|LP0039|ConsensusExact|step2|attempt_1,G-089b841c344e0cd2b7ff0753b1b470b2fc6b9ceb,G,target,LP0039,Consensus,consensus_exact_step2_estimate,1,google/gemma-4-31B-it,9fde6ac7b4b1c21dcb65785ed523488c526cb3e2a355888c24926e03fd024154,ec9f25e6b68d12ca6182161cdc389e0da99a8cff29c47b015f1d07a6633e4cf0,consensus_benchmark_exact_v1,prompt_compiler_v2_split_g_f,1166349578,pending,Q001,"{""Q001"": ""consensus_estimate_net_zero_before_2085""}",consensus_exact_step2,c444a6eac0c7b6cd317bc71d70e09e8e9d8b0a57308ceb8b4c11921129cc5ae1
G|LP0040|ConsensusExact|step2|attempt_1,G-af25d69630f1f03fd5579a99d61c26a8dda93619,G,target,LP0040,Consensus,consensus_exact_step2_estimate,1,google/gemma-4-31B-it,92be9a647e8caa452b3c753ad01e6d47e7ab09fcc2dbddb0ee2b672512528e80,ec9f25e6b68d12ca6182161cdc389e0da99a8cff29c47b015f1d07a6633e4cf0,consensus_benchmark_exact_v1,prompt_compiler_v2_split_g_f,255696238,pending,Q001,"{""Q001"": ""consensus_estimate_net_zero_before_2085""}",consensus_exact_step2,c444a6eac0c7b6cd317bc71d70e09e8e9d8b0a57308ceb8b4c11921129cc5ae1
G|LP0041|ConsensusExact|step2|attempt_1,G-721df6e1b76b7fbda1a92a13349f9677acedf696,G,target,LP0041,Consensus,consensus_exact_step2_estimate,1,google/gemma-4-31B-it,5edb043b19a8235a6d7632007452fee05bce71436f8fb0c9a0c13a12ba356799,ec9f25e6b68d12ca6182161cdc389e0da99a8cff29c47b015f1d07a6633e4cf0,consensus_benchmark_exact_v1,prompt_compiler_v2_split_g_f,463957378,pending,Q001,"{""Q001"": ""consensus_estimate_net_zero_before_2085""}",consensus_exact_step2,c444a6eac0c7b6cd317bc71d70e09e8e9d8b0a57308ceb8b4c11921129cc5ae1
G|LP0042|ConsensusExact|step2|attempt_1,G-888be0fed25c7c4c6bee003424838b3bc2650ad0,G,target,LP0042,Consensus,consensus_exact_step2_estimate,1,google/gemma-4-31B-it,6b2e9696b7fa846ad436e98f7127ac47cbc58e025b2aa1c1d516567503efaf21,ec9f25e6b68d12ca6182161cdc389e0da99a8cff29c47b015f1d07a6633e4cf0,consensus_benchmark_exact_v1,prompt_compiler_v2_split_g_f,1668562507,pending,Q001,"{""Q001"": ""consensus_estimate_net_zero_before_2085""}",consensus_exact_step2,c444a6eac0c7b6cd317bc71d70e09e8e9d8b0a57308ceb8b4c11921129cc5ae1
G|LP0043|ConsensusExact|step2|attempt_1,G-0a470d83c797ce7df6eb1b8b331cc0d8dfcb79d8,G,target,LP0043,Consensus,consensus_exact_step2_estimate,1,google/gemma-4-31B-it,eac9df1769926aaaf5433d289cbf0475c9daa7301c811de0fd1d9d38d99e28f6,ec9f25e6b68d12ca6182161cdc389e0da99a8cff29c47b015f1d07a6633e4cf0,consensus_benchmark_exact_v1,prompt_compiler_v2_split_g_f,1545988484,pending,Q001,"{""Q001"": ""consensus_estimate_net_zero_before_2085""}",consensus_exact_step2,c444a6eac0c7b6cd317bc71d70e09e8e9d8b0a57308ceb8b4c11921129cc5ae1
G|LP0044|ConsensusExact|step2|attempt_1,G-61de9d2344ff7013d2b11741eaacdc9abbc7e166,G,target,LP0044,Consensus,consensus_exact_step2_estimate,1,google/gemma-4-31B-it,f9c82bf7d116c0695ee621bc1df84d5876cf5509abbe77d9aa3792bc0b7f5ec0,ec9f25e6b68d12ca6182161cdc389e0da99a8cff29c47b015f1d07a6633e4cf0,consensus_benchmark_exact_v1,prompt_compiler_v2_split_g_f,146582107,pending,Q001,"{""Q001"": ""consensus_estimate_net_zero_before_2085""}",consensus_exact_step2,c444a6eac0c7b6cd317bc71d70e09e8e9d8b0a57308ceb8b4c11921129cc5ae1
G|LP0045|ConsensusExact|step2|attempt_1,G-ebe18807fb48b6ab8419188008d5c52e8ed485b2,G,target,LP0045,Consensus,consensus_exact_step2_estimate,1,google/gemma-4-31B-it,c1587867c0810fa332936af8a52ba7dff65ca5a2c549ded34ae93289df1d6609,ec9f25e6b68d12ca6182161cdc389e0da99a8cff29c47b015f1d07a6633e4cf0,consensus_benchmark_exact_v1,prompt_compiler_v2_split_g_f,1393280702,pending,Q001,"{""Q001"": ""consensus_estimate_net_zero_before_2085""}",consensus_exact_step2,c444a6eac0c7b6cd317bc71d70e09e8e9d8b0a57308ceb8b4c11921129cc5ae1
G|LP0046|ConsensusExact|step2|attempt_1,G-a932730b8a952ee554077f504ff9a1872773c1ca,G,target,LP0046,Consensus,consensus_exact_step2_estimate,1,google/gemma-4-31B-it,eacaf0de5dfd2c908bdce3b90273cd5b1f7685cf997921c951a92652fa14454e,ec9f25e6b68d12ca6182161cdc389e0da99a8cff29c47b015f1d07a6633e4cf0,consensus_benchmark_exact_v1,prompt_compiler_v2_split_g_f,1559893246,pending,Q001,"{""Q001"": ""consensus_estimate_net_zero_before_2085""}",consensus_exact_step2,c444a6eac0c7b6cd317bc71d70e09e8e9d8b0a57308ceb8b4c11921129cc5ae1
G|LP0047|ConsensusExact|step2|attempt_1,G-835eeee15946ff052f1f7a75ec4c49d8b68f7f3e,G,target,LP0047,Consensus,consensus_exact_step2_estimate,1,google/gemma-4-31B-it,aa1db00f2ea67b6a22adc456aaef368822010bd5e827036f29fb98d5079cca7c,ec9f25e6b68d12ca6182161cdc389e0da99a8cff29c47b015f1d07a6633e4cf0,consensus_benchmark_exact_v1,prompt_compiler_v2_split_g_f,1610931401,pending,Q001,"{""Q001"": ""consensus_estimate_net_zero_before_2085""}",consensus_exact_step2,c444a6eac0c7b6cd317bc71d70e09e8e9d8b0a57308ceb8b4c11921129cc5ae1
G|LP0048|ConsensusExact|step2|attempt_1,G-38cbe592295df0c0b395630acbceb1f7a490c70b,G,target,LP0048,Consensus,consensus_exact_step2_estimate,1,google/gemma-4-31B-it,a481a5112ec112d9d55c2ce54e2eb8ed846c2ace08f638074634cf32f033956b,ec9f25e6b68d12ca6182161cdc389e0da99a8cff29c47b015f1d07a6633e4cf0,consensus_benchmark_exact_v1,prompt_compiler_v2_split_g_f,452312037,pending,Q001,"{""Q001"": ""consensus_estimate_net_zero_before_2085""}",consensus_exact_step2,c444a6eac0c7b6cd317bc71d70e09e8e9d8b0a57308ceb8b4c11921129cc5ae1
G|LP0049|ConsensusExact|step2|attempt_1,G-7470d34ed5f84c99148d34d2bbd669d80158ea6a,G,target,LP0049,Consensus,consensus_exact_step2_estimate,1,google/gemma-4-31B-it,87612e7734af59ef3e11270e9f03ed84c485eca3ced0501395009f9567436212,ec9f25e6b68d12ca6182161cdc389e0da99a8cff29c47b015f1d07a6633e4cf0,consensus_benchmark_exact_v1,prompt_compiler_v2_split_g_f,1054470968,pending,Q001,"{""Q001"": ""consensus_estimate_net_zero_before_2085""}",consensus_exact_step2,c444a6eac0c7b6cd317bc71d70e09e8e9d8b0a57308ceb8b4c11921129cc5ae1
G|LP0050|ConsensusExact|step2|attempt_1,G-6110618d65e6e57edf4d3243f7e6bcbf19793949,G,target,LP0050,Consensus,consensus_exact_step2_estimate,1,google/gemma-4-31B-it,c55ca62d63cfd0a4ba444044a66b7d5a2e58e06d0fa2f89623bb82aeeba00c72,ec9f25e6b68d12ca6182161cdc389e0da99a8cff29c47b015f1d07a6633e4cf0,consensus_benchmark_exact_v1,prompt_compiler_v2_split_g_f,671590554,pending,Q001,"{""Q001"": ""consensus_estimate_net_zero_before_2085""}",consensus_exact_step2,c444a6eac0c7b6cd317bc71d70e09e8e9d8b0a57308ceb8b4c11921129cc5ae1
G|LP0051|ConsensusExact|step2|attempt_1,G-de643059c4c2ba65743a62c31fc4f5c4c4aa07b9,G,target,LP0051,Consensus,consensus_exact_step2_estimate,1,google/gemma-4-31B-it,2eedcc705b459e6847be61bf0b8f6e2486fe3e77ba9164315169a50f586a07df,ec9f25e6b68d12ca6182161cdc389e0da99a8cff29c47b015f1d07a6633e4cf0,consensus_benchmark_exact_v1,prompt_compiler_v2_split_g_f,25893660,pending,Q001,"{""Q001"": ""consensus_estimate_net_zero_before_2085""}",consensus_exact_step2,c444a6eac0c7b6cd317bc71d70e09e8e9d8b0a57308ceb8b4c11921129cc5ae1
G|LP0052|ConsensusExact|step2|attempt_1,G-e5cccb040d6f23e6fb4475be854eb153242aed9e,G,target,LP0052,Consensus,consensus_exact_step2_estimate,1,google/gemma-4-31B-it,f53d068ebd82f76ff84b095495cf27298416cc5cf3e0fdb738c575c0fa73edc4,ec9f25e6b68d12ca6182161cdc389e0da99a8cff29c47b015f1d07a6633e4cf0,consensus_benchmark_exact_v1,prompt_compiler_v2_split_g_f,1493744113,pending,Q001,"{""Q001"": ""consensus_estimate_net_zero_before_2085""}",consensus_exact_step2,c444a6eac0c7b6cd317bc71d70e09e8e9d8b0a57308ceb8b4c11921129cc5ae1
G|LP0053|ConsensusExact|step2|attempt_1,G-9ee1308f424db470efceca86480462e31f3fcd8d,G,target,LP0053,Consensus,consensus_exact_step2_estimate,1,google/gemma-4-31B-it,ed8f0698c6d27c3f4a92d6f97d6de793d618310dbf861779cba260018d6e2ef9,ec9f25e6b68d12ca6182161cdc389e0da99a8cff29c47b015f1d07a6633e4cf0,consensus_benchmark_exact_v1,prompt_compiler_v2_split_g_f,1054097,pending,Q001,"{""Q001"": ""consensus_estimate_net_zero_before_2085""}",consensus_exact_step2,c444a6eac0c7b6cd317bc71d70e09e8e9d8b0a57308ceb8b4c11921129cc5ae1
G|LP0054|ConsensusExact|step2|attempt_1,G-a19c70fac7e66bc822eeaafba61e88956667eaf5,G,target,LP0054,Consensus,consensus_exact_step2_estimate,1,google/gemma-4-31B-it,2ed85a1732041278908ce913b57b87655411285fab5510910c0fa2a1fd9e911c,ec9f25e6b68d12ca6182161cdc389e0da99a8cff29c47b015f1d07a6633e4cf0,consensus_benchmark_exact_v1,prompt_compiler_v2_split_g_f,186600896,pending,Q001,"{""Q001"": ""consensus_estimate_net_zero_before_2085""}",consensus_exact_step2,c444a6eac0c7b6cd317bc71d70e09e8e9d8b0a57308ceb8b4c11921129cc5ae1
G|LP0055|ConsensusExact|step2|attempt_1,G-1932f4973e47dc2f454e3238f0f268a99b2c96a3,G,target,LP0055,Consensus,consensus_exact_step2_estimate,1,google/gemma-4-31B-it,71280cd4ff0554d37abd4c7e9874f30903f75cd3a89b007ac12f36d5ae6a7233,ec9f25e6b68d12ca6182161cdc389e0da99a8cff29c47b015f1d07a6633e4cf0,consensus_benchmark_exact_v1,prompt_compiler_v2_split_g_f,1890436445,pending,Q001,"{""Q001"": ""consensus_estimate_net_zero_before_2085""}",consensus_exact_step2,c444a6eac0c7b6cd317bc71d70e09e8e9d8b0a57308ceb8b4c11921129cc5ae1
G|LP0056|ConsensusExact|step2|attempt_1,G-3f3fa8268d0007d19e4a4c62603703ec45c79a5e,G,target,LP0056,Consensus,consensus_exact_step2_estimate,1,google/gemma-4-31B-it,6453c4fc6467f88dfb64971f5b1bd58eceb453bccfe6b37c6e3f6db49c3d8d09,ec9f25e6b68d12ca6182161cdc389e0da99a8cff29c47b015f1d07a6633e4cf0,consensus_benchmark_exact_v1,prompt_compiler_v2_split_g_f,192895007,pending,Q001,"{""Q001"": ""consensus_estimate_net_zero_before_2085""}",consensus_exact_step2,c444a6eac0c7b6cd317bc71d70e09e8e9d8b0a57308ceb8b4c11921129cc5ae1
G|LP0057|ConsensusExact|step2|attempt_1,G-a34d266c346e2522c21cdd96f475320c5d52f30d,G,target,LP0057,Consensus,consensus_exact_step2_estimate,1,google/gemma-4-31B-it,e3736cc149b4767e65f8f95cd34058c0f45e901f666075f9759d4d601ff077e2,ec9f25e6b68d12ca6182161cdc389e0da99a8cff29c47b015f1d07a6633e4cf0,consensus_benchmark_exact_v1,prompt_compiler_v2_split_g_f,2064151036,pending,Q001,"{""Q001"": ""consensus_estimate_net_zero_before_2085""}",consensus_exact_step2,c444a6eac0c7b6cd317bc71d70e09e8e9d8b0a57308ceb8b4c11921129cc5ae1
G|LP0058|ConsensusExact|step2|attempt_1,G-9ccedaddd328062a89576a90f01e88c6962d0813,G,target,LP0058,Consensus,consensus_exact_step2_estimate,1,google/gemma-4-31B-it,61efc5fe34c8116895ad214f7c58c9913836147bce78f3fc8062df428d81bf4f,ec9f25e6b68d12ca6182161cdc389e0da99a8cff29c47b015f1d07a6633e4cf0,consensus_benchmark_exact_v1,prompt_compiler_v2_split_g_f,214285288,pending,Q001,"{""Q001"": ""consensus_estimate_net_zero_before_2085""}",consensus_exact_step2,c444a6eac0c7b6cd317bc71d70e09e8e9d8b0a57308ceb8b4c11921129cc5ae1
G|LP0059|ConsensusExact|step2|attempt_1,G-7b9b22711dddb546e92dad819d70e86d85a6c67b,G,target,LP0059,Consensus,consensus_exact_step2_estimate,1,google/gemma-4-31B-it,d826768d24cfbc249e7e15c93dbce25bb07dd0f5bbe29f33619db1de1c74ae71,ec9f25e6b68d12ca6182161cdc389e0da99a8cff29c47b015f1d07a6633e4cf0,consensus_benchmark_exact_v1,prompt_compiler_v2_split_g_f,353630762,pending,Q001,"{""Q001"": ""consensus_estimate_net_zero_before_2085""}",consensus_exact_step2,c444a6eac0c7b6cd317bc71d70e09e8e9d8b0a57308ceb8b4c11921129cc5ae1
G|LP0060|ConsensusExact|step2|attempt_1,G-36c94d49b52c903ddf00d8dd00e473fb141972ed,G,target,LP0060,Consensus,consensus_exact_step2_estimate,1,google/gemma-4-31B-it,72693f35669d76fd3fb6f04faad8d0bee4ae9261495ce285002ddfb75c4fed98,ec9f25e6b68d12ca6182161cdc389e0da99a8cff29c47b015f1d07a6633e4cf0,consensus_benchmark_exact_v1,prompt_compiler_v2_split_g_f,582953681,pending,Q001,"{""Q001"": ""consensus_estimate_net_zero_before_2085""}",consensus_exact_step2,c444a6eac0c7b6cd317bc71d70e09e8e9d8b0a57308ceb8b4c11921129cc5ae1
G|LP0061|ConsensusExact|step2|attempt_1,G-33d8d16f66e7e4b7be6c677213a14793a6537df6,G,target,LP0061,Consensus,consensus_exact_step2_estimate,1,google/gemma-4-31B-it,9689a5c7f65e3e2b7f32f224fedfda772ee58d47869a9e6fd2c4e39ba71f1f81,ec9f25e6b68d12ca6182161cdc389e0da99a8cff29c47b015f1d07a6633e4cf0,consensus_benchmark_exact_v1,prompt_compiler_v2_split_g_f,1318684566,pending,Q001,"{""Q001"": ""consensus_estimate_net_zero_before_2085""}",consensus_exact_step2,c444a6eac0c7b6cd317bc71d70e09e8e9d8b0a57308ceb8b4c11921129cc5ae1
G|LP0062|ConsensusExact|step2|attempt_1,G-d3f100c80874263853f8b7bfdc03193993fd10b0,G,target,LP0062,Consensus,consensus_exact_step2_estimate,1,google/gemma-4-31B-it,6070cd83efddbb3d78f8ec1ea7904daeffc659a82f4f219d3a4ade68378189ef,ec9f25e6b68d12ca6182161cdc389e0da99a8cff29c47b015f1d07a6633e4cf0,consensus_benchmark_exact_v1,prompt_compiler_v2_split_g_f,810952651,pending,Q001,"{""Q001"": ""consensus_estimate_net_zero_before_2085""}",consensus_exact_step2,c444a6eac0c7b6cd317bc71d70e09e8e9d8b0a57308ceb8b4c11921129cc5ae1
G|LP0063|ConsensusExact|step2|attempt_1,G-1c2089368113488493a46cfb89530037a3886382,G,target,LP0063,Consensus,consensus_exact_step2_estimate,1,google/gemma-4-31B-it,fd52bb45f28c2bfc83b279517aa6510d8f015e94026883a55955354838391235,ec9f25e6b68d12ca6182161cdc389e0da99a8cff29c47b015f1d07a6633e4cf0,consensus_benchmark_exact_v1,prompt_compiler_v2_split_g_f,961829617,pending,Q001,"{""Q001"": ""consensus_estimate_net_zero_before_2085""}",consensus_exact_step2,c444a6eac0c7b6cd317bc71d70e09e8e9d8b0a57308ceb8b4c11921129cc5ae1
G|LP0064|ConsensusExact|step2|attempt_1,G-896fae2b849b991799993a0edb8f0bc10baf5e48,G,target,LP0064,Consensus,consensus_exact_step2_estimate,1,google/gemma-4-31B-it,f0f05e5433e7d4032fb3f62717233a76d31be28b59d4b8d490dbec7059b20f31,ec9f25e6b68d12ca6182161cdc389e0da99a8cff29c47b015f1d07a6633e4cf0,consensus_benchmark_exact_v1,prompt_compiler_v2_split_g_f,393934192,pending,Q001,"{""Q001"": ""consensus_estimate_net_zero_before_2085""}",consensus_exact_step2,c444a6eac0c7b6cd317bc71d70e09e8e9d8b0a57308ceb8b4c11921129cc5ae1
G|LP0065|ConsensusExact|step2|attempt_1,G-7e1c6e50187d3f9d2e3bd91d680d83d3227ef970,G,target,LP0065,Consensus,consensus_exact_step2_estimate,1,google/gemma-4-31B-it,432ddf4ed12ba011e1176c176cbc01e53fc6d3bb985495542ccd4d24ab2bd48a,ec9f25e6b68d12ca6182161cdc389e0da99a8cff29c47b015f1d07a6633e4cf0,consensus_benchmark_exact_v1,prompt_compiler_v2_split_g_f,347479103,pending,Q001,"{""Q001"": ""consensus_estimate_net_zero_before_2085""}",consensus_exact_step2,c444a6eac0c7b6cd317bc71d70e09e8e9d8b0a57308ceb8b4c11921129cc5ae1
G|LP0066|ConsensusExact|step2|attempt_1,G-ccf61d631190f75d2075a9f4dc4d22b33e2c8616,G,target,LP0066,Consensus,consensus_exact_step2_estimate,1,google/gemma-4-31B-it,c4e5b58ba1876f58732e654ab736f7f261c825e6c40654f06a0576ac97f57f61,ec9f25e6b68d12ca6182161cdc389e0da99a8cff29c47b015f1d07a6633e4cf0,consensus_benchmark_exact_v1,prompt_compiler_v2_split_g_f,729625126,pending,Q001,"{""Q001"": ""consensus_estimate_net_zero_before_2085""}",consensus_exact_step2,c444a6eac0c7b6cd317bc71d70e09e8e9d8b0a57308ceb8b4c11921129cc5ae1
G|LP0067|ConsensusExact|step2|attempt_1,G-5376ec3b3b30ffca96334b0e3b05c252e9f6e8d6,G,target,LP0067,Consensus,consensus_exact_step2_estimate,1,google/gemma-4-31B-it,c2547e9fe6db630fb6ea4c91d5835fb4a8eeebb9536d6c62ec8e50bd8c8dcaf6,ec9f25e6b68d12ca6182161cdc389e0da99a8cff29c47b015f1d07a6633e4cf0,consensus_benchmark_exact_v1,prompt_compiler_v2_split_g_f,1646188609,pending,Q001,"{""Q001"": ""consensus_estimate_net_zero_before_2085""}",consensus_exact_step2,c444a6eac0c7b6cd317bc71d70e09e8e9d8b0a57308ceb8b4c11921129cc5ae1
G|LP0068|ConsensusExact|step2|attempt_1,G-dd5d511f4dc4eb42c40335471bb6a2d499be4102,G,target,LP0068,Consensus,consensus_exact_step2_estimate,1,google/gemma-4-31B-it,685b9b8a43fe379698813a7813cd7ca2ca588907b277a47815ecfdaf2b528c8e,ec9f25e6b68d12ca6182161cdc389e0da99a8cff29c47b015f1d07a6633e4cf0,consensus_benchmark_exact_v1,prompt_compiler_v2_split_g_f,142577028,pending,Q001,"{""Q001"": ""consensus_estimate_net_zero_before_2085""}",consensus_exact_step2,c444a6eac0c7b6cd317bc71d70e09e8e9d8b0a57308ceb8b4c11921129cc5ae1
G|LP0069|ConsensusExact|step2|attempt_1,G-479276efc27e4e666e55f3e7c3b58ad2fda6c278,G,target,LP0069,Consensus,consensus_exact_step2_estimate,1,google/gemma-4-31B-it,58677a5ccf6309bc3e6ee984ea1e2e80a810b027a64454d0dbf462a99e5c8381,ec9f25e6b68d12ca6182161cdc389e0da99a8cff29c47b015f1d07a6633e4cf0,consensus_benchmark_exact_v1,prompt_compiler_v2_split_g_f,1369652294,pending,Q001,"{""Q001"": ""consensus_estimate_net_zero_before_2085""}",consensus_exact_step2,c444a6eac0c7b6cd317bc71d70e09e8e9d8b0a57308ceb8b4c11921129cc5ae1
G|LP0070|ConsensusExact|step2|attempt_1,G-4cd9ec3bd905d7241c74522bea7e45a83f7ef0c1,G,target,LP0070,Consensus,consensus_exact_step2_estimate,1,google/gemma-4-31B-it,d8cbcc67f7067c9deda3d86e0b188edb9dbc4228fd264df17fbe4c2cef1850d5,ec9f25e6b68d12ca6182161cdc389e0da99a8cff29c47b015f1d07a6633e4cf0,consensus_benchmark_exact_v1,prompt_compiler_v2_split_g_f,1924771740,pending,Q001,"{""Q001"": ""consensus_estimate_net_zero_before_2085""}",consensus_exact_step2,c444a6eac0c7b6cd317bc71d70e09e8e9d8b0a57308ceb8b4c11921129cc5ae1
G|LP0071|ConsensusExact|step2|attempt_1,G-aed016268a3edeff2b59e994bd27f9f2f0a42e08,G,target,LP0071,Consensus,consensus_exact_step2_estimate,1,google/gemma-4-31B-it,e145251f1af365e3192f0854640da24ad30fdd6be9a59b750596826afb41ddd2,ec9f25e6b68d12ca6182161cdc389e0da99a8cff29c47b015f1d07a6633e4cf0,consensus_benchmark_exact_v1,prompt_compiler_v2_split_g_f,1742670670,pending,Q001,"{""Q001"": ""consensus_estimate_net_zero_before_2085""}",consensus_exact_step2,c444a6eac0c7b6cd317bc71d70e09e8e9d8b0a57308ceb8b4c11921129cc5ae1
G|LP0072|ConsensusExact|step2|attempt_1,G-b9e98a8562c8ad789969a93cc4b264bc303dcdb6,G,target,LP0072,Consensus,consensus_exact_step2_estimate,1,google/gemma-4-31B-it,cca423525ebe286f786e08ec237e5567a568e652caec44287b55805e4ec6584b,ec9f25e6b68d12ca6182161cdc389e0da99a8cff29c47b015f1d07a6633e4cf0,consensus_benchmark_exact_v1,prompt_compiler_v2_split_g_f,1453048453,pending,Q001,"{""Q001"": ""consensus_estimate_net_zero_before_2085""}",consensus_exact_step2,c444a6eac0c7b6cd317bc71d70e09e8e9d8b0a57308ceb8b4c11921129cc5ae1
G|LP0073|ConsensusExact|step2|attempt_1,G-63d31b14b39d1389f940040813e1e34aea47401f,G,target,LP0073,Consensus,consensus_exact_step2_estimate,1,google/gemma-4-31B-it,db6d1e9ba09be539758b0cce0636d53f6a48974cb3de6052730dcc08bded6145,ec9f25e6b68d12ca6182161cdc389e0da99a8cff29c47b015f1d07a6633e4cf0,consensus_benchmark_exact_v1,prompt_compiler_v2_split_g_f,2068007347,pending,Q001,"{""Q001"": ""consensus_estimate_net_zero_before_2085""}",consensus_exact_step2,c444a6eac0c7b6cd317bc71d70e09e8e9d8b0a57308ceb8b4c11921129cc5ae1
G|LP0074|ConsensusExact|step2|attempt_1,G-97de158f3f5458fc95d4060500174c8016effa80,G,target,LP0074,Consensus,consensus_exact_step2_estimate,1,google/gemma-4-31B-it,5ac4f88ec476b1b6ff4f62788b067d933dd6d82685e740ecc69610c660e23edc,ec9f25e6b68d12ca6182161cdc389e0da99a8cff29c47b015f1d07a6633e4cf0,consensus_benchmark_exact_v1,prompt_compiler_v2_split_g_f,1863353372,pending,Q001,"{""Q001"": ""consensus_estimate_net_zero_before_2085""}",consensus_exact_step2,c444a6eac0c7b6cd317bc71d70e09e8e9d8b0a57308ceb8b4c11921129cc5ae1
G|LP0075|ConsensusExact|step2|attempt_1,G-84d07b4176a284c6492d6c38d778434b02982aa1,G,target,LP0075,Consensus,consensus_exact_step2_estimate,1,google/gemma-4-31B-it,13c0cbecc7dd5cdb69709bf189901a2e766db452fb58de374054f373879453bf,ec9f25e6b68d12ca6182161cdc389e0da99a8cff29c47b015f1d07a6633e4cf0,consensus_benchmark_exact_v1,prompt_compiler_v2_split_g_f,4422475,pending,Q001,"{""Q001"": ""consensus_estimate_net_zero_before_2085""}",consensus_exact_step2,c444a6eac0c7b6cd317bc71d70e09e8e9d8b0a57308ceb8b4c11921129cc5ae1
G|LP0076|ConsensusExact|step2|attempt_1,G-48b4a2e9187bab6f24881680521cd5c7bc97e76c,G,target,LP0076,Consensus,consensus_exact_step2_estimate,1,google/gemma-4-31B-it,66a2cdafb0f85b6c5b12a97f2e5d2e679f6557e223d01ae6421f30b90cd00bf6,ec9f25e6b68d12ca6182161cdc389e0da99a8cff29c47b015f1d07a6633e4cf0,consensus_benchmark_exact_v1,prompt_compiler_v2_split_g_f,702869826,pending,Q001,"{""Q001"": ""consensus_estimate_net_zero_before_2085""}",consensus_exact_step2,c444a6eac0c7b6cd317bc71d70e09e8e9d8b0a57308ceb8b4c11921129cc5ae1
G|LP0077|ConsensusExact|step2|attempt_1,G-27bcef8fbe67b714265bb5c7ed79cbddf1249e2f,G,target,LP0077,Consensus,consensus_exact_step2_estimate,1,google/gemma-4-31B-it,99ac4425310ac0cd087e393e8e4ee1769912db0fcaefc6ad145e8be7dce3ec91,ec9f25e6b68d12ca6182161cdc389e0da99a8cff29c47b015f1d07a6633e4cf0,consensus_benchmark_exact_v1,prompt_compiler_v2_split_g_f,232887860,pending,Q001,"{""Q001"": ""consensus_estimate_net_zero_before_2085""}",consensus_exact_step2,c444a6eac0c7b6cd317bc71d70e09e8e9d8b0a57308ceb8b4c11921129cc5ae1
G|LP0078|ConsensusExact|step2|attempt_1,G-e7507fcfaaa499b5bea86ae288ffde7b8ad8e0f5,G,target,LP0078,Consensus,consensus_exact_step2_estimate,1,google/gemma-4-31B-it,4839ea81ff133ecf8dd1b9d90275b1f65eec671ba011ec70bc0a18fceed850b1,ec9f25e6b68d12ca6182161cdc389e0da99a8cff29c47b015f1d07a6633e4cf0,consensus_benchmark_exact_v1,prompt_compiler_v2_split_g_f,2034604375,pending,Q001,"{""Q001"": ""consensus_estimate_net_zero_before_2085""}",consensus_exact_step2,c444a6eac0c7b6cd317bc71d70e09e8e9d8b0a57308ceb8b4c11921129cc5ae1
G|LP0079|ConsensusExact|step2|attempt_1,G-71fda5bab4a1ec27bb89107a376148f1a143ae23,G,target,LP0079,Consensus,consensus_exact_step2_estimate,1,google/gemma-4-31B-it,b1df803c693079e05d1a0cbdb51e6a92d7f01d7f545496df8994ebbd92dbfcd1,ec9f25e6b68d12ca6182161cdc389e0da99a8cff29c47b015f1d07a6633e4cf0,consensus_benchmark_exact_v1,prompt_compiler_v2_split_g_f,412956574,pending,Q001,"{""Q001"": ""consensus_estimate_net_zero_before_2085""}",consensus_exact_step2,c444a6eac0c7b6cd317bc71d70e09e8e9d8b0a57308ceb8b4c11921129cc5ae1
G|LP0080|ConsensusExact|step2|attempt_1,G-f121ea9b9eba9331e105ec2ce73c2b0c2c35fab2,G,target,LP0080,Consensus,consensus_exact_step2_estimate,1,google/gemma-4-31B-it,e209d09521ec77788ecfa3899f3b3c61c2fa3692ad4cef995876690a7c6fa1c8,ec9f25e6b68d12ca6182161cdc389e0da99a8cff29c47b015f1d07a6633e4cf0,consensus_benchmark_exact_v1,prompt_compiler_v2_split_g_f,16672876,pending,Q001,"{""Q001"": ""consensus_estimate_net_zero_before_2085""}",consensus_exact_step2,c444a6eac0c7b6cd317bc71d70e09e8e9d8b0a57308ceb8b4c11921129cc5ae1
G|LP0081|ConsensusExact|step2|attempt_1,G-e0cd4f8b3d7f70ce2af936b380f819c113684ba5,G,target,LP0081,Consensus,consensus_exact_step2_estimate,1,google/gemma-4-31B-it,7af1c964447091efc6ee5f113dd42bced361eca1ea7ab2c6980203051cabb2b4,ec9f25e6b68d12ca6182161cdc389e0da99a8cff29c47b015f1d07a6633e4cf0,consensus_benchmark_exact_v1,prompt_compiler_v2_split_g_f,2132414439,pending,Q001,"{""Q001"": ""consensus_estimate_net_zero_before_2085""}",consensus_exact_step2,c444a6eac0c7b6cd317bc71d70e09e8e9d8b0a57308ceb8b4c11921129cc5ae1
G|LP0082|ConsensusExact|step2|attempt_1,G-dec789d927b2fb05a8cadc2082b19b73aca6bdbe,G,target,LP0082,Consensus,consensus_exact_step2_estimate,1,google/gemma-4-31B-it,b4e99d6fba6412ec9afed12272f5a9380c4bf78ed486fedd63fb6f3ef60ac2af,ec9f25e6b68d12ca6182161cdc389e0da99a8cff29c47b015f1d07a6633e4cf0,consensus_benchmark_exact_v1,prompt_compiler_v2_split_g_f,1698827962,pending,Q001,"{""Q001"": ""consensus_estimate_net_zero_before_2085""}",consensus_exact_step2,c444a6eac0c7b6cd317bc71d70e09e8e9d8b0a57308ceb8b4c11921129cc5ae1
G|LP0083|ConsensusExact|step2|attempt_1,G-b5e240693f80ce716814838eafd7a3e43e36dc66,G,target,LP0083,Consensus,consensus_exact_step2_estimate,1,google/gemma-4-31B-it,e691da37030ba9f28aba2f0edebb21036eca2d28ace38a1222eb9d6f64688ffa,ec9f25e6b68d12ca6182161cdc389e0da99a8cff29c47b015f1d07a6633e4cf0,consensus_benchmark_exact_v1,prompt_compiler_v2_split_g_f,725962566,pending,Q001,"{""Q001"": ""consensus_estimate_net_zero_before_2085""}",consensus_exact_step2,c444a6eac0c7b6cd317bc71d70e09e8e9d8b0a57308ceb8b4c11921129cc5ae1
G|LP0084|ConsensusExact|step2|attempt_1,G-8c7aad9de31877b27f764bad510ccbecd03761bf,G,target,LP0084,Consensus,consensus_exact_step2_estimate,1,google/gemma-4-31B-it,bcf678a321ba6aa342c06723ca44d7d7acb823a422773774cfd3aaab008fb450,ec9f25e6b68d12ca6182161cdc389e0da99a8cff29c47b015f1d07a6633e4cf0,consensus_benchmark_exact_v1,prompt_compiler_v2_split_g_f,2081280751,pending,Q001,"{""Q001"": ""consensus_estimate_net_zero_before_2085""}",consensus_exact_step2,c444a6eac0c7b6cd317bc71d70e09e8e9d8b0a57308ceb8b4c11921129cc5ae1
G|LP0085|ConsensusExact|step2|attempt_1,G-6ff7b788a8594bda63e69581ef4696197cd76711,G,target,LP0085,Consensus,consensus_exact_step2_estimate,1,google/gemma-4-31B-it,421e7bbbb3db8ebbc721e3b5c5b7104278cf972b7738848de6d6a000df9d520c,ec9f25e6b68d12ca6182161cdc389e0da99a8cff29c47b015f1d07a6633e4cf0,consensus_benchmark_exact_v1,prompt_compiler_v2_split_g_f,138984173,pending,Q001,"{""Q001"": ""consensus_estimate_net_zero_before_2085""}",consensus_exact_step2,c444a6eac0c7b6cd317bc71d70e09e8e9d8b0a57308ceb8b4c11921129cc5ae1
G|LP0086|ConsensusExact|step2|attempt_1,G-5ed95e808201bf1f441013300892e3751fd40ef0,G,target,LP0086,Consensus,consensus_exact_step2_estimate,1,google/gemma-4-31B-it,a62ca26346d1c72c3e397b51e197acd1a8196a26b9e819c9d6d53961772091e0,ec9f25e6b68d12ca6182161cdc389e0da99a8cff29c47b015f1d07a6633e4cf0,consensus_benchmark_exact_v1,prompt_compiler_v2_split_g_f,1068792865,pending,Q001,"{""Q001"": ""consensus_estimate_net_zero_before_2085""}",consensus_exact_step2,c444a6eac0c7b6cd317bc71d70e09e8e9d8b0a57308ceb8b4c11921129cc5ae1
G|LP0087|ConsensusExact|step2|attempt_1,G-5a97858de81ea9e74331f8b73b16fb087fe8d792,G,target,LP0087,Consensus,consensus_exact_step2_estimate,1,google/gemma-4-31B-it,2d57e2e903618bddc78691e33533b42a2fb1eb43b02db3faadd675a7c5e54462,ec9f25e6b68d12ca6182161cdc389e0da99a8cff29c47b015f1d07a6633e4cf0,consensus_benchmark_exact_v1,prompt_compiler_v2_split_g_f,491631876,pending,Q001,"{""Q001"": ""consensus_estimate_net_zero_before_2085""}",consensus_exact_step2,c444a6eac0c7b6cd317bc71d70e09e8e9d8b0a57308ceb8b4c11921129cc5ae1
G|LP0088|ConsensusExact|step2|attempt_1,G-9f2167b23266c0d321d07bac7c653dbb2f5ee9be,G,target,LP0088,Consensus,consensus_exact_step2_estimate,1,google/gemma-4-31B-it,86f0b407d98942f7d32a0430a31473d10a81fdf7e51ae83185b6ddbe6228f336,ec9f25e6b68d12ca6182161cdc389e0da99a8cff29c47b015f1d07a6633e4cf0,consensus_benchmark_exact_v1,prompt_compiler_v2_split_g_f,1890160697,pending,Q001,"{""Q001"": ""consensus_estimate_net_zero_before_2085""}",consensus_exact_step2,c444a6eac0c7b6cd317bc71d70e09e8e9d8b0a57308ceb8b4c11921129cc5ae1
G|LP0089|ConsensusExact|step2|attempt_1,G-939d43d6d3fce75cbbb7a56c943ced3c9d86b7c3,G,target,LP0089,Consensus,consensus_exact_step2_estimate,1,google/gemma-4-31B-it,429c311387bd17dc1897602978ddcdf67f4137d7412e370f47467973dfac58bb,ec9f25e6b68d12ca6182161cdc389e0da99a8cff29c47b015f1d07a6633e4cf0,consensus_benchmark_exact_v1,prompt_compiler_v2_split_g_f,2067230475,pending,Q001,"{""Q001"": ""consensus_estimate_net_zero_before_2085""}",consensus_exact_step2,c444a6eac0c7b6cd317bc71d70e09e8e9d8b0a57308ceb8b4c11921129cc5ae1
G|LP0090|ConsensusExact|step2|attempt_1,G-142b7b94034f0ac2f6f4a9b40accc7f5f1783c45,G,target,LP0090,Consensus,consensus_exact_step2_estimate,1,google/gemma-4-31B-it,f8f410499f1969f8f3b9651c742bf12cefb1600e2909c80745457fd04a75e540,ec9f25e6b68d12ca6182161cdc389e0da99a8cff29c47b015f1d07a6633e4cf0,consensus_benchmark_exact_v1,prompt_compiler_v2_split_g_f,732299754,pending,Q001,"{""Q001"": ""consensus_estimate_net_zero_before_2085""}",consensus_exact_step2,c444a6eac0c7b6cd317bc71d70e09e8e9d8b0a57308ceb8b4c11921129cc5ae1
G|LP0091|ConsensusExact|step2|attempt_1,G-e50771ec7185312cd443c3ca04e38710c14f93fc,G,target,LP0091,Consensus,consensus_exact_step2_estimate,1,google/gemma-4-31B-it,b8627f1d9f4ce3198907977ebe2f4edd81f152a99d691e0e61e4599528165f64,ec9f25e6b68d12ca6182161cdc389e0da99a8cff29c47b015f1d07a6633e4cf0,consensus_benchmark_exact_v1,prompt_compiler_v2_split_g_f,999560456,pending,Q001,"{""Q001"": ""consensus_estimate_net_zero_before_2085""}",consensus_exact_step2,c444a6eac0c7b6cd317bc71d70e09e8e9d8b0a57308ceb8b4c11921129cc5ae1
G|LP0092|ConsensusExact|step2|attempt_1,G-86cfd418bed3775a91fedb8babb92a474e3bfcec,G,target,LP0092,Consensus,consensus_exact_step2_estimate,1,google/gemma-4-31B-it,8b44e21cbcdfa5bc94e84ec0881a234d0c277eba93beedbf71bde6d06d9bbb2f,ec9f25e6b68d12ca6182161cdc389e0da99a8cff29c47b015f1d07a6633e4cf0,consensus_benchmark_exact_v1,prompt_compiler_v2_split_g_f,1282613133,pending,Q001,"{""Q001"": ""consensus_estimate_net_zero_before_2085""}",consensus_exact_step2,c444a6eac0c7b6cd317bc71d70e09e8e9d8b0a57308ceb8b4c11921129cc5ae1
G|LP0093|ConsensusExact|step2|attempt_1,G-e4d5f7b33072e0d4bea416b23a7f0e8b352e3aec,G,target,LP0093,Consensus,consensus_exact_step2_estimate,1,google/gemma-4-31B-it,40b70ab992a475bf8a84c86559b69490573778a128a3210d253b0f635c11baf2,ec9f25e6b68d12ca6182161cdc389e0da99a8cff29c47b015f1d07a6633e4cf0,consensus_benchmark_exact_v1,prompt_compiler_v2_split_g_f,2048839741,pending,Q001,"{""Q001"": ""consensus_estimate_net_zero_before_2085""}",consensus_exact_step2,c444a6eac0c7b6cd317bc71d70e09e8e9d8b0a57308ceb8b4c11921129cc5ae1
G|LP0094|ConsensusExact|step2|attempt_1,G-b9d893be952f33b6c54d5c716195321a62bd5491,G,target,LP0094,Consensus,consensus_exact_step2_estimate,1,google/gemma-4-31B-it,1abedbeb9b8b67913a92da0974eed63310ea1557687abfe6e67a5f2adf5862d7,ec9f25e6b68d12ca6182161cdc389e0da99a8cff29c47b015f1d07a6633e4cf0,consensus_benchmark_exact_v1,prompt_compiler_v2_split_g_f,148921142,pending,Q001,"{""Q001"": ""consensus_estimate_net_zero_before_2085""}",consensus_exact_step2,c444a6eac0c7b6cd317bc71d70e09e8e9d8b0a57308ceb8b4c11921129cc5ae1
G|LP0095|ConsensusExact|step2|attempt_1,G-b7944bc1ff1db78c15a8eaabbccffa273967a087,G,target,LP0095,Consensus,consensus_exact_step2_estimate,1,google/gemma-4-31B-it,05d8685f4207eac3cf57e18603b21b1171bc9fd0d31bdfdc2f37f77489384766,ec9f25e6b68d12ca6182161cdc389e0da99a8cff29c47b015f1d07a6633e4cf0,consensus_benchmark_exact_v1,prompt_compiler_v2_split_g_f,1850101522,pending,Q001,"{""Q001"": ""consensus_estimate_net_zero_before_2085""}",consensus_exact_step2,c444a6eac0c7b6cd317bc71d70e09e8e9d8b0a57308ceb8b4c11921129cc5ae1
G|LP0096|ConsensusExact|step2|attempt_1,G-ffc4dc780a2cf69bb441fc71ff27686d1912306c,G,target,LP0096,Consensus,consensus_exact_step2_estimate,1,google/gemma-4-31B-it,9d8e4d79573ab77e3ed943ee1c03473f9c6a245bcd581233db80b653cf024eb9,ec9f25e6b68d12ca6182161cdc389e0da99a8cff29c47b015f1d07a6633e4cf0,consensus_benchmark_exact_v1,prompt_compiler_v2_split_g_f,162967439,pending,Q001,"{""Q001"": ""consensus_estimate_net_zero_before_2085""}",consensus_exact_step2,c444a6eac0c7b6cd317bc71d70e09e8e9d8b0a57308ceb8b4c11921129cc5ae1
G|LP0097|ConsensusExact|step2|attempt_1,G-d7f32bbc430aa6138add58bdc712cd4c582f0af2,G,target,LP0097,Consensus,consensus_exact_step2_estimate,1,google/gemma-4-31B-it,575b27096c4d345e638bf5842e3811f7b3f46216421b8b1b25684ad1d89ad92d,ec9f25e6b68d12ca6182161cdc389e0da99a8cff29c47b015f1d07a6633e4cf0,consensus_benchmark_exact_v1,prompt_compiler_v2_split_g_f,1928396174,pending,Q001,"{""Q001"": ""consensus_estimate_net_zero_before_2085""}",consensus_exact_step2,c444a6eac0c7b6cd317bc71d70e09e8e9d8b0a57308ceb8b4c11921129cc5ae1
G|LP0098|ConsensusExact|step2|attempt_1,G-a32aa6e493eed0e6407205e2532bbb6ffb635f71,G,target,LP0098,Consensus,consensus_exact_step2_estimate,1,google/gemma-4-31B-it,b08f365759360b3d115da4a1d41e13028d83d789c136dd158e0f5b11b1ae007a,ec9f25e6b68d12ca6182161cdc389e0da99a8cff29c47b015f1d07a6633e4cf0,consensus_benchmark_exact_v1,prompt_compiler_v2_split_g_f,1514413745,pending,Q001,"{""Q001"": ""consensus_estimate_net_zero_before_2085""}",consensus_exact_step2,c444a6eac0c7b6cd317bc71d70e09e8e9d8b0a57308ceb8b4c11921129cc5ae1
G|LP0099|ConsensusExact|step2|attempt_1,G-cf2185f0643773d8d1d69cf9515bb21fc5c17994,G,target,LP0099,Consensus,consensus_exact_step2_estimate,1,google/gemma-4-31B-it,d38ab1b4368211d0af4d87a7aa8799cdb9fdea9d4c969c4dd0215174a7b6bea0,ec9f25e6b68d12ca6182161cdc389e0da99a8cff29c47b015f1d07a6633e4cf0,consensus_benchmark_exact_v1,prompt_compiler_v2_split_g_f,41582524,pending,Q001,"{""Q001"": ""consensus_estimate_net_zero_before_2085""}",consensus_exact_step2,c444a6eac0c7b6cd317bc71d70e09e8e9d8b0a57308ceb8b4c11921129cc5ae1
G|LP0100|ConsensusExact|step2|attempt_1,G-68d5433eeb96e8d01f57e1e40cd30186f3ad0b8f,G,target,LP0100,Consensus,consensus_exact_step2_estimate,1,google/gemma-4-31B-it,59939c934a23f500f7c8dfa07063f16d29ba9cdc0d00832b4f4b359cddf5b223,ec9f25e6b68d12ca6182161cdc389e0da99a8cff29c47b015f1d07a6633e4cf0,consensus_benchmark_exact_v1,prompt_compiler_v2_split_g_f,1027698511,pending,Q001,"{""Q001"": ""consensus_estimate_net_zero_before_2085""}",consensus_exact_step2,c444a6eac0c7b6cd317bc71d70e09e8e9d8b0a57308ceb8b4c11921129cc5ae1
G|LP0101|ConsensusExact|step2|attempt_1,G-cc6dd95c273a9d6679dcb915d8f0c0a2486c830c,G,target,LP0101,Consensus,consensus_exact_step2_estimate,1,google/gemma-4-31B-it,707837d3b93a8c53b250dbfc848ec72e2cac3d92db09a50c9f93707646b99f08,ec9f25e6b68d12ca6182161cdc389e0da99a8cff29c47b015f1d07a6633e4cf0,consensus_benchmark_exact_v1,prompt_compiler_v2_split_g_f,1075204129,pending,Q001,"{""Q001"": ""consensus_estimate_net_zero_before_2085""}",consensus_exact_step2,c444a6eac0c7b6cd317bc71d70e09e8e9d8b0a57308ceb8b4c11921129cc5ae1
G|LP0102|ConsensusExact|step2|attempt_1,G-f9428c1d2d70ae54e282ee9ce90766505800743b,G,target,LP0102,Consensus,consensus_exact_step2_estimate,1,google/gemma-4-31B-it,cd8e1a3d08e757844e6f9aadd2dcd9ade139b358499be204a23c29643852a01f,ec9f25e6b68d12ca6182161cdc389e0da99a8cff29c47b015f1d07a6633e4cf0,consensus_benchmark_exact_v1,prompt_compiler_v2_split_g_f,536200850,pending,Q001,"{""Q001"": ""consensus_estimate_net_zero_before_2085""}",consensus_exact_step2,c444a6eac0c7b6cd317bc71d70e09e8e9d8b0a57308ceb8b4c11921129cc5ae1
G|LP0103|ConsensusExact|step2|attempt_1,G-5eaf6c83ffd32a0a3c06c2f23465b705fe986094,G,target,LP0103,Consensus,consensus_exact_step2_estimate,1,google/gemma-4-31B-it,8b5b17d84a7a1717c2108541e4da725dcaec6ca80df42e48eea8286e45dcda1f,ec9f25e6b68d12ca6182161cdc389e0da99a8cff29c47b015f1d07a6633e4cf0,consensus_benchmark_exact_v1,prompt_compiler_v2_split_g_f,1026687763,pending,Q001,"{""Q001"": ""consensus_estimate_net_zero_before_2085""}",consensus_exact_step2,c444a6eac0c7b6cd317bc71d70e09e8e9d8b0a57308ceb8b4c11921129cc5ae1
G|LP0104|ConsensusExact|step2|attempt_1,G-0e0d13e026b0806b8aa89527d1a01faa8cbd6086,G,target,LP0104,Consensus,consensus_exact_step2_estimate,1,google/gemma-4-31B-it,3f9d0164ab46eda4e2cae1941aeced19c82f6c57bb61a90559d7afee7a4e8466,ec9f25e6b68d12ca6182161cdc389e0da99a8cff29c47b015f1d07a6633e4cf0,consensus_benchmark_exact_v1,prompt_compiler_v2_split_g_f,1120577579,pending,Q001,"{""Q001"": ""consensus_estimate_net_zero_before_2085""}",consensus_exact_step2,c444a6eac0c7b6cd317bc71d70e09e8e9d8b0a57308ceb8b4c11921129cc5ae1
G|LP0105|ConsensusExact|step2|attempt_1,G-4c3821f742e4cb0fd7251e1e7aa6970cb051302b,G,target,LP0105,Consensus,consensus_exact_step2_estimate,1,google/gemma-4-31B-it,d10e0ab8a7e7295287656a9b866de0e0c9eb22b8b5138911f92a9e9e1c522282,ec9f25e6b68d12ca6182161cdc389e0da99a8cff29c47b015f1d07a6633e4cf0,consensus_benchmark_exact_v1,prompt_compiler_v2_split_g_f,1532301054,pending,Q001,"{""Q001"": ""consensus_estimate_net_zero_before_2085""}",consensus_exact_step2,c444a6eac0c7b6cd317bc71d70e09e8e9d8b0a57308ceb8b4c11921129cc5ae1
G|LP0106|ConsensusExact|step2|attempt_1,G-efc6c7d1e89df973fa93e7d43c5dca85e289e406,G,target,LP0106,Consensus,consensus_exact_step2_estimate,1,google/gemma-4-31B-it,3eddde2889539034a5a1058041e948c1a208c1c66d501b59d5685a94dbf97ff4,ec9f25e6b68d12ca6182161cdc389e0da99a8cff29c47b015f1d07a6633e4cf0,consensus_benchmark_exact_v1,prompt_compiler_v2_split_g_f,1210812698,pending,Q001,"{""Q001"": ""consensus_estimate_net_zero_before_2085""}",consensus_exact_step2,c444a6eac0c7b6cd317bc71d70e09e8e9d8b0a57308ceb8b4c11921129cc5ae1
G|LP0107|ConsensusExact|step2|attempt_1,G-a48c571452220649329155d715dccab4985826ff,G,target,LP0107,Consensus,consensus_exact_step2_estimate,1,google/gemma-4-31B-it,26e63bbedc53953da00d9630bb8ea37d582748e6491521e1d3d9830c97052f0c,ec9f25e6b68d12ca6182161cdc389e0da99a8cff29c47b015f1d07a6633e4cf0,consensus_benchmark_exact_v1,prompt_compiler_v2_split_g_f,456832116,pending,Q001,"{""Q001"": ""consensus_estimate_net_zero_before_2085""}",consensus_exact_step2,c444a6eac0c7b6cd317bc71d70e09e8e9d8b0a57308ceb8b4c11921129cc5ae1
G|LP0108|ConsensusExact|step2|attempt_1,G-b5fb85b556ec4282fe709a5c57a90329d1c31e36,G,target,LP0108,Consensus,consensus_exact_step2_estimate,1,google/gemma-4-31B-it,f6c745b8a2814e2179bf55b03a52baa136844839deb9dd5ba3fd1325ff68798c,ec9f25e6b68d12ca6182161cdc389e0da99a8cff29c47b015f1d07a6633e4cf0,consensus_benchmark_exact_v1,prompt_compiler_v2_split_g_f,1122192879,pending,Q001,"{""Q001"": ""consensus_estimate_net_zero_before_2085""}",consensus_exact_step2,c444a6eac0c7b6cd317bc71d70e09e8e9d8b0a57308ceb8b4c11921129cc5ae1
G|LP0109|ConsensusExact|step2|attempt_1,G-dda3d73cc8f06b122da08ee7ebadefccd26d2fca,G,target,LP0109,Consensus,consensus_exact_step2_estimate,1,google/gemma-4-31B-it,fd92e0fbbf97e7f4497c5d9c64b2ace7946a5c6bc14cf0f06a849f9dbfe56ac8,ec9f25e6b68d12ca6182161cdc389e0da99a8cff29c47b015f1d07a6633e4cf0,consensus_benchmark_exact_v1,prompt_compiler_v2_split_g_f,70785423,pending,Q001,"{""Q001"": ""consensus_estimate_net_zero_before_2085""}",consensus_exact_step2,c444a6eac0c7b6cd317bc71d70e09e8e9d8b0a57308ceb8b4c11921129cc5ae1
G|LP0110|ConsensusExact|step2|attempt_1,G-8707930ad7c02749af03a22f50a0d2d45b8090fa,G,target,LP0110,Consensus,consensus_exact_step2_estimate,1,google/gemma-4-31B-it,ee52f84637b14ad3bd9a73009a01713436da2bcaf9638960d186a7b813eb917a,ec9f25e6b68d12ca6182161cdc389e0da99a8cff29c47b015f1d07a6633e4cf0,consensus_benchmark_exact_v1,prompt_compiler_v2_split_g_f,1708084576,pending,Q001,"{""Q001"": ""consensus_estimate_net_zero_before_2085""}",consensus_exact_step2,c444a6eac0c7b6cd317bc71d70e09e8e9d8b0a57308ceb8b4c11921129cc5ae1
G|LP0111|ConsensusExact|step2|attempt_1,G-a63356bae8c7d112dcf1d10c75a2238815663ae5,G,target,LP0111,Consensus,consensus_exact_step2_estimate,1,google/gemma-4-31B-it,838d93f591fa461319f35c1c28a6fbb2f891f0cd30d6ef5284398725e9722aa6,ec9f25e6b68d12ca6182161cdc389e0da99a8cff29c47b015f1d07a6633e4cf0,consensus_benchmark_exact_v1,prompt_compiler_v2_split_g_f,892239498,pending,Q001,"{""Q001"": ""consensus_estimate_net_zero_before_2085""}",consensus_exact_step2,c444a6eac0c7b6cd317bc71d70e09e8e9d8b0a57308ceb8b4c11921129cc5ae1
G|LP0112|ConsensusExact|step2|attempt_1,G-3d9d54f56e06bf016ce059cd0decf33776916328,G,target,LP0112,Consensus,consensus_exact_step2_estimate,1,google/gemma-4-31B-it,0dffd1e7adf2e6a08bce4bb015aa28dd05d769b66e0cf67df6d923de4a159d12,ec9f25e6b68d12ca6182161cdc389e0da99a8cff29c47b015f1d07a6633e4cf0,consensus_benchmark_exact_v1,prompt_compiler_v2_split_g_f,1765894380,pending,Q001,"{""Q001"": ""consensus_estimate_net_zero_before_2085""}",consensus_exact_step2,c444a6eac0c7b6cd317bc71d70e09e8e9d8b0a57308ceb8b4c11921129cc5ae1
G|LP0113|ConsensusExact|step2|attempt_1,G-5955646db43c23bfc90fbabb589033868cc3dc09,G,target,LP0113,Consensus,consensus_exact_step2_estimate,1,google/gemma-4-31B-it,3b83a20dca3af0c7f04755c106dc0b0886820537bc59d95de513ce74ea9250f0,ec9f25e6b68d12ca6182161cdc389e0da99a8cff29c47b015f1d07a6633e4cf0,consensus_benchmark_exact_v1,prompt_compiler_v2_split_g_f,1726409883,pending,Q001,"{""Q001"": ""consensus_estimate_net_zero_before_2085""}",consensus_exact_step2,c444a6eac0c7b6cd317bc71d70e09e8e9d8b0a57308ceb8b4c11921129cc5ae1
G|LP0114|ConsensusExact|step2|attempt_1,G-ef8581176b99587a86b25a46f80e916c28af411b,G,target,LP0114,Consensus,consensus_exact_step2_estimate,1,google/gemma-4-31B-it,da9312e886c5fce512035e374fcf635a8e171afcf4fffeb44775a3a205a46b9c,ec9f25e6b68d12ca6182161cdc389e0da99a8cff29c47b015f1d07a6633e4cf0,consensus_benchmark_exact_v1,prompt_compiler_v2_split_g_f,1252285100,pending,Q001,"{""Q001"": ""consensus_estimate_net_zero_before_2085""}",consensus_exact_step2,c444a6eac0c7b6cd317bc71d70e09e8e9d8b0a57308ceb8b4c11921129cc5ae1
G|LP0115|ConsensusExact|step2|attempt_1,G-e06fdd33509107ada807215dc5ac5f91bb1467dc,G,target,LP0115,Consensus,consensus_exact_step2_estimate,1,google/gemma-4-31B-it,94eee2c5cf9063938379582e8f9909824730b9fffa1e83a8f17a25c63061714d,ec9f25e6b68d12ca6182161cdc389e0da99a8cff29c47b015f1d07a6633e4cf0,consensus_benchmark_exact_v1,prompt_compiler_v2_split_g_f,292602391,pending,Q001,"{""Q001"": ""consensus_estimate_net_zero_before_2085""}",consensus_exact_step2,c444a6eac0c7b6cd317bc71d70e09e8e9d8b0a57308ceb8b4c11921129cc5ae1
G|LP0116|ConsensusExact|step2|attempt_1,G-7a00a0b9d737475b18420ff900ab28332ded4fea,G,target,LP0116,Consensus,consensus_exact_step2_estimate,1,google/gemma-4-31B-it,b388c3b197f313d62c1532730f044547ba19fb3f5c9364cce63df57431ce6ed2,ec9f25e6b68d12ca6182161cdc389e0da99a8cff29c47b015f1d07a6633e4cf0,consensus_benchmark_exact_v1,prompt_compiler_v2_split_g_f,1261996240,pending,Q001,"{""Q001"": ""consensus_estimate_net_zero_before_2085""}",consensus_exact_step2,c444a6eac0c7b6cd317bc71d70e09e8e9d8b0a57308ceb8b4c11921129cc5ae1
G|LP0117|ConsensusExact|step2|attempt_1,G-42a1247e4b7b4ba67a3fb422ef4fd6d3f99f12f1,G,target,LP0117,Consensus,consensus_exact_step2_estimate,1,google/gemma-4-31B-it,548eab53ca181d895a00a3b2106563fb6f9a96ae7aa2592ea33ec1d23aa7f9d5,ec9f25e6b68d12ca6182161cdc389e0da99a8cff29c47b015f1d07a6633e4cf0,consensus_benchmark_exact_v1,prompt_compiler_v2_split_g_f,1354601635,pending,Q001,"{""Q001"": ""consensus_estimate_net_zero_before_2085""}",consensus_exact_step2,c444a6eac0c7b6cd317bc71d70e09e8e9d8b0a57308ceb8b4c11921129cc5ae1
G|LP0118|ConsensusExact|step2|attempt_1,G-51a683ec9c6bd3344597bf8d60c1bafa58156be8,G,target,LP0118,Consensus,consensus_exact_step2_estimate,1,google/gemma-4-31B-it,92547afa76c573c092815e4f955589f52e4c7d8271f4bc842bb558b7f62c917e,ec9f25e6b68d12ca6182161cdc389e0da99a8cff29c47b015f1d07a6633e4cf0,consensus_benchmark_exact_v1,prompt_compiler_v2_split_g_f,1069079310,pending,Q001,"{""Q001"": ""consensus_estimate_net_zero_before_2085""}",consensus_exact_step2,c444a6eac0c7b6cd317bc71d70e09e8e9d8b0a57308ceb8b4c11921129cc5ae1
G|LP0119|ConsensusExact|step2|attempt_1,G-9ac4d4d237fd62dca6bb276cc4d091241374a5d3,G,target,LP0119,Consensus,consensus_exact_step2_estimate,1,google/gemma-4-31B-it,74959e2b894d12e7a49b0661af7821bc6549e1f8c8aea2e690a92fba2fe92738,ec9f25e6b68d12ca6182161cdc389e0da99a8cff29c47b015f1d07a6633e4cf0,consensus_benchmark_exact_v1,prompt_compiler_v2_split_g_f,1837567106,pending,Q001,"{""Q001"": ""consensus_estimate_net_zero_before_2085""}",consensus_exact_step2,c444a6eac0c7b6cd317bc71d70e09e8e9d8b0a57308ceb8b4c11921129cc5ae1
G|LP0120|ConsensusExact|step2|attempt_1,G-c4565b611dc20c3e8ba72a36f40a84e6491777f1,G,target,LP0120,Consensus,consensus_exact_step2_estimate,1,google/gemma-4-31B-it,1a83190079446a973ccc50c923e3c694c5867f2dbd1ffc5952d7dbbe194ff299,ec9f25e6b68d12ca6182161cdc389e0da99a8cff29c47b015f1d07a6633e4cf0,consensus_benchmark_exact_v1,prompt_compiler_v2_split_g_f,644793091,pending,Q001,"{""Q001"": ""consensus_estimate_net_zero_before_2085""}",consensus_exact_step2,c444a6eac0c7b6cd317bc71d70e09e8e9d8b0a57308ceb8b4c11921129cc5ae1
G|LP0121|ConsensusExact|step2|attempt_1,G-5ae9461c811123a05a371dce5a1aa49ecf4606cd,G,target,LP0121,Consensus,consensus_exact_step2_estimate,1,google/gemma-4-31B-it,9d0edeecb005acde3ba2b3e2fd76669010a78ce742dd8b5e4f67b6c395167ab1,ec9f25e6b68d12ca6182161cdc389e0da99a8cff29c47b015f1d07a6633e4cf0,consensus_benchmark_exact_v1,prompt_compiler_v2_split_g_f,920891354,pending,Q001,"{""Q001"": ""consensus_estimate_net_zero_before_2085""}",consensus_exact_step2,c444a6eac0c7b6cd317bc71d70e09e8e9d8b0a57308ceb8b4c11921129cc5ae1
G|LP0122|ConsensusExact|step2|attempt_1,G-007879009fb2a31ec8689dc4a886f80b70a3a99a,G,target,LP0122,Consensus,consensus_exact_step2_estimate,1,google/gemma-4-31B-it,07ddc418784fc62f1fd6efbe20357ce3150d10f48956f39dc92496c9290d6f92,ec9f25e6b68d12ca6182161cdc389e0da99a8cff29c47b015f1d07a6633e4cf0,consensus_benchmark_exact_v1,prompt_compiler_v2_split_g_f,547591455,pending,Q001,"{""Q001"": ""consensus_estimate_net_zero_before_2085""}",consensus_exact_step2,c444a6eac0c7b6cd317bc71d70e09e8e9d8b0a57308ceb8b4c11921129cc5ae1
G|LP0123|ConsensusExact|step2|attempt_1,G-70ef112072267ea5c41f55bdcab2b7ae8057680b,G,target,LP0123,Consensus,consensus_exact_step2_estimate,1,google/gemma-4-31B-it,88d2f3b0a1a9113887fed30bee4bc3d7f8c4885718fc5223bd1f618ff910e661,ec9f25e6b68d12ca6182161cdc389e0da99a8cff29c47b015f1d07a6633e4cf0,consensus_benchmark_exact_v1,prompt_compiler_v2_split_g_f,1409589479,pending,Q001,"{""Q001"": ""consensus_estimate_net_zero_before_2085""}",consensus_exact_step2,c444a6eac0c7b6cd317bc71d70e09e8e9d8b0a57308ceb8b4c11921129cc5ae1
G|LP0124|ConsensusExact|step2|attempt_1,G-25a3fd49de884724e4bc0ec651e9b3562520f44a,G,target,LP0124,Consensus,consensus_exact_step2_estimate,1,google/gemma-4-31B-it,dbbbdf9cde53f78502ab1fd7e356db0d7f8e02922245738bfd7cd5cd4303f8f8,ec9f25e6b68d12ca6182161cdc389e0da99a8cff29c47b015f1d07a6633e4cf0,consensus_benchmark_exact_v1,prompt_compiler_v2_split_g_f,701514168,pending,Q001,"{""Q001"": ""consensus_estimate_net_zero_before_2085""}",consensus_exact_step2,c444a6eac0c7b6cd317bc71d70e09e8e9d8b0a57308ceb8b4c11921129cc5ae1
G|LP0125|ConsensusExact|step2|attempt_1,G-afc8c8f352a88cca9cd171b92a5d08c3897ca42d,G,target,LP0125,Consensus,consensus_exact_step2_estimate,1,google/gemma-4-31B-it,100f3cefa8b4c2945a44026a93a00e7b165e6265aa072ff36bd08b6eef7ed665,ec9f25e6b68d12ca6182161cdc389e0da99a8cff29c47b015f1d07a6633e4cf0,consensus_benchmark_exact_v1,prompt_compiler_v2_split_g_f,842669747,pending,Q001,"{""Q001"": ""consensus_estimate_net_zero_before_2085""}",consensus_exact_step2,c444a6eac0c7b6cd317bc71d70e09e8e9d8b0a57308ceb8b4c11921129cc5ae1
G|LP0126|ConsensusExact|step2|attempt_1,G-4b6600ba52f71418aeea6bab6055ffe7fd8a07da,G,target,LP0126,Consensus,consensus_exact_step2_estimate,1,google/gemma-4-31B-it,50b27a790e430ff51840e6579490318f7bcd89b2b600281304525a80dde1f9b3,ec9f25e6b68d12ca6182161cdc389e0da99a8cff29c47b015f1d07a6633e4cf0,consensus_benchmark_exact_v1,prompt_compiler_v2_split_g_f,1774392717,pending,Q001,"{""Q001"": ""consensus_estimate_net_zero_before_2085""}",consensus_exact_step2,c444a6eac0c7b6cd317bc71d70e09e8e9d8b0a57308ceb8b4c11921129cc5ae1
G|LP0127|ConsensusExact|step2|attempt_1,G-44cc52fddad33314e41afcc3878254bd65a96413,G,target,LP0127,Consensus,consensus_exact_step2_estimate,1,google/gemma-4-31B-it,53bc4ddb26d8930d6c9564bb77be29128400e8763b70efffc6fdfc7fb9ee2b26,ec9f25e6b68d12ca6182161cdc389e0da99a8cff29c47b015f1d07a6633e4cf0,consensus_benchmark_exact_v1,prompt_compiler_v2_split_g_f,1684789520,pending,Q001,"{""Q001"": ""consensus_estimate_net_zero_before_2085""}",consensus_exact_step2,c444a6eac0c7b6cd317bc71d70e09e8e9d8b0a57308ceb8b4c11921129cc5ae1
G|LP0128|ConsensusExact|step2|attempt_1,G-dae673cfb8d96ebed33907e3657d8c6deb0402ad,G,target,LP0128,Consensus,consensus_exact_step2_estimate,1,google/gemma-4-31B-it,8a5d2cb5596ed565b6a38501bf8345de628947e1d9ef4cab7a1a5bf55cb044dd,ec9f25e6b68d12ca6182161cdc389e0da99a8cff29c47b015f1d07a6633e4cf0,consensus_benchmark_exact_v1,prompt_compiler_v2_split_g_f,1856394848,pending,Q001,"{""Q001"": ""consensus_estimate_net_zero_before_2085""}",consensus_exact_step2,c444a6eac0c7b6cd317bc71d70e09e8e9d8b0a57308ceb8b4c11921129cc5ae1
G|LP0129|ConsensusExact|step2|attempt_1,G-a001f61a04bbe59238ae477816ec58cc548ce779,G,target,LP0129,Consensus,consensus_exact_step2_estimate,1,google/gemma-4-31B-it,af8dc5979980fab4db3571fb1b909db01a334947e0bfb268f5df823bd98bbae2,ec9f25e6b68d12ca6182161cdc389e0da99a8cff29c47b015f1d07a6633e4cf0,consensus_benchmark_exact_v1,prompt_compiler_v2_split_g_f,1153421768,pending,Q001,"{""Q001"": ""consensus_estimate_net_zero_before_2085""}",consensus_exact_step2,c444a6eac0c7b6cd317bc71d70e09e8e9d8b0a57308ceb8b4c11921129cc5ae1
G|LP0130|ConsensusExact|step2|attempt_1,G-1cf6f8885519767d1f51db252527e4ef622a45c5,G,target,LP0130,Consensus,consensus_exact_step2_estimate,1,google/gemma-4-31B-it,57d99bf4901f4c43dd25bb3a173087c457a90a12d4d07da3972f2b58e2b54d15,ec9f25e6b68d12ca6182161cdc389e0da99a8cff29c47b015f1d07a6633e4cf0,consensus_benchmark_exact_v1,prompt_compiler_v2_split_g_f,252143502,pending,Q001,"{""Q001"": ""consensus_estimate_net_zero_before_2085""}",consensus_exact_step2,c444a6eac0c7b6cd317bc71d70e09e8e9d8b0a57308ceb8b4c11921129cc5ae1
G|LP0131|ConsensusExact|step2|attempt_1,G-5c908cc0047b8308f05c999c9baab60940c4ff4f,G,target,LP0131,Consensus,consensus_exact_step2_estimate,1,google/gemma-4-31B-it,e4325f3200fc7dabb121c311e2d29d97c65d1747571f23a61dce5716d588e341,ec9f25e6b68d12ca6182161cdc389e0da99a8cff29c47b015f1d07a6633e4cf0,consensus_benchmark_exact_v1,prompt_compiler_v2_split_g_f,1033673865,pending,Q001,"{""Q001"": ""consensus_estimate_net_zero_before_2085""}",consensus_exact_step2,c444a6eac0c7b6cd317bc71d70e09e8e9d8b0a57308ceb8b4c11921129cc5ae1
G|LP0132|ConsensusExact|step2|attempt_1,G-6649781ba22cb23d36c38d1358523e02838b3cae,G,target,LP0132,Consensus,consensus_exact_step2_estimate,1,google/gemma-4-31B-it,a33fd59f78b3019d49ef8d37bae01cdc3e3282773f01bc6908a93b2dcaa57de9,ec9f25e6b68d12ca6182161cdc389e0da99a8cff29c47b015f1d07a6633e4cf0,consensus_benchmark_exact_v1,prompt_compiler_v2_split_g_f,1858052725,pending,Q001,"{""Q001"": ""consensus_estimate_net_zero_before_2085""}",consensus_exact_step2,c444a6eac0c7b6cd317bc71d70e09e8e9d8b0a57308ceb8b4c11921129cc5ae1
G|LP0133|ConsensusExact|step2|attempt_1,G-2e6b159eb38533141e243f106b2d2a52797ee2ec,G,target,LP0133,Consensus,consensus_exact_step2_estimate,1,google/gemma-4-31B-it,75ef171d9a2061427261604bbbfb09bbf3ba80e09b18d9506e05ad48cdaadda8,ec9f25e6b68d12ca6182161cdc389e0da99a8cff29c47b015f1d07a6633e4cf0,consensus_benchmark_exact_v1,prompt_compiler_v2_split_g_f,274423378,pending,Q001,"{""Q001"": ""consensus_estimate_net_zero_before_2085""}",consensus_exact_step2,c444a6eac0c7b6cd317bc71d70e09e8e9d8b0a57308ceb8b4c11921129cc5ae1
G|LP0134|ConsensusExact|step2|attempt_1,G-e4b75e83ce9340fac1f55dd00fd335fd93e1a02b,G,target,LP0134,Consensus,consensus_exact_step2_estimate,1,google/gemma-4-31B-it,010ab4cb11e0344b9003360c6249f07405170396b402a6f955d848a603c45538,ec9f25e6b68d12ca6182161cdc389e0da99a8cff29c47b015f1d07a6633e4cf0,consensus_benchmark_exact_v1,prompt_compiler_v2_split_g_f,402783749,pending,Q001,"{""Q001"": ""consensus_estimate_net_zero_before_2085""}",consensus_exact_step2,c444a6eac0c7b6cd317bc71d70e09e8e9d8b0a57308ceb8b4c11921129cc5ae1
G|LP0135|ConsensusExact|step2|attempt_1,G-77bd8516f23c0d2cd0ccdd93c2ec896349cf29b4,G,target,LP0135,Consensus,consensus_exact_step2_estimate,1,google/gemma-4-31B-it,b8abb6345af425684a2a8a42f8ef637cf2f1c7571f3667e22b77c8ade24e43fc,ec9f25e6b68d12ca6182161cdc389e0da99a8cff29c47b015f1d07a6633e4cf0,consensus_benchmark_exact_v1,prompt_compiler_v2_split_g_f,1639389019,pending,Q001,"{""Q001"": ""consensus_estimate_net_zero_before_2085""}",consensus_exact_step2,c444a6eac0c7b6cd317bc71d70e09e8e9d8b0a57308ceb8b4c11921129cc5ae1
G|LP0136|ConsensusExact|step2|attempt_1,G-9e8bc58639a97ba9b9efaab6b42e9b8f5d2b9211,G,target,LP0136,Consensus,consensus_exact_step2_estimate,1,google/gemma-4-31B-it,2dbc3208a5cc85803fcfb39f69b0652466ce294f2aa93542d9af9e5f6da4c849,ec9f25e6b68d12ca6182161cdc389e0da99a8cff29c47b015f1d07a6633e4cf0,consensus_benchmark_exact_v1,prompt_compiler_v2_split_g_f,1992361655,pending,Q001,"{""Q001"": ""consensus_estimate_net_zero_before_2085""}",consensus_exact_step2,c444a6eac0c7b6cd317bc71d70e09e8e9d8b0a57308ceb8b4c11921129cc5ae1
G|LP0137|ConsensusExact|step2|attempt_1,G-4f1e36bc87da2c1d12b4c13b04c6d6cbf4f76ce4,G,target,LP0137,Consensus,consensus_exact_step2_estimate,1,google/gemma-4-31B-it,3dde9030548043a760e8f09325ddc53daafb03567f72bb2bb015f3e21e2a6462,ec9f25e6b68d12ca6182161cdc389e0da99a8cff29c47b015f1d07a6633e4cf0,consensus_benchmark_exact_v1,prompt_compiler_v2_split_g_f,639015319,pending,Q001,"{""Q001"": ""consensus_estimate_net_zero_before_2085""}",consensus_exact_step2,c444a6eac0c7b6cd317bc71d70e09e8e9d8b0a57308ceb8b4c11921129cc5ae1
G|LP0138|ConsensusExact|step2|attempt_1,G-91f63a3386e9dc50ac7446c4e5549e2f62fd6b87,G,target,LP0138,Consensus,consensus_exact_step2_estimate,1,google/gemma-4-31B-it,ba933e3a4a9486068ef52e35896825c676dda7a2e345dd6c61ed3cdb7666e4ab,ec9f25e6b68d12ca6182161cdc389e0da99a8cff29c47b015f1d07a6633e4cf0,consensus_benchmark_exact_v1,prompt_compiler_v2_split_g_f,718688441,pending,Q001,"{""Q001"": ""consensus_estimate_net_zero_before_2085""}",consensus_exact_step2,c444a6eac0c7b6cd317bc71d70e09e8e9d8b0a57308ceb8b4c11921129cc5ae1
G|LP0139|ConsensusExact|step2|attempt_1,G-3acc2d42ddd874269675b0c0b1a14a96d2f51ac6,G,target,LP0139,Consensus,consensus_exact_step2_estimate,1,google/gemma-4-31B-it,bb5b231364ff2b3d015bf72223b9b42dba8241f088fa162a0f2f32832f0b6ec3,ec9f25e6b68d12ca6182161cdc389e0da99a8cff29c47b015f1d07a6633e4cf0,consensus_benchmark_exact_v1,prompt_compiler_v2_split_g_f,1399901868,pending,Q001,"{""Q001"": ""consensus_estimate_net_zero_before_2085""}",consensus_exact_step2,c444a6eac0c7b6cd317bc71d70e09e8e9d8b0a57308ceb8b4c11921129cc5ae1
G|LP0140|ConsensusExact|step2|attempt_1,G-1723109c405ba53fe8b9cc863bf0a3c419b863c1,G,target,LP0140,Consensus,consensus_exact_step2_estimate,1,google/gemma-4-31B-it,d908a24f221616e89abd538c16db06c538392798cd7ca31e0b25779d6eba075e,ec9f25e6b68d12ca6182161cdc389e0da99a8cff29c47b015f1d07a6633e4cf0,consensus_benchmark_exact_v1,prompt_compiler_v2_split_g_f,1856095863,pending,Q001,"{""Q001"": ""consensus_estimate_net_zero_before_2085""}",consensus_exact_step2,c444a6eac0c7b6cd317bc71d70e09e8e9d8b0a57308ceb8b4c11921129cc5ae1
G|LP0141|ConsensusExact|step2|attempt_1,G-774bd9e2aa54adad6967512e2e98cb9d6b163265,G,target,LP0141,Consensus,consensus_exact_step2_estimate,1,google/gemma-4-31B-it,7fc733c3e8d28027c99c0b44d61c3aae0f8d7417d9b1bd677fba2c55b6ca072f,ec9f25e6b68d12ca6182161cdc389e0da99a8cff29c47b015f1d07a6633e4cf0,consensus_benchmark_exact_v1,prompt_compiler_v2_split_g_f,418144628,pending,Q001,"{""Q001"": ""consensus_estimate_net_zero_before_2085""}",consensus_exact_step2,c444a6eac0c7b6cd317bc71d70e09e8e9d8b0a57308ceb8b4c11921129cc5ae1
G|LP0142|ConsensusExact|step2|attempt_1,G-5c0892edcdba78751e0b7f610b62311807e0a6ea,G,target,LP0142,Consensus,consensus_exact_step2_estimate,1,google/gemma-4-31B-it,ec800422077910dca972db86fe71b927219e1a3a049efa18336f846322dd1d11,ec9f25e6b68d12ca6182161cdc389e0da99a8cff29c47b015f1d07a6633e4cf0,consensus_benchmark_exact_v1,prompt_compiler_v2_split_g_f,97230418,pending,Q001,"{""Q001"": ""consensus_estimate_net_zero_before_2085""}",consensus_exact_step2,c444a6eac0c7b6cd317bc71d70e09e8e9d8b0a57308ceb8b4c11921129cc5ae1
G|LP0143|ConsensusExact|step2|attempt_1,G-28437655516b289aa902ecf25f5900850815b410,G,target,LP0143,Consensus,consensus_exact_step2_estimate,1,google/gemma-4-31B-it,3f4f9270c90fa211061f03e7cd1d4a50da00903803a1a6cf674803f0bcff78ce,ec9f25e6b68d12ca6182161cdc389e0da99a8cff29c47b015f1d07a6633e4cf0,consensus_benchmark_exact_v1,prompt_compiler_v2_split_g_f,569513285,pending,Q001,"{""Q001"": ""consensus_estimate_net_zero_before_2085""}",consensus_exact_step2,c444a6eac0c7b6cd317bc71d70e09e8e9d8b0a57308ceb8b4c11921129cc5ae1
G|LP0144|ConsensusExact|step2|attempt_1,G-66f0b247d511cb5be0ceab8b6c1e31b926a73c6d,G,target,LP0144,Consensus,consensus_exact_step2_estimate,1,google/gemma-4-31B-it,7d280d7a6b01943a0b8f37a706ae77b690dc44bd5b8d639b81c4e178a464ceb9,ec9f25e6b68d12ca6182161cdc389e0da99a8cff29c47b015f1d07a6633e4cf0,consensus_benchmark_exact_v1,prompt_compiler_v2_split_g_f,586362860,pending,Q001,"{""Q001"": ""consensus_estimate_net_zero_before_2085""}",consensus_exact_step2,c444a6eac0c7b6cd317bc71d70e09e8e9d8b0a57308ceb8b4c11921129cc5ae1
G|LP0145|ConsensusExact|step2|attempt_1,G-c2d91ee46094a0642e77c8a6973d7977a5423881,G,target,LP0145,Consensus,consensus_exact_step2_estimate,1,google/gemma-4-31B-it,53126a8e03e3bb8ea0dd5bc0877b792817b47e718b26bbaeee9aec72c8c72970,ec9f25e6b68d12ca6182161cdc389e0da99a8cff29c47b015f1d07a6633e4cf0,consensus_benchmark_exact_v1,prompt_compiler_v2_split_g_f,1715920431,pending,Q001,"{""Q001"": ""consensus_estimate_net_zero_before_2085""}",consensus_exact_step2,c444a6eac0c7b6cd317bc71d70e09e8e9d8b0a57308ceb8b4c11921129cc5ae1
G|LP0146|ConsensusExact|step2|attempt_1,G-e82e83236c845ec3508efdadffe98f70d7da3b21,G,target,LP0146,Consensus,consensus_exact_step2_estimate,1,google/gemma-4-31B-it,c69194f564a2969a8135f393af9a81b9f5d65b0dc06bf23a4c46524dba5e5a63,ec9f25e6b68d12ca6182161cdc389e0da99a8cff29c47b015f1d07a6633e4cf0,consensus_benchmark_exact_v1,prompt_compiler_v2_split_g_f,1021404429,pending,Q001,"{""Q001"": ""consensus_estimate_net_zero_before_2085""}",consensus_exact_step2,c444a6eac0c7b6cd317bc71d70e09e8e9d8b0a57308ceb8b4c11921129cc5ae1
G|LP0147|ConsensusExact|step2|attempt_1,G-c7cf422820ee82dd7a3dcd9b0badbe14c1bab371,G,target,LP0147,Consensus,consensus_exact_step2_estimate,1,google/gemma-4-31B-it,c3cb05e4d8396f94f270722f5a3ef1b2b7e6dffd25f5168c63eb8c87c69537f0,ec9f25e6b68d12ca6182161cdc389e0da99a8cff29c47b015f1d07a6633e4cf0,consensus_benchmark_exact_v1,prompt_compiler_v2_split_g_f,814548784,pending,Q001,"{""Q001"": ""consensus_estimate_net_zero_before_2085""}",consensus_exact_step2,c444a6eac0c7b6cd317bc71d70e09e8e9d8b0a57308ceb8b4c11921129cc5ae1
G|LP0148|ConsensusExact|step2|attempt_1,G-6546e12db79e054c1e32ebbb2262180f8385f4ed,G,target,LP0148,Consensus,consensus_exact_step2_estimate,1,google/gemma-4-31B-it,daa1bd9e759f5b5033059126f74335237f061f6f3925984a67de9725e32e57d1,ec9f25e6b68d12ca6182161cdc389e0da99a8cff29c47b015f1d07a6633e4cf0,consensus_benchmark_exact_v1,prompt_compiler_v2_split_g_f,36423593,pending,Q001,"{""Q001"": ""consensus_estimate_net_zero_before_2085""}",consensus_exact_step2,c444a6eac0c7b6cd317bc71d70e09e8e9d8b0a57308ceb8b4c11921129cc5ae1
G|LP0149|ConsensusExact|step2|attempt_1,G-65ceb88ec8e632451dc62c37a9a086ef878e5ae5,G,target,LP0149,Consensus,consensus_exact_step2_estimate,1,google/gemma-4-31B-it,b3b5022962f4d8764876957765792429b9160e7f1fac99af55ad25f4a9306a5d,ec9f25e6b68d12ca6182161cdc389e0da99a8cff29c47b015f1d07a6633e4cf0,consensus_benchmark_exact_v1,prompt_compiler_v2_split_g_f,344171364,pending,Q001,"{""Q001"": ""consensus_estimate_net_zero_before_2085""}",consensus_exact_step2,c444a6eac0c7b6cd317bc71d70e09e8e9d8b0a57308ceb8b4c11921129cc5ae1
G|LP0150|ConsensusExact|step2|attempt_1,G-28dea84764bdec5b817c218442f944a56f7cda49,G,target,LP0150,Consensus,consensus_exact_step2_estimate,1,google/gemma-4-31B-it,f254db3f5d4238039d2a80dcea7e1e89c9b163538c5cc4ab28990e2c7b18f434,ec9f25e6b68d12ca6182161cdc389e0da99a8cff29c47b015f1d07a6633e4cf0,consensus_benchmark_exact_v1,prompt_compiler_v2_split_g_f,914046186,pending,Q001,"{""Q001"": ""consensus_estimate_net_zero_before_2085""}",consensus_exact_step2,c444a6eac0c7b6cd317bc71d70e09e8e9d8b0a57308ceb8b4c11921129cc5ae1
G|LP0151|ConsensusExact|step2|attempt_1,G-a70cc6ceb71623dff16b1893e4333119b0390e10,G,target,LP0151,Consensus,consensus_exact_step2_estimate,1,google/gemma-4-31B-it,6d1f72f3c54eef86b113f61afa9692053e947e25be81de19f9166a89f0531a7e,ec9f25e6b68d12ca6182161cdc389e0da99a8cff29c47b015f1d07a6633e4cf0,consensus_benchmark_exact_v1,prompt_compiler_v2_split_g_f,87011711,pending,Q001,"{""Q001"": ""consensus_estimate_net_zero_before_2085""}",consensus_exact_step2,c444a6eac0c7b6cd317bc71d70e09e8e9d8b0a57308ceb8b4c11921129cc5ae1
G|LP0152|ConsensusExact|step2|attempt_1,G-3c7fdb8cfdd684b663b501ae4f810a943026c3eb,G,target,LP0152,Consensus,consensus_exact_step2_estimate,1,google/gemma-4-31B-it,33c08a7f51582f7e01993870845d3475d52177a4d7964e663fcb738aef946649,ec9f25e6b68d12ca6182161cdc389e0da99a8cff29c47b015f1d07a6633e4cf0,consensus_benchmark_exact_v1,prompt_compiler_v2_split_g_f,1993751504,pending,Q001,"{""Q001"": ""consensus_estimate_net_zero_before_2085""}",consensus_exact_step2,c444a6eac0c7b6cd317bc71d70e09e8e9d8b0a57308ceb8b4c11921129cc5ae1
G|LP0153|ConsensusExact|step2|attempt_1,G-3e0e04dc2a3a89533de5275a7c5380cf64d4fa0b,G,target,LP0153,Consensus,consensus_exact_step2_estimate,1,google/gemma-4-31B-it,b91c77a1d5d150673c7a2bd45a433e499e05e39a12d4a6d04241df42e49e8a96,ec9f25e6b68d12ca6182161cdc389e0da99a8cff29c47b015f1d07a6633e4cf0,consensus_benchmark_exact_v1,prompt_compiler_v2_split_g_f,643207948,pending,Q001,"{""Q001"": ""consensus_estimate_net_zero_before_2085""}",consensus_exact_step2,c444a6eac0c7b6cd317bc71d70e09e8e9d8b0a57308ceb8b4c11921129cc5ae1
G|LP0154|ConsensusExact|step2|attempt_1,G-29a611bfed1622aaba12d51906c5131cd84de01c,G,target,LP0154,Consensus,consensus_exact_step2_estimate,1,google/gemma-4-31B-it,f5fed3ee16c6c28195368cb70b827c7b48faa358e22a09c5590e1b317804aac9,ec9f25e6b68d12ca6182161cdc389e0da99a8cff29c47b015f1d07a6633e4cf0,consensus_benchmark_exact_v1,prompt_compiler_v2_split_g_f,1080182314,pending,Q001,"{""Q001"": ""consensus_estimate_net_zero_before_2085""}",consensus_exact_step2,c444a6eac0c7b6cd317bc71d70e09e8e9d8b0a57308ceb8b4c11921129cc5ae1
G|LP0155|ConsensusExact|step2|attempt_1,G-81ae5de4e554fab8cdec294bda868d5b45bd3baa,G,target,LP0155,Consensus,consensus_exact_step2_estimate,1,google/gemma-4-31B-it,f2d017128d2a5c4dd49d59c5a45a1c4dd9355321eb0eb01bba9ad51310056fdc,ec9f25e6b68d12ca6182161cdc389e0da99a8cff29c47b015f1d07a6633e4cf0,consensus_benchmark_exact_v1,prompt_compiler_v2_split_g_f,1756477059,pending,Q001,"{""Q001"": ""consensus_estimate_net_zero_before_2085""}",consensus_exact_step2,c444a6eac0c7b6cd317bc71d70e09e8e9d8b0a57308ceb8b4c11921129cc5ae1
G|LP0156|ConsensusExact|step2|attempt_1,G-e9448f78c18ef65ba94b964f9d72b766de6c34da,G,target,LP0156,Consensus,consensus_exact_step2_estimate,1,google/gemma-4-31B-it,ff5d125fe6de82107b259735c6184bf36d3814e9792cfc77ed67d2bdfecb3d55,ec9f25e6b68d12ca6182161cdc389e0da99a8cff29c47b015f1d07a6633e4cf0,consensus_benchmark_exact_v1,prompt_compiler_v2_split_g_f,337122640,pending,Q001,"{""Q001"": ""consensus_estimate_net_zero_before_2085""}",consensus_exact_step2,c444a6eac0c7b6cd317bc71d70e09e8e9d8b0a57308ceb8b4c11921129cc5ae1
G|LP0157|ConsensusExact|step2|attempt_1,G-480ef8a39719926f61984a3e3ec6ffd63e0dd797,G,target,LP0157,Consensus,consensus_exact_step2_estimate,1,google/gemma-4-31B-it,e5e105bf9a0ca058c1aafbabb26ea66f04fe855b4171b021f4e53b5fb4a54b76,ec9f25e6b68d12ca6182161cdc389e0da99a8cff29c47b015f1d07a6633e4cf0,consensus_benchmark_exact_v1,prompt_compiler_v2_split_g_f,657949623,pending,Q001,"{""Q001"": ""consensus_estimate_net_zero_before_2085""}",consensus_exact_step2,c444a6eac0c7b6cd317bc71d70e09e8e9d8b0a57308ceb8b4c11921129cc5ae1
G|LP0158|ConsensusExact|step2|attempt_1,G-38d7fb8f44b000ced9520c56f4189a12a393d8db,G,target,LP0158,Consensus,consensus_exact_step2_estimate,1,google/gemma-4-31B-it,490e429bf33e9ff142f10ec1b34369a77ae58de9fd4ba037fb4017833a57a734,ec9f25e6b68d12ca6182161cdc389e0da99a8cff29c47b015f1d07a6633e4cf0,consensus_benchmark_exact_v1,prompt_compiler_v2_split_g_f,912259053,pending,Q001,"{""Q001"": ""consensus_estimate_net_zero_before_2085""}",consensus_exact_step2,c444a6eac0c7b6cd317bc71d70e09e8e9d8b0a57308ceb8b4c11921129cc5ae1
G|LP0159|ConsensusExact|step2|attempt_1,G-da806b48187cc2e3ebee5535e1655e821aeb5af5,G,target,LP0159,Consensus,consensus_exact_step2_estimate,1,google/gemma-4-31B-it,d029305187460a872b7e42a2841f4bb77a18d558e6b1b12ffc98c5eb4a9bc5de,ec9f25e6b68d12ca6182161cdc389e0da99a8cff29c47b015f1d07a6633e4cf0,consensus_benchmark_exact_v1,prompt_compiler_v2_split_g_f,1300076918,pending,Q001,"{""Q001"": ""consensus_estimate_net_zero_before_2085""}",consensus_exact_step2,c444a6eac0c7b6cd317bc71d70e09e8e9d8b0a57308ceb8b4c11921129cc5ae1
G|LP0160|ConsensusExact|step2|attempt_1,G-30a285f9a209dd64b9d8bd3f8f4ff08f5f30ac36,G,target,LP0160,Consensus,consensus_exact_step2_estimate,1,google/gemma-4-31B-it,599685df6e8503d2bbd66c04ebc12ef32908fa476d850db1bc9a3fd55cb7af8f,ec9f25e6b68d12ca6182161cdc389e0da99a8cff29c47b015f1d07a6633e4cf0,consensus_benchmark_exact_v1,prompt_compiler_v2_split_g_f,55503192,pending,Q001,"{""Q001"": ""consensus_estimate_net_zero_before_2085""}",consensus_exact_step2,c444a6eac0c7b6cd317bc71d70e09e8e9d8b0a57308ceb8b4c11921129cc5ae1
G|LP0161|ConsensusExact|step2|attempt_1,G-6b84385dcc53b8b384e14b9be2942115dcb9938b,G,target,LP0161,Consensus,consensus_exact_step2_estimate,1,google/gemma-4-31B-it,945b933286f6e2c49d66f89f958e0783427e11a1b9732f5f47b7584f52d40171,ec9f25e6b68d12ca6182161cdc389e0da99a8cff29c47b015f1d07a6633e4cf0,consensus_benchmark_exact_v1,prompt_compiler_v2_split_g_f,593242480,pending,Q001,"{""Q001"": ""consensus_estimate_net_zero_before_2085""}",consensus_exact_step2,c444a6eac0c7b6cd317bc71d70e09e8e9d8b0a57308ceb8b4c11921129cc5ae1
G|LP0162|ConsensusExact|step2|attempt_1,G-c7313a5346e1c2ac8327580f268d61398db4d642,G,target,LP0162,Consensus,consensus_exact_step2_estimate,1,google/gemma-4-31B-it,40f7263a373de9fce60e70e0d5fd6a61fdfcbc0ba55bfd4a98301c2db91c69b5,ec9f25e6b68d12ca6182161cdc389e0da99a8cff29c47b015f1d07a6633e4cf0,consensus_benchmark_exact_v1,prompt_compiler_v2_split_g_f,1430533973,pending,Q001,"{""Q001"": ""consensus_estimate_net_zero_before_2085""}",consensus_exact_step2,c444a6eac0c7b6cd317bc71d70e09e8e9d8b0a57308ceb8b4c11921129cc5ae1
G|LP0163|ConsensusExact|step2|attempt_1,G-16a8fdf38058660e7a44a9bff488c4336e62e989,G,target,LP0163,Consensus,consensus_exact_step2_estimate,1,google/gemma-4-31B-it,d42c0628352deaf4821ec9b0064aac5ace0f61cef6e5fc6a47a354423a94d7d9,ec9f25e6b68d12ca6182161cdc389e0da99a8cff29c47b015f1d07a6633e4cf0,consensus_benchmark_exact_v1,prompt_compiler_v2_split_g_f,766140917,pending,Q001,"{""Q001"": ""consensus_estimate_net_zero_before_2085""}",consensus_exact_step2,c444a6eac0c7b6cd317bc71d70e09e8e9d8b0a57308ceb8b4c11921129cc5ae1
G|LP0164|ConsensusExact|step2|attempt_1,G-bb21580d92556eea3813c69d5fbefcc008ad7bf7,G,target,LP0164,Consensus,consensus_exact_step2_estimate,1,google/gemma-4-31B-it,7dcfa43be4079d54a3fcbff80c1435eb7e5541cb2f360b091e1e5d12a31a5a80,ec9f25e6b68d12ca6182161cdc389e0da99a8cff29c47b015f1d07a6633e4cf0,consensus_benchmark_exact_v1,prompt_compiler_v2_split_g_f,144187144,pending,Q001,"{""Q001"": ""consensus_estimate_net_zero_before_2085""}",consensus_exact_step2,c444a6eac0c7b6cd317bc71d70e09e8e9d8b0a57308ceb8b4c11921129cc5ae1
G|LP0165|ConsensusExact|step2|attempt_1,G-ac8c8decf68f69753bc975a7fa8dfeb2ab5a41a7,G,target,LP0165,Consensus,consensus_exact_step2_estimate,1,google/gemma-4-31B-it,a221fe55de0a674a537cb5a9a84557aba4446565ca208ca53c84738a0ff84f12,ec9f25e6b68d12ca6182161cdc389e0da99a8cff29c47b015f1d07a6633e4cf0,consensus_benchmark_exact_v1,prompt_compiler_v2_split_g_f,1336444241,pending,Q001,"{""Q001"": ""consensus_estimate_net_zero_before_2085""}",consensus_exact_step2,c444a6eac0c7b6cd317bc71d70e09e8e9d8b0a57308ceb8b4c11921129cc5ae1
G|LP0166|ConsensusExact|step2|attempt_1,G-14c4bb6ef84883658e2d2e2468a498095dac9a48,G,target,LP0166,Consensus,consensus_exact_step2_estimate,1,google/gemma-4-31B-it,3d87393818940cf9a9494e6c3f1410655acca9725f3bb4a5a9433290d9cb0aae,ec9f25e6b68d12ca6182161cdc389e0da99a8cff29c47b015f1d07a6633e4cf0,consensus_benchmark_exact_v1,prompt_compiler_v2_split_g_f,567409219,pending,Q001,"{""Q001"": ""consensus_estimate_net_zero_before_2085""}",consensus_exact_step2,c444a6eac0c7b6cd317bc71d70e09e8e9d8b0a57308ceb8b4c11921129cc5ae1
G|LP0167|ConsensusExact|step2|attempt_1,G-de91c556eab574ef8031be938056dbc3f4939cd0,G,target,LP0167,Consensus,consensus_exact_step2_estimate,1,google/gemma-4-31B-it,7d09b360dc79e175867e9e811dd600e80d08418d5572a6dc3ee5fa53206acb10,ec9f25e6b68d12ca6182161cdc389e0da99a8cff29c47b015f1d07a6633e4cf0,consensus_benchmark_exact_v1,prompt_compiler_v2_split_g_f,668532640,pending,Q001,"{""Q001"": ""consensus_estimate_net_zero_before_2085""}",consensus_exact_step2,c444a6eac0c7b6cd317bc71d70e09e8e9d8b0a57308ceb8b4c11921129cc5ae1
G|LP0168|ConsensusExact|step2|attempt_1,G-b3cb4fe541d23ba91537129cd20f688a76d0389a,G,target,LP0168,Consensus,consensus_exact_step2_estimate,1,google/gemma-4-31B-it,1171a14b997960c5555e1634c00c5999510fe5ebce6f000162241170b1edb7d7,ec9f25e6b68d12ca6182161cdc389e0da99a8cff29c47b015f1d07a6633e4cf0,consensus_benchmark_exact_v1,prompt_compiler_v2_split_g_f,694737782,pending,Q001,"{""Q001"": ""consensus_estimate_net_zero_before_2085""}",consensus_exact_step2,c444a6eac0c7b6cd317bc71d70e09e8e9d8b0a57308ceb8b4c11921129cc5ae1
G|LP0169|ConsensusExact|step2|attempt_1,G-3eb43fb7de9552a7b098bdc7f1232a7870bd9f4c,G,target,LP0169,Consensus,consensus_exact_step2_estimate,1,google/gemma-4-31B-it,0757a2570c09745356e3f9861537c07a7144af16098eb4467cd834428ca5e542,ec9f25e6b68d12ca6182161cdc389e0da99a8cff29c47b015f1d07a6633e4cf0,consensus_benchmark_exact_v1,prompt_compiler_v2_split_g_f,1543361047,pending,Q001,"{""Q001"": ""consensus_estimate_net_zero_before_2085""}",consensus_exact_step2,c444a6eac0c7b6cd317bc71d70e09e8e9d8b0a57308ceb8b4c11921129cc5ae1
G|LP0170|ConsensusExact|step2|attempt_1,G-959c3751ea10a25ac149c1c09f609aed0b0e5c18,G,target,LP0170,Consensus,consensus_exact_step2_estimate,1,google/gemma-4-31B-it,7200713795f454b73b1fe2c11475a713167dd37f4ccc9c77fa46251b987f4aa0,ec9f25e6b68d12ca6182161cdc389e0da99a8cff29c47b015f1d07a6633e4cf0,consensus_benchmark_exact_v1,prompt_compiler_v2_split_g_f,357110016,pending,Q001,"{""Q001"": ""consensus_estimate_net_zero_before_2085""}",consensus_exact_step2,c444a6eac0c7b6cd317bc71d70e09e8e9d8b0a57308ceb8b4c11921129cc5ae1
G|LP0171|ConsensusExact|step2|attempt_1,G-37392ddc74fc1f8c5d1ac44446cab147e0fc437b,G,target,LP0171,Consensus,consensus_exact_step2_estimate,1,google/gemma-4-31B-it,197ef6ff2bd8011f595e8669a8e52ea0886ed093b2fd5f376fbe57659a686baf,ec9f25e6b68d12ca6182161cdc389e0da99a8cff29c47b015f1d07a6633e4cf0,consensus_benchmark_exact_v1,prompt_compiler_v2_split_g_f,1668184901,pending,Q001,"{""Q001"": ""consensus_estimate_net_zero_before_2085""}",consensus_exact_step2,c444a6eac0c7b6cd317bc71d70e09e8e9d8b0a57308ceb8b4c11921129cc5ae1
G|LP0172|ConsensusExact|step2|attempt_1,G-f67e51977a672dc57e2724e78b2520781597f7f9,G,target,LP0172,Consensus,consensus_exact_step2_estimate,1,google/gemma-4-31B-it,8b6aca01c3b1d7ee6822aa8f60ac33443f9d5d870c58a302d8b34bfe934cdbe1,ec9f25e6b68d12ca6182161cdc389e0da99a8cff29c47b015f1d07a6633e4cf0,consensus_benchmark_exact_v1,prompt_compiler_v2_split_g_f,1734594807,pending,Q001,"{""Q001"": ""consensus_estimate_net_zero_before_2085""}",consensus_exact_step2,c444a6eac0c7b6cd317bc71d70e09e8e9d8b0a57308ceb8b4c11921129cc5ae1
G|LP0173|ConsensusExact|step2|attempt_1,G-5dd50e4c1bb5ae9b2836152531a2bc26ff2ee087,G,target,LP0173,Consensus,consensus_exact_step2_estimate,1,google/gemma-4-31B-it,e65d4b8f58c4b3f92a95bce1270a798e3df47de95f57358907359aa93f742f1f,ec9f25e6b68d12ca6182161cdc389e0da99a8cff29c47b015f1d07a6633e4cf0,consensus_benchmark_exact_v1,prompt_compiler_v2_split_g_f,1465895732,pending,Q001,"{""Q001"": ""consensus_estimate_net_zero_before_2085""}",consensus_exact_step2,c444a6eac0c7b6cd317bc71d70e09e8e9d8b0a57308ceb8b4c11921129cc5ae1
G|LP0174|ConsensusExact|step2|attempt_1,G-6e09a1bb4765b96e981493a3c07473b8d56dac67,G,target,LP0174,Consensus,consensus_exact_step2_estimate,1,google/gemma-4-31B-it,76024063e23144defd1063e75b59e6214bfb799f94eb096995c452881d76a898,ec9f25e6b68d12ca6182161cdc389e0da99a8cff29c47b015f1d07a6633e4cf0,consensus_benchmark_exact_v1,prompt_compiler_v2_split_g_f,595131622,pending,Q001,"{""Q001"": ""consensus_estimate_net_zero_before_2085""}",consensus_exact_step2,c444a6eac0c7b6cd317bc71d70e09e8e9d8b0a57308ceb8b4c11921129cc5ae1
G|LP0175|ConsensusExact|step2|attempt_1,G-5ed7834cb461749d24526809f4ce4d4b17b89102,G,target,LP0175,Consensus,consensus_exact_step2_estimate,1,google/gemma-4-31B-it,e170446244c90c60e4b983d90ac329c343649a7f699bd68f7735a8edac10443d,ec9f25e6b68d12ca6182161cdc389e0da99a8cff29c47b015f1d07a6633e4cf0,consensus_benchmark_exact_v1,prompt_compiler_v2_split_g_f,1913682743,pending,Q001,"{""Q001"": ""consensus_estimate_net_zero_before_2085""}",consensus_exact_step2,c444a6eac0c7b6cd317bc71d70e09e8e9d8b0a57308ceb8b4c11921129cc5ae1
G|LP0176|ConsensusExact|step2|attempt_1,G-9ebdb2e2ae6ae1807d9945b6d909cb2c9e1903e8,G,target,LP0176,Consensus,consensus_exact_step2_estimate,1,google/gemma-4-31B-it,f4393d25ed83e1a8c99a754e04d55d5f6c27d91b860e09c9954af57f43257e03,ec9f25e6b68d12ca6182161cdc389e0da99a8cff29c47b015f1d07a6633e4cf0,consensus_benchmark_exact_v1,prompt_compiler_v2_split_g_f,1810253639,pending,Q001,"{""Q001"": ""consensus_estimate_net_zero_before_2085""}",consensus_exact_step2,c444a6eac0c7b6cd317bc71d70e09e8e9d8b0a57308ceb8b4c11921129cc5ae1
G|LP0177|ConsensusExact|step2|attempt_1,G-6d311cf8c5940dd950674a90f289a0c896b2b930,G,target,LP0177,Consensus,consensus_exact_step2_estimate,1,google/gemma-4-31B-it,3a7c6de237c2b0fccfbb126a7ff88218a9701f3be8aa6d2cc1a67bf37fb67879,ec9f25e6b68d12ca6182161cdc389e0da99a8cff29c47b015f1d07a6633e4cf0,consensus_benchmark_exact_v1,prompt_compiler_v2_split_g_f,536233932,pending,Q001,"{""Q001"": ""consensus_estimate_net_zero_before_2085""}",consensus_exact_step2,c444a6eac0c7b6cd317bc71d70e09e8e9d8b0a57308ceb8b4c11921129cc5ae1
G|LP0178|ConsensusExact|step2|attempt_1,G-459e3eb8077a48203e5c9e6cecb32a13ad728c07,G,target,LP0178,Consensus,consensus_exact_step2_estimate,1,google/gemma-4-31B-it,2bf0acdbdcad4c0e1998c8865ba35ca28d44ae09836f8e28a1c6d5e7725daddc,ec9f25e6b68d12ca6182161cdc389e0da99a8cff29c47b015f1d07a6633e4cf0,consensus_benchmark_exact_v1,prompt_compiler_v2_split_g_f,313968017,pending,Q001,"{""Q001"": ""consensus_estimate_net_zero_before_2085""}",consensus_exact_step2,c444a6eac0c7b6cd317bc71d70e09e8e9d8b0a57308ceb8b4c11921129cc5ae1
G|LP0179|ConsensusExact|step2|attempt_1,G-7622bd79a53f982022e438a514adbfca0bc6251b,G,target,LP0179,Consensus,consensus_exact_step2_estimate,1,google/gemma-4-31B-it,011fea08ed23d3d84c25a668954b1de9a2b59a508c3dfd090ef58a11b654b21f,ec9f25e6b68d12ca6182161cdc389e0da99a8cff29c47b015f1d07a6633e4cf0,consensus_benchmark_exact_v1,prompt_compiler_v2_split_g_f,293933845,pending,Q001,"{""Q001"": ""consensus_estimate_net_zero_before_2085""}",consensus_exact_step2,c444a6eac0c7b6cd317bc71d70e09e8e9d8b0a57308ceb8b4c11921129cc5ae1
G|LP0180|ConsensusExact|step2|attempt_1,G-21ee2e26a0f6a4298a9a4a194b79b3f3bd9aa7e8,G,target,LP0180,Consensus,consensus_exact_step2_estimate,1,google/gemma-4-31B-it,582b6ad600cc55db6d2852eaf32fa2a2732e7f35207d47d16c978178af231fe0,ec9f25e6b68d12ca6182161cdc389e0da99a8cff29c47b015f1d07a6633e4cf0,consensus_benchmark_exact_v1,prompt_compiler_v2_split_g_f,1691549814,pending,Q001,"{""Q001"": ""consensus_estimate_net_zero_before_2085""}",consensus_exact_step2,c444a6eac0c7b6cd317bc71d70e09e8e9d8b0a57308ceb8b4c11921129cc5ae1
G|LP0181|ConsensusExact|step2|attempt_1,G-0742f6bc9ad584a9ea55db5344c99e173aa5388c,G,target,LP0181,Consensus,consensus_exact_step2_estimate,1,google/gemma-4-31B-it,1901a2b34082d0f5337683f2235a430d8c439351494a4862147fa9bbb16ecae9,ec9f25e6b68d12ca6182161cdc389e0da99a8cff29c47b015f1d07a6633e4cf0,consensus_benchmark_exact_v1,prompt_compiler_v2_split_g_f,693858850,pending,Q001,"{""Q001"": ""consensus_estimate_net_zero_before_2085""}",consensus_exact_step2,c444a6eac0c7b6cd317bc71d70e09e8e9d8b0a57308ceb8b4c11921129cc5ae1
G|LP0182|ConsensusExact|step2|attempt_1,G-fdd3f556fcd85a0048c30850d9b3511ac3abdd76,G,target,LP0182,Consensus,consensus_exact_step2_estimate,1,google/gemma-4-31B-it,37be38970b39232b880fe52b1286675896ee650866fa080b6ee127cfe885fcd2,ec9f25e6b68d12ca6182161cdc389e0da99a8cff29c47b015f1d07a6633e4cf0,consensus_benchmark_exact_v1,prompt_compiler_v2_split_g_f,2021672113,pending,Q001,"{""Q001"": ""consensus_estimate_net_zero_before_2085""}",consensus_exact_step2,c444a6eac0c7b6cd317bc71d70e09e8e9d8b0a57308ceb8b4c11921129cc5ae1
G|LP0183|ConsensusExact|step2|attempt_1,G-9fd4ce3659b06c518926e3b909182ccc48e3d581,G,target,LP0183,Consensus,consensus_exact_step2_estimate,1,google/gemma-4-31B-it,0059538c5b1b9daab49312f797377c8968cf75df6c3c8d2562ecb0d058799cb2,ec9f25e6b68d12ca6182161cdc389e0da99a8cff29c47b015f1d07a6633e4cf0,consensus_benchmark_exact_v1,prompt_compiler_v2_split_g_f,425330880,pending,Q001,"{""Q001"": ""consensus_estimate_net_zero_before_2085""}",consensus_exact_step2,c444a6eac0c7b6cd317bc71d70e09e8e9d8b0a57308ceb8b4c11921129cc5ae1
G|LP0184|ConsensusExact|step2|attempt_1,G-49a1881ad64e9f204262804d993b49582d53e904,G,target,LP0184,Consensus,consensus_exact_step2_estimate,1,google/gemma-4-31B-it,371a6f01a5a0ffe79c0768c5d28cd798b17009114abcd11ea40d6a24edc3fec2,ec9f25e6b68d12ca6182161cdc389e0da99a8cff29c47b015f1d07a6633e4cf0,consensus_benchmark_exact_v1,prompt_compiler_v2_split_g_f,1771155286,pending,Q001,"{""Q001"": ""consensus_estimate_net_zero_before_2085""}",consensus_exact_step2,c444a6eac0c7b6cd317bc71d70e09e8e9d8b0a57308ceb8b4c11921129cc5ae1
G|LP0185|ConsensusExact|step2|attempt_1,G-1f8005d5162f61651ea155d1f0de07a91ee004af,G,target,LP0185,Consensus,consensus_exact_step2_estimate,1,google/gemma-4-31B-it,d336d0392fdc8f83719b045f977d07065c701630c7e527e8a0b8e189d896e864,ec9f25e6b68d12ca6182161cdc389e0da99a8cff29c47b015f1d07a6633e4cf0,consensus_benchmark_exact_v1,prompt_compiler_v2_split_g_f,1429171471,pending,Q001,"{""Q001"": ""consensus_estimate_net_zero_before_2085""}",consensus_exact_step2,c444a6eac0c7b6cd317bc71d70e09e8e9d8b0a57308ceb8b4c11921129cc5ae1
G|LP0186|ConsensusExact|step2|attempt_1,G-deabbbf166b38a060d373ad795fca9faa2aa0d5b,G,target,LP0186,Consensus,consensus_exact_step2_estimate,1,google/gemma-4-31B-it,79edfd3601745a015cdaf2ad8ec766bb81d0dc7eb5d4c284b37d8eb489139feb,ec9f25e6b68d12ca6182161cdc389e0da99a8cff29c47b015f1d07a6633e4cf0,consensus_benchmark_exact_v1,prompt_compiler_v2_split_g_f,604701164,pending,Q001,"{""Q001"": ""consensus_estimate_net_zero_before_2085""}",consensus_exact_step2,c444a6eac0c7b6cd317bc71d70e09e8e9d8b0a57308ceb8b4c11921129cc5ae1
G|LP0187|ConsensusExact|step2|attempt_1,G-8159126d25a403bf864c67bd13befda25695939b,G,target,LP0187,Consensus,consensus_exact_step2_estimate,1,google/gemma-4-31B-it,821800348689e66edc7c35f4fe15f5bb6752db3e13630fcd5dd9797cf1002972,ec9f25e6b68d12ca6182161cdc389e0da99a8cff29c47b015f1d07a6633e4cf0,consensus_benchmark_exact_v1,prompt_compiler_v2_split_g_f,676735131,pending,Q001,"{""Q001"": ""consensus_estimate_net_zero_before_2085""}",consensus_exact_step2,c444a6eac0c7b6cd317bc71d70e09e8e9d8b0a57308ceb8b4c11921129cc5ae1
G|LP0188|ConsensusExact|step2|attempt_1,G-68110c67c01dd3d4e0dbc5a43cccd2f5b65a45d5,G,target,LP0188,Consensus,consensus_exact_step2_estimate,1,google/gemma-4-31B-it,a0dbe8d504028a50a55b2ad1de11d01dc77916e2a358697e9940c3c8f4d57c02,ec9f25e6b68d12ca6182161cdc389e0da99a8cff29c47b015f1d07a6633e4cf0,consensus_benchmark_exact_v1,prompt_compiler_v2_split_g_f,272624805,pending,Q001,"{""Q001"": ""consensus_estimate_net_zero_before_2085""}",consensus_exact_step2,c444a6eac0c7b6cd317bc71d70e09e8e9d8b0a57308ceb8b4c11921129cc5ae1
G|LP0189|ConsensusExact|step2|attempt_1,G-28c1145ca304a6ffb09ca3fa65f6e354d6e11344,G,target,LP0189,Consensus,consensus_exact_step2_estimate,1,google/gemma-4-31B-it,0094f2b5c302bb7b16b853feda3306499f8b0d897b13e5207bc3d88c9492405e,ec9f25e6b68d12ca6182161cdc389e0da99a8cff29c47b015f1d07a6633e4cf0,consensus_benchmark_exact_v1,prompt_compiler_v2_split_g_f,1954992056,pending,Q001,"{""Q001"": ""consensus_estimate_net_zero_before_2085""}",consensus_exact_step2,c444a6eac0c7b6cd317bc71d70e09e8e9d8b0a57308ceb8b4c11921129cc5ae1
G|LP0190|ConsensusExact|step2|attempt_1,G-1546e3a4252a8c6988bc1989c9a6b302d7751da8,G,target,LP0190,Consensus,consensus_exact_step2_estimate,1,google/gemma-4-31B-it,f4463c7f2e6ed361448a550153a7adc6fc7c3f2c581ec1d71f7edcd310e7afe5,ec9f25e6b68d12ca6182161cdc389e0da99a8cff29c47b015f1d07a6633e4cf0,consensus_benchmark_exact_v1,prompt_compiler_v2_split_g_f,1337480113,pending,Q001,"{""Q001"": ""consensus_estimate_net_zero_before_2085""}",consensus_exact_step2,c444a6eac0c7b6cd317bc71d70e09e8e9d8b0a57308ceb8b4c11921129cc5ae1
G|LP0191|ConsensusExact|step2|attempt_1,G-5ce5bcec43999c4a6ce16cbda786079858b21f78,G,target,LP0191,Consensus,consensus_exact_step2_estimate,1,google/gemma-4-31B-it,95a67c227f23f83a11df7756976f2b6fc0282b16fb074b904073881c9738590b,ec9f25e6b68d12ca6182161cdc389e0da99a8cff29c47b015f1d07a6633e4cf0,consensus_benchmark_exact_v1,prompt_compiler_v2_split_g_f,2103776803,pending,Q001,"{""Q001"": ""consensus_estimate_net_zero_before_2085""}",consensus_exact_step2,c444a6eac0c7b6cd317bc71d70e09e8e9d8b0a57308ceb8b4c11921129cc5ae1
G|LP0192|ConsensusExact|step2|attempt_1,G-8b52b10f8328e3ff28a4b8f247327969b1a5a01d,G,target,LP0192,Consensus,consensus_exact_step2_estimate,1,google/gemma-4-31B-it,47038e84e610e8628c05b26d751f2e2f07c0bba5bfc3eab7f956e0821667212d,ec9f25e6b68d12ca6182161cdc389e0da99a8cff29c47b015f1d07a6633e4cf0,consensus_benchmark_exact_v1,prompt_compiler_v2_split_g_f,432948768,pending,Q001,"{""Q001"": ""consensus_estimate_net_zero_before_2085""}",consensus_exact_step2,c444a6eac0c7b6cd317bc71d70e09e8e9d8b0a57308ceb8b4c11921129cc5ae1
G|LP0193|ConsensusExact|step2|attempt_1,G-0917c4cf373d74879898b23129933c3672f614ec,G,target,LP0193,Consensus,consensus_exact_step2_estimate,1,google/gemma-4-31B-it,4886e830b804e561d9c94b5a9619fbf035fdb6f5436f1d532414e5e451c354df,ec9f25e6b68d12ca6182161cdc389e0da99a8cff29c47b015f1d07a6633e4cf0,consensus_benchmark_exact_v1,prompt_compiler_v2_split_g_f,1231879717,pending,Q001,"{""Q001"": ""consensus_estimate_net_zero_before_2085""}",consensus_exact_step2,c444a6eac0c7b6cd317bc71d70e09e8e9d8b0a57308ceb8b4c11921129cc5ae1
G|LP0194|ConsensusExact|step2|attempt_1,G-da20810de763f430a8816824f892c8abc0352cec,G,target,LP0194,Consensus,consensus_exact_step2_estimate,1,google/gemma-4-31B-it,51a4ae94e450cf536376c393e7aa7911d76b399f54a6581234f39d8d47288b16,ec9f25e6b68d12ca6182161cdc389e0da99a8cff29c47b015f1d07a6633e4cf0,consensus_benchmark_exact_v1,prompt_compiler_v2_split_g_f,463795791,pending,Q001,"{""Q001"": ""consensus_estimate_net_zero_before_2085""}",consensus_exact_step2,c444a6eac0c7b6cd317bc71d70e09e8e9d8b0a57308ceb8b4c11921129cc5ae1
G|LP0195|ConsensusExact|step2|attempt_1,G-b59761910152399fa7446c49b12bcd4c11315486,G,target,LP0195,Consensus,consensus_exact_step2_estimate,1,google/gemma-4-31B-it,dc9bdf0e6b7bb47a00128313f2463d7128273f857e1488bfff789cdab6657e5c,ec9f25e6b68d12ca6182161cdc389e0da99a8cff29c47b015f1d07a6633e4cf0,consensus_benchmark_exact_v1,prompt_compiler_v2_split_g_f,1820392643,pending,Q001,"{""Q001"": ""consensus_estimate_net_zero_before_2085""}",consensus_exact_step2,c444a6eac0c7b6cd317bc71d70e09e8e9d8b0a57308ceb8b4c11921129cc5ae1
G|LP0196|ConsensusExact|step2|attempt_1,G-cc2552e9b0baf31ae65adaa9b393767ebdb4e8e0,G,target,LP0196,Consensus,consensus_exact_step2_estimate,1,google/gemma-4-31B-it,50b260114b3f6572000633f140120e55f3b60e35f31d6b3de41be38dd1ad7da2,ec9f25e6b68d12ca6182161cdc389e0da99a8cff29c47b015f1d07a6633e4cf0,consensus_benchmark_exact_v1,prompt_compiler_v2_split_g_f,1225103600,pending,Q001,"{""Q001"": ""consensus_estimate_net_zero_before_2085""}",consensus_exact_step2,c444a6eac0c7b6cd317bc71d70e09e8e9d8b0a57308ceb8b4c11921129cc5ae1
G|LP0197|ConsensusExact|step2|attempt_1,G-e801ae9c167fd3d046215ff6b05263de13874f37,G,target,LP0197,Consensus,consensus_exact_step2_estimate,1,google/gemma-4-31B-it,c2a3de4005018b55f08531d0f471b719a71d166810bb1e0a31aaa00b9810c098,ec9f25e6b68d12ca6182161cdc389e0da99a8cff29c47b015f1d07a6633e4cf0,consensus_benchmark_exact_v1,prompt_compiler_v2_split_g_f,1719873803,pending,Q001,"{""Q001"": ""consensus_estimate_net_zero_before_2085""}",consensus_exact_step2,c444a6eac0c7b6cd317bc71d70e09e8e9d8b0a57308ceb8b4c11921129cc5ae1
G|LP0198|ConsensusExact|step2|attempt_1,G-3bc0db7652701fa4075d82f0ed4859773b5bd8ed,G,target,LP0198,Consensus,consensus_exact_step2_estimate,1,google/gemma-4-31B-it,d2e2cc51e7072f5ae21e16a16c095350ba1ea6bca803bac41b75d67db57a0e46,ec9f25e6b68d12ca6182161cdc389e0da99a8cff29c47b015f1d07a6633e4cf0,consensus_benchmark_exact_v1,prompt_compiler_v2_split_g_f,1240585873,pending,Q001,"{""Q001"": ""consensus_estimate_net_zero_before_2085""}",consensus_exact_step2,c444a6eac0c7b6cd317bc71d70e09e8e9d8b0a57308ceb8b4c11921129cc5ae1
G|LP0199|ConsensusExact|step2|attempt_1,G-6453eec89a6b52b65e46b3e3da4475bee7f96e72,G,target,LP0199,Consensus,consensus_exact_step2_estimate,1,google/gemma-4-31B-it,2964258bf8f1b6004e75da71d3277ac909a3e348211b56a3b786f2a5f2152e4b,ec9f25e6b68d12ca6182161cdc389e0da99a8cff29c47b015f1d07a6633e4cf0,consensus_benchmark_exact_v1,prompt_compiler_v2_split_g_f,1662201928,pending,Q001,"{""Q001"": ""consensus_estimate_net_zero_before_2085""}",consensus_exact_step2,c444a6eac0c7b6cd317bc71d70e09e8e9d8b0a57308ceb8b4c11921129cc5ae1
G|LP0200|ConsensusExact|step2|attempt_1,G-7c9e62142ff16c33a1240580c108d87d2b6bcb17,G,target,LP0200,Consensus,consensus_exact_step2_estimate,1,google/gemma-4-31B-it,c2cf45a893c833ca2191b40039ae3692dda536d6b64b8118784abdaf7c6e4a77,ec9f25e6b68d12ca6182161cdc389e0da99a8cff29c47b015f1d07a6633e4cf0,consensus_benchmark_exact_v1,prompt_compiler_v2_split_g_f,690892893,pending,Q001,"{""Q001"": ""consensus_estimate_net_zero_before_2085""}",consensus_exact_step2,c444a6eac0c7b6cd317bc71d70e09e8e9d8b0a57308ceb8b4c11921129cc5ae1
G|LP0201|ConsensusExact|step2|attempt_1,G-2ac8a039aed10fd983e9403043012bdb69bbea15,G,target,LP0201,Consensus,consensus_exact_step2_estimate,1,google/gemma-4-31B-it,520faa71b58a7efb0d9aa07dafb8265855dab76f49a15a80f83cf9ea3348ff34,ec9f25e6b68d12ca6182161cdc389e0da99a8cff29c47b015f1d07a6633e4cf0,consensus_benchmark_exact_v1,prompt_compiler_v2_split_g_f,73551949,pending,Q001,"{""Q001"": ""consensus_estimate_net_zero_before_2085""}",consensus_exact_step2,c444a6eac0c7b6cd317bc71d70e09e8e9d8b0a57308ceb8b4c11921129cc5ae1
G|LP0202|ConsensusExact|step2|attempt_1,G-d62e95fb133b4c73d80fd2caf7587510b28d1fc5,G,target,LP0202,Consensus,consensus_exact_step2_estimate,1,google/gemma-4-31B-it,2f95e6ea7ebf21600355dff1a5b12a13819429fab8e93c1bd642a732da810f2d,ec9f25e6b68d12ca6182161cdc389e0da99a8cff29c47b015f1d07a6633e4cf0,consensus_benchmark_exact_v1,prompt_compiler_v2_split_g_f,1066956908,pending,Q001,"{""Q001"": ""consensus_estimate_net_zero_before_2085""}",consensus_exact_step2,c444a6eac0c7b6cd317bc71d70e09e8e9d8b0a57308ceb8b4c11921129cc5ae1
G|LP0203|ConsensusExact|step2|attempt_1,G-2f789a7b666b1c5054c920746013258dc6007f07,G,target,LP0203,Consensus,consensus_exact_step2_estimate,1,google/gemma-4-31B-it,77eeecc1de75a833635536a2016ccb5ff2e9be380fdc120ea42fae81ad40550a,ec9f25e6b68d12ca6182161cdc389e0da99a8cff29c47b015f1d07a6633e4cf0,consensus_benchmark_exact_v1,prompt_compiler_v2_split_g_f,1163678023,pending,Q001,"{""Q001"": ""consensus_estimate_net_zero_before_2085""}",consensus_exact_step2,c444a6eac0c7b6cd317bc71d70e09e8e9d8b0a57308ceb8b4c11921129cc5ae1
G|LP0204|ConsensusExact|step2|attempt_1,G-c32dc0cc0eacbc4fdf74086ba8997258dc360007,G,target,LP0204,Consensus,consensus_exact_step2_estimate,1,google/gemma-4-31B-it,9743bcf2b7c9b5affe824e6e65733ab862d8884015036e83da9ee255f73cbc40,ec9f25e6b68d12ca6182161cdc389e0da99a8cff29c47b015f1d07a6633e4cf0,consensus_benchmark_exact_v1,prompt_compiler_v2_split_g_f,352861674,pending,Q001,"{""Q001"": ""consensus_estimate_net_zero_before_2085""}",consensus_exact_step2,c444a6eac0c7b6cd317bc71d70e09e8e9d8b0a57308ceb8b4c11921129cc5ae1
G|LP0205|ConsensusExact|step2|attempt_1,G-6205d6a23dc82b14c5ddf2d9eac6d9b637bba5d4,G,target,LP0205,Consensus,consensus_exact_step2_estimate,1,google/gemma-4-31B-it,9b98db647f2552533c174835a649ce8c36318d58b976f40c94593c6e2b092209,ec9f25e6b68d12ca6182161cdc389e0da99a8cff29c47b015f1d07a6633e4cf0,consensus_benchmark_exact_v1,prompt_compiler_v2_split_g_f,30660698,pending,Q001,"{""Q001"": ""consensus_estimate_net_zero_before_2085""}",consensus_exact_step2,c444a6eac0c7b6cd317bc71d70e09e8e9d8b0a57308ceb8b4c11921129cc5ae1
G|LP0206|ConsensusExact|step2|attempt_1,G-605d01b131a1c788cf81bdb41947442e3ea0f205,G,target,LP0206,Consensus,consensus_exact_step2_estimate,1,google/gemma-4-31B-it,ab93c9259f930ae39338f83e1c4fef9d714d0d23a6da5f961fbb5996d62e00db,ec9f25e6b68d12ca6182161cdc389e0da99a8cff29c47b015f1d07a6633e4cf0,consensus_benchmark_exact_v1,prompt_compiler_v2_split_g_f,1918618347,pending,Q001,"{""Q001"": ""consensus_estimate_net_zero_before_2085""}",consensus_exact_step2,c444a6eac0c7b6cd317bc71d70e09e8e9d8b0a57308ceb8b4c11921129cc5ae1
G|LP0207|ConsensusExact|step2|attempt_1,G-508d238be7e26a77cd94135386560641c5aaee5c,G,target,LP0207,Consensus,consensus_exact_step2_estimate,1,google/gemma-4-31B-it,0200ed9cb39f1ef0caf09cfc972331876a02a0f28badd07aff38472dcc4063cf,ec9f25e6b68d12ca6182161cdc389e0da99a8cff29c47b015f1d07a6633e4cf0,consensus_benchmark_exact_v1,prompt_compiler_v2_split_g_f,150778256,pending,Q001,"{""Q001"": ""consensus_estimate_net_zero_before_2085""}",consensus_exact_step2,c444a6eac0c7b6cd317bc71d70e09e8e9d8b0a57308ceb8b4c11921129cc5ae1
G|LP0208|ConsensusExact|step2|attempt_1,G-1d226b60a465421797feaf01d08d26fa56eda3e1,G,target,LP0208,Consensus,consensus_exact_step2_estimate,1,google/gemma-4-31B-it,3ff473bdbd213779c35341636f72b48672379ba4018e06b8ce8c7e6c77bfc24e,ec9f25e6b68d12ca6182161cdc389e0da99a8cff29c47b015f1d07a6633e4cf0,consensus_benchmark_exact_v1,prompt_compiler_v2_split_g_f,1588205784,pending,Q001,"{""Q001"": ""consensus_estimate_net_zero_before_2085""}",consensus_exact_step2,c444a6eac0c7b6cd317bc71d70e09e8e9d8b0a57308ceb8b4c11921129cc5ae1
G|LP0209|ConsensusExact|step2|attempt_1,G-d93147b4de48f844a085023ad574aa44e1341f63,G,target,LP0209,Consensus,consensus_exact_step2_estimate,1,google/gemma-4-31B-it,f0f95fd96c25b8155459c909d9b86c16e45ed9552e15b6d3566b9b16f5453710,ec9f25e6b68d12ca6182161cdc389e0da99a8cff29c47b015f1d07a6633e4cf0,consensus_benchmark_exact_v1,prompt_compiler_v2_split_g_f,279676849,pending,Q001,"{""Q001"": ""consensus_estimate_net_zero_before_2085""}",consensus_exact_step2,c444a6eac0c7b6cd317bc71d70e09e8e9d8b0a57308ceb8b4c11921129cc5ae1
G|LP0210|ConsensusExact|step2|attempt_1,G-1bd30ebb026a5d8509de39a622a481f608bff04d,G,target,LP0210,Consensus,consensus_exact_step2_estimate,1,google/gemma-4-31B-it,8a7e436607970bada6b8199d49ce28825d74d2dafafdc1b4ddb38ca73ffa314b,ec9f25e6b68d12ca6182161cdc389e0da99a8cff29c47b015f1d07a6633e4cf0,consensus_benchmark_exact_v1,prompt_compiler_v2_split_g_f,974158587,pending,Q001,"{""Q001"": ""consensus_estimate_net_zero_before_2085""}",consensus_exact_step2,c444a6eac0c7b6cd317bc71d70e09e8e9d8b0a57308ceb8b4c11921129cc5ae1
G|LP0211|ConsensusExact|step2|attempt_1,G-13d7c9391f3fc7ba1884715a8c69aabed5fa73cc,G,target,LP0211,Consensus,consensus_exact_step2_estimate,1,google/gemma-4-31B-it,1faa8534089d5b7cb24f03ef3e9f8539b0ee5df8b83ef1a2aba954dc634ccaf9,ec9f25e6b68d12ca6182161cdc389e0da99a8cff29c47b015f1d07a6633e4cf0,consensus_benchmark_exact_v1,prompt_compiler_v2_split_g_f,1190091308,pending,Q001,"{""Q001"": ""consensus_estimate_net_zero_before_2085""}",consensus_exact_step2,c444a6eac0c7b6cd317bc71d70e09e8e9d8b0a57308ceb8b4c11921129cc5ae1
G|LP0212|ConsensusExact|step2|attempt_1,G-aed3111784adaf89ae61904c2b71e27cb290369f,G,target,LP0212,Consensus,consensus_exact_step2_estimate,1,google/gemma-4-31B-it,89bfe1218ebf94288986af3c0664458f612fe747d7670c94daae7ddad0861ebe,ec9f25e6b68d12ca6182161cdc389e0da99a8cff29c47b015f1d07a6633e4cf0,consensus_benchmark_exact_v1,prompt_compiler_v2_split_g_f,1649660346,pending,Q001,"{""Q001"": ""consensus_estimate_net_zero_before_2085""}",consensus_exact_step2,c444a6eac0c7b6cd317bc71d70e09e8e9d8b0a57308ceb8b4c11921129cc5ae1
G|LP0213|ConsensusExact|step2|attempt_1,G-5c751ba4869f9caa66bef86f437bd98e9502441d,G,target,LP0213,Consensus,consensus_exact_step2_estimate,1,google/gemma-4-31B-it,93851fd7129fda782d90d027f32245212bd892299ed5a4771c351f8382b4c25b,ec9f25e6b68d12ca6182161cdc389e0da99a8cff29c47b015f1d07a6633e4cf0,consensus_benchmark_exact_v1,prompt_compiler_v2_split_g_f,1065997300,pending,Q001,"{""Q001"": ""consensus_estimate_net_zero_before_2085""}",consensus_exact_step2,c444a6eac0c7b6cd317bc71d70e09e8e9d8b0a57308ceb8b4c11921129cc5ae1
G|LP0214|ConsensusExact|step2|attempt_1,G-f77e51b7205422a10276b982e85739c447ea6aba,G,target,LP0214,Consensus,consensus_exact_step2_estimate,1,google/gemma-4-31B-it,af64dc5ea764cdfb8c28b88ce3736b5206b2ab5e4dad150e2ce8ed118de67014,ec9f25e6b68d12ca6182161cdc389e0da99a8cff29c47b015f1d07a6633e4cf0,consensus_benchmark_exact_v1,prompt_compiler_v2_split_g_f,256951827,pending,Q001,"{""Q001"": ""consensus_estimate_net_zero_before_2085""}",consensus_exact_step2,c444a6eac0c7b6cd317bc71d70e09e8e9d8b0a57308ceb8b4c11921129cc5ae1
G|LP0215|ConsensusExact|step2|attempt_1,G-417feedeb86f98d8b892c9ef27be0f429af331d3,G,target,LP0215,Consensus,consensus_exact_step2_estimate,1,google/gemma-4-31B-it,581d187a4eb27ca92c1d82e3b294ac9b4fcb2beba17fc59d4448c86b20ca0b64,ec9f25e6b68d12ca6182161cdc389e0da99a8cff29c47b015f1d07a6633e4cf0,consensus_benchmark_exact_v1,prompt_compiler_v2_split_g_f,997160598,pending,Q001,"{""Q001"": ""consensus_estimate_net_zero_before_2085""}",consensus_exact_step2,c444a6eac0c7b6cd317bc71d70e09e8e9d8b0a57308ceb8b4c11921129cc5ae1
G|LP0216|ConsensusExact|step2|attempt_1,G-13c27badf189b4ad71c08e2a530c5917df2a557e,G,target,LP0216,Consensus,consensus_exact_step2_estimate,1,google/gemma-4-31B-it,1654985c73e4d002f0502a27deed53e6b86bdd5d49ea4d754f6b426aec23dc2b,ec9f25e6b68d12ca6182161cdc389e0da99a8cff29c47b015f1d07a6633e4cf0,consensus_benchmark_exact_v1,prompt_compiler_v2_split_g_f,420391945,pending,Q001,"{""Q001"": ""consensus_estimate_net_zero_before_2085""}",consensus_exact_step2,c444a6eac0c7b6cd317bc71d70e09e8e9d8b0a57308ceb8b4c11921129cc5ae1
G|LP0217|ConsensusExact|step2|attempt_1,G-fba573c6f74e9670d7774fe1689d88f6a6d14b49,G,target,LP0217,Consensus,consensus_exact_step2_estimate,1,google/gemma-4-31B-it,786231dbccd4d107fc8cc9007180f70d1e26ae4bdb93c693134a8dfd476114f3,ec9f25e6b68d12ca6182161cdc389e0da99a8cff29c47b015f1d07a6633e4cf0,consensus_benchmark_exact_v1,prompt_compiler_v2_split_g_f,1855553025,pending,Q001,"{""Q001"": ""consensus_estimate_net_zero_before_2085""}",consensus_exact_step2,c444a6eac0c7b6cd317bc71d70e09e8e9d8b0a57308ceb8b4c11921129cc5ae1
G|LP0218|ConsensusExact|step2|attempt_1,G-bcf6aef4cc7c23288c6c784d7ee6d334f07f6c1b,G,target,LP0218,Consensus,consensus_exact_step2_estimate,1,google/gemma-4-31B-it,4532a919a0ffd0c99ad93ee052a49a34e6d977973e78e9635e37635bf766b708,ec9f25e6b68d12ca6182161cdc389e0da99a8cff29c47b015f1d07a6633e4cf0,consensus_benchmark_exact_v1,prompt_compiler_v2_split_g_f,1181319444,pending,Q001,"{""Q001"": ""consensus_estimate_net_zero_before_2085""}",consensus_exact_step2,c444a6eac0c7b6cd317bc71d70e09e8e9d8b0a57308ceb8b4c11921129cc5ae1
G|LP0219|ConsensusExact|step2|attempt_1,G-383790200d4a13342507d56ce7072faad3a98661,G,target,LP0219,Consensus,consensus_exact_step2_estimate,1,google/gemma-4-31B-it,75cd9aacb13c00116becd0a5a063ae0ec527969df3f59ae4db83e7be22c108a0,ec9f25e6b68d12ca6182161cdc389e0da99a8cff29c47b015f1d07a6633e4cf0,consensus_benchmark_exact_v1,prompt_compiler_v2_split_g_f,2109289332,pending,Q001,"{""Q001"": ""consensus_estimate_net_zero_before_2085""}",consensus_exact_step2,c444a6eac0c7b6cd317bc71d70e09e8e9d8b0a57308ceb8b4c11921129cc5ae1
G|LP0220|ConsensusExact|step2|attempt_1,G-bb31d08108d1546974328209c9344ccf83587bcd,G,target,LP0220,Consensus,consensus_exact_step2_estimate,1,google/gemma-4-31B-it,c0e5f5f3cc86f7aabdfb0b3857e5d7149d4aae2e0121b72cc3294957c0b2451e,ec9f25e6b68d12ca6182161cdc389e0da99a8cff29c47b015f1d07a6633e4cf0,consensus_benchmark_exact_v1,prompt_compiler_v2_split_g_f,2134177133,pending,Q001,"{""Q001"": ""consensus_estimate_net_zero_before_2085""}",consensus_exact_step2,c444a6eac0c7b6cd317bc71d70e09e8e9d8b0a57308ceb8b4c11921129cc5ae1
G|LP0221|ConsensusExact|step2|attempt_1,G-cbd894ebcd2e9b350287d0ad26a2426df66fc9a0,G,target,LP0221,Consensus,consensus_exact_step2_estimate,1,google/gemma-4-31B-it,fdd0762bbee2028342c928613f71c295eb80e26b6a53b75152afe8424fd866ce,ec9f25e6b68d12ca6182161cdc389e0da99a8cff29c47b015f1d07a6633e4cf0,consensus_benchmark_exact_v1,prompt_compiler_v2_split_g_f,1692386575,pending,Q001,"{""Q001"": ""consensus_estimate_net_zero_before_2085""}",consensus_exact_step2,c444a6eac0c7b6cd317bc71d70e09e8e9d8b0a57308ceb8b4c11921129cc5ae1
G|LP0222|ConsensusExact|step2|attempt_1,G-d0ad94ee50cc3d06425dae976f885d6f4de85c14,G,target,LP0222,Consensus,consensus_exact_step2_estimate,1,google/gemma-4-31B-it,fe702a781f5b0c78100715842ff8aab7aebe19626e997d6e613d84b1a1564183,ec9f25e6b68d12ca6182161cdc389e0da99a8cff29c47b015f1d07a6633e4cf0,consensus_benchmark_exact_v1,prompt_compiler_v2_split_g_f,1915184869,pending,Q001,"{""Q001"": ""consensus_estimate_net_zero_before_2085""}",consensus_exact_step2,c444a6eac0c7b6cd317bc71d70e09e8e9d8b0a57308ceb8b4c11921129cc5ae1
G|LP0223|ConsensusExact|step2|attempt_1,G-13482b0abf57a37cf9f78a114d3b96f54d8032c6,G,target,LP0223,Consensus,consensus_exact_step2_estimate,1,google/gemma-4-31B-it,a4cf5eab88b91e47dea3e6d51e8ca40a77fee77b6d1370d4a597b8dfbd52b383,ec9f25e6b68d12ca6182161cdc389e0da99a8cff29c47b015f1d07a6633e4cf0,consensus_benchmark_exact_v1,prompt_compiler_v2_split_g_f,1709701521,pending,Q001,"{""Q001"": ""consensus_estimate_net_zero_before_2085""}",consensus_exact_step2,c444a6eac0c7b6cd317bc71d70e09e8e9d8b0a57308ceb8b4c11921129cc5ae1
G|LP0224|ConsensusExact|step2|attempt_1,G-a2a7739f5c43bbde71be0df88e63bed91bad3dd0,G,target,LP0224,Consensus,consensus_exact_step2_estimate,1,google/gemma-4-31B-it,e98eaf2b59c6daa8571d6f02fa500adbacf39f11decbaf28e6701a99864c9750,ec9f25e6b68d12ca6182161cdc389e0da99a8cff29c47b015f1d07a6633e4cf0,consensus_benchmark_exact_v1,prompt_compiler_v2_split_g_f,563258143,pending,Q001,"{""Q001"": ""consensus_estimate_net_zero_before_2085""}",consensus_exact_step2,c444a6eac0c7b6cd317bc71d70e09e8e9d8b0a57308ceb8b4c11921129cc5ae1
G|LP0225|ConsensusExact|step2|attempt_1,G-b6f48e3edb61b5cc7a93d16fe6d9e6fe7131d106,G,target,LP0225,Consensus,consensus_exact_step2_estimate,1,google/gemma-4-31B-it,c886b7979160da85c1f8f298ccf334c8c2d43be4f8cd814ba2083d61d5c8e4ce,ec9f25e6b68d12ca6182161cdc389e0da99a8cff29c47b015f1d07a6633e4cf0,consensus_benchmark_exact_v1,prompt_compiler_v2_split_g_f,1229640268,pending,Q001,"{""Q001"": ""consensus_estimate_net_zero_before_2085""}",consensus_exact_step2,c444a6eac0c7b6cd317bc71d70e09e8e9d8b0a57308ceb8b4c11921129cc5ae1
G|LP0226|ConsensusExact|step2|attempt_1,G-1d6f3484c904990b67513b10d6d6fae32a26ce0f,G,target,LP0226,Consensus,consensus_exact_step2_estimate,1,google/gemma-4-31B-it,c73d2efba26e75f738ae7d2d6a686522c5ad76220599541e43bdb0a7b081151b,ec9f25e6b68d12ca6182161cdc389e0da99a8cff29c47b015f1d07a6633e4cf0,consensus_benchmark_exact_v1,prompt_compiler_v2_split_g_f,65208853,pending,Q001,"{""Q001"": ""consensus_estimate_net_zero_before_2085""}",consensus_exact_step2,c444a6eac0c7b6cd317bc71d70e09e8e9d8b0a57308ceb8b4c11921129cc5ae1
G|LP0227|ConsensusExact|step2|attempt_1,G-401b5bf3fc7ec36275993d0071aab4531b797321,G,target,LP0227,Consensus,consensus_exact_step2_estimate,1,google/gemma-4-31B-it,24ac74e178d4a460b6d26cc37c83e46d650a70d51e24edf723bea86d80fb331f,ec9f25e6b68d12ca6182161cdc389e0da99a8cff29c47b015f1d07a6633e4cf0,consensus_benchmark_exact_v1,prompt_compiler_v2_split_g_f,2092268362,pending,Q001,"{""Q001"": ""consensus_estimate_net_zero_before_2085""}",consensus_exact_step2,c444a6eac0c7b6cd317bc71d70e09e8e9d8b0a57308ceb8b4c11921129cc5ae1
G|LP0228|ConsensusExact|step2|attempt_1,G-fa7fd536917b2398e754d5cd78f8c5a8f2edd9b6,G,target,LP0228,Consensus,consensus_exact_step2_estimate,1,google/gemma-4-31B-it,0a050ca078442ca678e99b58b84e637907379cea639582e14ce2d4c130cd22eb,ec9f25e6b68d12ca6182161cdc389e0da99a8cff29c47b015f1d07a6633e4cf0,consensus_benchmark_exact_v1,prompt_compiler_v2_split_g_f,108711433,pending,Q001,"{""Q001"": ""consensus_estimate_net_zero_before_2085""}",consensus_exact_step2,c444a6eac0c7b6cd317bc71d70e09e8e9d8b0a57308ceb8b4c11921129cc5ae1
G|LP0229|ConsensusExact|step2|attempt_1,G-26c563c4d4762c25f220d71114888458609aff69,G,target,LP0229,Consensus,consensus_exact_step2_estimate,1,google/gemma-4-31B-it,604eb162aaeb0a4b9f6e80cf289d63228374e6e0cf0c4a76817b05be8edff84b,ec9f25e6b68d12ca6182161cdc389e0da99a8cff29c47b015f1d07a6633e4cf0,consensus_benchmark_exact_v1,prompt_compiler_v2_split_g_f,570487727,pending,Q001,"{""Q001"": ""consensus_estimate_net_zero_before_2085""}",consensus_exact_step2,c444a6eac0c7b6cd317bc71d70e09e8e9d8b0a57308ceb8b4c11921129cc5ae1
G|LP0230|ConsensusExact|step2|attempt_1,G-e7b3871f40db72be99b863d3e4918ee47f4e3f23,G,target,LP0230,Consensus,consensus_exact_step2_estimate,1,google/gemma-4-31B-it,b58d48f813358b254ffec59f1d84c468f0edc492f9336d52bf1c095bf08b812b,ec9f25e6b68d12ca6182161cdc389e0da99a8cff29c47b015f1d07a6633e4cf0,consensus_benchmark_exact_v1,prompt_compiler_v2_split_g_f,272793856,pending,Q001,"{""Q001"": ""consensus_estimate_net_zero_before_2085""}",consensus_exact_step2,c444a6eac0c7b6cd317bc71d70e09e8e9d8b0a57308ceb8b4c11921129cc5ae1
G|LP0231|ConsensusExact|step2|attempt_1,G-c3613a1876739dbace6bd8a5b2b637b4d3f19bf2,G,target,LP0231,Consensus,consensus_exact_step2_estimate,1,google/gemma-4-31B-it,30243a876756b0a06c65f858e2a54a8b2de6caab6679187070241baf3eb4e7c3,ec9f25e6b68d12ca6182161cdc389e0da99a8cff29c47b015f1d07a6633e4cf0,consensus_benchmark_exact_v1,prompt_compiler_v2_split_g_f,2100695533,pending,Q001,"{""Q001"": ""consensus_estimate_net_zero_before_2085""}",consensus_exact_step2,c444a6eac0c7b6cd317bc71d70e09e8e9d8b0a57308ceb8b4c11921129cc5ae1
G|LP0232|ConsensusExact|step2|attempt_1,G-2e5bbe3aac6af577eea66dc00155073b3ce1eecf,G,target,LP0232,Consensus,consensus_exact_step2_estimate,1,google/gemma-4-31B-it,76f9a2290042b2fa4017a64748781f87b9ea452c19fcb67b8e1159d1f119549c,ec9f25e6b68d12ca6182161cdc389e0da99a8cff29c47b015f1d07a6633e4cf0,consensus_benchmark_exact_v1,prompt_compiler_v2_split_g_f,153252333,pending,Q001,"{""Q001"": ""consensus_estimate_net_zero_before_2085""}",consensus_exact_step2,c444a6eac0c7b6cd317bc71d70e09e8e9d8b0a57308ceb8b4c11921129cc5ae1
G|LP0233|ConsensusExact|step2|attempt_1,G-ed18aab1d196d483b11932a07b5f1742fd0bed48,G,target,LP0233,Consensus,consensus_exact_step2_estimate,1,google/gemma-4-31B-it,ea304ac4a75c64e258bba5ad66834b386824a5f192e404fdb35e02882c11cad5,ec9f25e6b68d12ca6182161cdc389e0da99a8cff29c47b015f1d07a6633e4cf0,consensus_benchmark_exact_v1,prompt_compiler_v2_split_g_f,734538218,pending,Q001,"{""Q001"": ""consensus_estimate_net_zero_before_2085""}",consensus_exact_step2,c444a6eac0c7b6cd317bc71d70e09e8e9d8b0a57308ceb8b4c11921129cc5ae1
G|LP0234|ConsensusExact|step2|attempt_1,G-643d877266d598ce379e70e4742aed6ac522c883,G,target,LP0234,Consensus,consensus_exact_step2_estimate,1,google/gemma-4-31B-it,e07efa44ff1578c6c290e4bcf533bd5dc9eda6a699881904f2885db5490961ed,ec9f25e6b68d12ca6182161cdc389e0da99a8cff29c47b015f1d07a6633e4cf0,consensus_benchmark_exact_v1,prompt_compiler_v2_split_g_f,793814964,pending,Q001,"{""Q001"": ""consensus_estimate_net_zero_before_2085""}",consensus_exact_step2,c444a6eac0c7b6cd317bc71d70e09e8e9d8b0a57308ceb8b4c11921129cc5ae1
G|LP0235|ConsensusExact|step2|attempt_1,G-8bd6dbf58a500761ae87da094cf077875cc63678,G,target,LP0235,Consensus,consensus_exact_step2_estimate,1,google/gemma-4-31B-it,ca212af70e72ddc6a384bdb31bebdfc83cfb72cc2b1321869a9b3a1c6a7410bb,ec9f25e6b68d12ca6182161cdc389e0da99a8cff29c47b015f1d07a6633e4cf0,consensus_benchmark_exact_v1,prompt_compiler_v2_split_g_f,570277710,pending,Q001,"{""Q001"": ""consensus_estimate_net_zero_before_2085""}",consensus_exact_step2,c444a6eac0c7b6cd317bc71d70e09e8e9d8b0a57308ceb8b4c11921129cc5ae1
G|LP0236|ConsensusExact|step2|attempt_1,G-31b9055e84634b47a81e40e406dbd69119144b71,G,target,LP0236,Consensus,consensus_exact_step2_estimate,1,google/gemma-4-31B-it,f37a20ad12518b5ad3d66266f999a9c1be500d34ecfa61ff84ed1287fea43577,ec9f25e6b68d12ca6182161cdc389e0da99a8cff29c47b015f1d07a6633e4cf0,consensus_benchmark_exact_v1,prompt_compiler_v2_split_g_f,1742034436,pending,Q001,"{""Q001"": ""consensus_estimate_net_zero_before_2085""}",consensus_exact_step2,c444a6eac0c7b6cd317bc71d70e09e8e9d8b0a57308ceb8b4c11921129cc5ae1
G|LP0237|ConsensusExact|step2|attempt_1,G-9ec4d7970b18ca9dc9a709bb2b1d48c0a2e1dbd6,G,target,LP0237,Consensus,consensus_exact_step2_estimate,1,google/gemma-4-31B-it,876fbaf18de59ddb0eaa384e314613b4a283c8ba5d1d22698af736f750ee8c13,ec9f25e6b68d12ca6182161cdc389e0da99a8cff29c47b015f1d07a6633e4cf0,consensus_benchmark_exact_v1,prompt_compiler_v2_split_g_f,1218607565,pending,Q001,"{""Q001"": ""consensus_estimate_net_zero_before_2085""}",consensus_exact_step2,c444a6eac0c7b6cd317bc71d70e09e8e9d8b0a57308ceb8b4c11921129cc5ae1
G|LP0238|ConsensusExact|step2|attempt_1,G-f40001e074ce4230e38b4a31d3f4931e2ce16fed,G,target,LP0238,Consensus,consensus_exact_step2_estimate,1,google/gemma-4-31B-it,9fc4eb7b525ed7bbbb087881d68fbb1c4d8c2296cf04c68a9ac630870a3e7643,ec9f25e6b68d12ca6182161cdc389e0da99a8cff29c47b015f1d07a6633e4cf0,consensus_benchmark_exact_v1,prompt_compiler_v2_split_g_f,1557022196,pending,Q001,"{""Q001"": ""consensus_estimate_net_zero_before_2085""}",consensus_exact_step2,c444a6eac0c7b6cd317bc71d70e09e8e9d8b0a57308ceb8b4c11921129cc5ae1
G|LP0239|ConsensusExact|step2|attempt_1,G-11222ab877bf84600b92c51048431cf40234b069,G,target,LP0239,Consensus,consensus_exact_step2_estimate,1,google/gemma-4-31B-it,8c19b46d9fb58d638c7c5779034ae6d5fcfd6bf89980b62d0326d1d01051b6f9,ec9f25e6b68d12ca6182161cdc389e0da99a8cff29c47b015f1d07a6633e4cf0,consensus_benchmark_exact_v1,prompt_compiler_v2_split_g_f,436459985,pending,Q001,"{""Q001"": ""consensus_estimate_net_zero_before_2085""}",consensus_exact_step2,c444a6eac0c7b6cd317bc71d70e09e8e9d8b0a57308ceb8b4c11921129cc5ae1
G|LP0240|ConsensusExact|step2|attempt_1,G-e00e42aef8e02550fcce356a2842d97dbfdf8d40,G,target,LP0240,Consensus,consensus_exact_step2_estimate,1,google/gemma-4-31B-it,c460aa0b0b489f2edc8c56aa183c87f07d8c48614a3e583c63fd3d57d0f34c85,ec9f25e6b68d12ca6182161cdc389e0da99a8cff29c47b015f1d07a6633e4cf0,consensus_benchmark_exact_v1,prompt_compiler_v2_split_g_f,956082865,pending,Q001,"{""Q001"": ""consensus_estimate_net_zero_before_2085""}",consensus_exact_step2,c444a6eac0c7b6cd317bc71d70e09e8e9d8b0a57308ceb8b4c11921129cc5ae1
G|LP0241|ConsensusExact|step2|attempt_1,G-5904db1c3979d113e6c6c9ba13d7711a87852769,G,target,LP0241,Consensus,consensus_exact_step2_estimate,1,google/gemma-4-31B-it,1618d37a40f2ac6e47cc2cb80b33a1b81dfcb1d22cdeb39e203a94d37b8bd129,ec9f25e6b68d12ca6182161cdc389e0da99a8cff29c47b015f1d07a6633e4cf0,consensus_benchmark_exact_v1,prompt_compiler_v2_split_g_f,1803781964,pending,Q001,"{""Q001"": ""consensus_estimate_net_zero_before_2085""}",consensus_exact_step2,c444a6eac0c7b6cd317bc71d70e09e8e9d8b0a57308ceb8b4c11921129cc5ae1
G|LP0242|ConsensusExact|step2|attempt_1,G-1689852383362efa8201ae464c5e012cca119c46,G,target,LP0242,Consensus,consensus_exact_step2_estimate,1,google/gemma-4-31B-it,c451dedadf77c3ba8975863e3f1cab560d530dba021879f79a1281751b7579e5,ec9f25e6b68d12ca6182161cdc389e0da99a8cff29c47b015f1d07a6633e4cf0,consensus_benchmark_exact_v1,prompt_compiler_v2_split_g_f,810105153,pending,Q001,"{""Q001"": ""consensus_estimate_net_zero_before_2085""}",consensus_exact_step2,c444a6eac0c7b6cd317bc71d70e09e8e9d8b0a57308ceb8b4c11921129cc5ae1
G|LP0243|ConsensusExact|step2|attempt_1,G-775a9dd04864ae8797b6b181b29721ec71bf41d9,G,target,LP0243,Consensus,consensus_exact_step2_estimate,1,google/gemma-4-31B-it,c2a585010223489cc6c3e98b3d5a48a45809d19e78105664510d1910e5c68ec7,ec9f25e6b68d12ca6182161cdc389e0da99a8cff29c47b015f1d07a6633e4cf0,consensus_benchmark_exact_v1,prompt_compiler_v2_split_g_f,924445225,pending,Q001,"{""Q001"": ""consensus_estimate_net_zero_before_2085""}",consensus_exact_step2,c444a6eac0c7b6cd317bc71d70e09e8e9d8b0a57308ceb8b4c11921129cc5ae1
G|LP0244|ConsensusExact|step2|attempt_1,G-0c075dfbaa60bbe9911df4b7052fcc0bb8ce39c9,G,target,LP0244,Consensus,consensus_exact_step2_estimate,1,google/gemma-4-31B-it,658206977769ed47c516004029b115dc2981b8932fe8756007ba6f4e70a61d4a,ec9f25e6b68d12ca6182161cdc389e0da99a8cff29c47b015f1d07a6633e4cf0,consensus_benchmark_exact_v1,prompt_compiler_v2_split_g_f,1114601440,pending,Q001,"{""Q001"": ""consensus_estimate_net_zero_before_2085""}",consensus_exact_step2,c444a6eac0c7b6cd317bc71d70e09e8e9d8b0a57308ceb8b4c11921129cc5ae1
G|LP0245|ConsensusExact|step2|attempt_1,G-849d0672bc978428c04c736bb603a4dc1df3edcb,G,target,LP0245,Consensus,consensus_exact_step2_estimate,1,google/gemma-4-31B-it,4210376e7fe43bb7351753536357ece1612aec9c09f5387514757c22523e2e08,ec9f25e6b68d12ca6182161cdc389e0da99a8cff29c47b015f1d07a6633e4cf0,consensus_benchmark_exact_v1,prompt_compiler_v2_split_g_f,1171362063,pending,Q001,"{""Q001"": ""consensus_estimate_net_zero_before_2085""}",consensus_exact_step2,c444a6eac0c7b6cd317bc71d70e09e8e9d8b0a57308ceb8b4c11921129cc5ae1
G|LP0246|ConsensusExact|step2|attempt_1,G-f7d58f6ab400010afedbda8e90bb7285344b5d6c,G,target,LP0246,Consensus,consensus_exact_step2_estimate,1,google/gemma-4-31B-it,32e561341a4c40126f8d539f2459ec664ef53c1f34b4a40850351d82a684866d,ec9f25e6b68d12ca6182161cdc389e0da99a8cff29c47b015f1d07a6633e4cf0,consensus_benchmark_exact_v1,prompt_compiler_v2_split_g_f,598417379,pending,Q001,"{""Q001"": ""consensus_estimate_net_zero_before_2085""}",consensus_exact_step2,c444a6eac0c7b6cd317bc71d70e09e8e9d8b0a57308ceb8b4c11921129cc5ae1
G|LP0247|ConsensusExact|step2|attempt_1,G-dc1db3c24605044fc83755c85f532c8603f6bac0,G,target,LP0247,Consensus,consensus_exact_step2_estimate,1,google/gemma-4-31B-it,45587bc0e258e1d9fc84714d3d2c15abf6145afbf9296227195a7eedfbc9d9cc,ec9f25e6b68d12ca6182161cdc389e0da99a8cff29c47b015f1d07a6633e4cf0,consensus_benchmark_exact_v1,prompt_compiler_v2_split_g_f,2118151126,pending,Q001,"{""Q001"": ""consensus_estimate_net_zero_before_2085""}",consensus_exact_step2,c444a6eac0c7b6cd317bc71d70e09e8e9d8b0a57308ceb8b4c11921129cc5ae1
G|LP0248|ConsensusExact|step2|attempt_1,G-ac9dbd509fb1b479dbdd90c54197c0f9433cb357,G,target,LP0248,Consensus,consensus_exact_step2_estimate,1,google/gemma-4-31B-it,f26f534182fed76bfd5c7dd6c18569446c446deb7ee8fb1e25b3a234e7b1a671,ec9f25e6b68d12ca6182161cdc389e0da99a8cff29c47b015f1d07a6633e4cf0,consensus_benchmark_exact_v1,prompt_compiler_v2_split_g_f,2028810012,pending,Q001,"{""Q001"": ""consensus_estimate_net_zero_before_2085""}",consensus_exact_step2,c444a6eac0c7b6cd317bc71d70e09e8e9d8b0a57308ceb8b4c11921129cc5ae1
G|LP0249|ConsensusExact|step2|attempt_1,G-9db421f32bff9ed024f2fc712f46baa65c433569,G,target,LP0249,Consensus,consensus_exact_step2_estimate,1,google/gemma-4-31B-it,9722356a1270e1c213a2239fc621ba86f0f119e4bd3addd5b4deee392022384e,ec9f25e6b68d12ca6182161cdc389e0da99a8cff29c47b015f1d07a6633e4cf0,consensus_benchmark_exact_v1,prompt_compiler_v2_split_g_f,1734861496,pending,Q001,"{""Q001"": ""consensus_estimate_net_zero_before_2085""}",consensus_exact_step2,c444a6eac0c7b6cd317bc71d70e09e8e9d8b0a57308ceb8b4c11921129cc5ae1
G|LP0250|ConsensusExact|step2|attempt_1,G-8e773748fd16f9277b9783f61a2bb7c6ee58fe7c,G,target,LP0250,Consensus,consensus_exact_step2_estimate,1,google/gemma-4-31B-it,3b129a9eb66e02609ddf939d7a56c7092420a28982555f1c36628d1d325452b0,ec9f25e6b68d12ca6182161cdc389e0da99a8cff29c47b015f1d07a6633e4cf0,consensus_benchmark_exact_v1,prompt_compiler_v2_split_g_f,436561851,pending,Q001,"{""Q001"": ""consensus_estimate_net_zero_before_2085""}",consensus_exact_step2,c444a6eac0c7b6cd317bc71d70e09e8e9d8b0a57308ceb8b4c11921129cc5ae1
G|LP0251|ConsensusExact|step2|attempt_1,G-69934a3da34c9ae55939adab4e536d8c5204730f,G,target,LP0251,Consensus,consensus_exact_step2_estimate,1,google/gemma-4-31B-it,257b45075ae3b1714c36d3bf01c14593b27ba7ab8de8742ea564e8889b61331d,ec9f25e6b68d12ca6182161cdc389e0da99a8cff29c47b015f1d07a6633e4cf0,consensus_benchmark_exact_v1,prompt_compiler_v2_split_g_f,1987260257,pending,Q001,"{""Q001"": ""consensus_estimate_net_zero_before_2085""}",consensus_exact_step2,c444a6eac0c7b6cd317bc71d70e09e8e9d8b0a57308ceb8b4c11921129cc5ae1
G|LP0252|ConsensusExact|step2|attempt_1,G-b3248eaaa2ad945a81b54a6d24b09f55c747e16e,G,target,LP0252,Consensus,consensus_exact_step2_estimate,1,google/gemma-4-31B-it,bde2bcb6f8559a86a3b78a0b54ae1fc6e7a14faab5e769f5dfe687f1d5cf305d,ec9f25e6b68d12ca6182161cdc389e0da99a8cff29c47b015f1d07a6633e4cf0,consensus_benchmark_exact_v1,prompt_compiler_v2_split_g_f,150385074,pending,Q001,"{""Q001"": ""consensus_estimate_net_zero_before_2085""}",consensus_exact_step2,c444a6eac0c7b6cd317bc71d70e09e8e9d8b0a57308ceb8b4c11921129cc5ae1
G|LP0253|ConsensusExact|step2|attempt_1,G-11e82ef0f22484ff071d1c4105688d4c7494ae22,G,target,LP0253,Consensus,consensus_exact_step2_estimate,1,google/gemma-4-31B-it,d5019c3c53e01825bf211f19e90edd0d925fea40f57515345e697e7cb3a228ad,ec9f25e6b68d12ca6182161cdc389e0da99a8cff29c47b015f1d07a6633e4cf0,consensus_benchmark_exact_v1,prompt_compiler_v2_split_g_f,368370401,pending,Q001,"{""Q001"": ""consensus_estimate_net_zero_before_2085""}",consensus_exact_step2,c444a6eac0c7b6cd317bc71d70e09e8e9d8b0a57308ceb8b4c11921129cc5ae1
G|LP0254|ConsensusExact|step2|attempt_1,G-51b4c770c428da1d3c790ecf7ca85c82065af157,G,target,LP0254,Consensus,consensus_exact_step2_estimate,1,google/gemma-4-31B-it,21d969f09b78baf81a08999f6feffe2aaf8582d46c653fe8570f0fe7e19efd5b,ec9f25e6b68d12ca6182161cdc389e0da99a8cff29c47b015f1d07a6633e4cf0,consensus_benchmark_exact_v1,prompt_compiler_v2_split_g_f,1737648383,pending,Q001,"{""Q001"": ""consensus_estimate_net_zero_before_2085""}",consensus_exact_step2,c444a6eac0c7b6cd317bc71d70e09e8e9d8b0a57308ceb8b4c11921129cc5ae1
G|LP0255|ConsensusExact|step2|attempt_1,G-337a2805135b32b6b060b4f5ee415a4f019dd705,G,target,LP0255,Consensus,consensus_exact_step2_estimate,1,google/gemma-4-31B-it,c2675c43b393b527972091e0be1b5205adf2f22454f038bdcca9690b33d9fb5d,ec9f25e6b68d12ca6182161cdc389e0da99a8cff29c47b015f1d07a6633e4cf0,consensus_benchmark_exact_v1,prompt_compiler_v2_split_g_f,2052031168,pending,Q001,"{""Q001"": ""consensus_estimate_net_zero_before_2085""}",consensus_exact_step2,c444a6eac0c7b6cd317bc71d70e09e8e9d8b0a57308ceb8b4c11921129cc5ae1
G|LP0256|ConsensusExact|step2|attempt_1,G-91c6bbd8a3c436de0a5cfac94b6b669798eb41b8,G,target,LP0256,Consensus,consensus_exact_step2_estimate,1,google/gemma-4-31B-it,d47602559969a3c6821799b55408edfe7e5344cc8315f1dcb7efc4eea44f392d,ec9f25e6b68d12ca6182161cdc389e0da99a8cff29c47b015f1d07a6633e4cf0,consensus_benchmark_exact_v1,prompt_compiler_v2_split_g_f,1196535441,pending,Q001,"{""Q001"": ""consensus_estimate_net_zero_before_2085""}",consensus_exact_step2,c444a6eac0c7b6cd317bc71d70e09e8e9d8b0a57308ceb8b4c11921129cc5ae1
G|LP0257|ConsensusExact|step2|attempt_1,G-f212427c5b03fe51859e34cadf96bb38db8b1bf5,G,target,LP0257,Consensus,consensus_exact_step2_estimate,1,google/gemma-4-31B-it,7c12e33ec8787cf129d776871a9c38389d114a06a18c1d7b86c2a23b49ebf7c0,ec9f25e6b68d12ca6182161cdc389e0da99a8cff29c47b015f1d07a6633e4cf0,consensus_benchmark_exact_v1,prompt_compiler_v2_split_g_f,1059619661,pending,Q001,"{""Q001"": ""consensus_estimate_net_zero_before_2085""}",consensus_exact_step2,c444a6eac0c7b6cd317bc71d70e09e8e9d8b0a57308ceb8b4c11921129cc5ae1
G|LP0258|ConsensusExact|step2|attempt_1,G-267116d41ef3554fe8a58951e17b96d35e91a92f,G,target,LP0258,Consensus,consensus_exact_step2_estimate,1,google/gemma-4-31B-it,53330a6ae9c3a3581744b2138587fb26ff3646e0978cff202acd59c62e6cdb79,ec9f25e6b68d12ca6182161cdc389e0da99a8cff29c47b015f1d07a6633e4cf0,consensus_benchmark_exact_v1,prompt_compiler_v2_split_g_f,1809154807,pending,Q001,"{""Q001"": ""consensus_estimate_net_zero_before_2085""}",consensus_exact_step2,c444a6eac0c7b6cd317bc71d70e09e8e9d8b0a57308ceb8b4c11921129cc5ae1
G|LP0259|ConsensusExact|step2|attempt_1,G-de7f0f62c7f30b19d418971abd1a2060475cf2b1,G,target,LP0259,Consensus,consensus_exact_step2_estimate,1,google/gemma-4-31B-it,e897d91a46e9e6b378722741c44bee383988c26f119f21c6731c5f602cbd1191,ec9f25e6b68d12ca6182161cdc389e0da99a8cff29c47b015f1d07a6633e4cf0,consensus_benchmark_exact_v1,prompt_compiler_v2_split_g_f,82913762,pending,Q001,"{""Q001"": ""consensus_estimate_net_zero_before_2085""}",consensus_exact_step2,c444a6eac0c7b6cd317bc71d70e09e8e9d8b0a57308ceb8b4c11921129cc5ae1
G|LP0260|ConsensusExact|step2|attempt_1,G-e0d69738329d02af664b43c918becd0cb81cac9c,G,target,LP0260,Consensus,consensus_exact_step2_estimate,1,google/gemma-4-31B-it,747e3858de80a3ddedf23ff505d172dbcb7665d93dc9d175b1469d553e44ae00,ec9f25e6b68d12ca6182161cdc389e0da99a8cff29c47b015f1d07a6633e4cf0,consensus_benchmark_exact_v1,prompt_compiler_v2_split_g_f,1951019298,pending,Q001,"{""Q001"": ""consensus_estimate_net_zero_before_2085""}",consensus_exact_step2,c444a6eac0c7b6cd317bc71d70e09e8e9d8b0a57308ceb8b4c11921129cc5ae1
G|LP0261|ConsensusExact|step2|attempt_1,G-b6c54177ebd97aae0f6088b74e7ece83f370f26e,G,target,LP0261,Consensus,consensus_exact_step2_estimate,1,google/gemma-4-31B-it,05d07e7ac9c6795376a33601139f294da87046991a645dfa1b58ab071cd21019,ec9f25e6b68d12ca6182161cdc389e0da99a8cff29c47b015f1d07a6633e4cf0,consensus_benchmark_exact_v1,prompt_compiler_v2_split_g_f,1499725216,pending,Q001,"{""Q001"": ""consensus_estimate_net_zero_before_2085""}",consensus_exact_step2,c444a6eac0c7b6cd317bc71d70e09e8e9d8b0a57308ceb8b4c11921129cc5ae1
G|LP0262|ConsensusExact|step2|attempt_1,G-6f5f938b22558c0643a88a0cc09c0732c76eaf5d,G,target,LP0262,Consensus,consensus_exact_step2_estimate,1,google/gemma-4-31B-it,8ac0922c16f9554e089c2dd8ecf35c470c3a6a78abb52570f4e0fe54f45f45c4,ec9f25e6b68d12ca6182161cdc389e0da99a8cff29c47b015f1d07a6633e4cf0,consensus_benchmark_exact_v1,prompt_compiler_v2_split_g_f,18133790,pending,Q001,"{""Q001"": ""consensus_estimate_net_zero_before_2085""}",consensus_exact_step2,c444a6eac0c7b6cd317bc71d70e09e8e9d8b0a57308ceb8b4c11921129cc5ae1
G|LP0263|ConsensusExact|step2|attempt_1,G-b96fb38bd63819542382602e2138ae05dac38b70,G,target,LP0263,Consensus,consensus_exact_step2_estimate,1,google/gemma-4-31B-it,ddf793038c9fe94112095f0d2439ab7b57878564f0ac9be00a653ee9fbab7bb6,ec9f25e6b68d12ca6182161cdc389e0da99a8cff29c47b015f1d07a6633e4cf0,consensus_benchmark_exact_v1,prompt_compiler_v2_split_g_f,1226276974,pending,Q001,"{""Q001"": ""consensus_estimate_net_zero_before_2085""}",consensus_exact_step2,c444a6eac0c7b6cd317bc71d70e09e8e9d8b0a57308ceb8b4c11921129cc5ae1
G|LP0264|ConsensusExact|step2|attempt_1,G-9a6bfc7b10ae28ee36c1ad9b6e02e596be3b5916,G,target,LP0264,Consensus,consensus_exact_step2_estimate,1,google/gemma-4-31B-it,da63da70699fc8f047b4e4268c1878594354059f443021d38a27f4fa4332d66e,ec9f25e6b68d12ca6182161cdc389e0da99a8cff29c47b015f1d07a6633e4cf0,consensus_benchmark_exact_v1,prompt_compiler_v2_split_g_f,1166418406,pending,Q001,"{""Q001"": ""consensus_estimate_net_zero_before_2085""}",consensus_exact_step2,c444a6eac0c7b6cd317bc71d70e09e8e9d8b0a57308ceb8b4c11921129cc5ae1
G|LP0265|ConsensusExact|step2|attempt_1,G-a848ae940e0f7dd0d1344068e4c1958fad5485a2,G,target,LP0265,Consensus,consensus_exact_step2_estimate,1,google/gemma-4-31B-it,11e219cdcb42a555b948d0dbbcb6dbea2a6b2fc6506e6fb57c73172bfe7e6840,ec9f25e6b68d12ca6182161cdc389e0da99a8cff29c47b015f1d07a6633e4cf0,consensus_benchmark_exact_v1,prompt_compiler_v2_split_g_f,1587600122,pending,Q001,"{""Q001"": ""consensus_estimate_net_zero_before_2085""}",consensus_exact_step2,c444a6eac0c7b6cd317bc71d70e09e8e9d8b0a57308ceb8b4c11921129cc5ae1
G|LP0266|ConsensusExact|step2|attempt_1,G-64fd05a80b935a76e5bcf3c394a2179966971020,G,target,LP0266,Consensus,consensus_exact_step2_estimate,1,google/gemma-4-31B-it,763f35373c152cde6ef30b27c2e40a3eb4824660441937c7ba6acedb7653c2aa,ec9f25e6b68d12ca6182161cdc389e0da99a8cff29c47b015f1d07a6633e4cf0,consensus_benchmark_exact_v1,prompt_compiler_v2_split_g_f,1435329991,pending,Q001,"{""Q001"": ""consensus_estimate_net_zero_before_2085""}",consensus_exact_step2,c444a6eac0c7b6cd317bc71d70e09e8e9d8b0a57308ceb8b4c11921129cc5ae1
G|LP0267|ConsensusExact|step2|attempt_1,G-f9453ce13bcdeb19f53f7c16ddd30615bec6b223,G,target,LP0267,Consensus,consensus_exact_step2_estimate,1,google/gemma-4-31B-it,f136c84b83c95fe9127a8c3ffe5d661709fcd8312dafa8e1cfaeae374de76c72,ec9f25e6b68d12ca6182161cdc389e0da99a8cff29c47b015f1d07a6633e4cf0,consensus_benchmark_exact_v1,prompt_compiler_v2_split_g_f,777544927,pending,Q001,"{""Q001"": ""consensus_estimate_net_zero_before_2085""}",consensus_exact_step2,c444a6eac0c7b6cd317bc71d70e09e8e9d8b0a57308ceb8b4c11921129cc5ae1
G|LP0268|ConsensusExact|step2|attempt_1,G-177a0c853eb41b15381a85f2b9b2b166c27fb029,G,target,LP0268,Consensus,consensus_exact_step2_estimate,1,google/gemma-4-31B-it,167ae1623f54f6376b61ab826d29d40fd2fe2840f02b645cf729f80629927187,ec9f25e6b68d12ca6182161cdc389e0da99a8cff29c47b015f1d07a6633e4cf0,consensus_benchmark_exact_v1,prompt_compiler_v2_split_g_f,1839739935,pending,Q001,"{""Q001"": ""consensus_estimate_net_zero_before_2085""}",consensus_exact_step2,c444a6eac0c7b6cd317bc71d70e09e8e9d8b0a57308ceb8b4c11921129cc5ae1
G|LP0269|ConsensusExact|step2|attempt_1,G-bd145cf5bd958df7861185b1c8e92f9019c3246e,G,target,LP0269,Consensus,consensus_exact_step2_estimate,1,google/gemma-4-31B-it,1fad28e5ea6aebd8b288ab3a5d92d80af96d174d1b18703143ec49768a9f40dc,ec9f25e6b68d12ca6182161cdc389e0da99a8cff29c47b015f1d07a6633e4cf0,consensus_benchmark_exact_v1,prompt_compiler_v2_split_g_f,935217125,pending,Q001,"{""Q001"": ""consensus_estimate_net_zero_before_2085""}",consensus_exact_step2,c444a6eac0c7b6cd317bc71d70e09e8e9d8b0a57308ceb8b4c11921129cc5ae1
G|LP0270|ConsensusExact|step2|attempt_1,G-fb6287589607ed85a15a6632bf8089e3ad4c82f2,G,target,LP0270,Consensus,consensus_exact_step2_estimate,1,google/gemma-4-31B-it,7b904cdd6cb253e3b0d23231347a2f42853aa19acc32739a6929e362d545d5f0,ec9f25e6b68d12ca6182161cdc389e0da99a8cff29c47b015f1d07a6633e4cf0,consensus_benchmark_exact_v1,prompt_compiler_v2_split_g_f,214760506,pending,Q001,"{""Q001"": ""consensus_estimate_net_zero_before_2085""}",consensus_exact_step2,c444a6eac0c7b6cd317bc71d70e09e8e9d8b0a57308ceb8b4c11921129cc5ae1
G|LP0271|ConsensusExact|step2|attempt_1,G-ca54e21a44c6a86a6f9f037fa4802a6ff5a73d95,G,target,LP0271,Consensus,consensus_exact_step2_estimate,1,google/gemma-4-31B-it,cc86d3cfbd06f5f58c9343a32cd022cc4a8868337eb2af7202f5e211a5f5968f,ec9f25e6b68d12ca6182161cdc389e0da99a8cff29c47b015f1d07a6633e4cf0,consensus_benchmark_exact_v1,prompt_compiler_v2_split_g_f,1500540065,pending,Q001,"{""Q001"": ""consensus_estimate_net_zero_before_2085""}",consensus_exact_step2,c444a6eac0c7b6cd317bc71d70e09e8e9d8b0a57308ceb8b4c11921129cc5ae1
G|LP0272|ConsensusExact|step2|attempt_1,G-523bff1723ed38441b2a019adcc3159a72512380,G,target,LP0272,Consensus,consensus_exact_step2_estimate,1,google/gemma-4-31B-it,0ffd498eef719c1ce23b8439177613dbf38e8187f4b926d1efec78ffdf3894e8,ec9f25e6b68d12ca6182161cdc389e0da99a8cff29c47b015f1d07a6633e4cf0,consensus_benchmark_exact_v1,prompt_compiler_v2_split_g_f,1214592627,pending,Q001,"{""Q001"": ""consensus_estimate_net_zero_before_2085""}",consensus_exact_step2,c444a6eac0c7b6cd317bc71d70e09e8e9d8b0a57308ceb8b4c11921129cc5ae1
G|LP0273|ConsensusExact|step2|attempt_1,G-788df6c24d7c1140459452ffdfc2e8c873465fe0,G,target,LP0273,Consensus,consensus_exact_step2_estimate,1,google/gemma-4-31B-it,36b51475cfbbd4f95c3344e70b1a537b10bda3034cf9e968ee761eec7cd71987,ec9f25e6b68d12ca6182161cdc389e0da99a8cff29c47b015f1d07a6633e4cf0,consensus_benchmark_exact_v1,prompt_compiler_v2_split_g_f,1050148550,pending,Q001,"{""Q001"": ""consensus_estimate_net_zero_before_2085""}",consensus_exact_step2,c444a6eac0c7b6cd317bc71d70e09e8e9d8b0a57308ceb8b4c11921129cc5ae1
G|LP0274|ConsensusExact|step2|attempt_1,G-ff0eb210506c2f774a9cb777cc2ec324110d68ad,G,target,LP0274,Consensus,consensus_exact_step2_estimate,1,google/gemma-4-31B-it,e009fd2357663989a9f0516921b08bbcd986d28cbfda2a673ef41c68c0e88762,ec9f25e6b68d12ca6182161cdc389e0da99a8cff29c47b015f1d07a6633e4cf0,consensus_benchmark_exact_v1,prompt_compiler_v2_split_g_f,1317639067,pending,Q001,"{""Q001"": ""consensus_estimate_net_zero_before_2085""}",consensus_exact_step2,c444a6eac0c7b6cd317bc71d70e09e8e9d8b0a57308ceb8b4c11921129cc5ae1
G|LP0275|ConsensusExact|step2|attempt_1,G-116e5e4163c64e1d10a09832504c912c1c6d9734,G,target,LP0275,Consensus,consensus_exact_step2_estimate,1,google/gemma-4-31B-it,fa62baebdc640e97035a922770db94cfb68e5f279f10c551d56509e39643a8f1,ec9f25e6b68d12ca6182161cdc389e0da99a8cff29c47b015f1d07a6633e4cf0,consensus_benchmark_exact_v1,prompt_compiler_v2_split_g_f,111348384,pending,Q001,"{""Q001"": ""consensus_estimate_net_zero_before_2085""}",consensus_exact_step2,c444a6eac0c7b6cd317bc71d70e09e8e9d8b0a57308ceb8b4c11921129cc5ae1
G|LP0276|ConsensusExact|step2|attempt_1,G-16fb507d4879e08dbcad6334d546e6fcbd7a0612,G,target,LP0276,Consensus,consensus_exact_step2_estimate,1,google/gemma-4-31B-it,4d2216aee81e405b1b2dfec6ac68facfd157ca3788f26e710c4db16cb2ef0f53,ec9f25e6b68d12ca6182161cdc389e0da99a8cff29c47b015f1d07a6633e4cf0,consensus_benchmark_exact_v1,prompt_compiler_v2_split_g_f,1987084679,pending,Q001,"{""Q001"": ""consensus_estimate_net_zero_before_2085""}",consensus_exact_step2,c444a6eac0c7b6cd317bc71d70e09e8e9d8b0a57308ceb8b4c11921129cc5ae1
G|LP0277|ConsensusExact|step2|attempt_1,G-1f7a5b4499b959cb62e8939a50e6bdee8b9bfb6d,G,target,LP0277,Consensus,consensus_exact_step2_estimate,1,google/gemma-4-31B-it,1a22e43452ff9144f764bffb32a44c627ea1dda2767c46314a5242c1b72208af,ec9f25e6b68d12ca6182161cdc389e0da99a8cff29c47b015f1d07a6633e4cf0,consensus_benchmark_exact_v1,prompt_compiler_v2_split_g_f,1487802452,pending,Q001,"{""Q001"": ""consensus_estimate_net_zero_before_2085""}",consensus_exact_step2,c444a6eac0c7b6cd317bc71d70e09e8e9d8b0a57308ceb8b4c11921129cc5ae1
G|LP0278|ConsensusExact|step2|attempt_1,G-b47576ef81284bd2dc0f8fb198ceb49754d951c6,G,target,LP0278,Consensus,consensus_exact_step2_estimate,1,google/gemma-4-31B-it,a6d4a00f74ce1978d0227c3de0358cf8e932f07d246d2e10c5b15392944a3141,ec9f25e6b68d12ca6182161cdc389e0da99a8cff29c47b015f1d07a6633e4cf0,consensus_benchmark_exact_v1,prompt_compiler_v2_split_g_f,1779644851,pending,Q001,"{""Q001"": ""consensus_estimate_net_zero_before_2085""}",consensus_exact_step2,c444a6eac0c7b6cd317bc71d70e09e8e9d8b0a57308ceb8b4c11921129cc5ae1
G|LP0279|ConsensusExact|step2|attempt_1,G-72585ff04e409f5ddbaf822122a18c17eb7eba58,G,target,LP0279,Consensus,consensus_exact_step2_estimate,1,google/gemma-4-31B-it,44e5da023c0d260124e5c76b1a1b13e2fa8b853284bc6df4efe114c1a91c2dbb,ec9f25e6b68d12ca6182161cdc389e0da99a8cff29c47b015f1d07a6633e4cf0,consensus_benchmark_exact_v1,prompt_compiler_v2_split_g_f,854679359,pending,Q001,"{""Q001"": ""consensus_estimate_net_zero_before_2085""}",consensus_exact_step2,c444a6eac0c7b6cd317bc71d70e09e8e9d8b0a57308ceb8b4c11921129cc5ae1
G|LP0280|ConsensusExact|step2|attempt_1,G-cf60e9b48b4755b9f7adaf6e654df79c55976634,G,target,LP0280,Consensus,consensus_exact_step2_estimate,1,google/gemma-4-31B-it,211d805410d74edf1014dbdd5070cca2183694502b85d52171fef75917a46922,ec9f25e6b68d12ca6182161cdc389e0da99a8cff29c47b015f1d07a6633e4cf0,consensus_benchmark_exact_v1,prompt_compiler_v2_split_g_f,705243429,pending,Q001,"{""Q001"": ""consensus_estimate_net_zero_before_2085""}",consensus_exact_step2,c444a6eac0c7b6cd317bc71d70e09e8e9d8b0a57308ceb8b4c11921129cc5ae1
G|LP0281|ConsensusExact|step2|attempt_1,G-db1900600ae383ae62764492e1b1c7689510d31f,G,target,LP0281,Consensus,consensus_exact_step2_estimate,1,google/gemma-4-31B-it,271c020cc169b8a918044466b62a5e9b1307de29196843a2992e46f7c2bdcd00,ec9f25e6b68d12ca6182161cdc389e0da99a8cff29c47b015f1d07a6633e4cf0,consensus_benchmark_exact_v1,prompt_compiler_v2_split_g_f,1091929201,pending,Q001,"{""Q001"": ""consensus_estimate_net_zero_before_2085""}",consensus_exact_step2,c444a6eac0c7b6cd317bc71d70e09e8e9d8b0a57308ceb8b4c11921129cc5ae1
G|LP0282|ConsensusExact|step2|attempt_1,G-ba411d10ee48b97ca9d34aa6f9c64698481042b5,G,target,LP0282,Consensus,consensus_exact_step2_estimate,1,google/gemma-4-31B-it,9b2d1ead37f32f2b793ae2059291c9af0472219c35daa79dfa86603a011ff904,ec9f25e6b68d12ca6182161cdc389e0da99a8cff29c47b015f1d07a6633e4cf0,consensus_benchmark_exact_v1,prompt_compiler_v2_split_g_f,1657467808,pending,Q001,"{""Q001"": ""consensus_estimate_net_zero_before_2085""}",consensus_exact_step2,c444a6eac0c7b6cd317bc71d70e09e8e9d8b0a57308ceb8b4c11921129cc5ae1
G|LP0283|ConsensusExact|step2|attempt_1,G-8e2fc74cf18898ab2ec60795556ff022b6c21b83,G,target,LP0283,Consensus,consensus_exact_step2_estimate,1,google/gemma-4-31B-it,590952d4b604484c07926a5583d80fdd631677abfa1a9d4af4e9cc93305618f4,ec9f25e6b68d12ca6182161cdc389e0da99a8cff29c47b015f1d07a6633e4cf0,consensus_benchmark_exact_v1,prompt_compiler_v2_split_g_f,233318215,pending,Q001,"{""Q001"": ""consensus_estimate_net_zero_before_2085""}",consensus_exact_step2,c444a6eac0c7b6cd317bc71d70e09e8e9d8b0a57308ceb8b4c11921129cc5ae1
G|LP0284|ConsensusExact|step2|attempt_1,G-3c89fa62cc8432ac2995deaaa10b701259cfa2df,G,target,LP0284,Consensus,consensus_exact_step2_estimate,1,google/gemma-4-31B-it,fb6ea881853628de02109ea5ae15fa8137d22d959b10366c6632a4bf08dfeee9,ec9f25e6b68d12ca6182161cdc389e0da99a8cff29c47b015f1d07a6633e4cf0,consensus_benchmark_exact_v1,prompt_compiler_v2_split_g_f,1167599474,pending,Q001,"{""Q001"": ""consensus_estimate_net_zero_before_2085""}",consensus_exact_step2,c444a6eac0c7b6cd317bc71d70e09e8e9d8b0a57308ceb8b4c11921129cc5ae1
G|LP0285|ConsensusExact|step2|attempt_1,G-b952f1f948a72252e52944960fa144172dfbe867,G,target,LP0285,Consensus,consensus_exact_step2_estimate,1,google/gemma-4-31B-it,7f1881f004d580f6cade384c1b980d84144a83438e3c11286ade4bcd162104f1,ec9f25e6b68d12ca6182161cdc389e0da99a8cff29c47b015f1d07a6633e4cf0,consensus_benchmark_exact_v1,prompt_compiler_v2_split_g_f,994903623,pending,Q001,"{""Q001"": ""consensus_estimate_net_zero_before_2085""}",consensus_exact_step2,c444a6eac0c7b6cd317bc71d70e09e8e9d8b0a57308ceb8b4c11921129cc5ae1
G|LP0286|ConsensusExact|step2|attempt_1,G-172e0d0646ece7e51d41cced3c3ae402649e48e5,G,target,LP0286,Consensus,consensus_exact_step2_estimate,1,google/gemma-4-31B-it,374a0463961969fb7dd32b5c428a4d8be3cf80eb6024b9f5e66f68cba2bd4e56,ec9f25e6b68d12ca6182161cdc389e0da99a8cff29c47b015f1d07a6633e4cf0,consensus_benchmark_exact_v1,prompt_compiler_v2_split_g_f,1967718897,pending,Q001,"{""Q001"": ""consensus_estimate_net_zero_before_2085""}",consensus_exact_step2,c444a6eac0c7b6cd317bc71d70e09e8e9d8b0a57308ceb8b4c11921129cc5ae1
G|LP0287|ConsensusExact|step2|attempt_1,G-df2a5627d3f33c4146cbdc752149ace17fa884e7,G,target,LP0287,Consensus,consensus_exact_step2_estimate,1,google/gemma-4-31B-it,e9e3167bb4e08a3da2b70d057b72b55b10b45068816ec7dc4b230fcf91d3c5f9,ec9f25e6b68d12ca6182161cdc389e0da99a8cff29c47b015f1d07a6633e4cf0,consensus_benchmark_exact_v1,prompt_compiler_v2_split_g_f,306702484,pending,Q001,"{""Q001"": ""consensus_estimate_net_zero_before_2085""}",consensus_exact_step2,c444a6eac0c7b6cd317bc71d70e09e8e9d8b0a57308ceb8b4c11921129cc5ae1
G|LP0288|ConsensusExact|step2|attempt_1,G-1fcc3f5ab88169206ad9a8639d23b4378def6a8f,G,target,LP0288,Consensus,consensus_exact_step2_estimate,1,google/gemma-4-31B-it,efeb1bf7fa83a689319f8c0df8dec295d90cc5904a8d59743ec369ab9f00097c,ec9f25e6b68d12ca6182161cdc389e0da99a8cff29c47b015f1d07a6633e4cf0,consensus_benchmark_exact_v1,prompt_compiler_v2_split_g_f,2014963669,pending,Q001,"{""Q001"": ""consensus_estimate_net_zero_before_2085""}",consensus_exact_step2,c444a6eac0c7b6cd317bc71d70e09e8e9d8b0a57308ceb8b4c11921129cc5ae1
G|LP0289|ConsensusExact|step2|attempt_1,G-d9ea4714ec05aabcd27677298f5353ba91f2a76e,G,target,LP0289,Consensus,consensus_exact_step2_estimate,1,google/gemma-4-31B-it,27e650071e4f993172ff50cb2ef2346d02ba2419ae07b847a82db41b7c5e1407,ec9f25e6b68d12ca6182161cdc389e0da99a8cff29c47b015f1d07a6633e4cf0,consensus_benchmark_exact_v1,prompt_compiler_v2_split_g_f,534395113,pending,Q001,"{""Q001"": ""consensus_estimate_net_zero_before_2085""}",consensus_exact_step2,c444a6eac0c7b6cd317bc71d70e09e8e9d8b0a57308ceb8b4c11921129cc5ae1
G|LP0290|ConsensusExact|step2|attempt_1,G-02fc7d9bd2f28ef61c6854491eb98575d6587979,G,target,LP0290,Consensus,consensus_exact_step2_estimate,1,google/gemma-4-31B-it,2145d978621d4a14d7f61f3c243fb75b2de67db8281779a447366a76d8762b1b,ec9f25e6b68d12ca6182161cdc389e0da99a8cff29c47b015f1d07a6633e4cf0,consensus_benchmark_exact_v1,prompt_compiler_v2_split_g_f,1491831341,pending,Q001,"{""Q001"": ""consensus_estimate_net_zero_before_2085""}",consensus_exact_step2,c444a6eac0c7b6cd317bc71d70e09e8e9d8b0a57308ceb8b4c11921129cc5ae1
G|LP0291|ConsensusExact|step2|attempt_1,G-3f1a16ff9fd8169a05a970ebf203d06042af4ae3,G,target,LP0291,Consensus,consensus_exact_step2_estimate,1,google/gemma-4-31B-it,873c96abc525d9362552998b7575673deb1fc0af7b707c878c91475ef3fb6653,ec9f25e6b68d12ca6182161cdc389e0da99a8cff29c47b015f1d07a6633e4cf0,consensus_benchmark_exact_v1,prompt_compiler_v2_split_g_f,504120474,pending,Q001,"{""Q001"": ""consensus_estimate_net_zero_before_2085""}",consensus_exact_step2,c444a6eac0c7b6cd317bc71d70e09e8e9d8b0a57308ceb8b4c11921129cc5ae1
G|LP0292|ConsensusExact|step2|attempt_1,G-23ac8a932bcc86dc15549f058f3364f223f65a4f,G,target,LP0292,Consensus,consensus_exact_step2_estimate,1,google/gemma-4-31B-it,5e957dadb6b991f22bfe1231293cc377efa7a2217203a4532803c90598cff1f2,ec9f25e6b68d12ca6182161cdc389e0da99a8cff29c47b015f1d07a6633e4cf0,consensus_benchmark_exact_v1,prompt_compiler_v2_split_g_f,1931844610,pending,Q001,"{""Q001"": ""consensus_estimate_net_zero_before_2085""}",consensus_exact_step2,c444a6eac0c7b6cd317bc71d70e09e8e9d8b0a57308ceb8b4c11921129cc5ae1
G|LP0293|ConsensusExact|step2|attempt_1,G-d3d8531ce333464dfefd663c1a09a729a26cb639,G,target,LP0293,Consensus,consensus_exact_step2_estimate,1,google/gemma-4-31B-it,6c47552a04c6fca6ee48edb7f360634d075103209323902cbe306bc71dc1a543,ec9f25e6b68d12ca6182161cdc389e0da99a8cff29c47b015f1d07a6633e4cf0,consensus_benchmark_exact_v1,prompt_compiler_v2_split_g_f,182709386,pending,Q001,"{""Q001"": ""consensus_estimate_net_zero_before_2085""}",consensus_exact_step2,c444a6eac0c7b6cd317bc71d70e09e8e9d8b0a57308ceb8b4c11921129cc5ae1
G|LP0294|ConsensusExact|step2|attempt_1,G-1aa64c7d58e5dde367d48bee6d9c1b6087fc0f1b,G,target,LP0294,Consensus,consensus_exact_step2_estimate,1,google/gemma-4-31B-it,d21adb6d580c25cb5606668c21ac050ac7d092390fcfde3eeb44cb57a7a2bd4c,ec9f25e6b68d12ca6182161cdc389e0da99a8cff29c47b015f1d07a6633e4cf0,consensus_benchmark_exact_v1,prompt_compiler_v2_split_g_f,238188254,pending,Q001,"{""Q001"": ""consensus_estimate_net_zero_before_2085""}",consensus_exact_step2,c444a6eac0c7b6cd317bc71d70e09e8e9d8b0a57308ceb8b4c11921129cc5ae1
G|LP0295|ConsensusExact|step2|attempt_1,G-a0fd8b89977d89ec28e78845955eea6f630b0fdb,G,target,LP0295,Consensus,consensus_exact_step2_estimate,1,google/gemma-4-31B-it,f9d25b55cbd794e241d8c89dabfd2ddc167206cab21c9fc12636aefed21804e5,ec9f25e6b68d12ca6182161cdc389e0da99a8cff29c47b015f1d07a6633e4cf0,consensus_benchmark_exact_v1,prompt_compiler_v2_split_g_f,1501077761,pending,Q001,"{""Q001"": ""consensus_estimate_net_zero_before_2085""}",consensus_exact_step2,c444a6eac0c7b6cd317bc71d70e09e8e9d8b0a57308ceb8b4c11921129cc5ae1
G|LP0296|ConsensusExact|step2|attempt_1,G-2a18dacab4b3b25e6f2e7bacc831b5a8cef6652d,G,target,LP0296,Consensus,consensus_exact_step2_estimate,1,google/gemma-4-31B-it,91cea6e896a92cf4ec748a263fc6aaad70edb3edb78669c415f978315400e220,ec9f25e6b68d12ca6182161cdc389e0da99a8cff29c47b015f1d07a6633e4cf0,consensus_benchmark_exact_v1,prompt_compiler_v2_split_g_f,149252084,pending,Q001,"{""Q001"": ""consensus_estimate_net_zero_before_2085""}",consensus_exact_step2,c444a6eac0c7b6cd317bc71d70e09e8e9d8b0a57308ceb8b4c11921129cc5ae1
G|LP0297|ConsensusExact|step2|attempt_1,G-54f93d472f89d17965c3ec256d3b0b1ff56e482b,G,target,LP0297,Consensus,consensus_exact_step2_estimate,1,google/gemma-4-31B-it,b0d2793ed0a6fc2cecc572bb88cedc75d277717b688f95729d7c5eeec3c1dd7c,ec9f25e6b68d12ca6182161cdc389e0da99a8cff29c47b015f1d07a6633e4cf0,consensus_benchmark_exact_v1,prompt_compiler_v2_split_g_f,1501318152,pending,Q001,"{""Q001"": ""consensus_estimate_net_zero_before_2085""}",consensus_exact_step2,c444a6eac0c7b6cd317bc71d70e09e8e9d8b0a57308ceb8b4c11921129cc5ae1
G|LP0298|ConsensusExact|step2|attempt_1,G-2b76f7536932ff98eea2b883851067bc430d3891,G,target,LP0298,Consensus,consensus_exact_step2_estimate,1,google/gemma-4-31B-it,2487e3f69be201dac03763583f188d5eba373938ad21223ceb027d45eebe07e2,ec9f25e6b68d12ca6182161cdc389e0da99a8cff29c47b015f1d07a6633e4cf0,consensus_benchmark_exact_v1,prompt_compiler_v2_split_g_f,1075899967,pending,Q001,"{""Q001"": ""consensus_estimate_net_zero_before_2085""}",consensus_exact_step2,c444a6eac0c7b6cd317bc71d70e09e8e9d8b0a57308ceb8b4c11921129cc5ae1
G|LP0299|ConsensusExact|step2|attempt_1,G-88a22e8c3114a28ca4244e85128e789100e7da71,G,target,LP0299,Consensus,consensus_exact_step2_estimate,1,google/gemma-4-31B-it,b94dafe6b8f8017e5a00b2d39b9c02143795cab09c8cae4d2e2852982cce1cc3,ec9f25e6b68d12ca6182161cdc389e0da99a8cff29c47b015f1d07a6633e4cf0,consensus_benchmark_exact_v1,prompt_compiler_v2_split_g_f,1113128870,pending,Q001,"{""Q001"": ""consensus_estimate_net_zero_before_2085""}",consensus_exact_step2,c444a6eac0c7b6cd317bc71d70e09e8e9d8b0a57308ceb8b4c11921129cc5ae1
G|LP0300|ConsensusExact|step2|attempt_1,G-4b84a690e3ec067c642e8fabe435ff71008e1e34,G,target,LP0300,Consensus,consensus_exact_step2_estimate,1,google/gemma-4-31B-it,4c29154a6b554a5560efcd2e02302452be1362fb351b8d18132b58f4eebcb804,ec9f25e6b68d12ca6182161cdc389e0da99a8cff29c47b015f1d07a6633e4cf0,consensus_benchmark_exact_v1,prompt_compiler_v2_split_g_f,2062898078,pending,Q001,"{""Q001"": ""consensus_estimate_net_zero_before_2085""}",consensus_exact_step2,c444a6eac0c7b6cd317bc71d70e09e8e9d8b0a57308ceb8b4c11921129cc5ae1
G|LP0301|ConsensusExact|step2|attempt_1,G-9f182747bddd32e30e44be7ff1147ab972a12328,G,target,LP0301,Consensus,consensus_exact_step2_estimate,1,google/gemma-4-31B-it,3068bd3f3b6695c2d595c4fcfa6cd5e539b81ba0d5c03b3aa9097106a8d6e3d9,ec9f25e6b68d12ca6182161cdc389e0da99a8cff29c47b015f1d07a6633e4cf0,consensus_benchmark_exact_v1,prompt_compiler_v2_split_g_f,2081259892,pending,Q001,"{""Q001"": ""consensus_estimate_net_zero_before_2085""}",consensus_exact_step2,c444a6eac0c7b6cd317bc71d70e09e8e9d8b0a57308ceb8b4c11921129cc5ae1
G|LP0302|ConsensusExact|step2|attempt_1,G-93ab006a6aac40952f95e037582c0cb576379c16,G,target,LP0302,Consensus,consensus_exact_step2_estimate,1,google/gemma-4-31B-it,b861a190b7ec037a504aacfcaa6469133d7b02fad42e17c41054e6364cb70c31,ec9f25e6b68d12ca6182161cdc389e0da99a8cff29c47b015f1d07a6633e4cf0,consensus_benchmark_exact_v1,prompt_compiler_v2_split_g_f,302137708,pending,Q001,"{""Q001"": ""consensus_estimate_net_zero_before_2085""}",consensus_exact_step2,c444a6eac0c7b6cd317bc71d70e09e8e9d8b0a57308ceb8b4c11921129cc5ae1
G|LP0303|ConsensusExact|step2|attempt_1,G-6d2f87d0d4783a1bf38756d02ff1edc34b1b9726,G,target,LP0303,Consensus,consensus_exact_step2_estimate,1,google/gemma-4-31B-it,f3143d79d79ae59f0c88f922f3a022faede54de79f6637bc44082cf1a9b6d0e1,ec9f25e6b68d12ca6182161cdc389e0da99a8cff29c47b015f1d07a6633e4cf0,consensus_benchmark_exact_v1,prompt_compiler_v2_split_g_f,785861054,pending,Q001,"{""Q001"": ""consensus_estimate_net_zero_before_2085""}",consensus_exact_step2,c444a6eac0c7b6cd317bc71d70e09e8e9d8b0a57308ceb8b4c11921129cc5ae1
G|LP0304|ConsensusExact|step2|attempt_1,G-907832656769cca204f59f3daa9c5afc9e4b70bb,G,target,LP0304,Consensus,consensus_exact_step2_estimate,1,google/gemma-4-31B-it,8fb06c5911f506e4b0b7eb4a8c4346381da3eae1ead6970f4b9e4ce80d1dbd9f,ec9f25e6b68d12ca6182161cdc389e0da99a8cff29c47b015f1d07a6633e4cf0,consensus_benchmark_exact_v1,prompt_compiler_v2_split_g_f,140128623,pending,Q001,"{""Q001"": ""consensus_estimate_net_zero_before_2085""}",consensus_exact_step2,c444a6eac0c7b6cd317bc71d70e09e8e9d8b0a57308ceb8b4c11921129cc5ae1
G|LP0305|ConsensusExact|step2|attempt_1,G-b4f0e51c1dfceafcad617c337bd12c2bbd7d3578,G,target,LP0305,Consensus,consensus_exact_step2_estimate,1,google/gemma-4-31B-it,e77190b59c74d949f48f38978cf5fe3a876d424afad21758971120eeac724e5c,ec9f25e6b68d12ca6182161cdc389e0da99a8cff29c47b015f1d07a6633e4cf0,consensus_benchmark_exact_v1,prompt_compiler_v2_split_g_f,132035895,pending,Q001,"{""Q001"": ""consensus_estimate_net_zero_before_2085""}",consensus_exact_step2,c444a6eac0c7b6cd317bc71d70e09e8e9d8b0a57308ceb8b4c11921129cc5ae1
G|LP0306|ConsensusExact|step2|attempt_1,G-b857a92890740872513a53a61d459e6c3babc0d3,G,target,LP0306,Consensus,consensus_exact_step2_estimate,1,google/gemma-4-31B-it,5245312f9d5b35070f2fa79265c3e9040c2286958fa2457ba9c4c58c4be156bb,ec9f25e6b68d12ca6182161cdc389e0da99a8cff29c47b015f1d07a6633e4cf0,consensus_benchmark_exact_v1,prompt_compiler_v2_split_g_f,19094214,pending,Q001,"{""Q001"": ""consensus_estimate_net_zero_before_2085""}",consensus_exact_step2,c444a6eac0c7b6cd317bc71d70e09e8e9d8b0a57308ceb8b4c11921129cc5ae1
G|LP0307|ConsensusExact|step2|attempt_1,G-0d0dcbb36b2c2e72bf7bd5fce0ad5ea65f4dda9c,G,target,LP0307,Consensus,consensus_exact_step2_estimate,1,google/gemma-4-31B-it,e7183fc9dace79d92d076e8997f3d960781af482a25e11517a7b1f6c09238489,ec9f25e6b68d12ca6182161cdc389e0da99a8cff29c47b015f1d07a6633e4cf0,consensus_benchmark_exact_v1,prompt_compiler_v2_split_g_f,88589785,pending,Q001,"{""Q001"": ""consensus_estimate_net_zero_before_2085""}",consensus_exact_step2,c444a6eac0c7b6cd317bc71d70e09e8e9d8b0a57308ceb8b4c11921129cc5ae1
G|LP0308|ConsensusExact|step2|attempt_1,G-7052eb8f8938e03c543e3a38858af2dc8c2fa363,G,target,LP0308,Consensus,consensus_exact_step2_estimate,1,google/gemma-4-31B-it,a74e8c05fc0dc6d7a0a3f5a498e6968f7f1990e2fefb89071700538df31f88be,ec9f25e6b68d12ca6182161cdc389e0da99a8cff29c47b015f1d07a6633e4cf0,consensus_benchmark_exact_v1,prompt_compiler_v2_split_g_f,1776203612,pending,Q001,"{""Q001"": ""consensus_estimate_net_zero_before_2085""}",consensus_exact_step2,c444a6eac0c7b6cd317bc71d70e09e8e9d8b0a57308ceb8b4c11921129cc5ae1
G|LP0309|ConsensusExact|step2|attempt_1,G-e1859415e78e2837a40bb65ceacde4295ecdf0d7,G,target,LP0309,Consensus,consensus_exact_step2_estimate,1,google/gemma-4-31B-it,49b6647465bbaa147ee5ba72ffdba600b5a6017d6274d872e312d1f8c7cfc121,ec9f25e6b68d12ca6182161cdc389e0da99a8cff29c47b015f1d07a6633e4cf0,consensus_benchmark_exact_v1,prompt_compiler_v2_split_g_f,714690662,pending,Q001,"{""Q001"": ""consensus_estimate_net_zero_before_2085""}",consensus_exact_step2,c444a6eac0c7b6cd317bc71d70e09e8e9d8b0a57308ceb8b4c11921129cc5ae1
G|LP0310|ConsensusExact|step2|attempt_1,G-d79587a00ef266adffda1483d1183c43caa6c315,G,target,LP0310,Consensus,consensus_exact_step2_estimate,1,google/gemma-4-31B-it,8f71e9fac6a7fcf88bdd1edd74c6e6a7e0a150bad57270ff1b596cfa7e8baa7d,ec9f25e6b68d12ca6182161cdc389e0da99a8cff29c47b015f1d07a6633e4cf0,consensus_benchmark_exact_v1,prompt_compiler_v2_split_g_f,1042118128,pending,Q001,"{""Q001"": ""consensus_estimate_net_zero_before_2085""}",consensus_exact_step2,c444a6eac0c7b6cd317bc71d70e09e8e9d8b0a57308ceb8b4c11921129cc5ae1
G|LP0311|ConsensusExact|step2|attempt_1,G-6045c585ca3b7a44708b74c73bb6cfa1476cd911,G,target,LP0311,Consensus,consensus_exact_step2_estimate,1,google/gemma-4-31B-it,2e66a082c13508c6efd3b6ef129224f323dd3cf44fd01baaa4ca7af03a2bab2e,ec9f25e6b68d12ca6182161cdc389e0da99a8cff29c47b015f1d07a6633e4cf0,consensus_benchmark_exact_v1,prompt_compiler_v2_split_g_f,180815185,pending,Q001,"{""Q001"": ""consensus_estimate_net_zero_before_2085""}",consensus_exact_step2,c444a6eac0c7b6cd317bc71d70e09e8e9d8b0a57308ceb8b4c11921129cc5ae1
G|LP0312|ConsensusExact|step2|attempt_1,G-b19167d2a6b08415cc6b6f9904abb004cfe15124,G,target,LP0312,Consensus,consensus_exact_step2_estimate,1,google/gemma-4-31B-it,17206bd3942f24c21f41e0acf23963bcf2ccfd6931af6afd6eef90c3ad236ede,ec9f25e6b68d12ca6182161cdc389e0da99a8cff29c47b015f1d07a6633e4cf0,consensus_benchmark_exact_v1,prompt_compiler_v2_split_g_f,164844477,pending,Q001,"{""Q001"": ""consensus_estimate_net_zero_before_2085""}",consensus_exact_step2,c444a6eac0c7b6cd317bc71d70e09e8e9d8b0a57308ceb8b4c11921129cc5ae1
G|LP0313|ConsensusExact|step2|attempt_1,G-10b86d81d479787861dbf354d158b7bbe54dd7fd,G,target,LP0313,Consensus,consensus_exact_step2_estimate,1,google/gemma-4-31B-it,c0464b5b3cec73078abb2579dde79d120042f754bbaf22fb4d6c0573f560ae53,ec9f25e6b68d12ca6182161cdc389e0da99a8cff29c47b015f1d07a6633e4cf0,consensus_benchmark_exact_v1,prompt_compiler_v2_split_g_f,1978291067,pending,Q001,"{""Q001"": ""consensus_estimate_net_zero_before_2085""}",consensus_exact_step2,c444a6eac0c7b6cd317bc71d70e09e8e9d8b0a57308ceb8b4c11921129cc5ae1
G|LP0314|ConsensusExact|step2|attempt_1,G-a4e20fecf72ca09e88891c2076903a604fb783fa,G,target,LP0314,Consensus,consensus_exact_step2_estimate,1,google/gemma-4-31B-it,9d6051e441fae3f25dec3396eb8103536308a82f9f584327ff72a6038e17ca12,ec9f25e6b68d12ca6182161cdc389e0da99a8cff29c47b015f1d07a6633e4cf0,consensus_benchmark_exact_v1,prompt_compiler_v2_split_g_f,1089519738,pending,Q001,"{""Q001"": ""consensus_estimate_net_zero_before_2085""}",consensus_exact_step2,c444a6eac0c7b6cd317bc71d70e09e8e9d8b0a57308ceb8b4c11921129cc5ae1
G|LP0315|ConsensusExact|step2|attempt_1,G-67deabae9effd972211d25687fafbf22b8aa434c,G,target,LP0315,Consensus,consensus_exact_step2_estimate,1,google/gemma-4-31B-it,60f96654d7e5d0374282b22f678ae035d3861899b6032585ad9f99fef9b71444,ec9f25e6b68d12ca6182161cdc389e0da99a8cff29c47b015f1d07a6633e4cf0,consensus_benchmark_exact_v1,prompt_compiler_v2_split_g_f,1857892560,pending,Q001,"{""Q001"": ""consensus_estimate_net_zero_before_2085""}",consensus_exact_step2,c444a6eac0c7b6cd317bc71d70e09e8e9d8b0a57308ceb8b4c11921129cc5ae1
G|LP0316|ConsensusExact|step2|attempt_1,G-c41073f1a009bd5a8daae7aec2f0500cd47d8496,G,target,LP0316,Consensus,consensus_exact_step2_estimate,1,google/gemma-4-31B-it,fbe5c17b3b7059b0f916118c861c6daee5b8eeb86bd74792bd5f035271f7c99d,ec9f25e6b68d12ca6182161cdc389e0da99a8cff29c47b015f1d07a6633e4cf0,consensus_benchmark_exact_v1,prompt_compiler_v2_split_g_f,673883456,pending,Q001,"{""Q001"": ""consensus_estimate_net_zero_before_2085""}",consensus_exact_step2,c444a6eac0c7b6cd317bc71d70e09e8e9d8b0a57308ceb8b4c11921129cc5ae1
G|LP0317|ConsensusExact|step2|attempt_1,G-9450fe3d0da86a608d7624773fcb78d813329c7a,G,target,LP0317,Consensus,consensus_exact_step2_estimate,1,google/gemma-4-31B-it,080769db4707107ca460681a8521eb5af8fb355558f23ba919f27bddb52ba3cd,ec9f25e6b68d12ca6182161cdc389e0da99a8cff29c47b015f1d07a6633e4cf0,consensus_benchmark_exact_v1,prompt_compiler_v2_split_g_f,910845660,pending,Q001,"{""Q001"": ""consensus_estimate_net_zero_before_2085""}",consensus_exact_step2,c444a6eac0c7b6cd317bc71d70e09e8e9d8b0a57308ceb8b4c11921129cc5ae1
G|LP0318|ConsensusExact|step2|attempt_1,G-5ac045c15b8e9c99b9acb55da325a065f1295e04,G,target,LP0318,Consensus,consensus_exact_step2_estimate,1,google/gemma-4-31B-it,342a17566a92151b1ea96430e69fc8cdf7958f3e3d136f6eedcc677dac72fc5a,ec9f25e6b68d12ca6182161cdc389e0da99a8cff29c47b015f1d07a6633e4cf0,consensus_benchmark_exact_v1,prompt_compiler_v2_split_g_f,286205981,pending,Q001,"{""Q001"": ""consensus_estimate_net_zero_before_2085""}",consensus_exact_step2,c444a6eac0c7b6cd317bc71d70e09e8e9d8b0a57308ceb8b4c11921129cc5ae1
G|LP0319|ConsensusExact|step2|attempt_1,G-8e29b111ab2c38822adb621d87cb1379c7da9d3c,G,target,LP0319,Consensus,consensus_exact_step2_estimate,1,google/gemma-4-31B-it,d35b81f732ec4645b2e676492933b9818f9de9b3fbd1a23b93937159e6bbe795,ec9f25e6b68d12ca6182161cdc389e0da99a8cff29c47b015f1d07a6633e4cf0,consensus_benchmark_exact_v1,prompt_compiler_v2_split_g_f,1199544999,pending,Q001,"{""Q001"": ""consensus_estimate_net_zero_before_2085""}",consensus_exact_step2,c444a6eac0c7b6cd317bc71d70e09e8e9d8b0a57308ceb8b4c11921129cc5ae1
G|LP0320|ConsensusExact|step2|attempt_1,G-a7148ba4f99f42ed7ae87ce81ecfbefb409a2eaa,G,target,LP0320,Consensus,consensus_exact_step2_estimate,1,google/gemma-4-31B-it,307a716f60393603556b8a2fc0feb522ec57fac587a81a78ff4866218ac6b7bd,ec9f25e6b68d12ca6182161cdc389e0da99a8cff29c47b015f1d07a6633e4cf0,consensus_benchmark_exact_v1,prompt_compiler_v2_split_g_f,1204312633,pending,Q001,"{""Q001"": ""consensus_estimate_net_zero_before_2085""}",consensus_exact_step2,c444a6eac0c7b6cd317bc71d70e09e8e9d8b0a57308ceb8b4c11921129cc5ae1
G|LP0321|ConsensusExact|step2|attempt_1,G-a738636b743d10fa516c276efa5e4bafc112912a,G,target,LP0321,Consensus,consensus_exact_step2_estimate,1,google/gemma-4-31B-it,747b3ccee37d56e2558df704fe2b8997921d5051e55a11b1e2468cdadc79bf55,ec9f25e6b68d12ca6182161cdc389e0da99a8cff29c47b015f1d07a6633e4cf0,consensus_benchmark_exact_v1,prompt_compiler_v2_split_g_f,1118689235,pending,Q001,"{""Q001"": ""consensus_estimate_net_zero_before_2085""}",consensus_exact_step2,c444a6eac0c7b6cd317bc71d70e09e8e9d8b0a57308ceb8b4c11921129cc5ae1
G|LP0322|ConsensusExact|step2|attempt_1,G-1323b076f1359fa4a8ac10665f79151fc5284f95,G,target,LP0322,Consensus,consensus_exact_step2_estimate,1,google/gemma-4-31B-it,e5676354ff48c57b16e3ca6de0b625cabae0e6333fc1e6581990a65ed69dd13e,ec9f25e6b68d12ca6182161cdc389e0da99a8cff29c47b015f1d07a6633e4cf0,consensus_benchmark_exact_v1,prompt_compiler_v2_split_g_f,394068114,pending,Q001,"{""Q001"": ""consensus_estimate_net_zero_before_2085""}",consensus_exact_step2,c444a6eac0c7b6cd317bc71d70e09e8e9d8b0a57308ceb8b4c11921129cc5ae1
G|LP0323|ConsensusExact|step2|attempt_1,G-ddcb92ec88add798675eae6ecad86c17c0745f6d,G,target,LP0323,Consensus,consensus_exact_step2_estimate,1,google/gemma-4-31B-it,334905d6f42384191d0f11d9d001ca3968ce8c26e435dd28bbc7bb6827abc67f,ec9f25e6b68d12ca6182161cdc389e0da99a8cff29c47b015f1d07a6633e4cf0,consensus_benchmark_exact_v1,prompt_compiler_v2_split_g_f,1145372020,pending,Q001,"{""Q001"": ""consensus_estimate_net_zero_before_2085""}",consensus_exact_step2,c444a6eac0c7b6cd317bc71d70e09e8e9d8b0a57308ceb8b4c11921129cc5ae1
G|LP0324|ConsensusExact|step2|attempt_1,G-b7b36d4fc489c86691c07d268bd3757807251ad8,G,target,LP0324,Consensus,consensus_exact_step2_estimate,1,google/gemma-4-31B-it,66d5c296eb7900dd64a4bdc6bd1d87c3f623db4de5165f84e0b22ce225f1aa6b,ec9f25e6b68d12ca6182161cdc389e0da99a8cff29c47b015f1d07a6633e4cf0,consensus_benchmark_exact_v1,prompt_compiler_v2_split_g_f,871408392,pending,Q001,"{""Q001"": ""consensus_estimate_net_zero_before_2085""}",consensus_exact_step2,c444a6eac0c7b6cd317bc71d70e09e8e9d8b0a57308ceb8b4c11921129cc5ae1
G|LP0325|ConsensusExact|step2|attempt_1,G-f082f8d76f2432bbbcac100442fd931131b30bb5,G,target,LP0325,Consensus,consensus_exact_step2_estimate,1,google/gemma-4-31B-it,3d158ba7bfd63520e4365c47a7aadcec606cebb89b741263f2f0e022b80ae62c,ec9f25e6b68d12ca6182161cdc389e0da99a8cff29c47b015f1d07a6633e4cf0,consensus_benchmark_exact_v1,prompt_compiler_v2_split_g_f,1344939117,pending,Q001,"{""Q001"": ""consensus_estimate_net_zero_before_2085""}",consensus_exact_step2,c444a6eac0c7b6cd317bc71d70e09e8e9d8b0a57308ceb8b4c11921129cc5ae1
G|LP0326|ConsensusExact|step2|attempt_1,G-88588c1c6610f9fad09ac973d326ab2013663e21,G,target,LP0326,Consensus,consensus_exact_step2_estimate,1,google/gemma-4-31B-it,b77f434b4c55eb3018aaca788b7e7c10bbc6c5fdf3498e9c83fdc0c9df00c584,ec9f25e6b68d12ca6182161cdc389e0da99a8cff29c47b015f1d07a6633e4cf0,consensus_benchmark_exact_v1,prompt_compiler_v2_split_g_f,1992430132,pending,Q001,"{""Q001"": ""consensus_estimate_net_zero_before_2085""}",consensus_exact_step2,c444a6eac0c7b6cd317bc71d70e09e8e9d8b0a57308ceb8b4c11921129cc5ae1
G|LP0327|ConsensusExact|step2|attempt_1,G-932d4f3bfec31dd58aa38ac6d71f6d251b59851c,G,target,LP0327,Consensus,consensus_exact_step2_estimate,1,google/gemma-4-31B-it,09e80291beed0d8d151269e4a5a386c4759dcc618ff61d7dad747376b24fffcb,ec9f25e6b68d12ca6182161cdc389e0da99a8cff29c47b015f1d07a6633e4cf0,consensus_benchmark_exact_v1,prompt_compiler_v2_split_g_f,622705743,pending,Q001,"{""Q001"": ""consensus_estimate_net_zero_before_2085""}",consensus_exact_step2,c444a6eac0c7b6cd317bc71d70e09e8e9d8b0a57308ceb8b4c11921129cc5ae1
G|LP0328|ConsensusExact|step2|attempt_1,G-121f2a77d82533cae8ccec2edc53dd367536aa6f,G,target,LP0328,Consensus,consensus_exact_step2_estimate,1,google/gemma-4-31B-it,50ea80e625db6a42c2f393da0d1796adf7e3dcd9e977a790495310af5932272f,ec9f25e6b68d12ca6182161cdc389e0da99a8cff29c47b015f1d07a6633e4cf0,consensus_benchmark_exact_v1,prompt_compiler_v2_split_g_f,2086897849,pending,Q001,"{""Q001"": ""consensus_estimate_net_zero_before_2085""}",consensus_exact_step2,c444a6eac0c7b6cd317bc71d70e09e8e9d8b0a57308ceb8b4c11921129cc5ae1
G|LP0329|ConsensusExact|step2|attempt_1,G-0489cdc96a9dac9129cfce5dd4ea390a61e35932,G,target,LP0329,Consensus,consensus_exact_step2_estimate,1,google/gemma-4-31B-it,2fbe9c2b22cd12b62cf44fd780d66c18035d47ed6d9a295a7956a32542785c22,ec9f25e6b68d12ca6182161cdc389e0da99a8cff29c47b015f1d07a6633e4cf0,consensus_benchmark_exact_v1,prompt_compiler_v2_split_g_f,1940998179,pending,Q001,"{""Q001"": ""consensus_estimate_net_zero_before_2085""}",consensus_exact_step2,c444a6eac0c7b6cd317bc71d70e09e8e9d8b0a57308ceb8b4c11921129cc5ae1
G|LP0330|ConsensusExact|step2|attempt_1,G-e014c50ccd70ed5103b9af0e6ac4f1907eacc16e,G,target,LP0330,Consensus,consensus_exact_step2_estimate,1,google/gemma-4-31B-it,dc2d1f9b996122f1b07d29409d70c6c31a335307079eeb18897b57ad50387a36,ec9f25e6b68d12ca6182161cdc389e0da99a8cff29c47b015f1d07a6633e4cf0,consensus_benchmark_exact_v1,prompt_compiler_v2_split_g_f,228226926,pending,Q001,"{""Q001"": ""consensus_estimate_net_zero_before_2085""}",consensus_exact_step2,c444a6eac0c7b6cd317bc71d70e09e8e9d8b0a57308ceb8b4c11921129cc5ae1
G|LP0331|ConsensusExact|step2|attempt_1,G-5634bb8622d8f9a8510a4a560ce72652948d709f,G,target,LP0331,Consensus,consensus_exact_step2_estimate,1,google/gemma-4-31B-it,c5bfb1055bd33f1ff4a8f2b055e6787258a9fad303fcb22edfc267fb2e92f9e5,ec9f25e6b68d12ca6182161cdc389e0da99a8cff29c47b015f1d07a6633e4cf0,consensus_benchmark_exact_v1,prompt_compiler_v2_split_g_f,1329754293,pending,Q001,"{""Q001"": ""consensus_estimate_net_zero_before_2085""}",consensus_exact_step2,c444a6eac0c7b6cd317bc71d70e09e8e9d8b0a57308ceb8b4c11921129cc5ae1
G|LP0332|ConsensusExact|step2|attempt_1,G-1a28200eee021c5ef8e849234d86500d868672de,G,target,LP0332,Consensus,consensus_exact_step2_estimate,1,google/gemma-4-31B-it,e3cc4a36a3ff913d31840d40ef879cc40740197fe2867e4ffcb30d0d2d066356,ec9f25e6b68d12ca6182161cdc389e0da99a8cff29c47b015f1d07a6633e4cf0,consensus_benchmark_exact_v1,prompt_compiler_v2_split_g_f,575822972,pending,Q001,"{""Q001"": ""consensus_estimate_net_zero_before_2085""}",consensus_exact_step2,c444a6eac0c7b6cd317bc71d70e09e8e9d8b0a57308ceb8b4c11921129cc5ae1
G|LP0333|ConsensusExact|step2|attempt_1,G-d4be819e66db69785080c23da73eb2f1ed7bffe3,G,target,LP0333,Consensus,consensus_exact_step2_estimate,1,google/gemma-4-31B-it,92dd348f5b95ba414f15fc8c47026e6a86e667fb006ff11b8065669513fd5905,ec9f25e6b68d12ca6182161cdc389e0da99a8cff29c47b015f1d07a6633e4cf0,consensus_benchmark_exact_v1,prompt_compiler_v2_split_g_f,274230456,pending,Q001,"{""Q001"": ""consensus_estimate_net_zero_before_2085""}",consensus_exact_step2,c444a6eac0c7b6cd317bc71d70e09e8e9d8b0a57308ceb8b4c11921129cc5ae1
G|LP0334|ConsensusExact|step2|attempt_1,G-23afacb43648000a96daea0715b623a123b5d61d,G,target,LP0334,Consensus,consensus_exact_step2_estimate,1,google/gemma-4-31B-it,377e99212a3c873d9ab9e8060977c6e5096d3ab5d87cf6d9e27d43ab1d9dbfa2,ec9f25e6b68d12ca6182161cdc389e0da99a8cff29c47b015f1d07a6633e4cf0,consensus_benchmark_exact_v1,prompt_compiler_v2_split_g_f,2108119410,pending,Q001,"{""Q001"": ""consensus_estimate_net_zero_before_2085""}",consensus_exact_step2,c444a6eac0c7b6cd317bc71d70e09e8e9d8b0a57308ceb8b4c11921129cc5ae1
G|LP0335|ConsensusExact|step2|attempt_1,G-6d762653bf1375e0f9901bc4e76ec971fd569a3c,G,target,LP0335,Consensus,consensus_exact_step2_estimate,1,google/gemma-4-31B-it,ae40861f7c04ccdf7aeaa882e0838ef55a7632d65be793e9665bf64f7fccc035,ec9f25e6b68d12ca6182161cdc389e0da99a8cff29c47b015f1d07a6633e4cf0,consensus_benchmark_exact_v1,prompt_compiler_v2_split_g_f,436191881,pending,Q001,"{""Q001"": ""consensus_estimate_net_zero_before_2085""}",consensus_exact_step2,c444a6eac0c7b6cd317bc71d70e09e8e9d8b0a57308ceb8b4c11921129cc5ae1
G|LP0336|ConsensusExact|step2|attempt_1,G-41423e73ad27115c3a018108e7e9a6158a6d6695,G,target,LP0336,Consensus,consensus_exact_step2_estimate,1,google/gemma-4-31B-it,3ab2d41d37374780a24ab982dfdd515210f677e5ea2792b992cbc99a9834a70f,ec9f25e6b68d12ca6182161cdc389e0da99a8cff29c47b015f1d07a6633e4cf0,consensus_benchmark_exact_v1,prompt_compiler_v2_split_g_f,799772228,pending,Q001,"{""Q001"": ""consensus_estimate_net_zero_before_2085""}",consensus_exact_step2,c444a6eac0c7b6cd317bc71d70e09e8e9d8b0a57308ceb8b4c11921129cc5ae1
G|LP0337|ConsensusExact|step2|attempt_1,G-a94a42d879cf69f10edbad68f7db44ff000bc49b,G,target,LP0337,Consensus,consensus_exact_step2_estimate,1,google/gemma-4-31B-it,ec9382c9567f0ecc02a0e79b1ae4c440b4a3537b0eb06d575ecd0040fdef7c28,ec9f25e6b68d12ca6182161cdc389e0da99a8cff29c47b015f1d07a6633e4cf0,consensus_benchmark_exact_v1,prompt_compiler_v2_split_g_f,1281617828,pending,Q001,"{""Q001"": ""consensus_estimate_net_zero_before_2085""}",consensus_exact_step2,c444a6eac0c7b6cd317bc71d70e09e8e9d8b0a57308ceb8b4c11921129cc5ae1
G|LP0338|ConsensusExact|step2|attempt_1,G-808759afa1c194f717a75b2ed8345d0eb5462b38,G,target,LP0338,Consensus,consensus_exact_step2_estimate,1,google/gemma-4-31B-it,589e274a3f3f137533b1d270a619559a2043ab83fc54e7e2145767a549068041,ec9f25e6b68d12ca6182161cdc389e0da99a8cff29c47b015f1d07a6633e4cf0,consensus_benchmark_exact_v1,prompt_compiler_v2_split_g_f,584075352,pending,Q001,"{""Q001"": ""consensus_estimate_net_zero_before_2085""}",consensus_exact_step2,c444a6eac0c7b6cd317bc71d70e09e8e9d8b0a57308ceb8b4c11921129cc5ae1
G|LP0339|ConsensusExact|step2|attempt_1,G-522737e3b21b823a14c19de0ab8e043fd089d493,G,target,LP0339,Consensus,consensus_exact_step2_estimate,1,google/gemma-4-31B-it,ca10b159e8620940402cfb0b67524c4c7bd32cbfc5849881ddc593bd6f9187ac,ec9f25e6b68d12ca6182161cdc389e0da99a8cff29c47b015f1d07a6633e4cf0,consensus_benchmark_exact_v1,prompt_compiler_v2_split_g_f,1449783810,pending,Q001,"{""Q001"": ""consensus_estimate_net_zero_before_2085""}",consensus_exact_step2,c444a6eac0c7b6cd317bc71d70e09e8e9d8b0a57308ceb8b4c11921129cc5ae1
G|LP0340|ConsensusExact|step2|attempt_1,G-a58e313252bfdd2f21753cb16c0dafde9649892d,G,target,LP0340,Consensus,consensus_exact_step2_estimate,1,google/gemma-4-31B-it,3309d6614e130bb4a63294a16a426707d99962b1c63d8c0a2ad02f22147a2d17,ec9f25e6b68d12ca6182161cdc389e0da99a8cff29c47b015f1d07a6633e4cf0,consensus_benchmark_exact_v1,prompt_compiler_v2_split_g_f,500973462,pending,Q001,"{""Q001"": ""consensus_estimate_net_zero_before_2085""}",consensus_exact_step2,c444a6eac0c7b6cd317bc71d70e09e8e9d8b0a57308ceb8b4c11921129cc5ae1
G|LP0341|ConsensusExact|step2|attempt_1,G-7d3d464a6c9e37864d29b23aa21d56c9eafc2d66,G,target,LP0341,Consensus,consensus_exact_step2_estimate,1,google/gemma-4-31B-it,50ffb5716f77416152967babae53454f5012a2b71386b1668d11f3078ea29bce,ec9f25e6b68d12ca6182161cdc389e0da99a8cff29c47b015f1d07a6633e4cf0,consensus_benchmark_exact_v1,prompt_compiler_v2_split_g_f,1729676316,pending,Q001,"{""Q001"": ""consensus_estimate_net_zero_before_2085""}",consensus_exact_step2,c444a6eac0c7b6cd317bc71d70e09e8e9d8b0a57308ceb8b4c11921129cc5ae1
G|LP0342|ConsensusExact|step2|attempt_1,G-097b9d031b79ec8d9484d51b3bb2a628352126ad,G,target,LP0342,Consensus,consensus_exact_step2_estimate,1,google/gemma-4-31B-it,b741b42b3ba133bdadfbfa0a7a5a1669a52c42678862a59f9e18e943b8c52d94,ec9f25e6b68d12ca6182161cdc389e0da99a8cff29c47b015f1d07a6633e4cf0,consensus_benchmark_exact_v1,prompt_compiler_v2_split_g_f,779167379,pending,Q001,"{""Q001"": ""consensus_estimate_net_zero_before_2085""}",consensus_exact_step2,c444a6eac0c7b6cd317bc71d70e09e8e9d8b0a57308ceb8b4c11921129cc5ae1
G|LP0343|ConsensusExact|step2|attempt_1,G-e3f3cde7d4c17daa1106a8e6ddaa0d2d62dbc2dd,G,target,LP0343,Consensus,consensus_exact_step2_estimate,1,google/gemma-4-31B-it,dc57c2fa8fa1f60e174e6b226b2ec3be481c93d46453a54a98eb1c17e9754b13,ec9f25e6b68d12ca6182161cdc389e0da99a8cff29c47b015f1d07a6633e4cf0,consensus_benchmark_exact_v1,prompt_compiler_v2_split_g_f,480844157,pending,Q001,"{""Q001"": ""consensus_estimate_net_zero_before_2085""}",consensus_exact_step2,c444a6eac0c7b6cd317bc71d70e09e8e9d8b0a57308ceb8b4c11921129cc5ae1
G|LP0344|ConsensusExact|step2|attempt_1,G-7d7f01588b88124c16eb0b4e6d33f0dbbc92351b,G,target,LP0344,Consensus,consensus_exact_step2_estimate,1,google/gemma-4-31B-it,6045214eb34dbacf9d7569181b4105e0cb925ce4a3ddc4761ab950346cd889fd,ec9f25e6b68d12ca6182161cdc389e0da99a8cff29c47b015f1d07a6633e4cf0,consensus_benchmark_exact_v1,prompt_compiler_v2_split_g_f,109450495,pending,Q001,"{""Q001"": ""consensus_estimate_net_zero_before_2085""}",consensus_exact_step2,c444a6eac0c7b6cd317bc71d70e09e8e9d8b0a57308ceb8b4c11921129cc5ae1
G|LP0345|ConsensusExact|step2|attempt_1,G-11167c8514a06d6d67edc989b0e8219e290284ed,G,target,LP0345,Consensus,consensus_exact_step2_estimate,1,google/gemma-4-31B-it,099b24bbf4987139fef982f303c96c238330a3698e2d8073b70f608f085626f5,ec9f25e6b68d12ca6182161cdc389e0da99a8cff29c47b015f1d07a6633e4cf0,consensus_benchmark_exact_v1,prompt_compiler_v2_split_g_f,919430775,pending,Q001,"{""Q001"": ""consensus_estimate_net_zero_before_2085""}",consensus_exact_step2,c444a6eac0c7b6cd317bc71d70e09e8e9d8b0a57308ceb8b4c11921129cc5ae1
G|LP0346|ConsensusExact|step2|attempt_1,G-2a083a43a95a778efc7a9a561d8b329f9b13b3ca,G,target,LP0346,Consensus,consensus_exact_step2_estimate,1,google/gemma-4-31B-it,af4026143d70ec23463d74df0754a4c0ef1d3b62fc5a7813ac87cf6d14fd28a9,ec9f25e6b68d12ca6182161cdc389e0da99a8cff29c47b015f1d07a6633e4cf0,consensus_benchmark_exact_v1,prompt_compiler_v2_split_g_f,2104159253,pending,Q001,"{""Q001"": ""consensus_estimate_net_zero_before_2085""}",consensus_exact_step2,c444a6eac0c7b6cd317bc71d70e09e8e9d8b0a57308ceb8b4c11921129cc5ae1
G|LP0347|ConsensusExact|step2|attempt_1,G-63e12e84cfff3a72b514059f56be3bcba5a8cd95,G,target,LP0347,Consensus,consensus_exact_step2_estimate,1,google/gemma-4-31B-it,438de90e8f53e98b883077aefef24251ce6580cc1dab4231f6367c91dd977f75,ec9f25e6b68d12ca6182161cdc389e0da99a8cff29c47b015f1d07a6633e4cf0,consensus_benchmark_exact_v1,prompt_compiler_v2_split_g_f,398563197,pending,Q001,"{""Q001"": ""consensus_estimate_net_zero_before_2085""}",consensus_exact_step2,c444a6eac0c7b6cd317bc71d70e09e8e9d8b0a57308ceb8b4c11921129cc5ae1
G|LP0348|ConsensusExact|step2|attempt_1,G-66626273e52c4cfbac70bd5fa20f5a956fd3b953,G,target,LP0348,Consensus,consensus_exact_step2_estimate,1,google/gemma-4-31B-it,e56385e20f990502bb6c777d06e267f3691c46e7876fe2c6d9f31aa7dceb0caf,ec9f25e6b68d12ca6182161cdc389e0da99a8cff29c47b015f1d07a6633e4cf0,consensus_benchmark_exact_v1,prompt_compiler_v2_split_g_f,837882340,pending,Q001,"{""Q001"": ""consensus_estimate_net_zero_before_2085""}",consensus_exact_step2,c444a6eac0c7b6cd317bc71d70e09e8e9d8b0a57308ceb8b4c11921129cc5ae1
G|LP0349|ConsensusExact|step2|attempt_1,G-376d14f1ddc45684b44d40dcc705722452d99cee,G,target,LP0349,Consensus,consensus_exact_step2_estimate,1,google/gemma-4-31B-it,e5e7e0335d507716ff0e7aedc6224e320dc4bebd40e795daf897ab550b4688a0,ec9f25e6b68d12ca6182161cdc389e0da99a8cff29c47b015f1d07a6633e4cf0,consensus_benchmark_exact_v1,prompt_compiler_v2_split_g_f,1285455976,pending,Q001,"{""Q001"": ""consensus_estimate_net_zero_before_2085""}",consensus_exact_step2,c444a6eac0c7b6cd317bc71d70e09e8e9d8b0a57308ceb8b4c11921129cc5ae1
G|LP0350|ConsensusExact|step2|attempt_1,G-47d3490a0820914ea2a301f5f70d3cb9fa2b3588,G,target,LP0350,Consensus,consensus_exact_step2_estimate,1,google/gemma-4-31B-it,46f368a5fbc1556cdaba85fb5a47500c9990d304e82d81c023e9faf7a3f15a8e,ec9f25e6b68d12ca6182161cdc389e0da99a8cff29c47b015f1d07a6633e4cf0,consensus_benchmark_exact_v1,prompt_compiler_v2_split_g_f,398926691,pending,Q001,"{""Q001"": ""consensus_estimate_net_zero_before_2085""}",consensus_exact_step2,c444a6eac0c7b6cd317bc71d70e09e8e9d8b0a57308ceb8b4c11921129cc5ae1
G|LP0351|ConsensusExact|step2|attempt_1,G-cf904b125ec9bf028f59bfa54b4261b850d8a918,G,target,LP0351,Consensus,consensus_exact_step2_estimate,1,google/gemma-4-31B-it,52b5a93b1a76a71d275b7978eb0591b454e0b8f56b6b6bb18a48aa8fc0164d0e,ec9f25e6b68d12ca6182161cdc389e0da99a8cff29c47b015f1d07a6633e4cf0,consensus_benchmark_exact_v1,prompt_compiler_v2_split_g_f,2112509225,pending,Q001,"{""Q001"": ""consensus_estimate_net_zero_before_2085""}",consensus_exact_step2,c444a6eac0c7b6cd317bc71d70e09e8e9d8b0a57308ceb8b4c11921129cc5ae1
G|LP0352|ConsensusExact|step2|attempt_1,G-a3fe5a36b5c3d9bd7b15e27b6fb875eeadd77ea4,G,target,LP0352,Consensus,consensus_exact_step2_estimate,1,google/gemma-4-31B-it,d1092f7ec483cf6035cae1a14b18c89fb143f9dfa8a44bbd527a0651172dc767,ec9f25e6b68d12ca6182161cdc389e0da99a8cff29c47b015f1d07a6633e4cf0,consensus_benchmark_exact_v1,prompt_compiler_v2_split_g_f,2109771308,pending,Q001,"{""Q001"": ""consensus_estimate_net_zero_before_2085""}",consensus_exact_step2,c444a6eac0c7b6cd317bc71d70e09e8e9d8b0a57308ceb8b4c11921129cc5ae1
G|LP0353|ConsensusExact|step2|attempt_1,G-3c3627dd7c88d6cb31a02ab6d0a87f9a531da9f9,G,target,LP0353,Consensus,consensus_exact_step2_estimate,1,google/gemma-4-31B-it,8650fc0ee2fe8c91f85115c2c53fa634e9c1f0a8ed081e51ac78c79dd1f614b7,ec9f25e6b68d12ca6182161cdc389e0da99a8cff29c47b015f1d07a6633e4cf0,consensus_benchmark_exact_v1,prompt_compiler_v2_split_g_f,1962223238,pending,Q001,"{""Q001"": ""consensus_estimate_net_zero_before_2085""}",consensus_exact_step2,c444a6eac0c7b6cd317bc71d70e09e8e9d8b0a57308ceb8b4c11921129cc5ae1
G|LP0354|ConsensusExact|step2|attempt_1,G-9cb0d8244c9fd5d6976ca939a2da1f695f03d68b,G,target,LP0354,Consensus,consensus_exact_step2_estimate,1,google/gemma-4-31B-it,d24fbf593ebacd11b50489542214a5a0b14cfca5d8c6598927e5c2ab7c7fa475,ec9f25e6b68d12ca6182161cdc389e0da99a8cff29c47b015f1d07a6633e4cf0,consensus_benchmark_exact_v1,prompt_compiler_v2_split_g_f,100763169,pending,Q001,"{""Q001"": ""consensus_estimate_net_zero_before_2085""}",consensus_exact_step2,c444a6eac0c7b6cd317bc71d70e09e8e9d8b0a57308ceb8b4c11921129cc5ae1
G|LP0355|ConsensusExact|step2|attempt_1,G-e821e3cbc64020c47b431a3c15e98c21fda2ba83,G,target,LP0355,Consensus,consensus_exact_step2_estimate,1,google/gemma-4-31B-it,72680157135c4518c1bcfeda9e49a9847408afa667b48011246f91ae1e69eef3,ec9f25e6b68d12ca6182161cdc389e0da99a8cff29c47b015f1d07a6633e4cf0,consensus_benchmark_exact_v1,prompt_compiler_v2_split_g_f,377743455,pending,Q001,"{""Q001"": ""consensus_estimate_net_zero_before_2085""}",consensus_exact_step2,c444a6eac0c7b6cd317bc71d70e09e8e9d8b0a57308ceb8b4c11921129cc5ae1
G|LP0356|ConsensusExact|step2|attempt_1,G-c1dbd908c5302e5a90ca95ff8e5edcb7c17d336e,G,target,LP0356,Consensus,consensus_exact_step2_estimate,1,google/gemma-4-31B-it,a8c16b539021f1e554a3cedc658ad80e279b9fa49cf6600d73da4ddb039d9e68,ec9f25e6b68d12ca6182161cdc389e0da99a8cff29c47b015f1d07a6633e4cf0,consensus_benchmark_exact_v1,prompt_compiler_v2_split_g_f,1223155822,pending,Q001,"{""Q001"": ""consensus_estimate_net_zero_before_2085""}",consensus_exact_step2,c444a6eac0c7b6cd317bc71d70e09e8e9d8b0a57308ceb8b4c11921129cc5ae1
G|LP0357|ConsensusExact|step2|attempt_1,G-2ed75c80334f6a8268679f90171e4f0b7a4dd719,G,target,LP0357,Consensus,consensus_exact_step2_estimate,1,google/gemma-4-31B-it,74b0bd44de7d1a6cac4f48f2002ac3370cdbc6b287d5fcaf067480f92c65b5b9,ec9f25e6b68d12ca6182161cdc389e0da99a8cff29c47b015f1d07a6633e4cf0,consensus_benchmark_exact_v1,prompt_compiler_v2_split_g_f,285090691,pending,Q001,"{""Q001"": ""consensus_estimate_net_zero_before_2085""}",consensus_exact_step2,c444a6eac0c7b6cd317bc71d70e09e8e9d8b0a57308ceb8b4c11921129cc5ae1
G|LP0358|ConsensusExact|step2|attempt_1,G-78be85104714134cc390619eec70dd65705662d3,G,target,LP0358,Consensus,consensus_exact_step2_estimate,1,google/gemma-4-31B-it,6daf4c23bbd9bb25dcb1308baaf72ab440d12472ef9c7774c4c0edfaa9506b86,ec9f25e6b68d12ca6182161cdc389e0da99a8cff29c47b015f1d07a6633e4cf0,consensus_benchmark_exact_v1,prompt_compiler_v2_split_g_f,949034350,pending,Q001,"{""Q001"": ""consensus_estimate_net_zero_before_2085""}",consensus_exact_step2,c444a6eac0c7b6cd317bc71d70e09e8e9d8b0a57308ceb8b4c11921129cc5ae1
G|LP0359|ConsensusExact|step2|attempt_1,G-c27cee23265782f3df77ada3b6a49112cadd297c,G,target,LP0359,Consensus,consensus_exact_step2_estimate,1,google/gemma-4-31B-it,52de2fe0b5833d5b2cfde06a0b0cfd3bf340a77ce22feed8a6ac37b897b4cbc4,ec9f25e6b68d12ca6182161cdc389e0da99a8cff29c47b015f1d07a6633e4cf0,consensus_benchmark_exact_v1,prompt_compiler_v2_split_g_f,726753084,pending,Q001,"{""Q001"": ""consensus_estimate_net_zero_before_2085""}",consensus_exact_step2,c444a6eac0c7b6cd317bc71d70e09e8e9d8b0a57308ceb8b4c11921129cc5ae1
G|LP0360|ConsensusExact|step2|attempt_1,G-8b9b3a10a45bd3c7cf9420df69c41c2f6bcfbfa4,G,target,LP0360,Consensus,consensus_exact_step2_estimate,1,google/gemma-4-31B-it,ca7df39418fdb46c92933d1427a060eec49188f7993fc13b02fad56978c5db7a,ec9f25e6b68d12ca6182161cdc389e0da99a8cff29c47b015f1d07a6633e4cf0,consensus_benchmark_exact_v1,prompt_compiler_v2_split_g_f,999442410,pending,Q001,"{""Q001"": ""consensus_estimate_net_zero_before_2085""}",consensus_exact_step2,c444a6eac0c7b6cd317bc71d70e09e8e9d8b0a57308ceb8b4c11921129cc5ae1
G|LP0361|ConsensusExact|step2|attempt_1,G-50f3b432969d2b7f5f8a2255571eac8bcded293e,G,target,LP0361,Consensus,consensus_exact_step2_estimate,1,google/gemma-4-31B-it,15e6d44ff98e163e50ed75fce46d316f15e5a119f056bcb903cdfa837a8720fd,ec9f25e6b68d12ca6182161cdc389e0da99a8cff29c47b015f1d07a6633e4cf0,consensus_benchmark_exact_v1,prompt_compiler_v2_split_g_f,948212709,pending,Q001,"{""Q001"": ""consensus_estimate_net_zero_before_2085""}",consensus_exact_step2,c444a6eac0c7b6cd317bc71d70e09e8e9d8b0a57308ceb8b4c11921129cc5ae1
G|LP0362|ConsensusExact|step2|attempt_1,G-63c5cbc14bdfc23ca34b5c75e506e3ea28eee035,G,target,LP0362,Consensus,consensus_exact_step2_estimate,1,google/gemma-4-31B-it,6bc279aec675002072b63abb1870f217453fb780af3c1b814a7f0a1223a3c887,ec9f25e6b68d12ca6182161cdc389e0da99a8cff29c47b015f1d07a6633e4cf0,consensus_benchmark_exact_v1,prompt_compiler_v2_split_g_f,325802432,pending,Q001,"{""Q001"": ""consensus_estimate_net_zero_before_2085""}",consensus_exact_step2,c444a6eac0c7b6cd317bc71d70e09e8e9d8b0a57308ceb8b4c11921129cc5ae1
G|LP0363|ConsensusExact|step2|attempt_1,G-2808a369290c8482aab5f7fc00ade8e1b1a2e3ec,G,target,LP0363,Consensus,consensus_exact_step2_estimate,1,google/gemma-4-31B-it,f0b9267c0098b3aadf32cb012be75ae71853e5bc9ac8657e5dd713056d823854,ec9f25e6b68d12ca6182161cdc389e0da99a8cff29c47b015f1d07a6633e4cf0,consensus_benchmark_exact_v1,prompt_compiler_v2_split_g_f,2031995732,pending,Q001,"{""Q001"": ""consensus_estimate_net_zero_before_2085""}",consensus_exact_step2,c444a6eac0c7b6cd317bc71d70e09e8e9d8b0a57308ceb8b4c11921129cc5ae1
G|LP0364|ConsensusExact|step2|attempt_1,G-959529ae42233fb2c551b9ee8346eb94e5115d06,G,target,LP0364,Consensus,consensus_exact_step2_estimate,1,google/gemma-4-31B-it,8e9cc38e0a653f3e39507ae57f4ec34759cbbd0798f2582f3120c5b42707cd8a,ec9f25e6b68d12ca6182161cdc389e0da99a8cff29c47b015f1d07a6633e4cf0,consensus_benchmark_exact_v1,prompt_compiler_v2_split_g_f,1833800464,pending,Q001,"{""Q001"": ""consensus_estimate_net_zero_before_2085""}",consensus_exact_step2,c444a6eac0c7b6cd317bc71d70e09e8e9d8b0a57308ceb8b4c11921129cc5ae1
G|LP0365|ConsensusExact|step2|attempt_1,G-6a12c0e22fbdbb684867b2ad2247b3c7d99d9714,G,target,LP0365,Consensus,consensus_exact_step2_estimate,1,google/gemma-4-31B-it,e542e748c52dc28b751e2b1f7c9d3574eba3d1d4c990e4ceb8a8af2e354d95e4,ec9f25e6b68d12ca6182161cdc389e0da99a8cff29c47b015f1d07a6633e4cf0,consensus_benchmark_exact_v1,prompt_compiler_v2_split_g_f,65223982,pending,Q001,"{""Q001"": ""consensus_estimate_net_zero_before_2085""}",consensus_exact_step2,c444a6eac0c7b6cd317bc71d70e09e8e9d8b0a57308ceb8b4c11921129cc5ae1
G|LP0366|ConsensusExact|step2|attempt_1,G-d9476b9d8226e934c787b1073e35e96ed72f2ec3,G,target,LP0366,Consensus,consensus_exact_step2_estimate,1,google/gemma-4-31B-it,e006abe8a95b3e0f5dd5183d3f85f5a33b59d32c78f3f8428b16ad24a12b1370,ec9f25e6b68d12ca6182161cdc389e0da99a8cff29c47b015f1d07a6633e4cf0,consensus_benchmark_exact_v1,prompt_compiler_v2_split_g_f,884326514,pending,Q001,"{""Q001"": ""consensus_estimate_net_zero_before_2085""}",consensus_exact_step2,c444a6eac0c7b6cd317bc71d70e09e8e9d8b0a57308ceb8b4c11921129cc5ae1
G|LP0367|ConsensusExact|step2|attempt_1,G-55535ee99bf4efef1d6694fe4efc6b621f3189f0,G,target,LP0367,Consensus,consensus_exact_step2_estimate,1,google/gemma-4-31B-it,7e546974ee7dc040a0b004d9a9e53d7ff13c029ff27a9cd58a30b1879ccb12ff,ec9f25e6b68d12ca6182161cdc389e0da99a8cff29c47b015f1d07a6633e4cf0,consensus_benchmark_exact_v1,prompt_compiler_v2_split_g_f,1184607683,pending,Q001,"{""Q001"": ""consensus_estimate_net_zero_before_2085""}",consensus_exact_step2,c444a6eac0c7b6cd317bc71d70e09e8e9d8b0a57308ceb8b4c11921129cc5ae1
G|LP0368|ConsensusExact|step2|attempt_1,G-a69a4dd76272b59111df108f95d66bf7dbb43b98,G,target,LP0368,Consensus,consensus_exact_step2_estimate,1,google/gemma-4-31B-it,c4714a99243dfc44be6b473c9c1c8d9f0f039ece50133470bbde3bca870da96d,ec9f25e6b68d12ca6182161cdc389e0da99a8cff29c47b015f1d07a6633e4cf0,consensus_benchmark_exact_v1,prompt_compiler_v2_split_g_f,799494466,pending,Q001,"{""Q001"": ""consensus_estimate_net_zero_before_2085""}",consensus_exact_step2,c444a6eac0c7b6cd317bc71d70e09e8e9d8b0a57308ceb8b4c11921129cc5ae1
G|LP0369|ConsensusExact|step2|attempt_1,G-f97f9a79d9cd8fe8de39b14962a98fe27be633d5,G,target,LP0369,Consensus,consensus_exact_step2_estimate,1,google/gemma-4-31B-it,8c69a163124645d044b365f50f3f110335dae174c32efee021cd34300b1605d4,ec9f25e6b68d12ca6182161cdc389e0da99a8cff29c47b015f1d07a6633e4cf0,consensus_benchmark_exact_v1,prompt_compiler_v2_split_g_f,1288488159,pending,Q001,"{""Q001"": ""consensus_estimate_net_zero_before_2085""}",consensus_exact_step2,c444a6eac0c7b6cd317bc71d70e09e8e9d8b0a57308ceb8b4c11921129cc5ae1
G|LP0370|ConsensusExact|step2|attempt_1,G-baac8f8375ac3d60add64b0586d06e2cbf8ecb49,G,target,LP0370,Consensus,consensus_exact_step2_estimate,1,google/gemma-4-31B-it,188bcb4240efa6c1bba7d0eef3483a5daa02115576cfa4dd601056d7e34f7f06,ec9f25e6b68d12ca6182161cdc389e0da99a8cff29c47b015f1d07a6633e4cf0,consensus_benchmark_exact_v1,prompt_compiler_v2_split_g_f,1795513449,pending,Q001,"{""Q001"": ""consensus_estimate_net_zero_before_2085""}",consensus_exact_step2,c444a6eac0c7b6cd317bc71d70e09e8e9d8b0a57308ceb8b4c11921129cc5ae1
G|LP0371|ConsensusExact|step2|attempt_1,G-17b822a1c0a4079c1a25fff164b0befa829c1396,G,target,LP0371,Consensus,consensus_exact_step2_estimate,1,google/gemma-4-31B-it,3c6ff518171365508349ceb33ae67577d97f0bd9e7964befbfb5d4c9f4a7186e,ec9f25e6b68d12ca6182161cdc389e0da99a8cff29c47b015f1d07a6633e4cf0,consensus_benchmark_exact_v1,prompt_compiler_v2_split_g_f,1880378591,pending,Q001,"{""Q001"": ""consensus_estimate_net_zero_before_2085""}",consensus_exact_step2,c444a6eac0c7b6cd317bc71d70e09e8e9d8b0a57308ceb8b4c11921129cc5ae1
G|LP0372|ConsensusExact|step2|attempt_1,G-02582848040a3974277111449b9099ffc63ba2f4,G,target,LP0372,Consensus,consensus_exact_step2_estimate,1,google/gemma-4-31B-it,eb14a624d4598fdb93aad237e526bdbdc8d757a9987f907728448f8763a35680,ec9f25e6b68d12ca6182161cdc389e0da99a8cff29c47b015f1d07a6633e4cf0,consensus_benchmark_exact_v1,prompt_compiler_v2_split_g_f,146442756,pending,Q001,"{""Q001"": ""consensus_estimate_net_zero_before_2085""}",consensus_exact_step2,c444a6eac0c7b6cd317bc71d70e09e8e9d8b0a57308ceb8b4c11921129cc5ae1
G|LP0373|ConsensusExact|step2|attempt_1,G-c0ab1e6fc64fcee4024b61de6cc731f4e73f9345,G,target,LP0373,Consensus,consensus_exact_step2_estimate,1,google/gemma-4-31B-it,2791d69b4408ccad89835ae16c4641bdef992f3beb59dd244f3d8d3a5e25ca30,ec9f25e6b68d12ca6182161cdc389e0da99a8cff29c47b015f1d07a6633e4cf0,consensus_benchmark_exact_v1,prompt_compiler_v2_split_g_f,1202064326,pending,Q001,"{""Q001"": ""consensus_estimate_net_zero_before_2085""}",consensus_exact_step2,c444a6eac0c7b6cd317bc71d70e09e8e9d8b0a57308ceb8b4c11921129cc5ae1
G|LP0374|ConsensusExact|step2|attempt_1,G-e4f7fd0cf55e8d6391a092f4090b89a3729f202e,G,target,LP0374,Consensus,consensus_exact_step2_estimate,1,google/gemma-4-31B-it,d285840c5cdd7b0dac2513db7cb7705c5ffc037b4ac84ed0023b44731ab6721f,ec9f25e6b68d12ca6182161cdc389e0da99a8cff29c47b015f1d07a6633e4cf0,consensus_benchmark_exact_v1,prompt_compiler_v2_split_g_f,1062111104,pending,Q001,"{""Q001"": ""consensus_estimate_net_zero_before_2085""}",consensus_exact_step2,c444a6eac0c7b6cd317bc71d70e09e8e9d8b0a57308ceb8b4c11921129cc5ae1
G|LP0375|ConsensusExact|step2|attempt_1,G-5cf9851590c426df08b7738b5904b4cc9521753e,G,target,LP0375,Consensus,consensus_exact_step2_estimate,1,google/gemma-4-31B-it,49495953202e9f396edc83a2747d5540160f1741ffd3e376efe9ead341491f29,ec9f25e6b68d12ca6182161cdc389e0da99a8cff29c47b015f1d07a6633e4cf0,consensus_benchmark_exact_v1,prompt_compiler_v2_split_g_f,1253519627,pending,Q001,"{""Q001"": ""consensus_estimate_net_zero_before_2085""}",consensus_exact_step2,c444a6eac0c7b6cd317bc71d70e09e8e9d8b0a57308ceb8b4c11921129cc5ae1
G|LP0376|ConsensusExact|step2|attempt_1,G-7168bf0ad340067994a0fb322854392eb00493bb,G,target,LP0376,Consensus,consensus_exact_step2_estimate,1,google/gemma-4-31B-it,36a789c0ce7c33484c3ee79bd36d13de0a81ca97ac74a3f11043802a7e7e8481,ec9f25e6b68d12ca6182161cdc389e0da99a8cff29c47b015f1d07a6633e4cf0,consensus_benchmark_exact_v1,prompt_compiler_v2_split_g_f,907117712,pending,Q001,"{""Q001"": ""consensus_estimate_net_zero_before_2085""}",consensus_exact_step2,c444a6eac0c7b6cd317bc71d70e09e8e9d8b0a57308ceb8b4c11921129cc5ae1
G|LP0377|ConsensusExact|step2|attempt_1,G-39bfe5aa67edaefcf6c2984df7465632f5296c8d,G,target,LP0377,Consensus,consensus_exact_step2_estimate,1,google/gemma-4-31B-it,3a0928fdd0e7b198aa7ecc919190ca539ab808bb5c0f370703b35a26d1172781,ec9f25e6b68d12ca6182161cdc389e0da99a8cff29c47b015f1d07a6633e4cf0,consensus_benchmark_exact_v1,prompt_compiler_v2_split_g_f,1533901393,pending,Q001,"{""Q001"": ""consensus_estimate_net_zero_before_2085""}",consensus_exact_step2,c444a6eac0c7b6cd317bc71d70e09e8e9d8b0a57308ceb8b4c11921129cc5ae1
G|LP0378|ConsensusExact|step2|attempt_1,G-4eb07fd37ae254d2d0ca745740f74e856e3481d7,G,target,LP0378,Consensus,consensus_exact_step2_estimate,1,google/gemma-4-31B-it,9a745347efb7cd82e2d07abefd2b2a1bfcb01ef200a0aef90681317c471cc9fa,ec9f25e6b68d12ca6182161cdc389e0da99a8cff29c47b015f1d07a6633e4cf0,consensus_benchmark_exact_v1,prompt_compiler_v2_split_g_f,407065722,pending,Q001,"{""Q001"": ""consensus_estimate_net_zero_before_2085""}",consensus_exact_step2,c444a6eac0c7b6cd317bc71d70e09e8e9d8b0a57308ceb8b4c11921129cc5ae1
G|LP0379|ConsensusExact|step2|attempt_1,G-31f5dae849235149ab06a724f6f0cfc3d49a70a6,G,target,LP0379,Consensus,consensus_exact_step2_estimate,1,google/gemma-4-31B-it,f2b4a163f9e4f2a70349211655085a35d6bd6da9ad47caaa1d7a4d1e0d614012,ec9f25e6b68d12ca6182161cdc389e0da99a8cff29c47b015f1d07a6633e4cf0,consensus_benchmark_exact_v1,prompt_compiler_v2_split_g_f,755959578,pending,Q001,"{""Q001"": ""consensus_estimate_net_zero_before_2085""}",consensus_exact_step2,c444a6eac0c7b6cd317bc71d70e09e8e9d8b0a57308ceb8b4c11921129cc5ae1
G|LP0380|ConsensusExact|step2|attempt_1,G-eeda8b0eda5eb44b6b11b24395a62f6bcdff3ad7,G,target,LP0380,Consensus,consensus_exact_step2_estimate,1,google/gemma-4-31B-it,0a0f16a80f636419b1a149ebb1e80052f435472df1f4e05ec827fff91824454d,ec9f25e6b68d12ca6182161cdc389e0da99a8cff29c47b015f1d07a6633e4cf0,consensus_benchmark_exact_v1,prompt_compiler_v2_split_g_f,940821100,pending,Q001,"{""Q001"": ""consensus_estimate_net_zero_before_2085""}",consensus_exact_step2,c444a6eac0c7b6cd317bc71d70e09e8e9d8b0a57308ceb8b4c11921129cc5ae1
G|LP0381|ConsensusExact|step2|attempt_1,G-0f99453b6b4cda29b129ce957b4650edeed1eecf,G,target,LP0381,Consensus,consensus_exact_step2_estimate,1,google/gemma-4-31B-it,cfab213bfb8d91fc10b2150c9ccccb72f6d1bd6aa25686bd68173d3f2ed6321d,ec9f25e6b68d12ca6182161cdc389e0da99a8cff29c47b015f1d07a6633e4cf0,consensus_benchmark_exact_v1,prompt_compiler_v2_split_g_f,176120992,pending,Q001,"{""Q001"": ""consensus_estimate_net_zero_before_2085""}",consensus_exact_step2,c444a6eac0c7b6cd317bc71d70e09e8e9d8b0a57308ceb8b4c11921129cc5ae1
G|LP0382|ConsensusExact|step2|attempt_1,G-98bc10e4616f4aec78793365fcce97a01eaf4f80,G,target,LP0382,Consensus,consensus_exact_step2_estimate,1,google/gemma-4-31B-it,05cd793fbe0eeff0934a1f4fec46d5fc15297adcd008efc17701bbcacb49904a,ec9f25e6b68d12ca6182161cdc389e0da99a8cff29c47b015f1d07a6633e4cf0,consensus_benchmark_exact_v1,prompt_compiler_v2_split_g_f,317156535,pending,Q001,"{""Q001"": ""consensus_estimate_net_zero_before_2085""}",consensus_exact_step2,c444a6eac0c7b6cd317bc71d70e09e8e9d8b0a57308ceb8b4c11921129cc5ae1
G|LP0383|ConsensusExact|step2|attempt_1,G-d4c00b2d6d52895bfb54cc42fe2d944c1f907fdc,G,target,LP0383,Consensus,consensus_exact_step2_estimate,1,google/gemma-4-31B-it,a1ce541ef9ff63baa30d02623544a87e49470842caa25e32e980297d61986d23,ec9f25e6b68d12ca6182161cdc389e0da99a8cff29c47b015f1d07a6633e4cf0,consensus_benchmark_exact_v1,prompt_compiler_v2_split_g_f,382902201,pending,Q001,"{""Q001"": ""consensus_estimate_net_zero_before_2085""}",consensus_exact_step2,c444a6eac0c7b6cd317bc71d70e09e8e9d8b0a57308ceb8b4c11921129cc5ae1
G|LP0384|ConsensusExact|step2|attempt_1,G-4277a90e31062f44407fea608328b864d1747a31,G,target,LP0384,Consensus,consensus_exact_step2_estimate,1,google/gemma-4-31B-it,d4b8e0ed0b1364c2a26eec852c5296eed13b68f7aa6d9cbfc1fe7ce0c7f123f3,ec9f25e6b68d12ca6182161cdc389e0da99a8cff29c47b015f1d07a6633e4cf0,consensus_benchmark_exact_v1,prompt_compiler_v2_split_g_f,905281889,pending,Q001,"{""Q001"": ""consensus_estimate_net_zero_before_2085""}",consensus_exact_step2,c444a6eac0c7b6cd317bc71d70e09e8e9d8b0a57308ceb8b4c11921129cc5ae1
G|LP0385|ConsensusExact|step2|attempt_1,G-ccce6300bd43986a2b8e47d170edcb0152b1c2ac,G,target,LP0385,Consensus,consensus_exact_step2_estimate,1,google/gemma-4-31B-it,fe40dd5e1ccc7416ecc9404521fcc68e525d9d194362848caceb5ed2744e6884,ec9f25e6b68d12ca6182161cdc389e0da99a8cff29c47b015f1d07a6633e4cf0,consensus_benchmark_exact_v1,prompt_compiler_v2_split_g_f,1457544814,pending,Q001,"{""Q001"": ""consensus_estimate_net_zero_before_2085""}",consensus_exact_step2,c444a6eac0c7b6cd317bc71d70e09e8e9d8b0a57308ceb8b4c11921129cc5ae1
G|LP0386|ConsensusExact|step2|attempt_1,G-4db815ce510273cf1fb0fb0bd41712c9a170c8c0,G,target,LP0386,Consensus,consensus_exact_step2_estimate,1,google/gemma-4-31B-it,c596795329b0058303c4aa1d4a1c46635f398246276dcc2d6d639d039c5411df,ec9f25e6b68d12ca6182161cdc389e0da99a8cff29c47b015f1d07a6633e4cf0,consensus_benchmark_exact_v1,prompt_compiler_v2_split_g_f,1819451244,pending,Q001,"{""Q001"": ""consensus_estimate_net_zero_before_2085""}",consensus_exact_step2,c444a6eac0c7b6cd317bc71d70e09e8e9d8b0a57308ceb8b4c11921129cc5ae1
G|LP0387|ConsensusExact|step2|attempt_1,G-13fcfff4f6bfd583df06db1dc291622842e7954b,G,target,LP0387,Consensus,consensus_exact_step2_estimate,1,google/gemma-4-31B-it,227a5e7c59d9e2ffadc04e6e507ecb2f220164bacb2a47a2171cd9de8cd16c18,ec9f25e6b68d12ca6182161cdc389e0da99a8cff29c47b015f1d07a6633e4cf0,consensus_benchmark_exact_v1,prompt_compiler_v2_split_g_f,515495277,pending,Q001,"{""Q001"": ""consensus_estimate_net_zero_before_2085""}",consensus_exact_step2,c444a6eac0c7b6cd317bc71d70e09e8e9d8b0a57308ceb8b4c11921129cc5ae1
G|LP0388|ConsensusExact|step2|attempt_1,G-9361cbc34fd078bde1e9320c9c6cd60fe9d40982,G,target,LP0388,Consensus,consensus_exact_step2_estimate,1,google/gemma-4-31B-it,7a62650691d267687f2bd5aa0521f6981cc879912a06c1e2c5e15d197725c1bd,ec9f25e6b68d12ca6182161cdc389e0da99a8cff29c47b015f1d07a6633e4cf0,consensus_benchmark_exact_v1,prompt_compiler_v2_split_g_f,1989414981,pending,Q001,"{""Q001"": ""consensus_estimate_net_zero_before_2085""}",consensus_exact_step2,c444a6eac0c7b6cd317bc71d70e09e8e9d8b0a57308ceb8b4c11921129cc5ae1
G|LP0389|ConsensusExact|step2|attempt_1,G-13636a7252258a0e33b610521a8908521c5cc754,G,target,LP0389,Consensus,consensus_exact_step2_estimate,1,google/gemma-4-31B-it,6084d8df4f0b96279e943c6eb7013616461aa97ef262b09ecc0862271806b9ee,ec9f25e6b68d12ca6182161cdc389e0da99a8cff29c47b015f1d07a6633e4cf0,consensus_benchmark_exact_v1,prompt_compiler_v2_split_g_f,2028756722,pending,Q001,"{""Q001"": ""consensus_estimate_net_zero_before_2085""}",consensus_exact_step2,c444a6eac0c7b6cd317bc71d70e09e8e9d8b0a57308ceb8b4c11921129cc5ae1
G|LP0390|ConsensusExact|step2|attempt_1,G-adbb31cfc80ae9c98d7f2fef5381e6d7d1d7e30f,G,target,LP0390,Consensus,consensus_exact_step2_estimate,1,google/gemma-4-31B-it,c69d6a753fdc573eda3f78fbed0a726a339b6fd92267409215b319eb2f9f6a7d,ec9f25e6b68d12ca6182161cdc389e0da99a8cff29c47b015f1d07a6633e4cf0,consensus_benchmark_exact_v1,prompt_compiler_v2_split_g_f,595676523,pending,Q001,"{""Q001"": ""consensus_estimate_net_zero_before_2085""}",consensus_exact_step2,c444a6eac0c7b6cd317bc71d70e09e8e9d8b0a57308ceb8b4c11921129cc5ae1
G|LP0391|ConsensusExact|step2|attempt_1,G-9c52c89042c2780c07a057e7adf1614bf07c22d7,G,target,LP0391,Consensus,consensus_exact_step2_estimate,1,google/gemma-4-31B-it,75213575caef6d3a5702f452593e61c3d369201d5f80898f2f42dc17ed4d0548,ec9f25e6b68d12ca6182161cdc389e0da99a8cff29c47b015f1d07a6633e4cf0,consensus_benchmark_exact_v1,prompt_compiler_v2_split_g_f,2070415662,pending,Q001,"{""Q001"": ""consensus_estimate_net_zero_before_2085""}",consensus_exact_step2,c444a6eac0c7b6cd317bc71d70e09e8e9d8b0a57308ceb8b4c11921129cc5ae1
G|LP0392|ConsensusExact|step2|attempt_1,G-408d8cd53dafa5d7b7a471f5c19151712d9fe9eb,G,target,LP0392,Consensus,consensus_exact_step2_estimate,1,google/gemma-4-31B-it,b24da88d9a3870aefd2926f46219f4392c6b9993770575ed2390631177356d01,ec9f25e6b68d12ca6182161cdc389e0da99a8cff29c47b015f1d07a6633e4cf0,consensus_benchmark_exact_v1,prompt_compiler_v2_split_g_f,1053474690,pending,Q001,"{""Q001"": ""consensus_estimate_net_zero_before_2085""}",consensus_exact_step2,c444a6eac0c7b6cd317bc71d70e09e8e9d8b0a57308ceb8b4c11921129cc5ae1
G|LP0393|ConsensusExact|step2|attempt_1,G-531735bd0e4f340fba6065e2e799a09377555a71,G,target,LP0393,Consensus,consensus_exact_step2_estimate,1,google/gemma-4-31B-it,9f42fceef69b4cc41ea4edd2f3df50268348681ca4b6d78b26c41af2c6275473,ec9f25e6b68d12ca6182161cdc389e0da99a8cff29c47b015f1d07a6633e4cf0,consensus_benchmark_exact_v1,prompt_compiler_v2_split_g_f,880648074,pending,Q001,"{""Q001"": ""consensus_estimate_net_zero_before_2085""}",consensus_exact_step2,c444a6eac0c7b6cd317bc71d70e09e8e9d8b0a57308ceb8b4c11921129cc5ae1
G|LP0394|ConsensusExact|step2|attempt_1,G-3321a9b78a571d1250623b8351fa19955828d8fa,G,target,LP0394,Consensus,consensus_exact_step2_estimate,1,google/gemma-4-31B-it,fe436b7245abe70f80a11ebc2e155b13c2d8fecc2e81b52884168edf56b0e2bd,ec9f25e6b68d12ca6182161cdc389e0da99a8cff29c47b015f1d07a6633e4cf0,consensus_benchmark_exact_v1,prompt_compiler_v2_split_g_f,1889169537,pending,Q001,"{""Q001"": ""consensus_estimate_net_zero_before_2085""}",consensus_exact_step2,c444a6eac0c7b6cd317bc71d70e09e8e9d8b0a57308ceb8b4c11921129cc5ae1
G|LP0395|ConsensusExact|step2|attempt_1,G-71181ec7a6f8b8f08ff636d638c5d93bcc1eef8b,G,target,LP0395,Consensus,consensus_exact_step2_estimate,1,google/gemma-4-31B-it,3724ac804fe79476d8dfd0ee0c39ff0d3e205ff2b326928c14671f0889b81582,ec9f25e6b68d12ca6182161cdc389e0da99a8cff29c47b015f1d07a6633e4cf0,consensus_benchmark_exact_v1,prompt_compiler_v2_split_g_f,153679489,pending,Q001,"{""Q001"": ""consensus_estimate_net_zero_before_2085""}",consensus_exact_step2,c444a6eac0c7b6cd317bc71d70e09e8e9d8b0a57308ceb8b4c11921129cc5ae1
G|LP0396|ConsensusExact|step2|attempt_1,G-5105ed4263abf780779f65d5df71d1f1605d3156,G,target,LP0396,Consensus,consensus_exact_step2_estimate,1,google/gemma-4-31B-it,b66185e9ac454ad078c124d82ed7050c964ed9e794ee8109b3f6ebfa99af055d,ec9f25e6b68d12ca6182161cdc389e0da99a8cff29c47b015f1d07a6633e4cf0,consensus_benchmark_exact_v1,prompt_compiler_v2_split_g_f,95932934,pending,Q001,"{""Q001"": ""consensus_estimate_net_zero_before_2085""}",consensus_exact_step2,c444a6eac0c7b6cd317bc71d70e09e8e9d8b0a57308ceb8b4c11921129cc5ae1
G|LP0397|ConsensusExact|step2|attempt_1,G-dfeea9cca1b06408a86f511f062251a7666d3b0e,G,target,LP0397,Consensus,consensus_exact_step2_estimate,1,google/gemma-4-31B-it,c83c6530727307836932faea8478a6b9c9dc087b616183d34e3f3ed55d5abf32,ec9f25e6b68d12ca6182161cdc389e0da99a8cff29c47b015f1d07a6633e4cf0,consensus_benchmark_exact_v1,prompt_compiler_v2_split_g_f,1636677540,pending,Q001,"{""Q001"": ""consensus_estimate_net_zero_before_2085""}",consensus_exact_step2,c444a6eac0c7b6cd317bc71d70e09e8e9d8b0a57308ceb8b4c11921129cc5ae1
G|LP0398|ConsensusExact|step2|attempt_1,G-be012bfb88f2e65b6b5422cec8da4a54b44862c0,G,target,LP0398,Consensus,consensus_exact_step2_estimate,1,google/gemma-4-31B-it,1e29186012984795bd743498c11a22e3617aa0958c093ae3d7e9dff78c3df77a,ec9f25e6b68d12ca6182161cdc389e0da99a8cff29c47b015f1d07a6633e4cf0,consensus_benchmark_exact_v1,prompt_compiler_v2_split_g_f,83181141,pending,Q001,"{""Q001"": ""consensus_estimate_net_zero_before_2085""}",consensus_exact_step2,c444a6eac0c7b6cd317bc71d70e09e8e9d8b0a57308ceb8b4c11921129cc5ae1
G|LP0399|ConsensusExact|step2|attempt_1,G-3096e0a3205bb9076a50f93c50cf3e86ebe3a511,G,target,LP0399,Consensus,consensus_exact_step2_estimate,1,google/gemma-4-31B-it,cdcd9f6170adfbc81e29621cd18502f6f246296f6fdef72991d4309728a6638e,ec9f25e6b68d12ca6182161cdc389e0da99a8cff29c47b015f1d07a6633e4cf0,consensus_benchmark_exact_v1,prompt_compiler_v2_split_g_f,25786958,pending,Q001,"{""Q001"": ""consensus_estimate_net_zero_before_2085""}",consensus_exact_step2,c444a6eac0c7b6cd317bc71d70e09e8e9d8b0a57308ceb8b4c11921129cc5ae1
G|LP0400|ConsensusExact|step2|attempt_1,G-b4f9bed6c69486775f059d9654030ea82429f632,G,target,LP0400,Consensus,consensus_exact_step2_estimate,1,google/gemma-4-31B-it,380820ec690ecf7d8f4da9887b5ead5a0763494190faeccf95c263f80553a0e8,ec9f25e6b68d12ca6182161cdc389e0da99a8cff29c47b015f1d07a6633e4cf0,consensus_benchmark_exact_v1,prompt_compiler_v2_split_g_f,814220327,pending,Q001,"{""Q001"": ""consensus_estimate_net_zero_before_2085""}",consensus_exact_step2,c444a6eac0c7b6cd317bc71d70e09e8e9d8b0a57308ceb8b4c11921129cc5ae1
G|LP0401|ConsensusExact|step2|attempt_1,G-73c2dba62c8b128c02667ca78675c26f177ac999,G,target,LP0401,Consensus,consensus_exact_step2_estimate,1,google/gemma-4-31B-it,25ce79a9a63ab2cc35b32ce62aec3d098d900d2b6fa3376aad44b6c128b95012,ec9f25e6b68d12ca6182161cdc389e0da99a8cff29c47b015f1d07a6633e4cf0,consensus_benchmark_exact_v1,prompt_compiler_v2_split_g_f,336644570,pending,Q001,"{""Q001"": ""consensus_estimate_net_zero_before_2085""}",consensus_exact_step2,c444a6eac0c7b6cd317bc71d70e09e8e9d8b0a57308ceb8b4c11921129cc5ae1
G|LP0402|ConsensusExact|step2|attempt_1,G-531e954c42a1b96dbd34d1d591187036546c19f9,G,target,LP0402,Consensus,consensus_exact_step2_estimate,1,google/gemma-4-31B-it,2d06904468444a8117c19f8bce749e9ff7a03f256fe91b372bcc6daf470c0555,ec9f25e6b68d12ca6182161cdc389e0da99a8cff29c47b015f1d07a6633e4cf0,consensus_benchmark_exact_v1,prompt_compiler_v2_split_g_f,1759437830,pending,Q001,"{""Q001"": ""consensus_estimate_net_zero_before_2085""}",consensus_exact_step2,c444a6eac0c7b6cd317bc71d70e09e8e9d8b0a57308ceb8b4c11921129cc5ae1
G|LP0403|ConsensusExact|step2|attempt_1,G-a116c524bbfb19ea6341bfb8e0001d435bb734ac,G,target,LP0403,Consensus,consensus_exact_step2_estimate,1,google/gemma-4-31B-it,b21ca13a23c92a217919e2f9be18648edc8a4ff89ff705906f76317e918f883e,ec9f25e6b68d12ca6182161cdc389e0da99a8cff29c47b015f1d07a6633e4cf0,consensus_benchmark_exact_v1,prompt_compiler_v2_split_g_f,2116592693,pending,Q001,"{""Q001"": ""consensus_estimate_net_zero_before_2085""}",consensus_exact_step2,c444a6eac0c7b6cd317bc71d70e09e8e9d8b0a57308ceb8b4c11921129cc5ae1
G|LP0404|ConsensusExact|step2|attempt_1,G-a071274bf063b22566e20b359be2102b504ec091,G,target,LP0404,Consensus,consensus_exact_step2_estimate,1,google/gemma-4-31B-it,d899989abc13d48d1d6d6e95d99e6d86964d6a431f0e538ba403262a6a7a5855,ec9f25e6b68d12ca6182161cdc389e0da99a8cff29c47b015f1d07a6633e4cf0,consensus_benchmark_exact_v1,prompt_compiler_v2_split_g_f,826671295,pending,Q001,"{""Q001"": ""consensus_estimate_net_zero_before_2085""}",consensus_exact_step2,c444a6eac0c7b6cd317bc71d70e09e8e9d8b0a57308ceb8b4c11921129cc5ae1
G|LP0405|ConsensusExact|step2|attempt_1,G-822f3ad250b18175199da2dfcd0363de82229b7a,G,target,LP0405,Consensus,consensus_exact_step2_estimate,1,google/gemma-4-31B-it,245fcd7c1b9b63ed5b1ba4e9f02339507fdc2aa63ba7ff3f3f4a63131cf4fa16,ec9f25e6b68d12ca6182161cdc389e0da99a8cff29c47b015f1d07a6633e4cf0,consensus_benchmark_exact_v1,prompt_compiler_v2_split_g_f,1427109659,pending,Q001,"{""Q001"": ""consensus_estimate_net_zero_before_2085""}",consensus_exact_step2,c444a6eac0c7b6cd317bc71d70e09e8e9d8b0a57308ceb8b4c11921129cc5ae1
G|LP0406|ConsensusExact|step2|attempt_1,G-4f1129ac7f86055740364dcc8d4ae2c91e3043af,G,target,LP0406,Consensus,consensus_exact_step2_estimate,1,google/gemma-4-31B-it,4201e4c352a44bee53e92d0e63df48543d04abb323b944c79c5e4ae6f49d1fa9,ec9f25e6b68d12ca6182161cdc389e0da99a8cff29c47b015f1d07a6633e4cf0,consensus_benchmark_exact_v1,prompt_compiler_v2_split_g_f,497572017,pending,Q001,"{""Q001"": ""consensus_estimate_net_zero_before_2085""}",consensus_exact_step2,c444a6eac0c7b6cd317bc71d70e09e8e9d8b0a57308ceb8b4c11921129cc5ae1
G|LP0407|ConsensusExact|step2|attempt_1,G-616d7bd5dd944914fac76fb94a1a7e8e3ee1d703,G,target,LP0407,Consensus,consensus_exact_step2_estimate,1,google/gemma-4-31B-it,72e71e161713fa5641122be1a727b27a05539ebad0737732e655449dbb9db5ff,ec9f25e6b68d12ca6182161cdc389e0da99a8cff29c47b015f1d07a6633e4cf0,consensus_benchmark_exact_v1,prompt_compiler_v2_split_g_f,544161985,pending,Q001,"{""Q001"": ""consensus_estimate_net_zero_before_2085""}",consensus_exact_step2,c444a6eac0c7b6cd317bc71d70e09e8e9d8b0a57308ceb8b4c11921129cc5ae1
G|LP0408|ConsensusExact|step2|attempt_1,G-001f2ceb12134c7e618d1c26704101c3195047f5,G,target,LP0408,Consensus,consensus_exact_step2_estimate,1,google/gemma-4-31B-it,446b389f92f9156c1377ad2cfead507940c917e3f0c4e55a4950c7b2d728d99b,ec9f25e6b68d12ca6182161cdc389e0da99a8cff29c47b015f1d07a6633e4cf0,consensus_benchmark_exact_v1,prompt_compiler_v2_split_g_f,307340884,pending,Q001,"{""Q001"": ""consensus_estimate_net_zero_before_2085""}",consensus_exact_step2,c444a6eac0c7b6cd317bc71d70e09e8e9d8b0a57308ceb8b4c11921129cc5ae1
G|LP0409|ConsensusExact|step2|attempt_1,G-68a4f3fee72d901f7873d2ad0d2553bb4a424e00,G,target,LP0409,Consensus,consensus_exact_step2_estimate,1,google/gemma-4-31B-it,81a0188052785a18e5d7205af71e6136f23cd6083e8e51d8ecaaacf4fe2bda01,ec9f25e6b68d12ca6182161cdc389e0da99a8cff29c47b015f1d07a6633e4cf0,consensus_benchmark_exact_v1,prompt_compiler_v2_split_g_f,947353630,pending,Q001,"{""Q001"": ""consensus_estimate_net_zero_before_2085""}",consensus_exact_step2,c444a6eac0c7b6cd317bc71d70e09e8e9d8b0a57308ceb8b4c11921129cc5ae1
G|LP0410|ConsensusExact|step2|attempt_1,G-4ab3f63e5433201beb6ba64a4af214a2a68aebc3,G,target,LP0410,Consensus,consensus_exact_step2_estimate,1,google/gemma-4-31B-it,37cc861e63c0c03ad92f6ae20effbfa4ff2953dd859dee1849807a0eeea5a142,ec9f25e6b68d12ca6182161cdc389e0da99a8cff29c47b015f1d07a6633e4cf0,consensus_benchmark_exact_v1,prompt_compiler_v2_split_g_f,1771768984,pending,Q001,"{""Q001"": ""consensus_estimate_net_zero_before_2085""}",consensus_exact_step2,c444a6eac0c7b6cd317bc71d70e09e8e9d8b0a57308ceb8b4c11921129cc5ae1
G|LP0411|ConsensusExact|step2|attempt_1,G-ff40a8478bbdef3e2e00ac3f183b54d132d9eedf,G,target,LP0411,Consensus,consensus_exact_step2_estimate,1,google/gemma-4-31B-it,648184f342fb3963882cce674030f0949d8edad7ca6dc02bd232e516a4f1edbc,ec9f25e6b68d12ca6182161cdc389e0da99a8cff29c47b015f1d07a6633e4cf0,consensus_benchmark_exact_v1,prompt_compiler_v2_split_g_f,171917265,pending,Q001,"{""Q001"": ""consensus_estimate_net_zero_before_2085""}",consensus_exact_step2,c444a6eac0c7b6cd317bc71d70e09e8e9d8b0a57308ceb8b4c11921129cc5ae1
G|LP0412|ConsensusExact|step2|attempt_1,G-4766ce977861ea81d1666228d7340b2cac0a2d84,G,target,LP0412,Consensus,consensus_exact_step2_estimate,1,google/gemma-4-31B-it,9c59310937cd80652be53157aadb3e407ab600b948ab9446a866fe502529dfd6,ec9f25e6b68d12ca6182161cdc389e0da99a8cff29c47b015f1d07a6633e4cf0,consensus_benchmark_exact_v1,prompt_compiler_v2_split_g_f,120555441,pending,Q001,"{""Q001"": ""consensus_estimate_net_zero_before_2085""}",consensus_exact_step2,c444a6eac0c7b6cd317bc71d70e09e8e9d8b0a57308ceb8b4c11921129cc5ae1
G|LP0413|ConsensusExact|step2|attempt_1,G-994e8f6c503ebb958fc0d24c21c34661eba51ad6,G,target,LP0413,Consensus,consensus_exact_step2_estimate,1,google/gemma-4-31B-it,90d48f7793eb2b970411b3a9a09039cfbf6949b799d3f65d304d371f8156d0ec,ec9f25e6b68d12ca6182161cdc389e0da99a8cff29c47b015f1d07a6633e4cf0,consensus_benchmark_exact_v1,prompt_compiler_v2_split_g_f,47962736,pending,Q001,"{""Q001"": ""consensus_estimate_net_zero_before_2085""}",consensus_exact_step2,c444a6eac0c7b6cd317bc71d70e09e8e9d8b0a57308ceb8b4c11921129cc5ae1
G|LP0414|ConsensusExact|step2|attempt_1,G-ac6f4491754f3ed4fa43542963a33c608ab99c1c,G,target,LP0414,Consensus,consensus_exact_step2_estimate,1,google/gemma-4-31B-it,f35f10ec6b1ba4a2829a3f224dca324e4c9498dbd49e95c7981f43ec1d4a5490,ec9f25e6b68d12ca6182161cdc389e0da99a8cff29c47b015f1d07a6633e4cf0,consensus_benchmark_exact_v1,prompt_compiler_v2_split_g_f,1311623161,pending,Q001,"{""Q001"": ""consensus_estimate_net_zero_before_2085""}",consensus_exact_step2,c444a6eac0c7b6cd317bc71d70e09e8e9d8b0a57308ceb8b4c11921129cc5ae1
G|LP0415|ConsensusExact|step2|attempt_1,G-87fa3f1d557aed15248ecdb6115de999e9e82b32,G,target,LP0415,Consensus,consensus_exact_step2_estimate,1,google/gemma-4-31B-it,86bb562673ed810e1c89a9831be44ff464f0a04e18fe55e4e38dd3aed0023af7,ec9f25e6b68d12ca6182161cdc389e0da99a8cff29c47b015f1d07a6633e4cf0,consensus_benchmark_exact_v1,prompt_compiler_v2_split_g_f,1701800785,pending,Q001,"{""Q001"": ""consensus_estimate_net_zero_before_2085""}",consensus_exact_step2,c444a6eac0c7b6cd317bc71d70e09e8e9d8b0a57308ceb8b4c11921129cc5ae1
G|LP0416|ConsensusExact|step2|attempt_1,G-16c923f89b65778c5e7dfa7808d36816ed077dba,G,target,LP0416,Consensus,consensus_exact_step2_estimate,1,google/gemma-4-31B-it,5f56f3ac9375fdfb9c4f60fb29fd06c46d4d34c691e3ea8445f019f37ec6d1df,ec9f25e6b68d12ca6182161cdc389e0da99a8cff29c47b015f1d07a6633e4cf0,consensus_benchmark_exact_v1,prompt_compiler_v2_split_g_f,1224195965,pending,Q001,"{""Q001"": ""consensus_estimate_net_zero_before_2085""}",consensus_exact_step2,c444a6eac0c7b6cd317bc71d70e09e8e9d8b0a57308ceb8b4c11921129cc5ae1
G|LP0417|ConsensusExact|step2|attempt_1,G-bbe674db97c72674e5d654523d3d84fe3a3417e1,G,target,LP0417,Consensus,consensus_exact_step2_estimate,1,google/gemma-4-31B-it,5243a27c3949e48b44e7085d44ef700c2341383aecb880fd6964ad9566530fe7,ec9f25e6b68d12ca6182161cdc389e0da99a8cff29c47b015f1d07a6633e4cf0,consensus_benchmark_exact_v1,prompt_compiler_v2_split_g_f,261361710,pending,Q001,"{""Q001"": ""consensus_estimate_net_zero_before_2085""}",consensus_exact_step2,c444a6eac0c7b6cd317bc71d70e09e8e9d8b0a57308ceb8b4c11921129cc5ae1
G|LP0418|ConsensusExact|step2|attempt_1,G-ac62fbd6289889538c95dd340c01ed5d93a7ff5e,G,target,LP0418,Consensus,consensus_exact_step2_estimate,1,google/gemma-4-31B-it,1d51f1cc56053c9561976aaf8969ebd6517bea189f9e792a83dc26caf31d779d,ec9f25e6b68d12ca6182161cdc389e0da99a8cff29c47b015f1d07a6633e4cf0,consensus_benchmark_exact_v1,prompt_compiler_v2_split_g_f,22970626,pending,Q001,"{""Q001"": ""consensus_estimate_net_zero_before_2085""}",consensus_exact_step2,c444a6eac0c7b6cd317bc71d70e09e8e9d8b0a57308ceb8b4c11921129cc5ae1
G|LP0419|ConsensusExact|step2|attempt_1,G-f0611b741405b31f9c392c9de20387b6b57ea673,G,target,LP0419,Consensus,consensus_exact_step2_estimate,1,google/gemma-4-31B-it,c429e7e1c45e61d860dbd06315c2ddd28c132104584fb7368d903caf096a66f2,ec9f25e6b68d12ca6182161cdc389e0da99a8cff29c47b015f1d07a6633e4cf0,consensus_benchmark_exact_v1,prompt_compiler_v2_split_g_f,1959258634,pending,Q001,"{""Q001"": ""consensus_estimate_net_zero_before_2085""}",consensus_exact_step2,c444a6eac0c7b6cd317bc71d70e09e8e9d8b0a57308ceb8b4c11921129cc5ae1
G|LP0420|ConsensusExact|step2|attempt_1,G-af446779af9634a0f135183dcf9f708715de5dc5,G,target,LP0420,Consensus,consensus_exact_step2_estimate,1,google/gemma-4-31B-it,c7999dc7ff0a15cc7a166f00db4c8224978ad4d5909516255a818bf0dfcb8801,ec9f25e6b68d12ca6182161cdc389e0da99a8cff29c47b015f1d07a6633e4cf0,consensus_benchmark_exact_v1,prompt_compiler_v2_split_g_f,236913558,pending,Q001,"{""Q001"": ""consensus_estimate_net_zero_before_2085""}",consensus_exact_step2,c444a6eac0c7b6cd317bc71d70e09e8e9d8b0a57308ceb8b4c11921129cc5ae1
G|LP0421|ConsensusExact|step2|attempt_1,G-226d6bacfc6944aa23e3bfb6d4b11405d58169ff,G,target,LP0421,Consensus,consensus_exact_step2_estimate,1,google/gemma-4-31B-it,77d4e7233c457c3b14953066d24bdf781a8348686ff02e31a3932ca453a1e209,ec9f25e6b68d12ca6182161cdc389e0da99a8cff29c47b015f1d07a6633e4cf0,consensus_benchmark_exact_v1,prompt_compiler_v2_split_g_f,1094982660,pending,Q001,"{""Q001"": ""consensus_estimate_net_zero_before_2085""}",consensus_exact_step2,c444a6eac0c7b6cd317bc71d70e09e8e9d8b0a57308ceb8b4c11921129cc5ae1
G|LP0422|ConsensusExact|step2|attempt_1,G-f3a4ec78b925063d92ad9470dcb86c0ec0587ee0,G,target,LP0422,Consensus,consensus_exact_step2_estimate,1,google/gemma-4-31B-it,dde494ff84aeb7a4fc5deb2f5f79a286ec74ead2459e19a7d320a8383fc87104,ec9f25e6b68d12ca6182161cdc389e0da99a8cff29c47b015f1d07a6633e4cf0,consensus_benchmark_exact_v1,prompt_compiler_v2_split_g_f,544137010,pending,Q001,"{""Q001"": ""consensus_estimate_net_zero_before_2085""}",consensus_exact_step2,c444a6eac0c7b6cd317bc71d70e09e8e9d8b0a57308ceb8b4c11921129cc5ae1
G|LP0423|ConsensusExact|step2|attempt_1,G-7083e62118e5e4f45f66b4879810e9cc5a52f6b7,G,target,LP0423,Consensus,consensus_exact_step2_estimate,1,google/gemma-4-31B-it,0ccaddfee35e8fd6484e4282e34079823c1e2c6433081b0f30c9f9dc37b5efd0,ec9f25e6b68d12ca6182161cdc389e0da99a8cff29c47b015f1d07a6633e4cf0,consensus_benchmark_exact_v1,prompt_compiler_v2_split_g_f,2045620535,pending,Q001,"{""Q001"": ""consensus_estimate_net_zero_before_2085""}",consensus_exact_step2,c444a6eac0c7b6cd317bc71d70e09e8e9d8b0a57308ceb8b4c11921129cc5ae1
G|LP0424|ConsensusExact|step2|attempt_1,G-e68478f975e7c9ff037cd116ea045f38ff6c6c91,G,target,LP0424,Consensus,consensus_exact_step2_estimate,1,google/gemma-4-31B-it,5ad3edd3d9d3bc35bccd7b7535e51267c7a9fc7de4bfe79a748b137c4abf98ea,ec9f25e6b68d12ca6182161cdc389e0da99a8cff29c47b015f1d07a6633e4cf0,consensus_benchmark_exact_v1,prompt_compiler_v2_split_g_f,1123073013,pending,Q001,"{""Q001"": ""consensus_estimate_net_zero_before_2085""}",consensus_exact_step2,c444a6eac0c7b6cd317bc71d70e09e8e9d8b0a57308ceb8b4c11921129cc5ae1
G|LP0425|ConsensusExact|step2|attempt_1,G-addf9a07f7ab5cbce3ef63a8d18a95976361f5b2,G,target,LP0425,Consensus,consensus_exact_step2_estimate,1,google/gemma-4-31B-it,e67e57f22acf399ba5f7e439e3344b3c1552ce2832d3871f94e77606b3bba584,ec9f25e6b68d12ca6182161cdc389e0da99a8cff29c47b015f1d07a6633e4cf0,consensus_benchmark_exact_v1,prompt_compiler_v2_split_g_f,1399492814,pending,Q001,"{""Q001"": ""consensus_estimate_net_zero_before_2085""}",consensus_exact_step2,c444a6eac0c7b6cd317bc71d70e09e8e9d8b0a57308ceb8b4c11921129cc5ae1
G|LP0426|ConsensusExact|step2|attempt_1,G-d7041a468f65fb51d38a2f2ece6e471efb151c87,G,target,LP0426,Consensus,consensus_exact_step2_estimate,1,google/gemma-4-31B-it,f26db9db9c444c81d891a2d1e2f7af917d1400824dba5fffc155214a158d77c3,ec9f25e6b68d12ca6182161cdc389e0da99a8cff29c47b015f1d07a6633e4cf0,consensus_benchmark_exact_v1,prompt_compiler_v2_split_g_f,1030631393,pending,Q001,"{""Q001"": ""consensus_estimate_net_zero_before_2085""}",consensus_exact_step2,c444a6eac0c7b6cd317bc71d70e09e8e9d8b0a57308ceb8b4c11921129cc5ae1
G|LP0427|ConsensusExact|step2|attempt_1,G-e865f234bf33768d9c9332c936fe58e760a6e474,G,target,LP0427,Consensus,consensus_exact_step2_estimate,1,google/gemma-4-31B-it,c79865bcdcfaffd6a49af236242fa271b94cd81afa60e68f76832f6dfe2a39a5,ec9f25e6b68d12ca6182161cdc389e0da99a8cff29c47b015f1d07a6633e4cf0,consensus_benchmark_exact_v1,prompt_compiler_v2_split_g_f,268393210,pending,Q001,"{""Q001"": ""consensus_estimate_net_zero_before_2085""}",consensus_exact_step2,c444a6eac0c7b6cd317bc71d70e09e8e9d8b0a57308ceb8b4c11921129cc5ae1
G|LP0428|ConsensusExact|step2|attempt_1,G-dc8a662bffc45c63b59d183e707c44ea46086ec0,G,target,LP0428,Consensus,consensus_exact_step2_estimate,1,google/gemma-4-31B-it,97b694ebc29e69d3df9a66dd75ce4d6640a55198f92fb6cd16fb9ff1222accb9,ec9f25e6b68d12ca6182161cdc389e0da99a8cff29c47b015f1d07a6633e4cf0,consensus_benchmark_exact_v1,prompt_compiler_v2_split_g_f,953755838,pending,Q001,"{""Q001"": ""consensus_estimate_net_zero_before_2085""}",consensus_exact_step2,c444a6eac0c7b6cd317bc71d70e09e8e9d8b0a57308ceb8b4c11921129cc5ae1
G|LP0429|ConsensusExact|step2|attempt_1,G-9f72edff2ce5c3c261388b4c6f257a65159ec491,G,target,LP0429,Consensus,consensus_exact_step2_estimate,1,google/gemma-4-31B-it,86632d7723b0dc93c90f696936dbf1ef707e9bfd726067ceb20ad9fe627d8f6d,ec9f25e6b68d12ca6182161cdc389e0da99a8cff29c47b015f1d07a6633e4cf0,consensus_benchmark_exact_v1,prompt_compiler_v2_split_g_f,1808506818,pending,Q001,"{""Q001"": ""consensus_estimate_net_zero_before_2085""}",consensus_exact_step2,c444a6eac0c7b6cd317bc71d70e09e8e9d8b0a57308ceb8b4c11921129cc5ae1
G|LP0430|ConsensusExact|step2|attempt_1,G-fc55f17218e62dc2bbd5e3cb6400481eb8106a73,G,target,LP0430,Consensus,consensus_exact_step2_estimate,1,google/gemma-4-31B-it,6143014cc3795fa1ade5f2b657ef3a522b48bedd7b5bac016e9a542459b4cb07,ec9f25e6b68d12ca6182161cdc389e0da99a8cff29c47b015f1d07a6633e4cf0,consensus_benchmark_exact_v1,prompt_compiler_v2_split_g_f,294785194,pending,Q001,"{""Q001"": ""consensus_estimate_net_zero_before_2085""}",consensus_exact_step2,c444a6eac0c7b6cd317bc71d70e09e8e9d8b0a57308ceb8b4c11921129cc5ae1
G|LP0431|ConsensusExact|step2|attempt_1,G-d2ae23ea964a078afae181d145b6c68a2ab82202,G,target,LP0431,Consensus,consensus_exact_step2_estimate,1,google/gemma-4-31B-it,f59574c8b83ee60a6db13a690548ec2b092a1f655fa0503d7fca5a0e1e1e24bd,ec9f25e6b68d12ca6182161cdc389e0da99a8cff29c47b015f1d07a6633e4cf0,consensus_benchmark_exact_v1,prompt_compiler_v2_split_g_f,1000755042,pending,Q001,"{""Q001"": ""consensus_estimate_net_zero_before_2085""}",consensus_exact_step2,c444a6eac0c7b6cd317bc71d70e09e8e9d8b0a57308ceb8b4c11921129cc5ae1
G|LP0432|ConsensusExact|step2|attempt_1,G-85c63d403e33e482c131b18b257052a025b6b24d,G,target,LP0432,Consensus,consensus_exact_step2_estimate,1,google/gemma-4-31B-it,3d839190fa3ba66da99c8b4773a8df63537ab981b5c939ca4f375ad87ddb65c9,ec9f25e6b68d12ca6182161cdc389e0da99a8cff29c47b015f1d07a6633e4cf0,consensus_benchmark_exact_v1,prompt_compiler_v2_split_g_f,1237344004,pending,Q001,"{""Q001"": ""consensus_estimate_net_zero_before_2085""}",consensus_exact_step2,c444a6eac0c7b6cd317bc71d70e09e8e9d8b0a57308ceb8b4c11921129cc5ae1
G|LP0433|ConsensusExact|step2|attempt_1,G-f482a33cc5df9cf5c7a9b8bdaf42906ba631e05f,G,target,LP0433,Consensus,consensus_exact_step2_estimate,1,google/gemma-4-31B-it,db5c9efbeef4972300a9425dc160f91b3811f19eaead6621277090e09b4bd7f1,ec9f25e6b68d12ca6182161cdc389e0da99a8cff29c47b015f1d07a6633e4cf0,consensus_benchmark_exact_v1,prompt_compiler_v2_split_g_f,786752370,pending,Q001,"{""Q001"": ""consensus_estimate_net_zero_before_2085""}",consensus_exact_step2,c444a6eac0c7b6cd317bc71d70e09e8e9d8b0a57308ceb8b4c11921129cc5ae1
G|LP0434|ConsensusExact|step2|attempt_1,G-0e5703dc166738c3677058802fce835e5d9e2730,G,target,LP0434,Consensus,consensus_exact_step2_estimate,1,google/gemma-4-31B-it,445eea72eef2ceb5945dbec1a7a79b0dbd85236e6367587f69bbd7e08cadcb4d,ec9f25e6b68d12ca6182161cdc389e0da99a8cff29c47b015f1d07a6633e4cf0,consensus_benchmark_exact_v1,prompt_compiler_v2_split_g_f,857030779,pending,Q001,"{""Q001"": ""consensus_estimate_net_zero_before_2085""}",consensus_exact_step2,c444a6eac0c7b6cd317bc71d70e09e8e9d8b0a57308ceb8b4c11921129cc5ae1
G|LP0435|ConsensusExact|step2|attempt_1,G-30108a27b93656ac2ec1ed84e9681e5ca7e4a7ed,G,target,LP0435,Consensus,consensus_exact_step2_estimate,1,google/gemma-4-31B-it,b4d32da54ac3ecc434681cee80934c719316d942cf7f6b023a66ebb374307521,ec9f25e6b68d12ca6182161cdc389e0da99a8cff29c47b015f1d07a6633e4cf0,consensus_benchmark_exact_v1,prompt_compiler_v2_split_g_f,425159420,pending,Q001,"{""Q001"": ""consensus_estimate_net_zero_before_2085""}",consensus_exact_step2,c444a6eac0c7b6cd317bc71d70e09e8e9d8b0a57308ceb8b4c11921129cc5ae1
G|LP0436|ConsensusExact|step2|attempt_1,G-3f80d5de084878018ed2e44c97f13a4767c1e19a,G,target,LP0436,Consensus,consensus_exact_step2_estimate,1,google/gemma-4-31B-it,0cf648cf63fb6aec7c9922e88b7120101d1544b7626040918f41805a521cc668,ec9f25e6b68d12ca6182161cdc389e0da99a8cff29c47b015f1d07a6633e4cf0,consensus_benchmark_exact_v1,prompt_compiler_v2_split_g_f,122299326,pending,Q001,"{""Q001"": ""consensus_estimate_net_zero_before_2085""}",consensus_exact_step2,c444a6eac0c7b6cd317bc71d70e09e8e9d8b0a57308ceb8b4c11921129cc5ae1
G|LP0437|ConsensusExact|step2|attempt_1,G-5a2053a698dcc41a7e23ec47a6775b1e1693bc11,G,target,LP0437,Consensus,consensus_exact_step2_estimate,1,google/gemma-4-31B-it,7ea8aa319f410d7ace7f60066ce9c046973206f60985c715da856f8fde9ce7f5,ec9f25e6b68d12ca6182161cdc389e0da99a8cff29c47b015f1d07a6633e4cf0,consensus_benchmark_exact_v1,prompt_compiler_v2_split_g_f,1293773672,pending,Q001,"{""Q001"": ""consensus_estimate_net_zero_before_2085""}",consensus_exact_step2,c444a6eac0c7b6cd317bc71d70e09e8e9d8b0a57308ceb8b4c11921129cc5ae1
G|LP0438|ConsensusExact|step2|attempt_1,G-888ed8ab38968e84989d1b1a7be5554ba448cac1,G,target,LP0438,Consensus,consensus_exact_step2_estimate,1,google/gemma-4-31B-it,f77f5cac90786dae16129dc7ff7556a896aa6a802693b36b4887c447c9bd04e3,ec9f25e6b68d12ca6182161cdc389e0da99a8cff29c47b015f1d07a6633e4cf0,consensus_benchmark_exact_v1,prompt_compiler_v2_split_g_f,1236549596,pending,Q001,"{""Q001"": ""consensus_estimate_net_zero_before_2085""}",consensus_exact_step2,c444a6eac0c7b6cd317bc71d70e09e8e9d8b0a57308ceb8b4c11921129cc5ae1
G|LP0439|ConsensusExact|step2|attempt_1,G-506fe77043829b9fc9537ef4ff8f92fa542e9324,G,target,LP0439,Consensus,consensus_exact_step2_estimate,1,google/gemma-4-31B-it,6d91fd5889213f48ab732d11fbd09a86ed8700cb78855f243d064cc0db532d4b,ec9f25e6b68d12ca6182161cdc389e0da99a8cff29c47b015f1d07a6633e4cf0,consensus_benchmark_exact_v1,prompt_compiler_v2_split_g_f,1684171392,pending,Q001,"{""Q001"": ""consensus_estimate_net_zero_before_2085""}",consensus_exact_step2,c444a6eac0c7b6cd317bc71d70e09e8e9d8b0a57308ceb8b4c11921129cc5ae1
G|LP0440|ConsensusExact|step2|attempt_1,G-cd0a9f964ebb5533a38cbc1c5141e5b8bfae8da5,G,target,LP0440,Consensus,consensus_exact_step2_estimate,1,google/gemma-4-31B-it,b74cb33916a87d70a26174bcacd3469307ab5237a7154c133c4d64228929a2fc,ec9f25e6b68d12ca6182161cdc389e0da99a8cff29c47b015f1d07a6633e4cf0,consensus_benchmark_exact_v1,prompt_compiler_v2_split_g_f,1758499938,pending,Q001,"{""Q001"": ""consensus_estimate_net_zero_before_2085""}",consensus_exact_step2,c444a6eac0c7b6cd317bc71d70e09e8e9d8b0a57308ceb8b4c11921129cc5ae1
G|LP0441|ConsensusExact|step2|attempt_1,G-8da7960abd09fb07bf06d882f6bf6dde0ce760a3,G,target,LP0441,Consensus,consensus_exact_step2_estimate,1,google/gemma-4-31B-it,97c64688af1414ab9e7a1d9bc1957cd83d51e0d6181b984a474691ec559f4664,ec9f25e6b68d12ca6182161cdc389e0da99a8cff29c47b015f1d07a6633e4cf0,consensus_benchmark_exact_v1,prompt_compiler_v2_split_g_f,1482237726,pending,Q001,"{""Q001"": ""consensus_estimate_net_zero_before_2085""}",consensus_exact_step2,c444a6eac0c7b6cd317bc71d70e09e8e9d8b0a57308ceb8b4c11921129cc5ae1
G|LP0442|ConsensusExact|step2|attempt_1,G-28a43f53146bbda21a0f47ceb6ee1319cfe866e7,G,target,LP0442,Consensus,consensus_exact_step2_estimate,1,google/gemma-4-31B-it,a9a48aeeb77f725c70cfed498f56a3e91ab1f10095c3682e6301a295ab294389,ec9f25e6b68d12ca6182161cdc389e0da99a8cff29c47b015f1d07a6633e4cf0,consensus_benchmark_exact_v1,prompt_compiler_v2_split_g_f,1706310728,pending,Q001,"{""Q001"": ""consensus_estimate_net_zero_before_2085""}",consensus_exact_step2,c444a6eac0c7b6cd317bc71d70e09e8e9d8b0a57308ceb8b4c11921129cc5ae1
G|LP0443|ConsensusExact|step2|attempt_1,G-f5ac49b32cd6d97c8a12da5369528720278dde34,G,target,LP0443,Consensus,consensus_exact_step2_estimate,1,google/gemma-4-31B-it,e616037e2158d08c69cdddfdb67297e7406fa231dcc314b7d82047a40c667086,ec9f25e6b68d12ca6182161cdc389e0da99a8cff29c47b015f1d07a6633e4cf0,consensus_benchmark_exact_v1,prompt_compiler_v2_split_g_f,405761254,pending,Q001,"{""Q001"": ""consensus_estimate_net_zero_before_2085""}",consensus_exact_step2,c444a6eac0c7b6cd317bc71d70e09e8e9d8b0a57308ceb8b4c11921129cc5ae1
G|LP0444|ConsensusExact|step2|attempt_1,G-11dff883e250b98ec4f1a0d65ea33ef74bd64a8f,G,target,LP0444,Consensus,consensus_exact_step2_estimate,1,google/gemma-4-31B-it,61ecabb99c035ebbd0617a861cb5d6f9518eaae8f9a29657b7fb6b2afae6a8ad,ec9f25e6b68d12ca6182161cdc389e0da99a8cff29c47b015f1d07a6633e4cf0,consensus_benchmark_exact_v1,prompt_compiler_v2_split_g_f,101755542,pending,Q001,"{""Q001"": ""consensus_estimate_net_zero_before_2085""}",consensus_exact_step2,c444a6eac0c7b6cd317bc71d70e09e8e9d8b0a57308ceb8b4c11921129cc5ae1
G|LP0445|ConsensusExact|step2|attempt_1,G-7a26c93e07b49cd2466545cc354b958a5d71783d,G,target,LP0445,Consensus,consensus_exact_step2_estimate,1,google/gemma-4-31B-it,42fbc9ac415059cbc59048e05f5ffebaa46c6441ef7408acaa81d03bfce39339,ec9f25e6b68d12ca6182161cdc389e0da99a8cff29c47b015f1d07a6633e4cf0,consensus_benchmark_exact_v1,prompt_compiler_v2_split_g_f,2080517967,pending,Q001,"{""Q001"": ""consensus_estimate_net_zero_before_2085""}",consensus_exact_step2,c444a6eac0c7b6cd317bc71d70e09e8e9d8b0a57308ceb8b4c11921129cc5ae1
G|LP0446|ConsensusExact|step2|attempt_1,G-02546bef6b23980d5557ac2db2a0bdd8c5a32956,G,target,LP0446,Consensus,consensus_exact_step2_estimate,1,google/gemma-4-31B-it,9ec3774a5704de532c0054376ba6b3e3c322326c729fd7c9b32969ff366b953c,ec9f25e6b68d12ca6182161cdc389e0da99a8cff29c47b015f1d07a6633e4cf0,consensus_benchmark_exact_v1,prompt_compiler_v2_split_g_f,1875668971,pending,Q001,"{""Q001"": ""consensus_estimate_net_zero_before_2085""}",consensus_exact_step2,c444a6eac0c7b6cd317bc71d70e09e8e9d8b0a57308ceb8b4c11921129cc5ae1
G|LP0447|ConsensusExact|step2|attempt_1,G-039050b98f955ae537f8a38c473ced68bffd624a,G,target,LP0447,Consensus,consensus_exact_step2_estimate,1,google/gemma-4-31B-it,c6dea6102e17c340e89b3d02eac5e9571940193031523104ba3d7bebb2fff0c9,ec9f25e6b68d12ca6182161cdc389e0da99a8cff29c47b015f1d07a6633e4cf0,consensus_benchmark_exact_v1,prompt_compiler_v2_split_g_f,381025368,pending,Q001,"{""Q001"": ""consensus_estimate_net_zero_before_2085""}",consensus_exact_step2,c444a6eac0c7b6cd317bc71d70e09e8e9d8b0a57308ceb8b4c11921129cc5ae1
G|LP0448|ConsensusExact|step2|attempt_1,G-8767acc4d9221102a293cb7cdee66154055e510e,G,target,LP0448,Consensus,consensus_exact_step2_estimate,1,google/gemma-4-31B-it,7d63c08ba651f97ddf2f496f82e50d7862821088c527901aaa8cc5359433c05b,ec9f25e6b68d12ca6182161cdc389e0da99a8cff29c47b015f1d07a6633e4cf0,consensus_benchmark_exact_v1,prompt_compiler_v2_split_g_f,1743874701,pending,Q001,"{""Q001"": ""consensus_estimate_net_zero_before_2085""}",consensus_exact_step2,c444a6eac0c7b6cd317bc71d70e09e8e9d8b0a57308ceb8b4c11921129cc5ae1
G|LP0449|ConsensusExact|step2|attempt_1,G-c7d9b5730742bbf466567936dcfe231ae59ffb2b,G,target,LP0449,Consensus,consensus_exact_step2_estimate,1,google/gemma-4-31B-it,e9fc791a3ba03d49f111df1cc3d775829f316f7366011e32d189397bdfddabd2,ec9f25e6b68d12ca6182161cdc389e0da99a8cff29c47b015f1d07a6633e4cf0,consensus_benchmark_exact_v1,prompt_compiler_v2_split_g_f,385230557,pending,Q001,"{""Q001"": ""consensus_estimate_net_zero_before_2085""}",consensus_exact_step2,c444a6eac0c7b6cd317bc71d70e09e8e9d8b0a57308ceb8b4c11921129cc5ae1
G|LP0450|ConsensusExact|step2|attempt_1,G-447644aaced6b6c39f7fb1b54f9cd1e31f203c40,G,target,LP0450,Consensus,consensus_exact_step2_estimate,1,google/gemma-4-31B-it,636e970a26b17db6a59ab3853e90a63f783bb118d03bcba7b23d53a40c846bfd,ec9f25e6b68d12ca6182161cdc389e0da99a8cff29c47b015f1d07a6633e4cf0,consensus_benchmark_exact_v1,prompt_compiler_v2_split_g_f,1472413721,pending,Q001,"{""Q001"": ""consensus_estimate_net_zero_before_2085""}",consensus_exact_step2,c444a6eac0c7b6cd317bc71d70e09e8e9d8b0a57308ceb8b4c11921129cc5ae1
G|LP0451|ConsensusExact|step2|attempt_1,G-1df4fe41bd6a15ccfb0fce423e114e854c265f08,G,target,LP0451,Consensus,consensus_exact_step2_estimate,1,google/gemma-4-31B-it,a0ad79a0d6f7689724bc42fa187ac29ccae22ce7120becffe5aaa3a9e1018b37,ec9f25e6b68d12ca6182161cdc389e0da99a8cff29c47b015f1d07a6633e4cf0,consensus_benchmark_exact_v1,prompt_compiler_v2_split_g_f,2035552847,pending,Q001,"{""Q001"": ""consensus_estimate_net_zero_before_2085""}",consensus_exact_step2,c444a6eac0c7b6cd317bc71d70e09e8e9d8b0a57308ceb8b4c11921129cc5ae1
G|LP0452|ConsensusExact|step2|attempt_1,G-e69e55a76217d305ea0c1fcd6fd3f611224e631c,G,target,LP0452,Consensus,consensus_exact_step2_estimate,1,google/gemma-4-31B-it,c4384a5d28d260c2af57c1ec0ebf8926b240df2b7e96fa36154a7c0dae7333c1,ec9f25e6b68d12ca6182161cdc389e0da99a8cff29c47b015f1d07a6633e4cf0,consensus_benchmark_exact_v1,prompt_compiler_v2_split_g_f,794066519,pending,Q001,"{""Q001"": ""consensus_estimate_net_zero_before_2085""}",consensus_exact_step2,c444a6eac0c7b6cd317bc71d70e09e8e9d8b0a57308ceb8b4c11921129cc5ae1
G|LP0453|ConsensusExact|step2|attempt_1,G-23e296cf663c653827c822b5ecaf77c84336a925,G,target,LP0453,Consensus,consensus_exact_step2_estimate,1,google/gemma-4-31B-it,526bbd4eff428a4cffe937e68fdab9e563631b765ee495dc1bfb6a94537eaf57,ec9f25e6b68d12ca6182161cdc389e0da99a8cff29c47b015f1d07a6633e4cf0,consensus_benchmark_exact_v1,prompt_compiler_v2_split_g_f,771855063,pending,Q001,"{""Q001"": ""consensus_estimate_net_zero_before_2085""}",consensus_exact_step2,c444a6eac0c7b6cd317bc71d70e09e8e9d8b0a57308ceb8b4c11921129cc5ae1
G|LP0454|ConsensusExact|step2|attempt_1,G-e42aac2696b0db87729cdadd48c1daec3811b4a5,G,target,LP0454,Consensus,consensus_exact_step2_estimate,1,google/gemma-4-31B-it,b740e27bc1f4294248fb436182464004b0b947c36ee0887b54c501d01ead3836,ec9f25e6b68d12ca6182161cdc389e0da99a8cff29c47b015f1d07a6633e4cf0,consensus_benchmark_exact_v1,prompt_compiler_v2_split_g_f,1594242007,pending,Q001,"{""Q001"": ""consensus_estimate_net_zero_before_2085""}",consensus_exact_step2,c444a6eac0c7b6cd317bc71d70e09e8e9d8b0a57308ceb8b4c11921129cc5ae1
G|LP0455|ConsensusExact|step2|attempt_1,G-f95e975f82b9e1605be0264abcc90fbb99f559b3,G,target,LP0455,Consensus,consensus_exact_step2_estimate,1,google/gemma-4-31B-it,18493dcedc2bc6a0173a2426c2c87306a0a0b806ac103ec2187998d63cee0e9e,ec9f25e6b68d12ca6182161cdc389e0da99a8cff29c47b015f1d07a6633e4cf0,consensus_benchmark_exact_v1,prompt_compiler_v2_split_g_f,1970737186,pending,Q001,"{""Q001"": ""consensus_estimate_net_zero_before_2085""}",consensus_exact_step2,c444a6eac0c7b6cd317bc71d70e09e8e9d8b0a57308ceb8b4c11921129cc5ae1
G|LP0456|ConsensusExact|step2|attempt_1,G-1fc5023c9f0da901788846016ecde3a970eaec0c,G,target,LP0456,Consensus,consensus_exact_step2_estimate,1,google/gemma-4-31B-it,bb93c82c6f1fabd29f4199b5cb4edd8225d095dd7a9f35e15c983fbaae69c9e4,ec9f25e6b68d12ca6182161cdc389e0da99a8cff29c47b015f1d07a6633e4cf0,consensus_benchmark_exact_v1,prompt_compiler_v2_split_g_f,1586998650,pending,Q001,"{""Q001"": ""consensus_estimate_net_zero_before_2085""}",consensus_exact_step2,c444a6eac0c7b6cd317bc71d70e09e8e9d8b0a57308ceb8b4c11921129cc5ae1
G|LP0457|ConsensusExact|step2|attempt_1,G-66a43fae98e60c6c43c9070ff7d891e0cb88cee3,G,target,LP0457,Consensus,consensus_exact_step2_estimate,1,google/gemma-4-31B-it,811dfec9c48da042e2765c8f493809e7de490c1d790112573f8ec1736390c0e2,ec9f25e6b68d12ca6182161cdc389e0da99a8cff29c47b015f1d07a6633e4cf0,consensus_benchmark_exact_v1,prompt_compiler_v2_split_g_f,1714326474,pending,Q001,"{""Q001"": ""consensus_estimate_net_zero_before_2085""}",consensus_exact_step2,c444a6eac0c7b6cd317bc71d70e09e8e9d8b0a57308ceb8b4c11921129cc5ae1
G|LP0458|ConsensusExact|step2|attempt_1,G-6a7373e049566009ecd8ae354e7b30ef004fa1ea,G,target,LP0458,Consensus,consensus_exact_step2_estimate,1,google/gemma-4-31B-it,b77a8b0f422e012514aa3603916209c226a6833f61903eaf08fde6c6f2d9dc80,ec9f25e6b68d12ca6182161cdc389e0da99a8cff29c47b015f1d07a6633e4cf0,consensus_benchmark_exact_v1,prompt_compiler_v2_split_g_f,507332555,pending,Q001,"{""Q001"": ""consensus_estimate_net_zero_before_2085""}",consensus_exact_step2,c444a6eac0c7b6cd317bc71d70e09e8e9d8b0a57308ceb8b4c11921129cc5ae1
G|LP0459|ConsensusExact|step2|attempt_1,G-59dd1d500c46c515a5cc8e3c535e776ed00a245a,G,target,LP0459,Consensus,consensus_exact_step2_estimate,1,google/gemma-4-31B-it,54a9fb7a15105c5e4c0afed294baa8dad15b18e26fb6a0f5d54df35b99445a7a,ec9f25e6b68d12ca6182161cdc389e0da99a8cff29c47b015f1d07a6633e4cf0,consensus_benchmark_exact_v1,prompt_compiler_v2_split_g_f,1073807286,pending,Q001,"{""Q001"": ""consensus_estimate_net_zero_before_2085""}",consensus_exact_step2,c444a6eac0c7b6cd317bc71d70e09e8e9d8b0a57308ceb8b4c11921129cc5ae1
G|LP0460|ConsensusExact|step2|attempt_1,G-a6ea273aaa64b3877c2b246076d538a339705f2a,G,target,LP0460,Consensus,consensus_exact_step2_estimate,1,google/gemma-4-31B-it,0a640061bb708997b96f621b308db63661df4d2388baffa346fa46cc6c843b97,ec9f25e6b68d12ca6182161cdc389e0da99a8cff29c47b015f1d07a6633e4cf0,consensus_benchmark_exact_v1,prompt_compiler_v2_split_g_f,2017001982,pending,Q001,"{""Q001"": ""consensus_estimate_net_zero_before_2085""}",consensus_exact_step2,c444a6eac0c7b6cd317bc71d70e09e8e9d8b0a57308ceb8b4c11921129cc5ae1
G|LP0461|ConsensusExact|step2|attempt_1,G-de1cab92d2862094d571eb8786e9d678a1185ecb,G,target,LP0461,Consensus,consensus_exact_step2_estimate,1,google/gemma-4-31B-it,a9f2cebcfb7a2d58d8494420fdb5477618b1b39e2d038803c10843c624ca5e52,ec9f25e6b68d12ca6182161cdc389e0da99a8cff29c47b015f1d07a6633e4cf0,consensus_benchmark_exact_v1,prompt_compiler_v2_split_g_f,247429053,pending,Q001,"{""Q001"": ""consensus_estimate_net_zero_before_2085""}",consensus_exact_step2,c444a6eac0c7b6cd317bc71d70e09e8e9d8b0a57308ceb8b4c11921129cc5ae1
G|LP0462|ConsensusExact|step2|attempt_1,G-fa51e0a23e76162bfd8bcd317a282062341c4666,G,target,LP0462,Consensus,consensus_exact_step2_estimate,1,google/gemma-4-31B-it,fa7f05c4f7e0c77f05ffab1ef53f2494015ed27434e367f4f07c377b7def1b3a,ec9f25e6b68d12ca6182161cdc389e0da99a8cff29c47b015f1d07a6633e4cf0,consensus_benchmark_exact_v1,prompt_compiler_v2_split_g_f,857331571,pending,Q001,"{""Q001"": ""consensus_estimate_net_zero_before_2085""}",consensus_exact_step2,c444a6eac0c7b6cd317bc71d70e09e8e9d8b0a57308ceb8b4c11921129cc5ae1
G|LP0463|ConsensusExact|step2|attempt_1,G-082a8ef508145490b558ce5ca49d101cdc000703,G,target,LP0463,Consensus,consensus_exact_step2_estimate,1,google/gemma-4-31B-it,a5b53ddb29de7fcc0b6d3329abaed6950b5c0f27b36654a80aecc261b022d97f,ec9f25e6b68d12ca6182161cdc389e0da99a8cff29c47b015f1d07a6633e4cf0,consensus_benchmark_exact_v1,prompt_compiler_v2_split_g_f,409563770,pending,Q001,"{""Q001"": ""consensus_estimate_net_zero_before_2085""}",consensus_exact_step2,c444a6eac0c7b6cd317bc71d70e09e8e9d8b0a57308ceb8b4c11921129cc5ae1
G|LP0464|ConsensusExact|step2|attempt_1,G-976d16c78ba6eab7204ef0c1f279915fe99a1030,G,target,LP0464,Consensus,consensus_exact_step2_estimate,1,google/gemma-4-31B-it,699ccdfef75f8ace1ccab8b41ebce826c22aad52d1831031d922f53be4e6b08e,ec9f25e6b68d12ca6182161cdc389e0da99a8cff29c47b015f1d07a6633e4cf0,consensus_benchmark_exact_v1,prompt_compiler_v2_split_g_f,981538888,pending,Q001,"{""Q001"": ""consensus_estimate_net_zero_before_2085""}",consensus_exact_step2,c444a6eac0c7b6cd317bc71d70e09e8e9d8b0a57308ceb8b4c11921129cc5ae1
G|LP0465|ConsensusExact|step2|attempt_1,G-e390fe9aea69b40055678c59b294b8265fd54a7b,G,target,LP0465,Consensus,consensus_exact_step2_estimate,1,google/gemma-4-31B-it,c371700c0f05d79688a44d4472afe88e459e5d18b072ae1a22313db2e1ef3d62,ec9f25e6b68d12ca6182161cdc389e0da99a8cff29c47b015f1d07a6633e4cf0,consensus_benchmark_exact_v1,prompt_compiler_v2_split_g_f,831238457,pending,Q001,"{""Q001"": ""consensus_estimate_net_zero_before_2085""}",consensus_exact_step2,c444a6eac0c7b6cd317bc71d70e09e8e9d8b0a57308ceb8b4c11921129cc5ae1
G|LP0466|ConsensusExact|step2|attempt_1,G-cfb897dfb88b9b239988b9efb2bab7b89256685d,G,target,LP0466,Consensus,consensus_exact_step2_estimate,1,google/gemma-4-31B-it,43bc4b71c3a8476cd4ef9cdffa7ed3538e66099084b38251943a1c399db7b5ef,ec9f25e6b68d12ca6182161cdc389e0da99a8cff29c47b015f1d07a6633e4cf0,consensus_benchmark_exact_v1,prompt_compiler_v2_split_g_f,1476184805,pending,Q001,"{""Q001"": ""consensus_estimate_net_zero_before_2085""}",consensus_exact_step2,c444a6eac0c7b6cd317bc71d70e09e8e9d8b0a57308ceb8b4c11921129cc5ae1
G|LP0467|ConsensusExact|step2|attempt_1,G-ddddfc3cdeadb75db67388370174a79948036431,G,target,LP0467,Consensus,consensus_exact_step2_estimate,1,google/gemma-4-31B-it,e11f195a2ce21d8cf80b8121f409cba51c85ba4a9050db58738d256830f0e49f,ec9f25e6b68d12ca6182161cdc389e0da99a8cff29c47b015f1d07a6633e4cf0,consensus_benchmark_exact_v1,prompt_compiler_v2_split_g_f,443133914,pending,Q001,"{""Q001"": ""consensus_estimate_net_zero_before_2085""}",consensus_exact_step2,c444a6eac0c7b6cd317bc71d70e09e8e9d8b0a57308ceb8b4c11921129cc5ae1
G|LP0468|ConsensusExact|step2|attempt_1,G-816660dfa578df3e7f49c5a7f1e4c4acfe076916,G,target,LP0468,Consensus,consensus_exact_step2_estimate,1,google/gemma-4-31B-it,c1ad3efde44c071d48bb57c67d9bdeca61996d40ff58c087e67dd023c2b0e301,ec9f25e6b68d12ca6182161cdc389e0da99a8cff29c47b015f1d07a6633e4cf0,consensus_benchmark_exact_v1,prompt_compiler_v2_split_g_f,675651839,pending,Q001,"{""Q001"": ""consensus_estimate_net_zero_before_2085""}",consensus_exact_step2,c444a6eac0c7b6cd317bc71d70e09e8e9d8b0a57308ceb8b4c11921129cc5ae1
G|LP0469|ConsensusExact|step2|attempt_1,G-2686ce8e070170d2287aeb6a6e046ebcaa207429,G,target,LP0469,Consensus,consensus_exact_step2_estimate,1,google/gemma-4-31B-it,8c200cc87cc0b6b7ff921265f6bcda67cf062de72b2f5eea646d07dc9ae4c90c,ec9f25e6b68d12ca6182161cdc389e0da99a8cff29c47b015f1d07a6633e4cf0,consensus_benchmark_exact_v1,prompt_compiler_v2_split_g_f,1410272750,pending,Q001,"{""Q001"": ""consensus_estimate_net_zero_before_2085""}",consensus_exact_step2,c444a6eac0c7b6cd317bc71d70e09e8e9d8b0a57308ceb8b4c11921129cc5ae1
G|LP0470|ConsensusExact|step2|attempt_1,G-f358741f2d8e38d1efd2a8c347c585da53d51f68,G,target,LP0470,Consensus,consensus_exact_step2_estimate,1,google/gemma-4-31B-it,0e92f5c01c6e7843068907fad1c305090c794932a90a9604971da46ac683e8d0,ec9f25e6b68d12ca6182161cdc389e0da99a8cff29c47b015f1d07a6633e4cf0,consensus_benchmark_exact_v1,prompt_compiler_v2_split_g_f,339681555,pending,Q001,"{""Q001"": ""consensus_estimate_net_zero_before_2085""}",consensus_exact_step2,c444a6eac0c7b6cd317bc71d70e09e8e9d8b0a57308ceb8b4c11921129cc5ae1
G|LP0471|ConsensusExact|step2|attempt_1,G-73771bba9b22b56e8d3765ac04e317ceed98fb36,G,target,LP0471,Consensus,consensus_exact_step2_estimate,1,google/gemma-4-31B-it,6a4e02767fe7d588dc75cc4e9259226d01415cc8da2b3a655b8c9ba8c4331c62,ec9f25e6b68d12ca6182161cdc389e0da99a8cff29c47b015f1d07a6633e4cf0,consensus_benchmark_exact_v1,prompt_compiler_v2_split_g_f,34663653,pending,Q001,"{""Q001"": ""consensus_estimate_net_zero_before_2085""}",consensus_exact_step2,c444a6eac0c7b6cd317bc71d70e09e8e9d8b0a57308ceb8b4c11921129cc5ae1
G|LP0472|ConsensusExact|step2|attempt_1,G-2dc814dc638e5069df7b8310080854b47885a61e,G,target,LP0472,Consensus,consensus_exact_step2_estimate,1,google/gemma-4-31B-it,76a8afcfcd2ce8875d7d02e18cdccad05b7c39e28ed933850b1e8142fb204a6c,ec9f25e6b68d12ca6182161cdc389e0da99a8cff29c47b015f1d07a6633e4cf0,consensus_benchmark_exact_v1,prompt_compiler_v2_split_g_f,1058961954,pending,Q001,"{""Q001"": ""consensus_estimate_net_zero_before_2085""}",consensus_exact_step2,c444a6eac0c7b6cd317bc71d70e09e8e9d8b0a57308ceb8b4c11921129cc5ae1
G|LP0473|ConsensusExact|step2|attempt_1,G-20ea6bd74d4b4192b1bc32b1b27d3db3135be614,G,target,LP0473,Consensus,consensus_exact_step2_estimate,1,google/gemma-4-31B-it,b83e72f79f1d83e6fdc6284dca5118b3ac819ccc013827c80817c716ccc16341,ec9f25e6b68d12ca6182161cdc389e0da99a8cff29c47b015f1d07a6633e4cf0,consensus_benchmark_exact_v1,prompt_compiler_v2_split_g_f,253761857,pending,Q001,"{""Q001"": ""consensus_estimate_net_zero_before_2085""}",consensus_exact_step2,c444a6eac0c7b6cd317bc71d70e09e8e9d8b0a57308ceb8b4c11921129cc5ae1
G|LP0474|ConsensusExact|step2|attempt_1,G-417c3e0a3d1c1dedc61f313b138c7d659eed8239,G,target,LP0474,Consensus,consensus_exact_step2_estimate,1,google/gemma-4-31B-it,fa8c46d04cbc6a3c0f005dcdcd0a309ef82814d1f48baa2bbdf10e0c3dd1df39,ec9f25e6b68d12ca6182161cdc389e0da99a8cff29c47b015f1d07a6633e4cf0,consensus_benchmark_exact_v1,prompt_compiler_v2_split_g_f,1075091970,pending,Q001,"{""Q001"": ""consensus_estimate_net_zero_before_2085""}",consensus_exact_step2,c444a6eac0c7b6cd317bc71d70e09e8e9d8b0a57308ceb8b4c11921129cc5ae1
G|LP0475|ConsensusExact|step2|attempt_1,G-952006634c3b53058b1fe0bd5349664af9f60ebe,G,target,LP0475,Consensus,consensus_exact_step2_estimate,1,google/gemma-4-31B-it,1ce304af9ee0f72933d4773250e24b5ef0f3328f5ca2cfca39426e08db30e47a,ec9f25e6b68d12ca6182161cdc389e0da99a8cff29c47b015f1d07a6633e4cf0,consensus_benchmark_exact_v1,prompt_compiler_v2_split_g_f,1987796941,pending,Q001,"{""Q001"": ""consensus_estimate_net_zero_before_2085""}",consensus_exact_step2,c444a6eac0c7b6cd317bc71d70e09e8e9d8b0a57308ceb8b4c11921129cc5ae1
G|LP0476|ConsensusExact|step2|attempt_1,G-af8da6097b9916ec06b6974da313d5111bc38084,G,target,LP0476,Consensus,consensus_exact_step2_estimate,1,google/gemma-4-31B-it,9d9afc739d76b418e0a4accc6cc4b5818782665d7cf13df13aa230aab3538095,ec9f25e6b68d12ca6182161cdc389e0da99a8cff29c47b015f1d07a6633e4cf0,consensus_benchmark_exact_v1,prompt_compiler_v2_split_g_f,1521771265,pending,Q001,"{""Q001"": ""consensus_estimate_net_zero_before_2085""}",consensus_exact_step2,c444a6eac0c7b6cd317bc71d70e09e8e9d8b0a57308ceb8b4c11921129cc5ae1
G|LP0477|ConsensusExact|step2|attempt_1,G-3cc08b8abdd5b72260c01f3c4f6db8f97359a6ec,G,target,LP0477,Consensus,consensus_exact_step2_estimate,1,google/gemma-4-31B-it,836ef39720d94469939dca2b715351366a9da2c694dee83082a8e8b47f413d36,ec9f25e6b68d12ca6182161cdc389e0da99a8cff29c47b015f1d07a6633e4cf0,consensus_benchmark_exact_v1,prompt_compiler_v2_split_g_f,928435768,pending,Q001,"{""Q001"": ""consensus_estimate_net_zero_before_2085""}",consensus_exact_step2,c444a6eac0c7b6cd317bc71d70e09e8e9d8b0a57308ceb8b4c11921129cc5ae1
G|LP0478|ConsensusExact|step2|attempt_1,G-45d59486ac814deedd82c150bcf713e08b4f8089,G,target,LP0478,Consensus,consensus_exact_step2_estimate,1,google/gemma-4-31B-it,2b2969dfe6f626d42c40baa133cd3c9c5c7a451c397b37154238919ddf2a58c8,ec9f25e6b68d12ca6182161cdc389e0da99a8cff29c47b015f1d07a6633e4cf0,consensus_benchmark_exact_v1,prompt_compiler_v2_split_g_f,942438140,pending,Q001,"{""Q001"": ""consensus_estimate_net_zero_before_2085""}",consensus_exact_step2,c444a6eac0c7b6cd317bc71d70e09e8e9d8b0a57308ceb8b4c11921129cc5ae1
G|LP0479|ConsensusExact|step2|attempt_1,G-63ed9344639bbdb1198a3a3088efd998d41a9954,G,target,LP0479,Consensus,consensus_exact_step2_estimate,1,google/gemma-4-31B-it,6e9675a28e84d3ae849b7c8e7452524b35b62d31ecf6406d722e5382696d7081,ec9f25e6b68d12ca6182161cdc389e0da99a8cff29c47b015f1d07a6633e4cf0,consensus_benchmark_exact_v1,prompt_compiler_v2_split_g_f,729211963,pending,Q001,"{""Q001"": ""consensus_estimate_net_zero_before_2085""}",consensus_exact_step2,c444a6eac0c7b6cd317bc71d70e09e8e9d8b0a57308ceb8b4c11921129cc5ae1
G|LP0480|ConsensusExact|step2|attempt_1,G-bdadb64e9c8c01c266be795926c087e890e4266f,G,target,LP0480,Consensus,consensus_exact_step2_estimate,1,google/gemma-4-31B-it,d0fa5e0682335c7024e09a2da50d82d0eed63d16247e3d75816d339e79269bb6,ec9f25e6b68d12ca6182161cdc389e0da99a8cff29c47b015f1d07a6633e4cf0,consensus_benchmark_exact_v1,prompt_compiler_v2_split_g_f,401043042,pending,Q001,"{""Q001"": ""consensus_estimate_net_zero_before_2085""}",consensus_exact_step2,c444a6eac0c7b6cd317bc71d70e09e8e9d8b0a57308ceb8b4c11921129cc5ae1
G|LP0481|ConsensusExact|step2|attempt_1,G-89eea539c8941860e36609d1e383cacd6a067e95,G,target,LP0481,Consensus,consensus_exact_step2_estimate,1,google/gemma-4-31B-it,19502746c13ba0737cb4b9eeb62facea4aa33d9ba125c31250ded9c2c915ac67,ec9f25e6b68d12ca6182161cdc389e0da99a8cff29c47b015f1d07a6633e4cf0,consensus_benchmark_exact_v1,prompt_compiler_v2_split_g_f,1550934741,pending,Q001,"{""Q001"": ""consensus_estimate_net_zero_before_2085""}",consensus_exact_step2,c444a6eac0c7b6cd317bc71d70e09e8e9d8b0a57308ceb8b4c11921129cc5ae1
G|LP0482|ConsensusExact|step2|attempt_1,G-57334ba9b128c684be486c2bf42b37ee0c064e80,G,target,LP0482,Consensus,consensus_exact_step2_estimate,1,google/gemma-4-31B-it,367c60f4166d127c0cb2e23dc701c1be743ba7f4592c05be6981befea1de54c8,ec9f25e6b68d12ca6182161cdc389e0da99a8cff29c47b015f1d07a6633e4cf0,consensus_benchmark_exact_v1,prompt_compiler_v2_split_g_f,1603231192,pending,Q001,"{""Q001"": ""consensus_estimate_net_zero_before_2085""}",consensus_exact_step2,c444a6eac0c7b6cd317bc71d70e09e8e9d8b0a57308ceb8b4c11921129cc5ae1
G|LP0483|ConsensusExact|step2|attempt_1,G-f68257754ccce9fe7bbd56e39f8779206b7c2b38,G,target,LP0483,Consensus,consensus_exact_step2_estimate,1,google/gemma-4-31B-it,b3d14b134b72760c462fd7ceb54ffd1cac3e89898a7c41dae0bd73d3de1ea30d,ec9f25e6b68d12ca6182161cdc389e0da99a8cff29c47b015f1d07a6633e4cf0,consensus_benchmark_exact_v1,prompt_compiler_v2_split_g_f,970037484,pending,Q001,"{""Q001"": ""consensus_estimate_net_zero_before_2085""}",consensus_exact_step2,c444a6eac0c7b6cd317bc71d70e09e8e9d8b0a57308ceb8b4c11921129cc5ae1
G|LP0484|ConsensusExact|step2|attempt_1,G-b1fbc8a4c89fc2d6b6cd5d22073f009844688c03,G,target,LP0484,Consensus,consensus_exact_step2_estimate,1,google/gemma-4-31B-it,7945608d3c0643c05029ac8c10fa2aea9190f7fea1a7a2228810f46dd92f937a,ec9f25e6b68d12ca6182161cdc389e0da99a8cff29c47b015f1d07a6633e4cf0,consensus_benchmark_exact_v1,prompt_compiler_v2_split_g_f,748114978,pending,Q001,"{""Q001"": ""consensus_estimate_net_zero_before_2085""}",consensus_exact_step2,c444a6eac0c7b6cd317bc71d70e09e8e9d8b0a57308ceb8b4c11921129cc5ae1
G|LP0485|ConsensusExact|step2|attempt_1,G-a6efc150e12c7d93fb45329eca7591fb79ac3c56,G,target,LP0485,Consensus,consensus_exact_step2_estimate,1,google/gemma-4-31B-it,23086670554bb903fecfed08caf0a1e7cf049bd12e17a28780411fd052b56375,ec9f25e6b68d12ca6182161cdc389e0da99a8cff29c47b015f1d07a6633e4cf0,consensus_benchmark_exact_v1,prompt_compiler_v2_split_g_f,789315639,pending,Q001,"{""Q001"": ""consensus_estimate_net_zero_before_2085""}",consensus_exact_step2,c444a6eac0c7b6cd317bc71d70e09e8e9d8b0a57308ceb8b4c11921129cc5ae1
G|LP0486|ConsensusExact|step2|attempt_1,G-b364888df37f2b7a341eb2bac6050e41c5fe8f5b,G,target,LP0486,Consensus,consensus_exact_step2_estimate,1,google/gemma-4-31B-it,908201653cf155d02d8a2a20708564cab9d0d646f880b68dd8f7104c2e6faa02,ec9f25e6b68d12ca6182161cdc389e0da99a8cff29c47b015f1d07a6633e4cf0,consensus_benchmark_exact_v1,prompt_compiler_v2_split_g_f,1514683544,pending,Q001,"{""Q001"": ""consensus_estimate_net_zero_before_2085""}",consensus_exact_step2,c444a6eac0c7b6cd317bc71d70e09e8e9d8b0a57308ceb8b4c11921129cc5ae1
G|LP0487|ConsensusExact|step2|attempt_1,G-9e79df0855dd5eb843ee997f4ecc28dde1506356,G,target,LP0487,Consensus,consensus_exact_step2_estimate,1,google/gemma-4-31B-it,ac9fbe79b1136b122c9e79b84b8b04be072c4c30c56b22bf887417be39689a43,ec9f25e6b68d12ca6182161cdc389e0da99a8cff29c47b015f1d07a6633e4cf0,consensus_benchmark_exact_v1,prompt_compiler_v2_split_g_f,315694283,pending,Q001,"{""Q001"": ""consensus_estimate_net_zero_before_2085""}",consensus_exact_step2,c444a6eac0c7b6cd317bc71d70e09e8e9d8b0a57308ceb8b4c11921129cc5ae1
G|LP0488|ConsensusExact|step2|attempt_1,G-7ed291924cb2410b85d4d5d56cdc9d09c0883612,G,target,LP0488,Consensus,consensus_exact_step2_estimate,1,google/gemma-4-31B-it,d589d473f631bdbaef28f6a338736038767ec194f95f98451dfa5e96bcac12c3,ec9f25e6b68d12ca6182161cdc389e0da99a8cff29c47b015f1d07a6633e4cf0,consensus_benchmark_exact_v1,prompt_compiler_v2_split_g_f,1247241265,pending,Q001,"{""Q001"": ""consensus_estimate_net_zero_before_2085""}",consensus_exact_step2,c444a6eac0c7b6cd317bc71d70e09e8e9d8b0a57308ceb8b4c11921129cc5ae1
G|LP0489|ConsensusExact|step2|attempt_1,G-f4ed9b75f1f4bac6ecde1610d7d0b91ef792942c,G,target,LP0489,Consensus,consensus_exact_step2_estimate,1,google/gemma-4-31B-it,4a1c7a4380aaf8fa4050cc943ed0039432c1555f2ee508f676802395d5e6dbb3,ec9f25e6b68d12ca6182161cdc389e0da99a8cff29c47b015f1d07a6633e4cf0,consensus_benchmark_exact_v1,prompt_compiler_v2_split_g_f,1540354485,pending,Q001,"{""Q001"": ""consensus_estimate_net_zero_before_2085""}",consensus_exact_step2,c444a6eac0c7b6cd317bc71d70e09e8e9d8b0a57308ceb8b4c11921129cc5ae1
G|LP0490|ConsensusExact|step2|attempt_1,G-51157c83fc06a3c9b8a0b7befc50d78ef63700c4,G,target,LP0490,Consensus,consensus_exact_step2_estimate,1,google/gemma-4-31B-it,94320ff152daed4a9b1b0e4300c4fd66d325c649717433a9023a1270ff8cbc10,ec9f25e6b68d12ca6182161cdc389e0da99a8cff29c47b015f1d07a6633e4cf0,consensus_benchmark_exact_v1,prompt_compiler_v2_split_g_f,506567890,pending,Q001,"{""Q001"": ""consensus_estimate_net_zero_before_2085""}",consensus_exact_step2,c444a6eac0c7b6cd317bc71d70e09e8e9d8b0a57308ceb8b4c11921129cc5ae1
G|LP0491|ConsensusExact|step2|attempt_1,G-fe422aa0eb6f6f34abaa8eac5841e7eb863d1ae2,G,target,LP0491,Consensus,consensus_exact_step2_estimate,1,google/gemma-4-31B-it,c8077b9de6233400b21cdeb47a9fbc4057c2fa7181cb892d4d882f999df56aa3,ec9f25e6b68d12ca6182161cdc389e0da99a8cff29c47b015f1d07a6633e4cf0,consensus_benchmark_exact_v1,prompt_compiler_v2_split_g_f,1744028793,pending,Q001,"{""Q001"": ""consensus_estimate_net_zero_before_2085""}",consensus_exact_step2,c444a6eac0c7b6cd317bc71d70e09e8e9d8b0a57308ceb8b4c11921129cc5ae1
G|LP0492|ConsensusExact|step2|attempt_1,G-9d4b59d94615cb187df417b5c4ae49f519aa6816,G,target,LP0492,Consensus,consensus_exact_step2_estimate,1,google/gemma-4-31B-it,1c92f009b4b716add03c47b86841790cb30c9df7596c14824ded59153610c778,ec9f25e6b68d12ca6182161cdc389e0da99a8cff29c47b015f1d07a6633e4cf0,consensus_benchmark_exact_v1,prompt_compiler_v2_split_g_f,11304653,pending,Q001,"{""Q001"": ""consensus_estimate_net_zero_before_2085""}",consensus_exact_step2,c444a6eac0c7b6cd317bc71d70e09e8e9d8b0a57308ceb8b4c11921129cc5ae1
G|LP0493|ConsensusExact|step2|attempt_1,G-c7b5764793af4deb523f221bc1f3bbe4ed659c6b,G,target,LP0493,Consensus,consensus_exact_step2_estimate,1,google/gemma-4-31B-it,6e832ee7eb433186f3e2827cbd242c09155fd9b27667222ef8f576a304d4587e,ec9f25e6b68d12ca6182161cdc389e0da99a8cff29c47b015f1d07a6633e4cf0,consensus_benchmark_exact_v1,prompt_compiler_v2_split_g_f,588921469,pending,Q001,"{""Q001"": ""consensus_estimate_net_zero_before_2085""}",consensus_exact_step2,c444a6eac0c7b6cd317bc71d70e09e8e9d8b0a57308ceb8b4c11921129cc5ae1
G|LP0494|ConsensusExact|step2|attempt_1,G-fc5d53d06d9ec5980fd9126fa86d3c47a7ade831,G,target,LP0494,Consensus,consensus_exact_step2_estimate,1,google/gemma-4-31B-it,1546fc2dfec0b43d04cde462be7693143c4fa2d0369e10847f726b3150379afb,ec9f25e6b68d12ca6182161cdc389e0da99a8cff29c47b015f1d07a6633e4cf0,consensus_benchmark_exact_v1,prompt_compiler_v2_split_g_f,1717136700,pending,Q001,"{""Q001"": ""consensus_estimate_net_zero_before_2085""}",consensus_exact_step2,c444a6eac0c7b6cd317bc71d70e09e8e9d8b0a57308ceb8b4c11921129cc5ae1
G|LP0495|ConsensusExact|step2|attempt_1,G-6bd563df079d050bf147a259434f2a86802f2c77,G,target,LP0495,Consensus,consensus_exact_step2_estimate,1,google/gemma-4-31B-it,8e6595dc896dc8661eae4ddc04348a9f9501669b95ac09b47be847f1f698ca90,ec9f25e6b68d12ca6182161cdc389e0da99a8cff29c47b015f1d07a6633e4cf0,consensus_benchmark_exact_v1,prompt_compiler_v2_split_g_f,1598541002,pending,Q001,"{""Q001"": ""consensus_estimate_net_zero_before_2085""}",consensus_exact_step2,c444a6eac0c7b6cd317bc71d70e09e8e9d8b0a57308ceb8b4c11921129cc5ae1
G|LP0496|ConsensusExact|step2|attempt_1,G-11a2cd299be50940486efe7fc019520c527e327f,G,target,LP0496,Consensus,consensus_exact_step2_estimate,1,google/gemma-4-31B-it,0705b7180dfc2926c46b51c893657517334313fe34caf2d5afdb8656521d2545,ec9f25e6b68d12ca6182161cdc389e0da99a8cff29c47b015f1d07a6633e4cf0,consensus_benchmark_exact_v1,prompt_compiler_v2_split_g_f,1059758995,pending,Q001,"{""Q001"": ""consensus_estimate_net_zero_before_2085""}",consensus_exact_step2,c444a6eac0c7b6cd317bc71d70e09e8e9d8b0a57308ceb8b4c11921129cc5ae1
G|LP0497|ConsensusExact|step2|attempt_1,G-9dedf281b729c0183741248499f724e632fa6b60,G,target,LP0497,Consensus,consensus_exact_step2_estimate,1,google/gemma-4-31B-it,5b4fb8c348a5548e84a3aba9d788aef4d4226d82ea7469c03abb3162a495e9dd,ec9f25e6b68d12ca6182161cdc389e0da99a8cff29c47b015f1d07a6633e4cf0,consensus_benchmark_exact_v1,prompt_compiler_v2_split_g_f,1929749789,pending,Q001,"{""Q001"": ""consensus_estimate_net_zero_before_2085""}",consensus_exact_step2,c444a6eac0c7b6cd317bc71d70e09e8e9d8b0a57308ceb8b4c11921129cc5ae1
G|LP0498|ConsensusExact|step2|attempt_1,G-5126f48c24792893b922505fa9d1fc03e7a0f8a0,G,target,LP0498,Consensus,consensus_exact_step2_estimate,1,google/gemma-4-31B-it,46b968ab61f5e801083f6ea713abbed62e8cfc58b8582c89e7dbac7f32054de0,ec9f25e6b68d12ca6182161cdc389e0da99a8cff29c47b015f1d07a6633e4cf0,consensus_benchmark_exact_v1,prompt_compiler_v2_split_g_f,1187451308,pending,Q001,"{""Q001"": ""consensus_estimate_net_zero_before_2085""}",consensus_exact_step2,c444a6eac0c7b6cd317bc71d70e09e8e9d8b0a57308ceb8b4c11921129cc5ae1
G|LP0499|ConsensusExact|step2|attempt_1,G-4a65b24ec59e50627467e4e3b95b296682ed0dde,G,target,LP0499,Consensus,consensus_exact_step2_estimate,1,google/gemma-4-31B-it,d3e8c3bedd6e1f1a509e44762a7d0ab998bdb9ff3741924a872c8355e171d270,ec9f25e6b68d12ca6182161cdc389e0da99a8cff29c47b015f1d07a6633e4cf0,consensus_benchmark_exact_v1,prompt_compiler_v2_split_g_f,1516877056,pending,Q001,"{""Q001"": ""consensus_estimate_net_zero_before_2085""}",consensus_exact_step2,c444a6eac0c7b6cd317bc71d70e09e8e9d8b0a57308ceb8b4c11921129cc5ae1
G|LP0500|ConsensusExact|step2|attempt_1,G-50b92be610871ed2b624360c7d2e007d2c14a021,G,target,LP0500,Consensus,consensus_exact_step2_estimate,1,google/gemma-4-31B-it,89438a29912c40cc41d4b82e91e5dcdc1f3384a945026f17d6a211001664e750,ec9f25e6b68d12ca6182161cdc389e0da99a8cff29c47b015f1d07a6633e4cf0,consensus_benchmark_exact_v1,prompt_compiler_v2_split_g_f,838432415,pending,Q001,"{""Q001"": ""consensus_estimate_net_zero_before_2085""}",consensus_exact_step2,c444a6eac0c7b6cd317bc71d70e09e8e9d8b0a57308ceb8b4c11921129cc5ae1
G|LP0501|ConsensusExact|step2|attempt_1,G-5507cb34fc76921faa1394933aa92a6d074c6c4b,G,target,LP0501,Consensus,consensus_exact_step2_estimate,1,google/gemma-4-31B-it,a68259ffc15cbd05ba3183eff022aa6f6ad691a88d6f955504467d2d3a6f3ba6,ec9f25e6b68d12ca6182161cdc389e0da99a8cff29c47b015f1d07a6633e4cf0,consensus_benchmark_exact_v1,prompt_compiler_v2_split_g_f,646326410,pending,Q001,"{""Q001"": ""consensus_estimate_net_zero_before_2085""}",consensus_exact_step2,c444a6eac0c7b6cd317bc71d70e09e8e9d8b0a57308ceb8b4c11921129cc5ae1
G|LP0502|ConsensusExact|step2|attempt_1,G-ccb8df2bd77b6abeff54107ddd50a499d504efc9,G,target,LP0502,Consensus,consensus_exact_step2_estimate,1,google/gemma-4-31B-it,ab17e8c75607b4e89c91a6225c8893683ee1ffec71087ca6d25cb79cb0b1bdf5,ec9f25e6b68d12ca6182161cdc389e0da99a8cff29c47b015f1d07a6633e4cf0,consensus_benchmark_exact_v1,prompt_compiler_v2_split_g_f,1894590744,pending,Q001,"{""Q001"": ""consensus_estimate_net_zero_before_2085""}",consensus_exact_step2,c444a6eac0c7b6cd317bc71d70e09e8e9d8b0a57308ceb8b4c11921129cc5ae1
G|LP0503|ConsensusExact|step2|attempt_1,G-e40400c5b87cb7bbd62d93c2febc71ab5b4682bc,G,target,LP0503,Consensus,consensus_exact_step2_estimate,1,google/gemma-4-31B-it,1bb04fbc783836837e5df7a23666f18e97f36a4c63360023f7058746f72d8fa6,ec9f25e6b68d12ca6182161cdc389e0da99a8cff29c47b015f1d07a6633e4cf0,consensus_benchmark_exact_v1,prompt_compiler_v2_split_g_f,8698186,pending,Q001,"{""Q001"": ""consensus_estimate_net_zero_before_2085""}",consensus_exact_step2,c444a6eac0c7b6cd317bc71d70e09e8e9d8b0a57308ceb8b4c11921129cc5ae1
G|LP0504|ConsensusExact|step2|attempt_1,G-3f4f459f9fe436bb532a0006e46d82928f955c01,G,target,LP0504,Consensus,consensus_exact_step2_estimate,1,google/gemma-4-31B-it,5562cf9676dd8e192d18422cec695f45748a065c7e0e9ea29510629daa7e0427,ec9f25e6b68d12ca6182161cdc389e0da99a8cff29c47b015f1d07a6633e4cf0,consensus_benchmark_exact_v1,prompt_compiler_v2_split_g_f,511885819,pending,Q001,"{""Q001"": ""consensus_estimate_net_zero_before_2085""}",consensus_exact_step2,c444a6eac0c7b6cd317bc71d70e09e8e9d8b0a57308ceb8b4c11921129cc5ae1
G|LP0505|ConsensusExact|step2|attempt_1,G-faa7126c3b41d27824958143469f5834e16b3e2c,G,target,LP0505,Consensus,consensus_exact_step2_estimate,1,google/gemma-4-31B-it,0ab905ed6c9fd38a08778a3fea77100c90162d20da9e3ea3af6a446811f76c45,ec9f25e6b68d12ca6182161cdc389e0da99a8cff29c47b015f1d07a6633e4cf0,consensus_benchmark_exact_v1,prompt_compiler_v2_split_g_f,814741332,pending,Q001,"{""Q001"": ""consensus_estimate_net_zero_before_2085""}",consensus_exact_step2,c444a6eac0c7b6cd317bc71d70e09e8e9d8b0a57308ceb8b4c11921129cc5ae1
G|LP0506|ConsensusExact|step2|attempt_1,G-782d84ca04b208b275771caea0b59545f3b750a5,G,target,LP0506,Consensus,consensus_exact_step2_estimate,1,google/gemma-4-31B-it,00e968989354a98f4e63f2a7f4c8723dff144dab47691667e117356972601c16,ec9f25e6b68d12ca6182161cdc389e0da99a8cff29c47b015f1d07a6633e4cf0,consensus_benchmark_exact_v1,prompt_compiler_v2_split_g_f,1963790919,pending,Q001,"{""Q001"": ""consensus_estimate_net_zero_before_2085""}",consensus_exact_step2,c444a6eac0c7b6cd317bc71d70e09e8e9d8b0a57308ceb8b4c11921129cc5ae1
G|LP0507|ConsensusExact|step2|attempt_1,G-4c24707bbdd8800dddfd473fd00d1a95d71eb95b,G,target,LP0507,Consensus,consensus_exact_step2_estimate,1,google/gemma-4-31B-it,51dcd98739f63b010d9eae968a2a077945bbf8dd07b5d985fcbda1222f1e5c29,ec9f25e6b68d12ca6182161cdc389e0da99a8cff29c47b015f1d07a6633e4cf0,consensus_benchmark_exact_v1,prompt_compiler_v2_split_g_f,1445028101,pending,Q001,"{""Q001"": ""consensus_estimate_net_zero_before_2085""}",consensus_exact_step2,c444a6eac0c7b6cd317bc71d70e09e8e9d8b0a57308ceb8b4c11921129cc5ae1
G|LP0508|ConsensusExact|step2|attempt_1,G-a696a36b89b9d1c7d501d4ecb23e0f736d80203f,G,target,LP0508,Consensus,consensus_exact_step2_estimate,1,google/gemma-4-31B-it,9a55a5f97776ef2557ce668273eaaba4aac64df01c6f7e3e7d62fda5b9c682ae,ec9f25e6b68d12ca6182161cdc389e0da99a8cff29c47b015f1d07a6633e4cf0,consensus_benchmark_exact_v1,prompt_compiler_v2_split_g_f,1457985696,pending,Q001,"{""Q001"": ""consensus_estimate_net_zero_before_2085""}",consensus_exact_step2,c444a6eac0c7b6cd317bc71d70e09e8e9d8b0a57308ceb8b4c11921129cc5ae1
G|LP0509|ConsensusExact|step2|attempt_1,G-e04ec359e886f0d781cbeaf00f01b4179cd02856,G,target,LP0509,Consensus,consensus_exact_step2_estimate,1,google/gemma-4-31B-it,d26632cbc4f4fd9c25087b71d82a4758ba6275f1c588c151b45756cda5877e67,ec9f25e6b68d12ca6182161cdc389e0da99a8cff29c47b015f1d07a6633e4cf0,consensus_benchmark_exact_v1,prompt_compiler_v2_split_g_f,690255758,pending,Q001,"{""Q001"": ""consensus_estimate_net_zero_before_2085""}",consensus_exact_step2,c444a6eac0c7b6cd317bc71d70e09e8e9d8b0a57308ceb8b4c11921129cc5ae1
G|LP0510|ConsensusExact|step2|attempt_1,G-406876202ff47375515a6b0ddaab5f4be160767a,G,target,LP0510,Consensus,consensus_exact_step2_estimate,1,google/gemma-4-31B-it,046c4f2d7ded6402553e6b0b5e95ab603cd3a6c5875a6cb1f842ef643cb6ec3f,ec9f25e6b68d12ca6182161cdc389e0da99a8cff29c47b015f1d07a6633e4cf0,consensus_benchmark_exact_v1,prompt_compiler_v2_split_g_f,818241462,pending,Q001,"{""Q001"": ""consensus_estimate_net_zero_before_2085""}",consensus_exact_step2,c444a6eac0c7b6cd317bc71d70e09e8e9d8b0a57308ceb8b4c11921129cc5ae1
G|LP0511|ConsensusExact|step2|attempt_1,G-195fd2cbd64b32bca3b149cb7ace26d1d750dcae,G,target,LP0511,Consensus,consensus_exact_step2_estimate,1,google/gemma-4-31B-it,13e6ebf41505f03a28fbd5b5a188deb303bdd1d8e46df86a49657f3ba50857cd,ec9f25e6b68d12ca6182161cdc389e0da99a8cff29c47b015f1d07a6633e4cf0,consensus_benchmark_exact_v1,prompt_compiler_v2_split_g_f,151705684,pending,Q001,"{""Q001"": ""consensus_estimate_net_zero_before_2085""}",consensus_exact_step2,c444a6eac0c7b6cd317bc71d70e09e8e9d8b0a57308ceb8b4c11921129cc5ae1
G|LP0512|ConsensusExact|step2|attempt_1,G-59207545a815cff07f784d645456cfcbd2215750,G,target,LP0512,Consensus,consensus_exact_step2_estimate,1,google/gemma-4-31B-it,d1624f3e3211c101420331611dbc236fe8061f5c6363df0bbed159899f2a9a84,ec9f25e6b68d12ca6182161cdc389e0da99a8cff29c47b015f1d07a6633e4cf0,consensus_benchmark_exact_v1,prompt_compiler_v2_split_g_f,1515633276,pending,Q001,"{""Q001"": ""consensus_estimate_net_zero_before_2085""}",consensus_exact_step2,c444a6eac0c7b6cd317bc71d70e09e8e9d8b0a57308ceb8b4c11921129cc5ae1
G|LP0513|ConsensusExact|step2|attempt_1,G-00a171f1e748d68a266078efc218ae49af256a4b,G,target,LP0513,Consensus,consensus_exact_step2_estimate,1,google/gemma-4-31B-it,542faddeaa221d947c44097992571046b0250bdec30146a9915902eabc36c762,ec9f25e6b68d12ca6182161cdc389e0da99a8cff29c47b015f1d07a6633e4cf0,consensus_benchmark_exact_v1,prompt_compiler_v2_split_g_f,1753987693,pending,Q001,"{""Q001"": ""consensus_estimate_net_zero_before_2085""}",consensus_exact_step2,c444a6eac0c7b6cd317bc71d70e09e8e9d8b0a57308ceb8b4c11921129cc5ae1
G|LP0514|ConsensusExact|step2|attempt_1,G-8000edf1ad31ae24c128f47caba17d5529345c59,G,target,LP0514,Consensus,consensus_exact_step2_estimate,1,google/gemma-4-31B-it,abd24911e54d5961059cf9666d2778c3c67ddf7059afd56e9be72ae5e6fc60fe,ec9f25e6b68d12ca6182161cdc389e0da99a8cff29c47b015f1d07a6633e4cf0,consensus_benchmark_exact_v1,prompt_compiler_v2_split_g_f,758352393,pending,Q001,"{""Q001"": ""consensus_estimate_net_zero_before_2085""}",consensus_exact_step2,c444a6eac0c7b6cd317bc71d70e09e8e9d8b0a57308ceb8b4c11921129cc5ae1
G|LP0515|ConsensusExact|step2|attempt_1,G-059c0b52ef557184fe596efe036646d591fb1de6,G,target,LP0515,Consensus,consensus_exact_step2_estimate,1,google/gemma-4-31B-it,9e40ac508533a76c7cb6fbe9f3f7dedf2e48304c4c61a8a80ad2a5ad87011dcc,ec9f25e6b68d12ca6182161cdc389e0da99a8cff29c47b015f1d07a6633e4cf0,consensus_benchmark_exact_v1,prompt_compiler_v2_split_g_f,2056095785,pending,Q001,"{""Q001"": ""consensus_estimate_net_zero_before_2085""}",consensus_exact_step2,c444a6eac0c7b6cd317bc71d70e09e8e9d8b0a57308ceb8b4c11921129cc5ae1
G|LP0516|ConsensusExact|step2|attempt_1,G-0a13dd919678165062d14cce95baa148d1f580b1,G,target,LP0516,Consensus,consensus_exact_step2_estimate,1,google/gemma-4-31B-it,daa384c2d64fa48f3c10f8ee023ce37152083ed18dcfc2e41a64754423d0acbc,ec9f25e6b68d12ca6182161cdc389e0da99a8cff29c47b015f1d07a6633e4cf0,consensus_benchmark_exact_v1,prompt_compiler_v2_split_g_f,715116915,pending,Q001,"{""Q001"": ""consensus_estimate_net_zero_before_2085""}",consensus_exact_step2,c444a6eac0c7b6cd317bc71d70e09e8e9d8b0a57308ceb8b4c11921129cc5ae1
G|LP0517|ConsensusExact|step2|attempt_1,G-c7165b04a1ccfb1ef6fe72063e92c0a319de53ce,G,target,LP0517,Consensus,consensus_exact_step2_estimate,1,google/gemma-4-31B-it,e3bcc8674e9b7b902f4b211fc4f9d680858e25277321f41d252fe6fb6ef0a885,ec9f25e6b68d12ca6182161cdc389e0da99a8cff29c47b015f1d07a6633e4cf0,consensus_benchmark_exact_v1,prompt_compiler_v2_split_g_f,804892970,pending,Q001,"{""Q001"": ""consensus_estimate_net_zero_before_2085""}",consensus_exact_step2,c444a6eac0c7b6cd317bc71d70e09e8e9d8b0a57308ceb8b4c11921129cc5ae1
G|LP0518|ConsensusExact|step2|attempt_1,G-48d7f0feebc7f9050dc1914c3f3f44038fef72ba,G,target,LP0518,Consensus,consensus_exact_step2_estimate,1,google/gemma-4-31B-it,c8c1d5b3565346a35fe1b759d406e3dba036321b5b539773ac5d9a66f5d4eec5,ec9f25e6b68d12ca6182161cdc389e0da99a8cff29c47b015f1d07a6633e4cf0,consensus_benchmark_exact_v1,prompt_compiler_v2_split_g_f,2105006851,pending,Q001,"{""Q001"": ""consensus_estimate_net_zero_before_2085""}",consensus_exact_step2,c444a6eac0c7b6cd317bc71d70e09e8e9d8b0a57308ceb8b4c11921129cc5ae1
G|LP0519|ConsensusExact|step2|attempt_1,G-fe74ef6d87e839ebad07987506ce9a37e7cbaf4a,G,target,LP0519,Consensus,consensus_exact_step2_estimate,1,google/gemma-4-31B-it,faf1eec47777b9cc87249876fca58d89a1c48fb470691e51d42e9aa902ca7149,ec9f25e6b68d12ca6182161cdc389e0da99a8cff29c47b015f1d07a6633e4cf0,consensus_benchmark_exact_v1,prompt_compiler_v2_split_g_f,80877770,pending,Q001,"{""Q001"": ""consensus_estimate_net_zero_before_2085""}",consensus_exact_step2,c444a6eac0c7b6cd317bc71d70e09e8e9d8b0a57308ceb8b4c11921129cc5ae1
G|LP0520|ConsensusExact|step2|attempt_1,G-29f2119bdd126cc80732fdf60746fb8fdd16251d,G,target,LP0520,Consensus,consensus_exact_step2_estimate,1,google/gemma-4-31B-it,99dbdcd6cd8b9ba3927ad90f210b8e5b37cacbeca563314798cbc0e5854eced1,ec9f25e6b68d12ca6182161cdc389e0da99a8cff29c47b015f1d07a6633e4cf0,consensus_benchmark_exact_v1,prompt_compiler_v2_split_g_f,821465088,pending,Q001,"{""Q001"": ""consensus_estimate_net_zero_before_2085""}",consensus_exact_step2,c444a6eac0c7b6cd317bc71d70e09e8e9d8b0a57308ceb8b4c11921129cc5ae1
G|LP0521|ConsensusExact|step2|attempt_1,G-8b752b05e68657d42e6eacf914ec11416d5cfa7b,G,target,LP0521,Consensus,consensus_exact_step2_estimate,1,google/gemma-4-31B-it,1e7924c73562ffc5a51d44995b24d95f8bf0eb215497af14bda489647e78934d,ec9f25e6b68d12ca6182161cdc389e0da99a8cff29c47b015f1d07a6633e4cf0,consensus_benchmark_exact_v1,prompt_compiler_v2_split_g_f,2104536545,pending,Q001,"{""Q001"": ""consensus_estimate_net_zero_before_2085""}",consensus_exact_step2,c444a6eac0c7b6cd317bc71d70e09e8e9d8b0a57308ceb8b4c11921129cc5ae1
G|LP0522|ConsensusExact|step2|attempt_1,G-34bab2c1bae231cde0392426841678349833405c,G,target,LP0522,Consensus,consensus_exact_step2_estimate,1,google/gemma-4-31B-it,154040fd5b9b29a50d0b353ee8377ad1e94d768ef36782718ee55441657f6676,ec9f25e6b68d12ca6182161cdc389e0da99a8cff29c47b015f1d07a6633e4cf0,consensus_benchmark_exact_v1,prompt_compiler_v2_split_g_f,609720145,pending,Q001,"{""Q001"": ""consensus_estimate_net_zero_before_2085""}",consensus_exact_step2,c444a6eac0c7b6cd317bc71d70e09e8e9d8b0a57308ceb8b4c11921129cc5ae1
G|LP0523|ConsensusExact|step2|attempt_1,G-d535b7bf9d4335cc9fbbea8aa3129d3c57471d6c,G,target,LP0523,Consensus,consensus_exact_step2_estimate,1,google/gemma-4-31B-it,180583324066c0d0f0ffd437597f59ab98f6cbe528ed4d2c2f1e3578c07d5f66,ec9f25e6b68d12ca6182161cdc389e0da99a8cff29c47b015f1d07a6633e4cf0,consensus_benchmark_exact_v1,prompt_compiler_v2_split_g_f,1202627918,pending,Q001,"{""Q001"": ""consensus_estimate_net_zero_before_2085""}",consensus_exact_step2,c444a6eac0c7b6cd317bc71d70e09e8e9d8b0a57308ceb8b4c11921129cc5ae1
G|LP0524|ConsensusExact|step2|attempt_1,G-f1a3b576d034539211239c10e53eff161d8def76,G,target,LP0524,Consensus,consensus_exact_step2_estimate,1,google/gemma-4-31B-it,38c1a2b60f80b188e4fbcdc31de476eefce4da29339db04e7e12fc3d8fd3538d,ec9f25e6b68d12ca6182161cdc389e0da99a8cff29c47b015f1d07a6633e4cf0,consensus_benchmark_exact_v1,prompt_compiler_v2_split_g_f,863747715,pending,Q001,"{""Q001"": ""consensus_estimate_net_zero_before_2085""}",consensus_exact_step2,c444a6eac0c7b6cd317bc71d70e09e8e9d8b0a57308ceb8b4c11921129cc5ae1
G|LP0525|ConsensusExact|step2|attempt_1,G-9659931f9b9b67e8ec6c6e1de59ad83abe2f1541,G,target,LP0525,Consensus,consensus_exact_step2_estimate,1,google/gemma-4-31B-it,28b9a184cdd7fc39398186e726ffb4f2120932294f09d935c8e2b1dd3336ac56,ec9f25e6b68d12ca6182161cdc389e0da99a8cff29c47b015f1d07a6633e4cf0,consensus_benchmark_exact_v1,prompt_compiler_v2_split_g_f,1213107753,pending,Q001,"{""Q001"": ""consensus_estimate_net_zero_before_2085""}",consensus_exact_step2,c444a6eac0c7b6cd317bc71d70e09e8e9d8b0a57308ceb8b4c11921129cc5ae1
G|LP0526|ConsensusExact|step2|attempt_1,G-b91bf10bc85950c4288059e52a29f88bb288969a,G,target,LP0526,Consensus,consensus_exact_step2_estimate,1,google/gemma-4-31B-it,4e7fc4ed66ddec5784e81b3b54ee27fafae2a83af048ac88473c07827c468c97,ec9f25e6b68d12ca6182161cdc389e0da99a8cff29c47b015f1d07a6633e4cf0,consensus_benchmark_exact_v1,prompt_compiler_v2_split_g_f,982594270,pending,Q001,"{""Q001"": ""consensus_estimate_net_zero_before_2085""}",consensus_exact_step2,c444a6eac0c7b6cd317bc71d70e09e8e9d8b0a57308ceb8b4c11921129cc5ae1
G|LP0527|ConsensusExact|step2|attempt_1,G-e08ec7d69b68c7a9ae6828684cb64a94733e47ac,G,target,LP0527,Consensus,consensus_exact_step2_estimate,1,google/gemma-4-31B-it,ee854d9bf616928f0db4a5299b22f3d6f1c32beb8c2895d30bacf09d00ce717f,ec9f25e6b68d12ca6182161cdc389e0da99a8cff29c47b015f1d07a6633e4cf0,consensus_benchmark_exact_v1,prompt_compiler_v2_split_g_f,1552308057,pending,Q001,"{""Q001"": ""consensus_estimate_net_zero_before_2085""}",consensus_exact_step2,c444a6eac0c7b6cd317bc71d70e09e8e9d8b0a57308ceb8b4c11921129cc5ae1
G|LP0528|ConsensusExact|step2|attempt_1,G-d1c296b9142ea0541990b45831a72f47ca5292d2,G,target,LP0528,Consensus,consensus_exact_step2_estimate,1,google/gemma-4-31B-it,817529e07e4b5348637fff1e4cace1dd54f008b6df42105e923d6f00dac8442e,ec9f25e6b68d12ca6182161cdc389e0da99a8cff29c47b015f1d07a6633e4cf0,consensus_benchmark_exact_v1,prompt_compiler_v2_split_g_f,934530505,pending,Q001,"{""Q001"": ""consensus_estimate_net_zero_before_2085""}",consensus_exact_step2,c444a6eac0c7b6cd317bc71d70e09e8e9d8b0a57308ceb8b4c11921129cc5ae1
G|LP0529|ConsensusExact|step2|attempt_1,G-7111b6680cb417482f0e0ee129aed89e867e2b81,G,target,LP0529,Consensus,consensus_exact_step2_estimate,1,google/gemma-4-31B-it,72c10a9aa1f42399ef3af21a49a87b779cba754ef36f21197863057587e57da6,ec9f25e6b68d12ca6182161cdc389e0da99a8cff29c47b015f1d07a6633e4cf0,consensus_benchmark_exact_v1,prompt_compiler_v2_split_g_f,1859617817,pending,Q001,"{""Q001"": ""consensus_estimate_net_zero_before_2085""}",consensus_exact_step2,c444a6eac0c7b6cd317bc71d70e09e8e9d8b0a57308ceb8b4c11921129cc5ae1
G|LP0530|ConsensusExact|step2|attempt_1,G-1be326ab73227e6ac5e2ad9c2605d81b203358bb,G,target,LP0530,Consensus,consensus_exact_step2_estimate,1,google/gemma-4-31B-it,e8e5c997acf9b12c7214907c8a6c44b92a777eb8674b0b3508d0819e0dd4a0eb,ec9f25e6b68d12ca6182161cdc389e0da99a8cff29c47b015f1d07a6633e4cf0,consensus_benchmark_exact_v1,prompt_compiler_v2_split_g_f,719899585,pending,Q001,"{""Q001"": ""consensus_estimate_net_zero_before_2085""}",consensus_exact_step2,c444a6eac0c7b6cd317bc71d70e09e8e9d8b0a57308ceb8b4c11921129cc5ae1
G|LP0531|ConsensusExact|step2|attempt_1,G-2682c445af88faa77835299f25258b3410286d93,G,target,LP0531,Consensus,consensus_exact_step2_estimate,1,google/gemma-4-31B-it,01a79e7a36e649f6165978d470a6a3f2c16e3e8db5a16eb86a2fe041397e7e44,ec9f25e6b68d12ca6182161cdc389e0da99a8cff29c47b015f1d07a6633e4cf0,consensus_benchmark_exact_v1,prompt_compiler_v2_split_g_f,2089714482,pending,Q001,"{""Q001"": ""consensus_estimate_net_zero_before_2085""}",consensus_exact_step2,c444a6eac0c7b6cd317bc71d70e09e8e9d8b0a57308ceb8b4c11921129cc5ae1
G|LP0532|ConsensusExact|step2|attempt_1,G-a86a36d85ff0b31a8d5aebdb096a005a2cf66af0,G,target,LP0532,Consensus,consensus_exact_step2_estimate,1,google/gemma-4-31B-it,7303bbbd6dcb9d442e2ebb879e31fcddddb31eb0b37f5cd259c39091eb82fcb6,ec9f25e6b68d12ca6182161cdc389e0da99a8cff29c47b015f1d07a6633e4cf0,consensus_benchmark_exact_v1,prompt_compiler_v2_split_g_f,818225357,pending,Q001,"{""Q001"": ""consensus_estimate_net_zero_before_2085""}",consensus_exact_step2,c444a6eac0c7b6cd317bc71d70e09e8e9d8b0a57308ceb8b4c11921129cc5ae1
G|LP0533|ConsensusExact|step2|attempt_1,G-91a5000c22d438c78e1aad19ff62eea5c26e575f,G,target,LP0533,Consensus,consensus_exact_step2_estimate,1,google/gemma-4-31B-it,02565b41fd941410a7b5a38ae6efacb65e177bf767d0d728888afa2e50853c1b,ec9f25e6b68d12ca6182161cdc389e0da99a8cff29c47b015f1d07a6633e4cf0,consensus_benchmark_exact_v1,prompt_compiler_v2_split_g_f,1176385761,pending,Q001,"{""Q001"": ""consensus_estimate_net_zero_before_2085""}",consensus_exact_step2,c444a6eac0c7b6cd317bc71d70e09e8e9d8b0a57308ceb8b4c11921129cc5ae1
G|LP0534|ConsensusExact|step2|attempt_1,G-f2d0b107e6ec120695aa30a8e52a24d08aa8f1ca,G,target,LP0534,Consensus,consensus_exact_step2_estimate,1,google/gemma-4-31B-it,4d9de29ee483f83cb31daaa9a9ac26c9b4d5d8d18261bd8eb1051e826ecd57fb,ec9f25e6b68d12ca6182161cdc389e0da99a8cff29c47b015f1d07a6633e4cf0,consensus_benchmark_exact_v1,prompt_compiler_v2_split_g_f,1284338713,pending,Q001,"{""Q001"": ""consensus_estimate_net_zero_before_2085""}",consensus_exact_step2,c444a6eac0c7b6cd317bc71d70e09e8e9d8b0a57308ceb8b4c11921129cc5ae1
G|LP0535|ConsensusExact|step2|attempt_1,G-fbe71c74f479bfc123cba86c3c271cd4d45110de,G,target,LP0535,Consensus,consensus_exact_step2_estimate,1,google/gemma-4-31B-it,3e43b3e0658304a9c049fba3cebfb1ed2229a907d1a0c936eb681786a4c1d9e5,ec9f25e6b68d12ca6182161cdc389e0da99a8cff29c47b015f1d07a6633e4cf0,consensus_benchmark_exact_v1,prompt_compiler_v2_split_g_f,1816656046,pending,Q001,"{""Q001"": ""consensus_estimate_net_zero_before_2085""}",consensus_exact_step2,c444a6eac0c7b6cd317bc71d70e09e8e9d8b0a57308ceb8b4c11921129cc5ae1
G|LP0536|ConsensusExact|step2|attempt_1,G-7751d457235c1463ad020c0ebd323e71723c80c8,G,target,LP0536,Consensus,consensus_exact_step2_estimate,1,google/gemma-4-31B-it,52559c0ac4c8c9bedaef79cee24a69f70d7b6bc727cbcdef9ccf2e1cd03ca9b4,ec9f25e6b68d12ca6182161cdc389e0da99a8cff29c47b015f1d07a6633e4cf0,consensus_benchmark_exact_v1,prompt_compiler_v2_split_g_f,301972755,pending,Q001,"{""Q001"": ""consensus_estimate_net_zero_before_2085""}",consensus_exact_step2,c444a6eac0c7b6cd317bc71d70e09e8e9d8b0a57308ceb8b4c11921129cc5ae1
G|LP0537|ConsensusExact|step2|attempt_1,G-f635590f362905f9e3be3c733c4f34234b76b0de,G,target,LP0537,Consensus,consensus_exact_step2_estimate,1,google/gemma-4-31B-it,0f2cb5a3939d7229a152886437e40ae3418fd417ecde873d34ba9e21e9fcede1,ec9f25e6b68d12ca6182161cdc389e0da99a8cff29c47b015f1d07a6633e4cf0,consensus_benchmark_exact_v1,prompt_compiler_v2_split_g_f,580106267,pending,Q001,"{""Q001"": ""consensus_estimate_net_zero_before_2085""}",consensus_exact_step2,c444a6eac0c7b6cd317bc71d70e09e8e9d8b0a57308ceb8b4c11921129cc5ae1
G|LP0538|ConsensusExact|step2|attempt_1,G-5fb69e8c5514863bff7fd4f1b1cd90ae932b52ca,G,target,LP0538,Consensus,consensus_exact_step2_estimate,1,google/gemma-4-31B-it,38a746d83716dd1932a879a9e831dbf50cce3931c789309f5003d457c5b4b04e,ec9f25e6b68d12ca6182161cdc389e0da99a8cff29c47b015f1d07a6633e4cf0,consensus_benchmark_exact_v1,prompt_compiler_v2_split_g_f,344048469,pending,Q001,"{""Q001"": ""consensus_estimate_net_zero_before_2085""}",consensus_exact_step2,c444a6eac0c7b6cd317bc71d70e09e8e9d8b0a57308ceb8b4c11921129cc5ae1
G|LP0539|ConsensusExact|step2|attempt_1,G-55e7b7dfa3ebce70129c3e738b3945147e271a33,G,target,LP0539,Consensus,consensus_exact_step2_estimate,1,google/gemma-4-31B-it,bb0031dca69dc9befff66e7f10fe1ccce8baac3f80487a53d599725736923ddb,ec9f25e6b68d12ca6182161cdc389e0da99a8cff29c47b015f1d07a6633e4cf0,consensus_benchmark_exact_v1,prompt_compiler_v2_split_g_f,1337671216,pending,Q001,"{""Q001"": ""consensus_estimate_net_zero_before_2085""}",consensus_exact_step2,c444a6eac0c7b6cd317bc71d70e09e8e9d8b0a57308ceb8b4c11921129cc5ae1
G|LP0540|ConsensusExact|step2|attempt_1,G-7769b8e7920c00afa79751942f7d8e035b9ee2d7,G,target,LP0540,Consensus,consensus_exact_step2_estimate,1,google/gemma-4-31B-it,47936e5437b4c46f4203905ddb119aabc83b185ceb00bc1c23649abd215a5ea8,ec9f25e6b68d12ca6182161cdc389e0da99a8cff29c47b015f1d07a6633e4cf0,consensus_benchmark_exact_v1,prompt_compiler_v2_split_g_f,14643840,pending,Q001,"{""Q001"": ""consensus_estimate_net_zero_before_2085""}",consensus_exact_step2,c444a6eac0c7b6cd317bc71d70e09e8e9d8b0a57308ceb8b4c11921129cc5ae1
G|LP0541|ConsensusExact|step2|attempt_1,G-d9f69ae802efce889c0503bb77069984e49706dd,G,target,LP0541,Consensus,consensus_exact_step2_estimate,1,google/gemma-4-31B-it,3474966be5b40b6865f27629ea586d14329dce24af58202d660ea8f592de6243,ec9f25e6b68d12ca6182161cdc389e0da99a8cff29c47b015f1d07a6633e4cf0,consensus_benchmark_exact_v1,prompt_compiler_v2_split_g_f,920454235,pending,Q001,"{""Q001"": ""consensus_estimate_net_zero_before_2085""}",consensus_exact_step2,c444a6eac0c7b6cd317bc71d70e09e8e9d8b0a57308ceb8b4c11921129cc5ae1
G|LP0542|ConsensusExact|step2|attempt_1,G-20161929e7bd7c97f1fd145eda71502928749001,G,target,LP0542,Consensus,consensus_exact_step2_estimate,1,google/gemma-4-31B-it,c428d6c1dda204d974749448ba3e069eb6b4a7901610a6069e2ecf0abfde2c91,ec9f25e6b68d12ca6182161cdc389e0da99a8cff29c47b015f1d07a6633e4cf0,consensus_benchmark_exact_v1,prompt_compiler_v2_split_g_f,669626091,pending,Q001,"{""Q001"": ""consensus_estimate_net_zero_before_2085""}",consensus_exact_step2,c444a6eac0c7b6cd317bc71d70e09e8e9d8b0a57308ceb8b4c11921129cc5ae1
G|LP0543|ConsensusExact|step2|attempt_1,G-d2c74dad243746e346006671ff2af75b9136e581,G,target,LP0543,Consensus,consensus_exact_step2_estimate,1,google/gemma-4-31B-it,c977b8fa46579d1d08c791755cbf86e7481b9eacb1975af66054715aff878867,ec9f25e6b68d12ca6182161cdc389e0da99a8cff29c47b015f1d07a6633e4cf0,consensus_benchmark_exact_v1,prompt_compiler_v2_split_g_f,1237705280,pending,Q001,"{""Q001"": ""consensus_estimate_net_zero_before_2085""}",consensus_exact_step2,c444a6eac0c7b6cd317bc71d70e09e8e9d8b0a57308ceb8b4c11921129cc5ae1
G|LP0544|ConsensusExact|step2|attempt_1,G-a97caa8928cbc2aa2a5a63b2ebcaf53733c384bf,G,target,LP0544,Consensus,consensus_exact_step2_estimate,1,google/gemma-4-31B-it,5b9b91727c8f50cafd12010c5b6bf170861bd56a6f41dc4c7037121b9b2c6002,ec9f25e6b68d12ca6182161cdc389e0da99a8cff29c47b015f1d07a6633e4cf0,consensus_benchmark_exact_v1,prompt_compiler_v2_split_g_f,2076514238,pending,Q001,"{""Q001"": ""consensus_estimate_net_zero_before_2085""}",consensus_exact_step2,c444a6eac0c7b6cd317bc71d70e09e8e9d8b0a57308ceb8b4c11921129cc5ae1
G|LP0545|ConsensusExact|step2|attempt_1,G-6a61fc7948b3061f3c3a560869d29f2794dbe9c7,G,target,LP0545,Consensus,consensus_exact_step2_estimate,1,google/gemma-4-31B-it,777614ac78126701e06c2964eb70f38234345502ac3867cc09490f193a76167c,ec9f25e6b68d12ca6182161cdc389e0da99a8cff29c47b015f1d07a6633e4cf0,consensus_benchmark_exact_v1,prompt_compiler_v2_split_g_f,494337811,pending,Q001,"{""Q001"": ""consensus_estimate_net_zero_before_2085""}",consensus_exact_step2,c444a6eac0c7b6cd317bc71d70e09e8e9d8b0a57308ceb8b4c11921129cc5ae1
G|LP0546|ConsensusExact|step2|attempt_1,G-d3ec61f13540e277ecd8dc41797cdc0a9dc06de9,G,target,LP0546,Consensus,consensus_exact_step2_estimate,1,google/gemma-4-31B-it,08f6be4e426f3ff9c669e5bbc1f6169abaa23121733aa9b8e17447d351cb18d8,ec9f25e6b68d12ca6182161cdc389e0da99a8cff29c47b015f1d07a6633e4cf0,consensus_benchmark_exact_v1,prompt_compiler_v2_split_g_f,1561962076,pending,Q001,"{""Q001"": ""consensus_estimate_net_zero_before_2085""}",consensus_exact_step2,c444a6eac0c7b6cd317bc71d70e09e8e9d8b0a57308ceb8b4c11921129cc5ae1
G|LP0547|ConsensusExact|step2|attempt_1,G-1ff0ee66c725fc3b9639d5fce3ea882c6e041350,G,target,LP0547,Consensus,consensus_exact_step2_estimate,1,google/gemma-4-31B-it,a15fae4a3a768203862d600b7bdd500abeb5b51633b51c6ed392ffc1f6786217,ec9f25e6b68d12ca6182161cdc389e0da99a8cff29c47b015f1d07a6633e4cf0,consensus_benchmark_exact_v1,prompt_compiler_v2_split_g_f,117954825,pending,Q001,"{""Q001"": ""consensus_estimate_net_zero_before_2085""}",consensus_exact_step2,c444a6eac0c7b6cd317bc71d70e09e8e9d8b0a57308ceb8b4c11921129cc5ae1
G|LP0548|ConsensusExact|step2|attempt_1,G-5f0dd6609add12c6bac1216ca11921ff33ae883c,G,target,LP0548,Consensus,consensus_exact_step2_estimate,1,google/gemma-4-31B-it,aa18e39443b5d268d0b51a225801b30266afaf62cdb605c6fa8e003db6b7a69b,ec9f25e6b68d12ca6182161cdc389e0da99a8cff29c47b015f1d07a6633e4cf0,consensus_benchmark_exact_v1,prompt_compiler_v2_split_g_f,1492696968,pending,Q001,"{""Q001"": ""consensus_estimate_net_zero_before_2085""}",consensus_exact_step2,c444a6eac0c7b6cd317bc71d70e09e8e9d8b0a57308ceb8b4c11921129cc5ae1
G|LP0549|ConsensusExact|step2|attempt_1,G-c337e04698f5de3049a81eb2c62f058f79700a7c,G,target,LP0549,Consensus,consensus_exact_step2_estimate,1,google/gemma-4-31B-it,f2b6d653caff824c7f8cfaf284d057f56b652ece139689c3b6e99235864388c4,ec9f25e6b68d12ca6182161cdc389e0da99a8cff29c47b015f1d07a6633e4cf0,consensus_benchmark_exact_v1,prompt_compiler_v2_split_g_f,526753472,pending,Q001,"{""Q001"": ""consensus_estimate_net_zero_before_2085""}",consensus_exact_step2,c444a6eac0c7b6cd317bc71d70e09e8e9d8b0a57308ceb8b4c11921129cc5ae1
G|LP0550|ConsensusExact|step2|attempt_1,G-afed16130399dddcbdeb2199e80ce1a55459530e,G,target,LP0550,Consensus,consensus_exact_step2_estimate,1,google/gemma-4-31B-it,73b5ed98c703e99e12d6e1f2ac16df7157c0cef137ed28024aeda6f0c9cccd23,ec9f25e6b68d12ca6182161cdc389e0da99a8cff29c47b015f1d07a6633e4cf0,consensus_benchmark_exact_v1,prompt_compiler_v2_split_g_f,1668549124,pending,Q001,"{""Q001"": ""consensus_estimate_net_zero_before_2085""}",consensus_exact_step2,c444a6eac0c7b6cd317bc71d70e09e8e9d8b0a57308ceb8b4c11921129cc5ae1
G|LP0551|ConsensusExact|step2|attempt_1,G-fa2024a6ff295a80f1dff8b75f8036f813029163,G,target,LP0551,Consensus,consensus_exact_step2_estimate,1,google/gemma-4-31B-it,2a44e811322058aeabd145dab92c86b537a323008d0c79a8c0889d5a8cab89c2,ec9f25e6b68d12ca6182161cdc389e0da99a8cff29c47b015f1d07a6633e4cf0,consensus_benchmark_exact_v1,prompt_compiler_v2_split_g_f,1936303057,pending,Q001,"{""Q001"": ""consensus_estimate_net_zero_before_2085""}",consensus_exact_step2,c444a6eac0c7b6cd317bc71d70e09e8e9d8b0a57308ceb8b4c11921129cc5ae1
G|LP0552|ConsensusExact|step2|attempt_1,G-2ce6341f11a12f7d542bc2c3a91df97dd46ebe35,G,target,LP0552,Consensus,consensus_exact_step2_estimate,1,google/gemma-4-31B-it,82e282d1ee7dc1d1413e9e728e04891fe78bbd4e5c1ca106e8afe94edafc20c7,ec9f25e6b68d12ca6182161cdc389e0da99a8cff29c47b015f1d07a6633e4cf0,consensus_benchmark_exact_v1,prompt_compiler_v2_split_g_f,1802344379,pending,Q001,"{""Q001"": ""consensus_estimate_net_zero_before_2085""}",consensus_exact_step2,c444a6eac0c7b6cd317bc71d70e09e8e9d8b0a57308ceb8b4c11921129cc5ae1
G|LP0553|ConsensusExact|step2|attempt_1,G-4b5f0547bcb9ecc0483583fe6668d05bb8e2c81a,G,target,LP0553,Consensus,consensus_exact_step2_estimate,1,google/gemma-4-31B-it,5d7d2bbf809a468047156cfcb0894e3280a3c5377f82ee81072e4e693d34e67f,ec9f25e6b68d12ca6182161cdc389e0da99a8cff29c47b015f1d07a6633e4cf0,consensus_benchmark_exact_v1,prompt_compiler_v2_split_g_f,1400371024,pending,Q001,"{""Q001"": ""consensus_estimate_net_zero_before_2085""}",consensus_exact_step2,c444a6eac0c7b6cd317bc71d70e09e8e9d8b0a57308ceb8b4c11921129cc5ae1
G|LP0554|ConsensusExact|step2|attempt_1,G-72534daf8a53aeb320c25e03ee92784c51689469,G,target,LP0554,Consensus,consensus_exact_step2_estimate,1,google/gemma-4-31B-it,13bac5fbf2a13ba0297f4566d2436fc977b6b5368a4c356f881339ea6b7f5c6f,ec9f25e6b68d12ca6182161cdc389e0da99a8cff29c47b015f1d07a6633e4cf0,consensus_benchmark_exact_v1,prompt_compiler_v2_split_g_f,1861896723,pending,Q001,"{""Q001"": ""consensus_estimate_net_zero_before_2085""}",consensus_exact_step2,c444a6eac0c7b6cd317bc71d70e09e8e9d8b0a57308ceb8b4c11921129cc5ae1
G|LP0555|ConsensusExact|step2|attempt_1,G-728fba35573cbf592202c6f625952e6c19b1640d,G,target,LP0555,Consensus,consensus_exact_step2_estimate,1,google/gemma-4-31B-it,3a4785acedf7eb0a020d130d84b098223638673d6211bdd5357c4d910b6d98ac,ec9f25e6b68d12ca6182161cdc389e0da99a8cff29c47b015f1d07a6633e4cf0,consensus_benchmark_exact_v1,prompt_compiler_v2_split_g_f,1012675525,pending,Q001,"{""Q001"": ""consensus_estimate_net_zero_before_2085""}",consensus_exact_step2,c444a6eac0c7b6cd317bc71d70e09e8e9d8b0a57308ceb8b4c11921129cc5ae1
G|LP0556|ConsensusExact|step2|attempt_1,G-b76d8b7299fcdf8ed4cfbbfa37346fee7724095d,G,target,LP0556,Consensus,consensus_exact_step2_estimate,1,google/gemma-4-31B-it,b66cb6523b3f46e8b2bb0c2cdb7965c2d70f53d78078cf7f372a93cefbb367af,ec9f25e6b68d12ca6182161cdc389e0da99a8cff29c47b015f1d07a6633e4cf0,consensus_benchmark_exact_v1,prompt_compiler_v2_split_g_f,148371062,pending,Q001,"{""Q001"": ""consensus_estimate_net_zero_before_2085""}",consensus_exact_step2,c444a6eac0c7b6cd317bc71d70e09e8e9d8b0a57308ceb8b4c11921129cc5ae1
G|LP0557|ConsensusExact|step2|attempt_1,G-b4fc63c0a99acf96d04facfac3261d9cd03b688d,G,target,LP0557,Consensus,consensus_exact_step2_estimate,1,google/gemma-4-31B-it,9018cdcb6a45c0e4eca10736d8cba0b07cf6e309ad7c2c77ae4d88a1fb0648af,ec9f25e6b68d12ca6182161cdc389e0da99a8cff29c47b015f1d07a6633e4cf0,consensus_benchmark_exact_v1,prompt_compiler_v2_split_g_f,328439578,pending,Q001,"{""Q001"": ""consensus_estimate_net_zero_before_2085""}",consensus_exact_step2,c444a6eac0c7b6cd317bc71d70e09e8e9d8b0a57308ceb8b4c11921129cc5ae1
G|LP0558|ConsensusExact|step2|attempt_1,G-36b25ec8c372eb0fb3dc3fa7565288f371d9832e,G,target,LP0558,Consensus,consensus_exact_step2_estimate,1,google/gemma-4-31B-it,4af797fe684e327724368ed43a3c035199caa5e82721a640e4ef73586159d4ac,ec9f25e6b68d12ca6182161cdc389e0da99a8cff29c47b015f1d07a6633e4cf0,consensus_benchmark_exact_v1,prompt_compiler_v2_split_g_f,819439777,pending,Q001,"{""Q001"": ""consensus_estimate_net_zero_before_2085""}",consensus_exact_step2,c444a6eac0c7b6cd317bc71d70e09e8e9d8b0a57308ceb8b4c11921129cc5ae1
G|LP0559|ConsensusExact|step2|attempt_1,G-e611a5560140000ad561c678517c409f2a6e8ec9,G,target,LP0559,Consensus,consensus_exact_step2_estimate,1,google/gemma-4-31B-it,73b6c51804d964a3da89c1d4303e57854e022a8a5ab94c2d351f8f547f048cba,ec9f25e6b68d12ca6182161cdc389e0da99a8cff29c47b015f1d07a6633e4cf0,consensus_benchmark_exact_v1,prompt_compiler_v2_split_g_f,1298352825,pending,Q001,"{""Q001"": ""consensus_estimate_net_zero_before_2085""}",consensus_exact_step2,c444a6eac0c7b6cd317bc71d70e09e8e9d8b0a57308ceb8b4c11921129cc5ae1
G|LP0560|ConsensusExact|step2|attempt_1,G-00b6fef93247d9ed49344d0fb3d37aef2285b3cf,G,target,LP0560,Consensus,consensus_exact_step2_estimate,1,google/gemma-4-31B-it,36c59b5dcf3ca02d21bc53e4e6ad60a99a5569cb4c094c003041c3167389e181,ec9f25e6b68d12ca6182161cdc389e0da99a8cff29c47b015f1d07a6633e4cf0,consensus_benchmark_exact_v1,prompt_compiler_v2_split_g_f,867555295,pending,Q001,"{""Q001"": ""consensus_estimate_net_zero_before_2085""}",consensus_exact_step2,c444a6eac0c7b6cd317bc71d70e09e8e9d8b0a57308ceb8b4c11921129cc5ae1
G|LP0561|ConsensusExact|step2|attempt_1,G-823dcffc24996b7b66321802b34867fcf9701235,G,target,LP0561,Consensus,consensus_exact_step2_estimate,1,google/gemma-4-31B-it,ffe027a93d1080a4f6f795551130e8e4e28cbc95b0a9cd2b0e8a2dc9e3dd165b,ec9f25e6b68d12ca6182161cdc389e0da99a8cff29c47b015f1d07a6633e4cf0,consensus_benchmark_exact_v1,prompt_compiler_v2_split_g_f,689245045,pending,Q001,"{""Q001"": ""consensus_estimate_net_zero_before_2085""}",consensus_exact_step2,c444a6eac0c7b6cd317bc71d70e09e8e9d8b0a57308ceb8b4c11921129cc5ae1
G|LP0562|ConsensusExact|step2|attempt_1,G-12f9a1b9a90f2fad21f13b606948f69ec76bf3fd,G,target,LP0562,Consensus,consensus_exact_step2_estimate,1,google/gemma-4-31B-it,98166900cdf639dc5c8a3b6c0cb01d9e057cb506efcf62231313c77e62368e11,ec9f25e6b68d12ca6182161cdc389e0da99a8cff29c47b015f1d07a6633e4cf0,consensus_benchmark_exact_v1,prompt_compiler_v2_split_g_f,1325560608,pending,Q001,"{""Q001"": ""consensus_estimate_net_zero_before_2085""}",consensus_exact_step2,c444a6eac0c7b6cd317bc71d70e09e8e9d8b0a57308ceb8b4c11921129cc5ae1
G|LP0563|ConsensusExact|step2|attempt_1,G-c1676aedb666e0f21d8139ab2de93cfbace39592,G,target,LP0563,Consensus,consensus_exact_step2_estimate,1,google/gemma-4-31B-it,baf257b93fa395232957b22cd2ed91e51f92c86404f7944885f55228558a8d07,ec9f25e6b68d12ca6182161cdc389e0da99a8cff29c47b015f1d07a6633e4cf0,consensus_benchmark_exact_v1,prompt_compiler_v2_split_g_f,959821520,pending,Q001,"{""Q001"": ""consensus_estimate_net_zero_before_2085""}",consensus_exact_step2,c444a6eac0c7b6cd317bc71d70e09e8e9d8b0a57308ceb8b4c11921129cc5ae1
G|LP0564|ConsensusExact|step2|attempt_1,G-1208300d0317acd580aa05dfcacf36c1c46bdb58,G,target,LP0564,Consensus,consensus_exact_step2_estimate,1,google/gemma-4-31B-it,54fee744bc84367cd98518bddfaf4af50c30a4df74b6c2bbcf288f06b8f8deff,ec9f25e6b68d12ca6182161cdc389e0da99a8cff29c47b015f1d07a6633e4cf0,consensus_benchmark_exact_v1,prompt_compiler_v2_split_g_f,656936175,pending,Q001,"{""Q001"": ""consensus_estimate_net_zero_before_2085""}",consensus_exact_step2,c444a6eac0c7b6cd317bc71d70e09e8e9d8b0a57308ceb8b4c11921129cc5ae1
G|LP0565|ConsensusExact|step2|attempt_1,G-2e82f0947cff3b4a573158157ac8160cb765fc20,G,target,LP0565,Consensus,consensus_exact_step2_estimate,1,google/gemma-4-31B-it,5b271e51faad0194cde43c92a585edf1231ccbd64e9e741ae8a69ae83828e8fc,ec9f25e6b68d12ca6182161cdc389e0da99a8cff29c47b015f1d07a6633e4cf0,consensus_benchmark_exact_v1,prompt_compiler_v2_split_g_f,1510284403,pending,Q001,"{""Q001"": ""consensus_estimate_net_zero_before_2085""}",consensus_exact_step2,c444a6eac0c7b6cd317bc71d70e09e8e9d8b0a57308ceb8b4c11921129cc5ae1
G|LP0566|ConsensusExact|step2|attempt_1,G-137e53ace719415b695c49ac52da0dcc8b85b9d6,G,target,LP0566,Consensus,consensus_exact_step2_estimate,1,google/gemma-4-31B-it,39d7cb255128318a51e43bf8478202198880cfe43908ed3797d9bcbcf473f380,ec9f25e6b68d12ca6182161cdc389e0da99a8cff29c47b015f1d07a6633e4cf0,consensus_benchmark_exact_v1,prompt_compiler_v2_split_g_f,236316853,pending,Q001,"{""Q001"": ""consensus_estimate_net_zero_before_2085""}",consensus_exact_step2,c444a6eac0c7b6cd317bc71d70e09e8e9d8b0a57308ceb8b4c11921129cc5ae1
G|LP0567|ConsensusExact|step2|attempt_1,G-5d9da6f1c7d17a03be99633773eae986139a8370,G,target,LP0567,Consensus,consensus_exact_step2_estimate,1,google/gemma-4-31B-it,17cc92b5bea4315ba3b0ae9bee2d9b7faa55b696c013a1eb27ffe57fb06f326d,ec9f25e6b68d12ca6182161cdc389e0da99a8cff29c47b015f1d07a6633e4cf0,consensus_benchmark_exact_v1,prompt_compiler_v2_split_g_f,51169256,pending,Q001,"{""Q001"": ""consensus_estimate_net_zero_before_2085""}",consensus_exact_step2,c444a6eac0c7b6cd317bc71d70e09e8e9d8b0a57308ceb8b4c11921129cc5ae1
G|LP0568|ConsensusExact|step2|attempt_1,G-701406a7416e741ac55bb74452a2e5e437231332,G,target,LP0568,Consensus,consensus_exact_step2_estimate,1,google/gemma-4-31B-it,5c83d1838dd1869378ece3d342bd485e0e9e6b24ffe2ead9badf64fadfa57f4f,ec9f25e6b68d12ca6182161cdc389e0da99a8cff29c47b015f1d07a6633e4cf0,consensus_benchmark_exact_v1,prompt_compiler_v2_split_g_f,563511658,pending,Q001,"{""Q001"": ""consensus_estimate_net_zero_before_2085""}",consensus_exact_step2,c444a6eac0c7b6cd317bc71d70e09e8e9d8b0a57308ceb8b4c11921129cc5ae1
G|LP0569|ConsensusExact|step2|attempt_1,G-f8f950f8933d74083fdadfc3c3dc845838d201f1,G,target,LP0569,Consensus,consensus_exact_step2_estimate,1,google/gemma-4-31B-it,5ba04e1a63dc8466e07cc9c4ccd677cb056d4b5d73a4488429101fc1c399c430,ec9f25e6b68d12ca6182161cdc389e0da99a8cff29c47b015f1d07a6633e4cf0,consensus_benchmark_exact_v1,prompt_compiler_v2_split_g_f,87037437,pending,Q001,"{""Q001"": ""consensus_estimate_net_zero_before_2085""}",consensus_exact_step2,c444a6eac0c7b6cd317bc71d70e09e8e9d8b0a57308ceb8b4c11921129cc5ae1
G|LP0570|ConsensusExact|step2|attempt_1,G-8fcb84115a5e967da520f3ef52335a5c199d6953,G,target,LP0570,Consensus,consensus_exact_step2_estimate,1,google/gemma-4-31B-it,533847fb21485629c4f08bfe00d0aabd64351aa1bc73d1e994ca06e3a37fa091,ec9f25e6b68d12ca6182161cdc389e0da99a8cff29c47b015f1d07a6633e4cf0,consensus_benchmark_exact_v1,prompt_compiler_v2_split_g_f,2046140065,pending,Q001,"{""Q001"": ""consensus_estimate_net_zero_before_2085""}",consensus_exact_step2,c444a6eac0c7b6cd317bc71d70e09e8e9d8b0a57308ceb8b4c11921129cc5ae1
G|LP0571|ConsensusExact|step2|attempt_1,G-d29e5e9efc2fa0f8586daf23b4482dc923c8290c,G,target,LP0571,Consensus,consensus_exact_step2_estimate,1,google/gemma-4-31B-it,0de40e3f1988616339a47a41d50291c91b513b41fd765dd9b4f4307d8dbbce7b,ec9f25e6b68d12ca6182161cdc389e0da99a8cff29c47b015f1d07a6633e4cf0,consensus_benchmark_exact_v1,prompt_compiler_v2_split_g_f,560750137,pending,Q001,"{""Q001"": ""consensus_estimate_net_zero_before_2085""}",consensus_exact_step2,c444a6eac0c7b6cd317bc71d70e09e8e9d8b0a57308ceb8b4c11921129cc5ae1
G|LP0572|ConsensusExact|step2|attempt_1,G-56e844868cc81ece3ccbbd7b3b8653f9d7a840c6,G,target,LP0572,Consensus,consensus_exact_step2_estimate,1,google/gemma-4-31B-it,d540f1306fc5091b4adaba1d4cedc3d01b99209c3b4fbe14ec986010546b395a,ec9f25e6b68d12ca6182161cdc389e0da99a8cff29c47b015f1d07a6633e4cf0,consensus_benchmark_exact_v1,prompt_compiler_v2_split_g_f,983082972,pending,Q001,"{""Q001"": ""consensus_estimate_net_zero_before_2085""}",consensus_exact_step2,c444a6eac0c7b6cd317bc71d70e09e8e9d8b0a57308ceb8b4c11921129cc5ae1
G|LP0573|ConsensusExact|step2|attempt_1,G-4571e293ae8a92d8a56b5b909f09d92521f6f30e,G,target,LP0573,Consensus,consensus_exact_step2_estimate,1,google/gemma-4-31B-it,4b4bd02668b68c29ee090c74aa9b799657f63fe25a4d68fa96097de12285e13e,ec9f25e6b68d12ca6182161cdc389e0da99a8cff29c47b015f1d07a6633e4cf0,consensus_benchmark_exact_v1,prompt_compiler_v2_split_g_f,963532800,pending,Q001,"{""Q001"": ""consensus_estimate_net_zero_before_2085""}",consensus_exact_step2,c444a6eac0c7b6cd317bc71d70e09e8e9d8b0a57308ceb8b4c11921129cc5ae1
G|LP0574|ConsensusExact|step2|attempt_1,G-6f4a18ebe3bf309304879ce6626a5a4176fffaf0,G,target,LP0574,Consensus,consensus_exact_step2_estimate,1,google/gemma-4-31B-it,5e3332b9fc6c033a6b8164be9c0913d86f99881f94cacca3faa65d622abd1081,ec9f25e6b68d12ca6182161cdc389e0da99a8cff29c47b015f1d07a6633e4cf0,consensus_benchmark_exact_v1,prompt_compiler_v2_split_g_f,1112760940,pending,Q001,"{""Q001"": ""consensus_estimate_net_zero_before_2085""}",consensus_exact_step2,c444a6eac0c7b6cd317bc71d70e09e8e9d8b0a57308ceb8b4c11921129cc5ae1
G|LP0575|ConsensusExact|step2|attempt_1,G-a81947e9ea54aa3fa45830f5e0f75c9fa8e2eada,G,target,LP0575,Consensus,consensus_exact_step2_estimate,1,google/gemma-4-31B-it,cecdb702a090e694767454ebad823b79bafa9fc210f6f48b19f747e71571ce1a,ec9f25e6b68d12ca6182161cdc389e0da99a8cff29c47b015f1d07a6633e4cf0,consensus_benchmark_exact_v1,prompt_compiler_v2_split_g_f,981940757,pending,Q001,"{""Q001"": ""consensus_estimate_net_zero_before_2085""}",consensus_exact_step2,c444a6eac0c7b6cd317bc71d70e09e8e9d8b0a57308ceb8b4c11921129cc5ae1
G|LP0576|ConsensusExact|step2|attempt_1,G-7c1a0bca90126ea27ae3509677343f8be8b6492c,G,target,LP0576,Consensus,consensus_exact_step2_estimate,1,google/gemma-4-31B-it,6097f931b7f9c764c2193dcacd04e51378c7d60c15240cd9819076c261bb33fd,ec9f25e6b68d12ca6182161cdc389e0da99a8cff29c47b015f1d07a6633e4cf0,consensus_benchmark_exact_v1,prompt_compiler_v2_split_g_f,138839609,pending,Q001,"{""Q001"": ""consensus_estimate_net_zero_before_2085""}",consensus_exact_step2,c444a6eac0c7b6cd317bc71d70e09e8e9d8b0a57308ceb8b4c11921129cc5ae1
G|LP0577|ConsensusExact|step2|attempt_1,G-f3d23c2cfd324ec2a16e65795b0399b2204048b9,G,target,LP0577,Consensus,consensus_exact_step2_estimate,1,google/gemma-4-31B-it,0791145a3125affe2fa3b6d55280e64117b70e49c3493d2bab5f454627be81e5,ec9f25e6b68d12ca6182161cdc389e0da99a8cff29c47b015f1d07a6633e4cf0,consensus_benchmark_exact_v1,prompt_compiler_v2_split_g_f,1691797279,pending,Q001,"{""Q001"": ""consensus_estimate_net_zero_before_2085""}",consensus_exact_step2,c444a6eac0c7b6cd317bc71d70e09e8e9d8b0a57308ceb8b4c11921129cc5ae1
G|LP0578|ConsensusExact|step2|attempt_1,G-4cb4b9e60d5489d6079c67a9de711dc9e700474d,G,target,LP0578,Consensus,consensus_exact_step2_estimate,1,google/gemma-4-31B-it,ce2f4f74a3fe001ff97881a07b16727322b3d040cc7d398d10eb9989a4612c07,ec9f25e6b68d12ca6182161cdc389e0da99a8cff29c47b015f1d07a6633e4cf0,consensus_benchmark_exact_v1,prompt_compiler_v2_split_g_f,649985443,pending,Q001,"{""Q001"": ""consensus_estimate_net_zero_before_2085""}",consensus_exact_step2,c444a6eac0c7b6cd317bc71d70e09e8e9d8b0a57308ceb8b4c11921129cc5ae1
G|LP0579|ConsensusExact|step2|attempt_1,G-080c835c1b8742bd4a0746234d9a99efd7b1f344,G,target,LP0579,Consensus,consensus_exact_step2_estimate,1,google/gemma-4-31B-it,0f73434dacca45e39b85eb99399efc202e7e49eb2e6cb8c08f7614287a503e02,ec9f25e6b68d12ca6182161cdc389e0da99a8cff29c47b015f1d07a6633e4cf0,consensus_benchmark_exact_v1,prompt_compiler_v2_split_g_f,731924853,pending,Q001,"{""Q001"": ""consensus_estimate_net_zero_before_2085""}",consensus_exact_step2,c444a6eac0c7b6cd317bc71d70e09e8e9d8b0a57308ceb8b4c11921129cc5ae1
G|LP0580|ConsensusExact|step2|attempt_1,G-d89f513a8ce17d8a3ae88d311072fcbef3f512c4,G,target,LP0580,Consensus,consensus_exact_step2_estimate,1,google/gemma-4-31B-it,2060d0684040e66002342719b564c764cbcaebe52e7ef34d7c26ddf5b9502488,ec9f25e6b68d12ca6182161cdc389e0da99a8cff29c47b015f1d07a6633e4cf0,consensus_benchmark_exact_v1,prompt_compiler_v2_split_g_f,1042292738,pending,Q001,"{""Q001"": ""consensus_estimate_net_zero_before_2085""}",consensus_exact_step2,c444a6eac0c7b6cd317bc71d70e09e8e9d8b0a57308ceb8b4c11921129cc5ae1
G|LP0581|ConsensusExact|step2|attempt_1,G-30375d364e5e2bd9fab01edb4108d6a7528c0d2e,G,target,LP0581,Consensus,consensus_exact_step2_estimate,1,google/gemma-4-31B-it,5ba21171e5c329e59e587cafb84e4a45365ac5f2be3bc07f8eca4c1a21ab50a8,ec9f25e6b68d12ca6182161cdc389e0da99a8cff29c47b015f1d07a6633e4cf0,consensus_benchmark_exact_v1,prompt_compiler_v2_split_g_f,785180230,pending,Q001,"{""Q001"": ""consensus_estimate_net_zero_before_2085""}",consensus_exact_step2,c444a6eac0c7b6cd317bc71d70e09e8e9d8b0a57308ceb8b4c11921129cc5ae1
G|LP0582|ConsensusExact|step2|attempt_1,G-4040345273a084245cc9e664abe3181f97b84214,G,target,LP0582,Consensus,consensus_exact_step2_estimate,1,google/gemma-4-31B-it,f95a553c1c6e68ecb96f22cb4fb23c12b1b13e82694d367d9da93174e6bce7ce,ec9f25e6b68d12ca6182161cdc389e0da99a8cff29c47b015f1d07a6633e4cf0,consensus_benchmark_exact_v1,prompt_compiler_v2_split_g_f,1948314825,pending,Q001,"{""Q001"": ""consensus_estimate_net_zero_before_2085""}",consensus_exact_step2,c444a6eac0c7b6cd317bc71d70e09e8e9d8b0a57308ceb8b4c11921129cc5ae1
G|LP0583|ConsensusExact|step2|attempt_1,G-6495dec65189835167f29ca7d810d6ff97734344,G,target,LP0583,Consensus,consensus_exact_step2_estimate,1,google/gemma-4-31B-it,06ec48e708ad399ca5505afd719012814079604e5e76760e35c76a133351a709,ec9f25e6b68d12ca6182161cdc389e0da99a8cff29c47b015f1d07a6633e4cf0,consensus_benchmark_exact_v1,prompt_compiler_v2_split_g_f,448086239,pending,Q001,"{""Q001"": ""consensus_estimate_net_zero_before_2085""}",consensus_exact_step2,c444a6eac0c7b6cd317bc71d70e09e8e9d8b0a57308ceb8b4c11921129cc5ae1
G|LP0584|ConsensusExact|step2|attempt_1,G-6465d153026f012096036d61e6827b736e0c914e,G,target,LP0584,Consensus,consensus_exact_step2_estimate,1,google/gemma-4-31B-it,6ccc2440c0707c879181a569c0da4f2b43de602558a6c306f985b46c910437cd,ec9f25e6b68d12ca6182161cdc389e0da99a8cff29c47b015f1d07a6633e4cf0,consensus_benchmark_exact_v1,prompt_compiler_v2_split_g_f,1262134215,pending,Q001,"{""Q001"": ""consensus_estimate_net_zero_before_2085""}",consensus_exact_step2,c444a6eac0c7b6cd317bc71d70e09e8e9d8b0a57308ceb8b4c11921129cc5ae1
G|LP0585|ConsensusExact|step2|attempt_1,G-899554af07e13c9078b28efcc60b97ec62fd4380,G,target,LP0585,Consensus,consensus_exact_step2_estimate,1,google/gemma-4-31B-it,ab3baaf4a2738dab1f7acc6102ba2ce45c416521974a75732e56138bc52e8b1f,ec9f25e6b68d12ca6182161cdc389e0da99a8cff29c47b015f1d07a6633e4cf0,consensus_benchmark_exact_v1,prompt_compiler_v2_split_g_f,453764592,pending,Q001,"{""Q001"": ""consensus_estimate_net_zero_before_2085""}",consensus_exact_step2,c444a6eac0c7b6cd317bc71d70e09e8e9d8b0a57308ceb8b4c11921129cc5ae1
G|LP0586|ConsensusExact|step2|attempt_1,G-a22708cc9bc56bf7c2881b9972de0af3461b2b6b,G,target,LP0586,Consensus,consensus_exact_step2_estimate,1,google/gemma-4-31B-it,ae8c5e225c3b2a9f4e744b79dbed64fc99293c013def40105de495e66811c562,ec9f25e6b68d12ca6182161cdc389e0da99a8cff29c47b015f1d07a6633e4cf0,consensus_benchmark_exact_v1,prompt_compiler_v2_split_g_f,1611890066,pending,Q001,"{""Q001"": ""consensus_estimate_net_zero_before_2085""}",consensus_exact_step2,c444a6eac0c7b6cd317bc71d70e09e8e9d8b0a57308ceb8b4c11921129cc5ae1
G|LP0587|ConsensusExact|step2|attempt_1,G-1ac737be9313b164d8b035930060a2af36f9867d,G,target,LP0587,Consensus,consensus_exact_step2_estimate,1,google/gemma-4-31B-it,937acd5f5086cb2862e20a0abb3895dd514b0ef9be296a190c58763765bde128,ec9f25e6b68d12ca6182161cdc389e0da99a8cff29c47b015f1d07a6633e4cf0,consensus_benchmark_exact_v1,prompt_compiler_v2_split_g_f,1218584801,pending,Q001,"{""Q001"": ""consensus_estimate_net_zero_before_2085""}",consensus_exact_step2,c444a6eac0c7b6cd317bc71d70e09e8e9d8b0a57308ceb8b4c11921129cc5ae1
G|LP0588|ConsensusExact|step2|attempt_1,G-184c1750bf20f72d9dda1e8f3462e79e65fff6c4,G,target,LP0588,Consensus,consensus_exact_step2_estimate,1,google/gemma-4-31B-it,5e265ed7de91b51ac7a62f6af273be31baf32ccdba1b7988cb09cc9541492d31,ec9f25e6b68d12ca6182161cdc389e0da99a8cff29c47b015f1d07a6633e4cf0,consensus_benchmark_exact_v1,prompt_compiler_v2_split_g_f,1874404814,pending,Q001,"{""Q001"": ""consensus_estimate_net_zero_before_2085""}",consensus_exact_step2,c444a6eac0c7b6cd317bc71d70e09e8e9d8b0a57308ceb8b4c11921129cc5ae1
G|LP0589|ConsensusExact|step2|attempt_1,G-8542c8f77f565e3f12ab159ef2de252a67b230d0,G,target,LP0589,Consensus,consensus_exact_step2_estimate,1,google/gemma-4-31B-it,e2a67e14cdc8bd84b3925fb5bf92e4be98176b2153c18fb2e0fd927ec2cf22f6,ec9f25e6b68d12ca6182161cdc389e0da99a8cff29c47b015f1d07a6633e4cf0,consensus_benchmark_exact_v1,prompt_compiler_v2_split_g_f,165408816,pending,Q001,"{""Q001"": ""consensus_estimate_net_zero_before_2085""}",consensus_exact_step2,c444a6eac0c7b6cd317bc71d70e09e8e9d8b0a57308ceb8b4c11921129cc5ae1
G|LP0590|ConsensusExact|step2|attempt_1,G-84cb07fb9c33e136fd82dba3ac17a9088484fe52,G,target,LP0590,Consensus,consensus_exact_step2_estimate,1,google/gemma-4-31B-it,226183d2499fb362e78c1acb4168e81ea6850a25dcaab8bb1800fa8065cb2d7c,ec9f25e6b68d12ca6182161cdc389e0da99a8cff29c47b015f1d07a6633e4cf0,consensus_benchmark_exact_v1,prompt_compiler_v2_split_g_f,633991471,pending,Q001,"{""Q001"": ""consensus_estimate_net_zero_before_2085""}",consensus_exact_step2,c444a6eac0c7b6cd317bc71d70e09e8e9d8b0a57308ceb8b4c11921129cc5ae1
G|LP0591|ConsensusExact|step2|attempt_1,G-0d011fe430f3fb42561a8a06311764ddbe4a2645,G,target,LP0591,Consensus,consensus_exact_step2_estimate,1,google/gemma-4-31B-it,70dc626afe6182cd074dfa756482f1dae5c2631ada1ffd9677e2d938b3c9ce07,ec9f25e6b68d12ca6182161cdc389e0da99a8cff29c47b015f1d07a6633e4cf0,consensus_benchmark_exact_v1,prompt_compiler_v2_split_g_f,1257650954,pending,Q001,"{""Q001"": ""consensus_estimate_net_zero_before_2085""}",consensus_exact_step2,c444a6eac0c7b6cd317bc71d70e09e8e9d8b0a57308ceb8b4c11921129cc5ae1
G|LP0592|ConsensusExact|step2|attempt_1,G-bf820c630346bc455c68af929c42e6299fbe21a7,G,target,LP0592,Consensus,consensus_exact_step2_estimate,1,google/gemma-4-31B-it,0f12acab2bf5e830a4e701c585951042170cd6cd2308164a93f81374a4e3f963,ec9f25e6b68d12ca6182161cdc389e0da99a8cff29c47b015f1d07a6633e4cf0,consensus_benchmark_exact_v1,prompt_compiler_v2_split_g_f,38458638,pending,Q001,"{""Q001"": ""consensus_estimate_net_zero_before_2085""}",consensus_exact_step2,c444a6eac0c7b6cd317bc71d70e09e8e9d8b0a57308ceb8b4c11921129cc5ae1
G|LP0593|ConsensusExact|step2|attempt_1,G-1bf922392651214b54da4f8dc8492c1c1828df5a,G,target,LP0593,Consensus,consensus_exact_step2_estimate,1,google/gemma-4-31B-it,fbaaf55fecede01f6819f1e35128e30b004d706ca27b4f257fea031f924cec65,ec9f25e6b68d12ca6182161cdc389e0da99a8cff29c47b015f1d07a6633e4cf0,consensus_benchmark_exact_v1,prompt_compiler_v2_split_g_f,1581475261,pending,Q001,"{""Q001"": ""consensus_estimate_net_zero_before_2085""}",consensus_exact_step2,c444a6eac0c7b6cd317bc71d70e09e8e9d8b0a57308ceb8b4c11921129cc5ae1
G|LP0594|ConsensusExact|step2|attempt_1,G-a7ddfbc39ffe09225be59746f556029035e6a970,G,target,LP0594,Consensus,consensus_exact_step2_estimate,1,google/gemma-4-31B-it,1c89c16e801d5c172ca59989d9d893956699430caffa250f4e952103e16534e7,ec9f25e6b68d12ca6182161cdc389e0da99a8cff29c47b015f1d07a6633e4cf0,consensus_benchmark_exact_v1,prompt_compiler_v2_split_g_f,1874460843,pending,Q001,"{""Q001"": ""consensus_estimate_net_zero_before_2085""}",consensus_exact_step2,c444a6eac0c7b6cd317bc71d70e09e8e9d8b0a57308ceb8b4c11921129cc5ae1
G|LP0595|ConsensusExact|step2|attempt_1,G-207166596010cc925a2655d4eadf1940f3c6d3c8,G,target,LP0595,Consensus,consensus_exact_step2_estimate,1,google/gemma-4-31B-it,c83251a6bbcfde7c02393b96a5dd4e7a0c44d227edf050a20c204073a819418f,ec9f25e6b68d12ca6182161cdc389e0da99a8cff29c47b015f1d07a6633e4cf0,consensus_benchmark_exact_v1,prompt_compiler_v2_split_g_f,552835397,pending,Q001,"{""Q001"": ""consensus_estimate_net_zero_before_2085""}",consensus_exact_step2,c444a6eac0c7b6cd317bc71d70e09e8e9d8b0a57308ceb8b4c11921129cc5ae1
G|LP0596|ConsensusExact|step2|attempt_1,G-11f8707b6ca2058a23b31d65bcf39b8e470492ea,G,target,LP0596,Consensus,consensus_exact_step2_estimate,1,google/gemma-4-31B-it,d1ea993cc35d11f26b82527cd751f6ae669184d33771ee817f3ebcfb65e5b4c4,ec9f25e6b68d12ca6182161cdc389e0da99a8cff29c47b015f1d07a6633e4cf0,consensus_benchmark_exact_v1,prompt_compiler_v2_split_g_f,278062721,pending,Q001,"{""Q001"": ""consensus_estimate_net_zero_before_2085""}",consensus_exact_step2,c444a6eac0c7b6cd317bc71d70e09e8e9d8b0a57308ceb8b4c11921129cc5ae1
G|LP0597|ConsensusExact|step2|attempt_1,G-a604cd4ed77d16d19985576c45af2a1c9b7e8059,G,target,LP0597,Consensus,consensus_exact_step2_estimate,1,google/gemma-4-31B-it,07f9934abf0a9197240ec56a6c147106f1df2e0841453c430e94cab8045197a9,ec9f25e6b68d12ca6182161cdc389e0da99a8cff29c47b015f1d07a6633e4cf0,consensus_benchmark_exact_v1,prompt_compiler_v2_split_g_f,596029809,pending,Q001,"{""Q001"": ""consensus_estimate_net_zero_before_2085""}",consensus_exact_step2,c444a6eac0c7b6cd317bc71d70e09e8e9d8b0a57308ceb8b4c11921129cc5ae1
G|LP0598|ConsensusExact|step2|attempt_1,G-effb9e4c12d543d4eda4b7192245bcbb049bbc42,G,target,LP0598,Consensus,consensus_exact_step2_estimate,1,google/gemma-4-31B-it,909bbf986de90ca2cae8f9933533c12b43f8aeec6a2b5ee6050b62e30309c1ff,ec9f25e6b68d12ca6182161cdc389e0da99a8cff29c47b015f1d07a6633e4cf0,consensus_benchmark_exact_v1,prompt_compiler_v2_split_g_f,1926004847,pending,Q001,"{""Q001"": ""consensus_estimate_net_zero_before_2085""}",consensus_exact_step2,c444a6eac0c7b6cd317bc71d70e09e8e9d8b0a57308ceb8b4c11921129cc5ae1
G|LP0599|ConsensusExact|step2|attempt_1,G-3a3cb370beaf26375339593661af5af518be28be,G,target,LP0599,Consensus,consensus_exact_step2_estimate,1,google/gemma-4-31B-it,20643ef134ab0ddb702a4636fabc2217c4b1be7b31f0ddbd4a24e95d60f69c66,ec9f25e6b68d12ca6182161cdc389e0da99a8cff29c47b015f1d07a6633e4cf0,consensus_benchmark_exact_v1,prompt_compiler_v2_split_g_f,858295577,pending,Q001,"{""Q001"": ""consensus_estimate_net_zero_before_2085""}",consensus_exact_step2,c444a6eac0c7b6cd317bc71d70e09e8e9d8b0a57308ceb8b4c11921129cc5ae1
G|LP0600|ConsensusExact|step2|attempt_1,G-25ff5fa1afb8d380fa9ea4d05418ef8a518e79fc,G,target,LP0600,Consensus,consensus_exact_step2_estimate,1,google/gemma-4-31B-it,c8c2690db9adad21f3f9bba57f5abdd5ddef8aa66db9ab90fa765c055581b436,ec9f25e6b68d12ca6182161cdc389e0da99a8cff29c47b015f1d07a6633e4cf0,consensus_benchmark_exact_v1,prompt_compiler_v2_split_g_f,2075628227,pending,Q001,"{""Q001"": ""consensus_estimate_net_zero_before_2085""}",consensus_exact_step2,c444a6eac0c7b6cd317bc71d70e09e8e9d8b0a57308ceb8b4c11921129cc5ae1
G|LP0601|ConsensusExact|step2|attempt_1,G-0d6f6b2ab18d29aba74ef7cf0c8c8ff2b2d892b2,G,target,LP0601,Consensus,consensus_exact_step2_estimate,1,google/gemma-4-31B-it,c39b783d970be20c1c97fa0ef0e13e2d9f2c8a8b05af8f39f9e87a45613c2166,ec9f25e6b68d12ca6182161cdc389e0da99a8cff29c47b015f1d07a6633e4cf0,consensus_benchmark_exact_v1,prompt_compiler_v2_split_g_f,1282146304,pending,Q001,"{""Q001"": ""consensus_estimate_net_zero_before_2085""}",consensus_exact_step2,c444a6eac0c7b6cd317bc71d70e09e8e9d8b0a57308ceb8b4c11921129cc5ae1
G|LP0602|ConsensusExact|step2|attempt_1,G-7a64360ac3f267d583fe113260dbfba756c4c24d,G,target,LP0602,Consensus,consensus_exact_step2_estimate,1,google/gemma-4-31B-it,173a7291fd4f70a10791fb3caa444fb63f7f80aa3cf46af838ce6d2be82d021a,ec9f25e6b68d12ca6182161cdc389e0da99a8cff29c47b015f1d07a6633e4cf0,consensus_benchmark_exact_v1,prompt_compiler_v2_split_g_f,951768044,pending,Q001,"{""Q001"": ""consensus_estimate_net_zero_before_2085""}",consensus_exact_step2,c444a6eac0c7b6cd317bc71d70e09e8e9d8b0a57308ceb8b4c11921129cc5ae1
G|LP0603|ConsensusExact|step2|attempt_1,G-8fd406164264f3c8e7fa724389cfd1a69fcc5299,G,target,LP0603,Consensus,consensus_exact_step2_estimate,1,google/gemma-4-31B-it,a1a200579f25877185e6aee9c73a959ab72dac736469bbee3362dc1d7e2ce505,ec9f25e6b68d12ca6182161cdc389e0da99a8cff29c47b015f1d07a6633e4cf0,consensus_benchmark_exact_v1,prompt_compiler_v2_split_g_f,1645019126,pending,Q001,"{""Q001"": ""consensus_estimate_net_zero_before_2085""}",consensus_exact_step2,c444a6eac0c7b6cd317bc71d70e09e8e9d8b0a57308ceb8b4c11921129cc5ae1
G|LP0604|ConsensusExact|step2|attempt_1,G-62a96b6c4e8968247f7f815e7a7830b00150be94,G,target,LP0604,Consensus,consensus_exact_step2_estimate,1,google/gemma-4-31B-it,e5536e7b0409074dd818e3eb68c75efd77f9465ff77f448b62f285d9bc183033,ec9f25e6b68d12ca6182161cdc389e0da99a8cff29c47b015f1d07a6633e4cf0,consensus_benchmark_exact_v1,prompt_compiler_v2_split_g_f,333201150,pending,Q001,"{""Q001"": ""consensus_estimate_net_zero_before_2085""}",consensus_exact_step2,c444a6eac0c7b6cd317bc71d70e09e8e9d8b0a57308ceb8b4c11921129cc5ae1
G|LP0605|ConsensusExact|step2|attempt_1,G-50bbac36c85f276137fecabbf8ea0671b742f1c4,G,target,LP0605,Consensus,consensus_exact_step2_estimate,1,google/gemma-4-31B-it,52d8a31d575d3c9f997cb237e3c4ef1d0362df4638fcbc98580a7a1d7976cad9,ec9f25e6b68d12ca6182161cdc389e0da99a8cff29c47b015f1d07a6633e4cf0,consensus_benchmark_exact_v1,prompt_compiler_v2_split_g_f,1775665103,pending,Q001,"{""Q001"": ""consensus_estimate_net_zero_before_2085""}",consensus_exact_step2,c444a6eac0c7b6cd317bc71d70e09e8e9d8b0a57308ceb8b4c11921129cc5ae1
G|LP0606|ConsensusExact|step2|attempt_1,G-c8fc80876f1f3517067fe1399c2817f3e3664c47,G,target,LP0606,Consensus,consensus_exact_step2_estimate,1,google/gemma-4-31B-it,b0038a9fbc31802f7f01889fbf340eacf1b903310bde1dcd9ff37769c347bc05,ec9f25e6b68d12ca6182161cdc389e0da99a8cff29c47b015f1d07a6633e4cf0,consensus_benchmark_exact_v1,prompt_compiler_v2_split_g_f,18363945,pending,Q001,"{""Q001"": ""consensus_estimate_net_zero_before_2085""}",consensus_exact_step2,c444a6eac0c7b6cd317bc71d70e09e8e9d8b0a57308ceb8b4c11921129cc5ae1
G|LP0607|ConsensusExact|step2|attempt_1,G-b81850965c93e2409c8c174d44f60725215f22ca,G,target,LP0607,Consensus,consensus_exact_step2_estimate,1,google/gemma-4-31B-it,91d35989537cb547b1fb9b08cdabe695788f80d0f48c2a990ac1fdd1f53db12a,ec9f25e6b68d12ca6182161cdc389e0da99a8cff29c47b015f1d07a6633e4cf0,consensus_benchmark_exact_v1,prompt_compiler_v2_split_g_f,1287947119,pending,Q001,"{""Q001"": ""consensus_estimate_net_zero_before_2085""}",consensus_exact_step2,c444a6eac0c7b6cd317bc71d70e09e8e9d8b0a57308ceb8b4c11921129cc5ae1
G|LP0608|ConsensusExact|step2|attempt_1,G-356388d2a9ac7464635b888cafc24ce451344115,G,target,LP0608,Consensus,consensus_exact_step2_estimate,1,google/gemma-4-31B-it,3cd6ed56cfb0d2e8d5ba5a100f410b03b1f73332d1e4ab98faeaadad5d9dfb65,ec9f25e6b68d12ca6182161cdc389e0da99a8cff29c47b015f1d07a6633e4cf0,consensus_benchmark_exact_v1,prompt_compiler_v2_split_g_f,343115274,pending,Q001,"{""Q001"": ""consensus_estimate_net_zero_before_2085""}",consensus_exact_step2,c444a6eac0c7b6cd317bc71d70e09e8e9d8b0a57308ceb8b4c11921129cc5ae1
G|LP0609|ConsensusExact|step2|attempt_1,G-f2dec102f2c8ffbe52b0af03a3cae34cb64e287f,G,target,LP0609,Consensus,consensus_exact_step2_estimate,1,google/gemma-4-31B-it,3804b7c3914fffd82853fdbd6f16be6f6d90bb801f6cb84ff48ebf5f66bb645c,ec9f25e6b68d12ca6182161cdc389e0da99a8cff29c47b015f1d07a6633e4cf0,consensus_benchmark_exact_v1,prompt_compiler_v2_split_g_f,1485210055,pending,Q001,"{""Q001"": ""consensus_estimate_net_zero_before_2085""}",consensus_exact_step2,c444a6eac0c7b6cd317bc71d70e09e8e9d8b0a57308ceb8b4c11921129cc5ae1
G|LP0610|ConsensusExact|step2|attempt_1,G-8c1e4e7909f7e4a7d80b0ae095ce45e8efe47184,G,target,LP0610,Consensus,consensus_exact_step2_estimate,1,google/gemma-4-31B-it,d080c9efeb8ff4f40b0aa048a37fed3ec442d976f62ff6a847f4502fb0dc02c3,ec9f25e6b68d12ca6182161cdc389e0da99a8cff29c47b015f1d07a6633e4cf0,consensus_benchmark_exact_v1,prompt_compiler_v2_split_g_f,573866395,pending,Q001,"{""Q001"": ""consensus_estimate_net_zero_before_2085""}",consensus_exact_step2,c444a6eac0c7b6cd317bc71d70e09e8e9d8b0a57308ceb8b4c11921129cc5ae1
G|LP0611|ConsensusExact|step2|attempt_1,G-dacfa3a963aa84edef3cdd49ec2d250f88c69580,G,target,LP0611,Consensus,consensus_exact_step2_estimate,1,google/gemma-4-31B-it,b98d11e844f76a9e77fd2ad30d3d71c3b1fd36eb75a584eed7fa811c5e75b74e,ec9f25e6b68d12ca6182161cdc389e0da99a8cff29c47b015f1d07a6633e4cf0,consensus_benchmark_exact_v1,prompt_compiler_v2_split_g_f,424266819,pending,Q001,"{""Q001"": ""consensus_estimate_net_zero_before_2085""}",consensus_exact_step2,c444a6eac0c7b6cd317bc71d70e09e8e9d8b0a57308ceb8b4c11921129cc5ae1
G|LP0612|ConsensusExact|step2|attempt_1,G-51bbf75370dafb2d4990f1359f35b13fbda14268,G,target,LP0612,Consensus,consensus_exact_step2_estimate,1,google/gemma-4-31B-it,b9bf8b78454b5fe89d5c9dd4cca9b6611b03afc6a489f9777a2c3211f46acd09,ec9f25e6b68d12ca6182161cdc389e0da99a8cff29c47b015f1d07a6633e4cf0,consensus_benchmark_exact_v1,prompt_compiler_v2_split_g_f,340978133,pending,Q001,"{""Q001"": ""consensus_estimate_net_zero_before_2085""}",consensus_exact_step2,c444a6eac0c7b6cd317bc71d70e09e8e9d8b0a57308ceb8b4c11921129cc5ae1
G|LP0613|ConsensusExact|step2|attempt_1,G-333b2836b53ab1cbff66db3edee3076162ed72af,G,target,LP0613,Consensus,consensus_exact_step2_estimate,1,google/gemma-4-31B-it,4f0f1ba6d1bf3bb77b98726f799b8c1093082099560ad2efbdb2333fc4246db3,ec9f25e6b68d12ca6182161cdc389e0da99a8cff29c47b015f1d07a6633e4cf0,consensus_benchmark_exact_v1,prompt_compiler_v2_split_g_f,464585273,pending,Q001,"{""Q001"": ""consensus_estimate_net_zero_before_2085""}",consensus_exact_step2,c444a6eac0c7b6cd317bc71d70e09e8e9d8b0a57308ceb8b4c11921129cc5ae1
G|LP0614|ConsensusExact|step2|attempt_1,G-70317328dae5b582fd700054c0f5a3a84ffbbafd,G,target,LP0614,Consensus,consensus_exact_step2_estimate,1,google/gemma-4-31B-it,a575e85e55582a817ad183825aff94771835c1d5418962b714e6157a156ffc3f,ec9f25e6b68d12ca6182161cdc389e0da99a8cff29c47b015f1d07a6633e4cf0,consensus_benchmark_exact_v1,prompt_compiler_v2_split_g_f,994614229,pending,Q001,"{""Q001"": ""consensus_estimate_net_zero_before_2085""}",consensus_exact_step2,c444a6eac0c7b6cd317bc71d70e09e8e9d8b0a57308ceb8b4c11921129cc5ae1
G|LP0615|ConsensusExact|step2|attempt_1,G-00c1a27c076518d6d260e6b1ea2800ede528a135,G,target,LP0615,Consensus,consensus_exact_step2_estimate,1,google/gemma-4-31B-it,3ad728556e30af16939fcb1c02b16261d171fba9ab9a85d56f61ce0bdce77f8b,ec9f25e6b68d12ca6182161cdc389e0da99a8cff29c47b015f1d07a6633e4cf0,consensus_benchmark_exact_v1,prompt_compiler_v2_split_g_f,149446094,pending,Q001,"{""Q001"": ""consensus_estimate_net_zero_before_2085""}",consensus_exact_step2,c444a6eac0c7b6cd317bc71d70e09e8e9d8b0a57308ceb8b4c11921129cc5ae1
G|LP0616|ConsensusExact|step2|attempt_1,G-7987d21f8944c19c23d82808a3201c7775a414e4,G,target,LP0616,Consensus,consensus_exact_step2_estimate,1,google/gemma-4-31B-it,05b325e2dcf6506aa79749f351a4e381ec7725ace40fa2747ccb79e1f38c9281,ec9f25e6b68d12ca6182161cdc389e0da99a8cff29c47b015f1d07a6633e4cf0,consensus_benchmark_exact_v1,prompt_compiler_v2_split_g_f,2085905884,pending,Q001,"{""Q001"": ""consensus_estimate_net_zero_before_2085""}",consensus_exact_step2,c444a6eac0c7b6cd317bc71d70e09e8e9d8b0a57308ceb8b4c11921129cc5ae1
G|LP0617|ConsensusExact|step2|attempt_1,G-7293ace38e54012d2528bb0beec5b8a6d44c10f1,G,target,LP0617,Consensus,consensus_exact_step2_estimate,1,google/gemma-4-31B-it,4037c19b01bcb96500dbdc086dc7342677a66ed9757be6bfbe31c42f6ba17fde,ec9f25e6b68d12ca6182161cdc389e0da99a8cff29c47b015f1d07a6633e4cf0,consensus_benchmark_exact_v1,prompt_compiler_v2_split_g_f,1937464053,pending,Q001,"{""Q001"": ""consensus_estimate_net_zero_before_2085""}",consensus_exact_step2,c444a6eac0c7b6cd317bc71d70e09e8e9d8b0a57308ceb8b4c11921129cc5ae1
G|LP0618|ConsensusExact|step2|attempt_1,G-1910a72e16744a51bca958c9c421d9572b49ea9a,G,target,LP0618,Consensus,consensus_exact_step2_estimate,1,google/gemma-4-31B-it,8e4076c1c7f62db156bfb6f68afd3654063d3cf335041abfda5938f40c7d6295,ec9f25e6b68d12ca6182161cdc389e0da99a8cff29c47b015f1d07a6633e4cf0,consensus_benchmark_exact_v1,prompt_compiler_v2_split_g_f,1217763501,pending,Q001,"{""Q001"": ""consensus_estimate_net_zero_before_2085""}",consensus_exact_step2,c444a6eac0c7b6cd317bc71d70e09e8e9d8b0a57308ceb8b4c11921129cc5ae1
G|LP0619|ConsensusExact|step2|attempt_1,G-a6d989f2f3a80b449701bda1729b2505706ea117,G,target,LP0619,Consensus,consensus_exact_step2_estimate,1,google/gemma-4-31B-it,5f5c292029c08d4adbe1bef64e57b954f9cf7ec4490623da3f79f59da0f6c7f6,ec9f25e6b68d12ca6182161cdc389e0da99a8cff29c47b015f1d07a6633e4cf0,consensus_benchmark_exact_v1,prompt_compiler_v2_split_g_f,1096490796,pending,Q001,"{""Q001"": ""consensus_estimate_net_zero_before_2085""}",consensus_exact_step2,c444a6eac0c7b6cd317bc71d70e09e8e9d8b0a57308ceb8b4c11921129cc5ae1
G|LP0620|ConsensusExact|step2|attempt_1,G-d44aa568964e360ac32625a89edf9d4731dc460f,G,target,LP0620,Consensus,consensus_exact_step2_estimate,1,google/gemma-4-31B-it,1467793239ff63b59b826de09b0a9a8052c816d2a7fb7cfeca994c372ebb3795,ec9f25e6b68d12ca6182161cdc389e0da99a8cff29c47b015f1d07a6633e4cf0,consensus_benchmark_exact_v1,prompt_compiler_v2_split_g_f,1055097054,pending,Q001,"{""Q001"": ""consensus_estimate_net_zero_before_2085""}",consensus_exact_step2,c444a6eac0c7b6cd317bc71d70e09e8e9d8b0a57308ceb8b4c11921129cc5ae1
G|LP0621|ConsensusExact|step2|attempt_1,G-c49565dcfa7b6a1f747ec2cf795834a45e05f4d6,G,target,LP0621,Consensus,consensus_exact_step2_estimate,1,google/gemma-4-31B-it,122719a0967aa328233059047eb16825b2c53fe4d0a319565914855e50b5791b,ec9f25e6b68d12ca6182161cdc389e0da99a8cff29c47b015f1d07a6633e4cf0,consensus_benchmark_exact_v1,prompt_compiler_v2_split_g_f,61224412,pending,Q001,"{""Q001"": ""consensus_estimate_net_zero_before_2085""}",consensus_exact_step2,c444a6eac0c7b6cd317bc71d70e09e8e9d8b0a57308ceb8b4c11921129cc5ae1
G|LP0622|ConsensusExact|step2|attempt_1,G-ab41f6f84b22e69244b6fd71549a2ed237715ad8,G,target,LP0622,Consensus,consensus_exact_step2_estimate,1,google/gemma-4-31B-it,e0f9dcd2c0ddff97aa3cbe2e8b740cf56f2549fbfd9bc75c3d3c67ecdc272c61,ec9f25e6b68d12ca6182161cdc389e0da99a8cff29c47b015f1d07a6633e4cf0,consensus_benchmark_exact_v1,prompt_compiler_v2_split_g_f,564581509,pending,Q001,"{""Q001"": ""consensus_estimate_net_zero_before_2085""}",consensus_exact_step2,c444a6eac0c7b6cd317bc71d70e09e8e9d8b0a57308ceb8b4c11921129cc5ae1
G|LP0623|ConsensusExact|step2|attempt_1,G-2ffff07251b23d30055b8b806b0cecc6ad8d1ccf,G,target,LP0623,Consensus,consensus_exact_step2_estimate,1,google/gemma-4-31B-it,4e2efab46dca9fda45e8a1a5238f635b0875c6fcdcd752ed1ff1fc544e34415c,ec9f25e6b68d12ca6182161cdc389e0da99a8cff29c47b015f1d07a6633e4cf0,consensus_benchmark_exact_v1,prompt_compiler_v2_split_g_f,833756693,pending,Q001,"{""Q001"": ""consensus_estimate_net_zero_before_2085""}",consensus_exact_step2,c444a6eac0c7b6cd317bc71d70e09e8e9d8b0a57308ceb8b4c11921129cc5ae1
G|LP0624|ConsensusExact|step2|attempt_1,G-5a27b0812023914bd9f2c3d98330f600f88639cf,G,target,LP0624,Consensus,consensus_exact_step2_estimate,1,google/gemma-4-31B-it,5cbd2010777a48535715a92280d1929f656f04cdd69695ccbf4c92920e39ff70,ec9f25e6b68d12ca6182161cdc389e0da99a8cff29c47b015f1d07a6633e4cf0,consensus_benchmark_exact_v1,prompt_compiler_v2_split_g_f,1416819278,pending,Q001,"{""Q001"": ""consensus_estimate_net_zero_before_2085""}",consensus_exact_step2,c444a6eac0c7b6cd317bc71d70e09e8e9d8b0a57308ceb8b4c11921129cc5ae1
G|LP0625|ConsensusExact|step2|attempt_1,G-e30a7d189d8e20e04bc1b068d9a5b95eb1d08719,G,target,LP0625,Consensus,consensus_exact_step2_estimate,1,google/gemma-4-31B-it,f77d77838d52086371b340b352d6fa208c1114076726be3efaf5bdf96c46e2ea,ec9f25e6b68d12ca6182161cdc389e0da99a8cff29c47b015f1d07a6633e4cf0,consensus_benchmark_exact_v1,prompt_compiler_v2_split_g_f,1671633684,pending,Q001,"{""Q001"": ""consensus_estimate_net_zero_before_2085""}",consensus_exact_step2,c444a6eac0c7b6cd317bc71d70e09e8e9d8b0a57308ceb8b4c11921129cc5ae1
G|LP0626|ConsensusExact|step2|attempt_1,G-6f939ba17560893fcccdfd082f06b826dfa84073,G,target,LP0626,Consensus,consensus_exact_step2_estimate,1,google/gemma-4-31B-it,b6dc505c175a56cf36fabd98cb3d574ba820be9b87867dabf2d3da6b432f9009,ec9f25e6b68d12ca6182161cdc389e0da99a8cff29c47b015f1d07a6633e4cf0,consensus_benchmark_exact_v1,prompt_compiler_v2_split_g_f,1418182787,pending,Q001,"{""Q001"": ""consensus_estimate_net_zero_before_2085""}",consensus_exact_step2,c444a6eac0c7b6cd317bc71d70e09e8e9d8b0a57308ceb8b4c11921129cc5ae1
G|LP0627|ConsensusExact|step2|attempt_1,G-07833204b9138483b40427b3dc37354a3453729a,G,target,LP0627,Consensus,consensus_exact_step2_estimate,1,google/gemma-4-31B-it,954c0068eae206fe375fe956cbaa0802461640fe4c306ca3b4101447c98d1c04,ec9f25e6b68d12ca6182161cdc389e0da99a8cff29c47b015f1d07a6633e4cf0,consensus_benchmark_exact_v1,prompt_compiler_v2_split_g_f,1209657484,pending,Q001,"{""Q001"": ""consensus_estimate_net_zero_before_2085""}",consensus_exact_step2,c444a6eac0c7b6cd317bc71d70e09e8e9d8b0a57308ceb8b4c11921129cc5ae1
G|LP0628|ConsensusExact|step2|attempt_1,G-eb66f49a9211354aed83311d89ac0f69ea34f845,G,target,LP0628,Consensus,consensus_exact_step2_estimate,1,google/gemma-4-31B-it,e751dec51a9d41796ca95d4287dea227f4746c4d8be3adb5951553115575b68e,ec9f25e6b68d12ca6182161cdc389e0da99a8cff29c47b015f1d07a6633e4cf0,consensus_benchmark_exact_v1,prompt_compiler_v2_split_g_f,1759452802,pending,Q001,"{""Q001"": ""consensus_estimate_net_zero_before_2085""}",consensus_exact_step2,c444a6eac0c7b6cd317bc71d70e09e8e9d8b0a57308ceb8b4c11921129cc5ae1
G|LP0629|ConsensusExact|step2|attempt_1,G-2336e17843add792969beac122809f98b60627b1,G,target,LP0629,Consensus,consensus_exact_step2_estimate,1,google/gemma-4-31B-it,f858d86099613d42e7e41924935a7ad5113afa7f9ac81480f500a1994698727d,ec9f25e6b68d12ca6182161cdc389e0da99a8cff29c47b015f1d07a6633e4cf0,consensus_benchmark_exact_v1,prompt_compiler_v2_split_g_f,169581187,pending,Q001,"{""Q001"": ""consensus_estimate_net_zero_before_2085""}",consensus_exact_step2,c444a6eac0c7b6cd317bc71d70e09e8e9d8b0a57308ceb8b4c11921129cc5ae1
G|LP0630|ConsensusExact|step2|attempt_1,G-b0a3463dc3bf1d79804dda2da03be861a73e9ab8,G,target,LP0630,Consensus,consensus_exact_step2_estimate,1,google/gemma-4-31B-it,b39c962a07e4375a474bd97b50e80534132fd9cf3360d82b574589822e683a38,ec9f25e6b68d12ca6182161cdc389e0da99a8cff29c47b015f1d07a6633e4cf0,consensus_benchmark_exact_v1,prompt_compiler_v2_split_g_f,621128183,pending,Q001,"{""Q001"": ""consensus_estimate_net_zero_before_2085""}",consensus_exact_step2,c444a6eac0c7b6cd317bc71d70e09e8e9d8b0a57308ceb8b4c11921129cc5ae1
G|LP0631|ConsensusExact|step2|attempt_1,G-0a1bfb557d668d6c41fd16f7443de2a36391e7a4,G,target,LP0631,Consensus,consensus_exact_step2_estimate,1,google/gemma-4-31B-it,8de55f6a4400752173c35b17e2dc0dfcbc11411f5ae1d237e8dfef6f75a51508,ec9f25e6b68d12ca6182161cdc389e0da99a8cff29c47b015f1d07a6633e4cf0,consensus_benchmark_exact_v1,prompt_compiler_v2_split_g_f,295601175,pending,Q001,"{""Q001"": ""consensus_estimate_net_zero_before_2085""}",consensus_exact_step2,c444a6eac0c7b6cd317bc71d70e09e8e9d8b0a57308ceb8b4c11921129cc5ae1
G|LP0632|ConsensusExact|step2|attempt_1,G-4c0d7e77bcca8f24246fa438334faf0383da6f74,G,target,LP0632,Consensus,consensus_exact_step2_estimate,1,google/gemma-4-31B-it,f45068fd4985a7d91d596869beef1dbae9bca96b169141fd53405ad81f614725,ec9f25e6b68d12ca6182161cdc389e0da99a8cff29c47b015f1d07a6633e4cf0,consensus_benchmark_exact_v1,prompt_compiler_v2_split_g_f,1424329748,pending,Q001,"{""Q001"": ""consensus_estimate_net_zero_before_2085""}",consensus_exact_step2,c444a6eac0c7b6cd317bc71d70e09e8e9d8b0a57308ceb8b4c11921129cc5ae1
G|LP0633|ConsensusExact|step2|attempt_1,G-371ac28e210220a79b5b4b698545dd5b42f84b55,G,target,LP0633,Consensus,consensus_exact_step2_estimate,1,google/gemma-4-31B-it,947c334b035cc31bf5b354ff8ecf94044396a1df383eca4c96d0c4525a6663c8,ec9f25e6b68d12ca6182161cdc389e0da99a8cff29c47b015f1d07a6633e4cf0,consensus_benchmark_exact_v1,prompt_compiler_v2_split_g_f,255305156,pending,Q001,"{""Q001"": ""consensus_estimate_net_zero_before_2085""}",consensus_exact_step2,c444a6eac0c7b6cd317bc71d70e09e8e9d8b0a57308ceb8b4c11921129cc5ae1
G|LP0634|ConsensusExact|step2|attempt_1,G-49fe7ab743ef7f9f8b11da889050a2b3c7fa26fe,G,target,LP0634,Consensus,consensus_exact_step2_estimate,1,google/gemma-4-31B-it,1e81351514390b618d821f38056b816dd688eb666921a0d09e3fe468ce29aa89,ec9f25e6b68d12ca6182161cdc389e0da99a8cff29c47b015f1d07a6633e4cf0,consensus_benchmark_exact_v1,prompt_compiler_v2_split_g_f,1475114254,pending,Q001,"{""Q001"": ""consensus_estimate_net_zero_before_2085""}",consensus_exact_step2,c444a6eac0c7b6cd317bc71d70e09e8e9d8b0a57308ceb8b4c11921129cc5ae1
G|LP0635|ConsensusExact|step2|attempt_1,G-00caf9bd45b0e43d40266bdbed06f8f07a67cb4e,G,target,LP0635,Consensus,consensus_exact_step2_estimate,1,google/gemma-4-31B-it,f657167e40c2ddda479e830206efdc2794c3921c7a7d0ecc91245d319fbe836c,ec9f25e6b68d12ca6182161cdc389e0da99a8cff29c47b015f1d07a6633e4cf0,consensus_benchmark_exact_v1,prompt_compiler_v2_split_g_f,1195825079,pending,Q001,"{""Q001"": ""consensus_estimate_net_zero_before_2085""}",consensus_exact_step2,c444a6eac0c7b6cd317bc71d70e09e8e9d8b0a57308ceb8b4c11921129cc5ae1
G|LP0636|ConsensusExact|step2|attempt_1,G-e7ee65350dc4eed47921793c7bf4478456804f08,G,target,LP0636,Consensus,consensus_exact_step2_estimate,1,google/gemma-4-31B-it,fd9ef8fc24c80e1cd8c38ee02f4782a68517930d7a22c15ca068ac689d2712ea,ec9f25e6b68d12ca6182161cdc389e0da99a8cff29c47b015f1d07a6633e4cf0,consensus_benchmark_exact_v1,prompt_compiler_v2_split_g_f,1570879809,pending,Q001,"{""Q001"": ""consensus_estimate_net_zero_before_2085""}",consensus_exact_step2,c444a6eac0c7b6cd317bc71d70e09e8e9d8b0a57308ceb8b4c11921129cc5ae1
G|LP0637|ConsensusExact|step2|attempt_1,G-ed2ff4362d6fd557e7701cb5a25adbcb4a2617df,G,target,LP0637,Consensus,consensus_exact_step2_estimate,1,google/gemma-4-31B-it,f81ef5873b4dacaa61ce5fdc34355eed1a4efcda382dfdb0b259e7092eb0ba69,ec9f25e6b68d12ca6182161cdc389e0da99a8cff29c47b015f1d07a6633e4cf0,consensus_benchmark_exact_v1,prompt_compiler_v2_split_g_f,131055047,pending,Q001,"{""Q001"": ""consensus_estimate_net_zero_before_2085""}",consensus_exact_step2,c444a6eac0c7b6cd317bc71d70e09e8e9d8b0a57308ceb8b4c11921129cc5ae1
G|LP0638|ConsensusExact|step2|attempt_1,G-40d83eae2cca6d51d9f0fbb09dcc1f33b6141ecb,G,target,LP0638,Consensus,consensus_exact_step2_estimate,1,google/gemma-4-31B-it,761c195f21841cf4a9427a2afe7ce81b04f4e9361df296b3503265e9c1c0ff92,ec9f25e6b68d12ca6182161cdc389e0da99a8cff29c47b015f1d07a6633e4cf0,consensus_benchmark_exact_v1,prompt_compiler_v2_split_g_f,779807406,pending,Q001,"{""Q001"": ""consensus_estimate_net_zero_before_2085""}",consensus_exact_step2,c444a6eac0c7b6cd317bc71d70e09e8e9d8b0a57308ceb8b4c11921129cc5ae1
G|LP0639|ConsensusExact|step2|attempt_1,G-73b590a950eeaee07b0e54cc4dc85a18daa7c869,G,target,LP0639,Consensus,consensus_exact_step2_estimate,1,google/gemma-4-31B-it,c46d48b8fd83599335eb2768f6578d9cc68fd926560c7338f978e45601c947cc,ec9f25e6b68d12ca6182161cdc389e0da99a8cff29c47b015f1d07a6633e4cf0,consensus_benchmark_exact_v1,prompt_compiler_v2_split_g_f,945410100,pending,Q001,"{""Q001"": ""consensus_estimate_net_zero_before_2085""}",consensus_exact_step2,c444a6eac0c7b6cd317bc71d70e09e8e9d8b0a57308ceb8b4c11921129cc5ae1
G|LP0640|ConsensusExact|step2|attempt_1,G-b122b955e78e1392945d12ac85662a35efe91535,G,target,LP0640,Consensus,consensus_exact_step2_estimate,1,google/gemma-4-31B-it,8e134e77d59871c61f30d183e86d29824b4e329b8e0c3cb261d631598a84f8e0,ec9f25e6b68d12ca6182161cdc389e0da99a8cff29c47b015f1d07a6633e4cf0,consensus_benchmark_exact_v1,prompt_compiler_v2_split_g_f,1238599232,pending,Q001,"{""Q001"": ""consensus_estimate_net_zero_before_2085""}",consensus_exact_step2,c444a6eac0c7b6cd317bc71d70e09e8e9d8b0a57308ceb8b4c11921129cc5ae1
G|LP0641|ConsensusExact|step2|attempt_1,G-d0f601280c34cda2ce33f57e755f5e3995bd02e2,G,target,LP0641,Consensus,consensus_exact_step2_estimate,1,google/gemma-4-31B-it,6597be2e0ece4984f9a193303408c5f5ad16571503e9fa8fcde97481571c61fc,ec9f25e6b68d12ca6182161cdc389e0da99a8cff29c47b015f1d07a6633e4cf0,consensus_benchmark_exact_v1,prompt_compiler_v2_split_g_f,773902325,pending,Q001,"{""Q001"": ""consensus_estimate_net_zero_before_2085""}",consensus_exact_step2,c444a6eac0c7b6cd317bc71d70e09e8e9d8b0a57308ceb8b4c11921129cc5ae1
G|LP0642|ConsensusExact|step2|attempt_1,G-7397a5d958b64beab2bdc26708c7c230998161a1,G,target,LP0642,Consensus,consensus_exact_step2_estimate,1,google/gemma-4-31B-it,eec71e8f1c4c505d72d888afa4d988703771dc116a628024b64baf922b75b0df,ec9f25e6b68d12ca6182161cdc389e0da99a8cff29c47b015f1d07a6633e4cf0,consensus_benchmark_exact_v1,prompt_compiler_v2_split_g_f,1072011166,pending,Q001,"{""Q001"": ""consensus_estimate_net_zero_before_2085""}",consensus_exact_step2,c444a6eac0c7b6cd317bc71d70e09e8e9d8b0a57308ceb8b4c11921129cc5ae1
G|LP0643|ConsensusExact|step2|attempt_1,G-947238bbc332306d4769b2f47d29fa21039b6fd4,G,target,LP0643,Consensus,consensus_exact_step2_estimate,1,google/gemma-4-31B-it,61e4ec33a94a428f266c8e6c644f4d9ee56f10343a132912953472cd0b14e3d2,ec9f25e6b68d12ca6182161cdc389e0da99a8cff29c47b015f1d07a6633e4cf0,consensus_benchmark_exact_v1,prompt_compiler_v2_split_g_f,1813422566,pending,Q001,"{""Q001"": ""consensus_estimate_net_zero_before_2085""}",consensus_exact_step2,c444a6eac0c7b6cd317bc71d70e09e8e9d8b0a57308ceb8b4c11921129cc5ae1
G|LP0644|ConsensusExact|step2|attempt_1,G-cee45f50715d4ca013cde479910d7ba4a584c887,G,target,LP0644,Consensus,consensus_exact_step2_estimate,1,google/gemma-4-31B-it,98c55d7f7d862b5ddf0ce95bb83e391e8019e4494dc8deb1a90c54de09126d1a,ec9f25e6b68d12ca6182161cdc389e0da99a8cff29c47b015f1d07a6633e4cf0,consensus_benchmark_exact_v1,prompt_compiler_v2_split_g_f,254151492,pending,Q001,"{""Q001"": ""consensus_estimate_net_zero_before_2085""}",consensus_exact_step2,c444a6eac0c7b6cd317bc71d70e09e8e9d8b0a57308ceb8b4c11921129cc5ae1
G|LP0645|ConsensusExact|step2|attempt_1,G-b3c336469405fcacb0f081b4f3bf6ff396d11420,G,target,LP0645,Consensus,consensus_exact_step2_estimate,1,google/gemma-4-31B-it,1e755e2c4459ded99d6ea066b9dc9b2288367beeaafdefccff4432253d9fabe3,ec9f25e6b68d12ca6182161cdc389e0da99a8cff29c47b015f1d07a6633e4cf0,consensus_benchmark_exact_v1,prompt_compiler_v2_split_g_f,2072799547,pending,Q001,"{""Q001"": ""consensus_estimate_net_zero_before_2085""}",consensus_exact_step2,c444a6eac0c7b6cd317bc71d70e09e8e9d8b0a57308ceb8b4c11921129cc5ae1
G|LP0646|ConsensusExact|step2|attempt_1,G-9e05dfee2ed100f7c1ca4e7df4825f11b48622ac,G,target,LP0646,Consensus,consensus_exact_step2_estimate,1,google/gemma-4-31B-it,f64b0996bcbe98f961de6e33ac3fcc9cab32f7880fc3e021f8564001f76fbf52,ec9f25e6b68d12ca6182161cdc389e0da99a8cff29c47b015f1d07a6633e4cf0,consensus_benchmark_exact_v1,prompt_compiler_v2_split_g_f,1792852181,pending,Q001,"{""Q001"": ""consensus_estimate_net_zero_before_2085""}",consensus_exact_step2,c444a6eac0c7b6cd317bc71d70e09e8e9d8b0a57308ceb8b4c11921129cc5ae1
G|LP0647|ConsensusExact|step2|attempt_1,G-319f96a632818fb5230adf8796ebd4fc5eb170a9,G,target,LP0647,Consensus,consensus_exact_step2_estimate,1,google/gemma-4-31B-it,b1e3472c2a4d25f37c30d0a7ab6678eb840d118c604addfcf046275f8b564432,ec9f25e6b68d12ca6182161cdc389e0da99a8cff29c47b015f1d07a6633e4cf0,consensus_benchmark_exact_v1,prompt_compiler_v2_split_g_f,364952834,pending,Q001,"{""Q001"": ""consensus_estimate_net_zero_before_2085""}",consensus_exact_step2,c444a6eac0c7b6cd317bc71d70e09e8e9d8b0a57308ceb8b4c11921129cc5ae1
G|LP0648|ConsensusExact|step2|attempt_1,G-b36cd59dc41c4f548a0bc3bfb664100a24227723,G,target,LP0648,Consensus,consensus_exact_step2_estimate,1,google/gemma-4-31B-it,4937f3419da4ed952d829c2a3d1fd6c7adda6696fbe490bba180ae1ee2f7ff2d,ec9f25e6b68d12ca6182161cdc389e0da99a8cff29c47b015f1d07a6633e4cf0,consensus_benchmark_exact_v1,prompt_compiler_v2_split_g_f,720763538,pending,Q001,"{""Q001"": ""consensus_estimate_net_zero_before_2085""}",consensus_exact_step2,c444a6eac0c7b6cd317bc71d70e09e8e9d8b0a57308ceb8b4c11921129cc5ae1
G|LP0649|ConsensusExact|step2|attempt_1,G-16986e12ecbaa2dbf34462d65225e1ce7105102f,G,target,LP0649,Consensus,consensus_exact_step2_estimate,1,google/gemma-4-31B-it,9a47a3b2067dde3f195e8d7c9cf529f9c3e29f1619691dd44301c24a840566c7,ec9f25e6b68d12ca6182161cdc389e0da99a8cff29c47b015f1d07a6633e4cf0,consensus_benchmark_exact_v1,prompt_compiler_v2_split_g_f,434863873,pending,Q001,"{""Q001"": ""consensus_estimate_net_zero_before_2085""}",consensus_exact_step2,c444a6eac0c7b6cd317bc71d70e09e8e9d8b0a57308ceb8b4c11921129cc5ae1
G|LP0650|ConsensusExact|step2|attempt_1,G-4ef9527553d16283b4917860e7c6cdf250448153,G,target,LP0650,Consensus,consensus_exact_step2_estimate,1,google/gemma-4-31B-it,b52180cedd3583f3edb3af4fc0ddb4b0ebc79937da1bcbf345e2656d8617e0ac,ec9f25e6b68d12ca6182161cdc389e0da99a8cff29c47b015f1d07a6633e4cf0,consensus_benchmark_exact_v1,prompt_compiler_v2_split_g_f,1908672366,pending,Q001,"{""Q001"": ""consensus_estimate_net_zero_before_2085""}",consensus_exact_step2,c444a6eac0c7b6cd317bc71d70e09e8e9d8b0a57308ceb8b4c11921129cc5ae1
G|LP0651|ConsensusExact|step2|attempt_1,G-8d518e4a1501c43d4ab473bbe028a19a2f6c4a3e,G,target,LP0651,Consensus,consensus_exact_step2_estimate,1,google/gemma-4-31B-it,fec714c76d91b1bd8a9f0c98726240b47c7e8b2156896f1e23b5f6c5976994c6,ec9f25e6b68d12ca6182161cdc389e0da99a8cff29c47b015f1d07a6633e4cf0,consensus_benchmark_exact_v1,prompt_compiler_v2_split_g_f,799334611,pending,Q001,"{""Q001"": ""consensus_estimate_net_zero_before_2085""}",consensus_exact_step2,c444a6eac0c7b6cd317bc71d70e09e8e9d8b0a57308ceb8b4c11921129cc5ae1
G|LP0652|ConsensusExact|step2|attempt_1,G-7ce37dbbc8ce428f34f95a07e8e06d8e635b5d73,G,target,LP0652,Consensus,consensus_exact_step2_estimate,1,google/gemma-4-31B-it,524e956e8ef7e2287064a20b1f699e550cf4f7be33ccaa6513c5a74eb3d1a5e0,ec9f25e6b68d12ca6182161cdc389e0da99a8cff29c47b015f1d07a6633e4cf0,consensus_benchmark_exact_v1,prompt_compiler_v2_split_g_f,1117077000,pending,Q001,"{""Q001"": ""consensus_estimate_net_zero_before_2085""}",consensus_exact_step2,c444a6eac0c7b6cd317bc71d70e09e8e9d8b0a57308ceb8b4c11921129cc5ae1
G|LP0653|ConsensusExact|step2|attempt_1,G-96e357be49ee23eb8cbedd6fa5f04a850457206e,G,target,LP0653,Consensus,consensus_exact_step2_estimate,1,google/gemma-4-31B-it,82bc168ef052482ae4c27db9585cc477a9f6318b3d5435ad64dad9f50ef7c533,ec9f25e6b68d12ca6182161cdc389e0da99a8cff29c47b015f1d07a6633e4cf0,consensus_benchmark_exact_v1,prompt_compiler_v2_split_g_f,2008339305,pending,Q001,"{""Q001"": ""consensus_estimate_net_zero_before_2085""}",consensus_exact_step2,c444a6eac0c7b6cd317bc71d70e09e8e9d8b0a57308ceb8b4c11921129cc5ae1
G|LP0654|ConsensusExact|step2|attempt_1,G-4a1eea60a5dab0ecd116dba093afe768c5e9065c,G,target,LP0654,Consensus,consensus_exact_step2_estimate,1,google/gemma-4-31B-it,222ceed38eaf59bf7a497f5fb94408dceab7be4099da69440b9ef7376e056dee,ec9f25e6b68d12ca6182161cdc389e0da99a8cff29c47b015f1d07a6633e4cf0,consensus_benchmark_exact_v1,prompt_compiler_v2_split_g_f,974685614,pending,Q001,"{""Q001"": ""consensus_estimate_net_zero_before_2085""}",consensus_exact_step2,c444a6eac0c7b6cd317bc71d70e09e8e9d8b0a57308ceb8b4c11921129cc5ae1
G|LP0655|ConsensusExact|step2|attempt_1,G-2ec2bbf4bc801ff3dab51358db3dc797d75863a6,G,target,LP0655,Consensus,consensus_exact_step2_estimate,1,google/gemma-4-31B-it,d657246a453fb047a895e0a87ec89a407c532e082161db4e8035cf9945d63ab1,ec9f25e6b68d12ca6182161cdc389e0da99a8cff29c47b015f1d07a6633e4cf0,consensus_benchmark_exact_v1,prompt_compiler_v2_split_g_f,436574173,pending,Q001,"{""Q001"": ""consensus_estimate_net_zero_before_2085""}",consensus_exact_step2,c444a6eac0c7b6cd317bc71d70e09e8e9d8b0a57308ceb8b4c11921129cc5ae1
G|LP0656|ConsensusExact|step2|attempt_1,G-15cc4e0f93b6b0bb1dbfdc23277eca3e1738a894,G,target,LP0656,Consensus,consensus_exact_step2_estimate,1,google/gemma-4-31B-it,ff87fa11c57f5278663cff0d335d8b19c380991197967d69bc734f678e2f8624,ec9f25e6b68d12ca6182161cdc389e0da99a8cff29c47b015f1d07a6633e4cf0,consensus_benchmark_exact_v1,prompt_compiler_v2_split_g_f,1062161626,pending,Q001,"{""Q001"": ""consensus_estimate_net_zero_before_2085""}",consensus_exact_step2,c444a6eac0c7b6cd317bc71d70e09e8e9d8b0a57308ceb8b4c11921129cc5ae1
G|LP0657|ConsensusExact|step2|attempt_1,G-44b470dabab8586a715619a07e1b63dae0a75d36,G,target,LP0657,Consensus,consensus_exact_step2_estimate,1,google/gemma-4-31B-it,3e1f62c9df71d6c57868214bad50bd0198d648b4be44473f3abc51662019fe19,ec9f25e6b68d12ca6182161cdc389e0da99a8cff29c47b015f1d07a6633e4cf0,consensus_benchmark_exact_v1,prompt_compiler_v2_split_g_f,1143028256,pending,Q001,"{""Q001"": ""consensus_estimate_net_zero_before_2085""}",consensus_exact_step2,c444a6eac0c7b6cd317bc71d70e09e8e9d8b0a57308ceb8b4c11921129cc5ae1
G|LP0658|ConsensusExact|step2|attempt_1,G-f8d4995be3a4266303847ff3e489914a932698da,G,target,LP0658,Consensus,consensus_exact_step2_estimate,1,google/gemma-4-31B-it,9261e7b60bc2e43530d2c346bd3e25eb658b5e0fdb4ac5532210ab10e2edefbf,ec9f25e6b68d12ca6182161cdc389e0da99a8cff29c47b015f1d07a6633e4cf0,consensus_benchmark_exact_v1,prompt_compiler_v2_split_g_f,1431132446,pending,Q001,"{""Q001"": ""consensus_estimate_net_zero_before_2085""}",consensus_exact_step2,c444a6eac0c7b6cd317bc71d70e09e8e9d8b0a57308ceb8b4c11921129cc5ae1
G|LP0659|ConsensusExact|step2|attempt_1,G-acd3f340c685ecb31a19bb3444e98ffa101a3833,G,target,LP0659,Consensus,consensus_exact_step2_estimate,1,google/gemma-4-31B-it,4f4eb4749b1335f35fdbffeeb7b925d5fbae410a68456d804ce7263db70b663f,ec9f25e6b68d12ca6182161cdc389e0da99a8cff29c47b015f1d07a6633e4cf0,consensus_benchmark_exact_v1,prompt_compiler_v2_split_g_f,539874103,pending,Q001,"{""Q001"": ""consensus_estimate_net_zero_before_2085""}",consensus_exact_step2,c444a6eac0c7b6cd317bc71d70e09e8e9d8b0a57308ceb8b4c11921129cc5ae1
G|LP0660|ConsensusExact|step2|attempt_1,G-2bf01e569afe55a37ef0a0e90e7ff1a8a704785e,G,target,LP0660,Consensus,consensus_exact_step2_estimate,1,google/gemma-4-31B-it,cb2d68963382a4cfa8328f915d11011c30a540c160c705cabd9b7e24f96f60bd,ec9f25e6b68d12ca6182161cdc389e0da99a8cff29c47b015f1d07a6633e4cf0,consensus_benchmark_exact_v1,prompt_compiler_v2_split_g_f,1927189072,pending,Q001,"{""Q001"": ""consensus_estimate_net_zero_before_2085""}",consensus_exact_step2,c444a6eac0c7b6cd317bc71d70e09e8e9d8b0a57308ceb8b4c11921129cc5ae1
G|LP0661|ConsensusExact|step2|attempt_1,G-8461171dc9904371d97d5a81f13dd36d757a175c,G,target,LP0661,Consensus,consensus_exact_step2_estimate,1,google/gemma-4-31B-it,d25897eb8656decfebe7873a8de9bc99dcea8d57a934d454c7d7545bd91decdd,ec9f25e6b68d12ca6182161cdc389e0da99a8cff29c47b015f1d07a6633e4cf0,consensus_benchmark_exact_v1,prompt_compiler_v2_split_g_f,1381134766,pending,Q001,"{""Q001"": ""consensus_estimate_net_zero_before_2085""}",consensus_exact_step2,c444a6eac0c7b6cd317bc71d70e09e8e9d8b0a57308ceb8b4c11921129cc5ae1
G|LP0662|ConsensusExact|step2|attempt_1,G-d850d6beacb187857b19bba0cafa817cdb0492b1,G,target,LP0662,Consensus,consensus_exact_step2_estimate,1,google/gemma-4-31B-it,4c98df8ee3c9a755481c753fccef2102fb6e8f242821d9798c6d587e166127ef,ec9f25e6b68d12ca6182161cdc389e0da99a8cff29c47b015f1d07a6633e4cf0,consensus_benchmark_exact_v1,prompt_compiler_v2_split_g_f,1565734149,pending,Q001,"{""Q001"": ""consensus_estimate_net_zero_before_2085""}",consensus_exact_step2,c444a6eac0c7b6cd317bc71d70e09e8e9d8b0a57308ceb8b4c11921129cc5ae1
G|LP0663|ConsensusExact|step2|attempt_1,G-82207f5e64a1bd87f3d641157877568a8ed64a93,G,target,LP0663,Consensus,consensus_exact_step2_estimate,1,google/gemma-4-31B-it,71ff76ea085c5799854292864f116fb68c18c0918ea185e2419203cba0eeb604,ec9f25e6b68d12ca6182161cdc389e0da99a8cff29c47b015f1d07a6633e4cf0,consensus_benchmark_exact_v1,prompt_compiler_v2_split_g_f,1759689797,pending,Q001,"{""Q001"": ""consensus_estimate_net_zero_before_2085""}",consensus_exact_step2,c444a6eac0c7b6cd317bc71d70e09e8e9d8b0a57308ceb8b4c11921129cc5ae1
G|LP0664|ConsensusExact|step2|attempt_1,G-af1f2dffb4b88106a847c8f19ff63f580c5c1457,G,target,LP0664,Consensus,consensus_exact_step2_estimate,1,google/gemma-4-31B-it,c936d0ba683195883a27ab548ec2963172be91cfc16e16ddc709ff97e814484a,ec9f25e6b68d12ca6182161cdc389e0da99a8cff29c47b015f1d07a6633e4cf0,consensus_benchmark_exact_v1,prompt_compiler_v2_split_g_f,318168328,pending,Q001,"{""Q001"": ""consensus_estimate_net_zero_before_2085""}",consensus_exact_step2,c444a6eac0c7b6cd317bc71d70e09e8e9d8b0a57308ceb8b4c11921129cc5ae1
G|LP0665|ConsensusExact|step2|attempt_1,G-a74b90ff77698f0a1727dfa7dc7f53df2c1a4c92,G,target,LP0665,Consensus,consensus_exact_step2_estimate,1,google/gemma-4-31B-it,98849ca9a062ca9e695f91fc6ab9166cfa79d90416cf65ad441445ad4d49f56b,ec9f25e6b68d12ca6182161cdc389e0da99a8cff29c47b015f1d07a6633e4cf0,consensus_benchmark_exact_v1,prompt_compiler_v2_split_g_f,1174450443,pending,Q001,"{""Q001"": ""consensus_estimate_net_zero_before_2085""}",consensus_exact_step2,c444a6eac0c7b6cd317bc71d70e09e8e9d8b0a57308ceb8b4c11921129cc5ae1
G|LP0666|ConsensusExact|step2|attempt_1,G-c232c77b0823efebf4e83c6c1e4db52e96e28dc0,G,target,LP0666,Consensus,consensus_exact_step2_estimate,1,google/gemma-4-31B-it,c037353eb9272790c252ffcf096ff93c876773704ea9975926fd0b57c509840f,ec9f25e6b68d12ca6182161cdc389e0da99a8cff29c47b015f1d07a6633e4cf0,consensus_benchmark_exact_v1,prompt_compiler_v2_split_g_f,210337508,pending,Q001,"{""Q001"": ""consensus_estimate_net_zero_before_2085""}",consensus_exact_step2,c444a6eac0c7b6cd317bc71d70e09e8e9d8b0a57308ceb8b4c11921129cc5ae1
G|LP0667|ConsensusExact|step2|attempt_1,G-140a18d27199284d03898f323fd05edd809138e1,G,target,LP0667,Consensus,consensus_exact_step2_estimate,1,google/gemma-4-31B-it,2c8674b44967278493cd3bcb6244fa5b41708c8a0fa09e75ef56b72d407dc93b,ec9f25e6b68d12ca6182161cdc389e0da99a8cff29c47b015f1d07a6633e4cf0,consensus_benchmark_exact_v1,prompt_compiler_v2_split_g_f,430791154,pending,Q001,"{""Q001"": ""consensus_estimate_net_zero_before_2085""}",consensus_exact_step2,c444a6eac0c7b6cd317bc71d70e09e8e9d8b0a57308ceb8b4c11921129cc5ae1
G|LP0668|ConsensusExact|step2|attempt_1,G-0c870306a1fe1d594adc0fc3fca66b430c418cac,G,target,LP0668,Consensus,consensus_exact_step2_estimate,1,google/gemma-4-31B-it,7253c00a0e0aa344d3b701e7b1808915aff2cd9c484eb8af09d60819094982fb,ec9f25e6b68d12ca6182161cdc389e0da99a8cff29c47b015f1d07a6633e4cf0,consensus_benchmark_exact_v1,prompt_compiler_v2_split_g_f,990651238,pending,Q001,"{""Q001"": ""consensus_estimate_net_zero_before_2085""}",consensus_exact_step2,c444a6eac0c7b6cd317bc71d70e09e8e9d8b0a57308ceb8b4c11921129cc5ae1
G|LP0669|ConsensusExact|step2|attempt_1,G-55096c3142dce272a0dd45e45a3e4e252c47e07c,G,target,LP0669,Consensus,consensus_exact_step2_estimate,1,google/gemma-4-31B-it,e5ebae1e0585b180174c526adc04cd188933121fe8493a9607f60e88b1717750,ec9f25e6b68d12ca6182161cdc389e0da99a8cff29c47b015f1d07a6633e4cf0,consensus_benchmark_exact_v1,prompt_compiler_v2_split_g_f,1827650261,pending,Q001,"{""Q001"": ""consensus_estimate_net_zero_before_2085""}",consensus_exact_step2,c444a6eac0c7b6cd317bc71d70e09e8e9d8b0a57308ceb8b4c11921129cc5ae1
G|LP0670|ConsensusExact|step2|attempt_1,G-5204ccbb54a4745dfcef6e0942afe2ccbb48b2c5,G,target,LP0670,Consensus,consensus_exact_step2_estimate,1,google/gemma-4-31B-it,9efebbe98e3052d77d26e98c5c08527a92c7285a5cc4013cbf2534c982879008,ec9f25e6b68d12ca6182161cdc389e0da99a8cff29c47b015f1d07a6633e4cf0,consensus_benchmark_exact_v1,prompt_compiler_v2_split_g_f,2024672724,pending,Q001,"{""Q001"": ""consensus_estimate_net_zero_before_2085""}",consensus_exact_step2,c444a6eac0c7b6cd317bc71d70e09e8e9d8b0a57308ceb8b4c11921129cc5ae1
G|LP0671|ConsensusExact|step2|attempt_1,G-b311faf88c683fc2513289269beb8f936066f5ee,G,target,LP0671,Consensus,consensus_exact_step2_estimate,1,google/gemma-4-31B-it,2c4294d1239c97850fd32802721d5b5aa031bb7588074cbf6eb5cc9fd99b7c9b,ec9f25e6b68d12ca6182161cdc389e0da99a8cff29c47b015f1d07a6633e4cf0,consensus_benchmark_exact_v1,prompt_compiler_v2_split_g_f,1921791413,pending,Q001,"{""Q001"": ""consensus_estimate_net_zero_before_2085""}",consensus_exact_step2,c444a6eac0c7b6cd317bc71d70e09e8e9d8b0a57308ceb8b4c11921129cc5ae1
G|LP0672|ConsensusExact|step2|attempt_1,G-a51f31c3ac7c3fe07a1cefc2bf7000a65f99019e,G,target,LP0672,Consensus,consensus_exact_step2_estimate,1,google/gemma-4-31B-it,de296d9dcc9815cf342b24d08f3c4823e7d8e4fab3e80b0a4e616eb9b6c6c4ad,ec9f25e6b68d12ca6182161cdc389e0da99a8cff29c47b015f1d07a6633e4cf0,consensus_benchmark_exact_v1,prompt_compiler_v2_split_g_f,1991943017,pending,Q001,"{""Q001"": ""consensus_estimate_net_zero_before_2085""}",consensus_exact_step2,c444a6eac0c7b6cd317bc71d70e09e8e9d8b0a57308ceb8b4c11921129cc5ae1
G|LP0673|ConsensusExact|step2|attempt_1,G-fe08dcc7a0085471366aa7e9ae65a2cbf7b8b593,G,target,LP0673,Consensus,consensus_exact_step2_estimate,1,google/gemma-4-31B-it,eb5e0327f1cef91fe28f3034ccbeb15ababb380956ed7c1ffa087c9e7cc05b9e,ec9f25e6b68d12ca6182161cdc389e0da99a8cff29c47b015f1d07a6633e4cf0,consensus_benchmark_exact_v1,prompt_compiler_v2_split_g_f,471469572,pending,Q001,"{""Q001"": ""consensus_estimate_net_zero_before_2085""}",consensus_exact_step2,c444a6eac0c7b6cd317bc71d70e09e8e9d8b0a57308ceb8b4c11921129cc5ae1
G|LP0674|ConsensusExact|step2|attempt_1,G-e49753ab159538d643dcac1e045b6dab989a4e27,G,target,LP0674,Consensus,consensus_exact_step2_estimate,1,google/gemma-4-31B-it,d6217c0478af0264532778e1ad9f21c3a8efa7376639dd95e4eaabeb287f89ec,ec9f25e6b68d12ca6182161cdc389e0da99a8cff29c47b015f1d07a6633e4cf0,consensus_benchmark_exact_v1,prompt_compiler_v2_split_g_f,1589895215,pending,Q001,"{""Q001"": ""consensus_estimate_net_zero_before_2085""}",consensus_exact_step2,c444a6eac0c7b6cd317bc71d70e09e8e9d8b0a57308ceb8b4c11921129cc5ae1
G|LP0675|ConsensusExact|step2|attempt_1,G-b5e0b791e8e47520bad137e7731e1a2a8cfef017,G,target,LP0675,Consensus,consensus_exact_step2_estimate,1,google/gemma-4-31B-it,66802231b9d26f4aef198fbad4de05945d8c720232abe57701ba4576c6cc2008,ec9f25e6b68d12ca6182161cdc389e0da99a8cff29c47b015f1d07a6633e4cf0,consensus_benchmark_exact_v1,prompt_compiler_v2_split_g_f,1420158022,pending,Q001,"{""Q001"": ""consensus_estimate_net_zero_before_2085""}",consensus_exact_step2,c444a6eac0c7b6cd317bc71d70e09e8e9d8b0a57308ceb8b4c11921129cc5ae1
G|LP0676|ConsensusExact|step2|attempt_1,G-4315ac31984bfade9ead5739856a254ea9c3fc4b,G,target,LP0676,Consensus,consensus_exact_step2_estimate,1,google/gemma-4-31B-it,09a28601c43ecdae333128b62f93b4a97c15ccce5b22156f75eeeb0227e57254,ec9f25e6b68d12ca6182161cdc389e0da99a8cff29c47b015f1d07a6633e4cf0,consensus_benchmark_exact_v1,prompt_compiler_v2_split_g_f,511136578,pending,Q001,"{""Q001"": ""consensus_estimate_net_zero_before_2085""}",consensus_exact_step2,c444a6eac0c7b6cd317bc71d70e09e8e9d8b0a57308ceb8b4c11921129cc5ae1
G|LP0677|ConsensusExact|step2|attempt_1,G-949c971d1a31801a19424c93f525c250b490ba71,G,target,LP0677,Consensus,consensus_exact_step2_estimate,1,google/gemma-4-31B-it,c571661ce77ea506840295ad5a317d8a914defd5c669ab6490dafc3eb8e869f7,ec9f25e6b68d12ca6182161cdc389e0da99a8cff29c47b015f1d07a6633e4cf0,consensus_benchmark_exact_v1,prompt_compiler_v2_split_g_f,1131064918,pending,Q001,"{""Q001"": ""consensus_estimate_net_zero_before_2085""}",consensus_exact_step2,c444a6eac0c7b6cd317bc71d70e09e8e9d8b0a57308ceb8b4c11921129cc5ae1
G|LP0678|ConsensusExact|step2|attempt_1,G-9cdcc7fc74ecabc8512ee5b9231b2399189bb883,G,target,LP0678,Consensus,consensus_exact_step2_estimate,1,google/gemma-4-31B-it,6aae81dc55464a34b49973a92f426ecbb9288d3b52523b5f67eff15a78b2610c,ec9f25e6b68d12ca6182161cdc389e0da99a8cff29c47b015f1d07a6633e4cf0,consensus_benchmark_exact_v1,prompt_compiler_v2_split_g_f,782646211,pending,Q001,"{""Q001"": ""consensus_estimate_net_zero_before_2085""}",consensus_exact_step2,c444a6eac0c7b6cd317bc71d70e09e8e9d8b0a57308ceb8b4c11921129cc5ae1
G|LP0679|ConsensusExact|step2|attempt_1,G-f0b9187ad9ca4bc39c52889d34bea2a3788b1556,G,target,LP0679,Consensus,consensus_exact_step2_estimate,1,google/gemma-4-31B-it,20bd22371dcaef40092378b99701a8b682f03824ca0abf10d25e638ffc09d111,ec9f25e6b68d12ca6182161cdc389e0da99a8cff29c47b015f1d07a6633e4cf0,consensus_benchmark_exact_v1,prompt_compiler_v2_split_g_f,993819836,pending,Q001,"{""Q001"": ""consensus_estimate_net_zero_before_2085""}",consensus_exact_step2,c444a6eac0c7b6cd317bc71d70e09e8e9d8b0a57308ceb8b4c11921129cc5ae1
G|LP0680|ConsensusExact|step2|attempt_1,G-c0dca186a5b06eca63a4c44e136d7910ffa982e6,G,target,LP0680,Consensus,consensus_exact_step2_estimate,1,google/gemma-4-31B-it,e6950eee9c6e1eb4ed93388fc83b831d379e57e6ce19158c689d5fb1d402679b,ec9f25e6b68d12ca6182161cdc389e0da99a8cff29c47b015f1d07a6633e4cf0,consensus_benchmark_exact_v1,prompt_compiler_v2_split_g_f,661238234,pending,Q001,"{""Q001"": ""consensus_estimate_net_zero_before_2085""}",consensus_exact_step2,c444a6eac0c7b6cd317bc71d70e09e8e9d8b0a57308ceb8b4c11921129cc5ae1
G|LP0681|ConsensusExact|step2|attempt_1,G-5bb85ae90b07f2dc4f34835a96cc0b5a6b0f511e,G,target,LP0681,Consensus,consensus_exact_step2_estimate,1,google/gemma-4-31B-it,cd794916ffef1b2331888e2b88102966b00cf52d51e2242fbc7bd36e7ae73a62,ec9f25e6b68d12ca6182161cdc389e0da99a8cff29c47b015f1d07a6633e4cf0,consensus_benchmark_exact_v1,prompt_compiler_v2_split_g_f,1115203759,pending,Q001,"{""Q001"": ""consensus_estimate_net_zero_before_2085""}",consensus_exact_step2,c444a6eac0c7b6cd317bc71d70e09e8e9d8b0a57308ceb8b4c11921129cc5ae1
G|LP0682|ConsensusExact|step2|attempt_1,G-5cbb50fae679c2f6d64f32e62ffd307c8d76b81f,G,target,LP0682,Consensus,consensus_exact_step2_estimate,1,google/gemma-4-31B-it,a1c996ad6bc89415bf940e3627ede6e3cebee1370184d12f83f75b7e9d7a520b,ec9f25e6b68d12ca6182161cdc389e0da99a8cff29c47b015f1d07a6633e4cf0,consensus_benchmark_exact_v1,prompt_compiler_v2_split_g_f,535848173,pending,Q001,"{""Q001"": ""consensus_estimate_net_zero_before_2085""}",consensus_exact_step2,c444a6eac0c7b6cd317bc71d70e09e8e9d8b0a57308ceb8b4c11921129cc5ae1
G|LP0683|ConsensusExact|step2|attempt_1,G-61d306abe2df540a9aefe7bf4dbf293e0eb86a7c,G,target,LP0683,Consensus,consensus_exact_step2_estimate,1,google/gemma-4-31B-it,4643f7daa2412778cad6e0e0edbb4ba9452b23871d1c90cb140f0e47dc9334cb,ec9f25e6b68d12ca6182161cdc389e0da99a8cff29c47b015f1d07a6633e4cf0,consensus_benchmark_exact_v1,prompt_compiler_v2_split_g_f,646275427,pending,Q001,"{""Q001"": ""consensus_estimate_net_zero_before_2085""}",consensus_exact_step2,c444a6eac0c7b6cd317bc71d70e09e8e9d8b0a57308ceb8b4c11921129cc5ae1
G|LP0684|ConsensusExact|step2|attempt_1,G-73584416f94cecaf3d223a5c63640590e328c39b,G,target,LP0684,Consensus,consensus_exact_step2_estimate,1,google/gemma-4-31B-it,2389cf772800831c14864d37734cb4256f40d19214e67b9817ccdce13bfbb37c,ec9f25e6b68d12ca6182161cdc389e0da99a8cff29c47b015f1d07a6633e4cf0,consensus_benchmark_exact_v1,prompt_compiler_v2_split_g_f,1610446046,pending,Q001,"{""Q001"": ""consensus_estimate_net_zero_before_2085""}",consensus_exact_step2,c444a6eac0c7b6cd317bc71d70e09e8e9d8b0a57308ceb8b4c11921129cc5ae1
G|LP0685|ConsensusExact|step2|attempt_1,G-32f76cd89b0868a44106fc926292ce9011ba43b9,G,target,LP0685,Consensus,consensus_exact_step2_estimate,1,google/gemma-4-31B-it,61edddca59dd7c18291469e10696fb7e66f76ad1f149320139045cabae024e7f,ec9f25e6b68d12ca6182161cdc389e0da99a8cff29c47b015f1d07a6633e4cf0,consensus_benchmark_exact_v1,prompt_compiler_v2_split_g_f,16204374,pending,Q001,"{""Q001"": ""consensus_estimate_net_zero_before_2085""}",consensus_exact_step2,c444a6eac0c7b6cd317bc71d70e09e8e9d8b0a57308ceb8b4c11921129cc5ae1
G|LP0686|ConsensusExact|step2|attempt_1,G-d6a5f0a07e75039fb0a2f33963da0ae6f7c8994b,G,target,LP0686,Consensus,consensus_exact_step2_estimate,1,google/gemma-4-31B-it,416aee61b9c3a2aa96b540b0306881b0981b5272b9a0b2ceff9d707b049bf9ce,ec9f25e6b68d12ca6182161cdc389e0da99a8cff29c47b015f1d07a6633e4cf0,consensus_benchmark_exact_v1,prompt_compiler_v2_split_g_f,734061795,pending,Q001,"{""Q001"": ""consensus_estimate_net_zero_before_2085""}",consensus_exact_step2,c444a6eac0c7b6cd317bc71d70e09e8e9d8b0a57308ceb8b4c11921129cc5ae1
G|LP0687|ConsensusExact|step2|attempt_1,G-cbd0383e723767c5bf2b817a8cb30615c08795cd,G,target,LP0687,Consensus,consensus_exact_step2_estimate,1,google/gemma-4-31B-it,629b70517b864e0b4052fbe0072bfc9ab40c6d6e97ad0735a54a535caa3b71ea,ec9f25e6b68d12ca6182161cdc389e0da99a8cff29c47b015f1d07a6633e4cf0,consensus_benchmark_exact_v1,prompt_compiler_v2_split_g_f,165140549,pending,Q001,"{""Q001"": ""consensus_estimate_net_zero_before_2085""}",consensus_exact_step2,c444a6eac0c7b6cd317bc71d70e09e8e9d8b0a57308ceb8b4c11921129cc5ae1
G|LP0688|ConsensusExact|step2|attempt_1,G-74a1ba45b9184cebe248ea0cc0fd41901858fceb,G,target,LP0688,Consensus,consensus_exact_step2_estimate,1,google/gemma-4-31B-it,a4f9ef22ff4b2fc32ee3e2cbf8101eee8c5c7dd9774207670a1291f76b439385,ec9f25e6b68d12ca6182161cdc389e0da99a8cff29c47b015f1d07a6633e4cf0,consensus_benchmark_exact_v1,prompt_compiler_v2_split_g_f,576438648,pending,Q001,"{""Q001"": ""consensus_estimate_net_zero_before_2085""}",consensus_exact_step2,c444a6eac0c7b6cd317bc71d70e09e8e9d8b0a57308ceb8b4c11921129cc5ae1
G|LP0689|ConsensusExact|step2|attempt_1,G-e3325411b19e7fe4e4e92aceb70bdf672165df8a,G,target,LP0689,Consensus,consensus_exact_step2_estimate,1,google/gemma-4-31B-it,bebc569165ded55e00b4c6b1834e2f7155b78a1c76bc92a49f1e06401ae72e10,ec9f25e6b68d12ca6182161cdc389e0da99a8cff29c47b015f1d07a6633e4cf0,consensus_benchmark_exact_v1,prompt_compiler_v2_split_g_f,2013472778,pending,Q001,"{""Q001"": ""consensus_estimate_net_zero_before_2085""}",consensus_exact_step2,c444a6eac0c7b6cd317bc71d70e09e8e9d8b0a57308ceb8b4c11921129cc5ae1
G|LP0690|ConsensusExact|step2|attempt_1,G-87a48b39fa15c7ccf5ca51df04dc6978009605b7,G,target,LP0690,Consensus,consensus_exact_step2_estimate,1,google/gemma-4-31B-it,0b570b796bbe9922e1823ec4674d629f8bf7fb87df532b897db009575f4bd981,ec9f25e6b68d12ca6182161cdc389e0da99a8cff29c47b015f1d07a6633e4cf0,consensus_benchmark_exact_v1,prompt_compiler_v2_split_g_f,157212226,pending,Q001,"{""Q001"": ""consensus_estimate_net_zero_before_2085""}",consensus_exact_step2,c444a6eac0c7b6cd317bc71d70e09e8e9d8b0a57308ceb8b4c11921129cc5ae1
G|LP0691|ConsensusExact|step2|attempt_1,G-0c8e292115e5bbc8787262bb8fd46befeaf477ae,G,target,LP0691,Consensus,consensus_exact_step2_estimate,1,google/gemma-4-31B-it,d5d08ee0ba3702ec8ecd918ecb8d64cfb3e1ef4c60c98c6f030bd19ca4d7a7ae,ec9f25e6b68d12ca6182161cdc389e0da99a8cff29c47b015f1d07a6633e4cf0,consensus_benchmark_exact_v1,prompt_compiler_v2_split_g_f,788663818,pending,Q001,"{""Q001"": ""consensus_estimate_net_zero_before_2085""}",consensus_exact_step2,c444a6eac0c7b6cd317bc71d70e09e8e9d8b0a57308ceb8b4c11921129cc5ae1
G|LP0692|ConsensusExact|step2|attempt_1,G-d64008acc5663c7d37c9c8138e782f6436a1918f,G,target,LP0692,Consensus,consensus_exact_step2_estimate,1,google/gemma-4-31B-it,8aa95b48be2e8f36a7899ed0b76d28c6396222d5a1f7caeb867412a3aadad8c3,ec9f25e6b68d12ca6182161cdc389e0da99a8cff29c47b015f1d07a6633e4cf0,consensus_benchmark_exact_v1,prompt_compiler_v2_split_g_f,1910918617,pending,Q001,"{""Q001"": ""consensus_estimate_net_zero_before_2085""}",consensus_exact_step2,c444a6eac0c7b6cd317bc71d70e09e8e9d8b0a57308ceb8b4c11921129cc5ae1
G|LP0693|ConsensusExact|step2|attempt_1,G-c9c289764c4c52472d5d95e277fd6969c2294529,G,target,LP0693,Consensus,consensus_exact_step2_estimate,1,google/gemma-4-31B-it,40144c03d41867be5d61b73d8d52991743d565a803bcbbec113ab742ff690871,ec9f25e6b68d12ca6182161cdc389e0da99a8cff29c47b015f1d07a6633e4cf0,consensus_benchmark_exact_v1,prompt_compiler_v2_split_g_f,1607558454,pending,Q001,"{""Q001"": ""consensus_estimate_net_zero_before_2085""}",consensus_exact_step2,c444a6eac0c7b6cd317bc71d70e09e8e9d8b0a57308ceb8b4c11921129cc5ae1
G|LP0694|ConsensusExact|step2|attempt_1,G-46e9d13fc6b6f21267a0d3aa2d13a3dcd91d825f,G,target,LP0694,Consensus,consensus_exact_step2_estimate,1,google/gemma-4-31B-it,67dfc0c131196d6ddcac03ed65561767a7ea0184f6629c526813c46217d2cfc5,ec9f25e6b68d12ca6182161cdc389e0da99a8cff29c47b015f1d07a6633e4cf0,consensus_benchmark_exact_v1,prompt_compiler_v2_split_g_f,1418368146,pending,Q001,"{""Q001"": ""consensus_estimate_net_zero_before_2085""}",consensus_exact_step2,c444a6eac0c7b6cd317bc71d70e09e8e9d8b0a57308ceb8b4c11921129cc5ae1
G|LP0695|ConsensusExact|step2|attempt_1,G-532f3e935cf782b57f97b617c757e043d9cf2032,G,target,LP0695,Consensus,consensus_exact_step2_estimate,1,google/gemma-4-31B-it,07a76a9e21ba02403717acdda6afb6b50d0545bc6b4ba960a8b742d8446a4413,ec9f25e6b68d12ca6182161cdc389e0da99a8cff29c47b015f1d07a6633e4cf0,consensus_benchmark_exact_v1,prompt_compiler_v2_split_g_f,55967709,pending,Q001,"{""Q001"": ""consensus_estimate_net_zero_before_2085""}",consensus_exact_step2,c444a6eac0c7b6cd317bc71d70e09e8e9d8b0a57308ceb8b4c11921129cc5ae1
G|LP0696|ConsensusExact|step2|attempt_1,G-bb5ed1b0e857579f4ec515cdb71a1e5c6b43d673,G,target,LP0696,Consensus,consensus_exact_step2_estimate,1,google/gemma-4-31B-it,eec8b95d1827829cb0e8bc92da3300200f1582f801ea106c5f2869d0b1425292,ec9f25e6b68d12ca6182161cdc389e0da99a8cff29c47b015f1d07a6633e4cf0,consensus_benchmark_exact_v1,prompt_compiler_v2_split_g_f,1595210499,pending,Q001,"{""Q001"": ""consensus_estimate_net_zero_before_2085""}",consensus_exact_step2,c444a6eac0c7b6cd317bc71d70e09e8e9d8b0a57308ceb8b4c11921129cc5ae1
G|LP0697|ConsensusExact|step2|attempt_1,G-edd974b808bf66890a2c1c83274ccfa83cdb23c9,G,target,LP0697,Consensus,consensus_exact_step2_estimate,1,google/gemma-4-31B-it,994fdcfb511bd888c2d3850fc4b4ea3ae1433465bd025d34f14f3d5ede4f4574,ec9f25e6b68d12ca6182161cdc389e0da99a8cff29c47b015f1d07a6633e4cf0,consensus_benchmark_exact_v1,prompt_compiler_v2_split_g_f,1685213180,pending,Q001,"{""Q001"": ""consensus_estimate_net_zero_before_2085""}",consensus_exact_step2,c444a6eac0c7b6cd317bc71d70e09e8e9d8b0a57308ceb8b4c11921129cc5ae1
G|LP0698|ConsensusExact|step2|attempt_1,G-204ae2c160bc3ab528bc3638b2adf0b9788ac0d0,G,target,LP0698,Consensus,consensus_exact_step2_estimate,1,google/gemma-4-31B-it,a119a4cbdb7fa42d3baae3796a2eba84fcd32ded65a045073927ced897999903,ec9f25e6b68d12ca6182161cdc389e0da99a8cff29c47b015f1d07a6633e4cf0,consensus_benchmark_exact_v1,prompt_compiler_v2_split_g_f,559022136,pending,Q001,"{""Q001"": ""consensus_estimate_net_zero_before_2085""}",consensus_exact_step2,c444a6eac0c7b6cd317bc71d70e09e8e9d8b0a57308ceb8b4c11921129cc5ae1
G|LP0699|ConsensusExact|step2|attempt_1,G-0ce2283ca6b1e6d718cdaebfc8ea6cac43499510,G,target,LP0699,Consensus,consensus_exact_step2_estimate,1,google/gemma-4-31B-it,cf1ba14975b6bc48fc86e28692b386c79b1117c20b5754102fbaa97947d38b30,ec9f25e6b68d12ca6182161cdc389e0da99a8cff29c47b015f1d07a6633e4cf0,consensus_benchmark_exact_v1,prompt_compiler_v2_split_g_f,1081489232,pending,Q001,"{""Q001"": ""consensus_estimate_net_zero_before_2085""}",consensus_exact_step2,c444a6eac0c7b6cd317bc71d70e09e8e9d8b0a57308ceb8b4c11921129cc5ae1
G|LP0700|ConsensusExact|step2|attempt_1,G-786c570e8fbe692d928d2b0c99993f06fd4a516e,G,target,LP0700,Consensus,consensus_exact_step2_estimate,1,google/gemma-4-31B-it,3b56201144afbd352610cdbfeeed44c396ba9cc7509b38149de97c802c25c5f7,ec9f25e6b68d12ca6182161cdc389e0da99a8cff29c47b015f1d07a6633e4cf0,consensus_benchmark_exact_v1,prompt_compiler_v2_split_g_f,9901900,pending,Q001,"{""Q001"": ""consensus_estimate_net_zero_before_2085""}",consensus_exact_step2,c444a6eac0c7b6cd317bc71d70e09e8e9d8b0a57308ceb8b4c11921129cc5ae1
G|LP0701|ConsensusExact|step2|attempt_1,G-ef355fa642b6a3379bea1f68ad0efa71279be8a2,G,target,LP0701,Consensus,consensus_exact_step2_estimate,1,google/gemma-4-31B-it,9b862eb44f1ac4594e523344bab4de430e5763e7cdacc163bdd16c84bdec9be9,ec9f25e6b68d12ca6182161cdc389e0da99a8cff29c47b015f1d07a6633e4cf0,consensus_benchmark_exact_v1,prompt_compiler_v2_split_g_f,555836039,pending,Q001,"{""Q001"": ""consensus_estimate_net_zero_before_2085""}",consensus_exact_step2,c444a6eac0c7b6cd317bc71d70e09e8e9d8b0a57308ceb8b4c11921129cc5ae1
G|LP0702|ConsensusExact|step2|attempt_1,G-4f8f13a7350ab9302943830f522397b2f892ccf8,G,target,LP0702,Consensus,consensus_exact_step2_estimate,1,google/gemma-4-31B-it,960718fe8b3fe07221255ce73f3f7402d6d1ca095f4d3710120c11647e709f9c,ec9f25e6b68d12ca6182161cdc389e0da99a8cff29c47b015f1d07a6633e4cf0,consensus_benchmark_exact_v1,prompt_compiler_v2_split_g_f,1411965055,pending,Q001,"{""Q001"": ""consensus_estimate_net_zero_before_2085""}",consensus_exact_step2,c444a6eac0c7b6cd317bc71d70e09e8e9d8b0a57308ceb8b4c11921129cc5ae1
G|LP0703|ConsensusExact|step2|attempt_1,G-038047e3a981ed8a4ebdfed23587647c6fee6bde,G,target,LP0703,Consensus,consensus_exact_step2_estimate,1,google/gemma-4-31B-it,f881dce63692f693065d184d536acf5f9ab2115633f4e875d1c37f6dbba8c121,ec9f25e6b68d12ca6182161cdc389e0da99a8cff29c47b015f1d07a6633e4cf0,consensus_benchmark_exact_v1,prompt_compiler_v2_split_g_f,813858129,pending,Q001,"{""Q001"": ""consensus_estimate_net_zero_before_2085""}",consensus_exact_step2,c444a6eac0c7b6cd317bc71d70e09e8e9d8b0a57308ceb8b4c11921129cc5ae1
G|LP0704|ConsensusExact|step2|attempt_1,G-8e5ac6ac354178ec31030fdb6f4ec9efe086f1ad,G,target,LP0704,Consensus,consensus_exact_step2_estimate,1,google/gemma-4-31B-it,f6df175bbb88145ea0af05966000d6a1a638c517b043e8ece161c5df75efca69,ec9f25e6b68d12ca6182161cdc389e0da99a8cff29c47b015f1d07a6633e4cf0,consensus_benchmark_exact_v1,prompt_compiler_v2_split_g_f,1375143494,pending,Q001,"{""Q001"": ""consensus_estimate_net_zero_before_2085""}",consensus_exact_step2,c444a6eac0c7b6cd317bc71d70e09e8e9d8b0a57308ceb8b4c11921129cc5ae1
G|LP0705|ConsensusExact|step2|attempt_1,G-ae754360025f3fd941d1c835a724fe228b08f726,G,target,LP0705,Consensus,consensus_exact_step2_estimate,1,google/gemma-4-31B-it,fb130e519e1fb30130474eee1cadef758f3407e8b3193b9ca4f38966f3b0be7e,ec9f25e6b68d12ca6182161cdc389e0da99a8cff29c47b015f1d07a6633e4cf0,consensus_benchmark_exact_v1,prompt_compiler_v2_split_g_f,1598670491,pending,Q001,"{""Q001"": ""consensus_estimate_net_zero_before_2085""}",consensus_exact_step2,c444a6eac0c7b6cd317bc71d70e09e8e9d8b0a57308ceb8b4c11921129cc5ae1
G|LP0706|ConsensusExact|step2|attempt_1,G-1e648393a7d5e66079972b625c323d04ac8a8634,G,target,LP0706,Consensus,consensus_exact_step2_estimate,1,google/gemma-4-31B-it,d61cd7d9ee8acd685a9759ea033277bd0c9d6ae12c1fa78158b20b91a64dcc02,ec9f25e6b68d12ca6182161cdc389e0da99a8cff29c47b015f1d07a6633e4cf0,consensus_benchmark_exact_v1,prompt_compiler_v2_split_g_f,1688137095,pending,Q001,"{""Q001"": ""consensus_estimate_net_zero_before_2085""}",consensus_exact_step2,c444a6eac0c7b6cd317bc71d70e09e8e9d8b0a57308ceb8b4c11921129cc5ae1
G|LP0707|ConsensusExact|step2|attempt_1,G-31a0cde10345efb1106d35e6443b2ecf2db0e880,G,target,LP0707,Consensus,consensus_exact_step2_estimate,1,google/gemma-4-31B-it,30ffd37386de440842aad907960c6cc5d038bcf86107382fd026c395c660df05,ec9f25e6b68d12ca6182161cdc389e0da99a8cff29c47b015f1d07a6633e4cf0,consensus_benchmark_exact_v1,prompt_compiler_v2_split_g_f,1720159091,pending,Q001,"{""Q001"": ""consensus_estimate_net_zero_before_2085""}",consensus_exact_step2,c444a6eac0c7b6cd317bc71d70e09e8e9d8b0a57308ceb8b4c11921129cc5ae1
G|LP0708|ConsensusExact|step2|attempt_1,G-e2c2973edbbc7fdee7303c2e3a692809984e8f7f,G,target,LP0708,Consensus,consensus_exact_step2_estimate,1,google/gemma-4-31B-it,9296fd9516e09c071facd480827f48e9c28f2abe969f193464fdc70f0eb004a3,ec9f25e6b68d12ca6182161cdc389e0da99a8cff29c47b015f1d07a6633e4cf0,consensus_benchmark_exact_v1,prompt_compiler_v2_split_g_f,557952607,pending,Q001,"{""Q001"": ""consensus_estimate_net_zero_before_2085""}",consensus_exact_step2,c444a6eac0c7b6cd317bc71d70e09e8e9d8b0a57308ceb8b4c11921129cc5ae1
G|LP0709|ConsensusExact|step2|attempt_1,G-19194f8630344ed70bad66c89c4f4d6dc9aa65cd,G,target,LP0709,Consensus,consensus_exact_step2_estimate,1,google/gemma-4-31B-it,7a2b0f6ff0a589ec2ed6100888bc65ca38e476420ce708663f82b7c7e1eaaa7b,ec9f25e6b68d12ca6182161cdc389e0da99a8cff29c47b015f1d07a6633e4cf0,consensus_benchmark_exact_v1,prompt_compiler_v2_split_g_f,1650912739,pending,Q001,"{""Q001"": ""consensus_estimate_net_zero_before_2085""}",consensus_exact_step2,c444a6eac0c7b6cd317bc71d70e09e8e9d8b0a57308ceb8b4c11921129cc5ae1
G|LP0710|ConsensusExact|step2|attempt_1,G-d0be5ce947c52a3515af8bc4bc29f4bb69dda53b,G,target,LP0710,Consensus,consensus_exact_step2_estimate,1,google/gemma-4-31B-it,df0a1b863e332afb14741b59634edb386c297612c78c5319d2f4d5ccf8adeb33,ec9f25e6b68d12ca6182161cdc389e0da99a8cff29c47b015f1d07a6633e4cf0,consensus_benchmark_exact_v1,prompt_compiler_v2_split_g_f,1765925898,pending,Q001,"{""Q001"": ""consensus_estimate_net_zero_before_2085""}",consensus_exact_step2,c444a6eac0c7b6cd317bc71d70e09e8e9d8b0a57308ceb8b4c11921129cc5ae1
G|LP0711|ConsensusExact|step2|attempt_1,G-bf1d1b9263030a80cd248b54592230b957d71251,G,target,LP0711,Consensus,consensus_exact_step2_estimate,1,google/gemma-4-31B-it,8d702531748b5b17b5c869f369ef40da390ec7e750cec9dbba7f3bf2d45b7633,ec9f25e6b68d12ca6182161cdc389e0da99a8cff29c47b015f1d07a6633e4cf0,consensus_benchmark_exact_v1,prompt_compiler_v2_split_g_f,1631404455,pending,Q001,"{""Q001"": ""consensus_estimate_net_zero_before_2085""}",consensus_exact_step2,c444a6eac0c7b6cd317bc71d70e09e8e9d8b0a57308ceb8b4c11921129cc5ae1
G|LP0712|ConsensusExact|step2|attempt_1,G-c2b3fb91d302a7c499b028b95610405e70a98062,G,target,LP0712,Consensus,consensus_exact_step2_estimate,1,google/gemma-4-31B-it,75598fb143c8f25e224e89ec01c86de6c440f5d7d1466313712c36a39eb02034,ec9f25e6b68d12ca6182161cdc389e0da99a8cff29c47b015f1d07a6633e4cf0,consensus_benchmark_exact_v1,prompt_compiler_v2_split_g_f,1483382506,pending,Q001,"{""Q001"": ""consensus_estimate_net_zero_before_2085""}",consensus_exact_step2,c444a6eac0c7b6cd317bc71d70e09e8e9d8b0a57308ceb8b4c11921129cc5ae1
G|LP0713|ConsensusExact|step2|attempt_1,G-17e96ee7d9a62143a9bf0988b8f17705881fc20d,G,target,LP0713,Consensus,consensus_exact_step2_estimate,1,google/gemma-4-31B-it,6e1333af1f026d5f2acb198d651ea716ddfe646bd2d7bcbbc5026c013f0c6e00,ec9f25e6b68d12ca6182161cdc389e0da99a8cff29c47b015f1d07a6633e4cf0,consensus_benchmark_exact_v1,prompt_compiler_v2_split_g_f,158924563,pending,Q001,"{""Q001"": ""consensus_estimate_net_zero_before_2085""}",consensus_exact_step2,c444a6eac0c7b6cd317bc71d70e09e8e9d8b0a57308ceb8b4c11921129cc5ae1
G|LP0714|ConsensusExact|step2|attempt_1,G-781c9466b363a06fd7003ecff55e7d18f8cb5e95,G,target,LP0714,Consensus,consensus_exact_step2_estimate,1,google/gemma-4-31B-it,39694d4fb8d89fb2f01429063ca37abd9aefcce4d5574c10b435fb87b84c52a3,ec9f25e6b68d12ca6182161cdc389e0da99a8cff29c47b015f1d07a6633e4cf0,consensus_benchmark_exact_v1,prompt_compiler_v2_split_g_f,597477694,pending,Q001,"{""Q001"": ""consensus_estimate_net_zero_before_2085""}",consensus_exact_step2,c444a6eac0c7b6cd317bc71d70e09e8e9d8b0a57308ceb8b4c11921129cc5ae1
G|LP0715|ConsensusExact|step2|attempt_1,G-33b3630d762786251067b090d37f66c2d2a1005f,G,target,LP0715,Consensus,consensus_exact_step2_estimate,1,google/gemma-4-31B-it,1c19ff34fb089ae3f79870f3fa1a9a689e12c21b2d8e88f5ace97e7b28ae6eac,ec9f25e6b68d12ca6182161cdc389e0da99a8cff29c47b015f1d07a6633e4cf0,consensus_benchmark_exact_v1,prompt_compiler_v2_split_g_f,1569606720,pending,Q001,"{""Q001"": ""consensus_estimate_net_zero_before_2085""}",consensus_exact_step2,c444a6eac0c7b6cd317bc71d70e09e8e9d8b0a57308ceb8b4c11921129cc5ae1
G|LP0716|ConsensusExact|step2|attempt_1,G-0cc78559580ab7be89fdb9012c460842d2b45523,G,target,LP0716,Consensus,consensus_exact_step2_estimate,1,google/gemma-4-31B-it,93f9e5db4d64f07a9ccc33edef01cd6d90f1b9da676032df2d222178a6684526,ec9f25e6b68d12ca6182161cdc389e0da99a8cff29c47b015f1d07a6633e4cf0,consensus_benchmark_exact_v1,prompt_compiler_v2_split_g_f,1905902192,pending,Q001,"{""Q001"": ""consensus_estimate_net_zero_before_2085""}",consensus_exact_step2,c444a6eac0c7b6cd317bc71d70e09e8e9d8b0a57308ceb8b4c11921129cc5ae1
G|LP0717|ConsensusExact|step2|attempt_1,G-01857f11c16417383e6d32b9a6d24fe52daa270d,G,target,LP0717,Consensus,consensus_exact_step2_estimate,1,google/gemma-4-31B-it,9edb3b90291838fbabfbc78d0fb02c1e462803efda1697aa8044b8cae7c95ab6,ec9f25e6b68d12ca6182161cdc389e0da99a8cff29c47b015f1d07a6633e4cf0,consensus_benchmark_exact_v1,prompt_compiler_v2_split_g_f,1148130651,pending,Q001,"{""Q001"": ""consensus_estimate_net_zero_before_2085""}",consensus_exact_step2,c444a6eac0c7b6cd317bc71d70e09e8e9d8b0a57308ceb8b4c11921129cc5ae1
G|LP0718|ConsensusExact|step2|attempt_1,G-cb9db6636eee0a9c00de8006caca0e8952e3fa4a,G,target,LP0718,Consensus,consensus_exact_step2_estimate,1,google/gemma-4-31B-it,1eceb8d058190a65a26d27a12d73a2d04ed1e34226fd4733893610ab9a1b76b9,ec9f25e6b68d12ca6182161cdc389e0da99a8cff29c47b015f1d07a6633e4cf0,consensus_benchmark_exact_v1,prompt_compiler_v2_split_g_f,103380838,pending,Q001,"{""Q001"": ""consensus_estimate_net_zero_before_2085""}",consensus_exact_step2,c444a6eac0c7b6cd317bc71d70e09e8e9d8b0a57308ceb8b4c11921129cc5ae1
G|LP0719|ConsensusExact|step2|attempt_1,G-fe83b4567e84ce3aaf6fb0c076883b5c2003ff63,G,target,LP0719,Consensus,consensus_exact_step2_estimate,1,google/gemma-4-31B-it,e16bec4bd079cf7833504452a44c2962489a393af0874e4c5bbf21394d74628b,ec9f25e6b68d12ca6182161cdc389e0da99a8cff29c47b015f1d07a6633e4cf0,consensus_benchmark_exact_v1,prompt_compiler_v2_split_g_f,2072786666,pending,Q001,"{""Q001"": ""consensus_estimate_net_zero_before_2085""}",consensus_exact_step2,c444a6eac0c7b6cd317bc71d70e09e8e9d8b0a57308ceb8b4c11921129cc5ae1
G|LP0720|ConsensusExact|step2|attempt_1,G-831dd72300760ce0aff3ca1db637115a1c20dee4,G,target,LP0720,Consensus,consensus_exact_step2_estimate,1,google/gemma-4-31B-it,541b554c8526079c48f5cd43cf9c6964993d458edf55df6d88832a4afd1359a4,ec9f25e6b68d12ca6182161cdc389e0da99a8cff29c47b015f1d07a6633e4cf0,consensus_benchmark_exact_v1,prompt_compiler_v2_split_g_f,112311080,pending,Q001,"{""Q001"": ""consensus_estimate_net_zero_before_2085""}",consensus_exact_step2,c444a6eac0c7b6cd317bc71d70e09e8e9d8b0a57308ceb8b4c11921129cc5ae1
G|LP0721|ConsensusExact|step2|attempt_1,G-4b9c4fa0abff8ee734788b3b4c8ec358deaa3896,G,target,LP0721,Consensus,consensus_exact_step2_estimate,1,google/gemma-4-31B-it,9c4b5ae929958a584f5f3f37883e659f30834a2221c6cc2aa1f6c5fcc57c5849,ec9f25e6b68d12ca6182161cdc389e0da99a8cff29c47b015f1d07a6633e4cf0,consensus_benchmark_exact_v1,prompt_compiler_v2_split_g_f,1127755305,pending,Q001,"{""Q001"": ""consensus_estimate_net_zero_before_2085""}",consensus_exact_step2,c444a6eac0c7b6cd317bc71d70e09e8e9d8b0a57308ceb8b4c11921129cc5ae1
G|LP0722|ConsensusExact|step2|attempt_1,G-2edfb888038ea41bbce1c3f48211802e60f1f90e,G,target,LP0722,Consensus,consensus_exact_step2_estimate,1,google/gemma-4-31B-it,af6e8f7e77490f095aa0571d3acc685761ef688e77aa9871d71f1f74b19f94e5,ec9f25e6b68d12ca6182161cdc389e0da99a8cff29c47b015f1d07a6633e4cf0,consensus_benchmark_exact_v1,prompt_compiler_v2_split_g_f,1632507179,pending,Q001,"{""Q001"": ""consensus_estimate_net_zero_before_2085""}",consensus_exact_step2,c444a6eac0c7b6cd317bc71d70e09e8e9d8b0a57308ceb8b4c11921129cc5ae1
G|LP0723|ConsensusExact|step2|attempt_1,G-d3952e7798bfa1384c1e24ad809947c01a7dac4d,G,target,LP0723,Consensus,consensus_exact_step2_estimate,1,google/gemma-4-31B-it,34517cf351198f58d3f1feeddbfa30f9091ebea89c2d91e7abe8843c3ac05922,ec9f25e6b68d12ca6182161cdc389e0da99a8cff29c47b015f1d07a6633e4cf0,consensus_benchmark_exact_v1,prompt_compiler_v2_split_g_f,1072299562,pending,Q001,"{""Q001"": ""consensus_estimate_net_zero_before_2085""}",consensus_exact_step2,c444a6eac0c7b6cd317bc71d70e09e8e9d8b0a57308ceb8b4c11921129cc5ae1
G|LP0724|ConsensusExact|step2|attempt_1,G-789d57c31a418dd6f4539f9500bd0dc832360b04,G,target,LP0724,Consensus,consensus_exact_step2_estimate,1,google/gemma-4-31B-it,92b87c8a217ca7b9df41c4ecf9f7632708d7210d7b52c454010ebc26bbdfd789,ec9f25e6b68d12ca6182161cdc389e0da99a8cff29c47b015f1d07a6633e4cf0,consensus_benchmark_exact_v1,prompt_compiler_v2_split_g_f,192691550,pending,Q001,"{""Q001"": ""consensus_estimate_net_zero_before_2085""}",consensus_exact_step2,c444a6eac0c7b6cd317bc71d70e09e8e9d8b0a57308ceb8b4c11921129cc5ae1
G|LP0725|ConsensusExact|step2|attempt_1,G-590ba63e8bd99e1aad69099344e0530869e81592,G,target,LP0725,Consensus,consensus_exact_step2_estimate,1,google/gemma-4-31B-it,35d68087d5d4304a95092eae2bcb74fe6bc1393e019e1e1717b1c54d9e7397e5,ec9f25e6b68d12ca6182161cdc389e0da99a8cff29c47b015f1d07a6633e4cf0,consensus_benchmark_exact_v1,prompt_compiler_v2_split_g_f,1039198872,pending,Q001,"{""Q001"": ""consensus_estimate_net_zero_before_2085""}",consensus_exact_step2,c444a6eac0c7b6cd317bc71d70e09e8e9d8b0a57308ceb8b4c11921129cc5ae1
G|LP0726|ConsensusExact|step2|attempt_1,G-e81bbd28fe7586347d97609678c14525e8cbcb8a,G,target,LP0726,Consensus,consensus_exact_step2_estimate,1,google/gemma-4-31B-it,4bf68981e0e53a50f0439c7dc99b024fa902ebbdd2f7e98a31780a7673bbc619,ec9f25e6b68d12ca6182161cdc389e0da99a8cff29c47b015f1d07a6633e4cf0,consensus_benchmark_exact_v1,prompt_compiler_v2_split_g_f,1319960713,pending,Q001,"{""Q001"": ""consensus_estimate_net_zero_before_2085""}",consensus_exact_step2,c444a6eac0c7b6cd317bc71d70e09e8e9d8b0a57308ceb8b4c11921129cc5ae1
G|LP0727|ConsensusExact|step2|attempt_1,G-c5768052f3a42809ef2a6ffe210363393ba51b98,G,target,LP0727,Consensus,consensus_exact_step2_estimate,1,google/gemma-4-31B-it,a669f2b068a69e6adfa90f15ed3bf5cb29bf348e41aff318981aac318d9e98e4,ec9f25e6b68d12ca6182161cdc389e0da99a8cff29c47b015f1d07a6633e4cf0,consensus_benchmark_exact_v1,prompt_compiler_v2_split_g_f,2123442353,pending,Q001,"{""Q001"": ""consensus_estimate_net_zero_before_2085""}",consensus_exact_step2,c444a6eac0c7b6cd317bc71d70e09e8e9d8b0a57308ceb8b4c11921129cc5ae1
G|LP0728|ConsensusExact|step2|attempt_1,G-ef433256fbc49a1c575a09f754ae78e7e6dcc092,G,target,LP0728,Consensus,consensus_exact_step2_estimate,1,google/gemma-4-31B-it,28faf2c1ea0906d311c4bcd42928dd80b5403f65418a7babc9eff779b6b97dd8,ec9f25e6b68d12ca6182161cdc389e0da99a8cff29c47b015f1d07a6633e4cf0,consensus_benchmark_exact_v1,prompt_compiler_v2_split_g_f,1514864333,pending,Q001,"{""Q001"": ""consensus_estimate_net_zero_before_2085""}",consensus_exact_step2,c444a6eac0c7b6cd317bc71d70e09e8e9d8b0a57308ceb8b4c11921129cc5ae1
G|LP0729|ConsensusExact|step2|attempt_1,G-a27f57911c86b78644a8ac5cf97cb776b1b41443,G,target,LP0729,Consensus,consensus_exact_step2_estimate,1,google/gemma-4-31B-it,857a9cde6151e4c874a086c9c5f41af2a739f01b497467e59c66cef7e63c3beb,ec9f25e6b68d12ca6182161cdc389e0da99a8cff29c47b015f1d07a6633e4cf0,consensus_benchmark_exact_v1,prompt_compiler_v2_split_g_f,1636132522,pending,Q001,"{""Q001"": ""consensus_estimate_net_zero_before_2085""}",consensus_exact_step2,c444a6eac0c7b6cd317bc71d70e09e8e9d8b0a57308ceb8b4c11921129cc5ae1
G|LP0730|ConsensusExact|step2|attempt_1,G-f50c217cdeb1eab415e9a4508301736495248160,G,target,LP0730,Consensus,consensus_exact_step2_estimate,1,google/gemma-4-31B-it,58aeb0fb9ee6a22932459c08b31b8e5a583e13fe7d6fb388318765da6a80a2d5,ec9f25e6b68d12ca6182161cdc389e0da99a8cff29c47b015f1d07a6633e4cf0,consensus_benchmark_exact_v1,prompt_compiler_v2_split_g_f,1221209521,pending,Q001,"{""Q001"": ""consensus_estimate_net_zero_before_2085""}",consensus_exact_step2,c444a6eac0c7b6cd317bc71d70e09e8e9d8b0a57308ceb8b4c11921129cc5ae1
G|LP0731|ConsensusExact|step2|attempt_1,G-8b36d5dd5f025b89e9e94f3a67f89cf139c338cf,G,target,LP0731,Consensus,consensus_exact_step2_estimate,1,google/gemma-4-31B-it,e2c7e3af85e79493236b5db49f03d180ec42d27a29f70ac4cb26e8db7a1d3121,ec9f25e6b68d12ca6182161cdc389e0da99a8cff29c47b015f1d07a6633e4cf0,consensus_benchmark_exact_v1,prompt_compiler_v2_split_g_f,1970276165,pending,Q001,"{""Q001"": ""consensus_estimate_net_zero_before_2085""}",consensus_exact_step2,c444a6eac0c7b6cd317bc71d70e09e8e9d8b0a57308ceb8b4c11921129cc5ae1
G|LP0732|ConsensusExact|step2|attempt_1,G-d2cfc9f37090da75fac132fe9c0a9ee0ba4d2854,G,target,LP0732,Consensus,consensus_exact_step2_estimate,1,google/gemma-4-31B-it,08848388fdec15d473a3a02b040fc5f842ddfc7b256ed8a0fdc0467e5c8e7f20,ec9f25e6b68d12ca6182161cdc389e0da99a8cff29c47b015f1d07a6633e4cf0,consensus_benchmark_exact_v1,prompt_compiler_v2_split_g_f,372272735,pending,Q001,"{""Q001"": ""consensus_estimate_net_zero_before_2085""}",consensus_exact_step2,c444a6eac0c7b6cd317bc71d70e09e8e9d8b0a57308ceb8b4c11921129cc5ae1
G|LP0733|ConsensusExact|step2|attempt_1,G-ae7f81aa70bce2e0dd28d8ac7ce89a0798fd6c7a,G,target,LP0733,Consensus,consensus_exact_step2_estimate,1,google/gemma-4-31B-it,c6890ad6ba1a6b31c7864cdea5e9bbf6d20a8cbb71d8e5d8eb7dff4f7b868a79,ec9f25e6b68d12ca6182161cdc389e0da99a8cff29c47b015f1d07a6633e4cf0,consensus_benchmark_exact_v1,prompt_compiler_v2_split_g_f,1304159799,pending,Q001,"{""Q001"": ""consensus_estimate_net_zero_before_2085""}",consensus_exact_step2,c444a6eac0c7b6cd317bc71d70e09e8e9d8b0a57308ceb8b4c11921129cc5ae1
G|LP0734|ConsensusExact|step2|attempt_1,G-16dcc93b881ed7d8602d614c82e5d63e3c80ac0e,G,target,LP0734,Consensus,consensus_exact_step2_estimate,1,google/gemma-4-31B-it,c39a7b985036f4a6d74202d3c7cbdbbcb687a8aa2838d8c408e55dc1ede347e6,ec9f25e6b68d12ca6182161cdc389e0da99a8cff29c47b015f1d07a6633e4cf0,consensus_benchmark_exact_v1,prompt_compiler_v2_split_g_f,903375439,pending,Q001,"{""Q001"": ""consensus_estimate_net_zero_before_2085""}",consensus_exact_step2,c444a6eac0c7b6cd317bc71d70e09e8e9d8b0a57308ceb8b4c11921129cc5ae1
G|LP0735|ConsensusExact|step2|attempt_1,G-323a27ed65c5c6ebcc8ed9ae0ce2f031f5b49ff8,G,target,LP0735,Consensus,consensus_exact_step2_estimate,1,google/gemma-4-31B-it,99bbf44a78322aa7d9aa3031dfa1392ef8175b316ed122af20216fe031499dab,ec9f25e6b68d12ca6182161cdc389e0da99a8cff29c47b015f1d07a6633e4cf0,consensus_benchmark_exact_v1,prompt_compiler_v2_split_g_f,1245320902,pending,Q001,"{""Q001"": ""consensus_estimate_net_zero_before_2085""}",consensus_exact_step2,c444a6eac0c7b6cd317bc71d70e09e8e9d8b0a57308ceb8b4c11921129cc5ae1
G|LP0736|ConsensusExact|step2|attempt_1,G-f1ab1ebead160aa96d318495e8bda9bc7e4a38e1,G,target,LP0736,Consensus,consensus_exact_step2_estimate,1,google/gemma-4-31B-it,3173cf17ee13d94d12884cd4c9990497dd6f1a428253c303f26c9a0e2e008e64,ec9f25e6b68d12ca6182161cdc389e0da99a8cff29c47b015f1d07a6633e4cf0,consensus_benchmark_exact_v1,prompt_compiler_v2_split_g_f,275531818,pending,Q001,"{""Q001"": ""consensus_estimate_net_zero_before_2085""}",consensus_exact_step2,c444a6eac0c7b6cd317bc71d70e09e8e9d8b0a57308ceb8b4c11921129cc5ae1
G|LP0737|ConsensusExact|step2|attempt_1,G-21e40f81e7119b451ed8dc3d67eaabceda7de2f2,G,target,LP0737,Consensus,consensus_exact_step2_estimate,1,google/gemma-4-31B-it,93597d24e63bae6efa62c1fb5d9aed959c220d70fdaae9e284150a2a5bc4cc53,ec9f25e6b68d12ca6182161cdc389e0da99a8cff29c47b015f1d07a6633e4cf0,consensus_benchmark_exact_v1,prompt_compiler_v2_split_g_f,718912073,pending,Q001,"{""Q001"": ""consensus_estimate_net_zero_before_2085""}",consensus_exact_step2,c444a6eac0c7b6cd317bc71d70e09e8e9d8b0a57308ceb8b4c11921129cc5ae1
G|LP0738|ConsensusExact|step2|attempt_1,G-f0546eaeca7e6d6bf937504e1c5fe4e291ebcf57,G,target,LP0738,Consensus,consensus_exact_step2_estimate,1,google/gemma-4-31B-it,68ccb97018fb7401f0d6991d1fe0bb65ce2611ba6a765cd7b512c63c755d68db,ec9f25e6b68d12ca6182161cdc389e0da99a8cff29c47b015f1d07a6633e4cf0,consensus_benchmark_exact_v1,prompt_compiler_v2_split_g_f,723995340,pending,Q001,"{""Q001"": ""consensus_estimate_net_zero_before_2085""}",consensus_exact_step2,c444a6eac0c7b6cd317bc71d70e09e8e9d8b0a57308ceb8b4c11921129cc5ae1
G|LP0739|ConsensusExact|step2|attempt_1,G-e86a906abdf72439a0b0d3c00abcf2c6fc87deac,G,target,LP0739,Consensus,consensus_exact_step2_estimate,1,google/gemma-4-31B-it,330c69728b0b8469399423dfc68173f956c01f1bdfef95fd2cdc90ea750c912d,ec9f25e6b68d12ca6182161cdc389e0da99a8cff29c47b015f1d07a6633e4cf0,consensus_benchmark_exact_v1,prompt_compiler_v2_split_g_f,248268050,pending,Q001,"{""Q001"": ""consensus_estimate_net_zero_before_2085""}",consensus_exact_step2,c444a6eac0c7b6cd317bc71d70e09e8e9d8b0a57308ceb8b4c11921129cc5ae1
G|LP0740|ConsensusExact|step2|attempt_1,G-a4355c32aa818973b19d4db3fbb951ea588e2e69,G,target,LP0740,Consensus,consensus_exact_step2_estimate,1,google/gemma-4-31B-it,4d78e97df5007d4bba489b228b4a5b9d67d6dc4ea220656a04ed04e2d000211e,ec9f25e6b68d12ca6182161cdc389e0da99a8cff29c47b015f1d07a6633e4cf0,consensus_benchmark_exact_v1,prompt_compiler_v2_split_g_f,1928085978,pending,Q001,"{""Q001"": ""consensus_estimate_net_zero_before_2085""}",consensus_exact_step2,c444a6eac0c7b6cd317bc71d70e09e8e9d8b0a57308ceb8b4c11921129cc5ae1
G|LP0741|ConsensusExact|step2|attempt_1,G-afa3ec84be19276055fb77eb81683b600a971a7b,G,target,LP0741,Consensus,consensus_exact_step2_estimate,1,google/gemma-4-31B-it,e20689d9bd1cb3d69860be085590358a99b78936adb420926107958542ebc185,ec9f25e6b68d12ca6182161cdc389e0da99a8cff29c47b015f1d07a6633e4cf0,consensus_benchmark_exact_v1,prompt_compiler_v2_split_g_f,492896364,pending,Q001,"{""Q001"": ""consensus_estimate_net_zero_before_2085""}",consensus_exact_step2,c444a6eac0c7b6cd317bc71d70e09e8e9d8b0a57308ceb8b4c11921129cc5ae1
G|LP0742|ConsensusExact|step2|attempt_1,G-1c53fe3627e4918c4c099898998c11f6bcba5533,G,target,LP0742,Consensus,consensus_exact_step2_estimate,1,google/gemma-4-31B-it,286495a5a1659ac6f1abfa70fc547b14b4730ffe1385a1f537eb41d88b63a6aa,ec9f25e6b68d12ca6182161cdc389e0da99a8cff29c47b015f1d07a6633e4cf0,consensus_benchmark_exact_v1,prompt_compiler_v2_split_g_f,1619824120,pending,Q001,"{""Q001"": ""consensus_estimate_net_zero_before_2085""}",consensus_exact_step2,c444a6eac0c7b6cd317bc71d70e09e8e9d8b0a57308ceb8b4c11921129cc5ae1
G|LP0743|ConsensusExact|step2|attempt_1,G-8f464705607131455a304a84af9ee5a618b9647d,G,target,LP0743,Consensus,consensus_exact_step2_estimate,1,google/gemma-4-31B-it,13486b2148415ef8d8c3cbfa28d3ab990ca47227d3db239e7ce5e01639dd7ad3,ec9f25e6b68d12ca6182161cdc389e0da99a8cff29c47b015f1d07a6633e4cf0,consensus_benchmark_exact_v1,prompt_compiler_v2_split_g_f,2130558801,pending,Q001,"{""Q001"": ""consensus_estimate_net_zero_before_2085""}",consensus_exact_step2,c444a6eac0c7b6cd317bc71d70e09e8e9d8b0a57308ceb8b4c11921129cc5ae1
G|LP0744|ConsensusExact|step2|attempt_1,G-211c0afeea618dd6c40082aa1216aa22c59292a4,G,target,LP0744,Consensus,consensus_exact_step2_estimate,1,google/gemma-4-31B-it,993f7629636cf7827cc696895404d752fd0e871dba9d5c15f66e526dd490b927,ec9f25e6b68d12ca6182161cdc389e0da99a8cff29c47b015f1d07a6633e4cf0,consensus_benchmark_exact_v1,prompt_compiler_v2_split_g_f,748266452,pending,Q001,"{""Q001"": ""consensus_estimate_net_zero_before_2085""}",consensus_exact_step2,c444a6eac0c7b6cd317bc71d70e09e8e9d8b0a57308ceb8b4c11921129cc5ae1
G|LP0745|ConsensusExact|step2|attempt_1,G-fd10c41a29dcdadb40ecf0e4a01a839fd1bd1be8,G,target,LP0745,Consensus,consensus_exact_step2_estimate,1,google/gemma-4-31B-it,d9c5815496715745663f911dd682df857f8961c7d8d18b4d55e730d79fa4821a,ec9f25e6b68d12ca6182161cdc389e0da99a8cff29c47b015f1d07a6633e4cf0,consensus_benchmark_exact_v1,prompt_compiler_v2_split_g_f,603874067,pending,Q001,"{""Q001"": ""consensus_estimate_net_zero_before_2085""}",consensus_exact_step2,c444a6eac0c7b6cd317bc71d70e09e8e9d8b0a57308ceb8b4c11921129cc5ae1
G|LP0746|ConsensusExact|step2|attempt_1,G-7fc45aa9141e987fec1517ab3a2b4386bdaf8cd0,G,target,LP0746,Consensus,consensus_exact_step2_estimate,1,google/gemma-4-31B-it,5b88f3cb2639514fed90bea54b1f5ca023585ca8bd3ae389c676c08925bfbafb,ec9f25e6b68d12ca6182161cdc389e0da99a8cff29c47b015f1d07a6633e4cf0,consensus_benchmark_exact_v1,prompt_compiler_v2_split_g_f,329731539,pending,Q001,"{""Q001"": ""consensus_estimate_net_zero_before_2085""}",consensus_exact_step2,c444a6eac0c7b6cd317bc71d70e09e8e9d8b0a57308ceb8b4c11921129cc5ae1
G|LP0747|ConsensusExact|step2|attempt_1,G-7afcb388cdea6594e86c848930b366bfba11f8d5,G,target,LP0747,Consensus,consensus_exact_step2_estimate,1,google/gemma-4-31B-it,3737f81ddb9c0cd0a992dacb089f68c7bae44f7eebf71a51642734418d2a888d,ec9f25e6b68d12ca6182161cdc389e0da99a8cff29c47b015f1d07a6633e4cf0,consensus_benchmark_exact_v1,prompt_compiler_v2_split_g_f,1139002535,pending,Q001,"{""Q001"": ""consensus_estimate_net_zero_before_2085""}",consensus_exact_step2,c444a6eac0c7b6cd317bc71d70e09e8e9d8b0a57308ceb8b4c11921129cc5ae1
G|LP0748|ConsensusExact|step2|attempt_1,G-8e3b476f2142a6858218abf6445dc99daa9b52a4,G,target,LP0748,Consensus,consensus_exact_step2_estimate,1,google/gemma-4-31B-it,58c61f95aa1a85821a464372be2705b1b656e92e008f359a256bd10d6d30a4ad,ec9f25e6b68d12ca6182161cdc389e0da99a8cff29c47b015f1d07a6633e4cf0,consensus_benchmark_exact_v1,prompt_compiler_v2_split_g_f,1035548005,pending,Q001,"{""Q001"": ""consensus_estimate_net_zero_before_2085""}",consensus_exact_step2,c444a6eac0c7b6cd317bc71d70e09e8e9d8b0a57308ceb8b4c11921129cc5ae1
G|LP0749|ConsensusExact|step2|attempt_1,G-b5570ff74f0e3069609e94f850e48223910e45ea,G,target,LP0749,Consensus,consensus_exact_step2_estimate,1,google/gemma-4-31B-it,19d3d10238b70b2cd74b3995394ed58c7317392e6507152f32b4e9172d0ed5c2,ec9f25e6b68d12ca6182161cdc389e0da99a8cff29c47b015f1d07a6633e4cf0,consensus_benchmark_exact_v1,prompt_compiler_v2_split_g_f,968642650,pending,Q001,"{""Q001"": ""consensus_estimate_net_zero_before_2085""}",consensus_exact_step2,c444a6eac0c7b6cd317bc71d70e09e8e9d8b0a57308ceb8b4c11921129cc5ae1
G|LP0750|ConsensusExact|step2|attempt_1,G-fe33fd59d106a0cc1f093e52ada66201f845695e,G,target,LP0750,Consensus,consensus_exact_step2_estimate,1,google/gemma-4-31B-it,205000dd1a2be6b0268a6fef571664fee122f3edfd6f2ea4fe8e362de4a17b0a,ec9f25e6b68d12ca6182161cdc389e0da99a8cff29c47b015f1d07a6633e4cf0,consensus_benchmark_exact_v1,prompt_compiler_v2_split_g_f,1299094403,pending,Q001,"{""Q001"": ""consensus_estimate_net_zero_before_2085""}",consensus_exact_step2,c444a6eac0c7b6cd317bc71d70e09e8e9d8b0a57308ceb8b4c11921129cc5ae1
G|LP0751|ConsensusExact|step2|attempt_1,G-ebc401717ca1bf136f64c49d07358dfcbe4e55aa,G,target,LP0751,Consensus,consensus_exact_step2_estimate,1,google/gemma-4-31B-it,f029bf6bb36150d647795bb49fb2fdc481b8651d258e974c2bb0f27b5d3401e8,ec9f25e6b68d12ca6182161cdc389e0da99a8cff29c47b015f1d07a6633e4cf0,consensus_benchmark_exact_v1,prompt_compiler_v2_split_g_f,1412022777,pending,Q001,"{""Q001"": ""consensus_estimate_net_zero_before_2085""}",consensus_exact_step2,c444a6eac0c7b6cd317bc71d70e09e8e9d8b0a57308ceb8b4c11921129cc5ae1
G|LP0752|ConsensusExact|step2|attempt_1,G-6026940ab1f01f354b5ec40c110c4b712c2487f5,G,target,LP0752,Consensus,consensus_exact_step2_estimate,1,google/gemma-4-31B-it,345db57232e05a2bf2b3617f109f9d5f2b102a457856676297bc1f236f8232b9,ec9f25e6b68d12ca6182161cdc389e0da99a8cff29c47b015f1d07a6633e4cf0,consensus_benchmark_exact_v1,prompt_compiler_v2_split_g_f,1916618571,pending,Q001,"{""Q001"": ""consensus_estimate_net_zero_before_2085""}",consensus_exact_step2,c444a6eac0c7b6cd317bc71d70e09e8e9d8b0a57308ceb8b4c11921129cc5ae1
G|LP0753|ConsensusExact|step2|attempt_1,G-58d6965b371c56991e728f578044908d0797dd8e,G,target,LP0753,Consensus,consensus_exact_step2_estimate,1,google/gemma-4-31B-it,1d4596d0d4edb16f8830a77bc4fc702bb5db85daa8e6b0dcbd9b2b27d6c1ce08,ec9f25e6b68d12ca6182161cdc389e0da99a8cff29c47b015f1d07a6633e4cf0,consensus_benchmark_exact_v1,prompt_compiler_v2_split_g_f,1758036816,pending,Q001,"{""Q001"": ""consensus_estimate_net_zero_before_2085""}",consensus_exact_step2,c444a6eac0c7b6cd317bc71d70e09e8e9d8b0a57308ceb8b4c11921129cc5ae1
G|LP0754|ConsensusExact|step2|attempt_1,G-aa7ae29e0ec7699f8ad583365971466985fd6e51,G,target,LP0754,Consensus,consensus_exact_step2_estimate,1,google/gemma-4-31B-it,912ce701bfcbef66504caa9ad5ce3adba9b0432757021bea1b6a8c3e9f9cb7f9,ec9f25e6b68d12ca6182161cdc389e0da99a8cff29c47b015f1d07a6633e4cf0,consensus_benchmark_exact_v1,prompt_compiler_v2_split_g_f,1673342685,pending,Q001,"{""Q001"": ""consensus_estimate_net_zero_before_2085""}",consensus_exact_step2,c444a6eac0c7b6cd317bc71d70e09e8e9d8b0a57308ceb8b4c11921129cc5ae1
G|LP0755|ConsensusExact|step2|attempt_1,G-c5abbf01a1ee25ec9e7e70ba5d65edfc7616a6d6,G,target,LP0755,Consensus,consensus_exact_step2_estimate,1,google/gemma-4-31B-it,c46d81874ec015560090582b14d48d194ecaa526ee1b042ec12893535943a629,ec9f25e6b68d12ca6182161cdc389e0da99a8cff29c47b015f1d07a6633e4cf0,consensus_benchmark_exact_v1,prompt_compiler_v2_split_g_f,759538674,pending,Q001,"{""Q001"": ""consensus_estimate_net_zero_before_2085""}",consensus_exact_step2,c444a6eac0c7b6cd317bc71d70e09e8e9d8b0a57308ceb8b4c11921129cc5ae1
G|LP0756|ConsensusExact|step2|attempt_1,G-89df606aba833d6c386f57060f99f7b84c4b8a9a,G,target,LP0756,Consensus,consensus_exact_step2_estimate,1,google/gemma-4-31B-it,977d3ab7dd752c0a692773647cb3c1fc91db037dda3de0ef6be0c7c4560e90a0,ec9f25e6b68d12ca6182161cdc389e0da99a8cff29c47b015f1d07a6633e4cf0,consensus_benchmark_exact_v1,prompt_compiler_v2_split_g_f,1312947779,pending,Q001,"{""Q001"": ""consensus_estimate_net_zero_before_2085""}",consensus_exact_step2,c444a6eac0c7b6cd317bc71d70e09e8e9d8b0a57308ceb8b4c11921129cc5ae1
G|LP0757|ConsensusExact|step2|attempt_1,G-c0ed2852bc1a67f772281f4e968cd5dc7033f09f,G,target,LP0757,Consensus,consensus_exact_step2_estimate,1,google/gemma-4-31B-it,cb0320ea661022fccd4d3bf7944117ad665da4180b03ca8ab5a1ab629b331275,ec9f25e6b68d12ca6182161cdc389e0da99a8cff29c47b015f1d07a6633e4cf0,consensus_benchmark_exact_v1,prompt_compiler_v2_split_g_f,1039448223,pending,Q001,"{""Q001"": ""consensus_estimate_net_zero_before_2085""}",consensus_exact_step2,c444a6eac0c7b6cd317bc71d70e09e8e9d8b0a57308ceb8b4c11921129cc5ae1
G|LP0758|ConsensusExact|step2|attempt_1,G-9adf28c097bf512974cf3860e4a54536bd56d728,G,target,LP0758,Consensus,consensus_exact_step2_estimate,1,google/gemma-4-31B-it,b2ffb72fdf3bc18f2dacd6f0e0df278742c29a05150d8960562d37c048ea9077,ec9f25e6b68d12ca6182161cdc389e0da99a8cff29c47b015f1d07a6633e4cf0,consensus_benchmark_exact_v1,prompt_compiler_v2_split_g_f,1300079276,pending,Q001,"{""Q001"": ""consensus_estimate_net_zero_before_2085""}",consensus_exact_step2,c444a6eac0c7b6cd317bc71d70e09e8e9d8b0a57308ceb8b4c11921129cc5ae1
G|LP0759|ConsensusExact|step2|attempt_1,G-1473459de707d81593ac3c962557bc99b5152ddb,G,target,LP0759,Consensus,consensus_exact_step2_estimate,1,google/gemma-4-31B-it,66f76ef9a188bad923d89276c5c37585bccd2d7c0aacac03bc4bb526a3e98f7f,ec9f25e6b68d12ca6182161cdc389e0da99a8cff29c47b015f1d07a6633e4cf0,consensus_benchmark_exact_v1,prompt_compiler_v2_split_g_f,267281233,pending,Q001,"{""Q001"": ""consensus_estimate_net_zero_before_2085""}",consensus_exact_step2,c444a6eac0c7b6cd317bc71d70e09e8e9d8b0a57308ceb8b4c11921129cc5ae1
G|LP0760|ConsensusExact|step2|attempt_1,G-2c0d3b58702ec698acf634eedc28344962ec9da2,G,target,LP0760,Consensus,consensus_exact_step2_estimate,1,google/gemma-4-31B-it,b93b2db7c59d46cdff5022da53d73d4434efb3a3c2e872151bfd677fa8ca72b3,ec9f25e6b68d12ca6182161cdc389e0da99a8cff29c47b015f1d07a6633e4cf0,consensus_benchmark_exact_v1,prompt_compiler_v2_split_g_f,1212759369,pending,Q001,"{""Q001"": ""consensus_estimate_net_zero_before_2085""}",consensus_exact_step2,c444a6eac0c7b6cd317bc71d70e09e8e9d8b0a57308ceb8b4c11921129cc5ae1
G|LP0761|ConsensusExact|step2|attempt_1,G-2c7b9ef33ff448083aa1a2afc7d841ad7c1b3319,G,target,LP0761,Consensus,consensus_exact_step2_estimate,1,google/gemma-4-31B-it,f7dc462c6b1a69f117cb310c5c91f3a2f7804d4355773bc895c35c8688f9ae62,ec9f25e6b68d12ca6182161cdc389e0da99a8cff29c47b015f1d07a6633e4cf0,consensus_benchmark_exact_v1,prompt_compiler_v2_split_g_f,418088431,pending,Q001,"{""Q001"": ""consensus_estimate_net_zero_before_2085""}",consensus_exact_step2,c444a6eac0c7b6cd317bc71d70e09e8e9d8b0a57308ceb8b4c11921129cc5ae1
G|LP0762|ConsensusExact|step2|attempt_1,G-d63928a2fdc63a1599ed8867bf0430dfdf543780,G,target,LP0762,Consensus,consensus_exact_step2_estimate,1,google/gemma-4-31B-it,d0bb2a5c5dec05b737c2b0b3b6df916e98c81399fca3304f7a64e513f53cddfe,ec9f25e6b68d12ca6182161cdc389e0da99a8cff29c47b015f1d07a6633e4cf0,consensus_benchmark_exact_v1,prompt_compiler_v2_split_g_f,708348766,pending,Q001,"{""Q001"": ""consensus_estimate_net_zero_before_2085""}",consensus_exact_step2,c444a6eac0c7b6cd317bc71d70e09e8e9d8b0a57308ceb8b4c11921129cc5ae1
G|LP0763|ConsensusExact|step2|attempt_1,G-26d0aedc5d3a97623411fb04185454e02f3cfe3a,G,target,LP0763,Consensus,consensus_exact_step2_estimate,1,google/gemma-4-31B-it,e803ba8f4c3753d4251aab70a76e9fb86530ece454779aa89fb6639be8aca6ac,ec9f25e6b68d12ca6182161cdc389e0da99a8cff29c47b015f1d07a6633e4cf0,consensus_benchmark_exact_v1,prompt_compiler_v2_split_g_f,719058203,pending,Q001,"{""Q001"": ""consensus_estimate_net_zero_before_2085""}",consensus_exact_step2,c444a6eac0c7b6cd317bc71d70e09e8e9d8b0a57308ceb8b4c11921129cc5ae1
G|LP0764|ConsensusExact|step2|attempt_1,G-072571ab3eb7e3186f1d164adcdf98b02468341d,G,target,LP0764,Consensus,consensus_exact_step2_estimate,1,google/gemma-4-31B-it,17baf7536fd523cfbded0cec929c3f94eabeb78393d41a489afb39687fd713d1,ec9f25e6b68d12ca6182161cdc389e0da99a8cff29c47b015f1d07a6633e4cf0,consensus_benchmark_exact_v1,prompt_compiler_v2_split_g_f,1292027502,pending,Q001,"{""Q001"": ""consensus_estimate_net_zero_before_2085""}",consensus_exact_step2,c444a6eac0c7b6cd317bc71d70e09e8e9d8b0a57308ceb8b4c11921129cc5ae1
G|LP0765|ConsensusExact|step2|attempt_1,G-4c5738cffdccd5d0bfe2f25719e12825722be7c3,G,target,LP0765,Consensus,consensus_exact_step2_estimate,1,google/gemma-4-31B-it,bdb696192037dacd96cd50faf0d22a8623ec7d186a17131c097826af9ed9e4ed,ec9f25e6b68d12ca6182161cdc389e0da99a8cff29c47b015f1d07a6633e4cf0,consensus_benchmark_exact_v1,prompt_compiler_v2_split_g_f,377177969,pending,Q001,"{""Q001"": ""consensus_estimate_net_zero_before_2085""}",consensus_exact_step2,c444a6eac0c7b6cd317bc71d70e09e8e9d8b0a57308ceb8b4c11921129cc5ae1
G|LP0766|ConsensusExact|step2|attempt_1,G-6cd61a72555d820a154b94e293fe54f3f2102c9a,G,target,LP0766,Consensus,consensus_exact_step2_estimate,1,google/gemma-4-31B-it,5e7d3da8c8dad35418b58259e4ea76deca470382502b82a76f7898ad35f708b1,ec9f25e6b68d12ca6182161cdc389e0da99a8cff29c47b015f1d07a6633e4cf0,consensus_benchmark_exact_v1,prompt_compiler_v2_split_g_f,789165808,pending,Q001,"{""Q001"": ""consensus_estimate_net_zero_before_2085""}",consensus_exact_step2,c444a6eac0c7b6cd317bc71d70e09e8e9d8b0a57308ceb8b4c11921129cc5ae1
G|LP0767|ConsensusExact|step2|attempt_1,G-2381c98029c3d1fef919060e7fec454eaf06dfcc,G,target,LP0767,Consensus,consensus_exact_step2_estimate,1,google/gemma-4-31B-it,5bff5d4f4f28f4538e8f36adde635912ef56fbc6536e0a6df85f9a956399bb08,ec9f25e6b68d12ca6182161cdc389e0da99a8cff29c47b015f1d07a6633e4cf0,consensus_benchmark_exact_v1,prompt_compiler_v2_split_g_f,1892115710,pending,Q001,"{""Q001"": ""consensus_estimate_net_zero_before_2085""}",consensus_exact_step2,c444a6eac0c7b6cd317bc71d70e09e8e9d8b0a57308ceb8b4c11921129cc5ae1
G|LP0768|ConsensusExact|step2|attempt_1,G-01ae5645474d86785ff2bcb644f3ab49ecb05e92,G,target,LP0768,Consensus,consensus_exact_step2_estimate,1,google/gemma-4-31B-it,421f84e29aed3d49f92d70a792ad56f633a63d890d020779cf81461aa54f9d44,ec9f25e6b68d12ca6182161cdc389e0da99a8cff29c47b015f1d07a6633e4cf0,consensus_benchmark_exact_v1,prompt_compiler_v2_split_g_f,1252668162,pending,Q001,"{""Q001"": ""consensus_estimate_net_zero_before_2085""}",consensus_exact_step2,c444a6eac0c7b6cd317bc71d70e09e8e9d8b0a57308ceb8b4c11921129cc5ae1
G|LP0769|ConsensusExact|step2|attempt_1,G-91aa33b6464329c573901c18ab90a6e7cda99ee1,G,target,LP0769,Consensus,consensus_exact_step2_estimate,1,google/gemma-4-31B-it,740880d7a618399119620a9d76f54261a33722b2db9ef19e5c3934eef1aca091,ec9f25e6b68d12ca6182161cdc389e0da99a8cff29c47b015f1d07a6633e4cf0,consensus_benchmark_exact_v1,prompt_compiler_v2_split_g_f,1771540787,pending,Q001,"{""Q001"": ""consensus_estimate_net_zero_before_2085""}",consensus_exact_step2,c444a6eac0c7b6cd317bc71d70e09e8e9d8b0a57308ceb8b4c11921129cc5ae1
G|LP0770|ConsensusExact|step2|attempt_1,G-fa0d3c06188ca1f43bd97bbfc4c59526ac05df7e,G,target,LP0770,Consensus,consensus_exact_step2_estimate,1,google/gemma-4-31B-it,15ba22c5411ee11b6a1c545daf075e1e80581f1782bcf5afffc471a3bccf941d,ec9f25e6b68d12ca6182161cdc389e0da99a8cff29c47b015f1d07a6633e4cf0,consensus_benchmark_exact_v1,prompt_compiler_v2_split_g_f,212277764,pending,Q001,"{""Q001"": ""consensus_estimate_net_zero_before_2085""}",consensus_exact_step2,c444a6eac0c7b6cd317bc71d70e09e8e9d8b0a57308ceb8b4c11921129cc5ae1
G|LP0771|ConsensusExact|step2|attempt_1,G-9e5950c1958ea531cd3d2a894a9004d4925e80dd,G,target,LP0771,Consensus,consensus_exact_step2_estimate,1,google/gemma-4-31B-it,0dbe8368cc7bda1888da85c7abc3c7f638499780aa9e84b6461308a49abc1c5a,ec9f25e6b68d12ca6182161cdc389e0da99a8cff29c47b015f1d07a6633e4cf0,consensus_benchmark_exact_v1,prompt_compiler_v2_split_g_f,1380009654,pending,Q001,"{""Q001"": ""consensus_estimate_net_zero_before_2085""}",consensus_exact_step2,c444a6eac0c7b6cd317bc71d70e09e8e9d8b0a57308ceb8b4c11921129cc5ae1
G|LP0772|ConsensusExact|step2|attempt_1,G-9e4ab815b5870bbf1116d908590a05c1fbab5f29,G,target,LP0772,Consensus,consensus_exact_step2_estimate,1,google/gemma-4-31B-it,b4c4b126b069761a18b1f3179232489e6449f92495866502aba5abe7c7a86e2f,ec9f25e6b68d12ca6182161cdc389e0da99a8cff29c47b015f1d07a6633e4cf0,consensus_benchmark_exact_v1,prompt_compiler_v2_split_g_f,1914469356,pending,Q001,"{""Q001"": ""consensus_estimate_net_zero_before_2085""}",consensus_exact_step2,c444a6eac0c7b6cd317bc71d70e09e8e9d8b0a57308ceb8b4c11921129cc5ae1
G|LP0773|ConsensusExact|step2|attempt_1,G-d70d6f149338001f856cf39b6e72f68e73daf016,G,target,LP0773,Consensus,consensus_exact_step2_estimate,1,google/gemma-4-31B-it,94695b8feb4b43477ea92ed42c9a59274ed289d366cb80f0bab1549eec997f22,ec9f25e6b68d12ca6182161cdc389e0da99a8cff29c47b015f1d07a6633e4cf0,consensus_benchmark_exact_v1,prompt_compiler_v2_split_g_f,1095949899,pending,Q001,"{""Q001"": ""consensus_estimate_net_zero_before_2085""}",consensus_exact_step2,c444a6eac0c7b6cd317bc71d70e09e8e9d8b0a57308ceb8b4c11921129cc5ae1
G|LP0774|ConsensusExact|step2|attempt_1,G-decde29c27b324a1524a7890dae8f489715248b4,G,target,LP0774,Consensus,consensus_exact_step2_estimate,1,google/gemma-4-31B-it,8400d3ed456e24d35c1de7e6a0c3580946089e066ce3db2670cfa746cfacdc57,ec9f25e6b68d12ca6182161cdc389e0da99a8cff29c47b015f1d07a6633e4cf0,consensus_benchmark_exact_v1,prompt_compiler_v2_split_g_f,1699670492,pending,Q001,"{""Q001"": ""consensus_estimate_net_zero_before_2085""}",consensus_exact_step2,c444a6eac0c7b6cd317bc71d70e09e8e9d8b0a57308ceb8b4c11921129cc5ae1
G|LP0775|ConsensusExact|step2|attempt_1,G-8a74c274214666f69a678caa2ce87816a7924698,G,target,LP0775,Consensus,consensus_exact_step2_estimate,1,google/gemma-4-31B-it,b897885798d478b9754c0b22a4e35142057a59069652653fd312f3f5a8081e68,ec9f25e6b68d12ca6182161cdc389e0da99a8cff29c47b015f1d07a6633e4cf0,consensus_benchmark_exact_v1,prompt_compiler_v2_split_g_f,909110240,pending,Q001,"{""Q001"": ""consensus_estimate_net_zero_before_2085""}",consensus_exact_step2,c444a6eac0c7b6cd317bc71d70e09e8e9d8b0a57308ceb8b4c11921129cc5ae1
G|LP0776|ConsensusExact|step2|attempt_1,G-f2c00d3ddca3ae14300e0cf055c414f63a5ae970,G,target,LP0776,Consensus,consensus_exact_step2_estimate,1,google/gemma-4-31B-it,8b3e698a632552199ba4ac81f061364caf83c3e0b065a5776621fa17966edeb6,ec9f25e6b68d12ca6182161cdc389e0da99a8cff29c47b015f1d07a6633e4cf0,consensus_benchmark_exact_v1,prompt_compiler_v2_split_g_f,1109641363,pending,Q001,"{""Q001"": ""consensus_estimate_net_zero_before_2085""}",consensus_exact_step2,c444a6eac0c7b6cd317bc71d70e09e8e9d8b0a57308ceb8b4c11921129cc5ae1
G|LP0777|ConsensusExact|step2|attempt_1,G-441133b2c7d1812a7db68b516d876b04a0c90f16,G,target,LP0777,Consensus,consensus_exact_step2_estimate,1,google/gemma-4-31B-it,0b95222bf83d51c9467e27fb41e64c825c7204c4c8704959a50ab9d1e8d02f2f,ec9f25e6b68d12ca6182161cdc389e0da99a8cff29c47b015f1d07a6633e4cf0,consensus_benchmark_exact_v1,prompt_compiler_v2_split_g_f,1341384848,pending,Q001,"{""Q001"": ""consensus_estimate_net_zero_before_2085""}",consensus_exact_step2,c444a6eac0c7b6cd317bc71d70e09e8e9d8b0a57308ceb8b4c11921129cc5ae1
G|LP0778|ConsensusExact|step2|attempt_1,G-4e15ce62af0704f5b66ae7308be9f004bbc0d240,G,target,LP0778,Consensus,consensus_exact_step2_estimate,1,google/gemma-4-31B-it,bd5f944aeaf7ef57155d36bce6da74e86c89f3e50b2f770afdc79141c086dab6,ec9f25e6b68d12ca6182161cdc389e0da99a8cff29c47b015f1d07a6633e4cf0,consensus_benchmark_exact_v1,prompt_compiler_v2_split_g_f,1261609403,pending,Q001,"{""Q001"": ""consensus_estimate_net_zero_before_2085""}",consensus_exact_step2,c444a6eac0c7b6cd317bc71d70e09e8e9d8b0a57308ceb8b4c11921129cc5ae1
G|LP0779|ConsensusExact|step2|attempt_1,G-57662ed1ff7416ea00f9cfd2b5e11cf7344bfe16,G,target,LP0779,Consensus,consensus_exact_step2_estimate,1,google/gemma-4-31B-it,e7ffd70014c9bc14ce4ed045f5497f72df4eae5a020e1722362addae498cef30,ec9f25e6b68d12ca6182161cdc389e0da99a8cff29c47b015f1d07a6633e4cf0,consensus_benchmark_exact_v1,prompt_compiler_v2_split_g_f,775976079,pending,Q001,"{""Q001"": ""consensus_estimate_net_zero_before_2085""}",consensus_exact_step2,c444a6eac0c7b6cd317bc71d70e09e8e9d8b0a57308ceb8b4c11921129cc5ae1
G|LP0780|ConsensusExact|step2|attempt_1,G-886b066a7772493c2c2b40486554ecd98559f1cf,G,target,LP0780,Consensus,consensus_exact_step2_estimate,1,google/gemma-4-31B-it,7d1d9aada1b95bf9f4177b8b6ed214d169d28284daa846bb860c233da480a294,ec9f25e6b68d12ca6182161cdc389e0da99a8cff29c47b015f1d07a6633e4cf0,consensus_benchmark_exact_v1,prompt_compiler_v2_split_g_f,138958355,pending,Q001,"{""Q001"": ""consensus_estimate_net_zero_before_2085""}",consensus_exact_step2,c444a6eac0c7b6cd317bc71d70e09e8e9d8b0a57308ceb8b4c11921129cc5ae1
G|LP0781|ConsensusExact|step2|attempt_1,G-644f3fe90b812913b7c6902cd6523d575ecdf6a4,G,target,LP0781,Consensus,consensus_exact_step2_estimate,1,google/gemma-4-31B-it,1cc18d4d090e6e11bc8e445cd036c64cfee402d7e57dd435bedeebeec24ca614,ec9f25e6b68d12ca6182161cdc389e0da99a8cff29c47b015f1d07a6633e4cf0,consensus_benchmark_exact_v1,prompt_compiler_v2_split_g_f,1411360998,pending,Q001,"{""Q001"": ""consensus_estimate_net_zero_before_2085""}",consensus_exact_step2,c444a6eac0c7b6cd317bc71d70e09e8e9d8b0a57308ceb8b4c11921129cc5ae1
G|LP0782|ConsensusExact|step2|attempt_1,G-9b14291f65f1a6135860b15592c9c26b1e2924e5,G,target,LP0782,Consensus,consensus_exact_step2_estimate,1,google/gemma-4-31B-it,d613e4e0b1861d9915cec0a814fa89c0c62209074d5dd06e05b994f453dd6427,ec9f25e6b68d12ca6182161cdc389e0da99a8cff29c47b015f1d07a6633e4cf0,consensus_benchmark_exact_v1,prompt_compiler_v2_split_g_f,471464020,pending,Q001,"{""Q001"": ""consensus_estimate_net_zero_before_2085""}",consensus_exact_step2,c444a6eac0c7b6cd317bc71d70e09e8e9d8b0a57308ceb8b4c11921129cc5ae1
G|LP0783|ConsensusExact|step2|attempt_1,G-d9b41430d8db39c31eac25a9506bc0abdc92ddcc,G,target,LP0783,Consensus,consensus_exact_step2_estimate,1,google/gemma-4-31B-it,ee9ec30ab596a5d8b804add1cd0b69b06a5e388332ddbd33c9868886cd2e78bb,ec9f25e6b68d12ca6182161cdc389e0da99a8cff29c47b015f1d07a6633e4cf0,consensus_benchmark_exact_v1,prompt_compiler_v2_split_g_f,205742632,pending,Q001,"{""Q001"": ""consensus_estimate_net_zero_before_2085""}",consensus_exact_step2,c444a6eac0c7b6cd317bc71d70e09e8e9d8b0a57308ceb8b4c11921129cc5ae1
G|LP0784|ConsensusExact|step2|attempt_1,G-6a15dbc64c2e41bd8f5ccaf438e4454609078adb,G,target,LP0784,Consensus,consensus_exact_step2_estimate,1,google/gemma-4-31B-it,f3f20cff4da5b4adc72cac5b9843608ee1bc9f5156db7d30146f45ec97f105d2,ec9f25e6b68d12ca6182161cdc389e0da99a8cff29c47b015f1d07a6633e4cf0,consensus_benchmark_exact_v1,prompt_compiler_v2_split_g_f,542767435,pending,Q001,"{""Q001"": ""consensus_estimate_net_zero_before_2085""}",consensus_exact_step2,c444a6eac0c7b6cd317bc71d70e09e8e9d8b0a57308ceb8b4c11921129cc5ae1
G|LP0785|ConsensusExact|step2|attempt_1,G-10c5ce05e4bfc1df49925ca206d922de68e9ca96,G,target,LP0785,Consensus,consensus_exact_step2_estimate,1,google/gemma-4-31B-it,06e1483d52b6f952b4902c47bcee650b4a79adc7c2eac7e0ecf3cf48c30c5eed,ec9f25e6b68d12ca6182161cdc389e0da99a8cff29c47b015f1d07a6633e4cf0,consensus_benchmark_exact_v1,prompt_compiler_v2_split_g_f,105602539,pending,Q001,"{""Q001"": ""consensus_estimate_net_zero_before_2085""}",consensus_exact_step2,c444a6eac0c7b6cd317bc71d70e09e8e9d8b0a57308ceb8b4c11921129cc5ae1
G|LP0786|ConsensusExact|step2|attempt_1,G-6ed3d719e8b0ce888c8fe8c1a733d15169674fc4,G,target,LP0786,Consensus,consensus_exact_step2_estimate,1,google/gemma-4-31B-it,06d362d8356252066ee4ffe7b01a85818e12656a700363e2e38a7f68f3ee10b1,ec9f25e6b68d12ca6182161cdc389e0da99a8cff29c47b015f1d07a6633e4cf0,consensus_benchmark_exact_v1,prompt_compiler_v2_split_g_f,1180204221,pending,Q001,"{""Q001"": ""consensus_estimate_net_zero_before_2085""}",consensus_exact_step2,c444a6eac0c7b6cd317bc71d70e09e8e9d8b0a57308ceb8b4c11921129cc5ae1
G|LP0787|ConsensusExact|step2|attempt_1,G-9174d0d06333fc6d03d7420bd4da866e9ee6c32e,G,target,LP0787,Consensus,consensus_exact_step2_estimate,1,google/gemma-4-31B-it,d3b3ad667610aaceeb1b9883a133b238b479543b479f6ed8e75071f02f96222d,ec9f25e6b68d12ca6182161cdc389e0da99a8cff29c47b015f1d07a6633e4cf0,consensus_benchmark_exact_v1,prompt_compiler_v2_split_g_f,102604304,pending,Q001,"{""Q001"": ""consensus_estimate_net_zero_before_2085""}",consensus_exact_step2,c444a6eac0c7b6cd317bc71d70e09e8e9d8b0a57308ceb8b4c11921129cc5ae1
G|LP0788|ConsensusExact|step2|attempt_1,G-bb3b53e13a608f96961d29771de2ae2d0973b49d,G,target,LP0788,Consensus,consensus_exact_step2_estimate,1,google/gemma-4-31B-it,fd0902e38921a20fbd6d2a0cec75aac153c390606b09faa724cbc375d2a1f3a8,ec9f25e6b68d12ca6182161cdc389e0da99a8cff29c47b015f1d07a6633e4cf0,consensus_benchmark_exact_v1,prompt_compiler_v2_split_g_f,819410779,pending,Q001,"{""Q001"": ""consensus_estimate_net_zero_before_2085""}",consensus_exact_step2,c444a6eac0c7b6cd317bc71d70e09e8e9d8b0a57308ceb8b4c11921129cc5ae1
G|LP0789|ConsensusExact|step2|attempt_1,G-6886e75aef86646a87512f289b492bc81493e68e,G,target,LP0789,Consensus,consensus_exact_step2_estimate,1,google/gemma-4-31B-it,579c52feb0bb6ef6f2b3a54d5adcfd212b70b44cdb6091e19b0374a09dac9a9f,ec9f25e6b68d12ca6182161cdc389e0da99a8cff29c47b015f1d07a6633e4cf0,consensus_benchmark_exact_v1,prompt_compiler_v2_split_g_f,1083454241,pending,Q001,"{""Q001"": ""consensus_estimate_net_zero_before_2085""}",consensus_exact_step2,c444a6eac0c7b6cd317bc71d70e09e8e9d8b0a57308ceb8b4c11921129cc5ae1
G|LP0790|ConsensusExact|step2|attempt_1,G-96af2bee789003cde6cfb65570532656058493a3,G,target,LP0790,Consensus,consensus_exact_step2_estimate,1,google/gemma-4-31B-it,18acab29145714f6fbe8ae3965798cc177575bd75601248611491197996328ad,ec9f25e6b68d12ca6182161cdc389e0da99a8cff29c47b015f1d07a6633e4cf0,consensus_benchmark_exact_v1,prompt_compiler_v2_split_g_f,636378028,pending,Q001,"{""Q001"": ""consensus_estimate_net_zero_before_2085""}",consensus_exact_step2,c444a6eac0c7b6cd317bc71d70e09e8e9d8b0a57308ceb8b4c11921129cc5ae1
G|LP0791|ConsensusExact|step2|attempt_1,G-105d0c22fd69f257953a7ba64348c9fbd605c338,G,target,LP0791,Consensus,consensus_exact_step2_estimate,1,google/gemma-4-31B-it,f9279ddced0192391b74d1fc3775e67de3e2a0e63cb7d7cd2e01f6f82895a8a6,ec9f25e6b68d12ca6182161cdc389e0da99a8cff29c47b015f1d07a6633e4cf0,consensus_benchmark_exact_v1,prompt_compiler_v2_split_g_f,505678493,pending,Q001,"{""Q001"": ""consensus_estimate_net_zero_before_2085""}",consensus_exact_step2,c444a6eac0c7b6cd317bc71d70e09e8e9d8b0a57308ceb8b4c11921129cc5ae1
G|LP0792|ConsensusExact|step2|attempt_1,G-e312575301e77faa9c24a92b5a75e36ad68ecd92,G,target,LP0792,Consensus,consensus_exact_step2_estimate,1,google/gemma-4-31B-it,843d6b99275ac27bde91fbe63b173d4713abca2371cbb7afed7d7f80da77e98a,ec9f25e6b68d12ca6182161cdc389e0da99a8cff29c47b015f1d07a6633e4cf0,consensus_benchmark_exact_v1,prompt_compiler_v2_split_g_f,1208757843,pending,Q001,"{""Q001"": ""consensus_estimate_net_zero_before_2085""}",consensus_exact_step2,c444a6eac0c7b6cd317bc71d70e09e8e9d8b0a57308ceb8b4c11921129cc5ae1
G|LP0793|ConsensusExact|step2|attempt_1,G-392d590dfb8692cb38c66d9b26641a922c305632,G,target,LP0793,Consensus,consensus_exact_step2_estimate,1,google/gemma-4-31B-it,8c1e130b9f3e795f16e191954724307a8604e9ae8367200e14430aabe2581679,ec9f25e6b68d12ca6182161cdc389e0da99a8cff29c47b015f1d07a6633e4cf0,consensus_benchmark_exact_v1,prompt_compiler_v2_split_g_f,1843479783,pending,Q001,"{""Q001"": ""consensus_estimate_net_zero_before_2085""}",consensus_exact_step2,c444a6eac0c7b6cd317bc71d70e09e8e9d8b0a57308ceb8b4c11921129cc5ae1
G|LP0794|ConsensusExact|step2|attempt_1,G-f44ad29b88a71ab4dcdb9a81f980103f4793310f,G,target,LP0794,Consensus,consensus_exact_step2_estimate,1,google/gemma-4-31B-it,5a40034f36e9ca04c1cc09033bf9cd1db66057a9a090e309a5537280a33ef3e2,ec9f25e6b68d12ca6182161cdc389e0da99a8cff29c47b015f1d07a6633e4cf0,consensus_benchmark_exact_v1,prompt_compiler_v2_split_g_f,1899806702,pending,Q001,"{""Q001"": ""consensus_estimate_net_zero_before_2085""}",consensus_exact_step2,c444a6eac0c7b6cd317bc71d70e09e8e9d8b0a57308ceb8b4c11921129cc5ae1
G|LP0795|ConsensusExact|step2|attempt_1,G-9c11cd785a4be94f1e7c69852151eb7eaf937f4f,G,target,LP0795,Consensus,consensus_exact_step2_estimate,1,google/gemma-4-31B-it,39832d27c8f31c1146c140373a2f6e76225dd312c8fe4e4a30ecb85bbc18c8a7,ec9f25e6b68d12ca6182161cdc389e0da99a8cff29c47b015f1d07a6633e4cf0,consensus_benchmark_exact_v1,prompt_compiler_v2_split_g_f,309298242,pending,Q001,"{""Q001"": ""consensus_estimate_net_zero_before_2085""}",consensus_exact_step2,c444a6eac0c7b6cd317bc71d70e09e8e9d8b0a57308ceb8b4c11921129cc5ae1
G|LP0796|ConsensusExact|step2|attempt_1,G-c8f96e08d40bb783d71880ac157c2cf985547c8b,G,target,LP0796,Consensus,consensus_exact_step2_estimate,1,google/gemma-4-31B-it,0f3a288087bef64568ea2d1ef6fab4445cca9de4d9637e7f9032bbfc18072442,ec9f25e6b68d12ca6182161cdc389e0da99a8cff29c47b015f1d07a6633e4cf0,consensus_benchmark_exact_v1,prompt_compiler_v2_split_g_f,1711182743,pending,Q001,"{""Q001"": ""consensus_estimate_net_zero_before_2085""}",consensus_exact_step2,c444a6eac0c7b6cd317bc71d70e09e8e9d8b0a57308ceb8b4c11921129cc5ae1
G|LP0797|ConsensusExact|step2|attempt_1,G-6d2bac6ea7caa533dbd5eb83387490ba8c11717d,G,target,LP0797,Consensus,consensus_exact_step2_estimate,1,google/gemma-4-31B-it,ac90990fc688f392b56d0e764d859184b2e32b7c210d6bcb1d6414ddfbf3c83f,ec9f25e6b68d12ca6182161cdc389e0da99a8cff29c47b015f1d07a6633e4cf0,consensus_benchmark_exact_v1,prompt_compiler_v2_split_g_f,35782162,pending,Q001,"{""Q001"": ""consensus_estimate_net_zero_before_2085""}",consensus_exact_step2,c444a6eac0c7b6cd317bc71d70e09e8e9d8b0a57308ceb8b4c11921129cc5ae1
G|LP0798|ConsensusExact|step2|attempt_1,G-2347b72b5728b90ce0e661a40b5d39f165690a23,G,target,LP0798,Consensus,consensus_exact_step2_estimate,1,google/gemma-4-31B-it,2b8a630693e12c0a6b968126e6464e12e557161086b5066aa5865abca3bf26cd,ec9f25e6b68d12ca6182161cdc389e0da99a8cff29c47b015f1d07a6633e4cf0,consensus_benchmark_exact_v1,prompt_compiler_v2_split_g_f,498607971,pending,Q001,"{""Q001"": ""consensus_estimate_net_zero_before_2085""}",consensus_exact_step2,c444a6eac0c7b6cd317bc71d70e09e8e9d8b0a57308ceb8b4c11921129cc5ae1
G|LP0799|ConsensusExact|step2|attempt_1,G-ba71a9f5566f765433505150f977405c4ff0cffa,G,target,LP0799,Consensus,consensus_exact_step2_estimate,1,google/gemma-4-31B-it,743072811369b92f27505b0d72a145bb76a67c9cff6f9e7cb7ba8ac3e6488102,ec9f25e6b68d12ca6182161cdc389e0da99a8cff29c47b015f1d07a6633e4cf0,consensus_benchmark_exact_v1,prompt_compiler_v2_split_g_f,1263716929,pending,Q001,"{""Q001"": ""consensus_estimate_net_zero_before_2085""}",consensus_exact_step2,c444a6eac0c7b6cd317bc71d70e09e8e9d8b0a57308ceb8b4c11921129cc5ae1
G|LP0800|ConsensusExact|step2|attempt_1,G-1683ff5a9ef4a930158e42d7fb5ac3735ecb1f33,G,target,LP0800,Consensus,consensus_exact_step2_estimate,1,google/gemma-4-31B-it,a190c470565cb11f3c5f222f2f3bb6df78d1d74f6d85f06a0683da882ed10a4c,ec9f25e6b68d12ca6182161cdc389e0da99a8cff29c47b015f1d07a6633e4cf0,consensus_benchmark_exact_v1,prompt_compiler_v2_split_g_f,1274849253,pending,Q001,"{""Q001"": ""consensus_estimate_net_zero_before_2085""}",consensus_exact_step2,c444a6eac0c7b6cd317bc71d70e09e8e9d8b0a57308ceb8b4c11921129cc5ae1
G|LP0801|ConsensusExact|step2|attempt_1,G-de316e77b1ffe6357a9c771c0af0ee6dbbf2dac9,G,target,LP0801,Consensus,consensus_exact_step2_estimate,1,google/gemma-4-31B-it,9d40c1cd39595bc7f713d3eaec090eb41fe6813654d3182d17799d634e092e64,ec9f25e6b68d12ca6182161cdc389e0da99a8cff29c47b015f1d07a6633e4cf0,consensus_benchmark_exact_v1,prompt_compiler_v2_split_g_f,1851966247,pending,Q001,"{""Q001"": ""consensus_estimate_net_zero_before_2085""}",consensus_exact_step2,c444a6eac0c7b6cd317bc71d70e09e8e9d8b0a57308ceb8b4c11921129cc5ae1
G|LP0802|ConsensusExact|step2|attempt_1,G-d44462a808f7438d5601f526eb752e61bea8be9e,G,target,LP0802,Consensus,consensus_exact_step2_estimate,1,google/gemma-4-31B-it,11c83ffc081ea1902618e656aead11d549e60de3f0f8d7d6ffc402f27102ef67,ec9f25e6b68d12ca6182161cdc389e0da99a8cff29c47b015f1d07a6633e4cf0,consensus_benchmark_exact_v1,prompt_compiler_v2_split_g_f,830474464,pending,Q001,"{""Q001"": ""consensus_estimate_net_zero_before_2085""}",consensus_exact_step2,c444a6eac0c7b6cd317bc71d70e09e8e9d8b0a57308ceb8b4c11921129cc5ae1
G|LP0803|ConsensusExact|step2|attempt_1,G-fa1381d1ad9fe3fe591ee2746590c1b44e979a32,G,target,LP0803,Consensus,consensus_exact_step2_estimate,1,google/gemma-4-31B-it,2ed346547e1530d6347f9e6998484d97087af6f934bd67252f212a2d799e057b,ec9f25e6b68d12ca6182161cdc389e0da99a8cff29c47b015f1d07a6633e4cf0,consensus_benchmark_exact_v1,prompt_compiler_v2_split_g_f,566683557,pending,Q001,"{""Q001"": ""consensus_estimate_net_zero_before_2085""}",consensus_exact_step2,c444a6eac0c7b6cd317bc71d70e09e8e9d8b0a57308ceb8b4c11921129cc5ae1
G|LP0804|ConsensusExact|step2|attempt_1,G-3372e234bb786bc15cde8fb030ba0f37f50a9a02,G,target,LP0804,Consensus,consensus_exact_step2_estimate,1,google/gemma-4-31B-it,585a73087fe9cd44a07b4ce13c0144b0f09771b1febcfd93b5cdb1c456063b39,ec9f25e6b68d12ca6182161cdc389e0da99a8cff29c47b015f1d07a6633e4cf0,consensus_benchmark_exact_v1,prompt_compiler_v2_split_g_f,576598059,pending,Q001,"{""Q001"": ""consensus_estimate_net_zero_before_2085""}",consensus_exact_step2,c444a6eac0c7b6cd317bc71d70e09e8e9d8b0a57308ceb8b4c11921129cc5ae1
G|LP0805|ConsensusExact|step2|attempt_1,G-53e4e716d4e98db3ab0c6bd9a320a968e4a42559,G,target,LP0805,Consensus,consensus_exact_step2_estimate,1,google/gemma-4-31B-it,5f6a42e4e42306748719570bae0e9f238f58c6f7497e8936db90dde3aea840c6,ec9f25e6b68d12ca6182161cdc389e0da99a8cff29c47b015f1d07a6633e4cf0,consensus_benchmark_exact_v1,prompt_compiler_v2_split_g_f,2092129249,pending,Q001,"{""Q001"": ""consensus_estimate_net_zero_before_2085""}",consensus_exact_step2,c444a6eac0c7b6cd317bc71d70e09e8e9d8b0a57308ceb8b4c11921129cc5ae1
G|LP0806|ConsensusExact|step2|attempt_1,G-e7ab41695fbeb1af43a64168d460ff4a1d81b5a6,G,target,LP0806,Consensus,consensus_exact_step2_estimate,1,google/gemma-4-31B-it,15b93fe81fbe1b9a3225c47d20e7ccc842e3b8a0a70be5de1b81032df44c4901,ec9f25e6b68d12ca6182161cdc389e0da99a8cff29c47b015f1d07a6633e4cf0,consensus_benchmark_exact_v1,prompt_compiler_v2_split_g_f,789918853,pending,Q001,"{""Q001"": ""consensus_estimate_net_zero_before_2085""}",consensus_exact_step2,c444a6eac0c7b6cd317bc71d70e09e8e9d8b0a57308ceb8b4c11921129cc5ae1
G|LP0807|ConsensusExact|step2|attempt_1,G-aa57e872279c2e35728ea95be8cadc4d1c6cf0b4,G,target,LP0807,Consensus,consensus_exact_step2_estimate,1,google/gemma-4-31B-it,26cef834a88d1de1a16013ace268fa399d1574ec325b9442a34eed90624d9f26,ec9f25e6b68d12ca6182161cdc389e0da99a8cff29c47b015f1d07a6633e4cf0,consensus_benchmark_exact_v1,prompt_compiler_v2_split_g_f,2085355291,pending,Q001,"{""Q001"": ""consensus_estimate_net_zero_before_2085""}",consensus_exact_step2,c444a6eac0c7b6cd317bc71d70e09e8e9d8b0a57308ceb8b4c11921129cc5ae1
G|LP0808|ConsensusExact|step2|attempt_1,G-7a0735adfddaea578a0d0f8535772f545d28ffff,G,target,LP0808,Consensus,consensus_exact_step2_estimate,1,google/gemma-4-31B-it,5cf7bd763f025ffbcc4e35930940267f26f836916611287c10872a2e98cf9b91,ec9f25e6b68d12ca6182161cdc389e0da99a8cff29c47b015f1d07a6633e4cf0,consensus_benchmark_exact_v1,prompt_compiler_v2_split_g_f,1911117236,pending,Q001,"{""Q001"": ""consensus_estimate_net_zero_before_2085""}",consensus_exact_step2,c444a6eac0c7b6cd317bc71d70e09e8e9d8b0a57308ceb8b4c11921129cc5ae1
G|LP0809|ConsensusExact|step2|attempt_1,G-1b070746f2bc19b44242b503fc18380bcd38e691,G,target,LP0809,Consensus,consensus_exact_step2_estimate,1,google/gemma-4-31B-it,f6e38e4dea2c2bd4513800391d61026dbb07cf7ab4f376795db342b06e269dc5,ec9f25e6b68d12ca6182161cdc389e0da99a8cff29c47b015f1d07a6633e4cf0,consensus_benchmark_exact_v1,prompt_compiler_v2_split_g_f,684337218,pending,Q001,"{""Q001"": ""consensus_estimate_net_zero_before_2085""}",consensus_exact_step2,c444a6eac0c7b6cd317bc71d70e09e8e9d8b0a57308ceb8b4c11921129cc5ae1
G|LP0810|ConsensusExact|step2|attempt_1,G-7a823081e8c61fec80c5d96ff29fd719f37d4668,G,target,LP0810,Consensus,consensus_exact_step2_estimate,1,google/gemma-4-31B-it,46c06b221eb51f51efd619728297fb86c46776394ce97882b8d16855be793690,ec9f25e6b68d12ca6182161cdc389e0da99a8cff29c47b015f1d07a6633e4cf0,consensus_benchmark_exact_v1,prompt_compiler_v2_split_g_f,1573552369,pending,Q001,"{""Q001"": ""consensus_estimate_net_zero_before_2085""}",consensus_exact_step2,c444a6eac0c7b6cd317bc71d70e09e8e9d8b0a57308ceb8b4c11921129cc5ae1
G|LP0811|ConsensusExact|step2|attempt_1,G-500ba6d4493d046f2f3493930563c18cd89800b3,G,target,LP0811,Consensus,consensus_exact_step2_estimate,1,google/gemma-4-31B-it,f6a77413c50fe4b5ca9331f78dc6822e68512412eb8fb95e75d036579606bf12,ec9f25e6b68d12ca6182161cdc389e0da99a8cff29c47b015f1d07a6633e4cf0,consensus_benchmark_exact_v1,prompt_compiler_v2_split_g_f,1767133720,pending,Q001,"{""Q001"": ""consensus_estimate_net_zero_before_2085""}",consensus_exact_step2,c444a6eac0c7b6cd317bc71d70e09e8e9d8b0a57308ceb8b4c11921129cc5ae1
G|LP0812|ConsensusExact|step2|attempt_1,G-e6f9e0122df7073ecea0143db033ba6f1ae7cf69,G,target,LP0812,Consensus,consensus_exact_step2_estimate,1,google/gemma-4-31B-it,a2b94d987644e1e2d0cadeb48d4f62a716ef9f8c5c3c7d5079cfb97c1736080b,ec9f25e6b68d12ca6182161cdc389e0da99a8cff29c47b015f1d07a6633e4cf0,consensus_benchmark_exact_v1,prompt_compiler_v2_split_g_f,2078984037,pending,Q001,"{""Q001"": ""consensus_estimate_net_zero_before_2085""}",consensus_exact_step2,c444a6eac0c7b6cd317bc71d70e09e8e9d8b0a57308ceb8b4c11921129cc5ae1
G|LP0813|ConsensusExact|step2|attempt_1,G-d3603eb21264bcd3ff29efa6560473018e3cd1de,G,target,LP0813,Consensus,consensus_exact_step2_estimate,1,google/gemma-4-31B-it,0002c648461fb4c1e93a5e6a3267b8922ad3559e3cb49fe569320bf21a178bc5,ec9f25e6b68d12ca6182161cdc389e0da99a8cff29c47b015f1d07a6633e4cf0,consensus_benchmark_exact_v1,prompt_compiler_v2_split_g_f,958741050,pending,Q001,"{""Q001"": ""consensus_estimate_net_zero_before_2085""}",consensus_exact_step2,c444a6eac0c7b6cd317bc71d70e09e8e9d8b0a57308ceb8b4c11921129cc5ae1
G|LP0814|ConsensusExact|step2|attempt_1,G-631c37c36eaf864bacd77c24c76f0b9ee2c5ce38,G,target,LP0814,Consensus,consensus_exact_step2_estimate,1,google/gemma-4-31B-it,5035dcf27adbb81e9c84e08fc08e436084b9957915b5d9059c9236be4caad787,ec9f25e6b68d12ca6182161cdc389e0da99a8cff29c47b015f1d07a6633e4cf0,consensus_benchmark_exact_v1,prompt_compiler_v2_split_g_f,887616979,pending,Q001,"{""Q001"": ""consensus_estimate_net_zero_before_2085""}",consensus_exact_step2,c444a6eac0c7b6cd317bc71d70e09e8e9d8b0a57308ceb8b4c11921129cc5ae1
G|LP0815|ConsensusExact|step2|attempt_1,G-fe55fbc738f0bab1f326f45ea6904d33d920cdd8,G,target,LP0815,Consensus,consensus_exact_step2_estimate,1,google/gemma-4-31B-it,aa43168e4bfdcabbbce2d86f0d7948329c328430af965812f54e006d2636249a,ec9f25e6b68d12ca6182161cdc389e0da99a8cff29c47b015f1d07a6633e4cf0,consensus_benchmark_exact_v1,prompt_compiler_v2_split_g_f,899461699,pending,Q001,"{""Q001"": ""consensus_estimate_net_zero_before_2085""}",consensus_exact_step2,c444a6eac0c7b6cd317bc71d70e09e8e9d8b0a57308ceb8b4c11921129cc5ae1
G|LP0816|ConsensusExact|step2|attempt_1,G-804e9e537dc3cc5757db068f33f846f82651eeee,G,target,LP0816,Consensus,consensus_exact_step2_estimate,1,google/gemma-4-31B-it,114a0a4826b285ddc5bfac6cd238c1771a78d909f565bd03d863b9ae81f478ac,ec9f25e6b68d12ca6182161cdc389e0da99a8cff29c47b015f1d07a6633e4cf0,consensus_benchmark_exact_v1,prompt_compiler_v2_split_g_f,2120288511,pending,Q001,"{""Q001"": ""consensus_estimate_net_zero_before_2085""}",consensus_exact_step2,c444a6eac0c7b6cd317bc71d70e09e8e9d8b0a57308ceb8b4c11921129cc5ae1
G|LP0817|ConsensusExact|step2|attempt_1,G-084fd01768f78a34d375cd15ebb31b41dd0e7380,G,target,LP0817,Consensus,consensus_exact_step2_estimate,1,google/gemma-4-31B-it,05b0756682ebc43202b7ec9cdf427bbbf86429baaa26697330daeeb926e38826,ec9f25e6b68d12ca6182161cdc389e0da99a8cff29c47b015f1d07a6633e4cf0,consensus_benchmark_exact_v1,prompt_compiler_v2_split_g_f,2039949922,pending,Q001,"{""Q001"": ""consensus_estimate_net_zero_before_2085""}",consensus_exact_step2,c444a6eac0c7b6cd317bc71d70e09e8e9d8b0a57308ceb8b4c11921129cc5ae1
G|LP0818|ConsensusExact|step2|attempt_1,G-daf018f8b2fb8070692ca4b316e8238346c2273d,G,target,LP0818,Consensus,consensus_exact_step2_estimate,1,google/gemma-4-31B-it,b58c3f926ac054d375141ce88feecd898a8a75d78fe762f1fd01f5d1a2ff6b7b,ec9f25e6b68d12ca6182161cdc389e0da99a8cff29c47b015f1d07a6633e4cf0,consensus_benchmark_exact_v1,prompt_compiler_v2_split_g_f,1759228516,pending,Q001,"{""Q001"": ""consensus_estimate_net_zero_before_2085""}",consensus_exact_step2,c444a6eac0c7b6cd317bc71d70e09e8e9d8b0a57308ceb8b4c11921129cc5ae1
G|LP0819|ConsensusExact|step2|attempt_1,G-66a28d1209c8c205b83d9da6bed06d5e16343f34,G,target,LP0819,Consensus,consensus_exact_step2_estimate,1,google/gemma-4-31B-it,6e145c6e6fcbea198d0dc2d2c20d72f4f82195d807f193576332933a2d82897e,ec9f25e6b68d12ca6182161cdc389e0da99a8cff29c47b015f1d07a6633e4cf0,consensus_benchmark_exact_v1,prompt_compiler_v2_split_g_f,1460526122,pending,Q001,"{""Q001"": ""consensus_estimate_net_zero_before_2085""}",consensus_exact_step2,c444a6eac0c7b6cd317bc71d70e09e8e9d8b0a57308ceb8b4c11921129cc5ae1
G|LP0820|ConsensusExact|step2|attempt_1,G-db624ec2d01c47407629a13f27a5f8abc5fdd8b4,G,target,LP0820,Consensus,consensus_exact_step2_estimate,1,google/gemma-4-31B-it,2001f90d4a04a2daee1c7e9ad61659505e979ff8833398e9c38b37894a09b1b7,ec9f25e6b68d12ca6182161cdc389e0da99a8cff29c47b015f1d07a6633e4cf0,consensus_benchmark_exact_v1,prompt_compiler_v2_split_g_f,115401929,pending,Q001,"{""Q001"": ""consensus_estimate_net_zero_before_2085""}",consensus_exact_step2,c444a6eac0c7b6cd317bc71d70e09e8e9d8b0a57308ceb8b4c11921129cc5ae1
G|LP0821|ConsensusExact|step2|attempt_1,G-0365f809b5b7677a67961ca23acb39a4e7358414,G,target,LP0821,Consensus,consensus_exact_step2_estimate,1,google/gemma-4-31B-it,71e1bfc4fb8b0bf4c01a10d3047aef5156c43765121def62ce9e1cf674c937f3,ec9f25e6b68d12ca6182161cdc389e0da99a8cff29c47b015f1d07a6633e4cf0,consensus_benchmark_exact_v1,prompt_compiler_v2_split_g_f,1015240589,pending,Q001,"{""Q001"": ""consensus_estimate_net_zero_before_2085""}",consensus_exact_step2,c444a6eac0c7b6cd317bc71d70e09e8e9d8b0a57308ceb8b4c11921129cc5ae1
G|LP0822|ConsensusExact|step2|attempt_1,G-1ccb3e0d41e4a36e3147fcefb0334b1361896d5a,G,target,LP0822,Consensus,consensus_exact_step2_estimate,1,google/gemma-4-31B-it,b221eaa839881c5026a1cd1b21f60440f6975f9845d11576af62a2e34fbc29fa,ec9f25e6b68d12ca6182161cdc389e0da99a8cff29c47b015f1d07a6633e4cf0,consensus_benchmark_exact_v1,prompt_compiler_v2_split_g_f,2071666568,pending,Q001,"{""Q001"": ""consensus_estimate_net_zero_before_2085""}",consensus_exact_step2,c444a6eac0c7b6cd317bc71d70e09e8e9d8b0a57308ceb8b4c11921129cc5ae1
G|LP0823|ConsensusExact|step2|attempt_1,G-07c0f537413b1f5777dcc0204d82a3993bdaa076,G,target,LP0823,Consensus,consensus_exact_step2_estimate,1,google/gemma-4-31B-it,6c6f873ea9fcfa3b72c2098320f44543cb3f29d788c0aea77eca7f1efa2717bb,ec9f25e6b68d12ca6182161cdc389e0da99a8cff29c47b015f1d07a6633e4cf0,consensus_benchmark_exact_v1,prompt_compiler_v2_split_g_f,1354566085,pending,Q001,"{""Q001"": ""consensus_estimate_net_zero_before_2085""}",consensus_exact_step2,c444a6eac0c7b6cd317bc71d70e09e8e9d8b0a57308ceb8b4c11921129cc5ae1
G|LP0824|ConsensusExact|step2|attempt_1,G-d38b9c5673557e2cc1f74be67d27d7d0fdeed68c,G,target,LP0824,Consensus,consensus_exact_step2_estimate,1,google/gemma-4-31B-it,9c123841ed6b4796349ef181d53850d73b6fc78d4285a5baa1fae12da486dabd,ec9f25e6b68d12ca6182161cdc389e0da99a8cff29c47b015f1d07a6633e4cf0,consensus_benchmark_exact_v1,prompt_compiler_v2_split_g_f,443332316,pending,Q001,"{""Q001"": ""consensus_estimate_net_zero_before_2085""}",consensus_exact_step2,c444a6eac0c7b6cd317bc71d70e09e8e9d8b0a57308ceb8b4c11921129cc5ae1
G|LP0825|ConsensusExact|step2|attempt_1,G-17b749fcbb1cda4e06e695092864db3529c7bc99,G,target,LP0825,Consensus,consensus_exact_step2_estimate,1,google/gemma-4-31B-it,2287e42202234bd6caabf42638251d10752fe8d64d84daed08f54d79a5144c61,ec9f25e6b68d12ca6182161cdc389e0da99a8cff29c47b015f1d07a6633e4cf0,consensus_benchmark_exact_v1,prompt_compiler_v2_split_g_f,1787522631,pending,Q001,"{""Q001"": ""consensus_estimate_net_zero_before_2085""}",consensus_exact_step2,c444a6eac0c7b6cd317bc71d70e09e8e9d8b0a57308ceb8b4c11921129cc5ae1
G|LP0826|ConsensusExact|step2|attempt_1,G-5789cdbd66c1c4b50c6386a9534a12ad801360a1,G,target,LP0826,Consensus,consensus_exact_step2_estimate,1,google/gemma-4-31B-it,5fac8bb461c7afa744087efb5a9bf4928751f68f46978edfdaf9734935deca34,ec9f25e6b68d12ca6182161cdc389e0da99a8cff29c47b015f1d07a6633e4cf0,consensus_benchmark_exact_v1,prompt_compiler_v2_split_g_f,366305329,pending,Q001,"{""Q001"": ""consensus_estimate_net_zero_before_2085""}",consensus_exact_step2,c444a6eac0c7b6cd317bc71d70e09e8e9d8b0a57308ceb8b4c11921129cc5ae1
G|LP0827|ConsensusExact|step2|attempt_1,G-69b504ec7de1cb7d0a0eeae41702bdd89817da4a,G,target,LP0827,Consensus,consensus_exact_step2_estimate,1,google/gemma-4-31B-it,e1c6ef0c57cbf7b40d37b8f6beee56293da26a8c1056313f631bd3194b79b3f6,ec9f25e6b68d12ca6182161cdc389e0da99a8cff29c47b015f1d07a6633e4cf0,consensus_benchmark_exact_v1,prompt_compiler_v2_split_g_f,1363924311,pending,Q001,"{""Q001"": ""consensus_estimate_net_zero_before_2085""}",consensus_exact_step2,c444a6eac0c7b6cd317bc71d70e09e8e9d8b0a57308ceb8b4c11921129cc5ae1
G|LP0828|ConsensusExact|step2|attempt_1,G-b5952acb4ebd2a9b63498be018f460c2c30930c0,G,target,LP0828,Consensus,consensus_exact_step2_estimate,1,google/gemma-4-31B-it,e2d3d7f5c8c79e3e70eba5a8e16be3b85f40d0f0eeb09494ef9596f85ab5d4ac,ec9f25e6b68d12ca6182161cdc389e0da99a8cff29c47b015f1d07a6633e4cf0,consensus_benchmark_exact_v1,prompt_compiler_v2_split_g_f,971472948,pending,Q001,"{""Q001"": ""consensus_estimate_net_zero_before_2085""}",consensus_exact_step2,c444a6eac0c7b6cd317bc71d70e09e8e9d8b0a57308ceb8b4c11921129cc5ae1
G|LP0829|ConsensusExact|step2|attempt_1,G-fd235e9c68fdb82a9d2b12e72013a279a6936098,G,target,LP0829,Consensus,consensus_exact_step2_estimate,1,google/gemma-4-31B-it,bd48f0ef5b184673161c907b3b499d2e59c5c2b076155749f2a32c8c292e4256,ec9f25e6b68d12ca6182161cdc389e0da99a8cff29c47b015f1d07a6633e4cf0,consensus_benchmark_exact_v1,prompt_compiler_v2_split_g_f,1665430886,pending,Q001,"{""Q001"": ""consensus_estimate_net_zero_before_2085""}",consensus_exact_step2,c444a6eac0c7b6cd317bc71d70e09e8e9d8b0a57308ceb8b4c11921129cc5ae1
G|LP0830|ConsensusExact|step2|attempt_1,G-6690872faea85b339b957b2a378491e18f9973f0,G,target,LP0830,Consensus,consensus_exact_step2_estimate,1,google/gemma-4-31B-it,af4391723ab12a7179fe555b4bb969291ebd96db82994b39b1aec247755a6601,ec9f25e6b68d12ca6182161cdc389e0da99a8cff29c47b015f1d07a6633e4cf0,consensus_benchmark_exact_v1,prompt_compiler_v2_split_g_f,2076797331,pending,Q001,"{""Q001"": ""consensus_estimate_net_zero_before_2085""}",consensus_exact_step2,c444a6eac0c7b6cd317bc71d70e09e8e9d8b0a57308ceb8b4c11921129cc5ae1
G|LP0831|ConsensusExact|step2|attempt_1,G-947d7ed32747cc64a8cb4ca322835c1acd0643a8,G,target,LP0831,Consensus,consensus_exact_step2_estimate,1,google/gemma-4-31B-it,85b9d01d54e31ed95ccc7eb6fdfbef821a78ce0f027efdc3d9618bea5ca12838,ec9f25e6b68d12ca6182161cdc389e0da99a8cff29c47b015f1d07a6633e4cf0,consensus_benchmark_exact_v1,prompt_compiler_v2_split_g_f,1346554380,pending,Q001,"{""Q001"": ""consensus_estimate_net_zero_before_2085""}",consensus_exact_step2,c444a6eac0c7b6cd317bc71d70e09e8e9d8b0a57308ceb8b4c11921129cc5ae1
G|LP0832|ConsensusExact|step2|attempt_1,G-56ffbd7af6ee5a4b6b7a5abecbdda18160299702,G,target,LP0832,Consensus,consensus_exact_step2_estimate,1,google/gemma-4-31B-it,1e12649f8e0e5e59591707348bfa0a86c3243ee53258055728e7fd727a751dfb,ec9f25e6b68d12ca6182161cdc389e0da99a8cff29c47b015f1d07a6633e4cf0,consensus_benchmark_exact_v1,prompt_compiler_v2_split_g_f,619566402,pending,Q001,"{""Q001"": ""consensus_estimate_net_zero_before_2085""}",consensus_exact_step2,c444a6eac0c7b6cd317bc71d70e09e8e9d8b0a57308ceb8b4c11921129cc5ae1
G|LP0833|ConsensusExact|step2|attempt_1,G-ee1067bdb5196b9d166afc1186fe2e472d44af63,G,target,LP0833,Consensus,consensus_exact_step2_estimate,1,google/gemma-4-31B-it,43df387ab82a8d6e67760ee11a9922a485295182f44d13b1101cf9bcd12c2986,ec9f25e6b68d12ca6182161cdc389e0da99a8cff29c47b015f1d07a6633e4cf0,consensus_benchmark_exact_v1,prompt_compiler_v2_split_g_f,289028892,pending,Q001,"{""Q001"": ""consensus_estimate_net_zero_before_2085""}",consensus_exact_step2,c444a6eac0c7b6cd317bc71d70e09e8e9d8b0a57308ceb8b4c11921129cc5ae1
G|LP0834|ConsensusExact|step2|attempt_1,G-5df1aab5985e58c0e5c9670808b6deaf10be31a9,G,target,LP0834,Consensus,consensus_exact_step2_estimate,1,google/gemma-4-31B-it,23f6087473a73ac85d99af9016a3c1cb83f6977c48e69e7ec61d511aa72c3d97,ec9f25e6b68d12ca6182161cdc389e0da99a8cff29c47b015f1d07a6633e4cf0,consensus_benchmark_exact_v1,prompt_compiler_v2_split_g_f,1413590572,pending,Q001,"{""Q001"": ""consensus_estimate_net_zero_before_2085""}",consensus_exact_step2,c444a6eac0c7b6cd317bc71d70e09e8e9d8b0a57308ceb8b4c11921129cc5ae1
G|LP0835|ConsensusExact|step2|attempt_1,G-b6a7e76635a6a2921a94fb78f85976c08bd024f2,G,target,LP0835,Consensus,consensus_exact_step2_estimate,1,google/gemma-4-31B-it,6f7df8dbba09130cbe8216289d02633f2f46dfaff11c144d706eafcf1ff7f0d7,ec9f25e6b68d12ca6182161cdc389e0da99a8cff29c47b015f1d07a6633e4cf0,consensus_benchmark_exact_v1,prompt_compiler_v2_split_g_f,586576225,pending,Q001,"{""Q001"": ""consensus_estimate_net_zero_before_2085""}",consensus_exact_step2,c444a6eac0c7b6cd317bc71d70e09e8e9d8b0a57308ceb8b4c11921129cc5ae1
G|LP0836|ConsensusExact|step2|attempt_1,G-851ab09eaf004aaed690db10d8e54763d265449a,G,target,LP0836,Consensus,consensus_exact_step2_estimate,1,google/gemma-4-31B-it,5c80a0d86f6d573a5180aca9d9fdccf97f3054cdcaf5da738da494c07dff833e,ec9f25e6b68d12ca6182161cdc389e0da99a8cff29c47b015f1d07a6633e4cf0,consensus_benchmark_exact_v1,prompt_compiler_v2_split_g_f,959818733,pending,Q001,"{""Q001"": ""consensus_estimate_net_zero_before_2085""}",consensus_exact_step2,c444a6eac0c7b6cd317bc71d70e09e8e9d8b0a57308ceb8b4c11921129cc5ae1
G|LP0837|ConsensusExact|step2|attempt_1,G-df144e41753237bd36245528c4a72752c762c1cc,G,target,LP0837,Consensus,consensus_exact_step2_estimate,1,google/gemma-4-31B-it,95ef28de2a39ac5cf6acd62151cdd2d18d01b4c3cd592d1df685e561133fce69,ec9f25e6b68d12ca6182161cdc389e0da99a8cff29c47b015f1d07a6633e4cf0,consensus_benchmark_exact_v1,prompt_compiler_v2_split_g_f,861590595,pending,Q001,"{""Q001"": ""consensus_estimate_net_zero_before_2085""}",consensus_exact_step2,c444a6eac0c7b6cd317bc71d70e09e8e9d8b0a57308ceb8b4c11921129cc5ae1
G|LP0838|ConsensusExact|step2|attempt_1,G-a08935f95b90bf6fdc492a3eec6de0cadc53c90d,G,target,LP0838,Consensus,consensus_exact_step2_estimate,1,google/gemma-4-31B-it,403a2aa7220495dde5348a553df1f1e39a79f4a47b9153e5e1964184408fdcb0,ec9f25e6b68d12ca6182161cdc389e0da99a8cff29c47b015f1d07a6633e4cf0,consensus_benchmark_exact_v1,prompt_compiler_v2_split_g_f,480455524,pending,Q001,"{""Q001"": ""consensus_estimate_net_zero_before_2085""}",consensus_exact_step2,c444a6eac0c7b6cd317bc71d70e09e8e9d8b0a57308ceb8b4c11921129cc5ae1
G|LP0839|ConsensusExact|step2|attempt_1,G-d4135799f7946de6c5125e170fa6865c1e67b4ac,G,target,LP0839,Consensus,consensus_exact_step2_estimate,1,google/gemma-4-31B-it,cab79b67485243f297f11e4bcf18d4dc91d9dafa8e4f5f2b908f2b74f61ef1b2,ec9f25e6b68d12ca6182161cdc389e0da99a8cff29c47b015f1d07a6633e4cf0,consensus_benchmark_exact_v1,prompt_compiler_v2_split_g_f,532356381,pending,Q001,"{""Q001"": ""consensus_estimate_net_zero_before_2085""}",consensus_exact_step2,c444a6eac0c7b6cd317bc71d70e09e8e9d8b0a57308ceb8b4c11921129cc5ae1
G|LP0840|ConsensusExact|step2|attempt_1,G-a7149f1e7a9a27516f23fd92cccf0136f8b49774,G,target,LP0840,Consensus,consensus_exact_step2_estimate,1,google/gemma-4-31B-it,01c495a4eb1431335d74d6c7cb7f67898197eb1226442f136e2b926b5e1fa02d,ec9f25e6b68d12ca6182161cdc389e0da99a8cff29c47b015f1d07a6633e4cf0,consensus_benchmark_exact_v1,prompt_compiler_v2_split_g_f,1220765072,pending,Q001,"{""Q001"": ""consensus_estimate_net_zero_before_2085""}",consensus_exact_step2,c444a6eac0c7b6cd317bc71d70e09e8e9d8b0a57308ceb8b4c11921129cc5ae1
G|LP0841|ConsensusExact|step2|attempt_1,G-7df05a3b1363d9d15a486a3d62f53843d8bfbd4a,G,target,LP0841,Consensus,consensus_exact_step2_estimate,1,google/gemma-4-31B-it,8d3638baadda7d8ed3d92029880012b715f85b659ecbaec26828c60daca51130,ec9f25e6b68d12ca6182161cdc389e0da99a8cff29c47b015f1d07a6633e4cf0,consensus_benchmark_exact_v1,prompt_compiler_v2_split_g_f,256151113,pending,Q001,"{""Q001"": ""consensus_estimate_net_zero_before_2085""}",consensus_exact_step2,c444a6eac0c7b6cd317bc71d70e09e8e9d8b0a57308ceb8b4c11921129cc5ae1
G|LP0842|ConsensusExact|step2|attempt_1,G-12b4e784d8ac524cc5f2ed8509192a44ff578131,G,target,LP0842,Consensus,consensus_exact_step2_estimate,1,google/gemma-4-31B-it,12a57132421bc643cc48c566a0d9c3d0ee86780ea63c701fa1c44ef9e2ff12a9,ec9f25e6b68d12ca6182161cdc389e0da99a8cff29c47b015f1d07a6633e4cf0,consensus_benchmark_exact_v1,prompt_compiler_v2_split_g_f,2115379541,pending,Q001,"{""Q001"": ""consensus_estimate_net_zero_before_2085""}",consensus_exact_step2,c444a6eac0c7b6cd317bc71d70e09e8e9d8b0a57308ceb8b4c11921129cc5ae1
G|LP0843|ConsensusExact|step2|attempt_1,G-588a108878687c0960acd06c28a933890862a8c2,G,target,LP0843,Consensus,consensus_exact_step2_estimate,1,google/gemma-4-31B-it,3c19637cbd84b21afaba58511b427d7018df0f1a74bb4302cfacbbba6fb75fc0,ec9f25e6b68d12ca6182161cdc389e0da99a8cff29c47b015f1d07a6633e4cf0,consensus_benchmark_exact_v1,prompt_compiler_v2_split_g_f,696032539,pending,Q001,"{""Q001"": ""consensus_estimate_net_zero_before_2085""}",consensus_exact_step2,c444a6eac0c7b6cd317bc71d70e09e8e9d8b0a57308ceb8b4c11921129cc5ae1
G|LP0844|ConsensusExact|step2|attempt_1,G-39fce16206517105b19cba7af59f856667666035,G,target,LP0844,Consensus,consensus_exact_step2_estimate,1,google/gemma-4-31B-it,08fb135672f6ca0f18d6693dd7f4914723d53acba6bd1fb9d885082de02fc5b1,ec9f25e6b68d12ca6182161cdc389e0da99a8cff29c47b015f1d07a6633e4cf0,consensus_benchmark_exact_v1,prompt_compiler_v2_split_g_f,2051748809,pending,Q001,"{""Q001"": ""consensus_estimate_net_zero_before_2085""}",consensus_exact_step2,c444a6eac0c7b6cd317bc71d70e09e8e9d8b0a57308ceb8b4c11921129cc5ae1
G|LP0845|ConsensusExact|step2|attempt_1,G-66cbf0a0e646d54a87c19d6b0c5a43cc6e6facff,G,target,LP0845,Consensus,consensus_exact_step2_estimate,1,google/gemma-4-31B-it,010a25a352846daa663c96e92a6d559e913d0623f6e23d1b1dcdf432dc9032db,ec9f25e6b68d12ca6182161cdc389e0da99a8cff29c47b015f1d07a6633e4cf0,consensus_benchmark_exact_v1,prompt_compiler_v2_split_g_f,870233741,pending,Q001,"{""Q001"": ""consensus_estimate_net_zero_before_2085""}",consensus_exact_step2,c444a6eac0c7b6cd317bc71d70e09e8e9d8b0a57308ceb8b4c11921129cc5ae1
G|LP0846|ConsensusExact|step2|attempt_1,G-84e11a24beac051760d63b00ee5dce85c95ad562,G,target,LP0846,Consensus,consensus_exact_step2_estimate,1,google/gemma-4-31B-it,6b5e122408905b29c83ec0763ed4f05d91dade5917e81ef9b6ae569369325ce3,ec9f25e6b68d12ca6182161cdc389e0da99a8cff29c47b015f1d07a6633e4cf0,consensus_benchmark_exact_v1,prompt_compiler_v2_split_g_f,1215183202,pending,Q001,"{""Q001"": ""consensus_estimate_net_zero_before_2085""}",consensus_exact_step2,c444a6eac0c7b6cd317bc71d70e09e8e9d8b0a57308ceb8b4c11921129cc5ae1
G|LP0847|ConsensusExact|step2|attempt_1,G-2a5806de829412976625b37f89d215ae07cf60d2,G,target,LP0847,Consensus,consensus_exact_step2_estimate,1,google/gemma-4-31B-it,6e4ce5ca12c922e3683d42b59f7c3ba54b53d2cf883c572cd4fbcf7c0d6e4f98,ec9f25e6b68d12ca6182161cdc389e0da99a8cff29c47b015f1d07a6633e4cf0,consensus_benchmark_exact_v1,prompt_compiler_v2_split_g_f,1464082516,pending,Q001,"{""Q001"": ""consensus_estimate_net_zero_before_2085""}",consensus_exact_step2,c444a6eac0c7b6cd317bc71d70e09e8e9d8b0a57308ceb8b4c11921129cc5ae1
G|LP0848|ConsensusExact|step2|attempt_1,G-5c5d5077140e9a33103a41ad8f3c44b7fbe9f556,G,target,LP0848,Consensus,consensus_exact_step2_estimate,1,google/gemma-4-31B-it,ca984241d6f84ff3270219114ec5e7bf592601e518e18ed924fff399aa081d62,ec9f25e6b68d12ca6182161cdc389e0da99a8cff29c47b015f1d07a6633e4cf0,consensus_benchmark_exact_v1,prompt_compiler_v2_split_g_f,1288256290,pending,Q001,"{""Q001"": ""consensus_estimate_net_zero_before_2085""}",consensus_exact_step2,c444a6eac0c7b6cd317bc71d70e09e8e9d8b0a57308ceb8b4c11921129cc5ae1
G|LP0849|ConsensusExact|step2|attempt_1,G-fbbf559517cd58930041693ee9cc98a10d20670b,G,target,LP0849,Consensus,consensus_exact_step2_estimate,1,google/gemma-4-31B-it,2194bff0ec928ad799f807995cf5ee44ab9c52906ab46b7a91eb54b081963948,ec9f25e6b68d12ca6182161cdc389e0da99a8cff29c47b015f1d07a6633e4cf0,consensus_benchmark_exact_v1,prompt_compiler_v2_split_g_f,256639937,pending,Q001,"{""Q001"": ""consensus_estimate_net_zero_before_2085""}",consensus_exact_step2,c444a6eac0c7b6cd317bc71d70e09e8e9d8b0a57308ceb8b4c11921129cc5ae1
G|LP0850|ConsensusExact|step2|attempt_1,G-2394bd71ab3eceac4532100b4e3bb1fc0a2f0a48,G,target,LP0850,Consensus,consensus_exact_step2_estimate,1,google/gemma-4-31B-it,8cbba544e2b420465cabbe51bed20c2c49b6742f19e0c48411ce4737e81ebfd4,ec9f25e6b68d12ca6182161cdc389e0da99a8cff29c47b015f1d07a6633e4cf0,consensus_benchmark_exact_v1,prompt_compiler_v2_split_g_f,1919437199,pending,Q001,"{""Q001"": ""consensus_estimate_net_zero_before_2085""}",consensus_exact_step2,c444a6eac0c7b6cd317bc71d70e09e8e9d8b0a57308ceb8b4c11921129cc5ae1
G|LP0851|ConsensusExact|step2|attempt_1,G-b21f1f02594436d9b759afb7bd027216b3d58cb1,G,target,LP0851,Consensus,consensus_exact_step2_estimate,1,google/gemma-4-31B-it,ed1733b32ef2e1b2abb4976c2e956285d5c2cb79a4886cbff8db3d3859119592,ec9f25e6b68d12ca6182161cdc389e0da99a8cff29c47b015f1d07a6633e4cf0,consensus_benchmark_exact_v1,prompt_compiler_v2_split_g_f,1031959776,pending,Q001,"{""Q001"": ""consensus_estimate_net_zero_before_2085""}",consensus_exact_step2,c444a6eac0c7b6cd317bc71d70e09e8e9d8b0a57308ceb8b4c11921129cc5ae1
G|LP0852|ConsensusExact|step2|attempt_1,G-583a5d7b5fcbbbd9907691889df4dfed5e915217,G,target,LP0852,Consensus,consensus_exact_step2_estimate,1,google/gemma-4-31B-it,d5cce35882bb465c2493b0cc1cc6d233c6fb2e9b0db355e454a419280b83d17d,ec9f25e6b68d12ca6182161cdc389e0da99a8cff29c47b015f1d07a6633e4cf0,consensus_benchmark_exact_v1,prompt_compiler_v2_split_g_f,272660177,pending,Q001,"{""Q001"": ""consensus_estimate_net_zero_before_2085""}",consensus_exact_step2,c444a6eac0c7b6cd317bc71d70e09e8e9d8b0a57308ceb8b4c11921129cc5ae1
G|LP0853|ConsensusExact|step2|attempt_1,G-c32dc9c24ac613d77e66536b140917ce82a260ae,G,target,LP0853,Consensus,consensus_exact_step2_estimate,1,google/gemma-4-31B-it,5b31b5bc0a02a306ec580d5a13cc720a7bc7820bf7472ab970f27753c39e98d5,ec9f25e6b68d12ca6182161cdc389e0da99a8cff29c47b015f1d07a6633e4cf0,consensus_benchmark_exact_v1,prompt_compiler_v2_split_g_f,1361160030,pending,Q001,"{""Q001"": ""consensus_estimate_net_zero_before_2085""}",consensus_exact_step2,c444a6eac0c7b6cd317bc71d70e09e8e9d8b0a57308ceb8b4c11921129cc5ae1
G|LP0854|ConsensusExact|step2|attempt_1,G-cf518f789312c9d17c9dd640ba35f0b68ef74cc8,G,target,LP0854,Consensus,consensus_exact_step2_estimate,1,google/gemma-4-31B-it,c580a90c6f681ef681ab3ed3fa7c3dcd227d0ed0e580ddb539b872b4735dca6d,ec9f25e6b68d12ca6182161cdc389e0da99a8cff29c47b015f1d07a6633e4cf0,consensus_benchmark_exact_v1,prompt_compiler_v2_split_g_f,834005189,pending,Q001,"{""Q001"": ""consensus_estimate_net_zero_before_2085""}",consensus_exact_step2,c444a6eac0c7b6cd317bc71d70e09e8e9d8b0a57308ceb8b4c11921129cc5ae1
G|LP0855|ConsensusExact|step2|attempt_1,G-62885cbbd7f3327fd616f1bdfabfa2c856bedf61,G,target,LP0855,Consensus,consensus_exact_step2_estimate,1,google/gemma-4-31B-it,d3cdb73b2e82ca3ce06b0df891683c299c4b7b1dd671ed569b3c5b6c19decb9e,ec9f25e6b68d12ca6182161cdc389e0da99a8cff29c47b015f1d07a6633e4cf0,consensus_benchmark_exact_v1,prompt_compiler_v2_split_g_f,486796280,pending,Q001,"{""Q001"": ""consensus_estimate_net_zero_before_2085""}",consensus_exact_step2,c444a6eac0c7b6cd317bc71d70e09e8e9d8b0a57308ceb8b4c11921129cc5ae1
G|LP0856|ConsensusExact|step2|attempt_1,G-4e02ca178efd4ba7d58e32c027a9eb3e3f23fe42,G,target,LP0856,Consensus,consensus_exact_step2_estimate,1,google/gemma-4-31B-it,3d709d1d6d24faf5527180fcce3a102437dd318f8c16a1b639f230349dcf6eb9,ec9f25e6b68d12ca6182161cdc389e0da99a8cff29c47b015f1d07a6633e4cf0,consensus_benchmark_exact_v1,prompt_compiler_v2_split_g_f,721608663,pending,Q001,"{""Q001"": ""consensus_estimate_net_zero_before_2085""}",consensus_exact_step2,c444a6eac0c7b6cd317bc71d70e09e8e9d8b0a57308ceb8b4c11921129cc5ae1
G|LP0857|ConsensusExact|step2|attempt_1,G-7201e246c8ad65cac70b167bcc363631c0f8adae,G,target,LP0857,Consensus,consensus_exact_step2_estimate,1,google/gemma-4-31B-it,dd4735ab00898131e80216a504cd9859191082cee59b5908ce4ae4962e4cdf09,ec9f25e6b68d12ca6182161cdc389e0da99a8cff29c47b015f1d07a6633e4cf0,consensus_benchmark_exact_v1,prompt_compiler_v2_split_g_f,749808217,pending,Q001,"{""Q001"": ""consensus_estimate_net_zero_before_2085""}",consensus_exact_step2,c444a6eac0c7b6cd317bc71d70e09e8e9d8b0a57308ceb8b4c11921129cc5ae1
G|LP0858|ConsensusExact|step2|attempt_1,G-c532845823a88131980d81c9250813089f44b1bb,G,target,LP0858,Consensus,consensus_exact_step2_estimate,1,google/gemma-4-31B-it,da50519ce9d752e4a6378ebb5b41859789d63bcd26673b041917882ab5fb4562,ec9f25e6b68d12ca6182161cdc389e0da99a8cff29c47b015f1d07a6633e4cf0,consensus_benchmark_exact_v1,prompt_compiler_v2_split_g_f,772639204,pending,Q001,"{""Q001"": ""consensus_estimate_net_zero_before_2085""}",consensus_exact_step2,c444a6eac0c7b6cd317bc71d70e09e8e9d8b0a57308ceb8b4c11921129cc5ae1
G|LP0859|ConsensusExact|step2|attempt_1,G-40ab426c848c7fb849f86203d4746b2c304f60fe,G,target,LP0859,Consensus,consensus_exact_step2_estimate,1,google/gemma-4-31B-it,5766657b11b96143da30451e630323ac06586f840d04a21ed908977f86ddeb14,ec9f25e6b68d12ca6182161cdc389e0da99a8cff29c47b015f1d07a6633e4cf0,consensus_benchmark_exact_v1,prompt_compiler_v2_split_g_f,98763922,pending,Q001,"{""Q001"": ""consensus_estimate_net_zero_before_2085""}",consensus_exact_step2,c444a6eac0c7b6cd317bc71d70e09e8e9d8b0a57308ceb8b4c11921129cc5ae1
G|LP0860|ConsensusExact|step2|attempt_1,G-8699846472fdaa9b0fba57de18b733f4028ae89c,G,target,LP0860,Consensus,consensus_exact_step2_estimate,1,google/gemma-4-31B-it,64f9097f43fb9ea82d951854ef2962a6444d223fca8e5a3007aca5fb1bf68f71,ec9f25e6b68d12ca6182161cdc389e0da99a8cff29c47b015f1d07a6633e4cf0,consensus_benchmark_exact_v1,prompt_compiler_v2_split_g_f,3191654,pending,Q001,"{""Q001"": ""consensus_estimate_net_zero_before_2085""}",consensus_exact_step2,c444a6eac0c7b6cd317bc71d70e09e8e9d8b0a57308ceb8b4c11921129cc5ae1
G|LP0861|ConsensusExact|step2|attempt_1,G-394148f055dbd7c25cd3921550d93dc2a9df4319,G,target,LP0861,Consensus,consensus_exact_step2_estimate,1,google/gemma-4-31B-it,2b3b3ca3a11be327a26ffc67f2627b3dc97178f903aeb37701776326f78251c4,ec9f25e6b68d12ca6182161cdc389e0da99a8cff29c47b015f1d07a6633e4cf0,consensus_benchmark_exact_v1,prompt_compiler_v2_split_g_f,1214146979,pending,Q001,"{""Q001"": ""consensus_estimate_net_zero_before_2085""}",consensus_exact_step2,c444a6eac0c7b6cd317bc71d70e09e8e9d8b0a57308ceb8b4c11921129cc5ae1
G|LP0862|ConsensusExact|step2|attempt_1,G-8eb03b3596b5085b2e40b989a44bd090163721f2,G,target,LP0862,Consensus,consensus_exact_step2_estimate,1,google/gemma-4-31B-it,c7e215711648281b5cd62d9cfca1fe35bb0df4255f845b9d1977b2ad900cb096,ec9f25e6b68d12ca6182161cdc389e0da99a8cff29c47b015f1d07a6633e4cf0,consensus_benchmark_exact_v1,prompt_compiler_v2_split_g_f,873823944,pending,Q001,"{""Q001"": ""consensus_estimate_net_zero_before_2085""}",consensus_exact_step2,c444a6eac0c7b6cd317bc71d70e09e8e9d8b0a57308ceb8b4c11921129cc5ae1
G|LP0863|ConsensusExact|step2|attempt_1,G-0a51bca6a7fb88b63d7801c1cd8e7ea18061f524,G,target,LP0863,Consensus,consensus_exact_step2_estimate,1,google/gemma-4-31B-it,6accc508808f6cd9b88390be4653ba4bfac99cac4fb775d4fdbc5423e98d1346,ec9f25e6b68d12ca6182161cdc389e0da99a8cff29c47b015f1d07a6633e4cf0,consensus_benchmark_exact_v1,prompt_compiler_v2_split_g_f,1017053699,pending,Q001,"{""Q001"": ""consensus_estimate_net_zero_before_2085""}",consensus_exact_step2,c444a6eac0c7b6cd317bc71d70e09e8e9d8b0a57308ceb8b4c11921129cc5ae1
G|LP0864|ConsensusExact|step2|attempt_1,G-32171b753faffe84a1850915611a25d921ade399,G,target,LP0864,Consensus,consensus_exact_step2_estimate,1,google/gemma-4-31B-it,d3e80a15d1a460a695bd7d35f47985c134b2277f5ad185470a3f8a7eae1b6f13,ec9f25e6b68d12ca6182161cdc389e0da99a8cff29c47b015f1d07a6633e4cf0,consensus_benchmark_exact_v1,prompt_compiler_v2_split_g_f,601765231,pending,Q001,"{""Q001"": ""consensus_estimate_net_zero_before_2085""}",consensus_exact_step2,c444a6eac0c7b6cd317bc71d70e09e8e9d8b0a57308ceb8b4c11921129cc5ae1
G|LP0865|ConsensusExact|step2|attempt_1,G-903b104daabb4a63b240fbc4c49bbd5ee2e6c65b,G,target,LP0865,Consensus,consensus_exact_step2_estimate,1,google/gemma-4-31B-it,cd49ee3af815ef53c66f12651f5dcec708189bd4fcf6f568996f9d076bd58a80,ec9f25e6b68d12ca6182161cdc389e0da99a8cff29c47b015f1d07a6633e4cf0,consensus_benchmark_exact_v1,prompt_compiler_v2_split_g_f,1261529856,pending,Q001,"{""Q001"": ""consensus_estimate_net_zero_before_2085""}",consensus_exact_step2,c444a6eac0c7b6cd317bc71d70e09e8e9d8b0a57308ceb8b4c11921129cc5ae1
G|LP0866|ConsensusExact|step2|attempt_1,G-e8a5245bb35ff2b827ca3c023b063dd49617759d,G,target,LP0866,Consensus,consensus_exact_step2_estimate,1,google/gemma-4-31B-it,a2bfa611f89b780d1b98a5c2f1e14eb9e45c4f6ef6f7262f5bd139f40dd703d7,ec9f25e6b68d12ca6182161cdc389e0da99a8cff29c47b015f1d07a6633e4cf0,consensus_benchmark_exact_v1,prompt_compiler_v2_split_g_f,78265203,pending,Q001,"{""Q001"": ""consensus_estimate_net_zero_before_2085""}",consensus_exact_step2,c444a6eac0c7b6cd317bc71d70e09e8e9d8b0a57308ceb8b4c11921129cc5ae1
G|LP0867|ConsensusExact|step2|attempt_1,G-41d33fb7b8ad7ee15cfb1dc20f0152e386ee8e51,G,target,LP0867,Consensus,consensus_exact_step2_estimate,1,google/gemma-4-31B-it,327eb8cd8fc1eb7e3687313840b86b2b857036f49c7cd9aaa57648ba5ee0e66a,ec9f25e6b68d12ca6182161cdc389e0da99a8cff29c47b015f1d07a6633e4cf0,consensus_benchmark_exact_v1,prompt_compiler_v2_split_g_f,1012137553,pending,Q001,"{""Q001"": ""consensus_estimate_net_zero_before_2085""}",consensus_exact_step2,c444a6eac0c7b6cd317bc71d70e09e8e9d8b0a57308ceb8b4c11921129cc5ae1
G|LP0868|ConsensusExact|step2|attempt_1,G-68551b1dff69673703a44ed239be13eda81f9128,G,target,LP0868,Consensus,consensus_exact_step2_estimate,1,google/gemma-4-31B-it,80cad07af0e49f74c648fc24fefef849dd6ddbcb80b62c4cb89ba657f8dab94f,ec9f25e6b68d12ca6182161cdc389e0da99a8cff29c47b015f1d07a6633e4cf0,consensus_benchmark_exact_v1,prompt_compiler_v2_split_g_f,1343462772,pending,Q001,"{""Q001"": ""consensus_estimate_net_zero_before_2085""}",consensus_exact_step2,c444a6eac0c7b6cd317bc71d70e09e8e9d8b0a57308ceb8b4c11921129cc5ae1
G|LP0869|ConsensusExact|step2|attempt_1,G-d2071c9d9acf59109c6ceb3dca1a5a55eb1cafdd,G,target,LP0869,Consensus,consensus_exact_step2_estimate,1,google/gemma-4-31B-it,58bd9226b177b366b9a8f0877449f07e5af13eeef0e1d0731927104998a370a2,ec9f25e6b68d12ca6182161cdc389e0da99a8cff29c47b015f1d07a6633e4cf0,consensus_benchmark_exact_v1,prompt_compiler_v2_split_g_f,1054708302,pending,Q001,"{""Q001"": ""consensus_estimate_net_zero_before_2085""}",consensus_exact_step2,c444a6eac0c7b6cd317bc71d70e09e8e9d8b0a57308ceb8b4c11921129cc5ae1
G|LP0870|ConsensusExact|step2|attempt_1,G-8fc1f3d6b622cfba310f3e5ebf6c6041bc0e1c46,G,target,LP0870,Consensus,consensus_exact_step2_estimate,1,google/gemma-4-31B-it,99d3411c87aaebd31dc826a9e02a50341a8fb44c64c0d352cb4770add5e88c58,ec9f25e6b68d12ca6182161cdc389e0da99a8cff29c47b015f1d07a6633e4cf0,consensus_benchmark_exact_v1,prompt_compiler_v2_split_g_f,1436989289,pending,Q001,"{""Q001"": ""consensus_estimate_net_zero_before_2085""}",consensus_exact_step2,c444a6eac0c7b6cd317bc71d70e09e8e9d8b0a57308ceb8b4c11921129cc5ae1
G|LP0871|ConsensusExact|step2|attempt_1,G-8b46271b8318ffa64918c02e178813a15ad8762d,G,target,LP0871,Consensus,consensus_exact_step2_estimate,1,google/gemma-4-31B-it,3388f2cef21934003cc84ec6335d36f85049e44af07ec0139dc1da872eb688b5,ec9f25e6b68d12ca6182161cdc389e0da99a8cff29c47b015f1d07a6633e4cf0,consensus_benchmark_exact_v1,prompt_compiler_v2_split_g_f,430263775,pending,Q001,"{""Q001"": ""consensus_estimate_net_zero_before_2085""}",consensus_exact_step2,c444a6eac0c7b6cd317bc71d70e09e8e9d8b0a57308ceb8b4c11921129cc5ae1
G|LP0872|ConsensusExact|step2|attempt_1,G-8317f653ea82c79ccdc5a512efff0be7f88ab9a8,G,target,LP0872,Consensus,consensus_exact_step2_estimate,1,google/gemma-4-31B-it,d08bdab69259cc916842a57f9dc1ea1aee44de4f1a1391165a9bc78ab2e48a3a,ec9f25e6b68d12ca6182161cdc389e0da99a8cff29c47b015f1d07a6633e4cf0,consensus_benchmark_exact_v1,prompt_compiler_v2_split_g_f,1890759749,pending,Q001,"{""Q001"": ""consensus_estimate_net_zero_before_2085""}",consensus_exact_step2,c444a6eac0c7b6cd317bc71d70e09e8e9d8b0a57308ceb8b4c11921129cc5ae1
G|LP0873|ConsensusExact|step2|attempt_1,G-b8f739bede4eab91c39c62c7980a6dcaa043232a,G,target,LP0873,Consensus,consensus_exact_step2_estimate,1,google/gemma-4-31B-it,ff11c4b15524e3ee70b631440f7022a3028692fb3347a5af73e0300e103d9574,ec9f25e6b68d12ca6182161cdc389e0da99a8cff29c47b015f1d07a6633e4cf0,consensus_benchmark_exact_v1,prompt_compiler_v2_split_g_f,1346182929,pending,Q001,"{""Q001"": ""consensus_estimate_net_zero_before_2085""}",consensus_exact_step2,c444a6eac0c7b6cd317bc71d70e09e8e9d8b0a57308ceb8b4c11921129cc5ae1
G|LP0874|ConsensusExact|step2|attempt_1,G-5440b037db6f3a5987db64076f9af17234d3b275,G,target,LP0874,Consensus,consensus_exact_step2_estimate,1,google/gemma-4-31B-it,ecb4774119df34e73b41d822a521eb97011b4ca95b7df721487d3758bac6da41,ec9f25e6b68d12ca6182161cdc389e0da99a8cff29c47b015f1d07a6633e4cf0,consensus_benchmark_exact_v1,prompt_compiler_v2_split_g_f,66099914,pending,Q001,"{""Q001"": ""consensus_estimate_net_zero_before_2085""}",consensus_exact_step2,c444a6eac0c7b6cd317bc71d70e09e8e9d8b0a57308ceb8b4c11921129cc5ae1
G|LP0875|ConsensusExact|step2|attempt_1,G-ec8333e86adb6bdb5ae71cb0c760fd68e54f361e,G,target,LP0875,Consensus,consensus_exact_step2_estimate,1,google/gemma-4-31B-it,3a7f86367d65cf2f5175efc121e2560fe05df6b8413020a6dd5a66bf0155617b,ec9f25e6b68d12ca6182161cdc389e0da99a8cff29c47b015f1d07a6633e4cf0,consensus_benchmark_exact_v1,prompt_compiler_v2_split_g_f,1138873263,pending,Q001,"{""Q001"": ""consensus_estimate_net_zero_before_2085""}",consensus_exact_step2,c444a6eac0c7b6cd317bc71d70e09e8e9d8b0a57308ceb8b4c11921129cc5ae1
G|LP0876|ConsensusExact|step2|attempt_1,G-4f3cf7432f9d9c8bcefa386eed3044c76b7ba53f,G,target,LP0876,Consensus,consensus_exact_step2_estimate,1,google/gemma-4-31B-it,41cafd9bdb5f5366cc8583f529b8750b9fb5fdf55915ff59bfa0baa72dc13470,ec9f25e6b68d12ca6182161cdc389e0da99a8cff29c47b015f1d07a6633e4cf0,consensus_benchmark_exact_v1,prompt_compiler_v2_split_g_f,1310165778,pending,Q001,"{""Q001"": ""consensus_estimate_net_zero_before_2085""}",consensus_exact_step2,c444a6eac0c7b6cd317bc71d70e09e8e9d8b0a57308ceb8b4c11921129cc5ae1
G|LP0877|ConsensusExact|step2|attempt_1,G-1e183257735aefaf64c92d503f77fc8c92a0a048,G,target,LP0877,Consensus,consensus_exact_step2_estimate,1,google/gemma-4-31B-it,5ffef074f2a919504e4ae2470588724da42df489f969e4b1c5fe56e95f99e906,ec9f25e6b68d12ca6182161cdc389e0da99a8cff29c47b015f1d07a6633e4cf0,consensus_benchmark_exact_v1,prompt_compiler_v2_split_g_f,797660254,pending,Q001,"{""Q001"": ""consensus_estimate_net_zero_before_2085""}",consensus_exact_step2,c444a6eac0c7b6cd317bc71d70e09e8e9d8b0a57308ceb8b4c11921129cc5ae1
G|LP0878|ConsensusExact|step2|attempt_1,G-c0f8c96514d443411f3e2de75a0fc41cb6483e8d,G,target,LP0878,Consensus,consensus_exact_step2_estimate,1,google/gemma-4-31B-it,eadcf9be603b90b717c46915d16c2f5c2b5c2132ee2ac757c18deff77646689f,ec9f25e6b68d12ca6182161cdc389e0da99a8cff29c47b015f1d07a6633e4cf0,consensus_benchmark_exact_v1,prompt_compiler_v2_split_g_f,382064142,pending,Q001,"{""Q001"": ""consensus_estimate_net_zero_before_2085""}",consensus_exact_step2,c444a6eac0c7b6cd317bc71d70e09e8e9d8b0a57308ceb8b4c11921129cc5ae1
G|LP0879|ConsensusExact|step2|attempt_1,G-a2c7601d5cd67713582d3e061f7034b8d1220871,G,target,LP0879,Consensus,consensus_exact_step2_estimate,1,google/gemma-4-31B-it,b69700f60e17b900b50e1ee9ef34d91bba7c1720f1131ecee32517f2cabb201e,ec9f25e6b68d12ca6182161cdc389e0da99a8cff29c47b015f1d07a6633e4cf0,consensus_benchmark_exact_v1,prompt_compiler_v2_split_g_f,577058640,pending,Q001,"{""Q001"": ""consensus_estimate_net_zero_before_2085""}",consensus_exact_step2,c444a6eac0c7b6cd317bc71d70e09e8e9d8b0a57308ceb8b4c11921129cc5ae1
G|LP0880|ConsensusExact|step2|attempt_1,G-ce58c113d513eb81bcdde2b53650fe2adbbcf9d0,G,target,LP0880,Consensus,consensus_exact_step2_estimate,1,google/gemma-4-31B-it,972b7db3e1789668a1d29c9ca2ba7fce631940d6de1e39bd310467ca81a16878,ec9f25e6b68d12ca6182161cdc389e0da99a8cff29c47b015f1d07a6633e4cf0,consensus_benchmark_exact_v1,prompt_compiler_v2_split_g_f,1908764075,pending,Q001,"{""Q001"": ""consensus_estimate_net_zero_before_2085""}",consensus_exact_step2,c444a6eac0c7b6cd317bc71d70e09e8e9d8b0a57308ceb8b4c11921129cc5ae1
G|LP0881|ConsensusExact|step2|attempt_1,G-128a8d5aac52a00450e3c337c7503f6a31456521,G,target,LP0881,Consensus,consensus_exact_step2_estimate,1,google/gemma-4-31B-it,8014bacc3bbf63e441c13be455e3c9ad7e796d8095479dc189f3d22629deb406,ec9f25e6b68d12ca6182161cdc389e0da99a8cff29c47b015f1d07a6633e4cf0,consensus_benchmark_exact_v1,prompt_compiler_v2_split_g_f,1365752505,pending,Q001,"{""Q001"": ""consensus_estimate_net_zero_before_2085""}",consensus_exact_step2,c444a6eac0c7b6cd317bc71d70e09e8e9d8b0a57308ceb8b4c11921129cc5ae1
G|LP0882|ConsensusExact|step2|attempt_1,G-38b5f7187c49d2007069902b69317ea5699a5965,G,target,LP0882,Consensus,consensus_exact_step2_estimate,1,google/gemma-4-31B-it,824defe1087bfd552cc818bc4bfb579893ef2cd5e00ea9bcd9888515f8f7fff8,ec9f25e6b68d12ca6182161cdc389e0da99a8cff29c47b015f1d07a6633e4cf0,consensus_benchmark_exact_v1,prompt_compiler_v2_split_g_f,1840627761,pending,Q001,"{""Q001"": ""consensus_estimate_net_zero_before_2085""}",consensus_exact_step2,c444a6eac0c7b6cd317bc71d70e09e8e9d8b0a57308ceb8b4c11921129cc5ae1
G|LP0883|ConsensusExact|step2|attempt_1,G-68ecfbc38f527dfd18055cacd76027a9442637e4,G,target,LP0883,Consensus,consensus_exact_step2_estimate,1,google/gemma-4-31B-it,1c21302681f1762fec71ee61160b18210de647ccf124dc7c8ff4491ec97340f7,ec9f25e6b68d12ca6182161cdc389e0da99a8cff29c47b015f1d07a6633e4cf0,consensus_benchmark_exact_v1,prompt_compiler_v2_split_g_f,1630303621,pending,Q001,"{""Q001"": ""consensus_estimate_net_zero_before_2085""}",consensus_exact_step2,c444a6eac0c7b6cd317bc71d70e09e8e9d8b0a57308ceb8b4c11921129cc5ae1
G|LP0884|ConsensusExact|step2|attempt_1,G-a81b23303370ec197c8d94af13cda116aa90a145,G,target,LP0884,Consensus,consensus_exact_step2_estimate,1,google/gemma-4-31B-it,7840dafe1175429562856e537a8eb225b0b11099e1ea2483bdd973187643ba66,ec9f25e6b68d12ca6182161cdc389e0da99a8cff29c47b015f1d07a6633e4cf0,consensus_benchmark_exact_v1,prompt_compiler_v2_split_g_f,61289084,pending,Q001,"{""Q001"": ""consensus_estimate_net_zero_before_2085""}",consensus_exact_step2,c444a6eac0c7b6cd317bc71d70e09e8e9d8b0a57308ceb8b4c11921129cc5ae1
G|LP0885|ConsensusExact|step2|attempt_1,G-49927283d5bea13e11419a41b4be6c6faf1be9c6,G,target,LP0885,Consensus,consensus_exact_step2_estimate,1,google/gemma-4-31B-it,a09b43091ebc56a0c6678409cef17679691294bc5f9944e7a5a8e4bc99a314ca,ec9f25e6b68d12ca6182161cdc389e0da99a8cff29c47b015f1d07a6633e4cf0,consensus_benchmark_exact_v1,prompt_compiler_v2_split_g_f,1759741510,pending,Q001,"{""Q001"": ""consensus_estimate_net_zero_before_2085""}",consensus_exact_step2,c444a6eac0c7b6cd317bc71d70e09e8e9d8b0a57308ceb8b4c11921129cc5ae1
G|LP0886|ConsensusExact|step2|attempt_1,G-d21874615bcaf2165be303e8dddc4070d7ac4e52,G,target,LP0886,Consensus,consensus_exact_step2_estimate,1,google/gemma-4-31B-it,398bfd590e2ce4162635af2ae42f4aa1377af50b7c125b92ac74c108874f268a,ec9f25e6b68d12ca6182161cdc389e0da99a8cff29c47b015f1d07a6633e4cf0,consensus_benchmark_exact_v1,prompt_compiler_v2_split_g_f,2147211995,pending,Q001,"{""Q001"": ""consensus_estimate_net_zero_before_2085""}",consensus_exact_step2,c444a6eac0c7b6cd317bc71d70e09e8e9d8b0a57308ceb8b4c11921129cc5ae1
G|LP0887|ConsensusExact|step2|attempt_1,G-ee2414b19e1d6329a2e0093be3112a01313f3a62,G,target,LP0887,Consensus,consensus_exact_step2_estimate,1,google/gemma-4-31B-it,f4f618ee579e44889a83415062ba92b1bd76f25e56eb7770a6affed6389a191e,ec9f25e6b68d12ca6182161cdc389e0da99a8cff29c47b015f1d07a6633e4cf0,consensus_benchmark_exact_v1,prompt_compiler_v2_split_g_f,2053475471,pending,Q001,"{""Q001"": ""consensus_estimate_net_zero_before_2085""}",consensus_exact_step2,c444a6eac0c7b6cd317bc71d70e09e8e9d8b0a57308ceb8b4c11921129cc5ae1
G|LP0888|ConsensusExact|step2|attempt_1,G-72a583921272dff6c298f40f03bd23b964243ab2,G,target,LP0888,Consensus,consensus_exact_step2_estimate,1,google/gemma-4-31B-it,e5de33a1dfb65e682555284f732823f5b0f0e5253673bb24aa95a34c8518d88f,ec9f25e6b68d12ca6182161cdc389e0da99a8cff29c47b015f1d07a6633e4cf0,consensus_benchmark_exact_v1,prompt_compiler_v2_split_g_f,2008934171,pending,Q001,"{""Q001"": ""consensus_estimate_net_zero_before_2085""}",consensus_exact_step2,c444a6eac0c7b6cd317bc71d70e09e8e9d8b0a57308ceb8b4c11921129cc5ae1
G|LP0889|ConsensusExact|step2|attempt_1,G-56c93f30ca2abc1a2b54f47adedf51d1da97c7e8,G,target,LP0889,Consensus,consensus_exact_step2_estimate,1,google/gemma-4-31B-it,8db7915a7172318e1074cf63abf4609f9c01ef2fc76d0c3fba28db56b9c2b17c,ec9f25e6b68d12ca6182161cdc389e0da99a8cff29c47b015f1d07a6633e4cf0,consensus_benchmark_exact_v1,prompt_compiler_v2_split_g_f,2008889980,pending,Q001,"{""Q001"": ""consensus_estimate_net_zero_before_2085""}",consensus_exact_step2,c444a6eac0c7b6cd317bc71d70e09e8e9d8b0a57308ceb8b4c11921129cc5ae1
G|LP0890|ConsensusExact|step2|attempt_1,G-18996498b5a547bc89df91bc59d1acd23fa92835,G,target,LP0890,Consensus,consensus_exact_step2_estimate,1,google/gemma-4-31B-it,4b1f662ac5cb672b3d5bd027dc65711772239ea569509fbde165d6dbd85f42b3,ec9f25e6b68d12ca6182161cdc389e0da99a8cff29c47b015f1d07a6633e4cf0,consensus_benchmark_exact_v1,prompt_compiler_v2_split_g_f,1725436141,pending,Q001,"{""Q001"": ""consensus_estimate_net_zero_before_2085""}",consensus_exact_step2,c444a6eac0c7b6cd317bc71d70e09e8e9d8b0a57308ceb8b4c11921129cc5ae1
G|LP0891|ConsensusExact|step2|attempt_1,G-2d01ce44374061208ec88f3ff4a02ef478720a1b,G,target,LP0891,Consensus,consensus_exact_step2_estimate,1,google/gemma-4-31B-it,4579103cbfb7f1dc9d2c1069571d24f8205d04d1f4871f95fe6419e661d5c88b,ec9f25e6b68d12ca6182161cdc389e0da99a8cff29c47b015f1d07a6633e4cf0,consensus_benchmark_exact_v1,prompt_compiler_v2_split_g_f,289668521,pending,Q001,"{""Q001"": ""consensus_estimate_net_zero_before_2085""}",consensus_exact_step2,c444a6eac0c7b6cd317bc71d70e09e8e9d8b0a57308ceb8b4c11921129cc5ae1
G|LP0892|ConsensusExact|step2|attempt_1,G-6c23f92afd6c87618122f9439075b0a01dd2a68b,G,target,LP0892,Consensus,consensus_exact_step2_estimate,1,google/gemma-4-31B-it,db81f4371362facb724ac3a09873c53820e68d4f7119ecabbbd0cd38b56af407,ec9f25e6b68d12ca6182161cdc389e0da99a8cff29c47b015f1d07a6633e4cf0,consensus_benchmark_exact_v1,prompt_compiler_v2_split_g_f,1437891000,pending,Q001,"{""Q001"": ""consensus_estimate_net_zero_before_2085""}",consensus_exact_step2,c444a6eac0c7b6cd317bc71d70e09e8e9d8b0a57308ceb8b4c11921129cc5ae1
G|LP0893|ConsensusExact|step2|attempt_1,G-63cd6ffb106716a85231db8b3c2d6f233909a7e5,G,target,LP0893,Consensus,consensus_exact_step2_estimate,1,google/gemma-4-31B-it,5dd56fe25b0e48466adfe12b2d30834e2bd33bf48f4542009526b2afecd9fb63,ec9f25e6b68d12ca6182161cdc389e0da99a8cff29c47b015f1d07a6633e4cf0,consensus_benchmark_exact_v1,prompt_compiler_v2_split_g_f,1476523679,pending,Q001,"{""Q001"": ""consensus_estimate_net_zero_before_2085""}",consensus_exact_step2,c444a6eac0c7b6cd317bc71d70e09e8e9d8b0a57308ceb8b4c11921129cc5ae1
G|LP0894|ConsensusExact|step2|attempt_1,G-0d084aad1d0454393307570afacf21cbaabec042,G,target,LP0894,Consensus,consensus_exact_step2_estimate,1,google/gemma-4-31B-it,82e2e0ee337b135de3b2d0f557e67e258f0b2bb08e677546d332b510e4c87980,ec9f25e6b68d12ca6182161cdc389e0da99a8cff29c47b015f1d07a6633e4cf0,consensus_benchmark_exact_v1,prompt_compiler_v2_split_g_f,924117395,pending,Q001,"{""Q001"": ""consensus_estimate_net_zero_before_2085""}",consensus_exact_step2,c444a6eac0c7b6cd317bc71d70e09e8e9d8b0a57308ceb8b4c11921129cc5ae1
G|LP0895|ConsensusExact|step2|attempt_1,G-ba439600bec282e3738ddb8db93f46b987b76e3e,G,target,LP0895,Consensus,consensus_exact_step2_estimate,1,google/gemma-4-31B-it,52f06959fde964b7fc88b6785987392824466e98be22efa350b4f11af5bb9021,ec9f25e6b68d12ca6182161cdc389e0da99a8cff29c47b015f1d07a6633e4cf0,consensus_benchmark_exact_v1,prompt_compiler_v2_split_g_f,860466919,pending,Q001,"{""Q001"": ""consensus_estimate_net_zero_before_2085""}",consensus_exact_step2,c444a6eac0c7b6cd317bc71d70e09e8e9d8b0a57308ceb8b4c11921129cc5ae1
G|LP0896|ConsensusExact|step2|attempt_1,G-ae8b76e097f935d297aedae4f13d98e311b4757c,G,target,LP0896,Consensus,consensus_exact_step2_estimate,1,google/gemma-4-31B-it,a0ab39522902f3d51bf417390a95113e6586dcc0705da78b6b4f5981bf030e5a,ec9f25e6b68d12ca6182161cdc389e0da99a8cff29c47b015f1d07a6633e4cf0,consensus_benchmark_exact_v1,prompt_compiler_v2_split_g_f,1963991957,pending,Q001,"{""Q001"": ""consensus_estimate_net_zero_before_2085""}",consensus_exact_step2,c444a6eac0c7b6cd317bc71d70e09e8e9d8b0a57308ceb8b4c11921129cc5ae1
G|LP0897|ConsensusExact|step2|attempt_1,G-e4ac24be9eb58e2f5cf4c0af662e4f79b2723b69,G,target,LP0897,Consensus,consensus_exact_step2_estimate,1,google/gemma-4-31B-it,045213e070de3c7f8682bc91f6309ef79f1c49beabcf54fbff783f6bf1fae2c3,ec9f25e6b68d12ca6182161cdc389e0da99a8cff29c47b015f1d07a6633e4cf0,consensus_benchmark_exact_v1,prompt_compiler_v2_split_g_f,1745737647,pending,Q001,"{""Q001"": ""consensus_estimate_net_zero_before_2085""}",consensus_exact_step2,c444a6eac0c7b6cd317bc71d70e09e8e9d8b0a57308ceb8b4c11921129cc5ae1
G|LP0898|ConsensusExact|step2|attempt_1,G-14c9deab441287cb46540844b59054ec3413454f,G,target,LP0898,Consensus,consensus_exact_step2_estimate,1,google/gemma-4-31B-it,b4652648cc056096f5f7313dde6680e13c925e9a6dd72144d2ebe23f0710fffa,ec9f25e6b68d12ca6182161cdc389e0da99a8cff29c47b015f1d07a6633e4cf0,consensus_benchmark_exact_v1,prompt_compiler_v2_split_g_f,1839613217,pending,Q001,"{""Q001"": ""consensus_estimate_net_zero_before_2085""}",consensus_exact_step2,c444a6eac0c7b6cd317bc71d70e09e8e9d8b0a57308ceb8b4c11921129cc5ae1
G|LP0899|ConsensusExact|step2|attempt_1,G-08ae25a00480654aba7927e21efb1aad69809062,G,target,LP0899,Consensus,consensus_exact_step2_estimate,1,google/gemma-4-31B-it,d3885252b50ee377e12e7b1d71f45f245a212eeafd48c6dd4dee7de4275a14eb,ec9f25e6b68d12ca6182161cdc389e0da99a8cff29c47b015f1d07a6633e4cf0,consensus_benchmark_exact_v1,prompt_compiler_v2_split_g_f,366784650,pending,Q001,"{""Q001"": ""consensus_estimate_net_zero_before_2085""}",consensus_exact_step2,c444a6eac0c7b6cd317bc71d70e09e8e9d8b0a57308ceb8b4c11921129cc5ae1
G|LP0900|ConsensusExact|step2|attempt_1,G-457b4c3d9e68c85bafb5825a6a987f9d5d50acd5,G,target,LP0900,Consensus,consensus_exact_step2_estimate,1,google/gemma-4-31B-it,91c3d1186acc2eb9c4620c674edb3bf6702d0f8582974526980630edbc0b37c6,ec9f25e6b68d12ca6182161cdc389e0da99a8cff29c47b015f1d07a6633e4cf0,consensus_benchmark_exact_v1,prompt_compiler_v2_split_g_f,694116567,pending,Q001,"{""Q001"": ""consensus_estimate_net_zero_before_2085""}",consensus_exact_step2,c444a6eac0c7b6cd317bc71d70e09e8e9d8b0a57308ceb8b4c11921129cc5ae1
G|LP0901|ConsensusExact|step2|attempt_1,G-20dbca6d2743c671755d77e1ab18f33c8c62c39a,G,target,LP0901,Consensus,consensus_exact_step2_estimate,1,google/gemma-4-31B-it,2670441db340b581fdda3340d1ea7018bff8ae89389a6482e5f1c808ef2686dc,ec9f25e6b68d12ca6182161cdc389e0da99a8cff29c47b015f1d07a6633e4cf0,consensus_benchmark_exact_v1,prompt_compiler_v2_split_g_f,1761303371,pending,Q001,"{""Q001"": ""consensus_estimate_net_zero_before_2085""}",consensus_exact_step2,c444a6eac0c7b6cd317bc71d70e09e8e9d8b0a57308ceb8b4c11921129cc5ae1
G|LP0902|ConsensusExact|step2|attempt_1,G-ee46c23b2efd759b542fdde7fd7e2a3eea32c3ce,G,target,LP0902,Consensus,consensus_exact_step2_estimate,1,google/gemma-4-31B-it,1bfea4f847e1ed290f46b68c1436ca53755b7634b281ac35f22b1f7f754a0432,ec9f25e6b68d12ca6182161cdc389e0da99a8cff29c47b015f1d07a6633e4cf0,consensus_benchmark_exact_v1,prompt_compiler_v2_split_g_f,193657365,pending,Q001,"{""Q001"": ""consensus_estimate_net_zero_before_2085""}",consensus_exact_step2,c444a6eac0c7b6cd317bc71d70e09e8e9d8b0a57308ceb8b4c11921129cc5ae1
G|LP0903|ConsensusExact|step2|attempt_1,G-ca6dd557d740160cd59dc157e4bd58c4658de177,G,target,LP0903,Consensus,consensus_exact_step2_estimate,1,google/gemma-4-31B-it,c3bccaf12f41c9b65c349668f966add179524768825029300c4145b0a1607a75,ec9f25e6b68d12ca6182161cdc389e0da99a8cff29c47b015f1d07a6633e4cf0,consensus_benchmark_exact_v1,prompt_compiler_v2_split_g_f,1813758142,pending,Q001,"{""Q001"": ""consensus_estimate_net_zero_before_2085""}",consensus_exact_step2,c444a6eac0c7b6cd317bc71d70e09e8e9d8b0a57308ceb8b4c11921129cc5ae1
G|LP0904|ConsensusExact|step2|attempt_1,G-57668898069caffaaf54a6f378b84d65b37bcb26,G,target,LP0904,Consensus,consensus_exact_step2_estimate,1,google/gemma-4-31B-it,cbfab34b0be1e61148e7292bf3205ffb34bc3d16fe333888fadf597fdca3201e,ec9f25e6b68d12ca6182161cdc389e0da99a8cff29c47b015f1d07a6633e4cf0,consensus_benchmark_exact_v1,prompt_compiler_v2_split_g_f,896123179,pending,Q001,"{""Q001"": ""consensus_estimate_net_zero_before_2085""}",consensus_exact_step2,c444a6eac0c7b6cd317bc71d70e09e8e9d8b0a57308ceb8b4c11921129cc5ae1
G|LP0905|ConsensusExact|step2|attempt_1,G-dd206487cbeb34c0911bec8e244488f5cc035264,G,target,LP0905,Consensus,consensus_exact_step2_estimate,1,google/gemma-4-31B-it,8589861e79cfc209229d8b3d94784336062626538947bf5685c304b3097d9626,ec9f25e6b68d12ca6182161cdc389e0da99a8cff29c47b015f1d07a6633e4cf0,consensus_benchmark_exact_v1,prompt_compiler_v2_split_g_f,103546323,pending,Q001,"{""Q001"": ""consensus_estimate_net_zero_before_2085""}",consensus_exact_step2,c444a6eac0c7b6cd317bc71d70e09e8e9d8b0a57308ceb8b4c11921129cc5ae1
G|LP0906|ConsensusExact|step2|attempt_1,G-b0618f3addcd6d2c17f480da20b792492659e72a,G,target,LP0906,Consensus,consensus_exact_step2_estimate,1,google/gemma-4-31B-it,1b3ce04f7fbdfe5fc40e43c7a2e93848e609fd3cddfde5160fd4d7d777b13d98,ec9f25e6b68d12ca6182161cdc389e0da99a8cff29c47b015f1d07a6633e4cf0,consensus_benchmark_exact_v1,prompt_compiler_v2_split_g_f,1049660324,pending,Q001,"{""Q001"": ""consensus_estimate_net_zero_before_2085""}",consensus_exact_step2,c444a6eac0c7b6cd317bc71d70e09e8e9d8b0a57308ceb8b4c11921129cc5ae1
G|LP0907|ConsensusExact|step2|attempt_1,G-22da6f538cc8ffd5ceaf375e6cee2f6924051de9,G,target,LP0907,Consensus,consensus_exact_step2_estimate,1,google/gemma-4-31B-it,8b6e61ae5e45d15cc1d11b244ca17a96195c06e547d4873801e218418c5dbb1d,ec9f25e6b68d12ca6182161cdc389e0da99a8cff29c47b015f1d07a6633e4cf0,consensus_benchmark_exact_v1,prompt_compiler_v2_split_g_f,1383980668,pending,Q001,"{""Q001"": ""consensus_estimate_net_zero_before_2085""}",consensus_exact_step2,c444a6eac0c7b6cd317bc71d70e09e8e9d8b0a57308ceb8b4c11921129cc5ae1
G|LP0908|ConsensusExact|step2|attempt_1,G-c9a71ad80e87c8001b81e0e8df492a8f4ffbddd5,G,target,LP0908,Consensus,consensus_exact_step2_estimate,1,google/gemma-4-31B-it,fbe7f0288b7d1878d0747fcfada45823b534c94e10183334af3d814f1b442198,ec9f25e6b68d12ca6182161cdc389e0da99a8cff29c47b015f1d07a6633e4cf0,consensus_benchmark_exact_v1,prompt_compiler_v2_split_g_f,567672243,pending,Q001,"{""Q001"": ""consensus_estimate_net_zero_before_2085""}",consensus_exact_step2,c444a6eac0c7b6cd317bc71d70e09e8e9d8b0a57308ceb8b4c11921129cc5ae1
G|LP0909|ConsensusExact|step2|attempt_1,G-f543f300aff25ad4b7bdacca81d9e125d302d31a,G,target,LP0909,Consensus,consensus_exact_step2_estimate,1,google/gemma-4-31B-it,584f27a79968cf7cf7ae2d5863d2b60a641fc6f2e8ef91ee577706b48a42e2be,ec9f25e6b68d12ca6182161cdc389e0da99a8cff29c47b015f1d07a6633e4cf0,consensus_benchmark_exact_v1,prompt_compiler_v2_split_g_f,444219609,pending,Q001,"{""Q001"": ""consensus_estimate_net_zero_before_2085""}",consensus_exact_step2,c444a6eac0c7b6cd317bc71d70e09e8e9d8b0a57308ceb8b4c11921129cc5ae1
G|LP0910|ConsensusExact|step2|attempt_1,G-3ad48dba2ad4c6c862c66ba18feebe884b9ab5a4,G,target,LP0910,Consensus,consensus_exact_step2_estimate,1,google/gemma-4-31B-it,325b933b61dfc5adf1bf1e337c0437cd9a9cb00b9f70923a54d3cc443e5e9792,ec9f25e6b68d12ca6182161cdc389e0da99a8cff29c47b015f1d07a6633e4cf0,consensus_benchmark_exact_v1,prompt_compiler_v2_split_g_f,545120829,pending,Q001,"{""Q001"": ""consensus_estimate_net_zero_before_2085""}",consensus_exact_step2,c444a6eac0c7b6cd317bc71d70e09e8e9d8b0a57308ceb8b4c11921129cc5ae1
G|LP0911|ConsensusExact|step2|attempt_1,G-db7d94577f9fe348e4c7ba0abfdebac1bf8fc5b7,G,target,LP0911,Consensus,consensus_exact_step2_estimate,1,google/gemma-4-31B-it,adb44d4ac6d04e359fb662a3c1f341609bb800bfbcd89c484f884d9e6b90317f,ec9f25e6b68d12ca6182161cdc389e0da99a8cff29c47b015f1d07a6633e4cf0,consensus_benchmark_exact_v1,prompt_compiler_v2_split_g_f,916130810,pending,Q001,"{""Q001"": ""consensus_estimate_net_zero_before_2085""}",consensus_exact_step2,c444a6eac0c7b6cd317bc71d70e09e8e9d8b0a57308ceb8b4c11921129cc5ae1
G|LP0912|ConsensusExact|step2|attempt_1,G-55b584425fdaa8aba176c84c6fe7f2a0396a794c,G,target,LP0912,Consensus,consensus_exact_step2_estimate,1,google/gemma-4-31B-it,6ebcb934f755e72a212bc643e205893c52d2105e0846b4ed5ab6f2df6d09608a,ec9f25e6b68d12ca6182161cdc389e0da99a8cff29c47b015f1d07a6633e4cf0,consensus_benchmark_exact_v1,prompt_compiler_v2_split_g_f,189116721,pending,Q001,"{""Q001"": ""consensus_estimate_net_zero_before_2085""}",consensus_exact_step2,c444a6eac0c7b6cd317bc71d70e09e8e9d8b0a57308ceb8b4c11921129cc5ae1
G|LP0913|ConsensusExact|step2|attempt_1,G-d3e4d24dbda49deb7680a1a1e3078599d503903c,G,target,LP0913,Consensus,consensus_exact_step2_estimate,1,google/gemma-4-31B-it,249d4ec3e048b32cff42002f555a84ebf4f50828a91259a3f1378dd8d40cb485,ec9f25e6b68d12ca6182161cdc389e0da99a8cff29c47b015f1d07a6633e4cf0,consensus_benchmark_exact_v1,prompt_compiler_v2_split_g_f,1701724809,pending,Q001,"{""Q001"": ""consensus_estimate_net_zero_before_2085""}",consensus_exact_step2,c444a6eac0c7b6cd317bc71d70e09e8e9d8b0a57308ceb8b4c11921129cc5ae1
G|LP0914|ConsensusExact|step2|attempt_1,G-d12a9533c35896fe2ae1411f5764c1b9f9544f49,G,target,LP0914,Consensus,consensus_exact_step2_estimate,1,google/gemma-4-31B-it,83ede18578c6b4160f3ff9b4e34a663214ee9979fccd5cec7430a4690339a6e8,ec9f25e6b68d12ca6182161cdc389e0da99a8cff29c47b015f1d07a6633e4cf0,consensus_benchmark_exact_v1,prompt_compiler_v2_split_g_f,1705886056,pending,Q001,"{""Q001"": ""consensus_estimate_net_zero_before_2085""}",consensus_exact_step2,c444a6eac0c7b6cd317bc71d70e09e8e9d8b0a57308ceb8b4c11921129cc5ae1
G|LP0915|ConsensusExact|step2|attempt_1,G-c94bb7bfd15b3dc2ba64eda9f4945a7417a66028,G,target,LP0915,Consensus,consensus_exact_step2_estimate,1,google/gemma-4-31B-it,cce2d3b8c9ca5b2d2fefb2902c392c153119fd297fdf767fa4da010a60323e8b,ec9f25e6b68d12ca6182161cdc389e0da99a8cff29c47b015f1d07a6633e4cf0,consensus_benchmark_exact_v1,prompt_compiler_v2_split_g_f,1676848452,pending,Q001,"{""Q001"": ""consensus_estimate_net_zero_before_2085""}",consensus_exact_step2,c444a6eac0c7b6cd317bc71d70e09e8e9d8b0a57308ceb8b4c11921129cc5ae1
G|LP0916|ConsensusExact|step2|attempt_1,G-1b795444eecc43787f3dd7e6327fc2b3933ba98c,G,target,LP0916,Consensus,consensus_exact_step2_estimate,1,google/gemma-4-31B-it,3305ab0c8bc9f9005fe86cd021d277e676c17cec9a0126e2ea203fee79627f20,ec9f25e6b68d12ca6182161cdc389e0da99a8cff29c47b015f1d07a6633e4cf0,consensus_benchmark_exact_v1,prompt_compiler_v2_split_g_f,633269250,pending,Q001,"{""Q001"": ""consensus_estimate_net_zero_before_2085""}",consensus_exact_step2,c444a6eac0c7b6cd317bc71d70e09e8e9d8b0a57308ceb8b4c11921129cc5ae1
G|LP0917|ConsensusExact|step2|attempt_1,G-dd04edc8c76e139a1e7dea763940e43bf047a220,G,target,LP0917,Consensus,consensus_exact_step2_estimate,1,google/gemma-4-31B-it,f04393a2e8cb5b00b6c9ef96d04a3cd58138bb37aaf7224a314cd095b685ccd7,ec9f25e6b68d12ca6182161cdc389e0da99a8cff29c47b015f1d07a6633e4cf0,consensus_benchmark_exact_v1,prompt_compiler_v2_split_g_f,24637231,pending,Q001,"{""Q001"": ""consensus_estimate_net_zero_before_2085""}",consensus_exact_step2,c444a6eac0c7b6cd317bc71d70e09e8e9d8b0a57308ceb8b4c11921129cc5ae1
G|LP0918|ConsensusExact|step2|attempt_1,G-81b48195598f519d3c73850b5f6ce2d5173bab68,G,target,LP0918,Consensus,consensus_exact_step2_estimate,1,google/gemma-4-31B-it,eb013bec4a43ac7c22d5ace37c403a1abcd719a44c7cf38c97628f34202a2f4e,ec9f25e6b68d12ca6182161cdc389e0da99a8cff29c47b015f1d07a6633e4cf0,consensus_benchmark_exact_v1,prompt_compiler_v2_split_g_f,1559778505,pending,Q001,"{""Q001"": ""consensus_estimate_net_zero_before_2085""}",consensus_exact_step2,c444a6eac0c7b6cd317bc71d70e09e8e9d8b0a57308ceb8b4c11921129cc5ae1
G|LP0919|ConsensusExact|step2|attempt_1,G-d6cc3abe84b87698e422a1d5e80c778df936c4f2,G,target,LP0919,Consensus,consensus_exact_step2_estimate,1,google/gemma-4-31B-it,df6d541ff654e64b0a8f5e1ce839116a2b98f9bc30031039f8ee3cb00942d8aa,ec9f25e6b68d12ca6182161cdc389e0da99a8cff29c47b015f1d07a6633e4cf0,consensus_benchmark_exact_v1,prompt_compiler_v2_split_g_f,844164120,pending,Q001,"{""Q001"": ""consensus_estimate_net_zero_before_2085""}",consensus_exact_step2,c444a6eac0c7b6cd317bc71d70e09e8e9d8b0a57308ceb8b4c11921129cc5ae1
G|LP0920|ConsensusExact|step2|attempt_1,G-2f292df33f8421ed4fced7e470a7d1e726eed0ee,G,target,LP0920,Consensus,consensus_exact_step2_estimate,1,google/gemma-4-31B-it,76a09b303d3e8442d96443a6a2ddf3f1ea29ba05a909641074074530d9a735f9,ec9f25e6b68d12ca6182161cdc389e0da99a8cff29c47b015f1d07a6633e4cf0,consensus_benchmark_exact_v1,prompt_compiler_v2_split_g_f,500596180,pending,Q001,"{""Q001"": ""consensus_estimate_net_zero_before_2085""}",consensus_exact_step2,c444a6eac0c7b6cd317bc71d70e09e8e9d8b0a57308ceb8b4c11921129cc5ae1
G|LP0921|ConsensusExact|step2|attempt_1,G-75a4900310c149524f02c896be977aa8758c4b4c,G,target,LP0921,Consensus,consensus_exact_step2_estimate,1,google/gemma-4-31B-it,3294ff7efadb2a26277cdd60f6dcc5f4edaefdfa82b20dd20ff970448210829e,ec9f25e6b68d12ca6182161cdc389e0da99a8cff29c47b015f1d07a6633e4cf0,consensus_benchmark_exact_v1,prompt_compiler_v2_split_g_f,2081057113,pending,Q001,"{""Q001"": ""consensus_estimate_net_zero_before_2085""}",consensus_exact_step2,c444a6eac0c7b6cd317bc71d70e09e8e9d8b0a57308ceb8b4c11921129cc5ae1
G|LP0922|ConsensusExact|step2|attempt_1,G-6dbd0bd61b2542d47de88a1063569c2b32e065d7,G,target,LP0922,Consensus,consensus_exact_step2_estimate,1,google/gemma-4-31B-it,81cbfa5677994086d2c1bcb22cdc25533db060d4448af7c4714227eb22ce90a7,ec9f25e6b68d12ca6182161cdc389e0da99a8cff29c47b015f1d07a6633e4cf0,consensus_benchmark_exact_v1,prompt_compiler_v2_split_g_f,1990154881,pending,Q001,"{""Q001"": ""consensus_estimate_net_zero_before_2085""}",consensus_exact_step2,c444a6eac0c7b6cd317bc71d70e09e8e9d8b0a57308ceb8b4c11921129cc5ae1
G|LP0923|ConsensusExact|step2|attempt_1,G-eb774a5e5b8469eb5b6b2ac9cc37296f212d76f2,G,target,LP0923,Consensus,consensus_exact_step2_estimate,1,google/gemma-4-31B-it,76d8e2e52d812fc231aaf3b2f63aa6f5e6eedf8516bf90d90ca592033f729bd7,ec9f25e6b68d12ca6182161cdc389e0da99a8cff29c47b015f1d07a6633e4cf0,consensus_benchmark_exact_v1,prompt_compiler_v2_split_g_f,846397099,pending,Q001,"{""Q001"": ""consensus_estimate_net_zero_before_2085""}",consensus_exact_step2,c444a6eac0c7b6cd317bc71d70e09e8e9d8b0a57308ceb8b4c11921129cc5ae1
G|LP0924|ConsensusExact|step2|attempt_1,G-da632f4582a4ebd96d700bb0aa2a3440980d3c4c,G,target,LP0924,Consensus,consensus_exact_step2_estimate,1,google/gemma-4-31B-it,fdef6355291febf541f3e69f1f2397fa0b31f201c4dad9f9eee3d8fd6bb3722a,ec9f25e6b68d12ca6182161cdc389e0da99a8cff29c47b015f1d07a6633e4cf0,consensus_benchmark_exact_v1,prompt_compiler_v2_split_g_f,929778279,pending,Q001,"{""Q001"": ""consensus_estimate_net_zero_before_2085""}",consensus_exact_step2,c444a6eac0c7b6cd317bc71d70e09e8e9d8b0a57308ceb8b4c11921129cc5ae1
G|LP0925|ConsensusExact|step2|attempt_1,G-41d0d6d981a90b9fdbbe2f9c2906d4f8199c2d2d,G,target,LP0925,Consensus,consensus_exact_step2_estimate,1,google/gemma-4-31B-it,526c0833714191a2c34e41e72abac30444ec621cdbd39fd4665ebaedf6c93815,ec9f25e6b68d12ca6182161cdc389e0da99a8cff29c47b015f1d07a6633e4cf0,consensus_benchmark_exact_v1,prompt_compiler_v2_split_g_f,88783187,pending,Q001,"{""Q001"": ""consensus_estimate_net_zero_before_2085""}",consensus_exact_step2,c444a6eac0c7b6cd317bc71d70e09e8e9d8b0a57308ceb8b4c11921129cc5ae1
G|LP0926|ConsensusExact|step2|attempt_1,G-b9c2bcd28bd4fd8779382aa4839c6ed6a04d6b80,G,target,LP0926,Consensus,consensus_exact_step2_estimate,1,google/gemma-4-31B-it,b9afde23b5fc581832a4a4316ff9c9eea29bc45d484df4c4aa895da127aa02ae,ec9f25e6b68d12ca6182161cdc389e0da99a8cff29c47b015f1d07a6633e4cf0,consensus_benchmark_exact_v1,prompt_compiler_v2_split_g_f,2136635182,pending,Q001,"{""Q001"": ""consensus_estimate_net_zero_before_2085""}",consensus_exact_step2,c444a6eac0c7b6cd317bc71d70e09e8e9d8b0a57308ceb8b4c11921129cc5ae1
G|LP0927|ConsensusExact|step2|attempt_1,G-4484bf3736026a5b52099cfabd35784fdf0fc8d1,G,target,LP0927,Consensus,consensus_exact_step2_estimate,1,google/gemma-4-31B-it,f53faf0f594d4f8c46a72ef44b5ab4e97a9fa0a045476d55ade6ead9100ef2ba,ec9f25e6b68d12ca6182161cdc389e0da99a8cff29c47b015f1d07a6633e4cf0,consensus_benchmark_exact_v1,prompt_compiler_v2_split_g_f,1057745098,pending,Q001,"{""Q001"": ""consensus_estimate_net_zero_before_2085""}",consensus_exact_step2,c444a6eac0c7b6cd317bc71d70e09e8e9d8b0a57308ceb8b4c11921129cc5ae1
G|LP0928|ConsensusExact|step2|attempt_1,G-ea12f049f09766edf52d3e1c5b0e625221e9245f,G,target,LP0928,Consensus,consensus_exact_step2_estimate,1,google/gemma-4-31B-it,46cd2490fea035ff89df307aa7f07608650e7a6433e24d035ea7040d08cf6ecf,ec9f25e6b68d12ca6182161cdc389e0da99a8cff29c47b015f1d07a6633e4cf0,consensus_benchmark_exact_v1,prompt_compiler_v2_split_g_f,1153255300,pending,Q001,"{""Q001"": ""consensus_estimate_net_zero_before_2085""}",consensus_exact_step2,c444a6eac0c7b6cd317bc71d70e09e8e9d8b0a57308ceb8b4c11921129cc5ae1
G|LP0929|ConsensusExact|step2|attempt_1,G-adaca4a7d50a673e0a4e48a7c0d8172fabc32157,G,target,LP0929,Consensus,consensus_exact_step2_estimate,1,google/gemma-4-31B-it,834bcdcb2f5c1ca83d6268910f5ff780b08fde24d0a02aa60e3c38dbe995c8a0,ec9f25e6b68d12ca6182161cdc389e0da99a8cff29c47b015f1d07a6633e4cf0,consensus_benchmark_exact_v1,prompt_compiler_v2_split_g_f,811839632,pending,Q001,"{""Q001"": ""consensus_estimate_net_zero_before_2085""}",consensus_exact_step2,c444a6eac0c7b6cd317bc71d70e09e8e9d8b0a57308ceb8b4c11921129cc5ae1
G|LP0930|ConsensusExact|step2|attempt_1,G-4b49b7bd6880b3e094fa06c9b006f571541ffe91,G,target,LP0930,Consensus,consensus_exact_step2_estimate,1,google/gemma-4-31B-it,8e51594f7535e94008c22ea445a87bb1d2574c12457b1fd8a52028cb11854d24,ec9f25e6b68d12ca6182161cdc389e0da99a8cff29c47b015f1d07a6633e4cf0,consensus_benchmark_exact_v1,prompt_compiler_v2_split_g_f,2132026203,pending,Q001,"{""Q001"": ""consensus_estimate_net_zero_before_2085""}",consensus_exact_step2,c444a6eac0c7b6cd317bc71d70e09e8e9d8b0a57308ceb8b4c11921129cc5ae1
G|LP0931|ConsensusExact|step2|attempt_1,G-a3d1a16b240d9215904cd4cc69b200db1e9cbb26,G,target,LP0931,Consensus,consensus_exact_step2_estimate,1,google/gemma-4-31B-it,39aece821d1e3f0e60934c8233c666a16be63b07762d9ca1f36636ea01541ed5,ec9f25e6b68d12ca6182161cdc389e0da99a8cff29c47b015f1d07a6633e4cf0,consensus_benchmark_exact_v1,prompt_compiler_v2_split_g_f,1806750957,pending,Q001,"{""Q001"": ""consensus_estimate_net_zero_before_2085""}",consensus_exact_step2,c444a6eac0c7b6cd317bc71d70e09e8e9d8b0a57308ceb8b4c11921129cc5ae1
G|LP0932|ConsensusExact|step2|attempt_1,G-16911d398d3fd42233a70f822a024cf35e334cc3,G,target,LP0932,Consensus,consensus_exact_step2_estimate,1,google/gemma-4-31B-it,98d81e0e858a40710e60fd7776c68d829c64486d1cde8e5262388e4d7a64115b,ec9f25e6b68d12ca6182161cdc389e0da99a8cff29c47b015f1d07a6633e4cf0,consensus_benchmark_exact_v1,prompt_compiler_v2_split_g_f,979504789,pending,Q001,"{""Q001"": ""consensus_estimate_net_zero_before_2085""}",consensus_exact_step2,c444a6eac0c7b6cd317bc71d70e09e8e9d8b0a57308ceb8b4c11921129cc5ae1
G|LP0933|ConsensusExact|step2|attempt_1,G-0f81b71f3b5d4d6e889bba7a83e0790b7be57595,G,target,LP0933,Consensus,consensus_exact_step2_estimate,1,google/gemma-4-31B-it,10ae54f8e4e057d8dc4843aab740a8cecda548f4069d9d6014c18e86f7bff634,ec9f25e6b68d12ca6182161cdc389e0da99a8cff29c47b015f1d07a6633e4cf0,consensus_benchmark_exact_v1,prompt_compiler_v2_split_g_f,1516288940,pending,Q001,"{""Q001"": ""consensus_estimate_net_zero_before_2085""}",consensus_exact_step2,c444a6eac0c7b6cd317bc71d70e09e8e9d8b0a57308ceb8b4c11921129cc5ae1
G|LP0934|ConsensusExact|step2|attempt_1,G-768180e5e86d2e97f76e2508914baaa6694b8df4,G,target,LP0934,Consensus,consensus_exact_step2_estimate,1,google/gemma-4-31B-it,f7fadf9d3a234c3700b9ac2bc89caa6d71ece731b75b2dd22e22c3f01cf1a0e4,ec9f25e6b68d12ca6182161cdc389e0da99a8cff29c47b015f1d07a6633e4cf0,consensus_benchmark_exact_v1,prompt_compiler_v2_split_g_f,1433415780,pending,Q001,"{""Q001"": ""consensus_estimate_net_zero_before_2085""}",consensus_exact_step2,c444a6eac0c7b6cd317bc71d70e09e8e9d8b0a57308ceb8b4c11921129cc5ae1
G|LP0935|ConsensusExact|step2|attempt_1,G-38ccabb02064171d4a8585f10b79267fa90f7c04,G,target,LP0935,Consensus,consensus_exact_step2_estimate,1,google/gemma-4-31B-it,5701be5ce56e8ac797ceaeede38c6926f6469a89b119a05005a6a6541c42ea04,ec9f25e6b68d12ca6182161cdc389e0da99a8cff29c47b015f1d07a6633e4cf0,consensus_benchmark_exact_v1,prompt_compiler_v2_split_g_f,301821566,pending,Q001,"{""Q001"": ""consensus_estimate_net_zero_before_2085""}",consensus_exact_step2,c444a6eac0c7b6cd317bc71d70e09e8e9d8b0a57308ceb8b4c11921129cc5ae1
G|LP0936|ConsensusExact|step2|attempt_1,G-f8064062e271da25b1c90be72d1407660bea61e6,G,target,LP0936,Consensus,consensus_exact_step2_estimate,1,google/gemma-4-31B-it,9b3e67739b4cc50083ce1467c57db49ecd93b667add19198f63d357f3883c2b1,ec9f25e6b68d12ca6182161cdc389e0da99a8cff29c47b015f1d07a6633e4cf0,consensus_benchmark_exact_v1,prompt_compiler_v2_split_g_f,1384012526,pending,Q001,"{""Q001"": ""consensus_estimate_net_zero_before_2085""}",consensus_exact_step2,c444a6eac0c7b6cd317bc71d70e09e8e9d8b0a57308ceb8b4c11921129cc5ae1
G|LP0937|ConsensusExact|step2|attempt_1,G-aa5a9dc944f2b4c830010a643590b21f4a9b7a0e,G,target,LP0937,Consensus,consensus_exact_step2_estimate,1,google/gemma-4-31B-it,631f2373f36c50db2a4843c67876cc0ffc8094ef6f98d7bdaf70ff25da0a6ae7,ec9f25e6b68d12ca6182161cdc389e0da99a8cff29c47b015f1d07a6633e4cf0,consensus_benchmark_exact_v1,prompt_compiler_v2_split_g_f,430436445,pending,Q001,"{""Q001"": ""consensus_estimate_net_zero_before_2085""}",consensus_exact_step2,c444a6eac0c7b6cd317bc71d70e09e8e9d8b0a57308ceb8b4c11921129cc5ae1
G|LP0938|ConsensusExact|step2|attempt_1,G-7929c7816136289cc51382fea4921557d554cb40,G,target,LP0938,Consensus,consensus_exact_step2_estimate,1,google/gemma-4-31B-it,ed1989475a025b3de548871fa1581aa370dd674e99b055b08979f190e4f05462,ec9f25e6b68d12ca6182161cdc389e0da99a8cff29c47b015f1d07a6633e4cf0,consensus_benchmark_exact_v1,prompt_compiler_v2_split_g_f,1401534368,pending,Q001,"{""Q001"": ""consensus_estimate_net_zero_before_2085""}",consensus_exact_step2,c444a6eac0c7b6cd317bc71d70e09e8e9d8b0a57308ceb8b4c11921129cc5ae1
G|LP0939|ConsensusExact|step2|attempt_1,G-181cc85757918aa0d45b88e4979079474dd8e28d,G,target,LP0939,Consensus,consensus_exact_step2_estimate,1,google/gemma-4-31B-it,8fcdae66a5ef0d30cacfa9a687f663c112f5721f922bae22a3504a96f67ba232,ec9f25e6b68d12ca6182161cdc389e0da99a8cff29c47b015f1d07a6633e4cf0,consensus_benchmark_exact_v1,prompt_compiler_v2_split_g_f,130751311,pending,Q001,"{""Q001"": ""consensus_estimate_net_zero_before_2085""}",consensus_exact_step2,c444a6eac0c7b6cd317bc71d70e09e8e9d8b0a57308ceb8b4c11921129cc5ae1
G|LP0940|ConsensusExact|step2|attempt_1,G-39d9e0ec5f3c8df6f37eae30ad81f9dafcaf22bf,G,target,LP0940,Consensus,consensus_exact_step2_estimate,1,google/gemma-4-31B-it,03dc0d1536e744bf08012b95e20edf0ae250e42a45ae20cca0b0962ae5fc2020,ec9f25e6b68d12ca6182161cdc389e0da99a8cff29c47b015f1d07a6633e4cf0,consensus_benchmark_exact_v1,prompt_compiler_v2_split_g_f,1391480783,pending,Q001,"{""Q001"": ""consensus_estimate_net_zero_before_2085""}",consensus_exact_step2,c444a6eac0c7b6cd317bc71d70e09e8e9d8b0a57308ceb8b4c11921129cc5ae1
G|LP0941|ConsensusExact|step2|attempt_1,G-029e4f813c73fec4085f0127630e3ec94d33b874,G,target,LP0941,Consensus,consensus_exact_step2_estimate,1,google/gemma-4-31B-it,8ef09a798f3922eb95fcc85a1b144a5e0283599f18f4d2d0e20f5a2473bd3292,ec9f25e6b68d12ca6182161cdc389e0da99a8cff29c47b015f1d07a6633e4cf0,consensus_benchmark_exact_v1,prompt_compiler_v2_split_g_f,1102093766,pending,Q001,"{""Q001"": ""consensus_estimate_net_zero_before_2085""}",consensus_exact_step2,c444a6eac0c7b6cd317bc71d70e09e8e9d8b0a57308ceb8b4c11921129cc5ae1
G|LP0942|ConsensusExact|step2|attempt_1,G-07507a6aec36efdd63f69c8f400fc9380e0de027,G,target,LP0942,Consensus,consensus_exact_step2_estimate,1,google/gemma-4-31B-it,b64308433330cbf5747443b1512777f91be554f8c84243fc2ff3c8e2366bdc8d,ec9f25e6b68d12ca6182161cdc389e0da99a8cff29c47b015f1d07a6633e4cf0,consensus_benchmark_exact_v1,prompt_compiler_v2_split_g_f,2060969138,pending,Q001,"{""Q001"": ""consensus_estimate_net_zero_before_2085""}",consensus_exact_step2,c444a6eac0c7b6cd317bc71d70e09e8e9d8b0a57308ceb8b4c11921129cc5ae1
G|LP0943|ConsensusExact|step2|attempt_1,G-53defc49c025f1a85780563f9e047406908bfd67,G,target,LP0943,Consensus,consensus_exact_step2_estimate,1,google/gemma-4-31B-it,6e3e2a935e74c69d9283da5a85355b35451db8f9f643f3bf3c546b7afccb5066,ec9f25e6b68d12ca6182161cdc389e0da99a8cff29c47b015f1d07a6633e4cf0,consensus_benchmark_exact_v1,prompt_compiler_v2_split_g_f,1742989884,pending,Q001,"{""Q001"": ""consensus_estimate_net_zero_before_2085""}",consensus_exact_step2,c444a6eac0c7b6cd317bc71d70e09e8e9d8b0a57308ceb8b4c11921129cc5ae1
G|LP0944|ConsensusExact|step2|attempt_1,G-0620ee96009d961d4344aaa43e9991377f6a89dc,G,target,LP0944,Consensus,consensus_exact_step2_estimate,1,google/gemma-4-31B-it,1eb70ddfa37fd3bc748e8b04b262efb5ad40642d8cf16c143c0d61b3a39e7e30,ec9f25e6b68d12ca6182161cdc389e0da99a8cff29c47b015f1d07a6633e4cf0,consensus_benchmark_exact_v1,prompt_compiler_v2_split_g_f,215970633,pending,Q001,"{""Q001"": ""consensus_estimate_net_zero_before_2085""}",consensus_exact_step2,c444a6eac0c7b6cd317bc71d70e09e8e9d8b0a57308ceb8b4c11921129cc5ae1
G|LP0945|ConsensusExact|step2|attempt_1,G-91243140f295e5b76fac3b92df6faf8a49d97ad1,G,target,LP0945,Consensus,consensus_exact_step2_estimate,1,google/gemma-4-31B-it,5fd91128422ba3826101ba1b20d3438831946712bcd5244ce09718595fcc66fa,ec9f25e6b68d12ca6182161cdc389e0da99a8cff29c47b015f1d07a6633e4cf0,consensus_benchmark_exact_v1,prompt_compiler_v2_split_g_f,350111803,pending,Q001,"{""Q001"": ""consensus_estimate_net_zero_before_2085""}",consensus_exact_step2,c444a6eac0c7b6cd317bc71d70e09e8e9d8b0a57308ceb8b4c11921129cc5ae1
G|LP0946|ConsensusExact|step2|attempt_1,G-3a62a7d4a8695239180252f9fdf17b66ed20e547,G,target,LP0946,Consensus,consensus_exact_step2_estimate,1,google/gemma-4-31B-it,e3fe9ba86ee9b8d03701469c0bc6c8c4ed1d15098942953a0a153e4c381547ef,ec9f25e6b68d12ca6182161cdc389e0da99a8cff29c47b015f1d07a6633e4cf0,consensus_benchmark_exact_v1,prompt_compiler_v2_split_g_f,489595363,pending,Q001,"{""Q001"": ""consensus_estimate_net_zero_before_2085""}",consensus_exact_step2,c444a6eac0c7b6cd317bc71d70e09e8e9d8b0a57308ceb8b4c11921129cc5ae1
G|LP0947|ConsensusExact|step2|attempt_1,G-6450560dc647b78a9ea88d020701b7fc49f6ff62,G,target,LP0947,Consensus,consensus_exact_step2_estimate,1,google/gemma-4-31B-it,490c2b013ce5144396ac772002f25f197ece3928b5c43e2de422d91503f685cd,ec9f25e6b68d12ca6182161cdc389e0da99a8cff29c47b015f1d07a6633e4cf0,consensus_benchmark_exact_v1,prompt_compiler_v2_split_g_f,250110887,pending,Q001,"{""Q001"": ""consensus_estimate_net_zero_before_2085""}",consensus_exact_step2,c444a6eac0c7b6cd317bc71d70e09e8e9d8b0a57308ceb8b4c11921129cc5ae1
G|LP0948|ConsensusExact|step2|attempt_1,G-a2978b03aca4301674bb2fe9e828d583d02de762,G,target,LP0948,Consensus,consensus_exact_step2_estimate,1,google/gemma-4-31B-it,4d405ab59aed192bb9611f8ad24162281fed5408b94a156f2ec3a12d86516e6c,ec9f25e6b68d12ca6182161cdc389e0da99a8cff29c47b015f1d07a6633e4cf0,consensus_benchmark_exact_v1,prompt_compiler_v2_split_g_f,1909671455,pending,Q001,"{""Q001"": ""consensus_estimate_net_zero_before_2085""}",consensus_exact_step2,c444a6eac0c7b6cd317bc71d70e09e8e9d8b0a57308ceb8b4c11921129cc5ae1
G|LP0949|ConsensusExact|step2|attempt_1,G-786f77fb25faf4ebd6b7c2a7c5248b3fd9dce980,G,target,LP0949,Consensus,consensus_exact_step2_estimate,1,google/gemma-4-31B-it,eec053bfeb2a059f9dd229e52088b179d9a5d3d42d31cbfaea1be53ee733ac77,ec9f25e6b68d12ca6182161cdc389e0da99a8cff29c47b015f1d07a6633e4cf0,consensus_benchmark_exact_v1,prompt_compiler_v2_split_g_f,383378659,pending,Q001,"{""Q001"": ""consensus_estimate_net_zero_before_2085""}",consensus_exact_step2,c444a6eac0c7b6cd317bc71d70e09e8e9d8b0a57308ceb8b4c11921129cc5ae1
G|LP0950|ConsensusExact|step2|attempt_1,G-f5ab10191ad96eb35e937c0370b8f8b3cffac5f0,G,target,LP0950,Consensus,consensus_exact_step2_estimate,1,google/gemma-4-31B-it,13c94c4897582f37047a740aff234218cdc1204aef04dcbab1af777c7964b291,ec9f25e6b68d12ca6182161cdc389e0da99a8cff29c47b015f1d07a6633e4cf0,consensus_benchmark_exact_v1,prompt_compiler_v2_split_g_f,103780073,pending,Q001,"{""Q001"": ""consensus_estimate_net_zero_before_2085""}",consensus_exact_step2,c444a6eac0c7b6cd317bc71d70e09e8e9d8b0a57308ceb8b4c11921129cc5ae1
G|LP0951|ConsensusExact|step2|attempt_1,G-4a550391d9f1ad7cfad134e4193164514f438cd1,G,target,LP0951,Consensus,consensus_exact_step2_estimate,1,google/gemma-4-31B-it,c46800868155fe9f5f794423a09054022e0a9da5f7087d501f990fe6ba9216dc,ec9f25e6b68d12ca6182161cdc389e0da99a8cff29c47b015f1d07a6633e4cf0,consensus_benchmark_exact_v1,prompt_compiler_v2_split_g_f,1855698080,pending,Q001,"{""Q001"": ""consensus_estimate_net_zero_before_2085""}",consensus_exact_step2,c444a6eac0c7b6cd317bc71d70e09e8e9d8b0a57308ceb8b4c11921129cc5ae1
G|LP0952|ConsensusExact|step2|attempt_1,G-fb25bc6e87a8f9fc3737186b361cca971a828a8f,G,target,LP0952,Consensus,consensus_exact_step2_estimate,1,google/gemma-4-31B-it,9f20fa21c46de66fc9d6fd0bfc1f408634a0d0da7f785e32fb436a27956cf9ad,ec9f25e6b68d12ca6182161cdc389e0da99a8cff29c47b015f1d07a6633e4cf0,consensus_benchmark_exact_v1,prompt_compiler_v2_split_g_f,2113172188,pending,Q001,"{""Q001"": ""consensus_estimate_net_zero_before_2085""}",consensus_exact_step2,c444a6eac0c7b6cd317bc71d70e09e8e9d8b0a57308ceb8b4c11921129cc5ae1
G|LP0953|ConsensusExact|step2|attempt_1,G-ae57f6bebeca19e5b61bc53969f3c3836871881a,G,target,LP0953,Consensus,consensus_exact_step2_estimate,1,google/gemma-4-31B-it,534e44efa18e2394843b45c0e128c85c155ea1e9cd82430397fe93af04f1e2d2,ec9f25e6b68d12ca6182161cdc389e0da99a8cff29c47b015f1d07a6633e4cf0,consensus_benchmark_exact_v1,prompt_compiler_v2_split_g_f,460982117,pending,Q001,"{""Q001"": ""consensus_estimate_net_zero_before_2085""}",consensus_exact_step2,c444a6eac0c7b6cd317bc71d70e09e8e9d8b0a57308ceb8b4c11921129cc5ae1
G|LP0954|ConsensusExact|step2|attempt_1,G-a037ca3cdb6df2a1b640fe8f85ff1ae246b75a84,G,target,LP0954,Consensus,consensus_exact_step2_estimate,1,google/gemma-4-31B-it,c4280fde0073bb4ce3a7187f5909676011298066cfc8fdb58a8815ae04a8f7c1,ec9f25e6b68d12ca6182161cdc389e0da99a8cff29c47b015f1d07a6633e4cf0,consensus_benchmark_exact_v1,prompt_compiler_v2_split_g_f,467502877,pending,Q001,"{""Q001"": ""consensus_estimate_net_zero_before_2085""}",consensus_exact_step2,c444a6eac0c7b6cd317bc71d70e09e8e9d8b0a57308ceb8b4c11921129cc5ae1
G|LP0955|ConsensusExact|step2|attempt_1,G-074e480578ed3ae8903c831cf313fc5f5776efa1,G,target,LP0955,Consensus,consensus_exact_step2_estimate,1,google/gemma-4-31B-it,9f937eb6038ef8fa75f4e61d0032299d6333ede37fd835896ec63fb72710d57b,ec9f25e6b68d12ca6182161cdc389e0da99a8cff29c47b015f1d07a6633e4cf0,consensus_benchmark_exact_v1,prompt_compiler_v2_split_g_f,126470899,pending,Q001,"{""Q001"": ""consensus_estimate_net_zero_before_2085""}",consensus_exact_step2,c444a6eac0c7b6cd317bc71d70e09e8e9d8b0a57308ceb8b4c11921129cc5ae1
G|LP0956|ConsensusExact|step2|attempt_1,G-90da16c7a68ce7272b3efde6d97d66b5e9f42afb,G,target,LP0956,Consensus,consensus_exact_step2_estimate,1,google/gemma-4-31B-it,2250f1c7c7355d1202895a50bbbd2fbd5ef80e9af31b1adc8e8f09c70eaa69af,ec9f25e6b68d12ca6182161cdc389e0da99a8cff29c47b015f1d07a6633e4cf0,consensus_benchmark_exact_v1,prompt_compiler_v2_split_g_f,1212224696,pending,Q001,"{""Q001"": ""consensus_estimate_net_zero_before_2085""}",consensus_exact_step2,c444a6eac0c7b6cd317bc71d70e09e8e9d8b0a57308ceb8b4c11921129cc5ae1
G|LP0957|ConsensusExact|step2|attempt_1,G-106d56efce1741f078a85f1ad95aae79a507d93e,G,target,LP0957,Consensus,consensus_exact_step2_estimate,1,google/gemma-4-31B-it,34a5ad15ab2b5b274dd4ca36176f342297da16c2cde65acf97a1c01dd9adacbf,ec9f25e6b68d12ca6182161cdc389e0da99a8cff29c47b015f1d07a6633e4cf0,consensus_benchmark_exact_v1,prompt_compiler_v2_split_g_f,1861349327,pending,Q001,"{""Q001"": ""consensus_estimate_net_zero_before_2085""}",consensus_exact_step2,c444a6eac0c7b6cd317bc71d70e09e8e9d8b0a57308ceb8b4c11921129cc5ae1
G|LP0958|ConsensusExact|step2|attempt_1,G-8dc4a80e46212ac4ce5d452e18ff861c54aba0f9,G,target,LP0958,Consensus,consensus_exact_step2_estimate,1,google/gemma-4-31B-it,5fb0979bbb0e7729aa0e103f3ccb782c31550c3e17400ca9e09a997516c0f028,ec9f25e6b68d12ca6182161cdc389e0da99a8cff29c47b015f1d07a6633e4cf0,consensus_benchmark_exact_v1,prompt_compiler_v2_split_g_f,1638562530,pending,Q001,"{""Q001"": ""consensus_estimate_net_zero_before_2085""}",consensus_exact_step2,c444a6eac0c7b6cd317bc71d70e09e8e9d8b0a57308ceb8b4c11921129cc5ae1
G|LP0959|ConsensusExact|step2|attempt_1,G-2a90e7442091c749c44ed202ff2d04a16610f124,G,target,LP0959,Consensus,consensus_exact_step2_estimate,1,google/gemma-4-31B-it,e8192df997e020d366f96f3931e9a21f3026fe3f30f7a489829dd657b304474f,ec9f25e6b68d12ca6182161cdc389e0da99a8cff29c47b015f1d07a6633e4cf0,consensus_benchmark_exact_v1,prompt_compiler_v2_split_g_f,1974703569,pending,Q001,"{""Q001"": ""consensus_estimate_net_zero_before_2085""}",consensus_exact_step2,c444a6eac0c7b6cd317bc71d70e09e8e9d8b0a57308ceb8b4c11921129cc5ae1
G|LP0960|ConsensusExact|step2|attempt_1,G-7d7f65eced6cea1e0d7a51cf483867925e6acdba,G,target,LP0960,Consensus,consensus_exact_step2_estimate,1,google/gemma-4-31B-it,1ae52abf23392f24748b03e416430c1b9f4c8f2cd3e75f7f85e82c17f15c8e54,ec9f25e6b68d12ca6182161cdc389e0da99a8cff29c47b015f1d07a6633e4cf0,consensus_benchmark_exact_v1,prompt_compiler_v2_split_g_f,1751889401,pending,Q001,"{""Q001"": ""consensus_estimate_net_zero_before_2085""}",consensus_exact_step2,c444a6eac0c7b6cd317bc71d70e09e8e9d8b0a57308ceb8b4c11921129cc5ae1
G|LP0961|ConsensusExact|step2|attempt_1,G-dbaa88a5dfa9e9b9c47fa33076df6819247c0a88,G,target,LP0961,Consensus,consensus_exact_step2_estimate,1,google/gemma-4-31B-it,5cd64dd52e72d8c494c0f80d65f66e8820d58db15fea94bdcb2bab78ca431801,ec9f25e6b68d12ca6182161cdc389e0da99a8cff29c47b015f1d07a6633e4cf0,consensus_benchmark_exact_v1,prompt_compiler_v2_split_g_f,385809160,pending,Q001,"{""Q001"": ""consensus_estimate_net_zero_before_2085""}",consensus_exact_step2,c444a6eac0c7b6cd317bc71d70e09e8e9d8b0a57308ceb8b4c11921129cc5ae1
G|LP0962|ConsensusExact|step2|attempt_1,G-27f334f896d82028b1ded25509ef9a53f238e1aa,G,target,LP0962,Consensus,consensus_exact_step2_estimate,1,google/gemma-4-31B-it,8bd8b3e89f3571c1303f16af4d2c10e75e1825c88240c123add83f767bff9233,ec9f25e6b68d12ca6182161cdc389e0da99a8cff29c47b015f1d07a6633e4cf0,consensus_benchmark_exact_v1,prompt_compiler_v2_split_g_f,1723763225,pending,Q001,"{""Q001"": ""consensus_estimate_net_zero_before_2085""}",consensus_exact_step2,c444a6eac0c7b6cd317bc71d70e09e8e9d8b0a57308ceb8b4c11921129cc5ae1
G|LP0963|ConsensusExact|step2|attempt_1,G-cc40da92972d73fd1c7b74cb04ff054e9b847db0,G,target,LP0963,Consensus,consensus_exact_step2_estimate,1,google/gemma-4-31B-it,a85d1a235d35c6886606f0bc8378928920e6252dee11a054635b75600b6a4b21,ec9f25e6b68d12ca6182161cdc389e0da99a8cff29c47b015f1d07a6633e4cf0,consensus_benchmark_exact_v1,prompt_compiler_v2_split_g_f,800008485,pending,Q001,"{""Q001"": ""consensus_estimate_net_zero_before_2085""}",consensus_exact_step2,c444a6eac0c7b6cd317bc71d70e09e8e9d8b0a57308ceb8b4c11921129cc5ae1
G|LP0964|ConsensusExact|step2|attempt_1,G-0bd18ae773da39b4cb20d38cc129e5d0287a4b83,G,target,LP0964,Consensus,consensus_exact_step2_estimate,1,google/gemma-4-31B-it,44ab7835c6ac8489a495a346444651b1e7aa1fd69193c1931bd87df92e33f1de,ec9f25e6b68d12ca6182161cdc389e0da99a8cff29c47b015f1d07a6633e4cf0,consensus_benchmark_exact_v1,prompt_compiler_v2_split_g_f,192761731,pending,Q001,"{""Q001"": ""consensus_estimate_net_zero_before_2085""}",consensus_exact_step2,c444a6eac0c7b6cd317bc71d70e09e8e9d8b0a57308ceb8b4c11921129cc5ae1
G|LP0965|ConsensusExact|step2|attempt_1,G-ad5c06c22d4755c7ea20ff9ba1202f8994ebd72c,G,target,LP0965,Consensus,consensus_exact_step2_estimate,1,google/gemma-4-31B-it,43a9ab958b7e2a6b0d941829be04283e687ed2d34bcd1146a13cb12098751116,ec9f25e6b68d12ca6182161cdc389e0da99a8cff29c47b015f1d07a6633e4cf0,consensus_benchmark_exact_v1,prompt_compiler_v2_split_g_f,134177614,pending,Q001,"{""Q001"": ""consensus_estimate_net_zero_before_2085""}",consensus_exact_step2,c444a6eac0c7b6cd317bc71d70e09e8e9d8b0a57308ceb8b4c11921129cc5ae1
G|LP0966|ConsensusExact|step2|attempt_1,G-fe43fc1c63e339a9700b7ac86cf8046cff217cf4,G,target,LP0966,Consensus,consensus_exact_step2_estimate,1,google/gemma-4-31B-it,ff2d9e92d4935811a1a4aa54f310fe216a7ebda2857c33bb6002808550cb842c,ec9f25e6b68d12ca6182161cdc389e0da99a8cff29c47b015f1d07a6633e4cf0,consensus_benchmark_exact_v1,prompt_compiler_v2_split_g_f,1617637861,pending,Q001,"{""Q001"": ""consensus_estimate_net_zero_before_2085""}",consensus_exact_step2,c444a6eac0c7b6cd317bc71d70e09e8e9d8b0a57308ceb8b4c11921129cc5ae1
G|LP0967|ConsensusExact|step2|attempt_1,G-c5ecc41b2d03881e51a8dfc23bc3a845cd1e8f27,G,target,LP0967,Consensus,consensus_exact_step2_estimate,1,google/gemma-4-31B-it,af57186bf45406c552255676f6a3837dd45f77d8f03cea98dc98de4b8fafdc9c,ec9f25e6b68d12ca6182161cdc389e0da99a8cff29c47b015f1d07a6633e4cf0,consensus_benchmark_exact_v1,prompt_compiler_v2_split_g_f,954011735,pending,Q001,"{""Q001"": ""consensus_estimate_net_zero_before_2085""}",consensus_exact_step2,c444a6eac0c7b6cd317bc71d70e09e8e9d8b0a57308ceb8b4c11921129cc5ae1
G|LP0968|ConsensusExact|step2|attempt_1,G-291a21aa52cee76e1b7da33248c2db37291fc18d,G,target,LP0968,Consensus,consensus_exact_step2_estimate,1,google/gemma-4-31B-it,7b710fb7fc8e8753879c6f9a26759dfb7e865279bf867cac5c5bd5d1668f6a69,ec9f25e6b68d12ca6182161cdc389e0da99a8cff29c47b015f1d07a6633e4cf0,consensus_benchmark_exact_v1,prompt_compiler_v2_split_g_f,620964547,pending,Q001,"{""Q001"": ""consensus_estimate_net_zero_before_2085""}",consensus_exact_step2,c444a6eac0c7b6cd317bc71d70e09e8e9d8b0a57308ceb8b4c11921129cc5ae1
G|LP0969|ConsensusExact|step2|attempt_1,G-06d08546a97b7883d4d870720b4bae7d572e24b9,G,target,LP0969,Consensus,consensus_exact_step2_estimate,1,google/gemma-4-31B-it,71572f1b6d136c7743c0322fb6808cde945ca890462c2399cbdfcfb9186060c4,ec9f25e6b68d12ca6182161cdc389e0da99a8cff29c47b015f1d07a6633e4cf0,consensus_benchmark_exact_v1,prompt_compiler_v2_split_g_f,924615440,pending,Q001,"{""Q001"": ""consensus_estimate_net_zero_before_2085""}",consensus_exact_step2,c444a6eac0c7b6cd317bc71d70e09e8e9d8b0a57308ceb8b4c11921129cc5ae1
G|LP0970|ConsensusExact|step2|attempt_1,G-af6586ea019d94b8cda8053b743bd611c792529a,G,target,LP0970,Consensus,consensus_exact_step2_estimate,1,google/gemma-4-31B-it,63e2583fe67e620bf6fb1e70087c46293257fad1e5996ed301c5ed4214efa15b,ec9f25e6b68d12ca6182161cdc389e0da99a8cff29c47b015f1d07a6633e4cf0,consensus_benchmark_exact_v1,prompt_compiler_v2_split_g_f,1617470094,pending,Q001,"{""Q001"": ""consensus_estimate_net_zero_before_2085""}",consensus_exact_step2,c444a6eac0c7b6cd317bc71d70e09e8e9d8b0a57308ceb8b4c11921129cc5ae1
G|LP0971|ConsensusExact|step2|attempt_1,G-f3d167289e79e2501e3e4832d7a7ff3f908293b9,G,target,LP0971,Consensus,consensus_exact_step2_estimate,1,google/gemma-4-31B-it,9bf96edb421d54441a0b33c7e92793f0d62969c3c2e116b657745df2dca11c9e,ec9f25e6b68d12ca6182161cdc389e0da99a8cff29c47b015f1d07a6633e4cf0,consensus_benchmark_exact_v1,prompt_compiler_v2_split_g_f,102543525,pending,Q001,"{""Q001"": ""consensus_estimate_net_zero_before_2085""}",consensus_exact_step2,c444a6eac0c7b6cd317bc71d70e09e8e9d8b0a57308ceb8b4c11921129cc5ae1
G|LP0972|ConsensusExact|step2|attempt_1,G-e3841f2ddabde9ea1850c059bb0e0cd974a83ece,G,target,LP0972,Consensus,consensus_exact_step2_estimate,1,google/gemma-4-31B-it,1f97b1ccccdab5605012756ac2731f7a0ca0b1d8deaf5acd40327fe1a380c94d,ec9f25e6b68d12ca6182161cdc389e0da99a8cff29c47b015f1d07a6633e4cf0,consensus_benchmark_exact_v1,prompt_compiler_v2_split_g_f,566634569,pending,Q001,"{""Q001"": ""consensus_estimate_net_zero_before_2085""}",consensus_exact_step2,c444a6eac0c7b6cd317bc71d70e09e8e9d8b0a57308ceb8b4c11921129cc5ae1
G|LP0973|ConsensusExact|step2|attempt_1,G-3baa6aa7b7a63fe667a4c10e5a28e69a374954d8,G,target,LP0973,Consensus,consensus_exact_step2_estimate,1,google/gemma-4-31B-it,62936a54ebf0981c09e31d35a4eac6cafd1d3bb1cb5288b207a95b0b1600cd4d,ec9f25e6b68d12ca6182161cdc389e0da99a8cff29c47b015f1d07a6633e4cf0,consensus_benchmark_exact_v1,prompt_compiler_v2_split_g_f,788206902,pending,Q001,"{""Q001"": ""consensus_estimate_net_zero_before_2085""}",consensus_exact_step2,c444a6eac0c7b6cd317bc71d70e09e8e9d8b0a57308ceb8b4c11921129cc5ae1
G|LP0974|ConsensusExact|step2|attempt_1,G-8dbccfc760c5c1060ec672b752e2cef0dadfd9a0,G,target,LP0974,Consensus,consensus_exact_step2_estimate,1,google/gemma-4-31B-it,1c190d69fc36117dfa1de598f8f74d2ff70caff1a690bf4265353b59144ff90d,ec9f25e6b68d12ca6182161cdc389e0da99a8cff29c47b015f1d07a6633e4cf0,consensus_benchmark_exact_v1,prompt_compiler_v2_split_g_f,2084528278,pending,Q001,"{""Q001"": ""consensus_estimate_net_zero_before_2085""}",consensus_exact_step2,c444a6eac0c7b6cd317bc71d70e09e8e9d8b0a57308ceb8b4c11921129cc5ae1
G|LP0975|ConsensusExact|step2|attempt_1,G-4c9eac43c19dc5b52cdbb2b68bf09cfdfe80855c,G,target,LP0975,Consensus,consensus_exact_step2_estimate,1,google/gemma-4-31B-it,9005b121de3b58d75690da11554158a8d49f66615a8a6b6c9d3f76b5828ecedc,ec9f25e6b68d12ca6182161cdc389e0da99a8cff29c47b015f1d07a6633e4cf0,consensus_benchmark_exact_v1,prompt_compiler_v2_split_g_f,1524309565,pending,Q001,"{""Q001"": ""consensus_estimate_net_zero_before_2085""}",consensus_exact_step2,c444a6eac0c7b6cd317bc71d70e09e8e9d8b0a57308ceb8b4c11921129cc5ae1
G|LP0976|ConsensusExact|step2|attempt_1,G-51cf023075ecfca9f883d054f038aa8665200f50,G,target,LP0976,Consensus,consensus_exact_step2_estimate,1,google/gemma-4-31B-it,ddb8b5fbbba11245618fae9af5fd9654a2e2891ed0f087426f22ea0fc668f86a,ec9f25e6b68d12ca6182161cdc389e0da99a8cff29c47b015f1d07a6633e4cf0,consensus_benchmark_exact_v1,prompt_compiler_v2_split_g_f,428540171,pending,Q001,"{""Q001"": ""consensus_estimate_net_zero_before_2085""}",consensus_exact_step2,c444a6eac0c7b6cd317bc71d70e09e8e9d8b0a57308ceb8b4c11921129cc5ae1
G|LP0977|ConsensusExact|step2|attempt_1,G-503cc9b18d26f992f3cee79a73df2c31b36d6b1a,G,target,LP0977,Consensus,consensus_exact_step2_estimate,1,google/gemma-4-31B-it,ae7b47a33dcf6599cb031c18326ed22d8eb3ee0c0018a346bde9125fa1b8f2ec,ec9f25e6b68d12ca6182161cdc389e0da99a8cff29c47b015f1d07a6633e4cf0,consensus_benchmark_exact_v1,prompt_compiler_v2_split_g_f,765496566,pending,Q001,"{""Q001"": ""consensus_estimate_net_zero_before_2085""}",consensus_exact_step2,c444a6eac0c7b6cd317bc71d70e09e8e9d8b0a57308ceb8b4c11921129cc5ae1
G|LP0978|ConsensusExact|step2|attempt_1,G-3f3f64974f1730f7e942984561c089213e37721e,G,target,LP0978,Consensus,consensus_exact_step2_estimate,1,google/gemma-4-31B-it,8decf5a650573536a067e9efdc2ebf2b1a2e8eb353e90c2181829976fadfd0f4,ec9f25e6b68d12ca6182161cdc389e0da99a8cff29c47b015f1d07a6633e4cf0,consensus_benchmark_exact_v1,prompt_compiler_v2_split_g_f,1301674534,pending,Q001,"{""Q001"": ""consensus_estimate_net_zero_before_2085""}",consensus_exact_step2,c444a6eac0c7b6cd317bc71d70e09e8e9d8b0a57308ceb8b4c11921129cc5ae1
G|LP0979|ConsensusExact|step2|attempt_1,G-7fda89262acf06950e0a12f41c9f8badfedc23b7,G,target,LP0979,Consensus,consensus_exact_step2_estimate,1,google/gemma-4-31B-it,714e21270cfa934edf4d6c8bd4e8965ed9fb49822b57dabee38717d1918116c9,ec9f25e6b68d12ca6182161cdc389e0da99a8cff29c47b015f1d07a6633e4cf0,consensus_benchmark_exact_v1,prompt_compiler_v2_split_g_f,713300195,pending,Q001,"{""Q001"": ""consensus_estimate_net_zero_before_2085""}",consensus_exact_step2,c444a6eac0c7b6cd317bc71d70e09e8e9d8b0a57308ceb8b4c11921129cc5ae1
G|LP0980|ConsensusExact|step2|attempt_1,G-b96daa1fe27a947eee09c0f8c5aa9bb45719d399,G,target,LP0980,Consensus,consensus_exact_step2_estimate,1,google/gemma-4-31B-it,3a40437fdc25e25df5fd479017f389419998cd16d1360d6bc9457ce901ea14e0,ec9f25e6b68d12ca6182161cdc389e0da99a8cff29c47b015f1d07a6633e4cf0,consensus_benchmark_exact_v1,prompt_compiler_v2_split_g_f,1431693504,pending,Q001,"{""Q001"": ""consensus_estimate_net_zero_before_2085""}",consensus_exact_step2,c444a6eac0c7b6cd317bc71d70e09e8e9d8b0a57308ceb8b4c11921129cc5ae1
G|LP0981|ConsensusExact|step2|attempt_1,G-eb1ce4961411212c76942ac0bae457ba324a8cad,G,target,LP0981,Consensus,consensus_exact_step2_estimate,1,google/gemma-4-31B-it,1e4142457bac2a1ed49e2fece8811ddb7c589d49b82d39542577aeec815fbea0,ec9f25e6b68d12ca6182161cdc389e0da99a8cff29c47b015f1d07a6633e4cf0,consensus_benchmark_exact_v1,prompt_compiler_v2_split_g_f,1783294555,pending,Q001,"{""Q001"": ""consensus_estimate_net_zero_before_2085""}",consensus_exact_step2,c444a6eac0c7b6cd317bc71d70e09e8e9d8b0a57308ceb8b4c11921129cc5ae1
G|LP0982|ConsensusExact|step2|attempt_1,G-2c44b30de08495bd4158cb5ecd25fa59fa966ab8,G,target,LP0982,Consensus,consensus_exact_step2_estimate,1,google/gemma-4-31B-it,c010cce4af358e1c3b6c102d2432035f4538ab42d0aecce047ba4cbcb5547be4,ec9f25e6b68d12ca6182161cdc389e0da99a8cff29c47b015f1d07a6633e4cf0,consensus_benchmark_exact_v1,prompt_compiler_v2_split_g_f,957217753,pending,Q001,"{""Q001"": ""consensus_estimate_net_zero_before_2085""}",consensus_exact_step2,c444a6eac0c7b6cd317bc71d70e09e8e9d8b0a57308ceb8b4c11921129cc5ae1
G|LP0983|ConsensusExact|step2|attempt_1,G-b7ad7f51f55bcabc2abb9275e441cc2e61f4981c,G,target,LP0983,Consensus,consensus_exact_step2_estimate,1,google/gemma-4-31B-it,85bb19a0e28ee114c68ae470f96f2ea1edbbc55a17f97a35cff371ccd34f117b,ec9f25e6b68d12ca6182161cdc389e0da99a8cff29c47b015f1d07a6633e4cf0,consensus_benchmark_exact_v1,prompt_compiler_v2_split_g_f,1689700706,pending,Q001,"{""Q001"": ""consensus_estimate_net_zero_before_2085""}",consensus_exact_step2,c444a6eac0c7b6cd317bc71d70e09e8e9d8b0a57308ceb8b4c11921129cc5ae1
G|LP0984|ConsensusExact|step2|attempt_1,G-ccdfc1f93d77dca418e715ddb68168dca3d69cb7,G,target,LP0984,Consensus,consensus_exact_step2_estimate,1,google/gemma-4-31B-it,3ccda04c89992e73af18a75390617054a65d4fdf779eb7e16a3f54c3e757280d,ec9f25e6b68d12ca6182161cdc389e0da99a8cff29c47b015f1d07a6633e4cf0,consensus_benchmark_exact_v1,prompt_compiler_v2_split_g_f,1463247001,pending,Q001,"{""Q001"": ""consensus_estimate_net_zero_before_2085""}",consensus_exact_step2,c444a6eac0c7b6cd317bc71d70e09e8e9d8b0a57308ceb8b4c11921129cc5ae1
G|LP0985|ConsensusExact|step2|attempt_1,G-38ca944e3a079bd6281ea2be859d68f5ced57f08,G,target,LP0985,Consensus,consensus_exact_step2_estimate,1,google/gemma-4-31B-it,e47200d9776dab329fcca0d954aeb84dd020e57cf17a2bb2dfc47de1ff5af964,ec9f25e6b68d12ca6182161cdc389e0da99a8cff29c47b015f1d07a6633e4cf0,consensus_benchmark_exact_v1,prompt_compiler_v2_split_g_f,731694195,pending,Q001,"{""Q001"": ""consensus_estimate_net_zero_before_2085""}",consensus_exact_step2,c444a6eac0c7b6cd317bc71d70e09e8e9d8b0a57308ceb8b4c11921129cc5ae1
G|LP0986|ConsensusExact|step2|attempt_1,G-82abc9ac9f55a7ed0289a6f495d74163eb2412f7,G,target,LP0986,Consensus,consensus_exact_step2_estimate,1,google/gemma-4-31B-it,e0374d3bd9c91d66b8ac8fd26ce357e01d455c529a45dbc1f25fe469813c04a8,ec9f25e6b68d12ca6182161cdc389e0da99a8cff29c47b015f1d07a6633e4cf0,consensus_benchmark_exact_v1,prompt_compiler_v2_split_g_f,615332680,pending,Q001,"{""Q001"": ""consensus_estimate_net_zero_before_2085""}",consensus_exact_step2,c444a6eac0c7b6cd317bc71d70e09e8e9d8b0a57308ceb8b4c11921129cc5ae1
G|LP0987|ConsensusExact|step2|attempt_1,G-2a27ecae75953b6b0e16aedc00305705704244cb,G,target,LP0987,Consensus,consensus_exact_step2_estimate,1,google/gemma-4-31B-it,8e8f890d6cc3eb64e2d7cb5e0a75f66d0713c841c7f5a40e54ebe2d38b32445f,ec9f25e6b68d12ca6182161cdc389e0da99a8cff29c47b015f1d07a6633e4cf0,consensus_benchmark_exact_v1,prompt_compiler_v2_split_g_f,1239749832,pending,Q001,"{""Q001"": ""consensus_estimate_net_zero_before_2085""}",consensus_exact_step2,c444a6eac0c7b6cd317bc71d70e09e8e9d8b0a57308ceb8b4c11921129cc5ae1
G|LP0988|ConsensusExact|step2|attempt_1,G-39e370fb12639146646d593858d3d70061c75cca,G,target,LP0988,Consensus,consensus_exact_step2_estimate,1,google/gemma-4-31B-it,892d78ff837de4e5b882ea31a38feaf4c7b15a6e050b371ce5dd9d6da9c7f0e4,ec9f25e6b68d12ca6182161cdc389e0da99a8cff29c47b015f1d07a6633e4cf0,consensus_benchmark_exact_v1,prompt_compiler_v2_split_g_f,103445309,pending,Q001,"{""Q001"": ""consensus_estimate_net_zero_before_2085""}",consensus_exact_step2,c444a6eac0c7b6cd317bc71d70e09e8e9d8b0a57308ceb8b4c11921129cc5ae1
G|LP0989|ConsensusExact|step2|attempt_1,G-e645e14fd3bbfd109368ae34abd633f3419452ca,G,target,LP0989,Consensus,consensus_exact_step2_estimate,1,google/gemma-4-31B-it,a5c51d238875946a7a4e1e9d12fd92c35c7b3e97525fd4741d227fe2f4f06b69,ec9f25e6b68d12ca6182161cdc389e0da99a8cff29c47b015f1d07a6633e4cf0,consensus_benchmark_exact_v1,prompt_compiler_v2_split_g_f,541573043,pending,Q001,"{""Q001"": ""consensus_estimate_net_zero_before_2085""}",consensus_exact_step2,c444a6eac0c7b6cd317bc71d70e09e8e9d8b0a57308ceb8b4c11921129cc5ae1
G|LP0990|ConsensusExact|step2|attempt_1,G-01e0da8caf5e86c415487341ea3bca8fd7065160,G,target,LP0990,Consensus,consensus_exact_step2_estimate,1,google/gemma-4-31B-it,7a8d1c7e87f909d61f8e41e6df044f65273c79bf5940b57e17a1e588ae244168,ec9f25e6b68d12ca6182161cdc389e0da99a8cff29c47b015f1d07a6633e4cf0,consensus_benchmark_exact_v1,prompt_compiler_v2_split_g_f,857750493,pending,Q001,"{""Q001"": ""consensus_estimate_net_zero_before_2085""}",consensus_exact_step2,c444a6eac0c7b6cd317bc71d70e09e8e9d8b0a57308ceb8b4c11921129cc5ae1
G|LP0991|ConsensusExact|step2|attempt_1,G-0bce1ba8291f07ea0cb1b33af7e0bdbe0376e324,G,target,LP0991,Consensus,consensus_exact_step2_estimate,1,google/gemma-4-31B-it,1686590732a5cfa87a94d2218e463d1b201610b7d6d1e89f93e0e8e850a849fd,ec9f25e6b68d12ca6182161cdc389e0da99a8cff29c47b015f1d07a6633e4cf0,consensus_benchmark_exact_v1,prompt_compiler_v2_split_g_f,1086013242,pending,Q001,"{""Q001"": ""consensus_estimate_net_zero_before_2085""}",consensus_exact_step2,c444a6eac0c7b6cd317bc71d70e09e8e9d8b0a57308ceb8b4c11921129cc5ae1
G|LP0992|ConsensusExact|step2|attempt_1,G-d690365bfed37d5429063405173a837d9cec2c8e,G,target,LP0992,Consensus,consensus_exact_step2_estimate,1,google/gemma-4-31B-it,f2304dc4b52f15542a0862ddab8eb3fe1fa06f78051f382fc58d621c59ecf691,ec9f25e6b68d12ca6182161cdc389e0da99a8cff29c47b015f1d07a6633e4cf0,consensus_benchmark_exact_v1,prompt_compiler_v2_split_g_f,737405455,pending,Q001,"{""Q001"": ""consensus_estimate_net_zero_before_2085""}",consensus_exact_step2,c444a6eac0c7b6cd317bc71d70e09e8e9d8b0a57308ceb8b4c11921129cc5ae1
G|LP0993|ConsensusExact|step2|attempt_1,G-1c177fb6201c03c97eb798cb848671905bfa993b,G,target,LP0993,Consensus,consensus_exact_step2_estimate,1,google/gemma-4-31B-it,be8987c1bd8ef4a198686e775c2f789ea15f0ae25eee50551c56634226103a5d,ec9f25e6b68d12ca6182161cdc389e0da99a8cff29c47b015f1d07a6633e4cf0,consensus_benchmark_exact_v1,prompt_compiler_v2_split_g_f,1481311029,pending,Q001,"{""Q001"": ""consensus_estimate_net_zero_before_2085""}",consensus_exact_step2,c444a6eac0c7b6cd317bc71d70e09e8e9d8b0a57308ceb8b4c11921129cc5ae1
G|LP0994|ConsensusExact|step2|attempt_1,G-f402961d1c16619654759adf68d7df0c3d86267e,G,target,LP0994,Consensus,consensus_exact_step2_estimate,1,google/gemma-4-31B-it,f6db2d825e0b6f51b3a1a0c7ff571546a04c33a4f14bbeca801e5134ad2359a3,ec9f25e6b68d12ca6182161cdc389e0da99a8cff29c47b015f1d07a6633e4cf0,consensus_benchmark_exact_v1,prompt_compiler_v2_split_g_f,68914644,pending,Q001,"{""Q001"": ""consensus_estimate_net_zero_before_2085""}",consensus_exact_step2,c444a6eac0c7b6cd317bc71d70e09e8e9d8b0a57308ceb8b4c11921129cc5ae1
G|LP0995|ConsensusExact|step2|attempt_1,G-21bc0ecd410dec35e08487ffd9d3250460ed3bd9,G,target,LP0995,Consensus,consensus_exact_step2_estimate,1,google/gemma-4-31B-it,0c29ada40d3991431a61b1f8f5601999826e5a2355ddb9085a63ee1038006451,ec9f25e6b68d12ca6182161cdc389e0da99a8cff29c47b015f1d07a6633e4cf0,consensus_benchmark_exact_v1,prompt_compiler_v2_split_g_f,75893200,pending,Q001,"{""Q001"": ""consensus_estimate_net_zero_before_2085""}",consensus_exact_step2,c444a6eac0c7b6cd317bc71d70e09e8e9d8b0a57308ceb8b4c11921129cc5ae1
G|LP0996|ConsensusExact|step2|attempt_1,G-e95fa11d898ef516872938fa9fbe843482744868,G,target,LP0996,Consensus,consensus_exact_step2_estimate,1,google/gemma-4-31B-it,12e81a3885c7b295df45dbcfb295962ffd05471208e8b33e48e1829ae01e174a,ec9f25e6b68d12ca6182161cdc389e0da99a8cff29c47b015f1d07a6633e4cf0,consensus_benchmark_exact_v1,prompt_compiler_v2_split_g_f,1548629844,pending,Q001,"{""Q001"": ""consensus_estimate_net_zero_before_2085""}",consensus_exact_step2,c444a6eac0c7b6cd317bc71d70e09e8e9d8b0a57308ceb8b4c11921129cc5ae1
G|LP0997|ConsensusExact|step2|attempt_1,G-53cc84c666cf7a30f8dc96340b77afc59ffc2308,G,target,LP0997,Consensus,consensus_exact_step2_estimate,1,google/gemma-4-31B-it,ab66d6e363821c42f7a2708cceef60b91354e2865f9ddfaaef33604f68e73570,ec9f25e6b68d12ca6182161cdc389e0da99a8cff29c47b015f1d07a6633e4cf0,consensus_benchmark_exact_v1,prompt_compiler_v2_split_g_f,241730494,pending,Q001,"{""Q001"": ""consensus_estimate_net_zero_before_2085""}",consensus_exact_step2,c444a6eac0c7b6cd317bc71d70e09e8e9d8b0a57308ceb8b4c11921129cc5ae1
G|LP0998|ConsensusExact|step2|attempt_1,G-a0dc5278773038f3c7c299c507b7e1f7a7698fd0,G,target,LP0998,Consensus,consensus_exact_step2_estimate,1,google/gemma-4-31B-it,dd35029e3c35f8b6d5387b9369abe8c0d55557e8d265ae2366ec7cec0fc58ba3,ec9f25e6b68d12ca6182161cdc389e0da99a8cff29c47b015f1d07a6633e4cf0,consensus_benchmark_exact_v1,prompt_compiler_v2_split_g_f,954785254,pending,Q001,"{""Q001"": ""consensus_estimate_net_zero_before_2085""}",consensus_exact_step2,c444a6eac0c7b6cd317bc71d70e09e8e9d8b0a57308ceb8b4c11921129cc5ae1
G|LP0999|ConsensusExact|step2|attempt_1,G-6d24d9fd3be579aa7b09c34a74347821435ed323,G,target,LP0999,Consensus,consensus_exact_step2_estimate,1,google/gemma-4-31B-it,1b92c247f1700fed9d0e4947f7f04576673524957b6be7b42f16faaee191018e,ec9f25e6b68d12ca6182161cdc389e0da99a8cff29c47b015f1d07a6633e4cf0,consensus_benchmark_exact_v1,prompt_compiler_v2_split_g_f,372190630,pending,Q001,"{""Q001"": ""consensus_estimate_net_zero_before_2085""}",consensus_exact_step2,c444a6eac0c7b6cd317bc71d70e09e8e9d8b0a57308ceb8b4c11921129cc5ae1
G|LP1000|ConsensusExact|step2|attempt_1,G-3ef2f4daca8204dc841e7541426d7ce9c3d3bca2,G,target,LP1000,Consensus,consensus_exact_step2_estimate,1,google/gemma-4-31B-it,68ba39c4205846ebe9e51b0932450fedd92da3e6b0af0d3a0a5b67dacb450103,ec9f25e6b68d12ca6182161cdc389e0da99a8cff29c47b015f1d07a6633e4cf0,consensus_benchmark_exact_v1,prompt_compiler_v2_split_g_f,1214770834,pending,Q001,"{""Q001"": ""consensus_estimate_net_zero_before_2085""}",consensus_exact_step2,c444a6eac0c7b6cd317bc71d70e09e8e9d8b0a57308ceb8b4c11921129cc5ae1
