latent_profile_id,donor_id,SERIALNO,SPORDER,gender,age,year_birth,age_band,race,education,income,income_adjusted_2024,state_fips,state_abbr,party,party_prob_republican,party_prob_democrat,party_prob_independent,party_prob_other,pums_person_weight,joint_cell_target_n,population_seed,party_seed
LP0001,2024HU0048084-01,2024HU0048084,01,Male,21,2005,18-29,White / Caucasian,Some college or Associate's degree,"Less than $30,000",7106.75,16,ID,Independent,0.3037280645596591,0.14541062077260156,0.41778900880953157,0.13307230585820776,96,53,20260831,1
LP0002,2024HU0053573-01,2024HU0053573,01,Male,28,1998,18-29,White / Caucasian,High school diploma / GED,"$56,000 to $99,999",73098.0,22,LA,Democrat,0.4737153110383174,0.16030807831284616,0.28856416449043537,0.07741244615840114,70,53,20260831,1
LP0003,2024HU0096851-01,2024HU0096851,01,Male,25,2001,18-29,White / Caucasian,Doctorate degree / Ph.D.,"$30,000 to $55,999",30051.4,42,PA,Independent,0.17804858857777597,0.4019928556244033,0.2970503603973222,0.12290819540049858,66,53,20260831,1
LP0004,2024HU0198828-04,2024HU0198828,04,Male,18,2008,18-29,White / Caucasian,High school diploma / GED,"$100,000 to $167,999",131373.35,13,GA,Democrat,0.443114833740153,0.15411729705275043,0.30345349827908297,0.09931437092801361,56,53,20260831,1
LP0005,2024HU0215104-01,2024HU0215104,01,Male,26,2000,18-29,White / Caucasian,Master's degree / Professional degree,"$100,000 to $167,999",118784.25,12,FL,Democrat,0.2803089414823445,0.3218361430214916,0.3361499334305667,0.06170498206559716,104,53,20260831,1
LP0006,2024HU0252863-03,2024HU0252863,03,Male,26,2000,18-29,White / Caucasian,Some college or Associate's degree,"$56,000 to $99,999",81220.0,12,FL,Republican,0.38951504172394347,0.2088387503179948,0.31570975881190994,0.08593644914615177,66,53,20260831,1
LP0007,2024HU0279823-05,2024HU0279823,05,Male,18,2008,18-29,White / Caucasian,Less than high school,"$100,000 to $167,999",121830.0,53,WA,Independent,0.20406171896758973,0.24773176421076343,0.34182783786858395,0.20637867895306292,303,53,20260831,1
LP0008,2024HU0296311-01,2024HU0296311,01,Male,23,2003,18-29,White / Caucasian,Master's degree / Professional degree,"$30,000 to $55,999",48275.1375,22,LA,Republican,0.2975396906805704,0.26127132193241526,0.3793252546498603,0.06186373273715404,161,53,20260831,1
LP0009,2024HU0327663-03,2024HU0327663,03,Male,24,2002,18-29,White / Caucasian,Bachelor's degree,"$168,000 or more",207141.4575,48,TX,Republican,0.349548262664602,0.24281949851646348,0.32126247344436043,0.08636976537457401,172,53,20260831,1
LP0010,2024HU0381506-08,2024HU0381506,08,Male,21,2005,18-29,White / Caucasian,Some college or Associate's degree,"$168,000 or more",190968.525,06,CA,Democrat,0.2516074452827795,0.3394800365211418,0.34101966641127396,0.06789285178480457,436,53,20260831,1
LP0011,2024HU0415598-01,2024HU0415598,01,Male,23,2003,18-29,White / Caucasian,Bachelor's degree,"Less than $30,000",6091.5,47,TN,Democrat,0.2374715925892844,0.21131488991310876,0.37447718402394736,0.17673633347365936,670,53,20260831,1
LP0012,2024HU0544985-03,2024HU0544985,03,Male,25,2001,18-29,White / Caucasian,Bachelor's degree,"$168,000 or more",381734.0,48,TX,Independent,0.31631508722212603,0.25828637961395023,0.3088695236263367,0.11652900953758705,108,53,20260831,1
LP0013,2024HU0573079-02,2024HU0573079,02,Male,24,2002,18-29,White / Caucasian,Some college or Associate's degree,"$56,000 to $99,999",85281.0,37,NC,Independent,0.35461023093921556,0.17001793191692263,0.42080597450954427,0.05456586263431743,100,53,20260831,1
LP0014,2024HU0593213-01,2024HU0593213,01,Male,27,1999,18-29,White / Caucasian,Bachelor's degree,"$100,000 to $167,999",152287.5,47,TN,Democrat,0.3270583455534553,0.23869599554271945,0.3616423748572496,0.07260328404657558,127,53,20260831,1
LP0015,2024HU0598672-02,2024HU0598672,02,Male,28,1998,18-29,White / Caucasian,High school diploma / GED,"$56,000 to $99,999",84407.885,50,VT,Independent,0.19636005386899838,0.2149841639733938,0.43903465859434015,0.1496211235632677,244,53,20260831,1
LP0016,2024HU0600302-01,2024HU0600302,01,Male,26,2000,18-29,White / Caucasian,Bachelor's degree,"$56,000 to $99,999",87209.975,13,GA,Republican,0.39477812146406077,0.19222123257689538,0.34280468967348826,0.0701959562855555,226,53,20260831,1
LP0017,2024HU0600474-01,2024HU0600474,01,Male,23,2003,18-29,White / Caucasian,Bachelor's degree,"$30,000 to $55,999",46701.5,36,NY,Independent,0.1986945690151756,0.36929591356356306,0.3010360466232434,0.1309734707980178,121,53,20260831,1
LP0018,2024HU0613039-02,2024HU0613039,02,Male,27,1999,18-29,White / Caucasian,Doctorate degree / Ph.D.,"$100,000 to $167,999",126906.25,18,IN,Democrat,0.23598097890979858,0.31905898182483866,0.35714875210726654,0.08781128715809605,128,53,20260831,1
LP0019,2024HU0628219-03,2024HU0628219,03,Male,23,2003,18-29,White / Caucasian,High school diploma / GED,"$100,000 to $167,999",124875.75,47,TN,Independent,0.4043716179016565,0.16354443054032447,0.30691732990581355,0.1251666216522053,289,53,20260831,1
LP0020,2024HU0661687-02,2024HU0661687,02,Male,23,2003,18-29,White / Caucasian,High school diploma / GED,"$100,000 to $167,999",138074.0,54,WV,Independent,0.40666128765769494,0.14927325547037068,0.3578192922738546,0.08624616459807988,161,53,20260831,1
LP0021,2024HU0703075-03,2024HU0703075,03,Male,19,2007,18-29,White / Caucasian,High school diploma / GED,"$100,000 to $167,999",152287.5,36,NY,Republican,0.2843238553878296,0.30459026042728815,0.2892780443487645,0.12180783983611781,97,53,20260831,1
LP0022,2024HU0758195-01,2024HU0758195,01,Male,24,2002,18-29,White / Caucasian,Master's degree / Professional degree,"$30,000 to $55,999",50762.5,48,TX,Independent,0.2671800092766637,0.28453864510643984,0.3566352932042073,0.09164605241268917,131,53,20260831,1
LP0023,2024HU0796083-01,2024HU0796083,01,Male,29,1997,18-29,White / Caucasian,High school diploma / GED,"$56,000 to $99,999",97464.0,42,PA,Democrat,0.3894168443196502,0.2359326384115942,0.26196829840208985,0.11268221886666564,370,53,20260831,1
LP0024,2024HU0807154-02,2024HU0807154,02,Male,27,1999,18-29,White / Caucasian,Bachelor's degree,"$168,000 or more",203050.0,34,NJ,Democrat,0.256947385165432,0.32693354221854554,0.3008476889504763,0.11527138366554612,266,53,20260831,1
LP0025,2024HU0831222-04,2024HU0831222,04,Male,20,2006,18-29,White / Caucasian,Less than high school,"$100,000 to $167,999",118885.775,39,OH,Other,0.3447146763033351,0.1383431760220909,0.3681196824848055,0.14882246518976852,68,53,20260831,1
LP0026,2024HU0843396-02,2024HU0843396,02,Male,19,2007,18-29,White / Caucasian,Some college or Associate's degree,"$56,000 to $99,999",62945.5,05,AR,Independent,0.3503717128517201,0.18854834586797475,0.39003398260589894,0.07104595867440619,224,53,20260831,1
LP0027,2024HU0877095-03,2024HU0877095,03,Male,22,2004,18-29,White / Caucasian,Bachelor's degree,"$168,000 or more",264980.25,36,NY,Democrat,0.2021422799411859,0.4508010997201914,0.28492475120528854,0.062131869133334156,90,53,20260831,1
LP0028,2024HU0880642-03,2024HU0880642,03,Male,20,2006,18-29,White / Caucasian,Some college or Associate's degree,"$30,000 to $55,999",32589.525,21,KY,Independent,0.3134724925795944,0.2220546281745092,0.3043888987376439,0.16008398050825248,87,53,20260831,1
LP0029,2024HU0898425-04,2024HU0898425,04,Male,19,2007,18-29,White / Caucasian,High school diploma / GED,"$56,000 to $99,999",76346.8,17,IL,Independent,0.2799173642697286,0.27946025688884524,0.27515479031961154,0.16546758852181462,353,53,20260831,1
LP0030,2024HU0900339-01,2024HU0900339,01,Male,26,2000,18-29,White / Caucasian,Some college or Associate's degree,"Less than $30,000",25381.25,29,MO,Democrat,0.32594921545534594,0.23532772025597443,0.31814677101827066,0.12057629327040895,314,53,20260831,1
LP0031,2024HU0917886-03,2024HU0917886,03,Male,20,2006,18-29,White / Caucasian,Some college or Associate's degree,"$168,000 or more",177668.75,48,TX,Democrat,0.36983271647361465,0.20828680799265706,0.3499593253865386,0.07192115014718962,337,53,20260831,1
LP0032,2024HU0933689-03,2024HU0933689,03,Male,27,1999,18-29,White / Caucasian,Some college or Associate's degree,"$100,000 to $167,999",115474.535,36,NY,Democrat,0.2558316631479086,0.3138524870527598,0.3272105516217709,0.10310529817756077,161,53,20260831,1
LP0033,2024HU0942165-03,2024HU0942165,03,Male,26,2000,18-29,White / Caucasian,High school diploma / GED,"$56,000 to $99,999",64163.8,12,FL,Republican,0.3973766001502236,0.1993574415795819,0.296783409891392,0.10648254837880251,249,53,20260831,1
LP0034,2024HU0949829-03,2024HU0949829,03,Male,29,1997,18-29,White / Caucasian,Some college or Associate's degree,"$168,000 or more",272797.675,36,NY,Independent,0.2242666188224936,0.39393822047468374,0.308367049993785,0.07342811070903767,79,53,20260831,1
LP0035,2024HU0949900-01,2024HU0949900,01,Male,19,2007,18-29,White / Caucasian,Some college or Associate's degree,"$30,000 to $55,999",42640.5,31,NE,Independent,0.3774551974917623,0.17329193116135896,0.3942605738115725,0.05499229753530629,511,53,20260831,1
LP0036,2024HU0964318-01,2024HU0964318,01,Male,23,2003,18-29,White / Caucasian,Less than high school,"$30,000 to $55,999",33909.35,26,MI,Independent,0.2241108837291616,0.16360419926857825,0.34540909123437796,0.2668758257678821,307,53,20260831,1
LP0037,2024HU1022690-02,2024HU1022690,02,Male,26,2000,18-29,White / Caucasian,Some college or Associate's degree,"$100,000 to $167,999",122845.25,42,PA,Democrat,0.2916875648832008,0.3097531659670258,0.3073717825425676,0.09118748660720578,117,53,20260831,1
LP0038,2024HU1032523-02,2024HU1032523,02,Male,21,2005,18-29,White / Caucasian,Some college or Associate's degree,"$30,000 to $55,999",37564.25,29,MO,Democrat,0.3203536069982396,0.22666242939059955,0.31659433141564525,0.13638963219551564,288,53,20260831,1
LP0039,2024HU1049654-02,2024HU1049654,02,Male,22,2004,18-29,White / Caucasian,High school diploma / GED,"$56,000 to $99,999",71067.5,51,VA,Independent,0.3211970311612958,0.21727711389808102,0.3496794097096974,0.1118464452309258,450,53,20260831,1
LP0040,2024HU1136924-01,2024HU1136924,01,Male,26,2000,18-29,White / Caucasian,Master's degree / Professional degree,"$100,000 to $167,999",101525.0,16,ID,Independent,0.3290926957313716,0.21467936641903201,0.40875916438438037,0.04746877346521605,178,53,20260831,1
LP0041,2024HU1177853-04,2024HU1177853,04,Male,18,2008,18-29,White / Caucasian,Some college or Associate's degree,"$100,000 to $167,999",124875.75,51,VA,Independent,0.27368264060277586,0.2370131772399037,0.4104379592172208,0.07886622294009948,394,53,20260831,1
LP0042,2024HU1235304-04,2024HU1235304,04,Male,18,2008,18-29,White / Caucasian,Less than high school,"$168,000 or more",222035.175,13,GA,Independent,0.3859401741415024,0.12930101354549667,0.3398718974517708,0.14488691486123023,101,53,20260831,1
LP0043,2024HU1241163-01,2024HU1241163,01,Male,29,1997,18-29,White / Caucasian,Less than high school,"$30,000 to $55,999",50762.5,56,WY,Independent,0.3440997193631378,0.07178603982636705,0.37759491086721697,0.20651932994327818,387,53,20260831,1
LP0044,2024HU1245261-02,2024HU1245261,02,Male,25,2001,18-29,White / Caucasian,Some college or Associate's degree,"$100,000 to $167,999",144165.5,42,PA,Republican,0.2916875648832008,0.3097531659670258,0.3073717825425676,0.09118748660720578,420,53,20260831,1
LP0045,2024HU1257176-01,2024HU1257176,01,Male,28,1998,18-29,White / Caucasian,Some college or Associate's degree,"$56,000 to $99,999",76143.75,42,PA,Democrat,0.2794098022266448,0.3222132557447508,0.29751994959229,0.10085699243631449,324,53,20260831,1
LP0046,2024HU1259674-01,2024HU1259674,01,Male,26,2000,18-29,White / Caucasian,Bachelor's degree,"$100,000 to $167,999",130764.2,19,IA,Republican,0.26746939960257315,0.23993821451696845,0.37070274866166764,0.12188963721879074,352,53,20260831,1
LP0047,2024HU1263622-01,2024HU1263622,01,Male,27,1999,18-29,White / Caucasian,Some college or Associate's degree,"$56,000 to $99,999",75158.9575,20,KS,Democrat,0.3272687852069765,0.2340783589598238,0.3615065294023183,0.07714632643088139,132,53,20260831,1
LP0048,2024HU1267651-03,2024HU1267651,03,Male,20,2006,18-29,White / Caucasian,Less than high school,"$56,000 to $99,999",72691.9,48,TX,Independent,0.36144696185582725,0.1508279687946221,0.323278258053872,0.16444681129567854,177,53,20260831,1
LP0049,2024HU1315745-03,2024HU1315745,03,Male,23,2003,18-29,White / Caucasian,Some college or Associate's degree,"$56,000 to $99,999",62945.5,04,AZ,Democrat,0.29223640372639287,0.21563059899243353,0.4194003246223694,0.07273267265880416,117,53,20260831,1
LP0050,2024HU1356342-02,2024HU1356342,02,Male,18,2008,18-29,White / Caucasian,Less than high school,"Less than $30,000",17056.2,21,KY,Democrat,0.26418299938988044,0.19730832366480322,0.2803445629847265,0.2581641139605899,329,53,20260831,1
LP0051,2024HU1394303-03,2024HU1394303,03,Male,24,2002,18-29,White / Caucasian,Bachelor's degree,"$168,000 or more",710167.375,42,PA,Other,0.3336899136365352,0.287140870061138,0.27428273588930246,0.10488648041302435,217,53,20260831,1
LP0052,2024HU1417350-02,2024HU1417350,02,Male,22,2004,18-29,White / Caucasian,High school diploma / GED,"$100,000 to $167,999",143150.25,41,OR,Republican,0.26602237180679733,0.259798819216218,0.2957906987188901,0.17838811025809462,56,53,20260831,1
LP0053,2024HU1433120-02,2024HU1433120,02,Male,20,2006,18-29,White / Caucasian,High school diploma / GED,"$56,000 to $99,999",92387.75,48,TX,Other,0.46924126756469586,0.14747361058207822,0.27764050564431175,0.10564461620891415,132,53,20260831,1
LP0054,2024HU0226122-03,2024HU0226122,03,Male,21,2005,18-29,Black / African American,Some college or Associate's degree,"$56,000 to $99,999",97464.0,51,VA,Democrat,0.055864515801079734,0.4775518403144134,0.3739535325934464,0.09263011129106061,74,14,20260831,1
LP0055,2024HU0358939-02,2024HU0358939,02,Male,27,1999,18-29,Black / African American,High school diploma / GED,"$56,000 to $99,999",88123.7,37,NC,Independent,0.08805798390869812,0.39884452505093665,0.3761853299902288,0.13691216105013657,873,14,20260831,1
LP0056,2024HU0368304-03,2024HU0368304,03,Male,18,2008,18-29,Black / African American,Some college or Associate's degree,"$168,000 or more",955350.25,17,IL,Other,0.050667916651109125,0.5143904486854547,0.26223155212289695,0.1727100825405392,142,14,20260831,1
LP0057,2024HU0383707-02,2024HU0383707,02,Male,18,2008,18-29,Black / African American,Less than high school,"$30,000 to $55,999",48732.0,12,FL,Democrat,0.06594245416687866,0.38888943214049376,0.3074136037362671,0.23775450995636058,305,14,20260831,1
LP0058,2024HU0430164-03,2024HU0430164,03,Male,27,1999,18-29,Black / African American,High school diploma / GED,"$100,000 to $167,999",161424.75,53,WA,Other,0.03732938663302131,0.5945719934190575,0.24123406801804148,0.12686455192987975,117,14,20260831,1
LP0059,2024HU0698379-04,2024HU0698379,04,Male,25,2001,18-29,Black / African American,High school diploma / GED,"$100,000 to $167,999",145485.325,17,IL,Independent,0.04840597717689352,0.5538375088647253,0.23652723862976271,0.16122927532861864,152,14,20260831,1
LP0060,2024HU0750973-01,2024HU0750973,01,Male,27,1999,18-29,Black / African American,Some college or Associate's degree,"$56,000 to $99,999",76143.75,24,MD,Independent,0.02688874339986067,0.5887882407428227,0.2935251510909507,0.09079786476636592,894,14,20260831,1
LP0061,2024HU1077973-01,2024HU1077973,01,Male,27,1999,18-29,Black / African American,Master's degree / Professional degree,"$30,000 to $55,999",50762.5,47,TN,Democrat,0.04018579910011015,0.5436333985439691,0.30713436997730265,0.10904643237861808,76,14,20260831,1
LP0062,2024HU1099296-01,2024HU1099296,01,Male,21,2005,18-29,Black / African American,High school diploma / GED,"Less than $30,000",15228.75,49,UT,Independent,0.06259533943056313,0.35205405475866774,0.273492612046589,0.31185799376418016,153,14,20260831,1
LP0063,2024HU1238078-03,2024HU1238078,03,Male,22,2004,18-29,Black / African American,Some college or Associate's degree,"$56,000 to $99,999",93910.625,34,NJ,Other,0.05327391624177967,0.5305855231551152,0.2807658517280942,0.13537470887501102,344,14,20260831,1
LP0064,2024HU1317153-01,2024HU1317153,01,Male,25,2001,18-29,Black / African American,High school diploma / GED,"$30,000 to $55,999",39594.75,42,PA,Other,0.05145206911123068,0.51560306805302,0.21723586697212394,0.21570899586362532,1560,14,20260831,1
LP0065,2024HU1333829-01,2024HU1333829,01,Male,27,1999,18-29,Black / African American,High school diploma / GED,"$30,000 to $55,999",35533.75,48,TX,Independent,0.07590896090782011,0.39459403674971993,0.28188655047912214,0.24761045186333772,123,14,20260831,1
LP0066,2024HU1392914-03,2024HU1392914,03,Male,21,2005,18-29,Black / African American,Some college or Associate's degree,"$168,000 or more",192897.5,13,GA,Democrat,0.08012427294746068,0.4671062888735044,0.3926247118363927,0.06014472634264228,261,14,20260831,1
LP0067,2024HU1408757-01,2024HU1408757,01,Male,25,2001,18-29,Black / African American,Bachelor's degree,"$168,000 or more",184267.875,12,FL,Democrat,0.05576447323502555,0.6089161373654426,0.2673929066186079,0.06792648278092403,447,14,20260831,1
LP0068,2024HU0137305-04,2024HU0137305,04,Male,25,2001,18-29,Hispanic / Latino,High school diploma / GED,"$100,000 to $167,999",155942.4,17,IL,Other,0.18772384858695085,0.37262933196240033,0.27282702459178504,0.16681979485886392,233,25,20260831,1
LP0069,2024HU0189894-04,2024HU0189894,04,Male,25,2001,18-29,Hispanic / Latino,High school diploma / GED,"$168,000 or more",273609.875,42,PA,Democrat,0.2223472736512005,0.432502187671985,0.24415628775546042,0.1009942509213542,639,25,20260831,1
LP0070,2024HU0458315-03,2024HU0458315,03,Male,22,2004,18-29,Hispanic / Latino,Some college or Associate's degree,"$56,000 to $99,999",82539.825,06,CA,Independent,0.1662057725449486,0.38772500668338034,0.28622748794250086,0.15984173282917008,60,25,20260831,1
LP0071,2024HU0580889-04,2024HU0580889,04,Male,26,2000,18-29,Hispanic / Latino,Some college or Associate's degree,"$56,000 to $99,999",87616.075,12,FL,Independent,0.26334638625949197,0.29817535252995403,0.3123393252962146,0.1261389359143394,120,25,20260831,1
LP0072,2024HU0583764-03,2024HU0583764,03,Male,24,2002,18-29,Hispanic / Latino,High school diploma / GED,"$168,000 or more",210156.75,25,MA,Democrat,0.10376670770066952,0.32690289045273097,0.344397886400767,0.2249325154458326,135,25,20260831,1
LP0073,2024HU0597713-02,2024HU0597713,02,Male,25,2001,18-29,Hispanic / Latino,Some college or Associate's degree,"$30,000 to $55,999",47716.75,31,NE,Other,0.2489165928966364,0.25468616492315554,0.37955664476650774,0.11684059741370031,21,25,20260831,1
LP0074,2024HU0634237-02,2024HU0634237,02,Male,23,2003,18-29,Hispanic / Latino,Less than high school,"Less than $30,000",26396.5,06,CA,Independent,0.1211965609786438,0.26746947142634675,0.2459777448171764,0.36535622277783314,102,25,20260831,1
LP0075,2024HU0660300-03,2024HU0660300,03,Male,20,2006,18-29,Hispanic / Latino,High school diploma / GED,"$168,000 or more",217273.6525,47,TN,Independent,0.2739775876669346,0.23243262176315663,0.2943579541776667,0.19923183639224207,204,25,20260831,1
LP0076,2024HU0662194-02,2024HU0662194,02,Male,19,2007,18-29,Hispanic / Latino,Some college or Associate's degree,"$100,000 to $167,999",125891.0,24,MD,Independent,0.11703007219766146,0.40044475327679363,0.36831223009749126,0.1142129444280537,127,25,20260831,1
LP0077,2024HU0701835-03,2024HU0701835,03,Male,27,1999,18-29,Hispanic / Latino,Some college or Associate's degree,"$168,000 or more",336656.9,06,CA,Democrat,0.13960842499457274,0.4951251867862912,0.26819052488111916,0.09707586333801702,186,25,20260831,1
LP0078,2024HU0756615-03,2024HU0756615,03,Male,21,2005,18-29,Hispanic / Latino,Less than high school,"Less than $30,000",29442.25,19,IA,Other,0.14058024729090732,0.1574023443412074,0.29127295508170076,0.4107444532861846,933,25,20260831,1
LP0079,2024HU0776050-03,2024HU0776050,03,Male,29,1997,18-29,Hispanic / Latino,High school diploma / GED,"$100,000 to $167,999",100814.325,13,GA,Independent,0.34181398908617233,0.21143558940165205,0.31583153736159164,0.1309188841505841,150,25,20260831,1
LP0080,2024HU0833566-01,2024HU0833566,01,Male,27,1999,18-29,Hispanic / Latino,Less than high school,"$56,000 to $99,999",77057.475,17,IL,Republican,0.14402263449967373,0.29448007278553945,0.2753901907800158,0.28610710193477096,75,25,20260831,1
LP0081,2024HU0862732-03,2024HU0862732,03,Male,19,2007,18-29,Hispanic / Latino,High school diploma / GED,"$56,000 to $99,999",79189.5,41,OR,Democrat,0.15232889625471582,0.3411636552326944,0.25044510731619274,0.256062341196397,104,25,20260831,1
LP0082,2024HU0898274-01,2024HU0898274,01,Male,25,2001,18-29,Hispanic / Latino,High school diploma / GED,"$100,000 to $167,999",140104.5,41,OR,Independent,0.16272545365181765,0.3356077864429904,0.2647630494344334,0.23690371047075834,126,25,20260831,1
LP0083,2024HU0962532-04,2024HU0962532,04,Male,24,2002,18-29,Hispanic / Latino,High school diploma / GED,"$100,000 to $167,999",166602.525,12,FL,Independent,0.2871982278951385,0.30150258939070873,0.28115542646706265,0.13014375624709015,277,25,20260831,1
LP0084,2024HU0981665-04,2024HU0981665,04,Male,21,2005,18-29,Hispanic / Latino,Some college or Associate's degree,"$56,000 to $99,999",58579.925,06,CA,Independent,0.13996985265224993,0.3946091600871003,0.2739727106231743,0.19144827663747557,120,25,20260831,1
LP0085,2024HU0995730-01,2024HU0995730,01,Male,29,1997,18-29,Hispanic / Latino,High school diploma / GED,"$56,000 to $99,999",86296.25,26,MI,Republican,0.2323472035689004,0.27791166826211555,0.3154840987044347,0.17425702946454927,235,25,20260831,1
LP0086,2024HU1104698-05,2024HU1104698,05,Male,18,2008,18-29,Hispanic / Latino,High school diploma / GED,"$100,000 to $167,999",161830.85,06,CA,Republican,0.1820096146692013,0.39367419791616814,0.258717005277791,0.1655991821368395,123,25,20260831,1
LP0087,2024HU1119237-01,2024HU1119237,01,Male,23,2003,18-29,Hispanic / Latino,Some college or Associate's degree,"Less than $30,000",20305.0,17,IL,Independent,0.12668102525027103,0.3678067913287722,0.2752640763695725,0.23024810705138438,275,25,20260831,1
LP0088,2024HU1188252-05,2024HU1188252,05,Male,26,2000,18-29,Hispanic / Latino,High school diploma / GED,"$168,000 or more",193811.225,06,CA,Independent,0.1820096146692013,0.39367419791616814,0.258717005277791,0.1655991821368395,142,25,20260831,1
LP0089,2024HU1190553-01,2024HU1190553,01,Male,29,1997,18-29,Hispanic / Latino,Less than high school,"$56,000 to $99,999",97565.525,17,IL,Other,0.17554287312328942,0.26216010030760534,0.2951824775393312,0.26711454902977394,175,25,20260831,1
LP0090,2024HU1279201-03,2024HU1279201,03,Male,25,2001,18-29,Hispanic / Latino,High school diploma / GED,"$100,000 to $167,999",164368.975,06,CA,Republican,0.1820096146692013,0.39367419791616814,0.258717005277791,0.1655991821368395,121,25,20260831,1
LP0091,2024HU1338596-02,2024HU1338596,02,Male,26,2000,18-29,Hispanic / Latino,Some college or Associate's degree,"$56,000 to $99,999",59899.75,06,CA,Democrat,0.15255105179479048,0.4075367845952121,0.2993082775329341,0.14060388607706326,59,25,20260831,1
LP0092,2024HU1359826-04,2024HU1359826,04,Male,19,2007,18-29,Hispanic / Latino,Some college or Associate's degree,"$168,000 or more",315742.75,06,CA,Democrat,0.13960842499457274,0.4951251867862912,0.26819052488111916,0.09707586333801702,118,25,20260831,1
LP0093,2024HU0135451-01,2024HU0135451,01,Male,20,2006,18-29,Asian / Asian American,Some college or Associate's degree,"$56,000 to $99,999",65991.25,20,KS,Independent,0.17095473610714085,0.27521076745044204,0.4392226135810305,0.1146118828613866,461,7,20260831,1
LP0094,2024HU0155568-03,2024HU0155568,03,Male,26,2000,18-29,Asian / Asian American,Master's degree / Professional degree,"$100,000 to $167,999",111575.975,06,CA,Democrat,0.09206511415237273,0.48886010869142804,0.3313496400221367,0.08772513713406241,78,7,20260831,1
LP0095,2024HU0192479-03,2024HU0192479,03,Male,29,1997,18-29,Asian / Asian American,Master's degree / Professional degree,"$168,000 or more",414729.625,06,CA,Other,0.06980208728771418,0.5138506244405798,0.2800220999290242,0.13632518834268173,83,7,20260831,1
LP0096,2024HU0234041-01,2024HU0234041,01,Male,29,1997,18-29,Asian / Asian American,High school diploma / GED,"$56,000 to $99,999",86296.25,06,CA,Democrat,0.18081323096200125,0.3224942638223242,0.3159797169244389,0.18071278829123558,176,7,20260831,1
LP0097,2024HU0293300-04,2024HU0293300,04,Male,19,2007,18-29,Asian / Asian American,High school diploma / GED,"$168,000 or more",304168.9,36,NY,Independent,0.15113363929460344,0.4286434859052046,0.308577151508525,0.11164572329166701,206,7,20260831,1
LP0098,2024HU0404770-06,2024HU0404770,06,Male,27,1999,18-29,Asian / Asian American,Bachelor's degree,"$168,000 or more",289346.25,17,IL,Republican,0.11274793061783116,0.49521301112252397,0.3206573713809177,0.07138168687872705,156,7,20260831,1
LP0099,2024HU0561714-01,2024HU0561714,01,Male,25,2001,18-29,Asian / Asian American,Less than high school,"$30,000 to $55,999",30457.5,39,OH,Independent,0.14055630424548501,0.1584949389200164,0.3735976417480509,0.3273511150864477,98,7,20260831,1
LP0100,2024HU0255504-01,2024HU0255504,01,Male,22,2004,18-29,Other,Some college or Associate's degree,"Less than $30,000",6091.5,26,MI,Other,0.10179456859827113,0.16421296618510772,0.4695384698972875,0.2644539953193338,92,4,20260831,1
LP0101,2024HU0566666-03,2024HU0566666,03,Male,18,2008,18-29,Other,Less than high school,"$56,000 to $99,999",71879.7,06,CA,Independent,0.131688972059949,0.18110742207988445,0.3668184275270463,0.32038517833312036,142,4,20260831,1
LP0102,2024HU1010846-03,2024HU1010846,03,Male,21,2005,18-29,Other,Less than high school,"$56,000 to $99,999",75128.5,13,GA,Independent,0.2211086912704524,0.10557386714578264,0.44330419197507287,0.23001324960869216,124,4,20260831,1
LP0103,2024HU1023043-02,2024HU1023043,02,Male,22,2004,18-29,Other,High school diploma / GED,"$30,000 to $55,999",48224.375,39,OH,Republican,0.2028864482303642,0.13060525780826854,0.41048190255436545,0.2560263914070018,213,4,20260831,1
LP0104,2024HU0019954-01,2024HU0019954,01,Male,35,1991,30-44,White / Caucasian,Bachelor's degree,"$100,000 to $167,999",125891.0,42,PA,Democrat,0.282825372864812,0.3630501427853002,0.2963493996732945,0.05777508467659335,199,71,20260831,1
LP0105,2024HU0037567-01,2024HU0037567,01,Male,34,1992,30-44,White / Caucasian,Some college or Associate's degree,"$100,000 to $167,999",114723.25,46,SD,Independent,0.4827827593319277,0.1882236458553342,0.2800149458653368,0.048978648947401206,33,71,20260831,1
LP0106,2024HU0078605-02,2024HU0078605,02,Male,37,1989,30-44,White / Caucasian,Some college or Associate's degree,"$168,000 or more",202542.375,06,CA,Independent,0.25399861444724764,0.33453755476621694,0.3156438995074285,0.09581993127910696,203,71,20260831,1
LP0107,2024HU0111898-01,2024HU0111898,01,Male,40,1986,30-44,White / Caucasian,Doctorate degree / Ph.D.,"$100,000 to $167,999",101525.0,36,NY,Republican,0.18384637148644364,0.43310176633863223,0.3252325818440041,0.05781928033092015,33,71,20260831,1
LP0108,2024HU0129871-01,2024HU0129871,01,Male,38,1988,30-44,White / Caucasian,High school diploma / GED,"Less than $30,000",5786.925,01,AL,Republican,0.3783136302954685,0.14100540643209877,0.3258496948588608,0.15483126841357195,173,71,20260831,1
LP0109,2024HU0131446-01,2024HU0131446,01,Male,37,1989,30-44,White / Caucasian,Master's degree / Professional degree,"$56,000 to $99,999",83250.5,29,MO,Democrat,0.3062369135817839,0.3130608790933306,0.33501608361058655,0.04568612371429882,143,71,20260831,1
LP0110,2024HU0174238-02,2024HU0174238,02,Male,39,1987,30-44,White / Caucasian,Less than high school,"$30,000 to $55,999",50762.5,26,MI,Republican,0.28398544116795393,0.17948424469220686,0.38620064650424163,0.15032966763559757,382,71,20260831,1
LP0111,2024HU0175847-01,2024HU0175847,01,Male,36,1990,30-44,White / Caucasian,Master's degree / Professional degree,"$30,000 to $55,999",40610.0,49,UT,Independent,0.28555797440625635,0.21730491715773761,0.4010257797903536,0.09611132864565244,822,71,20260831,1
LP0112,2024HU0196154-01,2024HU0196154,01,Male,31,1995,30-44,White / Caucasian,Less than high school,"$100,000 to $167,999",130561.15,53,WA,Other,0.2229811915115874,0.25773563391496057,0.3623130978721854,0.15697007670126664,332,71,20260831,1
LP0113,2024HU0213528-02,2024HU0213528,02,Male,36,1990,30-44,White / Caucasian,Some college or Associate's degree,"$56,000 to $99,999",71067.5,06,CA,Other,0.25400572403986743,0.34658557816916286,0.33050968325901947,0.06889901453195017,199,71,20260831,1
LP0114,2024HU0276539-01,2024HU0276539,01,Male,35,1991,30-44,White / Caucasian,High school diploma / GED,"$56,000 to $99,999",76143.75,13,GA,Republican,0.45229023442086747,0.1626455975931417,0.3035927239228787,0.08147144406311209,87,71,20260831,1
LP0115,2024HU0283644-01,2024HU0283644,01,Male,44,1982,30-44,White / Caucasian,Master's degree / Professional degree,"$168,000 or more",190867.0,17,IL,Democrat,0.1746215431427277,0.43817561207070743,0.3339076038517066,0.053295240934858185,67,71,20260831,1
LP0116,2024HU0285950-03,2024HU0285950,03,Male,36,1990,30-44,White / Caucasian,High school diploma / GED,"$56,000 to $99,999",69037.0,47,TN,Republican,0.40690171894216615,0.16166755520201373,0.3414458780593899,0.08998484779643011,236,71,20260831,1
LP0117,2024HU0290221-01,2024HU0290221,01,Male,33,1993,30-44,White / Caucasian,Bachelor's degree,"$100,000 to $167,999",142378.66,06,CA,Democrat,0.23107201165454822,0.389005529948183,0.30429766770930594,0.07562479068796277,59,71,20260831,1
LP0118,2024HU0314751-01,2024HU0314751,01,Male,31,1995,30-44,White / Caucasian,Some college or Associate's degree,"$30,000 to $55,999",46498.45,26,MI,Independent,0.26258068590751565,0.24942142227121147,0.3944512569659251,0.09354663485534781,51,71,20260831,1
LP0119,2024HU0318857-03,2024HU0318857,03,Male,37,1989,30-44,White / Caucasian,Some college or Associate's degree,"Less than $30,000",27411.75,09,CT,Republican,0.18574824697927617,0.27313093397586563,0.3973177012996763,0.14380311774518184,87,71,20260831,1
LP0120,2024HU0357576-01,2024HU0357576,01,Male,39,1987,30-44,White / Caucasian,Bachelor's degree,"$168,000 or more",223355.0,17,IL,Republican,0.2390642599950645,0.3668660097300634,0.3113778288407079,0.08269190143416422,104,71,20260831,1
LP0121,2024HU0368679-01,2024HU0368679,01,Male,39,1987,30-44,White / Caucasian,High school diploma / GED,"$56,000 to $99,999",83250.5,48,TX,Republican,0.49264332390657783,0.14741334341821555,0.28274123097192877,0.07720210170327771,283,71,20260831,1
LP0122,2024HU0400123-01,2024HU0400123,01,Male,38,1988,30-44,White / Caucasian,Some college or Associate's degree,"$100,000 to $167,999",131982.5,18,IN,Republican,0.35810355160204804,0.21658586289093087,0.36956032425995844,0.05575026124706264,141,71,20260831,1
LP0123,2024HU0418263-01,2024HU0418263,01,Male,40,1986,30-44,White / Caucasian,Master's degree / Professional degree,"$168,000 or more",172592.5,13,GA,Republican,0.29162771186733694,0.27683945001253546,0.3925674368490159,0.03896540127111161,68,71,20260831,1
LP0124,2024HU0423880-02,2024HU0423880,02,Male,39,1987,30-44,White / Caucasian,Bachelor's degree,"$168,000 or more",545219.7075,12,FL,Republican,0.41907405498172756,0.2185524318299902,0.2892116257902436,0.07316188739803857,246,71,20260831,1
LP0125,2024HU0447725-02,2024HU0447725,02,Male,31,1995,30-44,White / Caucasian,Some college or Associate's degree,"$100,000 to $167,999",106601.25,41,OR,Democrat,0.261507827403316,0.2846899444803921,0.36199730178067774,0.09180492633561423,149,71,20260831,1
LP0126,2024HU0456182-02,2024HU0456182,02,Male,41,1985,30-44,White / Caucasian,Some college or Associate's degree,"$56,000 to $99,999",89138.95,17,IL,Republican,0.2912447954516552,0.2811120126672869,0.3399343759309718,0.08770881595008607,142,71,20260831,1
LP0127,2024HU0468290-02,2024HU0468290,02,Male,35,1991,30-44,White / Caucasian,Some college or Associate's degree,"$168,000 or more",169546.75,50,VT,Republican,0.1525426688755339,0.27001508235750604,0.5303508328491892,0.04709141591777083,61,71,20260831,1
LP0128,2024HU0495322-02,2024HU0495322,02,Male,39,1987,30-44,White / Caucasian,High school diploma / GED,"$56,000 to $99,999",86600.825,18,IN,Independent,0.447377899445847,0.16291178578115043,0.2940413731848433,0.09566894158815929,85,71,20260831,1
LP0129,2024HU0578711-01,2024HU0578711,01,Male,39,1987,30-44,White / Caucasian,Bachelor's degree,"$100,000 to $167,999",141627.375,48,TX,Independent,0.36411215326055346,0.24245337898618288,0.3355625451534917,0.0578719225997719,56,71,20260831,1
LP0130,2024HU0600495-02,2024HU0600495,02,Male,38,1988,30-44,White / Caucasian,Bachelor's degree,"$100,000 to $167,999",162033.9,12,FL,Republican,0.3458190704944116,0.2888935287515775,0.3202195387101854,0.045067862043825534,137,71,20260831,1
LP0131,2024HU0617606-02,2024HU0617606,02,Male,32,1994,30-44,White / Caucasian,Bachelor's degree,"$100,000 to $167,999",152287.5,12,FL,Democrat,0.3458190704944116,0.2888935287515775,0.3202195387101854,0.045067862043825534,135,71,20260831,1
LP0132,2024HU0624995-02,2024HU0624995,02,Male,44,1982,30-44,White / Caucasian,Master's degree / Professional degree,"$168,000 or more",312697.0,08,CO,Democrat,0.1536111192617661,0.39919785764408977,0.4127255296827151,0.03446549341142904,315,71,20260831,1
LP0133,2024HU0633202-01,2024HU0633202,01,Male,42,1984,30-44,White / Caucasian,Bachelor's degree,"$168,000 or more",253812.5,06,CA,Independent,0.22003837676680524,0.44667814388050286,0.28723298147929954,0.046050497873392354,153,71,20260831,1
LP0134,2024HU0668103-02,2024HU0668103,02,Male,32,1994,30-44,White / Caucasian,High school diploma / GED,"$56,000 to $99,999",60915.0,41,OR,Democrat,0.2726439150929246,0.26157309682754326,0.33516122234417417,0.13062176573535791,305,71,20260831,1
LP0135,2024HU0668118-02,2024HU0668118,02,Male,40,1986,30-44,White / Caucasian,Some college or Associate's degree,"$100,000 to $167,999",158379.0,42,PA,Democrat,0.3181845932291264,0.311670568620922,0.33284298198098566,0.03730185616896591,185,71,20260831,1
LP0136,2024HU0702849-01,2024HU0702849,01,Male,36,1990,30-44,White / Caucasian,Bachelor's degree,"$168,000 or more",203050.0,12,FL,Independent,0.34899951568259574,0.28324962792407227,0.3061925594334186,0.06155829695991338,107,71,20260831,1
LP0137,2024HU0737376-02,2024HU0737376,02,Male,38,1988,30-44,White / Caucasian,Less than high school,"$30,000 to $55,999",41422.2,01,AL,Republican,0.4076002030492907,0.11877685317286146,0.34151170184369567,0.1321112419341521,217,71,20260831,1
LP0138,2024HU0765200-02,2024HU0765200,02,Male,44,1982,30-44,White / Caucasian,Some college or Associate's degree,"$30,000 to $55,999",31675.8,36,NY,Democrat,0.21468599932206928,0.3138845039079339,0.3207316202533729,0.15069787651662384,175,71,20260831,1
LP0139,2024HU0773666-02,2024HU0773666,02,Male,43,1983,30-44,White / Caucasian,Bachelor's degree,"$100,000 to $167,999",142135.0,04,AZ,Democrat,0.3053523486060836,0.26395845112047156,0.3823082112303742,0.04838098904307069,329,71,20260831,1
LP0140,2024HU0781126-02,2024HU0781126,02,Male,32,1994,30-44,White / Caucasian,High school diploma / GED,"$30,000 to $55,999",50762.5,48,TX,Republican,0.4470612756058381,0.1616687928874441,0.29162930379959134,0.09964062770712649,160,71,20260831,1
LP0141,2024HU0792312-02,2024HU0792312,02,Male,39,1987,30-44,White / Caucasian,Some college or Associate's degree,"$100,000 to $167,999",101525.0,29,MO,Republican,0.4077180645450527,0.21942553399064485,0.3245699072598264,0.0482864942044761,137,71,20260831,1
LP0142,2024HU0840059-02,2024HU0840059,02,Male,36,1990,30-44,White / Caucasian,Master's degree / Professional degree,"$168,000 or more",174623.0,41,OR,Democrat,0.15997654174736314,0.42642180923039086,0.3496489904419972,0.0639526585802488,314,71,20260831,1
LP0143,2024HU0846115-03,2024HU0846115,03,Male,42,1984,30-44,White / Caucasian,Bachelor's degree,"$168,000 or more",326402.875,51,VA,Republican,0.259008017712072,0.3269465008234408,0.38285795385469257,0.031187527609794662,70,71,20260831,1
LP0144,2024HU0865405-01,2024HU0865405,01,Male,41,1985,30-44,White / Caucasian,Master's degree / Professional degree,"$100,000 to $167,999",101525.0,48,TX,Other,0.31034175705256956,0.27646625244210277,0.36682520205641606,0.04636678844891155,266,71,20260831,1
LP0145,2024HU0873279-02,2024HU0873279,02,Male,40,1986,30-44,White / Caucasian,Bachelor's degree,"Less than $30,000",12183.0,06,CA,Democrat,0.16348079679243993,0.43849943368995414,0.2735397743287068,0.12447999518889898,114,71,20260831,1
LP0146,2024HU0938517-01,2024HU0938517,01,Male,31,1995,30-44,White / Caucasian,Bachelor's degree,"$56,000 to $99,999",72082.75,49,UT,Independent,0.3686754490947457,0.19083659488165844,0.3530044107959232,0.08748354522767261,296,71,20260831,1
LP0147,2024HU0951213-02,2024HU0951213,02,Male,40,1986,30-44,White / Caucasian,Bachelor's degree,"$168,000 or more",292899.625,29,MO,Republican,0.3394491601663191,0.33209204709547663,0.2977988718232582,0.030659920914945987,121,71,20260831,1
LP0148,2024HU0951427-02,2024HU0951427,02,Male,34,1992,30-44,White / Caucasian,Less than high school,"$30,000 to $55,999",30559.025,22,LA,Republican,0.40539284387505964,0.12296402463979392,0.34988630718878977,0.12175682429635658,118,71,20260831,1
LP0149,2024HU0953457-02,2024HU0953457,02,Male,35,1991,30-44,White / Caucasian,Master's degree / Professional degree,"$100,000 to $167,999",127058.5375,53,WA,Independent,0.1378328178273732,0.46062307001957525,0.3343949089690906,0.06714920318396099,88,71,20260831,1
LP0150,2024HU0961066-02,2024HU0961066,02,Male,32,1994,30-44,White / Caucasian,Master's degree / Professional degree,"$168,000 or more",180612.975,17,IL,Democrat,0.1746215431427277,0.43817561207070743,0.3339076038517066,0.053295240934858185,61,71,20260831,1
LP0151,2024HU0969918-01,2024HU0969918,01,Male,31,1995,30-44,White / Caucasian,Some college or Associate's degree,"$56,000 to $99,999",65991.25,29,MO,Republican,0.3574182015872943,0.23566788822118012,0.35171620718158136,0.05519770300994424,624,71,20260831,1
LP0152,2024HU1016890-02,2024HU1016890,02,Male,36,1990,30-44,White / Caucasian,High school diploma / GED,"$56,000 to $99,999",61727.2,36,NY,Republican,0.2845811166141558,0.2929363524781662,0.31353520736640333,0.10894732354127483,53,71,20260831,1
LP0153,2024HU1050344-03,2024HU1050344,03,Male,38,1988,30-44,White / Caucasian,High school diploma / GED,"$168,000 or more",786311.125,27,MN,Democrat,0.37621257466069485,0.19996947136666318,0.2778098679238006,0.14600808604884138,134,71,20260831,1
LP0154,2024HU1050489-01,2024HU1050489,01,Male,42,1984,30-44,White / Caucasian,Master's degree / Professional degree,"$168,000 or more",583768.75,53,WA,Independent,0.18179159001489764,0.38775428731030764,0.3355988277666167,0.09485529490817803,315,71,20260831,1
LP0155,2024HU1080326-01,2024HU1080326,01,Male,43,1983,30-44,White / Caucasian,High school diploma / GED,"$56,000 to $99,999",94012.15,42,PA,Democrat,0.41138841734380177,0.23730748240673907,0.26844540919359694,0.0828586910558621,358,71,20260831,1
LP0156,2024HU1102634-02,2024HU1102634,02,Male,38,1988,30-44,White / Caucasian,Master's degree / Professional degree,"$168,000 or more",169546.75,21,KY,Democrat,0.26910567479044784,0.3550227684715769,0.33233979137248687,0.04353176536548859,594,71,20260831,1
LP0157,2024HU1126178-01,2024HU1126178,01,Male,36,1990,30-44,White / Caucasian,High school diploma / GED,"Less than $30,000",15228.75,19,IA,Republican,0.26379606896314095,0.2033867010604081,0.3157858077607854,0.2170314222156656,295,71,20260831,1
LP0158,2024HU1126808-01,2024HU1126808,01,Male,37,1989,30-44,White / Caucasian,Bachelor's degree,"$100,000 to $167,999",123352.875,22,LA,Independent,0.4087575216447908,0.2140606930487127,0.34106100318448523,0.03612078212201129,273,71,20260831,1
LP0159,2024HU1130249-01,2024HU1130249,01,Male,37,1989,30-44,White / Caucasian,Some college or Associate's degree,"$100,000 to $167,999",134317.575,31,NE,Independent,0.406532480024105,0.17682583716368677,0.3865796795630888,0.030062003249119406,94,71,20260831,1
LP0160,2024HU1131742-01,2024HU1131742,01,Male,35,1991,30-44,White / Caucasian,Master's degree / Professional degree,"$100,000 to $167,999",166501.0,39,OH,Republican,0.2344667090925663,0.3144634606096498,0.4015418891413042,0.04952794115647965,69,71,20260831,1
LP0161,2024HU1171959-01,2024HU1171959,01,Male,30,1996,30-44,White / Caucasian,Some college or Associate's degree,"Less than $30,000",19695.85,39,OH,Independent,0.2597617551427212,0.25508546787169917,0.3891781564089971,0.09597462057658251,57,71,20260831,1
LP0162,2024HU1191778-01,2024HU1191778,01,Male,38,1988,30-44,White / Caucasian,Master's degree / Professional degree,"$56,000 to $99,999",87311.5,25,MA,Independent,0.1136359141681014,0.36137812280232817,0.4558397216099226,0.06914624141964777,101,71,20260831,1
LP0163,2024HU1214150-01,2024HU1214150,01,Male,42,1984,30-44,White / Caucasian,Master's degree / Professional degree,"$168,000 or more",864993.0,50,VT,Independent,0.12943200302052787,0.3044198230783302,0.477095163101816,0.08905301079932594,156,71,20260831,1
LP0164,2024HU1240757-03,2024HU1240757,03,Male,32,1994,30-44,White / Caucasian,Bachelor's degree,"$100,000 to $167,999",148226.5,04,AZ,Republican,0.3053523486060836,0.26395845112047156,0.3823082112303742,0.04838098904307069,143,71,20260831,1
LP0165,2024HU1266824-02,2024HU1266824,02,Male,38,1988,30-44,White / Caucasian,Some college or Associate's degree,"$56,000 to $99,999",91372.5,25,MA,Republican,0.17606404350577345,0.26306213431853487,0.49648014555601017,0.06439367661968166,105,71,20260831,1
LP0166,2024HU1272625-01,2024HU1272625,01,Male,36,1990,30-44,White / Caucasian,Some college or Associate's degree,"$100,000 to $167,999",104570.75,41,OR,Independent,0.2735446934621131,0.2821854914180715,0.3795593159457946,0.06471049917402086,159,71,20260831,1
LP0167,2024HU1277274-02,2024HU1277274,02,Male,41,1985,30-44,White / Caucasian,Some college or Associate's degree,"$168,000 or more",190867.0,27,MN,Democrat,0.2709552553464939,0.30391884657410956,0.37458180547643893,0.05054409260295762,175,71,20260831,1
LP0168,2024HU1288469-02,2024HU1288469,02,Male,30,1996,30-44,White / Caucasian,Master's degree / Professional degree,"$168,000 or more",172592.5,36,NY,Independent,0.1629143705270197,0.4659211494723697,0.3191226644086512,0.05204181559195939,130,71,20260831,1
LP0169,2024HU1288555-01,2024HU1288555,01,Male,37,1989,30-44,White / Caucasian,Some college or Associate's degree,"$100,000 to $167,999",145383.8,24,MD,Democrat,0.20235744266517797,0.3121712274736108,0.4221552876217926,0.06331604223941857,309,71,20260831,1
LP0170,2024HU1307501-01,2024HU1307501,01,Male,43,1983,30-44,White / Caucasian,Some college or Associate's degree,"$168,000 or more",177668.75,12,FL,Democrat,0.3703547084441277,0.2436926446817935,0.33453924426875015,0.05141340260532869,122,71,20260831,1
LP0171,2024HU1341337-03,2024HU1341337,03,Male,30,1996,30-44,White / Caucasian,Bachelor's degree,"$30,000 to $55,999",31168.175,12,FL,Independent,0.31353732447416754,0.27006529380305583,0.3157359253513108,0.1006614563714658,85,71,20260831,1
LP0172,2024HU1350400-01,2024HU1350400,01,Male,38,1988,30-44,White / Caucasian,Some college or Associate's degree,"$56,000 to $99,999",68833.95,39,OH,Democrat,0.3181764821429914,0.20233773991945692,0.427622502787779,0.051863275149772604,76,71,20260831,1
LP0173,2024HU1384923-01,2024HU1384923,01,Male,32,1994,30-44,White / Caucasian,Bachelor's degree,"$100,000 to $167,999",122845.25,12,FL,Independent,0.3463735367488244,0.2830217444187855,0.3141449275058422,0.056459791326547895,233,71,20260831,1
LP0174,2024HU1391172-01,2024HU1391172,01,Male,34,1992,30-44,White / Caucasian,Some college or Associate's degree,"$56,000 to $99,999",65991.25,47,TN,Republican,0.3410966970904906,0.18840723052514355,0.3984189319651203,0.07207714041924557,66,71,20260831,1
LP0175,2024HU0192649-01,2024HU0192649,01,Male,39,1987,30-44,Black / African American,High school diploma / GED,"$30,000 to $55,999",35533.75,13,GA,Republican,0.09051287716916279,0.39321770185618954,0.33532725564967314,0.18094216532497456,123,17,20260831,1
LP0176,2024HU0278215-03,2024HU0278215,03,Male,30,1996,30-44,Black / African American,High school diploma / GED,"$56,000 to $99,999",80509.325,24,MD,Democrat,0.04871586442904236,0.5336010075474186,0.32589274646946365,0.09179038155407533,186,17,20260831,1
LP0177,2024HU0317080-02,2024HU0317080,02,Male,41,1985,30-44,Black / African American,Bachelor's degree,"$56,000 to $99,999",61930.25,24,MD,Democrat,0.024780417149622272,0.6232121111689002,0.30340053690585334,0.04860693477562419,77,17,20260831,1
LP0178,2024HU0430947-01,2024HU0430947,01,Male,42,1984,30-44,Black / African American,Master's degree / Professional degree,"$168,000 or more",182745.0,51,VA,Democrat,0.029440782053344237,0.6229440698494492,0.31317885674334517,0.034436291353861316,166,17,20260831,1
LP0179,2024HU0493484-01,2024HU0493484,01,Male,41,1985,30-44,Black / African American,Master's degree / Professional degree,"$56,000 to $99,999",60915.0,42,PA,Democrat,0.02691180839342635,0.7046826699748545,0.22456389625902418,0.04384162537269489,359,17,20260831,1
LP0180,2024HU0545780-03,2024HU0545780,03,Male,41,1985,30-44,Black / African American,Less than high school,"$56,000 to $99,999",95027.4,13,GA,Independent,0.1052521011497441,0.3336480682338145,0.41485165712924393,0.14624817348719746,554,17,20260831,1
LP0181,2024HU0846788-02,2024HU0846788,02,Male,40,1986,30-44,Black / African American,High school diploma / GED,"$30,000 to $55,999",42742.025,22,LA,Republican,0.11468918310187175,0.4255868737916516,0.3589189300205154,0.10080501308596125,457,17,20260831,1
LP0182,2024HU0861454-01,2024HU0861454,01,Male,44,1982,30-44,Black / African American,Master's degree / Professional degree,"$168,000 or more",380718.75,36,NY,Democrat,0.017939251915291356,0.7291473162745092,0.1776802305127556,0.07523320129744372,405,17,20260831,1
LP0183,2024HU1012352-01,2024HU1012352,01,Male,40,1986,30-44,Black / African American,Some college or Associate's degree,"$56,000 to $99,999",94418.25,48,TX,Independent,0.08957255597661609,0.46372760851901346,0.35943876862173557,0.087261066882635,414,17,20260831,1
LP0184,2024HU1024068-01,2024HU1024068,01,Male,43,1983,30-44,Black / African American,Some college or Associate's degree,"$56,000 to $99,999",96448.75,37,NC,Independent,0.07598980481749618,0.4316999151130094,0.4393586539311687,0.052951626138325776,241,17,20260831,1
LP0185,2024HU1033124-01,2024HU1033124,01,Male,34,1992,30-44,Black / African American,High school diploma / GED,"$56,000 to $99,999",65991.25,39,OH,Republican,0.07411294023844378,0.4452401198600472,0.35858242498020526,0.12206451492130369,586,17,20260831,1
LP0186,2024HU1055171-02,2024HU1055171,02,Male,43,1983,30-44,Black / African American,Some college or Associate's degree,"$168,000 or more",178684.0,36,NY,Democrat,0.03862800409380774,0.6459424177849371,0.2671766410152414,0.048252937106013714,94,17,20260831,1
LP0187,2024HU1076418-01,2024HU1076418,01,Male,30,1996,30-44,Black / African American,Bachelor's degree,"$56,000 to $99,999",86296.25,42,PA,Democrat,0.051220793978718766,0.6490135935001381,0.23955945856778554,0.060206153953357495,237,17,20260831,1
LP0188,2024HU1097413-02,2024HU1097413,02,Male,30,1996,30-44,Black / African American,Less than high school,"Less than $30,000",10152.5,37,NC,Independent,0.046116900816507156,0.3874272966795692,0.36323068092089694,0.20322512158302675,67,17,20260831,1
LP0189,2024HU1147936-02,2024HU1147936,02,Male,42,1984,30-44,Black / African American,Some college or Associate's degree,"$100,000 to $167,999",167820.825,13,GA,Democrat,0.08080893718345514,0.4733453737432084,0.3831881929813178,0.0626574960920187,303,17,20260831,1
LP0190,2024HU1161166-01,2024HU1161166,01,Male,36,1990,30-44,Black / African American,Some college or Associate's degree,"Less than $30,000",10355.55,11,DC,Independent,0.009366065212506193,0.7823827465030517,0.12959813842077292,0.07865304986366925,277,17,20260831,1
LP0191,2024HU1317789-01,2024HU1317789,01,Male,35,1991,30-44,Black / African American,High school diploma / GED,"$56,000 to $99,999",97575.6775,24,MD,Independent,0.04871586442904236,0.5336010075474186,0.32589274646946365,0.09179038155407533,501,17,20260831,1
LP0192,2024HU0054322-03,2024HU0054322,03,Male,33,1993,30-44,Hispanic / Latino,High school diploma / GED,"$56,000 to $99,999",87819.125,48,TX,Democrat,0.3556219459018058,0.2247244231590335,0.29866245326904217,0.12099117767011852,122,29,20260831,1
LP0193,2024HU0139862-02,2024HU0139862,02,Male,39,1987,30-44,Hispanic / Latino,High school diploma / GED,"Less than $30,000",27716.325,48,TX,Republican,0.2815537586726175,0.2412895690643629,0.2918023890331533,0.18535428322986636,230,29,20260831,1
LP0194,2024HU0177618-01,2024HU0177618,01,Male,32,1994,30-44,Hispanic / Latino,Some college or Associate's degree,"$100,000 to $167,999",119799.5,48,TX,Republican,0.29111177290584594,0.2715449151126101,0.35311664417389504,0.08422666780764891,121,29,20260831,1
LP0195,2024HU0316287-02,2024HU0316287,02,Male,40,1986,30-44,Hispanic / Latino,Bachelor's degree,"$168,000 or more",288432.525,25,MA,Democrat,0.07731416834851343,0.49690725463406465,0.3639413217795383,0.061837255237883595,202,29,20260831,1
LP0196,2024HU0317195-01,2024HU0317195,01,Male,33,1993,30-44,Hispanic / Latino,High school diploma / GED,"$30,000 to $55,999",53605.2,34,NJ,Democrat,0.222549516447186,0.31130220079055204,0.27062998970438595,0.19551829305787605,126,29,20260831,1
LP0197,2024HU0410432-02,2024HU0410432,02,Male,30,1996,30-44,Hispanic / Latino,Less than high school,"$56,000 to $99,999",69240.05,34,NJ,Republican,0.1853878425181337,0.27070063486341184,0.3381906201066747,0.20572090251177966,240,29,20260831,1
LP0198,2024HU0418752-01,2024HU0418752,01,Male,44,1982,30-44,Hispanic / Latino,Less than high school,"$30,000 to $55,999",42640.5,48,TX,Republican,0.25434459387146235,0.19749132972258152,0.34046744074334684,0.20769663566260926,124,29,20260831,1
LP0199,2024HU0422842-02,2024HU0422842,02,Male,42,1984,30-44,Hispanic / Latino,Less than high school,"Less than $30,000",16183.085,48,TX,Independent,0.19183957928542508,0.23616147822359032,0.30623136190949046,0.2657675805814942,77,29,20260831,1
LP0200,2024HU0469801-02,2024HU0469801,02,Male,33,1993,30-44,Hispanic / Latino,Some college or Associate's degree,"$100,000 to $167,999",152287.5,53,WA,Other,0.12700425358998832,0.45436522691889175,0.32283327955685137,0.09579723993426861,475,29,20260831,1
LP0201,2024HU0561911-01,2024HU0561911,01,Male,30,1996,30-44,Hispanic / Latino,High school diploma / GED,"$56,000 to $99,999",94824.35,06,CA,Republican,0.2223079187022082,0.35516651739973676,0.26678412333191603,0.15574144056613898,92,29,20260831,1
LP0202,2024HU0565714-01,2024HU0565714,01,Male,35,1991,30-44,Hispanic / Latino,Bachelor's degree,"$56,000 to $99,999",64976.0,06,CA,Independent,0.1316839771622074,0.4830488613890585,0.2892287319830295,0.09603842946570446,180,29,20260831,1
LP0203,2024HU0596820-02,2024HU0596820,02,Male,37,1989,30-44,Hispanic / Latino,High school diploma / GED,"Less than $30,000",22538.55,45,SC,Republican,0.2895988604932563,0.24862794394717427,0.299683533133545,0.16208966242602446,207,29,20260831,1
LP0204,2024HU0756137-01,2024HU0756137,01,Male,33,1993,30-44,Hispanic / Latino,Less than high school,"$56,000 to $99,999",56955.525,06,CA,Independent,0.1605664171775331,0.30065205061847305,0.2911402674940748,0.24764126470991912,141,29,20260831,1
LP0205,2024HU0758064-03,2024HU0758064,03,Male,32,1994,30-44,Hispanic / Latino,High school diploma / GED,"$100,000 to $167,999",129748.95,48,TX,Independent,0.3198482714991325,0.2548259023933683,0.30228601398749383,0.12303981212000546,157,29,20260831,1
LP0206,2024HU0760223-01,2024HU0760223,01,Male,42,1984,30-44,Hispanic / Latino,High school diploma / GED,"$100,000 to $167,999",148734.125,32,NV,Independent,0.25167345302540645,0.3655127447898069,0.2671369986596062,0.1156768035251804,487,29,20260831,1
LP0207,2024HU0766578-01,2024HU0766578,01,Male,44,1982,30-44,Hispanic / Latino,Master's degree / Professional degree,"Less than $30,000",26701.075,48,TX,Democrat,0.16219948652025887,0.3897543131746139,0.33365923890217747,0.11438696140294989,143,29,20260831,1
LP0208,2024HU0780417-01,2024HU0780417,01,Male,44,1982,30-44,Hispanic / Latino,High school diploma / GED,"$100,000 to $167,999",117769.0,08,CO,Other,0.2096760834985765,0.2866259653000869,0.3863372788030896,0.11736067239824693,274,29,20260831,1
LP0209,2024HU0806185-01,2024HU0806185,01,Male,44,1982,30-44,Hispanic / Latino,Less than high school,"$56,000 to $99,999",58072.3,22,LA,Republican,0.3176875387017042,0.18504287757490914,0.3649747075127036,0.1322948762106831,269,29,20260831,1
LP0210,2024HU0819433-02,2024HU0819433,02,Male,38,1988,30-44,Hispanic / Latino,Less than high school,"$30,000 to $55,999",35533.75,47,TN,Other,0.20628945697867507,0.17149741678464192,0.32802547736017307,0.29418764887650983,214,29,20260831,1
LP0211,2024HU0995888-01,2024HU0995888,01,Male,31,1995,30-44,Hispanic / Latino,High school diploma / GED,"Less than $30,000",10863.175,36,NY,Other,0.12440977253782062,0.4176196269884217,0.22358930971056,0.2343812907631977,180,29,20260831,1
LP0212,2024HU1054333-02,2024HU1054333,02,Male,33,1993,30-44,Hispanic / Latino,Some college or Associate's degree,"$56,000 to $99,999",75331.55,06,CA,Democrat,0.1467486302587522,0.44625142331881923,0.27875300118721535,0.12824694523521327,262,29,20260831,1
LP0213,2024HU1068109-02,2024HU1068109,02,Male,37,1989,30-44,Hispanic / Latino,High school diploma / GED,"$168,000 or more",248736.25,06,CA,Independent,0.19363936442859842,0.3874163984703027,0.25296773334527345,0.16597650375582546,85,29,20260831,1
LP0214,2024HU1068890-02,2024HU1068890,02,Male,33,1993,30-44,Hispanic / Latino,Less than high school,"$56,000 to $99,999",64569.9,06,CA,Democrat,0.15822277579643157,0.3188992659136355,0.3237521448930864,0.19912581339684657,128,29,20260831,1
LP0215,2024HU1129973-02,2024HU1129973,02,Male,36,1990,30-44,Hispanic / Latino,Less than high school,"$30,000 to $55,999",42640.5,08,CO,Democrat,0.14447061002621175,0.22854749407429456,0.40890459044544875,0.21807730545404486,67,29,20260831,1
LP0216,2024HU1183030-02,2024HU1183030,02,Male,41,1985,30-44,Hispanic / Latino,Less than high school,"$100,000 to $167,999",159394.25,04,AZ,Republican,0.23570065041026383,0.24170897726581378,0.41073089433202853,0.11185947799189382,261,29,20260831,1
LP0217,2024HU1281042-01,2024HU1281042,01,Male,36,1990,30-44,Hispanic / Latino,High school diploma / GED,"$100,000 to $167,999",137058.75,06,CA,Independent,0.19391704920552444,0.3905988141862473,0.2618804108219162,0.15360372578631198,255,29,20260831,1
LP0218,2024HU1329172-02,2024HU1329172,02,Male,43,1983,30-44,Hispanic / Latino,High school diploma / GED,"$30,000 to $55,999",48732.0,48,TX,Other,0.2998338742949834,0.24006497282647946,0.3019248262443609,0.15817632663417622,623,29,20260831,1
LP0219,2024HU1398152-02,2024HU1398152,02,Male,41,1985,30-44,Hispanic / Latino,Master's degree / Professional degree,"$56,000 to $99,999",76346.8,06,CA,Other,0.09240880431818817,0.5667564093150732,0.25029657650107,0.09053820986566866,70,29,20260831,1
LP0220,2024HU1428094-01,2024HU1428094,01,Male,40,1986,30-44,Hispanic / Latino,Less than high school,"$56,000 to $99,999",59899.75,08,CO,Democrat,0.15205687247626962,0.22944129103570265,0.4079717055959974,0.2105301308920305,284,29,20260831,1
LP0221,2024HU0228794-01,2024HU0228794,01,Male,36,1990,30-44,Asian / Asian American,Master's degree / Professional degree,"$100,000 to $167,999",113708.0,34,NJ,Republican,0.11961855804644211,0.4381246126568809,0.37230300191346977,0.06995382738320728,151,10,20260831,1
LP0222,2024HU0376182-01,2024HU0376182,01,Male,43,1983,30-44,Asian / Asian American,Bachelor's degree,"$56,000 to $99,999",98276.2,06,CA,Democrat,0.14204320593947156,0.4257448107854326,0.34357311347363156,0.08863886980146432,229,10,20260831,1
LP0223,2024HU0411848-02,2024HU0411848,02,Male,44,1982,30-44,Asian / Asian American,Bachelor's degree,"$100,000 to $167,999",121830.0,53,WA,Independent,0.09797532798347765,0.46265246364039014,0.35320494094127447,0.08616726743485781,79,10,20260831,1
LP0224,2024HU0461908-02,2024HU0461908,02,Male,37,1989,30-44,Asian / Asian American,Master's degree / Professional degree,"$168,000 or more",792910.25,36,NY,Democrat,0.11176021615168814,0.4478933014832701,0.33724146683995454,0.10310501552508712,24,10,20260831,1
LP0225,2024HU0659530-01,2024HU0659530,01,Male,36,1990,30-44,Asian / Asian American,Bachelor's degree,"$168,000 or more",187821.25,18,IN,Independent,0.18312621589112504,0.34055672146707483,0.4078581438419084,0.06845891879989181,104,10,20260831,1
LP0226,2024HU0687753-01,2024HU0687753,01,Male,40,1986,30-44,Asian / Asian American,Master's degree / Professional degree,"$168,000 or more",477167.5,17,IL,Independent,0.07850089287877554,0.5049450554908187,0.3123242476962461,0.10422980393415968,60,10,20260831,1
LP0227,2024HU0793258-01,2024HU0793258,01,Male,36,1990,30-44,Asian / Asian American,Doctorate degree / Ph.D.,"$168,000 or more",409348.8,06,CA,Independent,0.07541656818328159,0.5285929004733511,0.2934678835024013,0.10252264784096604,219,10,20260831,1
LP0228,2024HU0909818-01,2024HU0909818,01,Male,43,1983,30-44,Asian / Asian American,Bachelor's degree,"$168,000 or more",324880.0,42,PA,Republican,0.14486502621477976,0.5033359417873352,0.3110020315190638,0.04079700047882136,80,10,20260831,1
LP0229,2024HU1010664-02,2024HU1010664,02,Male,44,1982,30-44,Asian / Asian American,Master's degree / Professional degree,"$168,000 or more",240614.25,17,IL,Democrat,0.09002860801298915,0.49265724584758963,0.3371392689577068,0.08017487718171457,135,10,20260831,1
LP0230,2024HU1398718-01,2024HU1398718,01,Male,43,1983,30-44,Asian / Asian American,Master's degree / Professional degree,"$168,000 or more",252086.575,34,NJ,Democrat,0.0993496326977812,0.5210237944069571,0.33242567999863515,0.04720089289662654,86,10,20260831,1
LP0231,2024HU0227340-03,2024HU0227340,03,Male,31,1995,30-44,Other,Less than high school,"$100,000 to $167,999",132997.75,34,NJ,Republican,0.1801607729407039,0.15738115778401432,0.42947725496061634,0.23298081431466544,231,4,20260831,1
LP0232,2024HU0548135-02,2024HU0548135,02,Male,34,1992,30-44,Other,High school diploma / GED,"$56,000 to $99,999",86296.25,28,MS,Democrat,0.418292018824403,0.12451723886121673,0.33021979407768953,0.12697094823669078,266,4,20260831,1
LP0233,2024HU0646233-01,2024HU0646233,01,Male,38,1988,30-44,Other,Doctorate degree / Ph.D.,"$100,000 to $167,999",124368.125,48,TX,Independent,0.17649716435009408,0.2433762412173583,0.49312753992407293,0.08699905450847464,81,4,20260831,1
LP0234,2024HU1369608-01,2024HU1369608,01,Male,35,1991,30-44,Other,Some college or Associate's degree,"$30,000 to $55,999",50762.5,39,OH,Independent,0.19334492638205186,0.15713819292820497,0.5006742832466307,0.14884259744311246,178,4,20260831,1
LP0235,2024HU0003607-02,2024HU0003607,02,Male,51,1975,45-59,White / Caucasian,Some college or Associate's degree,"$100,000 to $167,999",103555.5,42,PA,Democrat,0.4249489145128892,0.2459061193055716,0.2876021391775711,0.04154282700396804,85,68,20260831,1
LP0236,2024HU0004087-01,2024HU0004087,01,Male,58,1968,45-59,White / Caucasian,Some college or Associate's degree,"$100,000 to $167,999",167516.25,42,PA,Democrat,0.39197155865337513,0.2753628232072949,0.29374414186485553,0.03892147627447431,101,68,20260831,1
LP0237,2024HU0009359-02,2024HU0009359,02,Male,47,1979,45-59,White / Caucasian,Master's degree / Professional degree,"$168,000 or more",183760.25,29,MO,Democrat,0.34781639469268283,0.3114769998278795,0.3139343235646961,0.026772281914741555,105,68,20260831,1
LP0238,2024HU0084318-01,2024HU0084318,01,Male,45,1981,45-59,White / Caucasian,High school diploma / GED,"$100,000 to $167,999",162440.0,55,WI,Republican,0.39676207643094474,0.20485399795208295,0.3328032008862862,0.06558072473068602,181,68,20260831,1
LP0239,2024HU0096326-02,2024HU0096326,02,Male,56,1970,45-59,White / Caucasian,Some college or Associate's degree,"$168,000 or more",223355.0,53,WA,Other,0.28020703261537033,0.31341301669873006,0.3311765461430903,0.07520340454280919,347,68,20260831,1
LP0240,2024HU0127782-02,2024HU0127782,02,Male,48,1978,45-59,White / Caucasian,Bachelor's degree,"$168,000 or more",381734.0,27,MN,Independent,0.28672829794527654,0.3344181765880037,0.2930332930743616,0.08582023239235813,76,68,20260831,1
LP0241,2024HU0271453-01,2024HU0271453,01,Male,57,1969,45-59,White / Caucasian,Bachelor's degree,"$168,000 or more",532397.1,17,IL,Democrat,0.38442842549646017,0.2576212687364285,0.28283217273274447,0.07511813303436683,98,68,20260831,1
LP0242,2024HU0276278-01,2024HU0276278,01,Male,45,1981,45-59,White / Caucasian,Bachelor's degree,"$56,000 to $99,999",87311.5,17,IL,Independent,0.35046525092781333,0.29186604517560066,0.30111797680036884,0.056550727096217085,249,68,20260831,1
LP0243,2024HU0278921-01,2024HU0278921,01,Male,55,1971,45-59,White / Caucasian,Master's degree / Professional degree,"$168,000 or more",199496.625,16,ID,Democrat,0.3954719391873877,0.20264925359307184,0.3788604231709866,0.023018384048553782,103,68,20260831,1
LP0244,2024HU0280596-01,2024HU0280596,01,Male,46,1980,45-59,White / Caucasian,Master's degree / Professional degree,"$168,000 or more",335032.5,06,CA,Republican,0.21560250092719915,0.47251579101013724,0.2811260980848395,0.03075560997782415,123,68,20260831,1
LP0245,2024HU0307072-02,2024HU0307072,02,Male,50,1976,45-59,White / Caucasian,Some college or Associate's degree,"$100,000 to $167,999",166501.0,47,TN,Independent,0.45100975192338877,0.16775699644550623,0.3388639420161645,0.04236930961494045,87,68,20260831,1
LP0246,2024HU0323919-01,2024HU0323919,01,Male,53,1973,45-59,White / Caucasian,High school diploma / GED,"$168,000 or more",210968.95,22,LA,Independent,0.5997644196712039,0.12012221121942702,0.2436221648855495,0.03649120422381953,229,68,20260831,1
LP0247,2024HU0325123-01,2024HU0325123,01,Male,54,1972,45-59,White / Caucasian,Less than high school,"$100,000 to $167,999",111677.5,21,KY,Independent,0.5199698924341072,0.13281882977661466,0.27891528544829525,0.06829599234098294,92,68,20260831,1
LP0248,2024HU0339026-02,2024HU0339026,02,Male,57,1969,45-59,White / Caucasian,Some college or Associate's degree,"$168,000 or more",268026.0,17,IL,Democrat,0.3271750624285031,0.32627226877621507,0.30589247526681623,0.04066019352846556,113,68,20260831,1
LP0249,2024HU0361146-01,2024HU0361146,01,Male,50,1976,45-59,White / Caucasian,High school diploma / GED,"$56,000 to $99,999",68021.75,51,VA,Republican,0.41767346944240474,0.17370276552780728,0.3572594950982475,0.05136426993154045,216,68,20260831,1
LP0250,2024HU0388891-01,2024HU0388891,01,Male,53,1973,45-59,White / Caucasian,Some college or Associate's degree,"$168,000 or more",171577.25,12,FL,Republican,0.4597565657143395,0.20559168483867643,0.2982237743574419,0.03642797508954227,83,68,20260831,1
LP0251,2024HU0477848-01,2024HU0477848,01,Male,57,1969,45-59,White / Caucasian,Some college or Associate's degree,"$30,000 to $55,999",37564.25,12,FL,Independent,0.42342598047629115,0.1952296435058849,0.29869481769046313,0.0826495583273609,179,68,20260831,1
LP0252,2024HU0498234-01,2024HU0498234,01,Male,53,1973,45-59,White / Caucasian,Bachelor's degree,"$100,000 to $167,999",142135.0,36,NY,Republican,0.29602322605343667,0.35424594637403095,0.2932035649682205,0.05652726260431194,108,68,20260831,1
LP0253,2024HU0504996-01,2024HU0504996,01,Male,58,1968,45-59,White / Caucasian,Master's degree / Professional degree,"$56,000 to $99,999",99494.5,06,CA,Independent,0.26262038849156355,0.37858664446021406,0.30697940716970284,0.051813559878519544,50,68,20260831,1
LP0254,2024HU0510316-02,2024HU0510316,02,Male,51,1975,45-59,White / Caucasian,Some college or Associate's degree,"$100,000 to $167,999",129952.0,13,GA,Independent,0.4952044272560455,0.14681296370472824,0.3295916786023319,0.028390930436894467,216,68,20260831,1
LP0255,2024HU0526742-02,2024HU0526742,02,Male,56,1970,45-59,White / Caucasian,Master's degree / Professional degree,"$168,000 or more",280818.15,34,NJ,Democrat,0.25799662586620203,0.4096378353769518,0.299914904925782,0.032450633831064245,111,68,20260831,1
LP0256,2024HU0577924-01,2024HU0577924,01,Male,58,1968,45-59,White / Caucasian,Bachelor's degree,"$30,000 to $55,999",46193.875,26,MI,Independent,0.32089517100830667,0.26299744724664814,0.35485306115488413,0.06125432059016119,19,68,20260831,1
LP0257,2024HU0637163-01,2024HU0637163,01,Male,52,1974,45-59,White / Caucasian,Some college or Associate's degree,"$100,000 to $167,999",137058.75,19,IA,Democrat,0.3858322416023465,0.1764000271885478,0.36335870469306597,0.07440902651603974,58,68,20260831,1
LP0258,2024HU0644659-01,2024HU0644659,01,Male,58,1968,45-59,White / Caucasian,High school diploma / GED,"$30,000 to $55,999",55838.75,09,CT,Democrat,0.3130554363233899,0.2116188080993377,0.31741749796908214,0.15790825760819022,237,68,20260831,1
LP0259,2024HU0656803-01,2024HU0656803,01,Male,47,1979,45-59,White / Caucasian,Some college or Associate's degree,"$168,000 or more",201019.5,48,TX,Democrat,0.48005076609965047,0.16995673866007144,0.29979567768661375,0.05019681755366419,169,68,20260831,1
LP0260,2024HU0666538-01,2024HU0666538,01,Male,58,1968,45-59,White / Caucasian,Master's degree / Professional degree,"$168,000 or more",321834.25,33,NH,Independent,0.12307303052060391,0.40055305730008467,0.4589555335879471,0.017418378591364237,62,68,20260831,1
LP0261,2024HU0683831-02,2024HU0683831,02,Male,59,1967,45-59,White / Caucasian,High school diploma / GED,"$168,000 or more",263965.0,24,MD,Independent,0.3230306010885659,0.2937457183911251,0.3446167083568345,0.03860697216347455,79,68,20260831,1
LP0262,2024HU0708842-02,2024HU0708842,02,Male,45,1981,45-59,White / Caucasian,Master's degree / Professional degree,"$168,000 or more",547118.225,48,TX,Republican,0.439497448739156,0.20165335700999826,0.30785469765388157,0.05099449659696414,595,68,20260831,1
LP0263,2024HU0709169-01,2024HU0709169,01,Male,56,1970,45-59,White / Caucasian,Bachelor's degree,"$100,000 to $167,999",131982.5,06,CA,Democrat,0.3051989257780025,0.3491760802060137,0.28861533343657825,0.05700966057940559,123,68,20260831,1
LP0264,2024HU0716857-01,2024HU0716857,01,Male,56,1970,45-59,White / Caucasian,Some college or Associate's degree,"Less than $30,000",26396.5,12,FL,Republican,0.4427767048177132,0.1973991149676661,0.30922153617671766,0.05060264403790303,62,68,20260831,1
LP0265,2024HU0758889-01,2024HU0758889,01,Male,55,1971,45-59,White / Caucasian,Some college or Associate's degree,"$56,000 to $99,999",96651.8,05,AR,Republican,0.5150326124296514,0.13785976726803667,0.31135763308703424,0.035749987215277626,112,68,20260831,1
LP0266,2024HU0785414-01,2024HU0785414,01,Male,53,1973,45-59,White / Caucasian,Some college or Associate's degree,"$56,000 to $99,999",67920.225,23,ME,Other,0.25885147004295395,0.2292133981205928,0.4476697520342889,0.06426537980216436,98,68,20260831,1
LP0267,2024HU0828261-01,2024HU0828261,01,Male,48,1978,45-59,White / Caucasian,Some college or Associate's degree,"$30,000 to $55,999",31168.175,39,OH,Independent,0.37469544669853,0.17459572050499875,0.3514414705241528,0.09926736227231844,77,68,20260831,1
LP0268,2024HU0869246-02,2024HU0869246,02,Male,58,1968,45-59,White / Caucasian,High school diploma / GED,"$56,000 to $99,999",71219.7875,17,IL,Democrat,0.3897813282878575,0.2517969008704707,0.2668844716850801,0.09153729915659181,32,68,20260831,1
LP0269,2024HU0876365-02,2024HU0876365,02,Male,55,1971,45-59,White / Caucasian,Some college or Associate's degree,"$100,000 to $167,999",120814.75,18,IN,Republican,0.43384956488471416,0.1881892220946944,0.3207526687096762,0.05720854431091524,122,68,20260831,1
LP0270,2024HU0900142-02,2024HU0900142,02,Male,56,1970,45-59,White / Caucasian,Master's degree / Professional degree,"$168,000 or more",445187.125,26,MI,Independent,0.23449290816477564,0.35469686123097405,0.34792380317688,0.06288642742737019,67,68,20260831,1
LP0271,2024HU0912198-02,2024HU0912198,02,Male,53,1973,45-59,White / Caucasian,High school diploma / GED,"$56,000 to $99,999",81224.061,39,OH,Independent,0.5219293026709665,0.13162484785838272,0.2814652555953317,0.0649805938753191,125,68,20260831,1
LP0272,2024HU0914418-01,2024HU0914418,01,Male,56,1970,45-59,White / Caucasian,Bachelor's degree,"$168,000 or more",191273.1,11,DC,Democrat,0.15189825211470973,0.5644884634538184,0.2475123918529469,0.036100892578524946,61,68,20260831,1
LP0273,2024HU0917566-01,2024HU0917566,01,Male,50,1976,45-59,White / Caucasian,Some college or Associate's degree,"$56,000 to $99,999",72082.75,48,TX,Republican,0.46490127920833935,0.1799477681016675,0.3032793585234041,0.05187159416658891,85,68,20260831,1
LP0274,2024HU0921794-01,2024HU0921794,01,Male,48,1978,45-59,White / Caucasian,Master's degree / Professional degree,"$100,000 to $167,999",163455.25,12,FL,Democrat,0.3429760999811294,0.3093278296321225,0.31722999391335416,0.03046607647339398,74,68,20260831,1
LP0275,2024HU0922052-01,2024HU0922052,01,Male,57,1969,45-59,White / Caucasian,Some college or Associate's degree,"$30,000 to $55,999",55838.75,21,KY,Republican,0.46261678844340814,0.19281179313675956,0.284630861443782,0.05994055697605024,61,68,20260831,1
LP0276,2024HU0934295-02,2024HU0934295,02,Male,46,1980,45-59,White / Caucasian,Some college or Associate's degree,"$100,000 to $167,999",134013.0,54,WV,Republican,0.44998399123847993,0.14079623077172237,0.38480778017196304,0.024411997817834666,258,68,20260831,1
LP0277,2024HU0962201-02,2024HU0962201,02,Male,54,1972,45-59,White / Caucasian,Bachelor's degree,"$168,000 or more",254827.75,17,IL,Republican,0.29929530541527916,0.3789345437501819,0.28685220453877563,0.03491794629576326,108,68,20260831,1
LP0278,2024HU0965517-02,2024HU0965517,02,Male,56,1970,45-59,White / Caucasian,Some college or Associate's degree,"$100,000 to $167,999",131982.5,18,IN,Republican,0.43384956488471416,0.1881892220946944,0.3207526687096762,0.05720854431091524,50,68,20260831,1
LP0279,2024HU0980660-02,2024HU0980660,02,Male,53,1973,45-59,White / Caucasian,Some college or Associate's degree,"$56,000 to $99,999",66600.4,29,MO,Republican,0.4458532977098004,0.1997877164132427,0.3150596747614522,0.03929931111550476,96,68,20260831,1
LP0280,2024HU1032996-01,2024HU1032996,01,Male,57,1969,45-59,White / Caucasian,Doctorate degree / Ph.D.,"$100,000 to $167,999",126906.25,36,NY,Democrat,0.22188512804272148,0.42181352804510364,0.30570182346604424,0.05059952044613066,87,68,20260831,1
LP0281,2024HU1039580-02,2024HU1039580,02,Male,57,1969,45-59,White / Caucasian,High school diploma / GED,"$100,000 to $167,999",154318.0,17,IL,Republican,0.4060727054178115,0.24696931506777234,0.2809255510279772,0.0660324284864391,21,68,20260831,1
LP0282,2024HU1042912-04,2024HU1042912,04,Male,45,1981,45-59,White / Caucasian,Less than high school,"$30,000 to $55,999",31878.85,36,NY,Democrat,0.29702851230419414,0.2058771100877752,0.3043169621741466,0.19277741543388402,58,68,20260831,1
LP0283,2024HU1066824-01,2024HU1066824,01,Male,50,1976,45-59,White / Caucasian,High school diploma / GED,"Less than $30,000",11167.75,21,KY,Independent,0.43380913083864603,0.21617274787632088,0.2412159658128851,0.10880215547214808,102,68,20260831,1
LP0284,2024HU1111546-01,2024HU1111546,01,Male,47,1979,45-59,White / Caucasian,Doctorate degree / Ph.D.,"$168,000 or more",169546.75,42,PA,Republican,0.27802682356849123,0.3939263018623264,0.2970964204220979,0.0309504541470845,215,68,20260831,1
LP0285,2024HU1156002-01,2024HU1156002,01,Male,53,1973,45-59,White / Caucasian,High school diploma / GED,"$100,000 to $167,999",126906.25,42,PA,Republican,0.46478151804287754,0.22972016483975294,0.24508676777740362,0.06041154933996596,670,68,20260831,1
LP0286,2024HU1203879-01,2024HU1203879,01,Male,51,1975,45-59,White / Caucasian,High school diploma / GED,"$56,000 to $99,999",97464.0,40,OK,Republican,0.6008941248638824,0.1097847588274384,0.22111268947587248,0.06820842683280662,19,68,20260831,1
LP0287,2024HU1215832-01,2024HU1215832,01,Male,46,1980,45-59,White / Caucasian,High school diploma / GED,"$56,000 to $99,999",88732.85,21,KY,Democrat,0.5772682500293397,0.14320171609978777,0.224491861474112,0.05503817239676053,156,68,20260831,1
LP0288,2024HU1221238-02,2024HU1221238,02,Male,46,1980,45-59,White / Caucasian,Some college or Associate's degree,"$100,000 to $167,999",110662.25,48,TX,Republican,0.5072276963645707,0.15225809579675487,0.30193326864595665,0.038580939192717795,81,68,20260831,1
LP0289,2024HU1227480-02,2024HU1227480,02,Male,45,1981,45-59,White / Caucasian,Bachelor's degree,"$168,000 or more",1047738.0,06,CA,Republican,0.3773794289937933,0.27556843973978,0.27155277660605687,0.07549935466036989,73,68,20260831,1
LP0290,2024HU1260787-01,2024HU1260787,01,Male,58,1968,45-59,White / Caucasian,Less than high school,"$30,000 to $55,999",48732.0,26,MI,Other,0.3558835213480223,0.16025907169216747,0.3666303468629795,0.11722706009683066,90,68,20260831,1
LP0291,2024HU1261205-01,2024HU1261205,01,Male,48,1978,45-59,White / Caucasian,Master's degree / Professional degree,"$168,000 or more",231984.625,18,IN,Republican,0.3280058508262376,0.28502576961748466,0.3344977701333051,0.05247060942297254,141,68,20260831,1
LP0292,2024HU1304174-02,2024HU1304174,02,Male,53,1973,45-59,White / Caucasian,Bachelor's degree,"$30,000 to $55,999",40610.0,29,MO,Republican,0.42701627344877163,0.23661480559047385,0.28915941963438685,0.047209501326367684,95,68,20260831,1
LP0293,2024HU1304292-01,2024HU1304292,01,Male,52,1974,45-59,White / Caucasian,Some college or Associate's degree,"$168,000 or more",217365.025,04,AZ,Democrat,0.4244115354097339,0.18484112064053249,0.36093596259304295,0.029811381356690616,90,68,20260831,1
LP0294,2024HU1306198-02,2024HU1306198,02,Male,52,1974,45-59,White / Caucasian,High school diploma / GED,"$100,000 to $167,999",102540.25,29,MO,Independent,0.5732285985188041,0.15080696807236593,0.2354133919587146,0.04055104145011535,199,68,20260831,1
LP0295,2024HU1317327-02,2024HU1317327,02,Male,58,1968,45-59,White / Caucasian,High school diploma / GED,"Less than $30,000",0.0,13,GA,Other,0.45172122472595827,0.12672346517553335,0.313743368228243,0.10781194187026541,62,68,20260831,1
LP0296,2024HU1343722-01,2024HU1343722,01,Male,59,1967,45-59,White / Caucasian,Some college or Associate's degree,"$168,000 or more",259904.0,17,IL,Independent,0.3271750624285031,0.32627226877621507,0.30589247526681623,0.04066019352846556,75,68,20260831,1
LP0297,2024HU1381446-01,2024HU1381446,01,Male,59,1967,45-59,White / Caucasian,Some college or Associate's degree,"Less than $30,000",0.0,40,OK,Independent,0.38953284199732396,0.15549808119210737,0.32692266088261246,0.1280464159279562,106,68,20260831,1
LP0298,2024HU1382537-02,2024HU1382537,02,Male,56,1970,45-59,White / Caucasian,Less than high school,"Less than $30,000",28731.575,01,AL,Other,0.4849485191355601,0.10279576726415941,0.30030415530364174,0.11195155829663885,219,68,20260831,1
LP0299,2024HU1408780-02,2024HU1408780,02,Male,48,1978,45-59,White / Caucasian,Some college or Associate's degree,"$56,000 to $99,999",81118.475,26,MI,Republican,0.3936526666675156,0.20056301251165914,0.35416270864520766,0.05162161217561775,207,68,20260831,1
LP0300,2024HU1418239-02,2024HU1418239,02,Male,47,1979,45-59,White / Caucasian,Master's degree / Professional degree,"$168,000 or more",316758.0,26,MI,Independent,0.2439290064893976,0.38106960291149367,0.3490725587946122,0.02592883180449662,86,68,20260831,1
LP0301,2024HU1426881-02,2024HU1426881,02,Male,52,1974,45-59,White / Caucasian,Less than high school,"$56,000 to $99,999",98885.35,39,OH,Independent,0.464216120617974,0.11353345161010998,0.33278847461996613,0.08946195315194988,131,68,20260831,1
LP0302,2024HU1431207-02,2024HU1431207,02,Male,58,1968,45-59,White / Caucasian,High school diploma / GED,"$100,000 to $167,999",127718.45,48,TX,Democrat,0.549055575957513,0.1407704173373953,0.25464780791412023,0.05552619879097149,101,68,20260831,1
LP0303,2024HU0066966-01,2024HU0066966,01,Male,47,1979,45-59,Black / African American,Master's degree / Professional degree,"$30,000 to $55,999",31980.375,12,FL,Democrat,0.05249577435044425,0.6075292925469584,0.2652368734692315,0.07473805963336594,224,13,20260831,1
LP0304,2024HU0111849-01,2024HU0111849,01,Male,48,1978,45-59,Black / African American,High school diploma / GED,"Less than $30,000",21624.825,13,GA,Democrat,0.13103484836117218,0.3947624013965206,0.3442979837990021,0.12990476644330504,250,13,20260831,1
LP0305,2024HU0126561-01,2024HU0126561,01,Male,54,1972,45-59,Black / African American,High school diploma / GED,"Less than $30,000",10964.7,17,IL,Democrat,0.049508261291425285,0.5839747163869371,0.21410033200927345,0.15241669031236413,776,13,20260831,1
LP0306,2024HU0336495-02,2024HU0336495,02,Male,49,1977,45-59,Black / African American,High school diploma / GED,"$100,000 to $167,999",131982.5,45,SC,Independent,0.14120471942291157,0.4513539642820285,0.3284540871475729,0.07898722914748717,133,13,20260831,1
LP0307,2024HU0427671-01,2024HU0427671,01,Male,53,1973,45-59,Black / African American,Some college or Associate's degree,"$56,000 to $99,999",85281.0,01,AL,Republican,0.1512679761012957,0.39970208563245146,0.40019019358173835,0.04883974468451443,480,13,20260831,1
LP0308,2024HU0441622-01,2024HU0441622,01,Male,58,1968,45-59,Black / African American,Some college or Associate's degree,"$56,000 to $99,999",67108.025,29,MO,Independent,0.09776412338101013,0.5166213468543623,0.347835875442059,0.03777865432256862,10,13,20260831,1
LP0309,2024HU0474999-02,2024HU0474999,02,Male,46,1980,45-59,Black / African American,Some college or Associate's degree,"$56,000 to $99,999",86499.3,39,OH,Democrat,0.10093079187145317,0.44038617208376646,0.3805661889253723,0.07811684711940799,368,13,20260831,1
LP0310,2024HU0883653-02,2024HU0883653,02,Male,48,1978,45-59,Black / African American,Master's degree / Professional degree,"$56,000 to $99,999",94418.25,13,GA,Republican,0.08330810787332549,0.5189015655696704,0.35206728091287975,0.045723045644124244,195,13,20260831,1
LP0311,2024HU1007487-01,2024HU1007487,01,Male,52,1974,45-59,Black / African American,Some college or Associate's degree,"Less than $30,000",23249.225,42,PA,Democrat,0.06400278172608218,0.5887224075132081,0.25877167688715835,0.08850313387355155,1009,13,20260831,1
LP0312,2024HU1136961-02,2024HU1136961,02,Male,52,1974,45-59,Black / African American,Some college or Associate's degree,"$100,000 to $167,999",131982.5,17,IL,Independent,0.05782250250062389,0.5951221269745385,0.2739455140145445,0.0731098565102932,101,13,20260831,1
LP0313,2024HU1145047-01,2024HU1145047,01,Male,47,1979,45-59,Black / African American,Bachelor's degree,"$100,000 to $167,999",118784.25,48,TX,Independent,0.10784607739768882,0.5114971256499673,0.3305562360980142,0.05010056085432963,19,13,20260831,1
LP0314,2024HU1293230-01,2024HU1293230,01,Male,54,1972,45-59,Black / African American,Some college or Associate's degree,"$56,000 to $99,999",76143.75,42,PA,Democrat,0.06691318128737547,0.6213691175521264,0.24928977950790998,0.062427921652588224,646,13,20260831,1
LP0315,2024HU1398327-01,2024HU1398327,01,Male,53,1973,45-59,Black / African American,High school diploma / GED,"$56,000 to $99,999",80204.75,17,IL,Independent,0.0903603021749948,0.5305940078328445,0.2732957696117443,0.10574992038041656,264,13,20260831,1
LP0316,2024HU0099197-02,2024HU0099197,02,Male,51,1975,45-59,Hispanic / Latino,High school diploma / GED,"$30,000 to $55,999",49341.15,40,OK,Republican,0.3973601873821215,0.1942550657735621,0.25654387301137194,0.1518408738329446,123,22,20260831,1
LP0317,2024HU0103482-01,2024HU0103482,01,Male,55,1971,45-59,Hispanic / Latino,Less than high school,"$100,000 to $167,999",126297.1,48,TX,Independent,0.3613859689976529,0.1897585380090074,0.32603588302349845,0.12281960996984113,142,22,20260831,1
LP0318,2024HU0146823-02,2024HU0146823,02,Male,52,1974,45-59,Hispanic / Latino,Bachelor's degree,"$168,000 or more",398597.3025,53,WA,Democrat,0.13842387959742813,0.4879508212047889,0.260734846879693,0.11289045231809,61,22,20260831,1
LP0319,2024HU0172966-02,2024HU0172966,02,Male,45,1981,45-59,Hispanic / Latino,Less than high school,"$100,000 to $167,999",164064.4,06,CA,Independent,0.2362419145589354,0.32063884205993426,0.310940707185355,0.13217853619577533,58,22,20260831,1
LP0320,2024HU0227336-01,2024HU0227336,01,Male,46,1980,45-59,Hispanic / Latino,High school diploma / GED,"$56,000 to $99,999",65179.05,22,LA,Republican,0.44150152979014823,0.19397917427644237,0.3092011294927975,0.05531816644061183,86,22,20260831,1
LP0321,2024HU0244908-02,2024HU0244908,02,Male,45,1981,45-59,Hispanic / Latino,Less than high school,"$30,000 to $55,999",54112.825,06,CA,Independent,0.22447440301917929,0.2856467805107279,0.2922802743708268,0.19759854209926603,583,22,20260831,1
LP0322,2024HU0413014-01,2024HU0413014,01,Male,51,1975,45-59,Hispanic / Latino,Less than high school,"$30,000 to $55,999",48833.525,06,CA,Independent,0.21425216190927476,0.28583746676351757,0.29429059490890186,0.20561977641830578,225,22,20260831,1
LP0323,2024HU0425050-02,2024HU0425050,02,Male,46,1980,45-59,Hispanic / Latino,Less than high school,"$100,000 to $167,999",147211.25,36,NY,Republican,0.22450711192456857,0.3117404250020106,0.3031407006030665,0.16061176247035427,319,22,20260831,1
LP0324,2024HU0485826-01,2024HU0485826,01,Male,57,1969,45-59,Hispanic / Latino,Less than high school,"$100,000 to $167,999",104570.75,06,CA,Democrat,0.2592344424975077,0.28982359716832834,0.3081442443484139,0.14279771598575,141,22,20260831,1
LP0325,2024HU0566221-01,2024HU0566221,01,Male,59,1967,45-59,Hispanic / Latino,High school diploma / GED,"$100,000 to $167,999",161424.75,45,SC,Democrat,0.4174245042499367,0.23148358746979497,0.28879466482791205,0.062297243452356134,273,22,20260831,1
LP0326,2024HU0613691-01,2024HU0613691,01,Male,59,1967,45-59,Hispanic / Latino,Less than high school,"$30,000 to $55,999",35533.75,49,UT,Independent,0.30379429576192635,0.12037450978650312,0.31289049436798344,0.26294070008358716,562,22,20260831,1
LP0327,2024HU0640901-01,2024HU0640901,01,Male,56,1970,45-59,Hispanic / Latino,Master's degree / Professional degree,"$100,000 to $167,999",124875.75,04,AZ,Independent,0.1985951452282833,0.3914053181614869,0.3634360613095247,0.04656347530070512,66,22,20260831,1
LP0328,2024HU0681719-07,2024HU0681719,07,Male,53,1973,45-59,Hispanic / Latino,Less than high school,"$100,000 to $167,999",141576.6125,06,CA,Democrat,0.23166892692379915,0.3075482000801334,0.29865849648690584,0.16212437650916162,455,22,20260831,1
LP0329,2024HU0796124-01,2024HU0796124,01,Male,57,1969,45-59,Hispanic / Latino,Some college or Associate's degree,"$100,000 to $167,999",167719.3,30,MT,Republican,0.2756158045595001,0.32825328387229363,0.3666443499282818,0.029486561639924514,115,22,20260831,1
LP0330,2024HU0966547-01,2024HU0966547,01,Male,54,1972,45-59,Hispanic / Latino,Bachelor's degree,"$100,000 to $167,999",142642.625,48,TX,Independent,0.3204083681058821,0.3062016288893356,0.3102864477409188,0.06310355526386356,165,22,20260831,1
LP0331,2024HU1028246-01,2024HU1028246,01,Male,53,1973,45-59,Hispanic / Latino,High school diploma / GED,"$30,000 to $55,999",53808.25,32,NV,Republican,0.32830662075788175,0.31060963142462095,0.25274757090558414,0.10833617691191319,57,22,20260831,1
LP0332,2024HU1137838-01,2024HU1137838,01,Male,59,1967,45-59,Hispanic / Latino,Less than high school,"$56,000 to $99,999",56447.9,48,TX,Other,0.35186082964774296,0.1770997984357932,0.3206200147565016,0.15041935715996224,137,22,20260831,1
LP0333,2024HU1260767-01,2024HU1260767,01,Male,54,1972,45-59,Hispanic / Latino,Some college or Associate's degree,"$168,000 or more",199496.625,12,FL,Independent,0.32620508059892556,0.30805329053278785,0.3096282474886533,0.05611338137963324,52,22,20260831,1
LP0334,2024HU1260795-01,2024HU1260795,01,Male,58,1968,45-59,Hispanic / Latino,Bachelor's degree,"$100,000 to $167,999",137566.375,48,TX,Democrat,0.3204083681058821,0.3062016288893356,0.3102864477409188,0.06310355526386356,399,22,20260831,1
LP0335,2024HU1349717-01,2024HU1349717,01,Male,47,1979,45-59,Hispanic / Latino,Master's degree / Professional degree,"$168,000 or more",299498.75,08,CO,Democrat,0.12769669773538908,0.47627281720617903,0.3605279998080678,0.03550248525036413,160,22,20260831,1
LP0336,2024HU1386671-01,2024HU1386671,01,Male,58,1968,45-59,Hispanic / Latino,Less than high school,"$56,000 to $99,999",89849.625,51,VA,Other,0.30229085299272823,0.19792460254645092,0.39213780532516257,0.10764673913565813,625,22,20260831,1
LP0337,2024HU1420604-02,2024HU1420604,02,Male,56,1970,45-59,Hispanic / Latino,Less than high school,"Less than $30,000",2030.5,06,CA,Democrat,0.15606179592579475,0.2582583164794337,0.2929387669907751,0.29274112060399654,142,22,20260831,1
LP0338,2024HU0058103-01,2024HU0058103,01,Male,50,1976,45-59,Asian / Asian American,Some college or Associate's degree,"$30,000 to $55,999",55838.75,06,CA,Democrat,0.18503388439680007,0.35877637914662214,0.3563468876886066,0.09984284876797112,100,8,20260831,1
LP0339,2024HU0316260-01,2024HU0316260,01,Male,57,1969,45-59,Asian / Asian American,Some college or Associate's degree,"$30,000 to $55,999",45391.8275,06,CA,Republican,0.17690538959114524,0.35962102451685757,0.359402635341844,0.10407095055015307,86,8,20260831,1
LP0340,2024HU0525369-01,2024HU0525369,01,Male,47,1979,45-59,Asian / Asian American,Bachelor's degree,"$168,000 or more",306605.5,06,CA,Republican,0.15893658606474398,0.4921885601045675,0.3079457913530924,0.040929062477596,72,8,20260831,1
LP0341,2024HU0616789-01,2024HU0616789,01,Male,51,1975,45-59,Asian / Asian American,Master's degree / Professional degree,"$100,000 to $167,999",112692.75,17,IL,Republican,0.14112170817453787,0.4449768646884046,0.3617241963300199,0.052177230807037664,895,8,20260831,1
LP0342,2024HU0628080-01,2024HU0628080,01,Male,50,1976,45-59,Asian / Asian American,Less than high school,"$56,000 to $99,999",96448.75,27,MN,Independent,0.2331451103348823,0.22783365464089408,0.39670579174644555,0.142315443277778,326,8,20260831,1
LP0343,2024HU0705030-01,2024HU0705030,01,Male,50,1976,45-59,Asian / Asian American,Master's degree / Professional degree,"$168,000 or more",993422.125,06,CA,Republican,0.1616074414643549,0.4208081343728388,0.3343437066728535,0.08324071748995272,115,8,20260831,1
LP0344,2024HU0932535-01,2024HU0932535,01,Male,59,1967,45-59,Asian / Asian American,Master's degree / Professional degree,"$168,000 or more",182745.0,37,NC,Republican,0.16945941914948812,0.32375525332805244,0.47319662568868137,0.033588701833778,248,8,20260831,1
LP0345,2024HU0985460-01,2024HU0985460,01,Male,50,1976,45-59,Asian / Asian American,Bachelor's degree,"$168,000 or more",581738.25,37,NC,Independent,0.28824476354507794,0.21640900282136966,0.4312578966386608,0.0640883369948917,69,8,20260831,1
LP0346,2024HU0264369-02,2024HU0264369,02,Male,56,1970,45-59,Other,High school diploma / GED,"$168,000 or more",274015.975,02,AK,Republican,0.39167074225372045,0.07969711766728095,0.46432498132989897,0.06430715874909965,57,3,20260831,1
LP0347,2024HU0419946-01,2024HU0419946,01,Male,45,1981,45-59,Other,Master's degree / Professional degree,"$168,000 or more",375642.5,17,IL,Other,0.13397476792655663,0.3401116115561083,0.40361443266069486,0.12229918785664029,437,3,20260831,1
LP0348,2024HU1094311-01,2024HU1094311,01,Male,48,1978,45-59,Other,Master's degree / Professional degree,"$100,000 to $167,999",106601.25,47,TN,Democrat,0.23902833859377517,0.19254740463415235,0.5040602565814243,0.0643640001906481,504,3,20260831,1
LP0349,2024HU0005373-01,2024HU0005373,01,Male,82,1944,60+,White / Caucasian,High school diploma / GED,"Less than $30,000",19492.8,46,SD,Republican,0.5496893288955872,0.2141278425270221,0.17592028488489636,0.06026254369249437,459,104,20260831,1
LP0350,2024HU0017850-02,2024HU0017850,02,Male,79,1947,60+,White / Caucasian,Bachelor's degree,"$56,000 to $99,999",95839.6,06,CA,Democrat,0.36579752037916996,0.35861894838095093,0.23859488613537908,0.03698864510450006,74,104,20260831,1
LP0351,2024HU0018233-02,2024HU0018233,02,Male,79,1947,60+,White / Caucasian,Doctorate degree / Ph.D.,"$100,000 to $167,999",125180.325,37,NC,Democrat,0.33368460933082167,0.3001124655008914,0.34271657471149997,0.023486350456786965,43,104,20260831,1
LP0352,2024HU0032401-01,2024HU0032401,01,Male,61,1965,60+,White / Caucasian,Bachelor's degree,"$100,000 to $167,999",139596.875,55,WI,Democrat,0.3348483296377163,0.3224545531146831,0.3046896292497558,0.03800748799784467,65,104,20260831,1
LP0353,2024HU0051455-01,2024HU0051455,01,Male,80,1946,60+,White / Caucasian,High school diploma / GED,"$56,000 to $99,999",61930.25,18,IN,Republican,0.5251053847693071,0.18263178038122213,0.24673747479732233,0.045525360052148384,479,104,20260831,1
LP0354,2024HU0070222-01,2024HU0070222,01,Male,61,1965,60+,White / Caucasian,Bachelor's degree,"$168,000 or more",217263.5,48,TX,Republican,0.48957347839378845,0.23774000165200954,0.24327177054054827,0.029414749413653626,43,104,20260831,1
LP0355,2024HU0072792-02,2024HU0072792,02,Male,60,1966,60+,White / Caucasian,Bachelor's degree,"$56,000 to $99,999",93199.95,29,MO,Republican,0.5116454473349756,0.24174029959390522,0.2242858751317204,0.022328377939398684,72,104,20260831,1
LP0356,2024HU0076976-01,2024HU0076976,01,Male,78,1948,60+,White / Caucasian,Master's degree / Professional degree,"$100,000 to $167,999",113301.9,33,NH,Independent,0.15987867205111744,0.392612677415768,0.4304610584098506,0.017047592123263865,79,104,20260831,1
LP0357,2024HU0131358-01,2024HU0131358,01,Male,74,1952,60+,White / Caucasian,Bachelor's degree,"$56,000 to $99,999",97260.95,17,IL,Republican,0.3751813167685107,0.33755818754808975,0.2502066621829329,0.03705383350046663,118,104,20260831,1
LP0358,2024HU0141253-02,2024HU0141253,02,Male,72,1954,60+,White / Caucasian,Some college or Associate's degree,"$56,000 to $99,999",87819.125,23,ME,Democrat,0.34329845208187354,0.25246433066722346,0.3592867869351448,0.04495043031575818,114,104,20260831,1
LP0359,2024HU0175839-01,2024HU0175839,01,Male,73,1953,60+,White / Caucasian,Bachelor's degree,"$100,000 to $167,999",134520.625,47,TN,Independent,0.464667337965261,0.2318762336571887,0.27208441423226803,0.031372014145282234,66,104,20260831,1
LP0360,2024HU0221210-02,2024HU0221210,02,Male,63,1963,60+,White / Caucasian,Some college or Associate's degree,"$56,000 to $99,999",65788.2,26,MI,Democrat,0.3697019963558038,0.26472093628017124,0.331139535216257,0.0344375321477679,44,104,20260831,1
LP0361,2024HU0223863-01,2024HU0223863,01,Male,72,1954,60+,White / Caucasian,High school diploma / GED,"$100,000 to $167,999",124875.75,12,FL,Republican,0.5689419611637906,0.19338105429543304,0.20156011134606025,0.036116873194716,58,104,20260831,1
LP0362,2024HU0232814-01,2024HU0232814,01,Male,75,1951,60+,White / Caucasian,High school diploma / GED,"$56,000 to $99,999",85077.95,41,OR,Democrat,0.4504701266753789,0.2439243371717659,0.24064196118592335,0.06496357496693195,62,104,20260831,1
LP0363,2024HU0233190-01,2024HU0233190,01,Male,76,1950,60+,White / Caucasian,High school diploma / GED,"$30,000 to $55,999",50864.025,55,WI,Democrat,0.4298812657511724,0.2248200149135193,0.2768750728244163,0.06842364651089192,371,104,20260831,1
LP0364,2024HU0248428-01,2024HU0248428,01,Male,66,1960,60+,White / Caucasian,Master's degree / Professional degree,"$30,000 to $55,999",43046.6,26,MI,Independent,0.2673758841440202,0.37609072729151655,0.31922723007567977,0.037306158488783506,113,104,20260831,1
LP0365,2024HU0251911-01,2024HU0251911,01,Male,82,1944,60+,White / Caucasian,Bachelor's degree,"$30,000 to $55,999",55838.75,12,FL,Independent,0.4635496152710485,0.2665694144217844,0.23667818666523935,0.03320278364192771,284,104,20260831,1
LP0366,2024HU0268850-01,2024HU0268850,01,Male,65,1961,60+,White / Caucasian,Some college or Associate's degree,"$56,000 to $99,999",86194.725,56,WY,Independent,0.5608819542466463,0.0970262952455314,0.3065644945517378,0.035527255956084434,171,104,20260831,1
LP0367,2024HU0271701-02,2024HU0271701,02,Male,68,1958,60+,White / Caucasian,Some college or Associate's degree,"$168,000 or more",186207.0025,13,GA,Independent,0.522630472159395,0.18060853590404835,0.2750015958289056,0.021759396107651076,123,104,20260831,1
LP0368,2024HU0273677-01,2024HU0273677,01,Male,72,1954,60+,White / Caucasian,Bachelor's degree,"$100,000 to $167,999",122845.25,17,IL,Independent,0.3337233292146183,0.37855749831344393,0.250452980992098,0.03726619147983978,389,104,20260831,1
LP0369,2024HU0298901-01,2024HU0298901,01,Male,61,1965,60+,White / Caucasian,Bachelor's degree,"$168,000 or more",254624.7,13,GA,Independent,0.4825263160954577,0.2496910278255642,0.25269824847476835,0.015084407604209756,75,104,20260831,1
LP0370,2024HU0308948-01,2024HU0308948,01,Male,62,1964,60+,White / Caucasian,Bachelor's degree,"$56,000 to $99,999",70864.45,06,CA,Republican,0.3109483611080896,0.41737123670162063,0.23063169494280242,0.04104870724748738,60,104,20260831,1
LP0371,2024HU0319584-02,2024HU0319584,02,Male,78,1948,60+,White / Caucasian,High school diploma / GED,"$100,000 to $167,999",145657.9175,19,IA,Democrat,0.49901183232532637,0.1772936181271654,0.2620497434650308,0.061644806082477285,15,104,20260831,1
LP0372,2024HU0341531-01,2024HU0341531,01,Male,74,1952,60+,White / Caucasian,High school diploma / GED,"$56,000 to $99,999",90560.3,42,PA,Independent,0.5383295606132087,0.22799718676205763,0.19579573022095711,0.03787752240377654,34,104,20260831,1
LP0373,2024HU0349148-01,2024HU0349148,01,Male,70,1956,60+,White / Caucasian,Some college or Associate's degree,"$100,000 to $167,999",132490.125,24,MD,Democrat,0.2937070917112325,0.3326672213450444,0.34152189458427684,0.03210379235944631,72,104,20260831,1
LP0374,2024HU0361504-01,2024HU0361504,01,Male,65,1961,60+,White / Caucasian,Some college or Associate's degree,"$100,000 to $167,999",128936.75,26,MI,Independent,0.38901825854282523,0.26996925465480953,0.30570851517738135,0.03530397162498378,69,104,20260831,1
LP0375,2024HU0365822-02,2024HU0365822,02,Male,73,1953,60+,White / Caucasian,Some college or Associate's degree,"$100,000 to $167,999",102134.15,53,WA,Other,0.3312954374831557,0.33942865231813035,0.2896888311752956,0.03958707902341831,56,104,20260831,1
LP0376,2024HU0399455-02,2024HU0399455,02,Male,66,1960,60+,White / Caucasian,Some college or Associate's degree,"$168,000 or more",170155.9,36,NY,Republican,0.34407516603350247,0.3582207303083323,0.2634550859144354,0.03424901774372993,58,104,20260831,1
LP0377,2024HU0400135-01,2024HU0400135,01,Male,62,1964,60+,White / Caucasian,High school diploma / GED,"Less than $30,000",10964.7,36,NY,Other,0.3169816146355857,0.3699345044458567,0.21699321178828124,0.09609066913027638,142,104,20260831,1
LP0378,2024HU0404276-01,2024HU0404276,01,Male,65,1961,60+,White / Caucasian,High school diploma / GED,"$56,000 to $99,999",81829.15,25,MA,Democrat,0.3166924702325891,0.2637191313161864,0.356746068140133,0.06284233031109145,115,104,20260831,1
LP0379,2024HU0427262-01,2024HU0427262,01,Male,78,1948,60+,White / Caucasian,Some college or Associate's degree,"$30,000 to $55,999",31706.2575,48,TX,Independent,0.4810459298538765,0.19527273267740183,0.2676428424210778,0.05603849504764384,80,104,20260831,1
LP0380,2024HU0442149-01,2024HU0442149,01,Male,77,1949,60+,White / Caucasian,Some college or Associate's degree,"$30,000 to $55,999",35026.125,26,MI,Republican,0.3593443764870544,0.2628812456732729,0.313543504114948,0.06423087372472476,59,104,20260831,1
LP0381,2024HU0446630-01,2024HU0446630,01,Male,66,1960,60+,White / Caucasian,Bachelor's degree,"$100,000 to $167,999",117261.375,17,IL,Republican,0.36560657211184466,0.3492648792688755,0.25299264883151706,0.03213589978776263,65,104,20260831,1
LP0382,2024HU0454226-03,2024HU0454226,03,Male,79,1947,60+,White / Caucasian,High school diploma / GED,"$56,000 to $99,999",94418.25,36,NY,Republican,0.4597731430909529,0.2671176976728953,0.22012594937577962,0.05298320986037213,209,104,20260831,1
LP0383,2024HU0462602-02,2024HU0462602,02,Male,60,1966,60+,White / Caucasian,High school diploma / GED,"$168,000 or more",182745.0,42,PA,Democrat,0.49324035752804907,0.26927217701045925,0.2061147657141888,0.03137269974730288,61,104,20260831,1
LP0384,2024HU0480661-01,2024HU0480661,01,Male,92,1934,60+,White / Caucasian,Less than high school,"Less than $30,000",2233.55,48,TX,Independent,0.43697540036974103,0.1463223434166474,0.3044771308415345,0.112225125372077,22,104,20260831,1
LP0385,2024HU0526779-01,2024HU0526779,01,Male,66,1960,60+,White / Caucasian,Bachelor's degree,"$168,000 or more",185171.4475,29,MO,Republican,0.4646582125704517,0.28298614765094543,0.2340248307990179,0.018330808979585014,144,104,20260831,1
LP0386,2024HU0530655-02,2024HU0530655,02,Male,70,1956,60+,White / Caucasian,Bachelor's degree,"$168,000 or more",177668.75,53,WA,Democrat,0.2713266706559388,0.42845773958879846,0.26930085995037123,0.030914729804891565,72,104,20260831,1
LP0387,2024HU0539037-01,2024HU0539037,01,Male,76,1950,60+,White / Caucasian,Some college or Associate's degree,"$100,000 to $167,999",120307.125,54,WV,Republican,0.48351246121708535,0.17248507357577236,0.3201766657913095,0.023825799415832658,380,104,20260831,1
LP0388,2024HU0569325-01,2024HU0569325,01,Male,63,1963,60+,White / Caucasian,Some college or Associate's degree,"Less than $30,000",28427.0,05,AR,Independent,0.48698451632713863,0.19098633528661985,0.28199494661649827,0.040034201769743226,535,104,20260831,1
LP0389,2024HU0578635-01,2024HU0578635,01,Male,73,1953,60+,White / Caucasian,Master's degree / Professional degree,"$100,000 to $167,999",117769.0,48,TX,Democrat,0.4228173384622653,0.27655186213033384,0.2785625991426029,0.022068200264798027,71,104,20260831,1
LP0390,2024HU0604188-01,2024HU0604188,01,Male,68,1958,60+,White / Caucasian,Some college or Associate's degree,"$100,000 to $167,999",121830.0,09,CT,Republican,0.2960039244866009,0.31352264628520726,0.3210535958782861,0.06941983334990583,193,104,20260831,1
LP0391,2024HU0608932-01,2024HU0608932,01,Male,76,1950,60+,White / Caucasian,Bachelor's degree,"$56,000 to $99,999",59899.75,06,CA,Democrat,0.32573521038127906,0.3859331905192048,0.2414863823708802,0.0468452167286358,17,104,20260831,1
LP0392,2024HU0634885-02,2024HU0634885,02,Male,64,1962,60+,White / Caucasian,Doctorate degree / Ph.D.,"$168,000 or more",313915.3,42,PA,Democrat,0.2728386876559396,0.49258040485348104,0.21971194735115443,0.014868960139424904,85,104,20260831,1
LP0393,2024HU0651603-01,2024HU0651603,01,Male,76,1950,60+,White / Caucasian,High school diploma / GED,"$56,000 to $99,999",60884.5425,39,OH,Democrat,0.5051144520267754,0.17902547906104102,0.27118927711973767,0.04467079179244602,203,104,20260831,1
LP0394,2024HU0656808-02,2024HU0656808,02,Male,86,1940,60+,White / Caucasian,High school diploma / GED,"$56,000 to $99,999",74011.725,21,KY,Independent,0.5597994115609097,0.20540621980804158,0.19214613693759502,0.042648231693453734,94,104,20260831,1
LP0395,2024HU0671371-02,2024HU0671371,02,Male,70,1956,60+,White / Caucasian,High school diploma / GED,"$168,000 or more",307620.75,06,CA,Independent,0.41053529991609994,0.3466710972893016,0.20933298018519664,0.03346062260940171,29,104,20260831,1
LP0396,2024HU0681017-01,2024HU0681017,01,Male,78,1948,60+,White / Caucasian,Some college or Associate's degree,"$100,000 to $167,999",110357.675,24,MD,Independent,0.32132959695574675,0.3065080918727859,0.34451577916413434,0.027646532007333035,326,104,20260831,1
LP0397,2024HU0699729-01,2024HU0699729,01,Male,63,1963,60+,White / Caucasian,High school diploma / GED,"Less than $30,000",27614.8,48,TX,Independent,0.5559731483514719,0.16565150948928453,0.21948096778032503,0.05889437437891852,35,104,20260831,1
LP0398,2024HU0702557-02,2024HU0702557,02,Male,75,1951,60+,White / Caucasian,High school diploma / GED,"$56,000 to $99,999",74316.3,16,ID,Independent,0.6140536780654811,0.12877466228181175,0.22767980744955385,0.02949185220315343,259,104,20260831,1
LP0399,2024HU0710476-01,2024HU0710476,01,Male,72,1954,60+,White / Caucasian,Some college or Associate's degree,"$100,000 to $167,999",116753.75,04,AZ,Republican,0.47730212359964846,0.20094669832792456,0.2995997026796154,0.022151475392811548,120,104,20260831,1
LP0400,2024HU0713177-01,2024HU0713177,01,Male,60,1966,60+,White / Caucasian,Some college or Associate's degree,"Less than $30,000",23147.7,27,MN,Independent,0.33932166242164585,0.31026905041851555,0.28016956747334903,0.07023971968648961,312,104,20260831,1
LP0401,2024HU0722486-02,2024HU0722486,02,Male,60,1966,60+,White / Caucasian,Some college or Associate's degree,"$168,000 or more",172592.5,23,ME,Republican,0.30592767045568403,0.29000037522082855,0.36786093735488545,0.0362110169686019,551,104,20260831,1
LP0402,2024HU0752712-01,2024HU0752712,01,Male,66,1960,60+,White / Caucasian,High school diploma / GED,"$168,000 or more",306605.5,35,NM,Democrat,0.36286589847715234,0.33320062924394533,0.2684695091031006,0.03546396317580166,182,104,20260831,1
LP0403,2024HU0760947-02,2024HU0760947,02,Male,68,1958,60+,White / Caucasian,High school diploma / GED,"$100,000 to $167,999",111372.925,51,VA,Independent,0.5098043728721852,0.18695870782006774,0.2738097912056403,0.029427128102106837,55,104,20260831,1
LP0404,2024HU0803143-01,2024HU0803143,01,Male,76,1950,60+,White / Caucasian,Doctorate degree / Ph.D.,"$168,000 or more",347215.5,09,CT,Independent,0.18949643693491355,0.48813266078122197,0.2905104613077001,0.031860440976164354,54,104,20260831,1
LP0405,2024HU0805695-02,2024HU0805695,02,Male,62,1964,60+,White / Caucasian,High school diploma / GED,"$100,000 to $167,999",118276.625,47,TN,Republican,0.5967606932098674,0.1420884933213509,0.2257959813310035,0.03535483213777816,54,104,20260831,1
LP0406,2024HU0840841-02,2024HU0840841,02,Male,66,1960,60+,White / Caucasian,Less than high school,"$56,000 to $99,999",67412.6,13,GA,Independent,0.5288598574048766,0.12866287773859728,0.2966839695564218,0.0457932953001044,382,104,20260831,1
LP0407,2024HU0844110-02,2024HU0844110,02,Male,75,1951,60+,White / Caucasian,Some college or Associate's degree,"$56,000 to $99,999",66092.775,48,TX,Republican,0.4928126322505672,0.19580538625023028,0.28146422661983694,0.02991775487936552,85,104,20260831,1
LP0408,2024HU0846203-02,2024HU0846203,02,Male,65,1961,60+,White / Caucasian,Some college or Associate's degree,"$100,000 to $167,999",108631.75,36,NY,Democrat,0.37777326405679446,0.3239742309135137,0.2612312970659374,0.0370212079637543,122,104,20260831,1
LP0409,2024HU0856470-01,2024HU0856470,01,Male,63,1963,60+,White / Caucasian,High school diploma / GED,"$30,000 to $55,999",35229.175,47,TN,Republican,0.5257875455414218,0.1567031713118211,0.23956392900578347,0.07794535414097362,242,104,20260831,1
LP0410,2024HU0877630-01,2024HU0877630,01,Male,60,1966,60+,White / Caucasian,High school diploma / GED,"$100,000 to $167,999",104976.85,55,WI,Independent,0.46575261588300354,0.21400321004970987,0.27385414473783676,0.046390029329449835,37,104,20260831,1
LP0411,2024HU0894070-05,2024HU0894070,05,Male,63,1963,60+,White / Caucasian,Some college or Associate's degree,"$168,000 or more",189851.75,39,OH,Other,0.4497431787410229,0.21958261032275056,0.3010712317405954,0.029602979195631124,183,104,20260831,1
LP0412,2024HU0948829-02,2024HU0948829,02,Male,72,1954,60+,White / Caucasian,High school diploma / GED,"$100,000 to $167,999",100306.7,54,WV,Republican,0.5898557996225416,0.12746725483146631,0.2587331211696257,0.023943824376366222,98,104,20260831,1
LP0413,2024HU0954669-01,2024HU0954669,01,Male,78,1948,60+,White / Caucasian,High school diploma / GED,"Less than $30,000",27513.275,06,CA,Independent,0.39439873249790863,0.29709302442321317,0.22248028575666245,0.08602795732221576,66,104,20260831,1
LP0414,2024HU0956005-01,2024HU0956005,01,Male,76,1950,60+,White / Caucasian,Bachelor's degree,"$30,000 to $55,999",51473.175,01,AL,Republican,0.5244409015477607,0.1947861354846227,0.24920983340946243,0.031563129558154095,80,104,20260831,1
LP0415,2024HU0965838-02,2024HU0965838,02,Male,67,1959,60+,White / Caucasian,Less than high school,"$30,000 to $55,999",31066.65,45,SC,Republican,0.5064182714243697,0.14365839612820883,0.268671634153898,0.0812516982935234,247,104,20260831,1
LP0416,2024HU0967962-01,2024HU0967962,01,Male,74,1952,60+,White / Caucasian,Some college or Associate's degree,"$30,000 to $55,999",39594.75,47,TN,Other,0.4708537716110919,0.18486691815604925,0.2993353510393012,0.04494395919355768,55,104,20260831,1
LP0417,2024HU0976177-02,2024HU0976177,02,Male,75,1951,60+,White / Caucasian,Some college or Associate's degree,"$30,000 to $55,999",36549.0,35,NM,Democrat,0.28111989285463596,0.3137289021256862,0.32429130459495004,0.08085990042472775,212,104,20260831,1
LP0418,2024HU1002174-01,2024HU1002174,01,Male,60,1966,60+,White / Caucasian,Some college or Associate's degree,"$168,000 or more",295133.175,38,ND,Republican,0.34806623780379276,0.20111672230234454,0.4202012698005019,0.03061577009336069,32,104,20260831,1
LP0419,2024HU1009293-01,2024HU1009293,01,Male,81,1945,60+,White / Caucasian,Less than high school,"Less than $30,000",1827.45,25,MA,Independent,0.17687376541644287,0.22448891289867096,0.43398523970653374,0.16465208197835227,57,104,20260831,1
LP0420,2024HU1046868-01,2024HU1046868,01,Male,62,1964,60+,White / Caucasian,Some college or Associate's degree,"$56,000 to $99,999",77159.0,20,KS,Other,0.4527931395663649,0.23891616505091662,0.26977497540129264,0.03851571998142584,93,104,20260831,1
LP0421,2024HU1047975-01,2024HU1047975,01,Male,71,1955,60+,White / Caucasian,High school diploma / GED,"$30,000 to $55,999",50051.825,51,VA,Republican,0.47664946442884915,0.19895860126981676,0.280424433013199,0.04396750128813484,217,104,20260831,1
LP0422,2024HU1066271-03,2024HU1066271,03,Male,63,1963,60+,White / Caucasian,High school diploma / GED,"$100,000 to $167,999",115738.5,12,FL,Democrat,0.6013694076307272,0.17214044717795168,0.19644104048817448,0.030049104703146562,326,104,20260831,1
LP0423,2024HU1078823-02,2024HU1078823,02,Male,61,1965,60+,White / Caucasian,High school diploma / GED,"$100,000 to $167,999",104976.85,18,IN,Republican,0.5778726099330243,0.164045928609376,0.21966119181553365,0.038420269642066164,64,104,20260831,1
LP0424,2024HU1087173-02,2024HU1087173,02,Male,74,1952,60+,White / Caucasian,Bachelor's degree,"$168,000 or more",193303.6,53,WA,Democrat,0.2713266706559388,0.42845773958879846,0.26930085995037123,0.030914729804891565,121,104,20260831,1
LP0425,2024HU1120840-01,2024HU1120840,01,Male,62,1964,60+,White / Caucasian,Some college or Associate's degree,"$56,000 to $99,999",73504.1,53,WA,Independent,0.2894628653133266,0.38241435850161437,0.2773851811426489,0.05073759504241021,52,104,20260831,1
LP0426,2024HU1135345-01,2024HU1135345,01,Male,64,1962,60+,White / Caucasian,High school diploma / GED,"$168,000 or more",185080.075,48,TX,Independent,0.5881602014190956,0.16656100565605395,0.21617165950369185,0.029107133421158563,47,104,20260831,1
LP0427,2024HU1153197-01,2024HU1153197,01,Male,62,1964,60+,White / Caucasian,Bachelor's degree,"$30,000 to $55,999",40610.0,48,TX,Independent,0.4728638495761511,0.2323269582355371,0.2588031559717882,0.03600603621652365,130,104,20260831,1
LP0428,2024HU1161952-01,2024HU1161952,01,Male,62,1964,60+,White / Caucasian,Some college or Associate's degree,"$30,000 to $55,999",54011.3,39,OH,Republican,0.449729501388914,0.2058676306509438,0.2978297688015732,0.04657309915856908,225,104,20260831,1
LP0429,2024HU1170518-02,2024HU1170518,02,Male,65,1961,60+,White / Caucasian,Bachelor's degree,"$168,000 or more",253812.5,36,NY,Independent,0.29448394839606556,0.4590895456732549,0.22441693557958334,0.022009570351096117,16,104,20260831,1
LP0430,2024HU1172380-01,2024HU1172380,01,Male,72,1954,60+,White / Caucasian,Some college or Associate's degree,"$56,000 to $99,999",89342.0,18,IN,Democrat,0.5120297809883625,0.19031884483945252,0.2611020657415439,0.03654930843064113,209,104,20260831,1
LP0431,2024HU1186555-01,2024HU1186555,01,Male,69,1957,60+,White / Caucasian,Bachelor's degree,"$100,000 to $167,999",121017.8,48,TX,Other,0.4858863841086882,0.23754707284431387,0.24958822987826648,0.026978313168731612,138,104,20260831,1
LP0432,2024HU1210229-01,2024HU1210229,01,Male,70,1956,60+,White / Caucasian,Master's degree / Professional degree,"$168,000 or more",218278.75,17,IL,Independent,0.2535473346608129,0.4538234854247158,0.25604100558834403,0.036588174326127335,63,104,20260831,1
LP0433,2024HU1218155-01,2024HU1218155,01,Male,82,1944,60+,White / Caucasian,Some college or Associate's degree,"$30,000 to $55,999",50153.35,45,SC,Republican,0.5158967726027907,0.19076839180497004,0.26070334712903437,0.03263148846320493,42,104,20260831,1
LP0434,2024HU1226374-01,2024HU1226374,01,Male,72,1954,60+,White / Caucasian,High school diploma / GED,"$30,000 to $55,999",30457.5,13,GA,Republican,0.5634629017229716,0.14441517142946061,0.2316389427798899,0.060482984067677874,86,104,20260831,1
LP0435,2024HU1242990-02,2024HU1242990,02,Male,60,1966,60+,White / Caucasian,Some college or Associate's degree,"$30,000 to $55,999",48732.0,55,WI,Democrat,0.3594461681762642,0.2596315113583261,0.3407599213442719,0.04016239912113776,190,104,20260831,1
LP0436,2024HU1258648-01,2024HU1258648,01,Male,76,1950,60+,White / Caucasian,Bachelor's degree,"$56,000 to $99,999",84570.325,48,TX,Independent,0.5281658921779921,0.20480825799171293,0.24108919793052666,0.025936651899768196,85,104,20260831,1
LP0437,2024HU1267638-01,2024HU1267638,01,Male,66,1960,60+,White / Caucasian,High school diploma / GED,"$56,000 to $99,999",69544.625,17,IL,Democrat,0.4183486158907173,0.2774116945037823,0.2507840274710421,0.053455662134458105,59,104,20260831,1
LP0438,2024HU1284544-01,2024HU1284544,01,Male,68,1958,60+,White / Caucasian,Bachelor's degree,"$168,000 or more",236147.15,12,FL,Democrat,0.4658698669107257,0.2776073959974034,0.22781666840279735,0.02870606868907359,75,104,20260831,1
LP0439,2024HU1293716-02,2024HU1293716,02,Male,64,1962,60+,White / Caucasian,High school diploma / GED,"$56,000 to $99,999",67108.025,12,FL,Republican,0.5495554385329067,0.19273014165851304,0.22190639754137573,0.03580802226720451,139,104,20260831,1
LP0440,2024HU1301882-01,2024HU1301882,01,Male,66,1960,60+,White / Caucasian,High school diploma / GED,"Less than $30,000",27411.75,42,PA,Republican,0.46309955518286217,0.2659935599117005,0.20785706561387998,0.06304981929155742,71,104,20260831,1
LP0441,2024HU1328363-01,2024HU1328363,01,Male,79,1947,60+,White / Caucasian,Master's degree / Professional degree,"Less than $30,000",24366.0,55,WI,Republican,0.23443755062176944,0.38577885088527786,0.3253992550287703,0.05438434346418234,392,104,20260831,1
LP0442,2024HU1328579-01,2024HU1328579,01,Male,60,1966,60+,White / Caucasian,High school diploma / GED,"Less than $30,000",17056.2,42,PA,Republican,0.39125069917600513,0.33286496760708306,0.2034672647572617,0.07241706845965006,536,104,20260831,1
LP0443,2024HU1331723-01,2024HU1331723,01,Male,72,1954,60+,White / Caucasian,High school diploma / GED,"Less than $30,000",28325.475,37,NC,Independent,0.49384546527166434,0.17039323486705055,0.2802317279621744,0.05552957189911061,64,104,20260831,1
LP0444,2024HU1333820-02,2024HU1333820,02,Male,77,1949,60+,White / Caucasian,Bachelor's degree,"$56,000 to $99,999",97057.9,19,IA,Other,0.4422302966240712,0.21996011515939476,0.29446874556298275,0.04334084265355119,107,104,20260831,1
LP0445,2024HU1360138-01,2024HU1360138,01,Male,69,1957,60+,White / Caucasian,Bachelor's degree,"$168,000 or more",321022.05,53,WA,Independent,0.25528138628017033,0.4754542361933124,0.2460001989212686,0.02326417860524868,40,104,20260831,1
LP0446,2024HU1368479-01,2024HU1368479,01,Male,80,1946,60+,White / Caucasian,High school diploma / GED,"$30,000 to $55,999",39188.65,42,PA,Republican,0.4599745898442037,0.2589150958025112,0.2090355760136718,0.07207473833961316,70,104,20260831,1
LP0447,2024HU1379440-02,2024HU1379440,02,Male,66,1960,60+,White / Caucasian,Some college or Associate's degree,"$56,000 to $99,999",64976.0,42,PA,Republican,0.40106908553681136,0.3071971398768118,0.260440151851416,0.03129362273496084,21,104,20260831,1
LP0448,2024HU1383112-02,2024HU1383112,02,Male,73,1953,60+,White / Caucasian,Some college or Associate's degree,"$56,000 to $99,999",95941.125,54,WV,Republican,0.5222024035135394,0.14775591338136948,0.30728325958888714,0.02275842351620391,216,104,20260831,1
LP0449,2024HU1383175-01,2024HU1383175,01,Male,62,1964,60+,White / Caucasian,Master's degree / Professional degree,"$56,000 to $99,999",65991.25,36,NY,Republican,0.2231522481786241,0.4728839583375037,0.2719936318713567,0.03197016161251547,152,104,20260831,1
LP0450,2024HU1435944-02,2024HU1435944,02,Male,65,1961,60+,White / Caucasian,High school diploma / GED,"$168,000 or more",242441.7,53,WA,Democrat,0.37034786196825703,0.32190666469637497,0.24407664564478043,0.06366882769058754,69,104,20260831,1
LP0451,2024HU1439502-01,2024HU1439502,01,Male,82,1944,60+,White / Caucasian,High school diploma / GED,"$30,000 to $55,999",51980.8,55,WI,Independent,0.4298812657511724,0.2248200149135193,0.2768750728244163,0.06842364651089192,77,104,20260831,1
LP0452,2024HU1442394-01,2024HU1442394,01,Male,62,1964,60+,White / Caucasian,Master's degree / Professional degree,"$168,000 or more",610165.25,48,TX,Republican,0.47384124781549475,0.23488257234081408,0.257625137068295,0.033651042775396156,169,104,20260831,1
LP0453,2024HU0033259-01,2024HU0033259,01,Male,61,1965,60+,Black / African American,Less than high school,"Less than $30,000",10152.5,36,NY,Democrat,0.044035228886452796,0.6202482284924467,0.2012846163946914,0.13443192622640923,943,14,20260831,1
LP0454,2024HU0297299-02,2024HU0297299,02,Male,72,1954,60+,Black / African American,Less than high school,"$100,000 to $167,999",106093.625,48,TX,Democrat,0.1533179581950492,0.4316453795369386,0.33980919804567145,0.07522746422234076,169,14,20260831,1
LP0455,2024HU0302751-01,2024HU0302751,01,Male,67,1959,60+,Black / African American,Some college or Associate's degree,"$168,000 or more",260919.25,13,GA,Republican,0.11292837370938998,0.5728194672921322,0.289786346322325,0.02446581267615272,54,14,20260831,1
LP0456,2024HU0349647-01,2024HU0349647,01,Male,61,1965,60+,Black / African American,Some college or Associate's degree,"Less than $30,000",11472.325,48,TX,Democrat,0.07856153452703073,0.5998622541885716,0.25124383122768734,0.07033238005671029,47,14,20260831,1
LP0457,2024HU0586034-01,2024HU0586034,01,Male,65,1961,60+,Black / African American,Some college or Associate's degree,"$56,000 to $99,999",60915.0,04,AZ,Independent,0.08539443189654211,0.5481642174194734,0.33281913566192284,0.03362221502206172,90,14,20260831,1
LP0458,2024HU0740734-01,2024HU0740734,01,Male,66,1960,60+,Black / African American,Some college or Associate's degree,"$56,000 to $99,999",58884.5,13,GA,Independent,0.12938414527600756,0.494360739249409,0.3390998715105628,0.037155243964020486,37,14,20260831,1
LP0459,2024HU0769713-01,2024HU0769713,01,Male,65,1961,60+,Black / African American,High school diploma / GED,"$56,000 to $99,999",83148.975,34,NJ,Democrat,0.1149207926560234,0.5755203025457598,0.23524432422427674,0.07431458057393996,78,14,20260831,1
LP0460,2024HU0838744-02,2024HU0838744,02,Male,79,1947,60+,Black / African American,Master's degree / Professional degree,"$100,000 to $167,999",165993.375,11,DC,Democrat,0.011069087626078961,0.8786041414792223,0.09781638811499328,0.012510382779705408,138,14,20260831,1
LP0461,2024HU0933710-01,2024HU0933710,01,Male,62,1964,60+,Black / African American,Some college or Associate's degree,"$168,000 or more",219294.0,06,CA,Democrat,0.057566460277212135,0.692790669905801,0.2002857035308973,0.04935716628608952,319,14,20260831,1
LP0462,2024HU1009994-01,2024HU1009994,01,Male,79,1947,60+,Black / African American,High school diploma / GED,"$56,000 to $99,999",57666.2,17,IL,Democrat,0.08094722375279097,0.6205980493313935,0.21598853777263147,0.08246618914318402,153,14,20260831,1
LP0463,2024HU1030091-02,2024HU1030091,02,Male,62,1964,60+,Black / African American,High school diploma / GED,"$56,000 to $99,999",76854.425,42,PA,Democrat,0.09181510969375556,0.6625738199355646,0.19074044671186657,0.05487062365881323,84,14,20260831,1
LP0464,2024HU1101035-02,2024HU1101035,02,Male,61,1965,60+,Black / African American,High school diploma / GED,"$168,000 or more",241629.5,48,TX,Independent,0.1513103241096647,0.5180825883134299,0.26467072632855104,0.06593636124835432,189,14,20260831,1
LP0465,2024HU1207149-02,2024HU1207149,02,Male,61,1965,60+,Black / African American,Some college or Associate's degree,"$100,000 to $167,999",101525.0,13,GA,Independent,0.13896152279704127,0.49228551444609053,0.33169512234260273,0.0370578404142655,192,14,20260831,1
LP0466,2024HU1215530-01,2024HU1215530,01,Male,88,1938,60+,Black / African American,High school diploma / GED,"$30,000 to $55,999",39594.75,12,FL,Democrat,0.12123591614428042,0.5406033986638128,0.23954142687962232,0.09861925831228444,95,14,20260831,1
LP0467,2024HU0134729-02,2024HU0134729,02,Male,66,1960,60+,Hispanic / Latino,Less than high school,"$56,000 to $99,999",66092.775,48,TX,Democrat,0.38506360803342626,0.2253842273070305,0.30733655879310284,0.08221560586644025,43,15,20260831,1
LP0468,2024HU0167488-01,2024HU0167488,01,Male,83,1943,60+,Hispanic / Latino,High school diploma / GED,"$168,000 or more",196450.875,06,CA,Independent,0.2855718328940582,0.4317834168824295,0.21946587285962357,0.0631788773638887,96,15,20260831,1
LP0469,2024HU0196051-03,2024HU0196051,03,Male,78,1948,60+,Hispanic / Latino,Some college or Associate's degree,"$30,000 to $55,999",38579.5,13,GA,Republican,0.3555541103688242,0.26754536244802474,0.29772656367382067,0.07917396350933038,309,15,20260831,1
LP0470,2024HU0329408-01,2024HU0329408,01,Male,66,1960,60+,Hispanic / Latino,Less than high school,"$100,000 to $167,999",108834.8,06,CA,Republican,0.28838190795186386,0.34831957682933196,0.26606963539745926,0.09722887982134498,78,15,20260831,1
LP0471,2024HU0528122-01,2024HU0528122,01,Male,64,1962,60+,Hispanic / Latino,High school diploma / GED,"$168,000 or more",361987.3875,48,TX,Democrat,0.4096410630112519,0.27976897241982074,0.22177641522502783,0.08881354934389955,73,15,20260831,1
LP0472,2024HU0680806-01,2024HU0680806,01,Male,64,1962,60+,Hispanic / Latino,High school diploma / GED,"$56,000 to $99,999",58072.3,06,CA,Republican,0.28361265939782365,0.40204950560604313,0.21562012456860297,0.09871771042753018,105,15,20260831,1
LP0473,2024HU0689126-01,2024HU0689126,01,Male,71,1955,60+,Hispanic / Latino,Some college or Associate's degree,"$56,000 to $99,999",57361.625,12,FL,Independent,0.3507503925770534,0.3355099936484895,0.2556383573395851,0.05810125643487206,128,15,20260831,1
LP0474,2024HU0822647-01,2024HU0822647,01,Male,62,1964,60+,Hispanic / Latino,Master's degree / Professional degree,"$168,000 or more",182745.0,35,NM,Independent,0.12334185082071089,0.5686143493584881,0.27299199797807006,0.03505180184273098,126,15,20260831,1
LP0475,2024HU0982737-01,2024HU0982737,01,Male,64,1962,60+,Hispanic / Latino,Bachelor's degree,"Less than $30,000",7208.275,55,WI,Democrat,0.16301669131406207,0.41325897041913456,0.3160460033097019,0.10767833495710158,209,15,20260831,1
LP0476,2024HU0993120-01,2024HU0993120,01,Male,65,1961,60+,Hispanic / Latino,Bachelor's degree,"$56,000 to $99,999",78174.25,12,FL,Independent,0.30618164441638906,0.42124774629952716,0.22886504660697052,0.04370556267711317,60,15,20260831,1
LP0477,2024HU1191210-02,2024HU1191210,02,Male,81,1945,60+,Hispanic / Latino,Some college or Associate's degree,"$168,000 or more",180714.5,12,FL,Independent,0.34937264082950786,0.35644527095343276,0.257397718029917,0.036784370187142354,270,15,20260831,1
LP0478,2024HU1263383-02,2024HU1263383,02,Male,71,1955,60+,Hispanic / Latino,Less than high school,"$30,000 to $55,999",37767.3,09,CT,Democrat,0.16800051382830908,0.276334257232127,0.2827355764277851,0.2729296525117788,319,15,20260831,1
LP0479,2024HU1362371-01,2024HU1362371,01,Male,69,1957,60+,Hispanic / Latino,High school diploma / GED,"$56,000 to $99,999",76346.8,06,CA,Democrat,0.2712889366546146,0.43568521657062964,0.20634718231029614,0.08667866446445971,83,15,20260831,1
LP0480,2024HU1364157-01,2024HU1364157,01,Male,71,1955,60+,Hispanic / Latino,Master's degree / Professional degree,"$100,000 to $167,999",136043.5,36,NY,Democrat,0.13878928893660808,0.6019696827652896,0.2171837176561171,0.04205731064198523,151,15,20260831,1
LP0481,2024HU1437148-01,2024HU1437148,01,Male,61,1965,60+,Hispanic / Latino,Less than high school,"$56,000 to $99,999",65991.25,04,AZ,Independent,0.3271161504993683,0.24856173499428807,0.35469722571125906,0.06962488879508456,449,15,20260831,1
LP0482,2024HU0247372-01,2024HU0247372,01,Male,61,1965,60+,Asian / Asian American,Master's degree / Professional degree,"$100,000 to $167,999",137058.75,27,MN,Democrat,0.13587114911825182,0.52289236967773,0.3015147863549676,0.03972169484905062,215,7,20260831,1
LP0483,2024HU0519507-03,2024HU0519507,03,Male,70,1956,60+,Asian / Asian American,Some college or Associate's degree,"$100,000 to $167,999",109951.575,48,TX,Republican,0.36836449319286046,0.25409802577690316,0.3526239733823543,0.0249135076478822,118,7,20260831,1
LP0484,2024HU0683632-01,2024HU0683632,01,Male,64,1962,60+,Asian / Asian American,Bachelor's degree,"$168,000 or more",259904.0,06,CA,Republican,0.16646889837244322,0.5569414918554468,0.2503510655941107,0.026238544177999444,89,7,20260831,1
LP0485,2024HU1155994-02,2024HU1155994,02,Male,62,1964,60+,Asian / Asian American,Master's degree / Professional degree,"$168,000 or more",1255864.25,48,TX,Republican,0.29502100625279537,0.3282684776128932,0.3315413567529135,0.04516915938139799,336,7,20260831,1
LP0486,2024HU1182718-01,2024HU1182718,01,Male,60,1966,60+,Asian / Asian American,Doctorate degree / Ph.D.,"$168,000 or more",429958.375,08,CO,Independent,0.11386031571403873,0.47217707992297064,0.3654211628576002,0.04854144150539039,41,7,20260831,1
LP0487,2024HU1377214-01,2024HU1377214,01,Male,71,1955,60+,Asian / Asian American,Doctorate degree / Ph.D.,"$100,000 to $167,999",109139.375,25,MA,Republican,0.08497575686472486,0.4728843776167289,0.40748188370086946,0.03465798181767682,118,7,20260831,1
LP0488,2024HU1434863-01,2024HU1434863,01,Male,73,1953,60+,Asian / Asian American,Doctorate degree / Ph.D.,"$56,000 to $99,999",97342.17,06,CA,Independent,0.15079314480495074,0.5271638139974321,0.28278589651518926,0.03925714468242788,60,7,20260831,1
LP0489,2024HU0361623-02,2024HU0361623,02,Male,67,1959,60+,Other,High school diploma / GED,"$56,000 to $99,999",87311.5,45,SC,Independent,0.47530232535902117,0.13636598903117914,0.3308818241190175,0.05744986149078214,72,2,20260831,1
LP0490,2024HU1172035-02,2024HU1172035,02,Male,74,1952,60+,Other,Some college or Associate's degree,"$56,000 to $99,999",80306.275,01,AL,Independent,0.44074211571222643,0.13178922110018323,0.39270233527965126,0.03476632790793899,81,2,20260831,1
LP0491,2024HU0010395-03,2024HU0010395,03,Female,19,2007,18-29,White / Caucasian,Some college or Associate's degree,"$100,000 to $167,999",105992.1,12,FL,Other,0.41413717180201975,0.25839590892664055,0.24017552980645637,0.08729138946488336,105,51,20260831,1
LP0492,2024HU0062161-02,2024HU0062161,02,Female,21,2005,18-29,White / Caucasian,Some college or Associate's degree,"$30,000 to $55,999",36955.1,16,ID,Democrat,0.3979857456249617,0.1766004994631318,0.28787263100674965,0.1375411239051569,107,51,20260831,1
LP0493,2024HU0100564-01,2024HU0100564,01,Female,24,2002,18-29,White / Caucasian,Some college or Associate's degree,"$100,000 to $167,999",121830.0,54,WV,Republican,0.39632443745481316,0.21005197498210865,0.33552673044606,0.05809685711701802,104,51,20260831,1
LP0494,2024HU0132867-05,2024HU0132867,05,Female,20,2006,18-29,White / Caucasian,Some college or Associate's degree,"$56,000 to $99,999",99494.5,13,GA,Democrat,0.4529401920759343,0.19039077669218146,0.26457535033467605,0.09209368089720829,180,51,20260831,1
LP0495,2024HU0174631-01,2024HU0174631,01,Female,25,2001,18-29,White / Caucasian,High school diploma / GED,"$56,000 to $99,999",58275.35,42,PA,Democrat,0.3608094028311472,0.2895524033871509,0.19024092424383116,0.1593972695378707,255,51,20260831,1
LP0496,2024HU0195205-02,2024HU0195205,02,Female,27,1999,18-29,White / Caucasian,High school diploma / GED,"$30,000 to $55,999",55229.6,51,VA,Republican,0.35561256857780255,0.2327307830908566,0.2668439676939343,0.14481268063740654,138,51,20260831,1
LP0497,2024HU0256930-04,2024HU0256930,04,Female,25,2001,18-29,White / Caucasian,High school diploma / GED,"$100,000 to $167,999",105179.9,47,TN,Republican,0.4722666989465305,0.17630277234049016,0.22791182984935673,0.12351869886362254,151,51,20260831,1
LP0498,2024HU0310790-04,2024HU0310790,04,Female,23,2003,18-29,White / Caucasian,Bachelor's degree,"$168,000 or more",345195.1525,41,OR,Other,0.20939964524817012,0.47704012547012276,0.22709690113580067,0.0864633281459064,217,51,20260831,1
LP0499,2024HU0367104-01,2024HU0367104,01,Female,27,1999,18-29,White / Caucasian,Bachelor's degree,"$100,000 to $167,999",158379.0,05,AR,Republican,0.38372254308010884,0.2847200287760965,0.27048101878695485,0.06107640935683977,65,51,20260831,1
LP0500,2024HU0406901-01,2024HU0406901,01,Female,27,1999,18-29,White / Caucasian,Master's degree / Professional degree,"$100,000 to $167,999",160409.5,40,OK,Republican,0.30804531894559634,0.3445533800147071,0.2559066042437085,0.0914946967959881,303,51,20260831,1
LP0501,2024HU0408317-01,2024HU0408317,01,Female,25,2001,18-29,White / Caucasian,Master's degree / Professional degree,"$56,000 to $99,999",58884.5,40,OK,Republican,0.29959782222389725,0.3141838690589341,0.24621674478165456,0.1400015639355141,150,51,20260831,1
LP0502,2024HU0452483-01,2024HU0452483,01,Female,26,2000,18-29,White / Caucasian,High school diploma / GED,"$100,000 to $167,999",162440.0,06,CA,Republican,0.30842568892304134,0.34622364686014545,0.20659993763560286,0.13875072658121046,63,51,20260831,1
LP0503,2024HU0476374-01,2024HU0476374,01,Female,27,1999,18-29,White / Caucasian,Some college or Associate's degree,"$30,000 to $55,999",43655.75,36,NY,Democrat,0.22844391141405493,0.3665429383607459,0.2328235647652704,0.17218958545992866,271,51,20260831,1
LP0504,2024HU0487899-02,2024HU0487899,02,Female,27,1999,18-29,White / Caucasian,Some college or Associate's degree,"Less than $30,000",20305.0,37,NC,Independent,0.3092303511946681,0.23256438951918765,0.311531522628057,0.14667373665808742,361,51,20260831,1
LP0505,2024HU0508035-01,2024HU0508035,01,Female,28,1998,18-29,White / Caucasian,Bachelor's degree,"$56,000 to $99,999",86397.775,51,VA,Republican,0.31698776881483,0.30298094429302314,0.29861733648104266,0.08141395041110425,132,51,20260831,1
LP0506,2024HU0539217-02,2024HU0539217,02,Female,29,1997,18-29,White / Caucasian,Bachelor's degree,"$100,000 to $167,999",130967.25,17,IL,Democrat,0.23647957174045944,0.4205833102049522,0.22635850367558663,0.11657861437900173,62,51,20260831,1
LP0507,2024HU0554039-02,2024HU0554039,02,Female,29,1997,18-29,White / Caucasian,Bachelor's degree,"$100,000 to $167,999",131982.5,23,ME,Independent,0.20003785166826143,0.3691948628714601,0.308032675408008,0.12273461005227028,97,51,20260831,1
LP0508,2024HU0569237-03,2024HU0569237,03,Female,24,2002,18-29,White / Caucasian,Bachelor's degree,"$56,000 to $99,999",92692.325,06,CA,Democrat,0.2620931685788489,0.4028666301636938,0.21804173120535614,0.11699847005210122,128,51,20260831,1
LP0509,2024HU0631863-03,2024HU0631863,03,Female,18,2008,18-29,White / Caucasian,Less than high school,"$100,000 to $167,999",150460.05,17,IL,Republican,0.2785785117008466,0.27832113441290435,0.2536293421318986,0.1894710117543504,174,51,20260831,1
LP0510,2024HU0652240-03,2024HU0652240,03,Female,22,2004,18-29,White / Caucasian,Bachelor's degree,"$100,000 to $167,999",149444.8,24,MD,Democrat,0.19127969172829176,0.4312626863485276,0.290807909885592,0.08664971203758871,133,51,20260831,1
LP0511,2024HU0667946-03,2024HU0667946,03,Female,26,2000,18-29,White / Caucasian,Bachelor's degree,"$168,000 or more",197973.75,34,NJ,Republican,0.2744696728288699,0.39398082084081,0.2338893518412681,0.09766015448905199,152,51,20260831,1
LP0512,2024HU0669485-01,2024HU0669485,01,Female,28,1998,18-29,White / Caucasian,Some college or Associate's degree,"$56,000 to $99,999",88326.75,21,KY,Democrat,0.42261300740836616,0.2468778168820093,0.22647766803790753,0.10403150767171683,104,51,20260831,1
LP0513,2024HU0673544-03,2024HU0673544,03,Female,18,2008,18-29,White / Caucasian,Less than high school,"$168,000 or more",396962.75,25,MA,Other,0.13251444146760435,0.2469847306733804,0.29271966180310904,0.32778116605590624,86,51,20260831,1
LP0514,2024HU0688194-02,2024HU0688194,02,Female,20,2006,18-29,White / Caucasian,Bachelor's degree,"$30,000 to $55,999",33401.725,41,OR,Democrat,0.18254339336996178,0.3635479308400092,0.221751310602069,0.23215736518795999,260,51,20260831,1
LP0515,2024HU0706625-03,2024HU0706625,03,Female,21,2005,18-29,White / Caucasian,Some college or Associate's degree,"$100,000 to $167,999",154927.15,13,GA,Independent,0.4172317665095959,0.22606536491491216,0.28001506625579453,0.07668780231969735,96,51,20260831,1
LP0516,2024HU0725300-02,2024HU0725300,02,Female,19,2007,18-29,White / Caucasian,High school diploma / GED,"$56,000 to $99,999",75839.175,05,AR,Democrat,0.4562679204552789,0.2037322407494678,0.22307682585140948,0.11692301294384388,406,51,20260831,1
LP0517,2024HU0743726-03,2024HU0743726,03,Female,23,2003,18-29,White / Caucasian,Bachelor's degree,"$168,000 or more",169546.75,36,NY,Other,0.22291312434581678,0.46196648434419163,0.22316296939320643,0.09195742191678517,458,51,20260831,1
LP0518,2024HU0766064-02,2024HU0766064,02,Female,25,2001,18-29,White / Caucasian,Master's degree / Professional degree,"$168,000 or more",182745.0,24,MD,Democrat,0.13786468134171462,0.5048391474631556,0.2976667253443839,0.0596294458507459,75,51,20260831,1
LP0519,2024HU0786315-03,2024HU0786315,03,Female,25,2001,18-29,White / Caucasian,Bachelor's degree,"$100,000 to $167,999",101931.1,04,AZ,Independent,0.35074518843048885,0.29393863504266726,0.28785446290530287,0.06746171362154099,41,51,20260831,1
LP0520,2024HU0844284-02,2024HU0844284,02,Female,23,2003,18-29,White / Caucasian,Some college or Associate's degree,"Less than $30,000",27411.75,04,AZ,Independent,0.32749217076922693,0.26163902307864484,0.3125664768102897,0.09830232934183851,339,51,20260831,1
LP0521,2024HU0907194-03,2024HU0907194,03,Female,22,2004,18-29,White / Caucasian,High school diploma / GED,"$100,000 to $167,999",124885.9025,45,SC,Independent,0.4704028287315689,0.20465522655591525,0.21565601226273545,0.10928593244978035,89,51,20260831,1
LP0522,2024HU0933052-04,2024HU0933052,04,Female,19,2007,18-29,White / Caucasian,Some college or Associate's degree,"$168,000 or more",405795.425,42,PA,Independent,0.2741859056559747,0.37259640974471886,0.20476819307863983,0.14844949152066644,44,51,20260831,1
LP0523,2024HU0967044-03,2024HU0967044,03,Female,18,2008,18-29,White / Caucasian,Less than high school,"$100,000 to $167,999",127312.35,34,NJ,Independent,0.301480485833144,0.23256938234641042,0.23442121222620588,0.23152891959423963,73,51,20260831,1
LP0524,2024HU1011670-01,2024HU1011670,01,Female,27,1999,18-29,White / Caucasian,Bachelor's degree,"$168,000 or more",216755.875,34,NJ,Republican,0.2714785516861488,0.37859239768750247,0.2191909049307051,0.13073814569564365,159,51,20260831,1
LP0525,2024HU1013444-01,2024HU1013444,01,Female,27,1999,18-29,White / Caucasian,High school diploma / GED,"$100,000 to $167,999",138378.575,02,AK,Republican,0.4926937104583646,0.10803349856847161,0.2676492245701261,0.1316235664030378,124,51,20260831,1
LP0526,2024HU1059293-01,2024HU1059293,01,Female,29,1997,18-29,White / Caucasian,High school diploma / GED,"$100,000 to $167,999",101525.0,34,NJ,Independent,0.3846509472217479,0.25767860182122626,0.20745496393836693,0.15021548701865892,221,51,20260831,1
LP0527,2024HU1086534-03,2024HU1086534,03,Female,20,2006,18-29,White / Caucasian,Some college or Associate's degree,"$30,000 to $55,999",44894.355,04,AZ,Republican,0.3257571090882996,0.256594551848628,0.3013667067781451,0.11628163228492734,133,51,20260831,1
LP0528,2024HU1090181-01,2024HU1090181,01,Female,19,2007,18-29,White / Caucasian,Some college or Associate's degree,"$30,000 to $55,999",35736.8,28,MS,Democrat,0.4315621740520658,0.20961535178922433,0.19327965620502188,0.16554281795368805,166,51,20260831,1
LP0529,2024HU1091492-03,2024HU1091492,03,Female,21,2005,18-29,White / Caucasian,Less than high school,"$100,000 to $167,999",114418.675,06,CA,Democrat,0.29529035420308425,0.2647980163302441,0.23746771831496166,0.20244391115171,96,51,20260831,1
LP0530,2024HU1125945-03,2024HU1125945,03,Female,25,2001,18-29,White / Caucasian,High school diploma / GED,"$100,000 to $167,999",138277.05,24,MD,Other,0.2598850613092049,0.33197341619752146,0.27689739983168005,0.13124412266159366,189,51,20260831,1
LP0531,2024HU1139284-03,2024HU1139284,03,Female,22,2004,18-29,White / Caucasian,Some college or Associate's degree,"$168,000 or more",225385.5,17,IL,Independent,0.277251359234471,0.36555787209596596,0.25102811351461085,0.10616265515495223,54,51,20260831,1
LP0532,2024HU1167701-01,2024HU1167701,01,Female,29,1997,18-29,White / Caucasian,Bachelor's degree,"$100,000 to $167,999",154318.0,09,CT,Republican,0.1858558536566079,0.4006257954887327,0.269093426094721,0.14442492475993843,55,51,20260831,1
LP0533,2024HU1175386-03,2024HU1175386,03,Female,22,2004,18-29,White / Caucasian,Some college or Associate's degree,"$168,000 or more",315742.75,21,KY,Independent,0.3753923680586746,0.3333882813310813,0.224406034119683,0.06681331649056102,108,51,20260831,1
LP0534,2024HU1212468-01,2024HU1212468,01,Female,22,2004,18-29,White / Caucasian,Some college or Associate's degree,"Less than $30,000",0.0,48,TX,Republican,0.2955880376294732,0.22246562620639698,0.27507001224568706,0.20687632391844268,492,51,20260831,1
LP0535,2024HU1288217-02,2024HU1288217,02,Female,24,2002,18-29,White / Caucasian,Bachelor's degree,"$56,000 to $99,999",74113.25,45,SC,Republican,0.36555834937835785,0.30483482380065546,0.24164427851250123,0.08796254830848538,75,51,20260831,1
LP0536,2024HU1371463-01,2024HU1371463,01,Female,25,2001,18-29,White / Caucasian,Bachelor's degree,"$56,000 to $99,999",68021.75,29,MO,Democrat,0.34430761164873747,0.3317948949266103,0.2469145261638726,0.07698296726077968,254,51,20260831,1
LP0537,2024HU1385136-02,2024HU1385136,02,Female,23,2003,18-29,White / Caucasian,Bachelor's degree,"$56,000 to $99,999",97839.6425,31,NE,Republican,0.437260801057734,0.23266633916689716,0.26863087538571356,0.06144198438965522,180,51,20260831,1
LP0538,2024HU1393858-01,2024HU1393858,01,Female,29,1997,18-29,White / Caucasian,Bachelor's degree,"Less than $30,000",12690.625,18,IN,Democrat,0.23709195033697486,0.3523810353618953,0.22602140021462983,0.1845056140864999,83,51,20260831,1
LP0539,2024HU1398545-04,2024HU1398545,04,Female,18,2008,18-29,White / Caucasian,Less than high school,"$100,000 to $167,999",118073.575,13,GA,Republican,0.45802079118904393,0.14259832822568608,0.2651153038176268,0.13426557676764322,210,51,20260831,1
LP0540,2024HU1400967-02,2024HU1400967,02,Female,27,1999,18-29,White / Caucasian,High school diploma / GED,"$100,000 to $167,999",102540.25,21,KY,Republican,0.481948737288165,0.21502394703502228,0.19252605437033599,0.11050126130647665,516,51,20260831,1
LP0541,2024HU1425166-02,2024HU1425166,02,Female,23,2003,18-29,White / Caucasian,High school diploma / GED,"$30,000 to $55,999",36752.05,53,WA,Democrat,0.20865629118488974,0.3017864482768506,0.20131510300939123,0.28824215752886845,354,51,20260831,1
LP0542,2024HU0046353-02,2024HU0046353,02,Female,21,2005,18-29,Black / African American,Some college or Associate's degree,"$56,000 to $99,999",61930.25,06,CA,Republican,0.03399111162793137,0.6662446569422794,0.17772419927722738,0.12204003215256184,200,13,20260831,1
LP0543,2024HU0104939-03,2024HU0104939,03,Female,24,2002,18-29,Black / African American,High school diploma / GED,"Less than $30,000",29442.25,13,GA,Democrat,0.08784996826929778,0.4483039165494713,0.2285171348963039,0.23532898028492702,176,13,20260831,1
LP0544,2024HU0127976-02,2024HU0127976,02,Female,23,2003,18-29,Black / African American,High school diploma / GED,"$100,000 to $167,999",134134.83,51,VA,Other,0.06521100899458909,0.5540865764811032,0.24335424069012712,0.1373481738341807,301,13,20260831,1
LP0545,2024HU0140843-02,2024HU0140843,02,Female,25,2001,18-29,Black / African American,Less than high school,"$30,000 to $55,999",49341.15,39,OH,Republican,0.05861735787846675,0.3829087422581144,0.25054927469644694,0.30792462516697194,281,13,20260831,1
LP0546,2024HU0221215-01,2024HU0221215,01,Female,25,2001,18-29,Black / African American,Bachelor's degree,"$56,000 to $99,999",61930.25,22,LA,Democrat,0.07664585944404165,0.5933133679062048,0.26028827995614073,0.06975249269361274,60,13,20260831,1
LP0547,2024HU0239098-03,2024HU0239098,03,Female,22,2004,18-29,Black / African American,High school diploma / GED,"$100,000 to $167,999",106601.25,48,TX,Republican,0.11016175732700782,0.5014188108029755,0.2342618445066736,0.15415758736334317,268,13,20260831,1
LP0548,2024HU0300483-01,2024HU0300483,01,Female,23,2003,18-29,Black / African American,High school diploma / GED,"$56,000 to $99,999",67514.125,42,PA,Democrat,0.0585330529599154,0.6292491770179313,0.17493901500264905,0.13727875501950423,75,13,20260831,1
LP0549,2024HU0400191-05,2024HU0400191,05,Female,27,1999,18-29,Black / African American,Bachelor's degree,"$168,000 or more",258381.125,53,WA,Democrat,0.021676769980278374,0.7877607632790612,0.13382514702865153,0.056737319712008995,301,13,20260831,1
LP0550,2024HU0822083-03,2024HU0822083,03,Female,23,2003,18-29,Black / African American,Bachelor's degree,"$168,000 or more",397267.325,24,MD,Democrat,0.0215687403027996,0.7065932759341732,0.169282552949571,0.10255543081345622,409,13,20260831,1
LP0551,2024HU0983059-03,2024HU0983059,03,Female,26,2000,18-29,Black / African American,Some college or Associate's degree,"$168,000 or more",378789.775,13,GA,Other,0.06893277642211824,0.53081154172764,0.2339194474792716,0.16633623437097017,52,13,20260831,1
LP0552,2024HU1098147-03,2024HU1098147,03,Female,23,2003,18-29,Black / African American,Some college or Associate's degree,"$100,000 to $167,999",102540.25,48,TX,Independent,0.09204444818396099,0.5519160483675605,0.2731046690097416,0.08293483443873688,769,13,20260831,1
LP0553,2024HU1273067-03,2024HU1273067,03,Female,19,2007,18-29,Black / African American,Some college or Associate's degree,"$168,000 or more",218278.75,12,FL,Democrat,0.07136735543185463,0.6193424507051881,0.2186292998712244,0.09066089399173279,246,13,20260831,1
LP0554,2024HU1387404-02,2024HU1387404,02,Female,26,2000,18-29,Black / African American,Bachelor's degree,"$56,000 to $99,999",65280.575,45,SC,Other,0.06251082024947413,0.6163798041599052,0.2341162868197203,0.08699308877090041,319,13,20260831,1
LP0555,2024HU0045772-03,2024HU0045772,03,Female,26,2000,18-29,Hispanic / Latino,High school diploma / GED,"$100,000 to $167,999",123048.3,12,FL,Republican,0.2945460151425825,0.331489483246873,0.19475510646283617,0.17920939514770842,139,25,20260831,1
LP0556,2024HU0134850-02,2024HU0134850,02,Female,24,2002,18-29,Hispanic / Latino,Bachelor's degree,"$56,000 to $99,999",97464.0,27,MN,Other,0.16455643269878983,0.4664028601902517,0.21064810821975236,0.15839259889120616,166,25,20260831,1
LP0557,2024HU0137655-04,2024HU0137655,04,Female,20,2006,18-29,Hispanic / Latino,High school diploma / GED,"$56,000 to $99,999",85585.575,12,FL,Democrat,0.3313104533624363,0.29574260866553376,0.19466544598553084,0.17828149198649904,170,25,20260831,1
LP0558,2024HU0199206-04,2024HU0199206,04,Female,20,2006,18-29,Hispanic / Latino,Some college or Associate's degree,"Less than $30,000",13198.25,48,TX,Other,0.18054945709481154,0.3667847945599675,0.2145445117614607,0.23812123658376028,211,25,20260831,1
LP0559,2024HU0218404-03,2024HU0218404,03,Female,20,2006,18-29,Hispanic / Latino,High school diploma / GED,"$56,000 to $99,999",91372.5,17,IL,Other,0.21666776030884746,0.3656969622758427,0.18899540595581296,0.22863987145949685,77,25,20260831,1
LP0560,2024HU0306529-03,2024HU0306529,03,Female,20,2006,18-29,Hispanic / Latino,Some college or Associate's degree,"$100,000 to $167,999",107311.925,06,CA,Democrat,0.1842723907995185,0.4740361893656311,0.22760248389256044,0.11408893594228985,287,25,20260831,1
LP0561,2024HU0370738-03,2024HU0370738,03,Female,20,2006,18-29,Hispanic / Latino,Some college or Associate's degree,"$56,000 to $99,999",87413.025,48,TX,Independent,0.3195717308819355,0.30624622154015774,0.26621704954148023,0.10796499803642644,432,25,20260831,1
LP0562,2024HU0375642-03,2024HU0375642,03,Female,24,2002,18-29,Hispanic / Latino,Less than high school,"Less than $30,000",4467.1,32,NV,Other,0.13472110064465134,0.2722861054652222,0.19676822970345417,0.3962245641866724,150,25,20260831,1
LP0563,2024HU0578035-03,2024HU0578035,03,Female,25,2001,18-29,Hispanic / Latino,Some college or Associate's degree,"Less than $30,000",10152.5,04,AZ,Independent,0.15229113641332248,0.4016344936178957,0.24584982664048677,0.2002245433282949,84,25,20260831,1
LP0564,2024HU0596371-01,2024HU0596371,01,Female,28,1998,18-29,Hispanic / Latino,Doctorate degree / Ph.D.,"$168,000 or more",203050.0,04,AZ,Democrat,0.14805879055832147,0.4909572399958805,0.2594821815796289,0.10150178786616926,305,25,20260831,1
LP0565,2024HU0663725-01,2024HU0663725,01,Female,29,1997,18-29,Hispanic / Latino,High school diploma / GED,"$168,000 or more",199801.2,27,MN,Other,0.19721446300995393,0.4082119282365817,0.20327182336794675,0.19130178538551754,831,25,20260831,1
LP0566,2024HU0720431-04,2024HU0720431,04,Female,18,2008,18-29,Hispanic / Latino,High school diploma / GED,"$100,000 to $167,999",115535.45,34,NJ,Independent,0.24680568828242405,0.34915980296229604,0.19478150680149936,0.20925300195378055,231,25,20260831,1
LP0567,2024HU0870417-02,2024HU0870417,02,Female,28,1998,18-29,Hispanic / Latino,Bachelor's degree,"$100,000 to $167,999",146297.525,42,PA,Democrat,0.1696465255782228,0.5294022051430866,0.18491868568420888,0.11603258359448172,536,25,20260831,1
LP0568,2024HU0898170-06,2024HU0898170,06,Female,18,2008,18-29,Hispanic / Latino,High school diploma / GED,"$100,000 to $167,999",158379.0,04,AZ,Republican,0.2760884400123136,0.33607623899958544,0.2572909317023879,0.130544389285713,59,25,20260831,1
LP0569,2024HU0906520-05,2024HU0906520,05,Female,24,2002,18-29,Hispanic / Latino,High school diploma / GED,"$100,000 to $167,999",133302.325,06,CA,Democrat,0.1818050145290465,0.42155650120174987,0.17454503144873426,0.2220934528204694,188,25,20260831,1
LP0570,2024HU0986754-05,2024HU0986754,05,Female,21,2005,18-29,Hispanic / Latino,High school diploma / GED,"$100,000 to $167,999",142947.2,06,CA,Other,0.1818050145290465,0.42155650120174987,0.17454503144873426,0.2220934528204694,170,25,20260831,1
LP0571,2024HU1055578-01,2024HU1055578,01,Female,28,1998,18-29,Hispanic / Latino,Less than high school,"Less than $30,000",24366.0,08,CO,Democrat,0.12617947123120024,0.2459516748065013,0.2613094894137437,0.36655936454855476,218,25,20260831,1
LP0572,2024HU1068392-03,2024HU1068392,03,Female,26,2000,18-29,Hispanic / Latino,Bachelor's degree,"$56,000 to $99,999",85281.0,32,NV,Republican,0.2057738122862595,0.48161878118194384,0.19688796505710005,0.11571944147469664,231,25,20260831,1
LP0573,2024HU1168510-01,2024HU1168510,01,Female,29,1997,18-29,Hispanic / Latino,Some college or Associate's degree,"Less than $30,000",24366.0,06,CA,Other,0.12609408679537476,0.43722905613428736,0.18479062096567103,0.2518862361046667,238,25,20260831,1
LP0574,2024HU1197390-07,2024HU1197390,07,Female,21,2005,18-29,Hispanic / Latino,High school diploma / GED,"$100,000 to $167,999",115129.35,36,NY,Other,0.20191158369163917,0.4124054762923855,0.18720791144950488,0.19847502856647042,181,25,20260831,1
LP0575,2024HU1242510-02,2024HU1242510,02,Female,24,2002,18-29,Hispanic / Latino,High school diploma / GED,"$30,000 to $55,999",45686.25,18,IN,Other,0.24681228206520098,0.2768366976134446,0.2023377345551565,0.2740132857661979,351,25,20260831,1
LP0576,2024HU1317070-03,2024HU1317070,03,Female,22,2004,18-29,Hispanic / Latino,High school diploma / GED,"$100,000 to $167,999",106702.775,06,CA,Democrat,0.20835338225845576,0.40686105966467606,0.18444057113156534,0.20034498694530273,42,25,20260831,1
LP0577,2024HU1363322-02,2024HU1363322,02,Female,21,2005,18-29,Hispanic / Latino,High school diploma / GED,"$56,000 to $99,999",63859.225,18,IN,Republican,0.2590996988828724,0.2983784366235796,0.22722422456546615,0.21529763992808182,431,25,20260831,1
LP0578,2024HU1408401-01,2024HU1408401,01,Female,18,2008,18-29,Hispanic / Latino,High school diploma / GED,"$100,000 to $167,999",118784.25,34,NJ,Democrat,0.24680568828242405,0.34915980296229604,0.19478150680149936,0.20925300195378055,293,25,20260831,1
LP0579,2024HU1446218-02,2024HU1446218,02,Female,25,2001,18-29,Hispanic / Latino,Some college or Associate's degree,"$56,000 to $99,999",91372.5,36,NY,Other,0.16740559923133333,0.4476992777750614,0.20822209117147883,0.1766730318221264,100,25,20260831,1
LP0580,2024HU0287871-03,2024HU0287871,03,Female,26,2000,18-29,Asian / Asian American,Master's degree / Professional degree,"$168,000 or more",188836.5,39,OH,Independent,0.13013318946377703,0.450993614396264,0.3274777181535508,0.09139547798640811,65,6,20260831,1
LP0581,2024HU0352270-05,2024HU0352270,05,Female,29,1997,18-29,Asian / Asian American,Bachelor's degree,"$56,000 to $99,999",81626.1,12,FL,Democrat,0.23050736917394193,0.38602496118243323,0.2729808622352711,0.11048680740835372,86,6,20260831,1
LP0582,2024HU0623554-03,2024HU0623554,03,Female,27,1999,18-29,Asian / Asian American,Bachelor's degree,"$168,000 or more",216248.25,06,CA,Democrat,0.11947100189373326,0.5162186338439135,0.2236362786659306,0.14067408559642264,347,6,20260831,1
LP0583,2024HU0629647-02,2024HU0629647,02,Female,23,2003,18-29,Asian / Asian American,Bachelor's degree,"$56,000 to $99,999",59899.75,48,TX,Other,0.21359374267782014,0.3522832664259861,0.2921436396592899,0.1419793512369038,83,6,20260831,1
LP0584,2024HU0760512-04,2024HU0760512,04,Female,21,2005,18-29,Asian / Asian American,Some college or Associate's degree,"$30,000 to $55,999",46904.55,24,MD,Independent,0.11072502542487367,0.42032022279467357,0.362508049030042,0.1064467027504109,79,6,20260831,1
LP0585,2024HU1082991-03,2024HU1082991,03,Female,26,2000,18-29,Asian / Asian American,Bachelor's degree,"$168,000 or more",201923.0725,29,MO,Republican,0.2062459327770926,0.42948107426036736,0.25946428134779453,0.10480871161474554,77,6,20260831,1
LP0586,2024HU0299521-02,2024HU0299521,02,Female,28,1998,18-29,Other,Bachelor's degree,"$100,000 to $167,999",137058.75,41,OR,Independent,0.1329047228752418,0.327314855271952,0.31691874701966527,0.2228616748331409,96,4,20260831,1
LP0587,2024HU1307960-04,2024HU1307960,04,Female,18,2008,18-29,Other,High school diploma / GED,"$168,000 or more",318585.45,34,NJ,Independent,0.23052238637486794,0.28823786509255145,0.29131127976608506,0.18992846876649558,294,4,20260831,1
LP0588,2024HU1326762-01,2024HU1326762,01,Female,28,1998,18-29,Other,Bachelor's degree,"$56,000 to $99,999",60925.1525,26,MI,Democrat,0.15593478520425522,0.2897284328015332,0.3980084788323797,0.15632830316183186,271,4,20260831,1
LP0589,2024HU1394713-03,2024HU1394713,03,Female,19,2007,18-29,Other,Less than high school,"Less than $30,000",15533.325,28,MS,Other,0.2154940583763626,0.143856449016339,0.22987556845798612,0.4107739241493123,181,4,20260831,1
LP0590,2024HU0009516-02,2024HU0009516,02,Female,31,1995,30-44,White / Caucasian,Bachelor's degree,"$100,000 to $167,999",163455.25,33,NH,Democrat,0.14855072777525744,0.4161526844383915,0.39389863634800226,0.041397951438348755,92,69,20260831,1
LP0591,2024HU0016108-01,2024HU0016108,01,Female,33,1993,30-44,White / Caucasian,Doctorate degree / Ph.D.,"$56,000 to $99,999",71169.025,13,GA,Republican,0.3095030625185438,0.3420388021000442,0.28434774829256815,0.06411038708884376,59,69,20260831,1
LP0592,2024HU0023783-01,2024HU0023783,01,Female,39,1987,30-44,White / Caucasian,Some college or Associate's degree,"$100,000 to $167,999",131982.5,48,TX,Republican,0.4207808797025955,0.24188326790316164,0.26086099322842077,0.07647485916582199,296,69,20260831,1
LP0593,2024HU0037116-01,2024HU0037116,01,Female,34,1992,30-44,White / Caucasian,Some college or Associate's degree,"$56,000 to $99,999",81220.0,04,AZ,Independent,0.3999096333715835,0.23670917626924104,0.29930026193879283,0.0640809284203827,37,69,20260831,1
LP0594,2024HU0047258-03,2024HU0047258,03,Female,37,1989,30-44,White / Caucasian,Some college or Associate's degree,"$100,000 to $167,999",101037.68,29,MO,Independent,0.4556087993545978,0.25465918938222937,0.2507007595044988,0.03903125175867411,138,69,20260831,1
LP0595,2024HU0063572-06,2024HU0063572,06,Female,35,1991,30-44,White / Caucasian,Bachelor's degree,"$168,000 or more",355845.125,26,MI,Democrat,0.25111272016157987,0.3856125596232115,0.25721493011059055,0.10605979010461801,93,69,20260831,1
LP0596,2024HU0063910-01,2024HU0063910,01,Female,36,1990,30-44,White / Caucasian,Some college or Associate's degree,"$100,000 to $167,999",154318.0,19,IA,Republican,0.3527017291206003,0.2519465872880213,0.32642868098108885,0.06892300261028952,739,69,20260831,1
LP0597,2024HU0065308-01,2024HU0065308,01,Female,36,1990,30-44,White / Caucasian,Some college or Associate's degree,"Less than $30,000",0.0,54,WV,Independent,0.3065080665063528,0.20346853958135408,0.36562049988239503,0.12440289402989807,51,69,20260831,1
LP0598,2024HU0098438-01,2024HU0098438,01,Female,43,1983,30-44,White / Caucasian,High school diploma / GED,"$30,000 to $55,999",49036.575,45,SC,Republican,0.4735159162709627,0.19711610846837876,0.22435731043040186,0.1050106648302567,415,69,20260831,1
LP0599,2024HU0108191-04,2024HU0108191,04,Female,32,1994,30-44,White / Caucasian,High school diploma / GED,"$56,000 to $99,999",75676.735,42,PA,Democrat,0.37600251853160344,0.32547151256460716,0.19239312494489047,0.10613284395889896,59,69,20260831,1
LP0600,2024HU0112088-01,2024HU0112088,01,Female,41,1985,30-44,White / Caucasian,Master's degree / Professional degree,"$168,000 or more",180714.5,41,OR,Independent,0.17071297901972404,0.4987360174275544,0.25729245101513903,0.07325855253758247,80,69,20260831,1
LP0601,2024HU0136532-01,2024HU0136532,01,Female,32,1994,30-44,White / Caucasian,Master's degree / Professional degree,"$56,000 to $99,999",73402.575,48,TX,Democrat,0.29519951897770025,0.37166095025982565,0.2636897373405728,0.06944979342190125,126,69,20260831,1
LP0602,2024HU0141590-01,2024HU0141590,01,Female,39,1987,30-44,White / Caucasian,Some college or Associate's degree,"$100,000 to $167,999",114723.25,22,LA,Independent,0.5056116388185641,0.1925043881971242,0.2616691250751575,0.04021484790915415,54,69,20260831,1
LP0603,2024HU0142999-01,2024HU0142999,01,Female,38,1988,30-44,White / Caucasian,Some college or Associate's degree,"$56,000 to $99,999",82235.25,17,IL,Republican,0.31386991901864625,0.3320412303444233,0.2526219806227223,0.10146687001420822,86,69,20260831,1
LP0604,2024HU0201946-02,2024HU0201946,02,Female,41,1985,30-44,White / Caucasian,Master's degree / Professional degree,"$56,000 to $99,999",82438.3,22,LA,Democrat,0.3945376355190247,0.2853356658495428,0.28059742292569445,0.039529275705738075,58,69,20260831,1
LP0605,2024HU0220564-01,2024HU0220564,01,Female,32,1994,30-44,White / Caucasian,Bachelor's degree,"$168,000 or more",258888.75,36,NY,Independent,0.22223765632075915,0.5171929829640344,0.20952946807205475,0.05103989264315178,325,69,20260831,1
LP0606,2024HU0234133-01,2024HU0234133,01,Female,36,1990,30-44,White / Caucasian,Bachelor's degree,"$100,000 to $167,999",106601.25,48,TX,Independent,0.4282847956645305,0.2632342819006033,0.2509630368103812,0.05751788562448521,107,69,20260831,1
LP0607,2024HU0241974-02,2024HU0241974,02,Female,39,1987,30-44,White / Caucasian,High school diploma / GED,"$30,000 to $55,999",54620.45,55,WI,Republican,0.32608970076984123,0.25457909327908,0.2598399253490597,0.15949128060201898,106,69,20260831,1
LP0608,2024HU0267109-03,2024HU0267109,03,Female,36,1990,30-44,White / Caucasian,High school diploma / GED,"$168,000 or more",190217.24,42,PA,Independent,0.3956644424196071,0.32244756395886837,0.2045554173636597,0.07733257625786481,99,69,20260831,1
LP0609,2024HU0273940-03,2024HU0273940,03,Female,40,1986,30-44,White / Caucasian,Less than high school,"$100,000 to $167,999",130662.675,06,CA,Republican,0.28851193928088037,0.29249584410969487,0.2440814380999681,0.17491077850945663,328,69,20260831,1
LP0610,2024HU0315011-02,2024HU0315011,02,Female,30,1996,30-44,White / Caucasian,Bachelor's degree,"$168,000 or more",228431.25,39,OH,Independent,0.3377936055838854,0.30367144446829286,0.2717253567863966,0.08680959316142525,70,69,20260831,1
LP0611,2024HU0334010-01,2024HU0334010,01,Female,35,1991,30-44,White / Caucasian,Some college or Associate's degree,"$56,000 to $99,999",84265.75,09,CT,Democrat,0.244864074778539,0.30708448628186097,0.29198237155585266,0.1560690673837473,257,69,20260831,1
LP0612,2024HU0346315-02,2024HU0346315,02,Female,35,1991,30-44,White / Caucasian,High school diploma / GED,"$30,000 to $55,999",30457.5,19,IA,Republican,0.3302371629555091,0.18463406563366863,0.23822191210182794,0.24690685930899442,68,69,20260831,1
LP0613,2024HU0359198-01,2024HU0359198,01,Female,34,1992,30-44,White / Caucasian,Bachelor's degree,"$56,000 to $99,999",65991.25,12,FL,Democrat,0.35505363772321624,0.32808194126394574,0.25309614579140494,0.06376827522143298,243,69,20260831,1
LP0614,2024HU0368610-02,2024HU0368610,02,Female,42,1984,30-44,White / Caucasian,Master's degree / Professional degree,"$168,000 or more",172592.5,06,CA,Democrat,0.177876011871342,0.5330572862688807,0.22939983835229502,0.059666863507482286,95,69,20260831,1
LP0615,2024HU0380952-02,2024HU0380952,02,Female,35,1991,30-44,White / Caucasian,High school diploma / GED,"$56,000 to $99,999",72082.75,40,OK,Republican,0.4798582480660298,0.1935828413618015,0.1928139384299298,0.13374497214223896,175,69,20260831,1
LP0616,2024HU0395196-02,2024HU0395196,02,Female,39,1987,30-44,White / Caucasian,Master's degree / Professional degree,"$168,000 or more",266249.3125,39,OH,Independent,0.24620303300059146,0.426852228663261,0.28229205277785624,0.04465268555829135,121,69,20260831,1
LP0617,2024HU0399753-02,2024HU0399753,02,Female,36,1990,30-44,White / Caucasian,Bachelor's degree,"$168,000 or more",253812.5,40,OK,Republican,0.4013535353147936,0.31733350761487067,0.2257400240867325,0.055572932983603295,92,69,20260831,1
LP0618,2024HU0400761-02,2024HU0400761,02,Female,36,1990,30-44,White / Caucasian,Bachelor's degree,"$168,000 or more",240309.675,06,CA,Other,0.24441782300987724,0.4479523442714631,0.21471042924998357,0.09291940346867612,108,69,20260831,1
LP0619,2024HU0453631-02,2024HU0453631,02,Female,31,1995,30-44,White / Caucasian,Some college or Associate's degree,"$56,000 to $99,999",93809.1,51,VA,Independent,0.37022407459509227,0.2514653634875189,0.3308019925965425,0.047508569320846315,74,69,20260831,1
LP0620,2024HU0529358-02,2024HU0529358,02,Female,41,1985,30-44,White / Caucasian,High school diploma / GED,"$56,000 to $99,999",78174.25,24,MD,Independent,0.26518706890174953,0.3502388686678902,0.2769415973239343,0.10763246510642589,109,69,20260831,1
LP0621,2024HU0532123-02,2024HU0532123,02,Female,43,1983,30-44,White / Caucasian,Bachelor's degree,"$168,000 or more",230157.175,06,CA,Democrat,0.24441782300987724,0.4479523442714631,0.21471042924998357,0.09291940346867612,73,69,20260831,1
LP0622,2024HU0532196-01,2024HU0532196,01,Female,43,1983,30-44,White / Caucasian,Bachelor's degree,"$100,000 to $167,999",101525.0,09,CT,Independent,0.22264647671978716,0.3763972441194019,0.2823926024770549,0.11856367668375606,145,69,20260831,1
LP0623,2024HU0543906-02,2024HU0543906,02,Female,31,1995,30-44,White / Caucasian,Master's degree / Professional degree,"$168,000 or more",213202.5,06,CA,Republican,0.17897400345521847,0.5210772380250084,0.21869386355422268,0.08125489496555043,56,69,20260831,1
LP0624,2024HU0545255-01,2024HU0545255,01,Female,39,1987,30-44,White / Caucasian,Some college or Associate's degree,"$56,000 to $99,999",78895.0775,18,IN,Democrat,0.36186930852207055,0.274902880493778,0.25960355974071,0.10362425124344152,275,69,20260831,1
LP0625,2024HU0558395-01,2024HU0558395,01,Female,36,1990,30-44,White / Caucasian,Doctorate degree / Ph.D.,"$56,000 to $99,999",91372.5,13,GA,Independent,0.3605198017270752,0.29100321095107357,0.29127527547606796,0.05720171184578325,89,69,20260831,1
LP0626,2024HU0581163-02,2024HU0581163,02,Female,41,1985,30-44,White / Caucasian,Bachelor's degree,"$100,000 to $167,999",117769.0,41,OR,Democrat,0.25993129798491105,0.3937598419980443,0.2543509900132442,0.09195787000380051,75,69,20260831,1
LP0627,2024HU0623175-02,2024HU0623175,02,Female,34,1992,30-44,White / Caucasian,Some college or Associate's degree,"$100,000 to $167,999",117769.0,31,NE,Independent,0.47178680109802085,0.19989136515191136,0.28457558550234163,0.04374624824772633,126,69,20260831,1
LP0628,2024HU0648136-01,2024HU0648136,01,Female,32,1994,30-44,White / Caucasian,Bachelor's degree,"$56,000 to $99,999",81220.0,49,UT,Republican,0.4565926234654572,0.18920196866636602,0.2651178621464469,0.08908754572172992,67,69,20260831,1
LP0629,2024HU0701070-02,2024HU0701070,02,Female,38,1988,30-44,White / Caucasian,Some college or Associate's degree,"$100,000 to $167,999",131880.975,12,FL,Republican,0.41570178145694775,0.2778642668185302,0.25422180315810206,0.0522121485664199,187,69,20260831,1
LP0630,2024HU0705573-02,2024HU0705573,02,Female,41,1985,30-44,White / Caucasian,Bachelor's degree,"$168,000 or more",187821.25,16,ID,Democrat,0.43990042309301025,0.2288434783317835,0.2909316554742317,0.04032444310097458,347,69,20260831,1
LP0631,2024HU0725878-01,2024HU0725878,01,Female,42,1984,30-44,White / Caucasian,Bachelor's degree,"$100,000 to $167,999",108631.75,04,AZ,Republican,0.36658865719897515,0.2925028182700354,0.29183016689739705,0.04907835763359246,67,69,20260831,1
LP0632,2024HU0738502-01,2024HU0738502,01,Female,42,1984,30-44,White / Caucasian,Master's degree / Professional degree,"$168,000 or more",310869.55,12,FL,Democrat,0.2694331512970839,0.46221950232095305,0.2323442225147991,0.036003123867163846,226,69,20260831,1
LP0633,2024HU0765738-01,2024HU0765738,01,Female,40,1986,30-44,White / Caucasian,Bachelor's degree,"$168,000 or more",188836.5,42,PA,Other,0.29837923915938797,0.42919208944502046,0.2201163767448914,0.05231229465070029,122,69,20260831,1
LP0634,2024HU0785202-01,2024HU0785202,01,Female,43,1983,30-44,White / Caucasian,Bachelor's degree,"$100,000 to $167,999",128936.75,27,MN,Democrat,0.25543486983698627,0.4115218711529184,0.24391540945141102,0.08912784955868436,207,69,20260831,1
LP0635,2024HU0803931-02,2024HU0803931,02,Female,37,1989,30-44,White / Caucasian,Bachelor's degree,"$100,000 to $167,999",126906.25,26,MI,Other,0.27982317529738415,0.3680370373958863,0.27888450145572014,0.07325528585100946,283,69,20260831,1
LP0636,2024HU0831513-02,2024HU0831513,02,Female,32,1994,30-44,White / Caucasian,Bachelor's degree,"$100,000 to $167,999",150257.0,55,WI,Republican,0.2565459460890327,0.37704962065068093,0.2948639605335222,0.07154047272676405,392,69,20260831,1
LP0637,2024HU0838608-03,2024HU0838608,03,Female,33,1993,30-44,White / Caucasian,Master's degree / Professional degree,"$30,000 to $55,999",48356.3575,26,MI,Independent,0.199775837915538,0.4194812493286704,0.2950897459360581,0.08565316681973338,71,69,20260831,1
LP0638,2024HU1002674-01,2024HU1002674,01,Female,32,1994,30-44,White / Caucasian,Bachelor's degree,"$168,000 or more",263965.0,06,CA,Other,0.22989793169464248,0.5115079902513608,0.20694525196369273,0.051648826090303905,76,69,20260831,1
LP0639,2024HU1004622-01,2024HU1004622,01,Female,33,1993,30-44,White / Caucasian,High school diploma / GED,"$168,000 or more",635546.5,51,VA,Independent,0.4535979911097616,0.1881943565099009,0.24873411602683423,0.10947353635350325,119,69,20260831,1
LP0640,2024HU1023974-05,2024HU1023974,05,Female,32,1994,30-44,White / Caucasian,Less than high school,"$30,000 to $55,999",55534.175,41,OR,Other,0.2550022597689952,0.2415820911223421,0.25463926115983065,0.24877638794883208,102,69,20260831,1
LP0641,2024HU1024086-02,2024HU1024086,02,Female,33,1993,30-44,White / Caucasian,Some college or Associate's degree,"$100,000 to $167,999",141119.75,34,NJ,Independent,0.31519332519258303,0.33186825338995546,0.24893145906180147,0.10400696235566,98,69,20260831,1
LP0642,2024HU1048532-01,2024HU1048532,01,Female,33,1993,30-44,White / Caucasian,Some college or Associate's degree,"$56,000 to $99,999",91372.5,17,IL,Democrat,0.3303533038422772,0.33116156397611,0.2665206201727122,0.07196451200890062,218,69,20260831,1
LP0643,2024HU1125017-02,2024HU1125017,02,Female,34,1992,30-44,White / Caucasian,Bachelor's degree,"$168,000 or more",690370.0,06,CA,Democrat,0.30817309827253986,0.3629225986432367,0.21294632868174304,0.11595797440248028,75,69,20260831,1
LP0644,2024HU1218421-02,2024HU1218421,02,Female,40,1986,30-44,White / Caucasian,Master's degree / Professional degree,"$168,000 or more",263965.0,08,CO,Republican,0.16829532245087106,0.4793565672018443,0.31181374424543123,0.0405343661018534,83,69,20260831,1
LP0645,2024HU1245463-01,2024HU1245463,01,Female,38,1988,30-44,White / Caucasian,Master's degree / Professional degree,"$56,000 to $99,999",83250.5,47,TN,Independent,0.3275264531029098,0.3074220667880889,0.293282240999634,0.07176923910936726,235,69,20260831,1
LP0646,2024HU1248849-02,2024HU1248849,02,Female,41,1985,30-44,White / Caucasian,Master's degree / Professional degree,"$168,000 or more",424374.5,53,WA,Independent,0.1275568753286498,0.5454973222259453,0.21932199353185436,0.10762380891355057,47,69,20260831,1
LP0647,2024HU1272350-02,2024HU1272350,02,Female,35,1991,30-44,White / Caucasian,Bachelor's degree,"$100,000 to $167,999",147211.25,47,TN,Democrat,0.3735779238781067,0.27828800991239605,0.2706301537882487,0.07750391242124863,85,69,20260831,1
LP0648,2024HU1288417-01,2024HU1288417,01,Female,38,1988,30-44,White / Caucasian,Some college or Associate's degree,"Less than $30,000",13198.25,06,CA,Other,0.18825923812885778,0.4359285891048305,0.21189703354075823,0.16391513922555354,321,69,20260831,1
LP0649,2024HU1302387-01,2024HU1302387,01,Female,33,1993,30-44,White / Caucasian,Some college or Associate's degree,"$168,000 or more",238583.75,12,FL,Democrat,0.40119976405473984,0.2811007191896307,0.23678016517390327,0.0809193515817262,82,69,20260831,1
LP0650,2024HU1312250-01,2024HU1312250,01,Female,44,1982,30-44,White / Caucasian,Master's degree / Professional degree,"$168,000 or more",242543.225,23,ME,Republican,0.1578654450485237,0.43772289065858244,0.3172871156218914,0.08712454867100247,171,69,20260831,1
LP0651,2024HU1338139-02,2024HU1338139,02,Female,43,1983,30-44,White / Caucasian,Doctorate degree / Ph.D.,"$56,000 to $99,999",60915.0,42,PA,Democrat,0.2118446605893188,0.4885311193943906,0.24268101297556222,0.05694320704072831,109,69,20260831,1
LP0652,2024HU1340455-01,2024HU1340455,01,Female,30,1996,30-44,White / Caucasian,High school diploma / GED,"$100,000 to $167,999",167516.25,12,FL,Other,0.4712092702182837,0.2444402724110636,0.21086157819030987,0.07348887918034282,205,69,20260831,1
LP0653,2024HU1370959-01,2024HU1370959,01,Female,34,1992,30-44,White / Caucasian,Some college or Associate's degree,"$30,000 to $55,999",48325.9,06,CA,Democrat,0.27203968173309717,0.37649996674559866,0.25737904253634786,0.09408130898495627,79,69,20260831,1
LP0654,2024HU1375875-02,2024HU1375875,02,Female,39,1987,30-44,White / Caucasian,Bachelor's degree,"$168,000 or more",616256.75,05,AR,Democrat,0.4764120860972964,0.2101094328245664,0.24277180618754582,0.0707066748905914,126,69,20260831,1
LP0655,2024HU1384651-01,2024HU1384651,01,Female,38,1988,30-44,White / Caucasian,Master's degree / Professional degree,"$100,000 to $167,999",132896.225,37,NC,Independent,0.2611270996849754,0.3505895795656007,0.3318060797510038,0.05647724099842008,66,69,20260831,1
LP0656,2024HU1391938-01,2024HU1391938,01,Female,35,1991,30-44,White / Caucasian,Master's degree / Professional degree,"$168,000 or more",182745.0,13,GA,Independent,0.32132246015177646,0.3343192305523195,0.2982710439333137,0.046087265362590224,112,69,20260831,1
LP0657,2024HU1448711-01,2024HU1448711,01,Female,42,1984,30-44,White / Caucasian,Bachelor's degree,"$168,000 or more",375642.5,55,WI,Republican,0.22737078822579448,0.3816180046433348,0.26306582142755974,0.12794538570331096,183,69,20260831,1
LP0658,2024HU1455543-02,2024HU1455543,02,Female,41,1985,30-44,White / Caucasian,Bachelor's degree,"$56,000 to $99,999",61930.25,26,MI,Independent,0.2658351237632437,0.3607550174130155,0.301977614591314,0.0714322442324266,129,69,20260831,1
LP0659,2024HU0120917-01,2024HU0120917,01,Female,35,1991,30-44,Black / African American,Master's degree / Professional degree,"$56,000 to $99,999",81220.0,34,NJ,Democrat,0.034344240678415426,0.7199119643507895,0.17263708240622463,0.07310671256457041,180,18,20260831,1
LP0660,2024HU0171246-02,2024HU0171246,02,Female,35,1991,30-44,Black / African American,Some college or Associate's degree,"$56,000 to $99,999",79189.5,42,PA,Independent,0.04692924182342637,0.7028288129953925,0.16789421827613535,0.08234772690504572,467,18,20260831,1
LP0661,2024HU0217861-01,2024HU0217861,01,Female,40,1986,30-44,Black / African American,Master's degree / Professional degree,"$100,000 to $167,999",162440.0,36,NY,Democrat,0.020397559514534203,0.7957000998348088,0.13839624192137978,0.045506098729277335,622,18,20260831,1
LP0662,2024HU0424036-01,2024HU0424036,01,Female,43,1983,30-44,Black / African American,Less than high school,"Less than $30,000",16183.085,47,TN,Independent,0.053073126646555266,0.43073018099668425,0.22859702535615578,0.2875996670006048,282,18,20260831,1
LP0663,2024HU0431438-02,2024HU0431438,02,Female,31,1995,30-44,Black / African American,Some college or Associate's degree,"$56,000 to $99,999",81220.0,42,PA,Democrat,0.06483114096930194,0.6719962772847787,0.20445429731481404,0.05871828443110541,912,18,20260831,1
LP0664,2024HU0438846-01,2024HU0438846,01,Female,35,1991,30-44,Black / African American,Master's degree / Professional degree,"$30,000 to $55,999",55838.75,42,PA,Democrat,0.0286497206825328,0.763865899103939,0.1460850853755719,0.06139929483795627,239,18,20260831,1
LP0665,2024HU0466609-02,2024HU0466609,02,Female,42,1984,30-44,Black / African American,Less than high school,"$100,000 to $167,999",109443.95,12,FL,Democrat,0.09613541157653693,0.49579106117649496,0.25942151884071446,0.1486520084062537,208,18,20260831,1
LP0666,2024HU0486072-01,2024HU0486072,01,Female,35,1991,30-44,Black / African American,Some college or Associate's degree,"$30,000 to $55,999",52996.05,01,AL,Democrat,0.09436388539989198,0.5128605129497023,0.2718325839343466,0.1209430177160591,101,18,20260831,1
LP0667,2024HU0498598-02,2024HU0498598,02,Female,41,1985,30-44,Black / African American,Some college or Associate's degree,"$56,000 to $99,999",96448.75,28,MS,Independent,0.12727910844864693,0.5511600534131953,0.2222806922644035,0.09928014587375425,175,18,20260831,1
LP0668,2024HU0606727-02,2024HU0606727,02,Female,35,1991,30-44,Black / African American,Less than high school,"Less than $30,000",29442.25,45,SC,Independent,0.08050989972180722,0.43295269241463996,0.2621576685316457,0.2243797393319072,517,18,20260831,1
LP0669,2024HU0662867-01,2024HU0662867,01,Female,30,1996,30-44,Black / African American,High school diploma / GED,"$30,000 to $55,999",35533.75,48,TX,Democrat,0.08813848999850439,0.4781126620847816,0.21892802460495198,0.21482082331176203,603,18,20260831,1
LP0670,2024HU0669088-01,2024HU0669088,01,Female,31,1995,30-44,Black / African American,Master's degree / Professional degree,"$168,000 or more",175638.25,39,OH,Democrat,0.03745157983886969,0.6851368358373116,0.2221609102779609,0.0552506740458579,93,18,20260831,1
LP0671,2024HU0689736-01,2024HU0689736,01,Female,40,1986,30-44,Black / African American,High school diploma / GED,"$168,000 or more",749254.5,36,NY,Democrat,0.06656546430780123,0.5781385474618844,0.1695879428034297,0.1857080454268847,258,18,20260831,1
LP0672,2024HU0770654-06,2024HU0770654,06,Female,39,1987,30-44,Black / African American,High school diploma / GED,"$100,000 to $167,999",106601.25,12,FL,Independent,0.10698875059827755,0.5689524829261653,0.2171829745899947,0.10687579188556239,222,18,20260831,1
LP0673,2024HU0923329-01,2024HU0923329,01,Female,43,1983,30-44,Black / African American,High school diploma / GED,"Less than $30,000",0.0,39,OH,Democrat,0.056071889674146905,0.44605320931659526,0.2389880307356702,0.2588868702735876,66,18,20260831,1
LP0674,2024HU0993956-02,2024HU0993956,02,Female,32,1994,30-44,Black / African American,Bachelor's degree,"$168,000 or more",178379.425,36,NY,Democrat,0.030957935587508294,0.7602037164515504,0.15100513118335926,0.05783321677758213,394,18,20260831,1
LP0675,2024HU1125766-02,2024HU1125766,02,Female,30,1996,30-44,Black / African American,Less than high school,"$30,000 to $55,999",36000.765,48,TX,Other,0.07498852195952262,0.3944907775006751,0.24760846784292942,0.2829122326968728,247,18,20260831,1
LP0676,2024HU1401087-01,2024HU1401087,01,Female,41,1985,30-44,Black / African American,Master's degree / Professional degree,"$100,000 to $167,999",136043.5,24,MD,Democrat,0.01779579541635369,0.7552431569084163,0.18336411723758145,0.04359693043764855,361,18,20260831,1
LP0677,2024HU0009014-02,2024HU0009014,02,Female,44,1982,30-44,Hispanic / Latino,Some college or Associate's degree,"$168,000 or more",172897.075,32,NV,Independent,0.21369163942361472,0.4834752161308335,0.2222861164201208,0.08054702802543093,337,27,20260831,1
LP0678,2024HU0024244-01,2024HU0024244,01,Female,30,1996,30-44,Hispanic / Latino,Master's degree / Professional degree,"$100,000 to $167,999",162440.0,06,CA,Democrat,0.10056193399448875,0.6364256036823852,0.18977756606576368,0.07323489625736233,383,27,20260831,1
LP0679,2024HU0163707-02,2024HU0163707,02,Female,43,1983,30-44,Hispanic / Latino,High school diploma / GED,"$100,000 to $167,999",116753.75,06,CA,Republican,0.22793599163056874,0.4237840024713747,0.19572158561389083,0.1525584202841657,139,27,20260831,1
LP0680,2024HU0176708-02,2024HU0176708,02,Female,34,1992,30-44,Hispanic / Latino,Some college or Associate's degree,"$168,000 or more",421328.75,06,CA,Independent,0.151187117084625,0.5133706894741294,0.2018988844385933,0.13354330900265213,271,27,20260831,1
LP0681,2024HU0295556-02,2024HU0295556,02,Female,30,1996,30-44,Hispanic / Latino,High school diploma / GED,"$30,000 to $55,999",52589.95,17,IL,Democrat,0.20208408798550523,0.3924643437335167,0.19434194861039397,0.21110961967058414,112,27,20260831,1
LP0682,2024HU0410768-01,2024HU0410768,01,Female,38,1988,30-44,Hispanic / Latino,Master's degree / Professional degree,"$100,000 to $167,999",143454.825,32,NV,Democrat,0.13432564726823729,0.5995278788500148,0.1951489735248663,0.07099750035688161,222,27,20260831,1
LP0683,2024HU0450638-01,2024HU0450638,01,Female,41,1985,30-44,Hispanic / Latino,Less than high school,"$30,000 to $55,999",37056.625,48,TX,Other,0.24309628481905532,0.21701053748672788,0.23384131653345033,0.3060518611607664,186,27,20260831,1
LP0684,2024HU0459711-01,2024HU0459711,01,Female,44,1982,30-44,Hispanic / Latino,Less than high school,"$30,000 to $55,999",48732.0,34,NJ,Republican,0.1877485157490563,0.29265907162747534,0.22078204044230426,0.29881037218116413,317,27,20260831,1
LP0685,2024HU0591387-02,2024HU0591387,02,Female,30,1996,30-44,Hispanic / Latino,Bachelor's degree,"$30,000 to $55,999",42640.5,17,IL,Democrat,0.14158235183477505,0.5088147258500171,0.20495656590087877,0.14464635641432913,66,27,20260831,1
LP0686,2024HU0647000-02,2024HU0647000,02,Female,36,1990,30-44,Hispanic / Latino,Master's degree / Professional degree,"$168,000 or more",365490.0,36,NY,Democrat,0.08297722152244308,0.6272654531206983,0.16510127390021165,0.12465605145664713,243,27,20260831,1
LP0687,2024HU0682397-02,2024HU0682397,02,Female,43,1983,30-44,Hispanic / Latino,High school diploma / GED,"$30,000 to $55,999",45686.25,26,MI,Republican,0.22029412711977422,0.3483900959518704,0.23989624068353504,0.19141953624482036,580,27,20260831,1
LP0688,2024HU0756504-01,2024HU0756504,01,Female,30,1996,30-44,Hispanic / Latino,High school diploma / GED,"$56,000 to $99,999",85281.0,48,TX,Independent,0.3792258115158021,0.26265199110609005,0.21962131738061552,0.13850087999749225,357,27,20260831,1
LP0689,2024HU0821596-02,2024HU0821596,02,Female,33,1993,30-44,Hispanic / Latino,High school diploma / GED,"Less than $30,000",2030.5,48,TX,Democrat,0.24129475530876443,0.26265208065364815,0.2289705453251844,0.267082618712403,135,27,20260831,1
LP0690,2024HU0846029-02,2024HU0846029,02,Female,42,1984,30-44,Hispanic / Latino,High school diploma / GED,"Less than $30,000",27411.75,48,TX,Other,0.29756053885203143,0.2794947423164812,0.21266076854660707,0.21028395028488026,118,27,20260831,1
LP0691,2024HU0862163-02,2024HU0862163,02,Female,36,1990,30-44,Hispanic / Latino,Bachelor's degree,"$168,000 or more",182836.3725,12,FL,Democrat,0.23971066861856904,0.4635054567343628,0.22397848975893622,0.07280538488813204,181,27,20260831,1
LP0692,2024HU0928520-02,2024HU0928520,02,Female,39,1987,30-44,Hispanic / Latino,Master's degree / Professional degree,"$56,000 to $99,999",97464.0,26,MI,Independent,0.144869267897399,0.5070105563907386,0.26115413104211005,0.08696604466975248,165,27,20260831,1
LP0693,2024HU0936824-02,2024HU0936824,02,Female,30,1996,30-44,Hispanic / Latino,High school diploma / GED,"$100,000 to $167,999",156348.5,17,IL,Independent,0.2124260058111129,0.44002002399107304,0.2065047590701596,0.1410492111276544,104,27,20260831,1
LP0694,2024HU1112267-02,2024HU1112267,02,Female,43,1983,30-44,Hispanic / Latino,Less than high school,"$30,000 to $55,999",34112.4,48,TX,Independent,0.24309628481905532,0.21701053748672788,0.23384131653345033,0.3060518611607664,44,27,20260831,1
LP0695,2024HU1122041-02,2024HU1122041,02,Female,32,1994,30-44,Hispanic / Latino,Bachelor's degree,"$56,000 to $99,999",85281.0,48,TX,Independent,0.2961700089265085,0.3620553052546121,0.24474705333657623,0.0970276324823032,157,27,20260831,1
LP0696,2024HU1146154-02,2024HU1146154,02,Female,38,1988,30-44,Hispanic / Latino,High school diploma / GED,"$56,000 to $99,999",60915.0,48,TX,Independent,0.3259829659260904,0.29370255843459525,0.24214481293183604,0.13816966270747824,78,27,20260831,1
LP0697,2024HU1146690-07,2024HU1146690,07,Female,30,1996,30-44,Hispanic / Latino,Less than high school,"$168,000 or more",212958.84,35,NM,Other,0.1479746642025562,0.3421864049431622,0.25712244060641004,0.2527164902478716,958,27,20260831,1
LP0698,2024HU1268180-02,2024HU1268180,02,Female,34,1992,30-44,Hispanic / Latino,Bachelor's degree,"$168,000 or more",169546.75,53,WA,Democrat,0.11716212352727863,0.5832563376297333,0.21052393651245227,0.0890576023305359,198,27,20260831,1
LP0699,2024HU1279427-02,2024HU1279427,02,Female,39,1987,30-44,Hispanic / Latino,Less than high school,"$100,000 to $167,999",111677.5,35,NM,Other,0.17067190196531426,0.33462904127548,0.2826730832889899,0.2120259734702157,311,27,20260831,1
LP0700,2024HU1330430-01,2024HU1330430,01,Female,32,1994,30-44,Hispanic / Latino,High school diploma / GED,"$56,000 to $99,999",91372.5,48,TX,Democrat,0.3792258115158021,0.26265199110609005,0.21962131738061552,0.13850087999749225,309,27,20260831,1
LP0701,2024HU1353813-01,2024HU1353813,01,Female,42,1984,30-44,Hispanic / Latino,High school diploma / GED,"$30,000 to $55,999",30457.5,53,WA,Other,0.13577465433600783,0.39484856361832765,0.18593837303707214,0.28343840900859224,293,27,20260831,1
LP0702,2024HU1357854-01,2024HU1357854,01,Female,40,1986,30-44,Hispanic / Latino,Some college or Associate's degree,"$100,000 to $167,999",121830.0,06,CA,Republican,0.16186583063562013,0.4967957820873989,0.20982480671114603,0.13151358056583495,79,27,20260831,1
LP0703,2024HU1395501-02,2024HU1395501,02,Female,44,1982,30-44,Hispanic / Latino,Master's degree / Professional degree,"$168,000 or more",177668.75,08,CO,Democrat,0.10475336417517012,0.5342420595944715,0.29252006772653016,0.0684845085038284,147,27,20260831,1
LP0704,2024HU0136547-02,2024HU0136547,02,Female,40,1986,30-44,Asian / Asian American,Bachelor's degree,"$100,000 to $167,999",116956.8,17,IL,Democrat,0.15260388924213386,0.48849940008492176,0.2700364375092026,0.08886027316374177,317,11,20260831,1
LP0705,2024HU0145831-02,2024HU0145831,02,Female,32,1994,30-44,Asian / Asian American,Bachelor's degree,"$168,000 or more",385795.0,34,NJ,Independent,0.1369739780869732,0.4798704562359781,0.2355736379622635,0.14758192771478526,212,11,20260831,1
LP0706,2024HU0309701-02,2024HU0309701,02,Female,35,1991,30-44,Asian / Asian American,Bachelor's degree,"$168,000 or more",282239.5,06,CA,Republican,0.11991505482157902,0.5988931949690882,0.223112298719191,0.058079451490141744,97,11,20260831,1
LP0707,2024HU0401793-04,2024HU0401793,04,Female,44,1982,30-44,Asian / Asian American,High school diploma / GED,"$168,000 or more",440618.5,25,MA,Democrat,0.09227616717620224,0.37902112011384964,0.30742741832832066,0.22127529438162738,283,11,20260831,1
LP0708,2024HU0478183-02,2024HU0478183,02,Female,42,1984,30-44,Asian / Asian American,Bachelor's degree,"$56,000 to $99,999",96448.75,48,TX,Democrat,0.2637157742506453,0.3426657746848743,0.30782675755554423,0.0857916935089362,154,11,20260831,1
LP0709,2024HU0530261-02,2024HU0530261,02,Female,38,1988,30-44,Asian / Asian American,Less than high school,"$30,000 to $55,999",47006.075,36,NY,Other,0.13935627130701625,0.33335493868275884,0.2719430857107894,0.2553457042994354,191,11,20260831,1
LP0710,2024HU0669743-02,2024HU0669743,02,Female,42,1984,30-44,Asian / Asian American,Master's degree / Professional degree,"$168,000 or more",221933.65,36,NY,Democrat,0.08709507959069449,0.5953628029262533,0.23039694807192335,0.08714516941112874,78,11,20260831,1
LP0711,2024HU0846583-02,2024HU0846583,02,Female,32,1994,30-44,Asian / Asian American,Some college or Associate's degree,"$30,000 to $55,999",47716.75,13,GA,Independent,0.2490311732409005,0.2834585310023781,0.3496935340372395,0.11781676171948181,169,11,20260831,1
LP0712,2024HU0957301-02,2024HU0957301,02,Female,31,1995,30-44,Asian / Asian American,Master's degree / Professional degree,"$100,000 to $167,999",129850.475,25,MA,Democrat,0.052936316501294524,0.5221763592548813,0.3406011996090353,0.08428612463478886,265,11,20260831,1
LP0713,2024HU1135150-03,2024HU1135150,03,Female,32,1994,30-44,Asian / Asian American,Master's degree / Professional degree,"$56,000 to $99,999",68427.85,06,CA,Democrat,0.08552063835300949,0.5805827676255797,0.254497900274632,0.07939869374677887,151,11,20260831,1
LP0714,2024HU1244439-02,2024HU1244439,02,Female,34,1992,30-44,Asian / Asian American,Doctorate degree / Ph.D.,"$168,000 or more",446710.0,06,CA,Democrat,0.07797469629058904,0.5990034716424122,0.20923389249590604,0.11378793957109277,69,11,20260831,1
LP0715,2024HU0246711-02,2024HU0246711,02,Female,33,1993,30-44,Other,Less than high school,"$30,000 to $55,999",44671.0,06,CA,Democrat,0.15499550882674812,0.20585325397951537,0.30450259991918044,0.33464863727455607,114,4,20260831,1
LP0716,2024HU0774734-02,2024HU0774734,02,Female,36,1990,30-44,Other,High school diploma / GED,"Less than $30,000",20305.0,27,MN,Other,0.17831399813039583,0.22822277209701006,0.2852036076422888,0.30825962213030533,959,4,20260831,1
LP0717,2024HU1043092-01,2024HU1043092,01,Female,37,1989,30-44,Other,Some college or Associate's degree,"Less than $30,000",15228.75,48,TX,Democrat,0.19964919924094307,0.2383666195745474,0.3427520205994878,0.21923216058502185,53,4,20260831,1
LP0718,2024HU1375916-02,2024HU1375916,02,Female,34,1992,30-44,Other,Doctorate degree / Ph.D.,"$30,000 to $55,999",38579.5,27,MN,Democrat,0.10139278013479748,0.35659198692326277,0.32591076893415794,0.21610446400778174,300,4,20260831,1
LP0719,2024HU0037151-01,2024HU0037151,01,Female,52,1974,45-59,White / Caucasian,Some college or Associate's degree,"Less than $30,000",0.0,36,NY,Democrat,0.27877382931720635,0.3401881103411552,0.2710904279093814,0.10994763243225687,225,67,20260831,1
LP0720,2024HU0085798-01,2024HU0085798,01,Female,51,1975,45-59,White / Caucasian,Some college or Associate's degree,"$100,000 to $167,999",142135.0,47,TN,Independent,0.49204000567502015,0.19620155122447708,0.24969556512777288,0.06206287797272975,55,67,20260831,1
LP0721,2024HU0108796-02,2024HU0108796,02,Female,47,1979,45-59,White / Caucasian,Some college or Associate's degree,"$168,000 or more",201019.5,04,AZ,Independent,0.4544007528930899,0.22890358376143002,0.26584948754636406,0.05084617579911594,111,67,20260831,1
LP0722,2024HU0163595-04,2024HU0163595,04,Female,49,1977,45-59,White / Caucasian,High school diploma / GED,"$100,000 to $167,999",160409.5,12,FL,Independent,0.567247326229506,0.19997902444003246,0.18228091732831617,0.05049273200214534,76,67,20260831,1
LP0723,2024HU0186251-02,2024HU0186251,02,Female,56,1970,45-59,White / Caucasian,Bachelor's degree,"$168,000 or more",197973.75,06,CA,Democrat,0.321737191066951,0.41247498324226767,0.21420802417942147,0.051579801511359796,106,67,20260831,1
LP0724,2024HU0188716-01,2024HU0188716,01,Female,46,1980,45-59,White / Caucasian,Some college or Associate's degree,"$168,000 or more",187821.25,12,FL,Republican,0.4944448867097243,0.24233524570208467,0.22116517387191084,0.04205469371628007,65,67,20260831,1
LP0725,2024HU0198608-01,2024HU0198608,01,Female,57,1969,45-59,White / Caucasian,Master's degree / Professional degree,"$168,000 or more",240614.25,42,PA,Independent,0.2968571170147159,0.44787052659496535,0.20725911328014676,0.04801324311017194,572,67,20260831,1
LP0726,2024HU0221002-01,2024HU0221002,01,Female,50,1976,45-59,White / Caucasian,High school diploma / GED,"$30,000 to $55,999",53808.25,05,AR,Republican,0.5860508885299082,0.14946085773818882,0.199490448659202,0.06499780507270106,275,67,20260831,1
LP0727,2024HU0265231-02,2024HU0265231,02,Female,59,1967,45-59,White / Caucasian,Bachelor's degree,"$100,000 to $167,999",135028.25,16,ID,Republican,0.5329341657143376,0.18428797726361773,0.24790297689559052,0.03487488012645411,104,67,20260831,1
LP0728,2024HU0285567-02,2024HU0285567,02,Female,45,1981,45-59,White / Caucasian,Some college or Associate's degree,"$100,000 to $167,999",163942.57,48,TX,Republican,0.5162992916255456,0.20621402035917036,0.23466771127519484,0.04281897674008908,163,67,20260831,1
LP0729,2024HU0297241-04,2024HU0297241,04,Female,46,1980,45-59,White / Caucasian,High school diploma / GED,"$56,000 to $99,999",77971.2,12,FL,Independent,0.5491334855074138,0.20562696528997382,0.17464715173993758,0.07059239746267482,143,67,20260831,1
LP0730,2024HU0303652-01,2024HU0303652,01,Female,47,1979,45-59,White / Caucasian,Bachelor's degree,"$56,000 to $99,999",93707.575,44,RI,Independent,0.21910298288994223,0.36652296842045917,0.32731132822593156,0.08706272046366709,76,67,20260831,1
LP0731,2024HU0331658-02,2024HU0331658,02,Female,47,1979,45-59,White / Caucasian,High school diploma / GED,"$56,000 to $99,999",63960.75,19,IA,Democrat,0.4703577847479502,0.1749262647466001,0.25011601660084365,0.104599933904606,155,67,20260831,1
LP0732,2024HU0407987-01,2024HU0407987,01,Female,59,1967,45-59,White / Caucasian,Some college or Associate's degree,"$30,000 to $55,999",42437.45,48,TX,Republican,0.49771328394203956,0.19540274299931368,0.23608129694570168,0.07080267611294494,242,67,20260831,1
LP0733,2024HU0429011-01,2024HU0429011,01,Female,48,1978,45-59,White / Caucasian,High school diploma / GED,"$56,000 to $99,999",59493.65,05,AR,Republican,0.5860508885299082,0.14946085773818882,0.199490448659202,0.06499780507270106,51,67,20260831,1
LP0734,2024HU0430697-01,2024HU0430697,01,Female,50,1976,45-59,White / Caucasian,Bachelor's degree,"$168,000 or more",647526.45,34,NJ,Other,0.45216799182176765,0.26217764733652293,0.20003086934879943,0.08562349149290994,112,67,20260831,1
LP0735,2024HU0432385-01,2024HU0432385,01,Female,53,1973,45-59,White / Caucasian,Master's degree / Professional degree,"$100,000 to $167,999",132997.75,17,IL,Democrat,0.2506599000579909,0.45824275745386867,0.2324713611451296,0.05862598134301105,90,67,20260831,1
LP0736,2024HU0472764-02,2024HU0472764,02,Female,50,1976,45-59,White / Caucasian,Master's degree / Professional degree,"Less than $30,000",12183.0,45,SC,Democrat,0.3036755990271075,0.38190913422487327,0.24455987572294494,0.06985539102507425,97,67,20260831,1
LP0737,2024HU0481197-02,2024HU0481197,02,Female,56,1970,45-59,White / Caucasian,Some college or Associate's degree,"$168,000 or more",183151.1,17,IL,Independent,0.3626389451341871,0.3360635682142214,0.24081110865055333,0.060486378001038184,53,67,20260831,1
LP0738,2024HU0485740-01,2024HU0485740,01,Female,56,1970,45-59,White / Caucasian,Bachelor's degree,"$30,000 to $55,999",53808.25,31,NE,Independent,0.5045747076997095,0.20994840101511128,0.24541633178548986,0.04006055949968941,83,67,20260831,1
LP0739,2024HU0522161-01,2024HU0522161,01,Female,48,1978,45-59,White / Caucasian,Master's degree / Professional degree,"$100,000 to $167,999",131982.5,20,KS,Democrat,0.34650130080163993,0.34448984642584485,0.25881709942161385,0.05019175335090131,82,67,20260831,1
LP0740,2024HU0533932-04,2024HU0533932,04,Female,58,1968,45-59,White / Caucasian,High school diploma / GED,"$100,000 to $167,999",140510.6,29,MO,Democrat,0.572737168864776,0.1960985480688739,0.17590935750124226,0.05525492556510788,470,67,20260831,1
LP0741,2024HU0543130-02,2024HU0543130,02,Female,57,1969,45-59,White / Caucasian,Bachelor's degree,"$168,000 or more",712705.5,51,VA,Democrat,0.4580605631870279,0.22796200074832884,0.2573783713587688,0.056599064705874315,449,67,20260831,1
LP0742,2024HU0590665-01,2024HU0590665,01,Female,59,1967,45-59,White / Caucasian,Bachelor's degree,"$168,000 or more",269041.25,24,MD,Democrat,0.25484525387478657,0.44830805934992063,0.26751832309931667,0.029328363675976053,480,67,20260831,1
LP0743,2024HU0602752-02,2024HU0602752,02,Female,49,1977,45-59,White / Caucasian,High school diploma / GED,"$100,000 to $167,999",144571.6,36,NY,Republican,0.408116085980966,0.3032723898665122,0.19534932301770894,0.09326220113481289,69,67,20260831,1
LP0744,2024HU0605208-02,2024HU0605208,02,Female,45,1981,45-59,White / Caucasian,Master's degree / Professional degree,"$100,000 to $167,999",158379.0,19,IA,Democrat,0.31602951697373044,0.32654284574024206,0.2987850288729093,0.05864260841311825,88,67,20260831,1
LP0745,2024HU0623420-01,2024HU0623420,01,Female,56,1970,45-59,White / Caucasian,Bachelor's degree,"$56,000 to $99,999",57869.25,47,TN,Democrat,0.46304133194546193,0.2247000711792,0.2432906696239383,0.06896792725139973,59,67,20260831,1
LP0746,2024HU0630009-01,2024HU0630009,01,Female,58,1968,45-59,White / Caucasian,High school diploma / GED,"$100,000 to $167,999",122845.25,45,SC,Republican,0.5906182232503299,0.16626425620662533,0.18860514028638134,0.05451238025666359,81,67,20260831,1
LP0747,2024HU0665669-01,2024HU0665669,01,Female,55,1971,45-59,White / Caucasian,Master's degree / Professional degree,"$56,000 to $99,999",82032.2,39,OH,Other,0.37646342056893195,0.29176575073674327,0.2778731544710464,0.05389767422327837,155,67,20260831,1
LP0748,2024HU0667458-02,2024HU0667458,02,Female,55,1971,45-59,White / Caucasian,High school diploma / GED,"Less than $30,000",16244.0,26,MI,Republican,0.35314588835504446,0.2849429305527611,0.22505187952181555,0.13685930157037884,482,67,20260831,1
LP0749,2024HU0683582-01,2024HU0683582,01,Female,46,1980,45-59,White / Caucasian,Bachelor's degree,"$56,000 to $99,999",57869.25,19,IA,Republican,0.39577827287617234,0.24135405386742867,0.26611466691375824,0.09675300634264071,164,67,20260831,1
LP0750,2024HU0690029-01,2024HU0690029,01,Female,54,1972,45-59,White / Caucasian,Some college or Associate's degree,"$168,000 or more",224370.25,37,NC,Democrat,0.45713687099046657,0.20541788710221326,0.28297766927670825,0.054467572630612096,90,67,20260831,1
LP0751,2024HU0695353-01,2024HU0695353,01,Female,50,1976,45-59,White / Caucasian,Master's degree / Professional degree,"$56,000 to $99,999",93910.625,48,TX,Independent,0.43632015030875004,0.27267658351346674,0.246126076634346,0.04487718954343708,52,67,20260831,1
LP0752,2024HU0784813-01,2024HU0784813,01,Female,45,1981,45-59,White / Caucasian,Less than high school,"$30,000 to $55,999",39188.65,53,WA,Democrat,0.2739379024048848,0.24862049854348395,0.24472987199561175,0.23271172705601942,53,67,20260831,1
LP0753,2024HU0816835-01,2024HU0816835,01,Female,55,1971,45-59,White / Caucasian,Some college or Associate's degree,"$30,000 to $55,999",37462.725,55,WI,Democrat,0.32211884673842206,0.2612936600103986,0.28204861483007765,0.13453887842110163,115,67,20260831,1
LP0754,2024HU0910119-01,2024HU0910119,01,Female,59,1967,45-59,White / Caucasian,Less than high school,"$30,000 to $55,999",30660.55,13,GA,Republican,0.4928335592102682,0.12427318863149522,0.23927650103602247,0.1436167511222141,209,67,20260831,1
LP0755,2024HU0935323-03,2024HU0935323,03,Female,51,1975,45-59,White / Caucasian,Bachelor's degree,"$100,000 to $167,999",122195.49,06,CA,Democrat,0.32189680893817163,0.403644690181283,0.20991216114098188,0.0645463397395635,28,67,20260831,1
LP0756,2024HU0938561-01,2024HU0938561,01,Female,45,1981,45-59,White / Caucasian,Some college or Associate's degree,"$56,000 to $99,999",91372.5,26,MI,Republican,0.43111070910574995,0.24073960599319855,0.2674625449554521,0.0606871399455995,219,67,20260831,1
LP0757,2024HU0960754-02,2024HU0960754,02,Female,56,1970,45-59,White / Caucasian,Some college or Associate's degree,"Less than $30,000",24873.625,41,OR,Republican,0.30133099847149003,0.3120954279413762,0.2456593503337044,0.14091422325342945,129,67,20260831,1
LP0758,2024HU0980418-02,2024HU0980418,02,Female,53,1973,45-59,White / Caucasian,Some college or Associate's degree,"$100,000 to $167,999",166501.0,51,VA,Independent,0.4062370153499681,0.25508136476736987,0.29876716569185124,0.039914454190810814,160,67,20260831,1
LP0759,2024HU0982968-02,2024HU0982968,02,Female,49,1977,45-59,White / Caucasian,Bachelor's degree,"$100,000 to $167,999",100509.75,04,AZ,Republican,0.45655318833625924,0.24756854630211544,0.2609922801672197,0.034885985194405576,63,67,20260831,1
LP0760,2024HU0994833-01,2024HU0994833,01,Female,49,1977,45-59,White / Caucasian,Doctorate degree / Ph.D.,"$100,000 to $167,999",142135.0,48,TX,Democrat,0.3938547622603331,0.3103248235964442,0.25001751338456046,0.0458029007586622,394,67,20260831,1
LP0761,2024HU1048571-01,2024HU1048571,01,Female,50,1976,45-59,White / Caucasian,Master's degree / Professional degree,"$56,000 to $99,999",83250.5,48,TX,Democrat,0.43632015030875004,0.27267658351346674,0.246126076634346,0.04487718954343708,92,67,20260831,1
LP0762,2024HU1059995-01,2024HU1059995,01,Female,51,1975,45-59,White / Caucasian,Bachelor's degree,"$100,000 to $167,999",162440.0,12,FL,Democrat,0.46282911412257355,0.2879941641415569,0.21222141638165098,0.03695530535421877,102,67,20260831,1
LP0763,2024HU1074903-02,2024HU1074903,02,Female,50,1976,45-59,White / Caucasian,Some college or Associate's degree,"$56,000 to $99,999",95535.025,12,FL,Independent,0.5365854413565236,0.20402620939370703,0.20890181999104332,0.05048652925872605,85,67,20260831,1
LP0764,2024HU1121152-02,2024HU1121152,02,Female,59,1967,45-59,White / Caucasian,Master's degree / Professional degree,"$168,000 or more",224370.25,36,NY,Independent,0.2350989629790028,0.48655678733717855,0.2160675454703339,0.06227670421348468,230,67,20260831,1
LP0765,2024HU1121699-01,2024HU1121699,01,Female,58,1968,45-59,White / Caucasian,Some college or Associate's degree,"$56,000 to $99,999",57260.1,39,OH,Republican,0.4475533599216419,0.20784221650000614,0.2633177477405206,0.08128667583783142,50,67,20260831,1
LP0766,2024HU1122332-01,2024HU1122332,01,Female,46,1980,45-59,White / Caucasian,Some college or Associate's degree,"$100,000 to $167,999",146196.0,05,AR,Independent,0.5326207633395423,0.18668042689058667,0.2504609944490997,0.030237815320771338,115,67,20260831,1
LP0767,2024HU1149792-02,2024HU1149792,02,Female,58,1968,45-59,White / Caucasian,Some college or Associate's degree,"$168,000 or more",172592.5,17,IL,Republican,0.3626389451341871,0.3360635682142214,0.24081110865055333,0.060486378001038184,324,67,20260831,1
LP0768,2024HU1166802-01,2024HU1166802,01,Female,55,1971,45-59,White / Caucasian,Master's degree / Professional degree,"$168,000 or more",211172.0,48,TX,Independent,0.3964272608554067,0.3102511159255731,0.24343459870201506,0.049887024517005246,260,67,20260831,1
LP0769,2024HU1179150-01,2024HU1179150,01,Female,48,1978,45-59,White / Caucasian,Master's degree / Professional degree,"$168,000 or more",272087.0,06,CA,Democrat,0.2245002450376207,0.5392627718386246,0.20185927947533072,0.034377703648423956,70,67,20260831,1
LP0770,2024HU1181213-03,2024HU1181213,03,Female,45,1981,45-59,White / Caucasian,Master's degree / Professional degree,"$100,000 to $167,999",117565.95,36,NY,Democrat,0.2615457757586212,0.4589408807975812,0.22911648826452238,0.050396855179275085,162,67,20260831,1
LP0771,2024HU1204398-01,2024HU1204398,01,Female,45,1981,45-59,White / Caucasian,Master's degree / Professional degree,"$100,000 to $167,999",105586.0,39,OH,Republican,0.3681623242536192,0.3029593423386751,0.2819677199588648,0.04691061344884081,64,67,20260831,1
LP0772,2024HU1213999-01,2024HU1213999,01,Female,50,1976,45-59,White / Caucasian,Some college or Associate's degree,"$168,000 or more",230461.75,20,KS,Independent,0.4681279285269896,0.22920706591770537,0.23721439866276978,0.06545060689253528,102,67,20260831,1
LP0773,2024HU1231845-01,2024HU1231845,01,Female,57,1969,45-59,White / Caucasian,High school diploma / GED,"$100,000 to $167,999",149241.75,12,FL,Republican,0.5646839016382581,0.19471688777843765,0.17772994799804598,0.06286926258525828,109,67,20260831,1
LP0774,2024HU1245160-01,2024HU1245160,01,Female,57,1969,45-59,White / Caucasian,Some college or Associate's degree,"$56,000 to $99,999",84265.75,25,MA,Republican,0.25640534019194505,0.30114102543356003,0.3571882876372454,0.08526534673724954,58,67,20260831,1
LP0775,2024HU1265482-01,2024HU1265482,01,Female,59,1967,45-59,White / Caucasian,Master's degree / Professional degree,"$100,000 to $167,999",135525.7225,08,CO,Republican,0.24024165449367219,0.3856560604486762,0.32245717497197757,0.05164511008567411,96,67,20260831,1
LP0776,2024HU1275147-02,2024HU1275147,02,Female,46,1980,45-59,White / Caucasian,Bachelor's degree,"$168,000 or more",279955.1875,17,IL,Democrat,0.3150780517671224,0.4372235356194803,0.20823847150044153,0.03945994111295567,70,67,20260831,1
LP0777,2024HU1289394-03,2024HU1289394,03,Female,49,1977,45-59,White / Caucasian,High school diploma / GED,"$56,000 to $99,999",68021.75,36,NY,Other,0.39264121638697347,0.30104902119843363,0.21421297507967133,0.09209678733492169,81,67,20260831,1
LP0778,2024HU1331769-02,2024HU1331769,02,Female,57,1969,45-59,White / Caucasian,Bachelor's degree,"$56,000 to $99,999",85281.0,40,OK,Republican,0.5479995688576028,0.19368519629284106,0.19841762424112044,0.05989761060843573,156,67,20260831,1
LP0779,2024HU1337464-02,2024HU1337464,02,Female,47,1979,45-59,White / Caucasian,Some college or Associate's degree,"$100,000 to $167,999",146196.0,55,WI,Republican,0.3609900723404152,0.27778165817046996,0.28467785811654844,0.07655041137256634,57,67,20260831,1
LP0780,2024HU1389980-02,2024HU1389980,02,Female,52,1974,45-59,White / Caucasian,High school diploma / GED,"$56,000 to $99,999",98479.25,45,SC,Republican,0.6294527982666183,0.14054563989748842,0.17861909268082443,0.05138246915506895,98,67,20260831,1
LP0781,2024HU1393395-01,2024HU1393395,01,Female,58,1968,45-59,White / Caucasian,Bachelor's degree,"$168,000 or more",367825.075,06,CA,Other,0.2892041639764281,0.4234106003014606,0.1938260887098662,0.09355914701224502,53,67,20260831,1
LP0782,2024HU1404569-01,2024HU1404569,01,Female,58,1968,45-59,White / Caucasian,Some college or Associate's degree,"Less than $30,000",6599.125,29,MO,Independent,0.40601714472793227,0.2409142008456498,0.2527442076668953,0.10032444675952254,162,67,20260831,1
LP0783,2024HU1405195-01,2024HU1405195,01,Female,45,1981,45-59,White / Caucasian,Some college or Associate's degree,"$168,000 or more",231477.0,17,IL,Republican,0.3793717695951464,0.32365819102360865,0.23925924349677657,0.057710795884468286,74,67,20260831,1
LP0784,2024HU1418696-01,2024HU1418696,01,Female,58,1968,45-59,White / Caucasian,Master's degree / Professional degree,"$100,000 to $167,999",112692.75,32,NV,Republican,0.3359825545339155,0.40640433838176576,0.22086551751300265,0.0367475895713162,59,67,20260831,1
LP0785,2024HU1441503-01,2024HU1441503,01,Female,58,1968,45-59,White / Caucasian,High school diploma / GED,"$30,000 to $55,999",45686.25,26,MI,Democrat,0.4401853508273579,0.2240237152530608,0.23523703571530263,0.10055389820427861,35,67,20260831,1
LP0786,2024HU0182810-01,2024HU0182810,01,Female,59,1967,45-59,Black / African American,High school diploma / GED,"$56,000 to $99,999",67514.125,42,PA,Democrat,0.09116130113465776,0.6341195317382529,0.18978026641948484,0.08493890070760451,108,15,20260831,1
LP0787,2024HU0196287-02,2024HU0196287,02,Female,49,1977,45-59,Black / African American,High school diploma / GED,"$56,000 to $99,999",96448.75,51,VA,Independent,0.11889681872989001,0.5184754968396393,0.2746384238285475,0.08798926060192323,287,15,20260831,1
LP0788,2024HU0246021-01,2024HU0246021,01,Female,54,1972,45-59,Black / African American,High school diploma / GED,"$56,000 to $99,999",75636.125,13,GA,Republican,0.14878593212866562,0.49597318882346114,0.24840994175851025,0.10683093728936312,65,15,20260831,1
LP0789,2024HU0315924-03,2024HU0315924,03,Female,50,1976,45-59,Black / African American,Master's degree / Professional degree,"$56,000 to $99,999",73707.15,10,DE,Democrat,0.023102782160987736,0.7474343495747081,0.1801434017697926,0.04931946649451147,148,15,20260831,1
LP0790,2024HU0359557-02,2024HU0359557,02,Female,55,1971,45-59,Black / African American,High school diploma / GED,"$168,000 or more",185384.65,24,MD,Democrat,0.061101904377207375,0.6425793045118476,0.23255420138824665,0.06376458972269831,70,15,20260831,1
LP0791,2024HU0437399-01,2024HU0437399,01,Female,45,1981,45-59,Black / African American,Some college or Associate's degree,"$100,000 to $167,999",103555.5,36,NY,Democrat,0.06619581223685984,0.6791693148696745,0.20475622384817013,0.04987864904529559,150,15,20260831,1
LP0792,2024HU0529975-01,2024HU0529975,01,Female,57,1969,45-59,Black / African American,Some college or Associate's degree,"$30,000 to $55,999",52793.0,13,GA,Independent,0.12253358992838366,0.5012465222510875,0.2846358404558886,0.09158404736464022,414,15,20260831,1
LP0793,2024HU0541258-01,2024HU0541258,01,Female,51,1975,45-59,Black / African American,Bachelor's degree,"$168,000 or more",273102.25,37,NC,Democrat,0.07510038042975911,0.6473124633269074,0.2452907533386822,0.03229640290465136,98,15,20260831,1
LP0794,2024HU0564975-01,2024HU0564975,01,Female,45,1981,45-59,Black / African American,High school diploma / GED,"$56,000 to $99,999",86296.25,34,NJ,Independent,0.11070104318449785,0.5624267961083763,0.2013218151676322,0.12555034553949362,170,15,20260831,1
LP0795,2024HU0592353-01,2024HU0592353,01,Female,53,1973,45-59,Black / African American,Some college or Associate's degree,"$56,000 to $99,999",56955.525,32,NV,Democrat,0.07665033601892146,0.6511734629129982,0.19443024247752563,0.07774595859055476,84,15,20260831,1
LP0796,2024HU0667785-01,2024HU0667785,01,Female,59,1967,45-59,Black / African American,Bachelor's degree,"$100,000 to $167,999",101525.0,06,CA,Democrat,0.05497677389004915,0.7225277754191909,0.16604192322563185,0.05645352746512821,75,15,20260831,1
LP0797,2024HU0888294-01,2024HU0888294,01,Female,48,1978,45-59,Black / African American,Master's degree / Professional degree,"$56,000 to $99,999",69037.0,45,SC,Republican,0.06483185197455775,0.6571037921615324,0.2352590124444733,0.04280534341943659,200,15,20260831,1
LP0798,2024HU0919594-02,2024HU0919594,02,Female,56,1970,45-59,Black / African American,Bachelor's degree,"$30,000 to $55,999",36549.0,12,FL,Independent,0.078314285133049,0.6253047744113523,0.19615920594725378,0.10022173450834479,374,15,20260831,1
LP0799,2024HU1422838-01,2024HU1422838,01,Female,57,1969,45-59,Black / African American,Master's degree / Professional degree,"$100,000 to $167,999",114215.625,17,IL,Democrat,0.03898107209497134,0.7468910408368225,0.16743874142333434,0.046689145644871796,227,15,20260831,1
LP0800,2024HU1440566-01,2024HU1440566,01,Female,46,1980,45-59,Black / African American,Master's degree / Professional degree,"$100,000 to $167,999",118073.575,13,GA,Democrat,0.08476902199358399,0.6144541057124949,0.2563281711499752,0.04444870114394597,239,15,20260831,1
LP0801,2024HU0076417-01,2024HU0076417,01,Female,54,1972,45-59,Hispanic / Latino,Some college or Associate's degree,"$100,000 to $167,999",132591.65,36,NY,Independent,0.21594891788750215,0.4711339752837251,0.21054496705136022,0.10237213977741251,118,21,20260831,1
LP0802,2024HU0132465-01,2024HU0132465,01,Female,54,1972,45-59,Hispanic / Latino,Master's degree / Professional degree,"$100,000 to $167,999",119799.5,48,TX,Republican,0.2893069680404446,0.405408148115372,0.24778957235222693,0.057495311491956365,46,21,20260831,1
LP0803,2024HU0141161-02,2024HU0141161,02,Female,54,1972,45-59,Hispanic / Latino,Master's degree / Professional degree,"$168,000 or more",277163.25,48,TX,Independent,0.24457845465344072,0.4907315482666019,0.2252022129203953,0.03948778415956205,264,21,20260831,1
LP0804,2024HU0145806-01,2024HU0145806,01,Female,49,1977,45-59,Hispanic / Latino,Some college or Associate's degree,"$30,000 to $55,999",53848.86,48,TX,Democrat,0.384647519124531,0.2882434209130824,0.25368398347311216,0.07342507648927456,84,21,20260831,1
LP0805,2024HU0335178-02,2024HU0335178,02,Female,56,1970,45-59,Hispanic / Latino,High school diploma / GED,"$168,000 or more",190867.0,06,CA,Democrat,0.2774157680097747,0.42553372642257287,0.189409323448529,0.10764118211912331,65,21,20260831,1
LP0806,2024HU0375845-02,2024HU0375845,02,Female,59,1967,45-59,Hispanic / Latino,High school diploma / GED,"$56,000 to $99,999",60915.0,12,FL,Independent,0.39613312289802505,0.29763847348713623,0.20794744327464684,0.09828096034019176,63,21,20260831,1
LP0807,2024HU0419345-01,2024HU0419345,01,Female,46,1980,45-59,Hispanic / Latino,High school diploma / GED,"$168,000 or more",184775.5,42,PA,Democrat,0.33840278561009857,0.3958007267191523,0.1838393792242857,0.08195710844646335,163,21,20260831,1
LP0808,2024HU0455127-02,2024HU0455127,02,Female,54,1972,45-59,Hispanic / Latino,Bachelor's degree,"$168,000 or more",315742.75,06,CA,Republican,0.18458742155972,0.5894270219283028,0.1745995654788476,0.05138599103312948,345,21,20260831,1
LP0809,2024HU0512673-02,2024HU0512673,02,Female,55,1971,45-59,Hispanic / Latino,Bachelor's degree,"$168,000 or more",216552.825,37,NC,Independent,0.29619104854383205,0.35685006908933553,0.27503189543603224,0.0719269869308002,143,21,20260831,1
LP0810,2024HU0619959-07,2024HU0619959,07,Female,45,1981,45-59,Hispanic / Latino,Less than high school,"$100,000 to $167,999",127921.5,17,IL,Democrat,0.25138503829784004,0.33567645816639624,0.22849059812236727,0.18444790541339648,80,21,20260831,1
LP0811,2024HU0637300-01,2024HU0637300,01,Female,47,1979,45-59,Hispanic / Latino,Some college or Associate's degree,"$100,000 to $167,999",121830.0,41,OR,Democrat,0.2263963542909574,0.4362263008344531,0.2468719236536623,0.09050542122092714,67,21,20260831,1
LP0812,2024HU0692621-01,2024HU0692621,01,Female,52,1974,45-59,Hispanic / Latino,Some college or Associate's degree,"$56,000 to $99,999",60915.0,48,TX,Republican,0.3539953094439221,0.3013353557342687,0.2628409300924518,0.08182840472935744,306,21,20260831,1
LP0813,2024HU0726062-02,2024HU0726062,02,Female,51,1975,45-59,Hispanic / Latino,Less than high school,"$168,000 or more",288432.525,06,CA,Independent,0.24294889579517015,0.4262547781931892,0.21408741630657804,0.11670890970506252,224,21,20260831,1
LP0814,2024HU0743836-02,2024HU0743836,02,Female,54,1972,45-59,Hispanic / Latino,High school diploma / GED,"$100,000 to $167,999",114418.675,04,AZ,Democrat,0.4132275799765868,0.26810189457044425,0.24224862603710545,0.07642189941586347,112,21,20260831,1
LP0815,2024HU0763693-02,2024HU0763693,02,Female,53,1973,45-59,Hispanic / Latino,Some college or Associate's degree,"$168,000 or more",172186.4,48,TX,Democrat,0.38650623566830156,0.3089225721843239,0.25767635300121966,0.04689483914615478,268,21,20260831,1
LP0816,2024HU0831932-01,2024HU0831932,01,Female,49,1977,45-59,Hispanic / Latino,Some college or Associate's degree,"$30,000 to $55,999",51777.75,45,SC,Independent,0.37174237565361473,0.2945068888477014,0.24421929907276002,0.08953143642592372,204,21,20260831,1
LP0817,2024HU0853661-02,2024HU0853661,02,Female,51,1975,45-59,Hispanic / Latino,High school diploma / GED,"$100,000 to $167,999",142135.0,06,CA,Democrat,0.27364332687020565,0.4105574439259064,0.18299597241190113,0.1328032567919868,61,21,20260831,1
LP0818,2024HU1024563-03,2024HU1024563,03,Female,53,1973,45-59,Hispanic / Latino,Less than high school,"$30,000 to $55,999",55838.75,06,CA,Independent,0.23598644911116426,0.3291324189018207,0.21188698211154847,0.22299414987546656,241,21,20260831,1
LP0819,2024HU1037949-01,2024HU1037949,01,Female,51,1975,45-59,Hispanic / Latino,Bachelor's degree,"$100,000 to $167,999",142896.4375,48,TX,Independent,0.34168857290249405,0.3578946359563127,0.22817809036432046,0.07223870077687272,55,21,20260831,1
LP0820,2024HU1111191-01,2024HU1111191,01,Female,45,1981,45-59,Hispanic / Latino,Bachelor's degree,"$100,000 to $167,999",107616.5,06,CA,Independent,0.22458388491281692,0.5008576663670748,0.19760108298436888,0.07695736573573937,125,21,20260831,1
LP0821,2024HU1348416-01,2024HU1348416,01,Female,56,1970,45-59,Hispanic / Latino,Some college or Associate's degree,"$56,000 to $99,999",87819.125,04,AZ,Independent,0.35279617084329246,0.29970064075926306,0.2774532053297801,0.07004998306766455,140,21,20260831,1
LP0822,2024HU0042125-02,2024HU0042125,02,Female,58,1968,45-59,Asian / Asian American,Bachelor's degree,"$100,000 to $167,999",158988.15,06,CA,Independent,0.1785865170415067,0.5139292369112934,0.24576075622285634,0.0617234898243435,66,9,20260831,1
LP0823,2024HU0264586-01,2024HU0264586,01,Female,51,1975,45-59,Asian / Asian American,Bachelor's degree,"$100,000 to $167,999",126398.625,39,OH,Democrat,0.25593918470361104,0.35337128316147726,0.31589705961654463,0.07479247251836704,92,9,20260831,1
LP0824,2024HU0468590-02,2024HU0468590,02,Female,52,1974,45-59,Asian / Asian American,Bachelor's degree,"$168,000 or more",295640.8,06,CA,Democrat,0.16648194636652006,0.5650616944074387,0.22243445813400023,0.04602190109204086,81,9,20260831,1
LP0825,2024HU0547695-02,2024HU0547695,02,Female,55,1971,45-59,Asian / Asian American,Bachelor's degree,"$168,000 or more",418283.0,06,CA,Democrat,0.15700858668085677,0.5159871653911913,0.21750061664034065,0.10950363128761126,125,9,20260831,1
LP0826,2024HU0680552-02,2024HU0680552,02,Female,45,1981,45-59,Asian / Asian American,Less than high school,"$30,000 to $55,999",50051.825,06,CA,Other,0.21326168005494486,0.3161529266543866,0.2704729902973401,0.2001124029933284,285,9,20260831,1
LP0827,2024HU0912317-01,2024HU0912317,01,Female,50,1976,45-59,Asian / Asian American,Some college or Associate's degree,"$56,000 to $99,999",63960.75,34,NJ,Democrat,0.22675098249041412,0.3757867060176959,0.3029619993311275,0.0945003121607625,324,9,20260831,1
LP0828,2024HU1171360-02,2024HU1171360,02,Female,55,1971,45-59,Asian / Asian American,Doctorate degree / Ph.D.,"$168,000 or more",274117.5,47,TN,Democrat,0.2059998586236596,0.4484279003301759,0.30541291095880857,0.04015933008735594,69,9,20260831,1
LP0829,2024HU1183159-02,2024HU1183159,02,Female,45,1981,45-59,Asian / Asian American,Some college or Associate's degree,"$56,000 to $99,999",76143.75,34,NJ,Republican,0.22739789626523657,0.3966344487451075,0.26935938223113165,0.10660827275852428,77,9,20260831,1
LP0830,2024HU1313029-01,2024HU1313029,01,Female,54,1972,45-59,Asian / Asian American,Bachelor's degree,"$168,000 or more",194724.95,06,CA,Republican,0.1785865170415067,0.5139292369112934,0.24576075622285634,0.0617234898243435,73,9,20260831,1
LP0831,2024HU0372541-02,2024HU0372541,02,Female,48,1978,45-59,Other,Master's degree / Professional degree,"$168,000 or more",329956.25,36,NY,Independent,0.14849432239048588,0.48634590132342365,0.30479346597420237,0.06036631031188804,36,3,20260831,1
LP0832,2024HU1178909-01,2024HU1178909,01,Female,52,1974,45-59,Other,Some college or Associate's degree,"$168,000 or more",280615.1,26,MI,Republican,0.2577771285713572,0.2852745127882946,0.38881405440654854,0.06813430423379979,84,3,20260831,1
LP0833,2024HU1215030-01,2024HU1215030,01,Female,56,1970,45-59,Other,Master's degree / Professional degree,"$168,000 or more",456862.5,33,NH,Independent,0.08124295226682204,0.3657841529368782,0.4721032093026103,0.08086968549368949,69,3,20260831,1
LP0834,2024HU0009314-01,2024HU0009314,01,Female,73,1953,60+,White / Caucasian,Some college or Associate's degree,"Less than $30,000",3959.475,22,LA,Republican,0.5228909039539668,0.20501808516812628,0.2387520917243074,0.03333891915359965,101,119,20260831,1
LP0835,2024HU0011369-02,2024HU0011369,02,Female,61,1965,60+,White / Caucasian,High school diploma / GED,"$30,000 to $55,999",54011.3,29,MO,Republican,0.5989345897463483,0.2123656855220595,0.14421303236059985,0.044486692370992516,69,119,20260831,1
LP0836,2024HU0013442-01,2024HU0013442,01,Female,72,1954,60+,White / Caucasian,Some college or Associate's degree,"$168,000 or more",209039.975,39,OH,Republican,0.501127080787096,0.24687488990601086,0.2197043805216516,0.03229364878524151,220,119,20260831,1
LP0837,2024HU0031785-01,2024HU0031785,01,Female,80,1946,60+,White / Caucasian,High school diploma / GED,"Less than $30,000",21320.25,06,CA,Democrat,0.40837037447685426,0.33715706182870325,0.158852765613558,0.09561979808088458,259,119,20260831,1
LP0838,2024HU0063453-02,2024HU0063453,02,Female,64,1962,60+,White / Caucasian,High school diploma / GED,"$56,000 to $99,999",60407.375,05,AR,Republican,0.6060134777878526,0.17972906892377366,0.18068874538017776,0.03356870790819602,323,119,20260831,1
LP0839,2024HU0065147-01,2024HU0065147,01,Female,87,1939,60+,White / Caucasian,High school diploma / GED,"$30,000 to $55,999",32488.0,48,TX,Independent,0.579196440449437,0.18535970346592193,0.15964282301810864,0.07580103306653256,162,119,20260831,1
LP0840,2024HU0069349-02,2024HU0069349,02,Female,63,1963,60+,White / Caucasian,Bachelor's degree,"$168,000 or more",549250.25,12,FL,Democrat,0.5713008070100786,0.2397577653887307,0.15153934505323186,0.03740208254795887,69,119,20260831,1
LP0841,2024HU0086894-01,2024HU0086894,01,Female,70,1956,60+,White / Caucasian,Bachelor's degree,"$100,000 to $167,999",140104.5,48,TX,Republican,0.512908629884735,0.27483753720096116,0.18168283873106797,0.030570994183236003,38,119,20260831,1
LP0842,2024HU0090829-01,2024HU0090829,01,Female,75,1951,60+,White / Caucasian,Master's degree / Professional degree,"$56,000 to $99,999",93403.0,55,WI,Democrat,0.30919651436695544,0.41119840269802627,0.2398131852986696,0.03979189763634859,28,119,20260831,1
LP0843,2024HU0114478-01,2024HU0114478,01,Female,66,1960,60+,White / Caucasian,Less than high school,"$30,000 to $55,999",35229.175,04,AZ,Democrat,0.475594664625989,0.19162187155754937,0.2367388271706088,0.0960446366458527,264,119,20260831,1
LP0844,2024HU0123276-01,2024HU0123276,01,Female,76,1950,60+,White / Caucasian,Bachelor's degree,"$56,000 to $99,999",60508.9,06,CA,Democrat,0.32250992305755816,0.4508028568975926,0.1860594123182431,0.040627807726606194,130,119,20260831,1
LP0845,2024HU0128764-02,2024HU0128764,02,Female,72,1954,60+,White / Caucasian,Bachelor's degree,"$56,000 to $99,999",65382.1,36,NY,Independent,0.31298173011536945,0.4575938535826228,0.1891187591270947,0.04030565717491312,25,119,20260831,1
LP0846,2024HU0129217-01,2024HU0129217,01,Female,67,1959,60+,White / Caucasian,Bachelor's degree,"Less than $30,000",0.0,06,CA,Other,0.2663325815033832,0.449767444747366,0.19628374453482464,0.08761622921442609,403,119,20260831,1
LP0847,2024HU0132469-01,2024HU0132469,01,Female,80,1946,60+,White / Caucasian,High school diploma / GED,"$30,000 to $55,999",54620.45,12,FL,Republican,0.5918712595225136,0.21135445348318221,0.14604073108631288,0.05073355590799122,73,119,20260831,1
LP0848,2024HU0145785-01,2024HU0145785,01,Female,60,1966,60+,White / Caucasian,Some college or Associate's degree,"$168,000 or more",390871.25,36,NY,Independent,0.3278437582364673,0.42721474288624967,0.1742520628479814,0.0706894360293016,55,119,20260831,1
LP0849,2024HU0159268-01,2024HU0159268,01,Female,93,1933,60+,White / Caucasian,Less than high school,"$30,000 to $55,999",31574.275,16,ID,Republican,0.579378094993331,0.1253675578927806,0.2163818137626212,0.07887253335126722,75,119,20260831,1
LP0850,2024HU0167791-01,2024HU0167791,01,Female,61,1965,60+,White / Caucasian,High school diploma / GED,"$56,000 to $99,999",81423.05,36,NY,Independent,0.4783267292593418,0.30458239813470683,0.15791988607597193,0.05917098652997942,70,119,20260831,1
LP0851,2024HU0194157-01,2024HU0194157,01,Female,68,1958,60+,White / Caucasian,High school diploma / GED,"Less than $30,000",22802.515,05,AR,Republican,0.5922731105406778,0.1831232724491388,0.16990361304314566,0.05470000396703787,138,119,20260831,1
LP0852,2024HU0201830-02,2024HU0201830,02,Female,66,1960,60+,White / Caucasian,Master's degree / Professional degree,"$168,000 or more",234319.7,18,IN,Republican,0.37315013668123437,0.3839512294010276,0.2036787477226235,0.03921988619511454,79,119,20260831,1
LP0853,2024HU0203710-02,2024HU0203710,02,Female,69,1957,60+,White / Caucasian,High school diploma / GED,"$30,000 to $55,999",41016.1,48,TX,Republican,0.6021511614301421,0.18371265767078146,0.15926623781872606,0.054869943080350495,57,119,20260831,1
LP0854,2024HU0205892-01,2024HU0205892,01,Female,71,1955,60+,White / Caucasian,High school diploma / GED,"$30,000 to $55,999",49879.2325,19,IA,Republican,0.5104562993802793,0.1997608851385216,0.1969518545047299,0.09283096097646928,34,119,20260831,1
LP0855,2024HU0207137-01,2024HU0207137,01,Female,79,1947,60+,White / Caucasian,Some college or Associate's degree,"Less than $30,000",29848.35,18,IN,Independent,0.46844935228807,0.25881282919330406,0.20328142555000747,0.06945639296861844,167,119,20260831,1
LP0856,2024HU0236183-01,2024HU0236183,01,Female,81,1945,60+,White / Caucasian,Bachelor's degree,"$100,000 to $167,999",113708.0,12,FL,Independent,0.5199433200278865,0.2879185957270111,0.1671210735148923,0.02501701073021012,112,119,20260831,1
LP0857,2024HU0239946-01,2024HU0239946,01,Female,74,1952,60+,White / Caucasian,Less than high school,"Less than $30,000",2436.6,22,LA,Other,0.5327829137002372,0.15378116232330188,0.2317717553789058,0.08166416859755517,64,119,20260831,1
LP0858,2024HU0249592-01,2024HU0249592,01,Female,61,1965,60+,White / Caucasian,High school diploma / GED,"Less than $30,000",19289.75,12,FL,Republican,0.4848486056576441,0.2877842739367809,0.15049766573795859,0.07686945466761651,209,119,20260831,1
LP0859,2024HU0266388-01,2024HU0266388,01,Female,75,1951,60+,White / Caucasian,Some college or Associate's degree,"$30,000 to $55,999",47107.6,27,MN,Democrat,0.37487204526948764,0.35099578170791407,0.2073803355416074,0.06675183748099085,30,119,20260831,1
LP0860,2024HU0267331-01,2024HU0267331,01,Female,62,1964,60+,White / Caucasian,Some college or Associate's degree,"$100,000 to $167,999",121830.0,39,OH,Democrat,0.4978233194421754,0.24690782773255748,0.22562209034447336,0.029646762480793853,106,119,20260831,1
LP0861,2024HU0301925-02,2024HU0301925,02,Female,66,1960,60+,White / Caucasian,Some college or Associate's degree,"$56,000 to $99,999",64671.425,06,CA,Other,0.37067026148969456,0.38671048736573355,0.2091015925775859,0.03351765856698588,52,119,20260831,1
LP0862,2024HU0306850-01,2024HU0306850,01,Female,73,1953,60+,White / Caucasian,Master's degree / Professional degree,"$100,000 to $167,999",140916.7,08,CO,Independent,0.25590661056409386,0.44381521666293294,0.26660677735575616,0.03367139541721706,101,119,20260831,1
LP0863,2024HU0307365-01,2024HU0307365,01,Female,63,1963,60+,White / Caucasian,Bachelor's degree,"$30,000 to $55,999",31878.85,01,AL,Independent,0.5238148418968374,0.2345026187227196,0.1886925522733873,0.052989987107055776,375,119,20260831,1
LP0864,2024HU0317977-02,2024HU0317977,02,Female,71,1955,60+,White / Caucasian,Less than high school,"$30,000 to $55,999",47615.225,12,FL,Republican,0.5394477742988197,0.19585849439464456,0.18665928064094897,0.07803445066558669,138,119,20260831,1
LP0865,2024HU0324265-01,2024HU0324265,01,Female,77,1949,60+,White / Caucasian,Master's degree / Professional degree,"Less than $30,000",18985.175,09,CT,Democrat,0.14831948682104493,0.553301874268005,0.2009839305668235,0.09739470834412635,78,119,20260831,1
LP0866,2024HU0348467-02,2024HU0348467,02,Female,81,1945,60+,White / Caucasian,Some college or Associate's degree,"$100,000 to $167,999",115180.1125,06,CA,Democrat,0.40703144837100197,0.3657721917332019,0.18531024182877556,0.04188611806702061,66,119,20260831,1
LP0867,2024HU0353556-01,2024HU0353556,01,Female,69,1957,60+,White / Caucasian,Less than high school,"Less than $30,000",13096.725,37,NC,Democrat,0.41668089697004085,0.22634952255886212,0.25112982407566137,0.10583975639543562,173,119,20260831,1
LP0868,2024HU0376421-02,2024HU0376421,02,Female,72,1954,60+,White / Caucasian,Some college or Associate's degree,"$100,000 to $167,999",100814.325,06,CA,Republican,0.4206574000118223,0.35820381252168676,0.19196882687729228,0.02916996058919872,125,119,20260831,1
LP0869,2024HU0378970-01,2024HU0378970,01,Female,73,1953,60+,White / Caucasian,High school diploma / GED,"$100,000 to $167,999",162033.9,09,CT,Republican,0.38270669571000976,0.3267274816026853,0.20994913837243873,0.08061668431486634,142,119,20260831,1
LP0870,2024HU0383883-01,2024HU0383883,01,Female,70,1956,60+,White / Caucasian,Some college or Associate's degree,"$56,000 to $99,999",69240.05,37,NC,Republican,0.47802475764539376,0.2284298891302824,0.27126277330313414,0.022282579921189608,27,119,20260831,1
LP0871,2024HU0393487-01,2024HU0393487,01,Female,69,1957,60+,White / Caucasian,High school diploma / GED,"$30,000 to $55,999",43645.5975,17,IL,Democrat,0.4390627291063688,0.3108067595576063,0.16966608212305556,0.08046442921296929,107,119,20260831,1
LP0872,2024HU0409677-01,2024HU0409677,01,Female,74,1952,60+,White / Caucasian,Some college or Associate's degree,"$56,000 to $99,999",56854.0,47,TN,Democrat,0.5241404413629309,0.21643905589152268,0.20852091583864604,0.050899586906900225,104,119,20260831,1
LP0873,2024HU0414234-01,2024HU0414234,01,Female,62,1964,60+,White / Caucasian,Some college or Associate's degree,"$56,000 to $99,999",65889.725,53,WA,Democrat,0.31610328765896695,0.4120962207552412,0.23617176582601573,0.035628725759776006,82,119,20260831,1
LP0874,2024HU0459657-01,2024HU0459657,01,Female,63,1963,60+,White / Caucasian,Bachelor's degree,"Less than $30,000",1928.975,28,MS,Independent,0.511660190765994,0.260820377078972,0.16654777198004386,0.06097166017499012,204,119,20260831,1
LP0875,2024HU0461447-01,2024HU0461447,01,Female,75,1951,60+,White / Caucasian,High school diploma / GED,"Less than $30,000",22335.5,06,CA,Democrat,0.40837037447685426,0.33715706182870325,0.158852765613558,0.09561979808088458,43,119,20260831,1
LP0876,2024HU0463911-01,2024HU0463911,01,Female,70,1956,60+,White / Caucasian,Less than high school,"$56,000 to $99,999",71879.7,12,FL,Republican,0.5428056515269891,0.212957408981176,0.17812662250478775,0.06611031698704725,282,119,20260831,1
LP0877,2024HU0488548-01,2024HU0488548,01,Female,75,1951,60+,White / Caucasian,High school diploma / GED,"$30,000 to $55,999",37361.2,42,PA,Republican,0.47652471124935825,0.29398829945786326,0.1493331824004954,0.08015380689228299,137,119,20260831,1
LP0878,2024HU0519371-02,2024HU0519371,02,Female,68,1958,60+,White / Caucasian,Some college or Associate's degree,"$56,000 to $99,999",80103.225,01,AL,Democrat,0.6386006220067434,0.16055047343594409,0.18002629889076666,0.0208226056665459,32,119,20260831,1
LP0879,2024HU0535997-01,2024HU0535997,01,Female,95,1931,60+,White / Caucasian,Less than high school,"$30,000 to $55,999",33401.725,25,MA,Republican,0.2380439562310577,0.280028245313989,0.30713511238660707,0.1747926860683462,106,119,20260831,1
LP0880,2024HU0551682-01,2024HU0551682,01,Female,66,1960,60+,White / Caucasian,Some college or Associate's degree,"$100,000 to $167,999",128124.55,02,AK,Republican,0.5938260065565144,0.1265421794020014,0.24277237683950542,0.03685943720197883,54,119,20260831,1
LP0881,2024HU0553203-02,2024HU0553203,02,Female,72,1954,60+,White / Caucasian,Some college or Associate's degree,"$56,000 to $99,999",63757.7,24,MD,Independent,0.31142960051799334,0.37799641240103965,0.2852994567008874,0.02527453038007963,76,119,20260831,1
LP0882,2024HU0555271-02,2024HU0555271,02,Female,63,1963,60+,White / Caucasian,High school diploma / GED,"$56,000 to $99,999",78032.115,22,LA,Republican,0.6540045489993946,0.16956952817659887,0.1485289994227604,0.027896923401246092,86,119,20260831,1
LP0883,2024HU0561681-01,2024HU0561681,01,Female,79,1947,60+,White / Caucasian,Master's degree / Professional degree,"$56,000 to $99,999",79291.025,47,TN,Democrat,0.3829943672860458,0.36136384557744394,0.2173667853441364,0.03827500179237394,50,119,20260831,1
LP0884,2024HU0579765-01,2024HU0579765,01,Female,84,1942,60+,White / Caucasian,Less than high school,"Less than $30,000",11766.7475,36,NY,Independent,0.29658480252658737,0.3679071005990449,0.18611460007985497,0.14939349679451258,131,119,20260831,1
LP0885,2024HU0598618-02,2024HU0598618,02,Female,81,1945,60+,White / Caucasian,Some college or Associate's degree,"$168,000 or more",223862.625,06,CA,Republican,0.38783244672535827,0.3895108842652768,0.18568486603740272,0.036971802971962245,52,119,20260831,1
LP0886,2024HU0605397-01,2024HU0605397,01,Female,79,1947,60+,White / Caucasian,Some college or Associate's degree,"Less than $30,000",15837.9,06,CA,Democrat,0.29028976384618366,0.46766149809760654,0.18255010597244306,0.059498632083766795,220,119,20260831,1
LP0887,2024HU0626437-02,2024HU0626437,02,Female,75,1951,60+,White / Caucasian,High school diploma / GED,"Less than $30,000",23249.225,12,FL,Other,0.5601474849732143,0.22446420365487396,0.15006417024189486,0.06532414113001686,99,119,20260831,1
LP0888,2024HU0636000-01,2024HU0636000,01,Female,84,1942,60+,White / Caucasian,Master's degree / Professional degree,"Less than $30,000",3045.75,06,CA,Democrat,0.1960497904974535,0.5259486059427431,0.2009799778499465,0.07702162570985686,50,119,20260831,1
LP0889,2024HU0649097-01,2024HU0649097,01,Female,60,1966,60+,White / Caucasian,Bachelor's degree,"$56,000 to $99,999",85281.0,18,IN,Independent,0.512920471923371,0.26529069428622076,0.1848925174168169,0.036896316373591316,48,119,20260831,1
LP0890,2024HU0665420-01,2024HU0665420,01,Female,89,1937,60+,White / Caucasian,Some college or Associate's degree,"$100,000 to $167,999",111677.5,47,TN,Republican,0.5596737955675336,0.20304928560346386,0.203266403782243,0.034010515046759525,43,119,20260831,1
LP0891,2024HU0667959-02,2024HU0667959,02,Female,73,1953,60+,White / Caucasian,Some college or Associate's degree,"$100,000 to $167,999",165993.375,34,NJ,Republican,0.428824310933799,0.3389251207334784,0.1927288718495823,0.039521696483140266,44,119,20260831,1
LP0892,2024HU0677413-01,2024HU0677413,01,Female,85,1941,60+,White / Caucasian,High school diploma / GED,"Less than $30,000",21726.35,51,VA,Independent,0.4787922831191812,0.24580594900464947,0.21089985743162237,0.06450191044454691,55,119,20260831,1
LP0893,2024HU0710414-01,2024HU0710414,01,Female,63,1963,60+,White / Caucasian,High school diploma / GED,"$56,000 to $99,999",65991.25,45,SC,Republican,0.6044870575031183,0.1896880899082177,0.17077383196875498,0.035051020619908974,240,119,20260831,1
LP0894,2024HU0710535-01,2024HU0710535,01,Female,68,1958,60+,White / Caucasian,Some college or Associate's degree,"$56,000 to $99,999",62133.3,13,GA,Republican,0.5534307027053561,0.20045884757374044,0.22471244850423278,0.021398001216670588,54,119,20260831,1
LP0895,2024HU0720217-01,2024HU0720217,01,Female,89,1937,60+,White / Caucasian,High school diploma / GED,"$30,000 to $55,999",30559.025,28,MS,Republican,0.659717442804126,0.16112352113222467,0.11476028506047725,0.06439875100317212,96,119,20260831,1
LP0896,2024HU0724827-01,2024HU0724827,01,Female,67,1959,60+,White / Caucasian,Some college or Associate's degree,"Less than $30,000",9644.875,53,WA,Democrat,0.24684426992223027,0.4102927643824013,0.23504053483551401,0.10782243085985438,311,119,20260831,1
LP0897,2024HU0727561-01,2024HU0727561,01,Female,84,1942,60+,White / Caucasian,High school diploma / GED,"$30,000 to $55,999",51980.8,13,GA,Democrat,0.6301600670581522,0.16096525269092934,0.16250167554254066,0.04637300470837771,81,119,20260831,1
LP0898,2024HU0753503-02,2024HU0753503,02,Female,78,1948,60+,White / Caucasian,High school diploma / GED,"$30,000 to $55,999",37564.25,31,NE,Republican,0.6039512893096783,0.16915862031087806,0.1756587800233373,0.05123131035610634,207,119,20260831,1
LP0899,2024HU0757011-02,2024HU0757011,02,Female,60,1966,60+,White / Caucasian,Less than high school,"$56,000 to $99,999",85179.475,23,ME,Independent,0.40335882559364833,0.2267939943660752,0.2780035469019785,0.09184363313829794,38,119,20260831,1
LP0900,2024HU0760766-01,2024HU0760766,01,Female,64,1962,60+,White / Caucasian,Some college or Associate's degree,"$56,000 to $99,999",64569.9,55,WI,Independent,0.37193344463843586,0.3190322196554984,0.25948442668277605,0.0495499090232897,678,119,20260831,1
LP0901,2024HU0765259-01,2024HU0765259,01,Female,87,1939,60+,White / Caucasian,Master's degree / Professional degree,"$30,000 to $55,999",49747.25,06,CA,Republican,0.24307531714693217,0.5257194114031105,0.182346819919948,0.04885845153000943,54,119,20260831,1
LP0902,2024HU0771734-02,2024HU0771734,02,Female,73,1953,60+,White / Caucasian,High school diploma / GED,"$168,000 or more",324006.885,25,MA,Other,0.29342049568926104,0.4071375097810063,0.2542511932656367,0.0451908012640959,105,119,20260831,1
LP0903,2024HU0787952-02,2024HU0787952,02,Female,68,1958,60+,White / Caucasian,High school diploma / GED,"$100,000 to $167,999",120713.225,55,WI,Republican,0.46007509575656164,0.2751180981473814,0.20231263152898254,0.06249417456707446,198,119,20260831,1
LP0904,2024HU0797866-04,2024HU0797866,04,Female,68,1958,60+,White / Caucasian,Some college or Associate's degree,"$100,000 to $167,999",132622.1075,19,IA,Republican,0.47536678332793675,0.2438584649977591,0.24018566243069855,0.04058908924360563,260,119,20260831,1
LP0905,2024HU0833032-01,2024HU0833032,01,Female,75,1951,60+,White / Caucasian,Master's degree / Professional degree,"$30,000 to $55,999",52285.375,27,MN,Democrat,0.2679472125849116,0.4826298545468636,0.20036014375472866,0.04906278911349616,93,119,20260831,1
LP0906,2024HU0857234-01,2024HU0857234,01,Female,72,1954,60+,White / Caucasian,Some college or Associate's degree,"$56,000 to $99,999",81220.0,27,MN,Republican,0.4464072541012385,0.3125954517966279,0.20645263308488646,0.03454466101724708,160,119,20260831,1
LP0907,2024HU0862398-04,2024HU0862398,04,Female,77,1949,60+,White / Caucasian,Bachelor's degree,"$168,000 or more",369449.475,56,WY,Democrat,0.5214747323200932,0.18477751324882016,0.23302719467265273,0.06072055975843386,197,119,20260831,1
LP0908,2024HU0869545-01,2024HU0869545,01,Female,63,1963,60+,White / Caucasian,High school diploma / GED,"$100,000 to $167,999",102174.76,34,NJ,Republican,0.5391275651066013,0.2524707413045303,0.15720615459630038,0.05119553899256807,38,119,20260831,1
LP0909,2024HU0878472-01,2024HU0878472,01,Female,61,1965,60+,White / Caucasian,Some college or Associate's degree,"$168,000 or more",444527.2125,36,NY,Republican,0.343303698778288,0.4239130104077797,0.18290273988099184,0.04988055093294046,441,119,20260831,1
LP0910,2024HU0920625-01,2024HU0920625,01,Female,75,1951,60+,White / Caucasian,High school diploma / GED,"$30,000 to $55,999",54823.5,39,OH,Republican,0.553924113733611,0.19990393484315339,0.18172782306777038,0.06444412835546534,158,119,20260831,1
LP0911,2024HU0926925-02,2024HU0926925,02,Female,85,1941,60+,White / Caucasian,High school diploma / GED,"$56,000 to $99,999",66701.925,48,TX,Independent,0.6008233110775651,0.1882018808763069,0.16999751518079642,0.0409772928653316,45,119,20260831,1
LP0912,2024HU0953101-02,2024HU0953101,02,Female,66,1960,60+,White / Caucasian,Bachelor's degree,"$56,000 to $99,999",99494.5,39,OH,Independent,0.4969391886598982,0.26192104742449457,0.2046758601589137,0.03646390375669364,157,119,20260831,1
LP0913,2024HU0974930-01,2024HU0974930,01,Female,88,1938,60+,White / Caucasian,Some college or Associate's degree,"$30,000 to $55,999",35533.75,05,AR,Republican,0.5189108731795076,0.21858873387619854,0.20979706539532403,0.05270332754896979,75,119,20260831,1
LP0914,2024HU0999368-02,2024HU0999368,02,Female,68,1958,60+,White / Caucasian,High school diploma / GED,"$100,000 to $167,999",152592.075,17,IL,Republican,0.45510634077362827,0.32774947578163727,0.1685197489610984,0.048624434483636014,84,119,20260831,1
LP0915,2024HU1019344-03,2024HU1019344,03,Female,89,1937,60+,White / Caucasian,Less than high school,"$168,000 or more",338687.4,25,MA,Republican,0.26767183123441957,0.3601892616278659,0.3083260151821505,0.063812891955564,109,119,20260831,1
LP0916,2024HU1030330-01,2024HU1030330,01,Female,82,1944,60+,White / Caucasian,Some college or Associate's degree,"$56,000 to $99,999",89545.05,53,WA,Republican,0.3593447897903225,0.38004235895192834,0.20882184836798132,0.05179100288976783,103,119,20260831,1
LP0917,2024HU1031510-01,2024HU1031510,01,Female,74,1952,60+,White / Caucasian,High school diploma / GED,"Less than $30,000",3147.275,42,PA,Republican,0.42204569608658293,0.30790162334303756,0.17344194144858238,0.09661073912179705,81,119,20260831,1
LP0918,2024HU1039519-01,2024HU1039519,01,Female,69,1957,60+,White / Caucasian,High school diploma / GED,"Less than $30,000",0.0,12,FL,Other,0.4993127869357868,0.23187399609163648,0.1776098315926903,0.0912033853798864,385,119,20260831,1
LP0919,2024HU1058158-01,2024HU1058158,01,Female,74,1952,60+,White / Caucasian,Less than high school,"Less than $30,000",21320.25,48,TX,Republican,0.5392027663998127,0.17076238089115697,0.19512577297022457,0.09490907973880575,44,119,20260831,1
LP0920,2024HU1058588-01,2024HU1058588,01,Female,81,1945,60+,White / Caucasian,Master's degree / Professional degree,"$30,000 to $55,999",41625.25,17,IL,Republican,0.2532819000233009,0.5027270745537938,0.1942668867029341,0.04972413871997104,272,119,20260831,1
LP0921,2024HU1071625-02,2024HU1071625,02,Female,62,1964,60+,White / Caucasian,Some college or Associate's degree,"$100,000 to $167,999",120916.275,36,NY,Republican,0.3750864324573803,0.39669342832684085,0.19444031770677145,0.0337798215090073,446,119,20260831,1
LP0922,2024HU1072293-01,2024HU1072293,01,Female,67,1959,60+,White / Caucasian,Some college or Associate's degree,"$30,000 to $55,999",45686.25,10,DE,Independent,0.2947718037827435,0.37986872359874974,0.26264086693076677,0.06271860568774007,470,119,20260831,1
LP0923,2024HU1072596-01,2024HU1072596,01,Female,82,1944,60+,White / Caucasian,Some college or Associate's degree,"Less than $30,000",28731.575,37,NC,Independent,0.4575083592679912,0.24052936486574358,0.24919533044864306,0.05276694541762211,124,119,20260831,1
LP0924,2024HU1111185-01,2024HU1111185,01,Female,93,1933,60+,White / Caucasian,High school diploma / GED,"Less than $30,000",20101.95,53,WA,Independent,0.3522681669065525,0.3634317329298219,0.18148607958659546,0.10281402057703011,341,119,20260831,1
LP0925,2024HU1119388-02,2024HU1119388,02,Female,81,1945,60+,White / Caucasian,High school diploma / GED,"$30,000 to $55,999",40000.85,34,NJ,Independent,0.4851503480757419,0.27111201600230284,0.1634722976081392,0.08026533831381602,68,119,20260831,1
LP0926,2024HU1146670-01,2024HU1146670,01,Female,69,1957,60+,White / Caucasian,Some college or Associate's degree,"$56,000 to $99,999",57869.25,42,PA,Independent,0.4533200995204445,0.33501783524970075,0.18030712201592344,0.03135494321393132,317,119,20260831,1
LP0927,2024HU1172707-01,2024HU1172707,01,Female,67,1959,60+,White / Caucasian,Master's degree / Professional degree,"$56,000 to $99,999",91372.5,53,WA,Other,0.24252734842290427,0.517319563684886,0.20096543374383713,0.03918765414837266,43,119,20260831,1
LP0928,2024HU1174126-05,2024HU1174126,05,Female,92,1934,60+,White / Caucasian,High school diploma / GED,"$168,000 or more",403257.3,13,GA,Independent,0.5995506690579608,0.18653685736197273,0.15732365399399592,0.056588819586070475,58,119,20260831,1
LP0929,2024HU1178755-01,2024HU1178755,01,Female,62,1964,60+,White / Caucasian,High school diploma / GED,"$30,000 to $55,999",49138.1,16,ID,Republican,0.6478594520494302,0.13780677912627412,0.17466231669167653,0.039671452132619196,101,119,20260831,1
LP0930,2024HU1179790-01,2024HU1179790,01,Female,79,1947,60+,White / Caucasian,High school diploma / GED,"$56,000 to $99,999",72884.7975,25,MA,Republican,0.29316953413538394,0.3663410553208287,0.2589614797431751,0.08152793080061219,87,119,20260831,1
LP0931,2024HU1180193-02,2024HU1180193,02,Female,75,1951,60+,White / Caucasian,High school diploma / GED,"$56,000 to $99,999",57057.05,18,IN,Republican,0.5696958455400243,0.20175251373892858,0.16357620563341416,0.06497543508763293,56,119,20260831,1
LP0932,2024HU1180736-01,2024HU1180736,01,Female,86,1940,60+,White / Caucasian,High school diploma / GED,"$30,000 to $55,999",43655.75,17,IL,Democrat,0.4390627291063688,0.3108067595576063,0.16966608212305556,0.08046442921296929,91,119,20260831,1
LP0933,2024HU1201349-02,2024HU1201349,02,Female,66,1960,60+,White / Caucasian,Some college or Associate's degree,"$30,000 to $55,999",53341.235,48,TX,Democrat,0.5454251491878274,0.22066018753408537,0.19035529691592232,0.04355936636216485,61,119,20260831,1
LP0934,2024HU1240462-01,2024HU1240462,01,Female,79,1947,60+,White / Caucasian,High school diploma / GED,"$56,000 to $99,999",75737.65,12,FL,Republican,0.578004354452376,0.23383099749065653,0.14268576108666067,0.04547888697030688,93,119,20260831,1
LP0935,2024HU1243843-01,2024HU1243843,01,Female,71,1955,60+,White / Caucasian,Bachelor's degree,"$30,000 to $55,999",55991.0375,48,TX,Republican,0.5137761879662505,0.2638925438941105,0.183811833244173,0.038519434895466026,181,119,20260831,1
LP0936,2024HU1249197-02,2024HU1249197,02,Female,66,1960,60+,White / Caucasian,High school diploma / GED,"$100,000 to $167,999",101525.0,12,FL,Democrat,0.6278925510175019,0.1969917390521585,0.14143625687687147,0.03367945305346813,56,119,20260831,1
LP0937,2024HU1262463-01,2024HU1262463,01,Female,62,1964,60+,White / Caucasian,Some college or Associate's degree,"$100,000 to $167,999",152287.5,36,NY,Independent,0.3602378981031664,0.41106251454436143,0.19020730295881455,0.038492284393657615,139,119,20260831,1
LP0938,2024HU1271417-02,2024HU1271417,02,Female,74,1952,60+,White / Caucasian,High school diploma / GED,"$30,000 to $55,999",43655.75,21,KY,Republican,0.5817733228026298,0.21652131486106663,0.14519553495743662,0.05650982737886698,131,119,20260831,1
LP0939,2024HU1288919-01,2024HU1288919,01,Female,76,1950,60+,White / Caucasian,Master's degree / Professional degree,"$30,000 to $55,999",54925.025,24,MD,Democrat,0.21185195304141521,0.5084447583809135,0.2446486229648702,0.035054665612800975,60,119,20260831,1
LP0940,2024HU1292517-02,2024HU1292517,02,Female,63,1963,60+,White / Caucasian,Some college or Associate's degree,"$100,000 to $167,999",113301.9,18,IN,Independent,0.5360152033806903,0.23185595098458472,0.1955748317847022,0.03655401385002281,322,119,20260831,1
LP0941,2024HU1311751-01,2024HU1311751,01,Female,66,1960,60+,White / Caucasian,Some college or Associate's degree,"$30,000 to $55,999",39594.75,12,FL,Republican,0.48738225114808525,0.26608959345573807,0.18402226428149182,0.06250589111468498,47,119,20260831,1
LP0942,2024HU1337851-02,2024HU1337851,02,Female,81,1945,60+,White / Caucasian,High school diploma / GED,"$56,000 to $99,999",67818.7,25,MA,Democrat,0.2914737670574155,0.34606244781467715,0.29040836444560303,0.07205542068230444,59,119,20260831,1
LP0943,2024HU1358913-02,2024HU1358913,02,Female,75,1951,60+,White / Caucasian,Some college or Associate's degree,"$56,000 to $99,999",86397.775,06,CA,Democrat,0.41653765170042883,0.3525360253738031,0.18276350559255444,0.04816281733321352,97,119,20260831,1
LP0944,2024HU1366961-02,2024HU1366961,02,Female,67,1959,60+,White / Caucasian,High school diploma / GED,"Less than $30,000",18274.5,34,NJ,Republican,0.38933827509642654,0.3449410189855872,0.15644197757811637,0.10927872833986982,160,119,20260831,1
LP0945,2024HU1374299-02,2024HU1374299,02,Female,73,1953,60+,White / Caucasian,High school diploma / GED,"$100,000 to $167,999",133708.425,17,IL,Republican,0.4543991099449642,0.3200757826859151,0.16480176104445607,0.06072334632466451,119,119,20260831,1
LP0946,2024HU1415361-01,2024HU1415361,01,Female,73,1953,60+,White / Caucasian,Some college or Associate's degree,"Less than $30,000",16447.05,12,FL,Democrat,0.41515500143373124,0.3425767514727371,0.17937585756523408,0.0628923895282975,149,119,20260831,1
LP0947,2024HU1420571-01,2024HU1420571,01,Female,82,1944,60+,White / Caucasian,Bachelor's degree,"$30,000 to $55,999",37564.25,21,KY,Republican,0.4576020863478248,0.3153129213328448,0.16982145850855637,0.057263533810774044,223,119,20260831,1
LP0948,2024HU1425603-02,2024HU1425603,02,Female,73,1953,60+,White / Caucasian,High school diploma / GED,"$30,000 to $55,999",49950.3,19,IA,Republican,0.5104562993802793,0.1997608851385216,0.1969518545047299,0.09283096097646928,133,119,20260831,1
LP0949,2024HU1435218-02,2024HU1435218,02,Female,74,1952,60+,White / Caucasian,Some college or Associate's degree,"$30,000 to $55,999",43757.275,41,OR,Republican,0.34607041816680784,0.36178269533958846,0.21277006521943828,0.07937682127416548,66,119,20260831,1
LP0950,2024HU1455453-01,2024HU1455453,01,Female,88,1938,60+,White / Caucasian,High school diploma / GED,"$56,000 to $99,999",93098.425,42,PA,Republican,0.5584924431205894,0.2592505275805598,0.1400737702477238,0.042183259051126944,275,119,20260831,1
LP0951,2024HU1460841-01,2024HU1460841,01,Female,70,1956,60+,White / Caucasian,Bachelor's degree,"$56,000 to $99,999",60915.0,37,NC,Republican,0.4375367844053865,0.2801318452934819,0.25391791620237536,0.02841345409875607,76,119,20260831,1
LP0952,2024HU1461429-01,2024HU1461429,01,Female,64,1962,60+,White / Caucasian,Bachelor's degree,"$100,000 to $167,999",159394.25,10,DE,Independent,0.2735125257763141,0.4552546377990497,0.23938268282557404,0.03185015359906217,45,119,20260831,1
LP0953,2024HU0067284-01,2024HU0067284,01,Female,61,1965,60+,Black / African American,Some college or Associate's degree,"Less than $30,000",12386.05,37,NC,Democrat,0.07118325660161015,0.653701025855863,0.22618392518495414,0.04893179235757285,95,19,20260831,1
LP0954,2024HU0270699-01,2024HU0270699,01,Female,61,1965,60+,Black / African American,Less than high school,"Less than $30,000",5279.3,17,IL,Democrat,0.05338783568057349,0.5657759454285789,0.18825135212695548,0.19258486676389208,112,19,20260831,1
LP0955,2024HU0311042-01,2024HU0311042,01,Female,70,1956,60+,Black / African American,Some college or Associate's degree,"$56,000 to $99,999",67818.7,34,NJ,Democrat,0.07034035808643702,0.6982395083215859,0.17727333229905662,0.05414680129292044,122,19,20260831,1
LP0956,2024HU0339019-01,2024HU0339019,01,Female,65,1961,60+,Black / African American,High school diploma / GED,"Less than $30,000",22132.45,45,SC,Other,0.14153068010762673,0.5762172020525598,0.19323242068052396,0.08901969715928945,88,19,20260831,1
LP0957,2024HU0413163-01,2024HU0413163,01,Female,61,1965,60+,Black / African American,Some college or Associate's degree,"$56,000 to $99,999",90966.4,45,SC,Democrat,0.14236553146155365,0.5941713223312204,0.21924460632410797,0.04421853988311784,256,19,20260831,1
LP0958,2024HU0439817-01,2024HU0439817,01,Female,78,1948,60+,Black / African American,High school diploma / GED,"Less than $30,000",28325.475,24,MD,Democrat,0.057162366959492235,0.6833054822859702,0.1813783806634931,0.07815377009104449,36,19,20260831,1
LP0959,2024HU0541716-02,2024HU0541716,02,Female,73,1953,60+,Black / African American,Master's degree / Professional degree,"$100,000 to $167,999",116895.885,22,LA,Democrat,0.09722681854971842,0.6821912603806136,0.2008777936629145,0.019704127406753532,24,19,20260831,1
LP0960,2024HU0662871-02,2024HU0662871,02,Female,63,1963,60+,Black / African American,Some college or Associate's degree,"$100,000 to $167,999",121830.0,28,MS,Democrat,0.155957670092428,0.625154091554704,0.1708379665299256,0.048050271822942414,86,19,20260831,1
LP0961,2024HU0726027-01,2024HU0726027,01,Female,63,1963,60+,Black / African American,High school diploma / GED,"$56,000 to $99,999",91372.5,17,IL,Democrat,0.09670411973131479,0.6723873953562657,0.15654913970892909,0.07435934520349038,202,19,20260831,1
LP0962,2024HU0734412-01,2024HU0734412,01,Female,70,1956,60+,Black / African American,Bachelor's degree,"Less than $30,000",11015.4625,12,FL,Democrat,0.05818024978507355,0.758550682608301,0.129438147787135,0.05383091981949043,37,19,20260831,1
LP0963,2024HU0884071-04,2024HU0884071,04,Female,65,1961,60+,Black / African American,Less than high school,"$100,000 to $167,999",130764.2,18,IN,Independent,0.12091452950685971,0.5391527117458442,0.22952406431512704,0.11040869443216912,319,19,20260831,1
LP0964,2024HU0967590-03,2024HU0967590,03,Female,69,1957,60+,Black / African American,High school diploma / GED,"$56,000 to $99,999",56346.375,24,MD,Democrat,0.06418607764390978,0.6837305556116863,0.18758075500930538,0.06450261173509844,355,19,20260831,1
LP0965,2024HU1090510-01,2024HU1090510,01,Female,77,1949,60+,Black / African American,Master's degree / Professional degree,"$168,000 or more",172592.5,12,FL,Democrat,0.058285459952389214,0.7746443749019218,0.14493871039338452,0.02213145475230442,61,19,20260831,1
LP0966,2024HU1137071-01,2024HU1137071,01,Female,74,1952,60+,Black / African American,High school diploma / GED,"$30,000 to $55,999",40000.85,55,WI,Democrat,0.08302726102752643,0.6209502000037367,0.19539901618512087,0.10062352278361607,330,19,20260831,1
LP0967,2024HU1140426-01,2024HU1140426,01,Female,73,1953,60+,Black / African American,Bachelor's degree,"$30,000 to $55,999",35533.75,17,IL,Democrat,0.04601330280512396,0.7505010356687873,0.13280679122115416,0.07067887030493462,65,19,20260831,1
LP0968,2024HU1181945-01,2024HU1181945,01,Female,63,1963,60+,Black / African American,Some college or Associate's degree,"$56,000 to $99,999",73808.675,12,FL,Independent,0.09790057223047359,0.6852357195698769,0.16897722128207857,0.047886486917570914,166,19,20260831,1
LP0969,2024HU1237075-02,2024HU1237075,02,Female,65,1961,60+,Black / African American,High school diploma / GED,"$100,000 to $167,999",107718.025,01,AL,Independent,0.20542143819327546,0.5180276340319243,0.2163172259947716,0.06023370178002863,51,19,20260831,1
LP0970,2024HU1341165-01,2024HU1341165,01,Female,65,1961,60+,Black / African American,High school diploma / GED,"$30,000 to $55,999",35533.75,01,AL,Independent,0.1623812358237486,0.5125683621656055,0.20590946774170865,0.11914093426893713,128,19,20260831,1
LP0971,2024HU1349596-01,2024HU1349596,01,Female,71,1955,60+,Black / African American,High school diploma / GED,"$30,000 to $55,999",44163.375,12,FL,Independent,0.13201896928123455,0.6151046473129589,0.1726095730086214,0.08026681039718508,60,19,20260831,1
LP0972,2024HU0158023-01,2024HU0158023,01,Female,67,1959,60+,Hispanic / Latino,Bachelor's degree,"Less than $30,000",7208.275,06,CA,Republican,0.15725788782808342,0.5608331578946338,0.16959303238089077,0.1123159218963919,66,17,20260831,1
LP0973,2024HU0170603-01,2024HU0170603,01,Female,61,1965,60+,Hispanic / Latino,High school diploma / GED,"$30,000 to $55,999",36559.1525,47,TN,Democrat,0.4007873935837652,0.27647773139710125,0.1842660157536263,0.1384688592655072,390,17,20260831,1
LP0974,2024HU0275040-02,2024HU0275040,02,Female,63,1963,60+,Hispanic / Latino,Some college or Associate's degree,"$100,000 to $167,999",123860.5,06,CA,Independent,0.23475333304578583,0.5290008560344507,0.1696150894368334,0.0666307214829302,339,17,20260831,1
LP0975,2024HU0284523-01,2024HU0284523,01,Female,62,1964,60+,Hispanic / Latino,Some college or Associate's degree,"$56,000 to $99,999",77971.2,37,NC,Democrat,0.33066181878221396,0.3706268831753899,0.242848459652604,0.05586283838979217,65,17,20260831,1
LP0976,2024HU0440037-02,2024HU0440037,02,Female,64,1962,60+,Hispanic / Latino,Less than high school,"$100,000 to $167,999",121119.325,06,CA,Democrat,0.2686907394706001,0.42236509700111946,0.18540022660733194,0.1235439369209484,179,17,20260831,1
LP0977,2024HU0504308-01,2024HU0504308,01,Female,60,1966,60+,Hispanic / Latino,High school diploma / GED,"$100,000 to $167,999",136043.5,06,CA,Republican,0.29094992670316744,0.4716025605424481,0.15102222610370655,0.08642528665067804,167,17,20260831,1
LP0978,2024HU0657695-02,2024HU0657695,02,Female,64,1962,60+,Hispanic / Latino,Some college or Associate's degree,"$56,000 to $99,999",94113.675,24,MD,Republican,0.23002508722480877,0.47831230422940735,0.23983767791643074,0.05182493062935311,95,17,20260831,1
LP0979,2024HU0707768-01,2024HU0707768,01,Female,70,1956,60+,Hispanic / Latino,Less than high school,"Less than $30,000",26091.925,44,RI,Democrat,0.13231526686411177,0.376297307949488,0.25810402464371296,0.23328340054268726,319,17,20260831,1
LP0980,2024HU0880514-09,2024HU0880514,09,Female,65,1961,60+,Hispanic / Latino,High school diploma / GED,"$168,000 or more",207334.355,06,CA,Democrat,0.29124313183555567,0.4689030085762163,0.1462388520541789,0.09361500753404922,178,17,20260831,1
LP0981,2024HU1038540-01,2024HU1038540,01,Female,84,1942,60+,Hispanic / Latino,Less than high school,"Less than $30,000",11472.325,09,CT,Independent,0.1405911400164956,0.3830827445556133,0.1867090571003791,0.2896170583275121,92,17,20260831,1
LP0982,2024HU1057321-01,2024HU1057321,01,Female,63,1963,60+,Hispanic / Latino,Some college or Associate's degree,"Less than $30,000",0.0,48,TX,Republican,0.3108704095906645,0.34539889350243524,0.22887180343393443,0.11485889347296575,238,17,20260831,1
LP0983,2024HU1065967-01,2024HU1065967,01,Female,73,1953,60+,Hispanic / Latino,Less than high school,"$30,000 to $55,999",39797.8,48,TX,Republican,0.3800264926088573,0.24907965893804257,0.2037548083418601,0.16713904011124003,159,17,20260831,1
LP0984,2024HU1125524-01,2024HU1125524,01,Female,69,1957,60+,Hispanic / Latino,Less than high school,"Less than $30,000",14924.175,48,TX,Republican,0.3201332524794,0.3171353163624746,0.19641644002462316,0.16631499113350232,94,17,20260831,1
LP0985,2024HU1174293-02,2024HU1174293,02,Female,68,1958,60+,Hispanic / Latino,Bachelor's degree,"Less than $30,000",11573.85,12,FL,Democrat,0.23984776778443603,0.5306463030678955,0.15545139215776033,0.07405453698990819,126,17,20260831,1
LP0986,2024HU1195682-01,2024HU1195682,01,Female,81,1945,60+,Hispanic / Latino,Less than high school,"$30,000 to $55,999",40610.0,06,CA,Democrat,0.2534539937636074,0.40038979645090933,0.18633772276788887,0.1598184870175944,264,17,20260831,1
LP0987,2024HU1243633-01,2024HU1243633,01,Female,70,1956,60+,Hispanic / Latino,Some college or Associate's degree,"Less than $30,000",11472.325,12,FL,Republican,0.2699948185547316,0.47050101859743826,0.17070438499986726,0.0887997778479629,202,17,20260831,1
LP0988,2024HU1400586-01,2024HU1400586,01,Female,74,1952,60+,Hispanic / Latino,High school diploma / GED,"$56,000 to $99,999",83656.6,08,CO,Other,0.33847747463132405,0.3506758856375696,0.23101854616479914,0.07982809356630721,88,17,20260831,1
LP0989,2024HU0042255-01,2024HU0042255,01,Female,70,1956,60+,Asian / Asian American,Bachelor's degree,"$100,000 to $167,999",144165.5,08,CO,Republican,0.19097931312102764,0.4680067459966829,0.2956507805386418,0.04536316034364781,27,9,20260831,1
LP0990,2024HU0191683-02,2024HU0191683,02,Female,68,1958,60+,Asian / Asian American,Bachelor's degree,"$100,000 to $167,999",143150.25,36,NY,Independent,0.18027765547421892,0.5734152441719897,0.19754463215120982,0.04876246820258145,212,9,20260831,1
LP0991,2024HU0247242-02,2024HU0247242,02,Female,76,1950,60+,Asian / Asian American,Less than high school,"$30,000 to $55,999",45280.15,38,ND,Republican,0.23255875591416378,0.19219841017130046,0.4107772796458709,0.1644655542686648,73,9,20260831,1
LP0992,2024HU0460419-01,2024HU0460419,01,Female,72,1954,60+,Asian / Asian American,High school diploma / GED,"Less than $30,000",14721.125,27,MN,Independent,0.197706900280704,0.47386823284087976,0.19367074198628365,0.13475412489213273,172,9,20260831,1
LP0993,2024HU0896820-02,2024HU0896820,02,Female,76,1950,60+,Asian / Asian American,Master's degree / Professional degree,"$168,000 or more",181019.075,42,PA,Democrat,0.16377731819149519,0.6167799782750661,0.19361738454192373,0.025825318991515012,74,9,20260831,1
LP0994,2024HU0951824-01,2024HU0951824,01,Female,63,1963,60+,Asian / Asian American,Some college or Associate's degree,"$100,000 to $167,999",128936.75,06,CA,Democrat,0.21287246299784152,0.5098763602912582,0.21725314399232304,0.05999803271857723,92,9,20260831,1
LP0995,2024HU0980807-02,2024HU0980807,02,Female,92,1934,60+,Asian / Asian American,Bachelor's degree,"$100,000 to $167,999",138581.625,15,HI,Other,0.13705760336851228,0.5777116660450634,0.24193254421918167,0.04329818636724256,40,9,20260831,1
LP0996,2024HU1366530-02,2024HU1366530,02,Female,83,1943,60+,Asian / Asian American,High school diploma / GED,"Less than $30,000",22741.6,06,CA,Independent,0.24026431207479823,0.44527222861062843,0.19317869013625835,0.12128476917831492,64,9,20260831,1
LP0997,2024HU1404983-02,2024HU1404983,02,Female,94,1932,60+,Asian / Asian American,High school diploma / GED,"$30,000 to $55,999",48732.0,06,CA,Democrat,0.2552874598043789,0.4420146942981788,0.1994297966910225,0.10326804920641974,78,9,20260831,1
LP0998,2024HU0021717-01,2024HU0021717,01,Female,64,1962,60+,Other,Less than high school,"Less than $30,000",0.0,18,IN,Republican,0.2660670519011323,0.15490798383148666,0.3190858415755715,0.25993912269180963,139,3,20260831,1
LP0999,2024HU0629986-01,2024HU0629986,01,Female,61,1965,60+,Other,High school diploma / GED,"Less than $30,000",24467.525,48,TX,Independent,0.4320942579925649,0.18393964206177343,0.2563674703228328,0.12759862962282892,274,3,20260831,1
LP1000,2024HU1343430-01,2024HU1343430,01,Female,62,1964,60+,Other,Bachelor's degree,"$100,000 to $167,999",111982.075,48,TX,Republican,0.4128928934737453,0.2428864352247865,0.29391545543567144,0.05030521586579678,98,3,20260831,1
