donor_key,hash_hex,hash_priority,assigned_variant,assigned_filler,survey_code
LP0634,00a7e741185eda1be949beb98e5db90d3d6022223784d2ca213c780a9689e58c,0,1,neckties,control neckties
LP0183,00fad5b8dc93c3f8755fce6fe64352e665dbac5e9e0fb922f26ab5cd64877553,1,2,baseball,control baseball
LP0245,01e4919a2dd15574f9485c58750259a0cafa788e97132bb9542bc1f3669a56dc,2,3,dances,control dances
LP0727,023772907f5b294ec1933c6be0f8e22ebd66ed1b3916a22f1b4ee2a78e0802af,3,1,neckties,control neckties
LP0471,02d700c1e363eb6172d8082610b8ae4db36e51130a1d7a093f1415ca1382d352,4,2,baseball,control baseball
LP0019,02dfd0e1702e0051fe67942a8f146048b667b71381be9cdf3c6a4c5daa6ee935,5,3,dances,control dances
LP0949,03628c1cdc8c74942953b2db7d92cb51a5df3144a571919b9b46570a881a59f3,6,1,neckties,control neckties
LP0269,038eae543fb3e859a0f07ba8ba6694c4af30e5d9c60866b705bc1be45d04b454,7,2,baseball,control baseball
LP0404,03d7c9d5ad7aeccc2f878c66c8e67455e746c98584b83eb66b19b0116de06355,8,3,dances,control dances
LP0229,03ffa070ca4057a732461c6679ed6fb1f38b15d6621ce5d1bab8aecfdb9573bb,9,1,neckties,control neckties
LP0600,043af9cf4c8de7223659f2f988f32d92fd680b839eeb41ab0491d5b966f8ea04,10,2,baseball,control baseball
LP0014,04636adf5f0275771572908d95402b32db1ab93e98ad9a54c23fd038574de8c3,11,3,dances,control dances
LP0664,04ce05d9a91efcce0e514fe4a1796748c3a73da0e5e6f7bc960b1dcdde90e678,12,1,neckties,control neckties
LP0238,04d7acbee2a4543a4c1ba44fead389c60d3678100144fe4a2ce79f7424934597,13,2,baseball,control baseball
LP0349,04daeb28344a837f898288460461cd41050270cf2e3306739d8507366c44cbfb,14,3,dances,control dances
LP0926,05884df31099202bb0af6bd1c1a0a8c98440682e8e28866c216906d930bee0b7,15,1,neckties,control neckties
LP0485,05cf977d5cf4edee3a0a18332b3819f2481e59c0364ba0f1d21041a58b09ea6a,16,2,baseball,control baseball
LP0468,068d3a304c142db61dbae4688fc901ee7694b1ffee199ec23b7b087346b7b2b4,17,3,dances,control dances
LP0620,06a0f378567056da4d520027d138e73eb69d6af420e7b4266c652bba9778616c,18,1,neckties,control neckties
LP0672,06fe62efc2a1c631cdcb8031e1acb6441037b62e463fcba88f143360412870ea,19,2,baseball,control baseball
LP0283,070ba54734a3fc7f2d80d44284f753672ec989ca63101abfe5ed3d2bfb4b5551,20,3,dances,control dances
LP0462,07b798389620fdb75191e62cc66be61ad41cdae84da39eb66b3bcec9e6762de0,21,1,neckties,control neckties
LP0581,080d932b398d3b0aedad642bf12870e54bba4b1b6b602b53fff7108128788148,22,2,baseball,control baseball
LP0864,0814ad010af7d7f02bc32da01ff6e60aab595dc42dc6d9b274a06ba79eec0f4a,23,3,dances,control dances
LP0721,083b33cd556f49394e3ade59fcfd8585b2daf97566ae23eabb74136b951e1960,24,1,neckties,control neckties
LP0863,089479032c3b981982f73c14bb03db142c72aadc3f5fe65c2d9612475d551329,25,2,baseball,control baseball
LP0892,08e43486d0e30019bb1999137f2d67c8a8d196ef3d598cd7347c97a7340d0192,26,3,dances,control dances
LP0877,097f9b752e0eea9d7b147a429efd3acb794c4f6977b775ae4517e51bbc8c0ca0,27,1,neckties,control neckties
LP0384,09b0027c6039d5090ab154199f59ae162798fbfa62c531edce2adb5a75781e43,28,2,baseball,control baseball
LP0043,09b886eb005329170983bf245fe6c6e12e0c770f3a63584e7210d348dcb85b4b,29,3,dances,control dances
LP0555,09e080392e42c5ec4138bf134f96a14bbede7e6550d66b28dbfccf50fe64b3bb,30,1,neckties,control neckties
LP0047,09f344aafce6f2ab8793b847a29526c10cb7e8da8ed0ab195fcede60fb8f6efa,31,2,baseball,control baseball
LP0696,09fa6359d2dde144172eb35f41ffd4d74cd334e7260633924fc6777555822293,32,3,dances,control dances
LP0369,0aa69de1e6b9a6ecfa65662ef96bbd83fb4f8127105a50aa3a85bd429d06014d,33,1,neckties,control neckties
LP0899,0b27b8297f4cda0e20e84d61bbd96e39b7601d83c348ed0a784d85bc81307f2b,34,2,baseball,control baseball
LP0422,0b2bb81a8a067f6f2e7707088aa23d8a430f08c9881bdaac965f890cac22b988,35,3,dances,control dances
LP0323,0b37244f459a5aba1247c9295e00a6ffe95f91fc21e2e0db7391b0f00cb88766,36,1,neckties,control neckties
LP0069,0bb6d599835fc6245108c77f4a605445f6e6668788b998658f8fb1cb7419c5d2,37,2,baseball,control baseball
LP0439,0bdd41949e053b46d3122166c2ec08d046d3c58c149f31a9efa1d8b142c5c438,38,3,dances,control dances
LP0440,0be93fa0b5a94f0d09bfc91b3c17c9ebe01c8b8e6c67f7a85eb36db978c3bb47,39,1,neckties,control neckties
LP0760,0c025b2e665ab503edf5ff55ea18d17647569279cb6372e89cb7933a9490e3d7,40,2,baseball,control baseball
LP0763,0c07632b454c9fe62cfa11dd668f8331e0b050b33253a933b0ff8d079f89936f,41,3,dances,control dances
LP0153,0c3c0107910f739828887b15545f7cf7c639fa77314cd1008ca96f6bea7717f3,42,1,neckties,control neckties
LP0828,0cd0d954f8c830aedee4af79751e1dd1f7ec60696586bca730c4e6283957abbc,43,2,baseball,control baseball
LP0168,0cfd3de8864eb2e583890e9b9f448fc3e5bbe70040eadd47cfcde22420069cbe,44,3,dances,control dances
LP0446,0d26b76f5246abebf006057e5066d67b4c9ca20917050292333cd85143f64264,45,1,neckties,control neckties
LP0490,0d4a1d881577e1586c22afde47a666d80288c485cae67d2f79bb8c781d9edcf7,46,2,baseball,control baseball
LP0428,0d5e0f8629bdab0d5972a714340ef943466b858dacd2279eb8d0b73bc816633b,47,3,dances,control dances
LP0458,0d6d73f29f1f64c51cd651be4145bd1f7d0df94ca380397bf204e911c7aada60,48,1,neckties,control neckties
LP0064,0d8645f504928c916aa7b918f4e4f9b9f6e985bac328a3bf75da7f80bd0e138a,49,2,baseball,control baseball
LP0865,0dea96eb2e6c6f80c525f3651a436ed0ef768b16a2db92189dcc48bc63871ec7,50,3,dances,control dances
LP0844,0dfc8a70b8a112e9db9b65ec346d0aa5fe2a3a4e68d4dfa4315b186b5afc0f15,51,1,neckties,control neckties
LP0626,0e01e652822d7f32ce771d93f354216b551da27b0e9f648b19e66fe83503e0c0,52,2,baseball,control baseball
LP0082,0e16116ec5d7e12386848ba7355b76c5f8c82cb67cd1e7f99d0124312202c1af,53,3,dances,control dances
LP0389,0e374bed533bfd0f047d7e488a61337f2be28d3788e5eb6fa08b62df4fbea252,54,1,neckties,control neckties
LP0514,0e3875cc89a1be99f8cd1792329096ad7469eced2c5b327a85e7638402d11a25,55,2,baseball,control baseball
LP0415,0e7f503dae0bc5c5697e2d884a890c97ae6015439e6cd7393677be8ada211fd2,56,3,dances,control dances
LP0871,0ee200c737743ac61f1d2f716d959ede8a4be9e201c2a2be9848403d13d7e46a,57,1,neckties,control neckties
LP0604,0efc4a7146032c9c5c10383854ddea615d3e729a518a4c657f5d2b5bf18b002f,58,2,baseball,control baseball
LP0267,0f0347b54b0bd7e51e53bfe21f35fc6475935b8069e66f2338a64a953eee1d45,59,3,dances,control dances
LP0040,0f110037f993e35c42cf588bef5a9ed5877e56ae31ba8a9042d1936fe05f3297,60,1,neckties,control neckties
LP0336,0f212eb09fc07d785eaebdd6b64ec4590fe5492f7158b1f92b2f8bc138ed7c94,61,2,baseball,control baseball
LP0198,0f86334e3843d93cb9360457f8c4c9353d307583b68905a6481f960d266af13b,62,3,dances,control dances
LP0750,0fc1b88c9ce2542c57f78a85e8be4fe0b466c274ec3fba805665fe47cd15284d,63,1,neckties,control neckties
LP0953,0fdbcf080c880fb162e49da65454be15bdc360779c5a96f6d20794c8af38ad0d,64,2,baseball,control baseball
LP0498,1099d4a3456ae647b91961653fb9008519733b83d0c4729daf2c43b13702aca9,65,3,dances,control dances
LP0671,10a7068010b0578c63cdcacea9f79266d42498a5d433a04d7b22aca1e8cb31f6,66,1,neckties,control neckties
LP0382,112f9c5c75e155d088cbaaf3d6017e93b9880b9d2fde5c258d30ccd2b72fb15a,67,2,baseball,control baseball
LP0367,118321e3fec886e23b20eb75d993891f50b742f74d557bc3fac896e193e1c45c,68,3,dances,control dances
LP0587,119a9404b3bc33afd46311bf6e63957f550b0335abbbf888ad9aee329fede81d,69,1,neckties,control neckties
LP0813,135ebdece691bf6b8efe5add55000f5261fde70aab42037cb83c3ed0a6a6b5eb,70,2,baseball,control baseball
LP0212,1375035cf9384b2f61487a52890f8696c297a19dc98ad086c31a3ca21f132387,71,3,dances,control dances
LP0441,1388e5640e6cacfbeabdf2922ddc8748767d1464e7764caf62c96f30826c16d5,72,1,neckties,control neckties
LP0697,13a5d4d113024738dc3c6464e24ce408968e2ddea014c5b5d6caefe1298be67d,73,2,baseball,control baseball
LP0552,140b2d23977ae83708ee5ed2ee854c3015e4437a7eb6b461902545bbb3230f88,74,3,dances,control dances
LP0952,14356108d607ed96d1f3b6816f99c26ff716fe14517db3f9f33a7f2f7fecff5f,75,1,neckties,control neckties
LP0982,1436e3ce57436f85479477402293252cee535d0e7c5ceaacc5cfbb87a3634065,76,2,baseball,control baseball
LP0015,143c1c6f4c5ca10c1e866540e6d0f9fa977fad20f564ae0ef24ebd3ed092d73f,77,3,dances,control dances
LP0060,1469de2ba4f263df3a8bcaab3a80caa01f0d0b6971d368c1d0268e47be05cd07,78,1,neckties,control neckties
LP0251,14923f0dc83df49e8f08d2cf57bd55c1f0f3ff42e8faa39b238b36d27c8c27b3,79,2,baseball,control baseball
LP0225,14c7b8f933fb5e5f83464cabdbf80f5ba937427e67431c795a72fa16407bb36b,80,3,dances,control dances
LP0148,14ce204a89c034a9c4f77e969998e2071a799d207c0a0fe621572fd9967eaf87,81,1,neckties,control neckties
LP0499,14e2b289c1924aa55ddbde968c2b0824329603dcc0db90ee698d8578560ba942,82,2,baseball,control baseball
LP0797,1501454cde872c37b219a4a15533b1d62d817636f848bfe1ff5dcfde21bac3cd,83,3,dances,control dances
LP0289,1518375286cf44d75f1d2f108615c4cd3da9fba2e8496377c6ed85dcd6f5bb59,84,1,neckties,control neckties
LP0086,157b65cd25de674eeed919f37144502c6010a9cc53c359e91178d22c38a12763,85,2,baseball,control baseball
LP0298,15fcbd5739988133a8f6fe4da5832897d06aec57c0833c30cc8182fd78e26f69,86,3,dances,control dances
LP0607,1605f58f56462a79b6f0235dbeaee96620d06441c1ead95db889edcf4d500024,87,1,neckties,control neckties
LP0542,160ba5836bbc87b64e14794c4811c379fb04f9e3548ecadd82419c38b27667b9,88,2,baseball,control baseball
LP0914,166075859f10322fd1da222f59060116d436f27bf2f5967c6002798676bb3113,89,3,dances,control dances
LP0955,166577ab450944880b18915d0a6bea2408f7aa10a634e4dbd7f71aab9c1b661e,90,1,neckties,control neckties
LP0872,168b6b9739ed69e93eeb8528906bb98191ee478bc33e33abb567bd796874ad46,91,2,baseball,control baseball
LP0454,16f3eaea3efd42b5b2bf868dec3179d9f31386eb12da39b2ce35e9b93bd2206e,92,3,dances,control dances
LP0418,172b4478e15f18a2f3a17d29864f3ea54bd936a59f9283785c5553b0a9f49b82,93,1,neckties,control neckties
LP0633,177fb3b53b95f8126f2c33696b205e9fc24d392096e77d82b69ac41c417c79cc,94,2,baseball,control baseball
LP0978,17c17b025d0018b36eef749c96953966891b6da66cd91bdee9c78b42b60b20f7,95,3,dances,control dances
LP0330,18759e111a7de18f26e10a7cee04121b0bd7f8be84e059e83ffb349e3e3a1d7c,96,1,neckties,control neckties
LP0615,1922ee3cc9503d7029b5f4256f6a31d674ebdf27a8cbd4245296840514c5d9c8,97,2,baseball,control baseball
LP0240,194d0bbd267d0f02e1b1639a1414fbfac8ed7a9ba83e29124b37d1ed2ff4cac7,98,3,dances,control dances
LP0565,1a024c47632a0d453a82d343cebda4ed7ec493ae97741e3a7eba54cef283a3a9,99,1,neckties,control neckties
LP0413,1a3ae4bc27b3f128482bc76cfe52521d726d24a3eb11f9ce70c66583bc24fad3,100,2,baseball,control baseball
LP0751,1a5f0e0e4d7de064c3a38c44516976b4628ecb62d102190c2cabaaed404cb96a,101,3,dances,control dances
LP0339,1a94e83989272eb3415f405d31902b8784c49fcf5defedf38d63630995de9b64,102,1,neckties,control neckties
LP0431,1af1b21b327135f7ea618dc6040af47b53532c7c90fd187358bab0856749b59f,103,2,baseball,control baseball
LP0574,1b32c8258964404358d0304d1263d09680c02d2b132e2b240979b77e2a122881,104,3,dances,control dances
LP0191,1b745e3088494cd54647380faeb7ef3dff4973b7a4b10d08286b5a964b8f3c8d,105,1,neckties,control neckties
LP0101,1bdd3bcabefe9cb94a10f7c0453e0ba3854801be36666234ee2c2dfa6a46809c,106,2,baseball,control baseball
LP0678,1c46e49b75d9ef2ecb9273e91de25946e9deabda0ecf9c9409fa05bc382aeddb,107,3,dances,control dances
LP0300,1c6479bcf5d503ba92417e4bca5885a5bbf4edca255a9ed593f52f70d53487e9,108,1,neckties,control neckties
LP0653,1c9ead05d4ce0041d6998e83ea7c7bae502f90477f292ee3fee45e33d483dea4,109,2,baseball,control baseball
LP0667,1cb0ad1beb824c1d68473a35c826b0b24d7f97abaccb183f2b863b4c534fb8e0,110,3,dances,control dances
LP0707,1ce63c48645e447babfa115e107cf8f41664da8a17a824d9446befdab4afae11,111,1,neckties,control neckties
LP0695,1da84caf42095b34284d18109905e25a4a0079acc91dbe22db56879f6f3940ea,112,2,baseball,control baseball
LP0776,1e6764c6ada16bac90cba8a43e193ed2ecd4530c7ddec499680cf3c9c119eed6,113,3,dances,control dances
LP0758,1e94a3534ef7a3c0fe026c2a7cb49ccd7bead9190e339d607d913f1bafc76a0d,114,1,neckties,control neckties
LP0890,1eef42da5deec6cacfb4c96814bb99d1ddd8082151f0cb88ef18867c55c2da24,115,2,baseball,control baseball
LP0036,1f23f5fa80c11ae696f4fd66228f000ec08d5b167095fd2e831176d6a2522963,116,3,dances,control dances
LP0573,1f297a6647e6f661f4c82efe2f9a9e89352aaad4401b420d7e1436fe301ef8c3,117,1,neckties,control neckties
LP0329,1f7c9274464fb7d4856c3e3f1e718ed08c8499bbaf6f6c2c8e9ab501bafc172b,118,2,baseball,control baseball
LP0114,1f941b149a0213dbd1c7060c37f4794f767b41e9ad25b5d8837f328b9d0f7b7b,119,3,dances,control dances
LP0392,1fdcd19ed3270297b499a246f8834b7f338cd5dc7055389455ec923f74cf3bc0,120,1,neckties,control neckties
LP0081,20650a430680c8812da290f7cee307510b74c57f011082450c86baf0c770ae39,121,2,baseball,control baseball
LP0787,206c53b6871938dad4f63001e50fa71817339aa39271667c2ab91e1620d7f189,122,3,dances,control dances
LP0062,206e02042693fec07840abdccfa69e7bd02a8d1c411fb55bd2e976be44970300,123,1,neckties,control neckties
LP0252,208b818901f20bd4e27705160cdf9dc73935758d90065c56e285be992612b534,124,2,baseball,control baseball
LP0913,20b552be1567caa97205b5bb21421daf9bddaa8355acfd38f5000df5fe846446,125,3,dances,control dances
LP0866,20bc634ce5842351d2cbd68ba15b0cd98e168d95351fc2b2492e0cf49102e8a0,126,1,neckties,control neckties
LP0292,20d305f2c39678563a4a22aad030e59de79e50577874ffc1e854e077bdd2de77,127,2,baseball,control baseball
LP0530,217a3e813196542e5a906b9737b75708a69fee2754fa93e19de863620787a5c8,128,3,dances,control dances
LP0781,22c86cda1f110414f957e5224870726031e074bfdc79a3ebdb7668f2398bd509,129,1,neckties,control neckties
LP0109,233393e51eadb06ada516f2c0e7a263af0b59437a24c67d772bbb61bf121ed2a,130,2,baseball,control baseball
LP0842,239d0323a5abeda2b0551c187d71b99a0d46259076cacb52feeb8b24da212f73,131,3,dances,control dances
LP0965,23e69a3c682e057e3f0e86d696728279522bd87f5498ca564fb4a8adf92d2a6f,132,1,neckties,control neckties
LP0658,24e7bab239843f6eb6b1f9cda9215ea8f571fcd5b01121808d20a90ffc758a4d,133,2,baseball,control baseball
LP0563,2507dac226f7d82d886db8ad3a3d580f103d0d246c967e2f7cd0315c0dd2ae6f,134,3,dances,control dances
LP0740,253dff9b87ea0ec182e192dae114f07fb1165c66ef63964023606148f786aa7f,135,1,neckties,control neckties
LP0068,25413c6c05f0cb86edf37251b4790470ff97970ebfe2eb6ef9a0eb9c70fe86b9,136,2,baseball,control baseball
LP0766,255ca05e828fb400aee8f891c8ca48607b7eb2045435a782d39744de7b838222,137,3,dances,control dances
LP0961,26198a9563572e66a147ce4badc6f3c90b39c3741d63193cf5e957d093c4eb95,138,1,neckties,control neckties
LP0188,2636c91b123d02dda8caa8cfca91c7697de620f157c06ddf54095259f9fb079a,139,2,baseball,control baseball
LP0540,263ad83f692e0b824868948d3ee52379818059a98af2248c0eea30836ae7725f,140,3,dances,control dances
LP0435,2649bcc71b4535f4af27c19d905cd26414b6d60c49b87ff2bf1e43f433ab7913,141,1,neckties,control neckties
LP0846,267b223e1db54edc1f2b57f580d17a0b305930728fa573431e69210130ac3bb3,142,2,baseball,control baseball
LP0889,2685b0997cb214864171a2ece12e9d3cc6e71a5e5ca274024fe43474b86908ad,143,3,dances,control dances
LP0233,26c08cfc5f8c1d71a8330ee1a62ca079599a2ffdd2c15f412eb681b4f8321fe5,144,1,neckties,control neckties
LP0354,26ca34f378a01e9c04d1afa8e66f63392d2f1b028063f8714971c85d7b221e39,145,2,baseball,control baseball
LP0091,26f8dba17bb8eceddc9e86bcf8a9eb83f70074a454fbb340fd439f514db50d7c,146,3,dances,control dances
LP0146,27a8ea74959eac6638bcccc5b88f69d75d52f9961b6133ca0abf4617acce09d5,147,1,neckties,control neckties
LP0496,27e442cc5b79a63429a95f4d5a67d15426437f0fc36337d61588abb0e95f6842,148,2,baseball,control baseball
LP0779,28198a32dff56c4a0017d538b0845c491d4039daa41ffc80709b05fbec0e8ae3,149,3,dances,control dances
LP0995,28201c3a96489f53965c3444d4b5b6913ec3508ca40704348d694ecae6939d40,150,1,neckties,control neckties
LP0272,289a47ee2537e0455b1b8f9a8b3dadfab705a276b77a9f3a8ad0be79d209c731,151,2,baseball,control baseball
LP0806,291ebd277b46fa2e4135920a4d27d9c9416b657d3f8f179684fab2595feb42b1,152,3,dances,control dances
LP0942,296da21bb2fc91f9b443331a590136c35e5752a746b97038272be228eb4cb43e,153,1,neckties,control neckties
LP0208,2980a062c5b621db13ae7e469ab315b93c7c7354f3f28e688da880d533ea4225,154,2,baseball,control baseball
LP0752,29d2dc21c4929cf321cc9490fcd430364e5907a4cf4882ed4bbc626d86d2977d,155,3,dances,control dances
LP0537,2a5382fd3a3439810f8ce022588699f659ccb3292f66b29d491cd3969d3cc692,156,1,neckties,control neckties
LP0317,2aba5da1e99d0e48bd46715bb22a3239d93fa8e8afa37477db3172c0530f012c,157,2,baseball,control baseball
LP0882,2ac3d66ed7b44b68393c5cf460b771138f7b686249fd72bcf54a8ecc0129e928,158,3,dances,control dances
LP0533,2ac5d5f4cda3f4a4a7b6796b489e37bb524ddc4e93d0be96d8fde0f535c6ea05,159,1,neckties,control neckties
LP0190,2b13f00fe577539afad263b16d0ac4f8d5fb2cdc7739ef120cbef6d24da85179,160,2,baseball,control baseball
LP0089,2b3b8adffade573fa2abf0b9174b0f195ff2f83774a6813319b35cf8800d5b1c,161,3,dances,control dances
LP0547,2b54da7392eab4cb4682d45be567b3bb5cd036c5af1786560fd766abbd1677cf,162,1,neckties,control neckties
LP0399,2bde54df6bfe86ba1eac9fc25c5a774164980a0be3a1fb62bd3ac03ee7744e36,163,2,baseball,control baseball
LP0266,2bf5975155315efc64dbb039d104292f80515790eb8b542381dcc0c381a64b1f,164,3,dances,control dances
LP0129,2c2d0b9f138b954142a0ae9b063727b2a78c83ef8f9039bb1cd3b07c2aa2a14d,165,1,neckties,control neckties
LP0465,2cbc6e87383ecf36175b09b90f9329a20624b58d26b113824b90dacd7fa49497,166,2,baseball,control baseball
LP0456,2d729e4ea6fb1b48c72cdeea5158f9af22d2394328d4e2568e3292be1f152c6b,167,3,dances,control dances
LP0139,2d74e9f300e134310b4a68dabb8d66cf0eca9e0ccd5757e72d7a12908c84195b,168,1,neckties,control neckties
LP0096,2e4753673230c25e6975bc30f0f03063de4f967e4f720cf57a34cae46a472989,169,2,baseball,control baseball
LP0609,2e9ca7f721104aa12e5af2d5cfb65d885de81a2f9d89cdad6a33d3f2b9cc66a6,170,3,dances,control dances
LP0502,2ea9f69f8f6935808df3550f3112b85d12e26b1ff0f67240855c66f6a3bb4f58,171,1,neckties,control neckties
LP0728,2ef31db0122fc4788e0c15e48e93e51cd606191a9ae2c94fd59cf1e3fefca22f,172,2,baseball,control baseball
LP0801,2f9fb5202554166f806195af673c084580adac77f64d700f8946c5b78d0408a7,173,3,dances,control dances
LP0934,2fbc5a67391377d1200b456932dab7d3c88a740b1a8243fa34cc4ed9f1cf2a53,174,1,neckties,control neckties
LP0990,2ffa2ee7ae5d5d5e8e96795df09c8e1033eb6f2f95e6df273634076d8c174928,175,2,baseball,control baseball
LP0199,301bd93697f1489415fe6fc6e0fbfd51238b4d3b8382f9d39227a624bcff93b4,176,3,dances,control dances
LP0031,302641d9060dfb227c0cb7ef3662f6d7a1f92520a5fc6e78e4488028076a776b,177,1,neckties,control neckties
LP0566,302d6f2450656b074768c29cddf19ef471d85f702c2758966de4b3472dab813e,178,2,baseball,control baseball
LP0016,3031d5fda714e96b71c19f879fca7bf31cb123c37f09dd377f1048d94dcd3750,179,3,dances,control dances
LP0560,307c0d07e3aa4b72b78284b422d0530c7d85ccbb0397b233f3dfa03755da1849,180,1,neckties,control neckties
LP0386,30b2298a287d16aa0d459f69e2c104137ca94db1b7ca411384219dfa55f916bc,181,2,baseball,control baseball
LP0756,316274befd1fc69dd1313ef3f897f8759a94d0a67441a59f747e9cbfb0fc5570,182,3,dances,control dances
LP0808,317e66fecbdd3cf6cfb675cf8a5affc5c951d8c6f7aa5cb1f0ef9ebec9bd0b86,183,1,neckties,control neckties
LP0326,319d1c97819648efff6afeda413e1e5ca603c3691a0be9b8fe2aeffb9ba65f91,184,2,baseball,control baseball
LP0771,31b062896fd287f9ba79e337af9c3fe0a3e82e852ed6b4620f251d8ae1a74be1,185,3,dances,control dances
LP0976,31e38cf69ebcf7446af5dbe8130830fb9615217b7559fd805e232e9c8f38fe23,186,1,neckties,control neckties
LP0823,322209c550caa55bc960e24b5cf0d7894af4738b654bdec7002376b90648665e,187,2,baseball,control baseball
LP0912,32ea2f96d7bacc9e2955c1d15598c9d0231113899cfb094c922ee5b261119c09,188,3,dances,control dances
LP0613,330e03f3481b8f428d369b496e365f5459a5b72e11045fa31c23e3d6b6c37244,189,1,neckties,control neckties
LP0665,33753caad3d878777e3818e354bbb9c1b2e771199f85bdff42140a54ac199923,190,2,baseball,control baseball
LP0174,3403fbcd58ffc66dd55514ffc63449dd755c45c294531757e396f57deaf08d6d,191,3,dances,control dances
LP0709,34053d0633457f0a9f7531c056e540b3c973f98909e66f276e0e37e6c1b7a0e5,192,1,neckties,control neckties
LP0930,342b6cd6823a6563155bc47448db1bbb1c72b1f15333d22726b2ba784f4980c0,193,2,baseball,control baseball
LP0477,348b427ff2bae2c1c2823a843bc8f5f2f7ba8e6784f902a645bf980b1274dc93,194,3,dances,control dances
LP0596,35150a223bce32181a90ce87675e325c2abbd7b0cc8205294060cc3cc4132ad8,195,1,neckties,control neckties
LP0353,35996e0b1b009baddb75379e294a74da0b438c5c83768c928208f761434d0c4e,196,2,baseball,control baseball
LP0708,35f86d309621073b0f74a5a2450d5d607785cd6ceb5e3f5bb0017b6859eb768d,197,3,dances,control dances
LP0742,36436009f482e21ec138959f41faa5a4b3980d4d5e0aea5529dbbb71dc568502,198,1,neckties,control neckties
LP0985,3667e6816a04aaaeedd0b222c72e9dfe1f923bd99d6d4d3a693d6286903728e9,199,2,baseball,control baseball
LP0983,366c6c644ec787c1de5d20d017ec06b5dbd82d2c5d2cde5acc815ddf2f469ff8,200,3,dances,control dances
LP0791,36b4d8be9e01772a7548762da9841fca090501591c4fa30920381bd2df91ccc9,201,1,neckties,control neckties
LP0324,36b67bf7076d4f09bee1f15c16856464a3cbfb95bf71745ba74105668ad2711d,202,2,baseball,control baseball
LP0759,376b234114ccde627396bb9be1ddb6cac7be8e69e9c513496700b2285b46e702,203,3,dances,control dances
LP0962,378acc4f28335c56a9c6d34155a7f6cca5714821b5b66c4047c20227b1a7f420,204,1,neckties,control neckties
LP0165,37b289a6413f66e9e9c655c65b7ecfc14e77fa6793e294d19910ec3f1d1ea10f,205,2,baseball,control baseball
LP0784,381ad281b540d02159a224b3d0c8a1738541db9add9a422bc997fdf527a7024a,206,3,dances,control dances
LP0478,382e2262d0ab84474e58d95acd8979c2ef9ea6a64cbbf84cc64e9748053501ab,207,1,neckties,control neckties
LP0066,3880ff7b77252796772c8a5d5544797ea099adb8efd42c5f213e7a4d347b0929,208,2,baseball,control baseball
LP0322,3896848f812826f02f409a4a21d634740e6a581bfdf175025706f62dc6d8a72e,209,3,dances,control dances
LP0449,38d95f06c8674c16041bef469af03f749c47c7bbfb14816b7bd6fcccdbed5f2a,210,1,neckties,control neckties
LP0423,38f08e9ae6eae6e84ec907deb187357f65234d994d1aefceb98312a4df9dbcf5,211,2,baseball,control baseball
LP0738,391714ee521cfe1b7ab152938640c881a4d7b00f7b9c78ce2ca691f81f94be8c,212,3,dances,control dances
LP0142,3940a7e914dc688390dc785a3868c773cfcd75c380a873573752a5d4ee609eeb,213,1,neckties,control neckties
LP0997,395382ff7d0d47c6d9ce8fa3137af0944c252c1316f5b11e0dcc652d0c36ed04,214,2,baseball,control baseball
LP0352,39e0c976973eb8aa33b28e45d5585da68d0c9334de64182c08ad950030182ee7,215,3,dances,control dances
LP0244,3a389f0607842d8b3fc32f5d3bc59dfe9196e3041361e29ab719f37b6249f5d4,216,1,neckties,control neckties
LP0705,3a4f9a537d9478aeccbdadfb97cba038a7c101ff2ea050e6cb471346e5cecdd0,217,2,baseball,control baseball
LP0541,3a9a0bd3daaa1a4b6f6dfe44cd43934007a34863c2c3859d924bcd4531b50eaa,218,3,dances,control dances
LP0484,3a9ea2aba6434b69f84f15b9492e2877fc69f9cfb82f6ff8f61d17144676d707,219,1,neckties,control neckties
LP0421,3ab6d9f4a60befde55dddf2f289f5ca9ba63acdda774e2424b536c54484d097d,220,2,baseball,control baseball
LP0711,3ab931b809571ea1444fd1662e762e371abd08a47e29d192b7c1b16e49b10d71,221,3,dances,control dances
LP0231,3b198a1118415269750a511d2230751ac1dfa5e634a7350ddf0b0169e28ab048,222,1,neckties,control neckties
LP0946,3b3bcfffc92a21794ffb971c8a6d4b6aa5b7604873447bfbe93a792882a9f8ef,223,2,baseball,control baseball
LP0455,3ba9d03f137eeee70f03953a190f92bdfe459fdda46e51003dad3a23abc6bd93,224,3,dances,control dances
LP0680,3bc08a0c34a3d07d243d1d8dd60f285bf18e41628f4ab6a24502aedd590a0043,225,1,neckties,control neckties
LP0076,3bcfa2f9ae44cbdf948cc68296365619f1f157688976eeeea358a8728d0497c8,226,2,baseball,control baseball
LP0857,3c3551634e144e0599884d8c340345d1be2d5147ebe7bf176190191021c7be61,227,3,dances,control dances
LP0259,3c42c7b0fb4895b28653b5c6af242e7ba5b865f85b9d91ab7f1a2a767ae57612,228,1,neckties,control neckties
LP0154,3cc2e279024fa06ffe913f15657dcbe6ede74304779f2f51bae62052349bd0ce,229,2,baseball,control baseball
LP0261,3cccf26033e032a32fa728920a6ce843c4f47736678cd0c340861224e07fa258,230,3,dances,control dances
LP0531,3d32873925e1f150182fdd30a5b7f6bd46c35f769c2749b1c536ec5e7d6aa27d,231,1,neckties,control neckties
LP0104,3d5bab8c251c9b79ef23462cfe385f3c012d45156f899915499d8734ce9e9861,232,2,baseball,control baseball
LP0140,3da71e921ddec7cf9dbfde62dd5805927466a00ecd1a5453d2b1fb069f4ecbe6,233,3,dances,control dances
LP0444,3db2ff9c5692f5068083d5448dc01eb6e0a6538766346cd4b4f6c22b176b9975,234,1,neckties,control neckties
LP0396,3dd9ca1e8b11121eb892f3607f40fa048a70b6b0f03c9f8299dcfc5a8cdd549b,235,2,baseball,control baseball
LP0457,3dea33bd489606bcd9fb8f8c6f69618a55d6cfb353707e5c7ac683b11273d81a,236,3,dances,control dances
LP0941,3df4ed820d963aafc5c83e291d9adcbdbffe0390a346b58e47ddc44e3d8e6086,237,1,neckties,control neckties
LP0922,3e6c9a716d0cc236fdc31e5493b15676bc8f13a03972e85651c1007488b93f4e,238,2,baseball,control baseball
LP0970,3f1cf3dc61e41a12d44df678ee3afe8c58f2a603cd3f0e9c57fd4e7ab675d0a7,239,3,dances,control dances
LP0753,3f2eb09117eb37e6e86a12cddcd5bffd4f8474d6552d7a4eec555f554571ca1b,240,1,neckties,control neckties
LP0879,3f6a77fdd82e2f648abe01b2bc0862666d79a548b527239903ba216a098801e1,241,2,baseball,control baseball
LP0325,40129344c62d44e925f1833805d13ccb340ccf74fc3777b4a083087260c7e0d8,242,3,dances,control dances
LP0284,405af0625b162d73ce3e413847a501ef2eb25a83e74b5d220600616109c02c3e,243,1,neckties,control neckties
LP0932,405bd940851c35e612dbd39ffc469c2c23be76106a566cf9ee3f32ac75fcbd6c,244,2,baseball,control baseball
LP0971,40cd15db49d3c51562763795fe7b9d4a41c3a7e9f16d219f8d68170ec5e274a2,245,3,dances,control dances
LP0837,40ed8d3e7b3ec18d0ba08eafbdac0fba7cfdd800c4b5e71e839cee39fb3a16fb,246,1,neckties,control neckties
LP0150,40edb0e34fa663d99c0904819344aa96340478263e5fabc36e0679e930dae4ab,247,2,baseball,control baseball
LP0550,4107237ffa307ba6960d27fef42b71744afde200c655af8604758abd93f57880,248,3,dances,control dances
LP0356,4117b913e2c6a14cc51eb4fe7751dd47f46b797d340fabd800a115df3b71d33b,249,1,neckties,control neckties
LP0020,4131677081d81a0080f6458d3ef7a50a2dcca77c61164d9b001095c33dceb60c,250,2,baseball,control baseball
LP0878,41cf5f8c166de1ccfedaaec2ddab529a3fe053c094e56551dd2af75b4fc57f10,251,3,dances,control dances
LP0731,41eb90006a3a412f3700d3a341b00447a1ec38be9f26dbc4be2ceb34a69a021d,252,1,neckties,control neckties
LP0179,421f5ec8ebea50d1835480717a31fc298eb74bffcd31370baa8d059a81fe644f,253,2,baseball,control baseball
LP0461,427ec938158828f51813e9922d351348873b16ee4352744316fb641fad33ae9d,254,3,dances,control dances
LP0271,42921b7d4e2c15da4c9e8c4c16309f202bccaeb5a0e6d6d6ed9a7652ac091fc8,255,1,neckties,control neckties
LP0918,42cc3df2c2a61ce5b3b92cf67ab7e5f3e49baa47ba15bca2ca768ed96ec31521,256,2,baseball,control baseball
LP0532,431017380bb016c124b7d6ce9fc85ae597604c7455a9f2fb6b0c429fe434e215,257,3,dances,control dances
LP0296,4315788e71df161f25c7334ed078f3bcdfad4f819883d71dd21cb11f350af7a3,258,1,neckties,control neckties
LP0071,43349ad02e1bfa13effeb7f5e2357b1fa2b40c8d9a3537794e6b1c16cac47665,259,2,baseball,control baseball
LP0820,43ce45a7798d923bef791b4e41ffc1d96987bb9970d964b1a78a53bfe5754432,260,3,dances,control dances
LP0588,43dce73c4641475e1cfe1c5b76f0f0b5c966149e00350f1a9aae47b11b3dbc70,261,1,neckties,control neckties
LP0798,43eff96c18f32dfc99026cc3fb6b31e47184ad54aeb3ac0b9de2c798190b2c71,262,2,baseball,control baseball
LP0427,4429770baef13fc489c87f43ec6c7310af801f81b6c9ae389f5d469563832675,263,3,dances,control dances
LP0192,44585dd1fa4954b83871c550dfc64cc55b4c2f7089bba68bb57b41a23041ee07,264,1,neckties,control neckties
LP0558,455b27f990bf336561651a2273c50c9fb926cae09b94c0fe580f84e75bb0aa2e,265,2,baseball,control baseball
LP0975,458f3418e7e560f8f2b5ebf325fb118fe666c53902c4a76c2b9488f857bd030f,266,3,dances,control dances
LP0663,459368031f1faccc98afea8b08595ac2d7bdfbc7c04f103bfc678576a1b2788b,267,1,neckties,control neckties
LP0972,4595d0e1aa140a563e08faa6ece4eb0e3d07c7964fc18af8f4d0d204073581f2,268,2,baseball,control baseball
LP0318,45b320bf346f3d9efb0c17439e4547d0134e4b9b16c4a364410aa60e4b742bda,269,3,dances,control dances
LP0290,45b553cb1f2e52285c7c0f5472595000c55bff9fcd08ee931524251988417d43,270,1,neckties,control neckties
LP0221,45c122c2d5d4734e1858a470c9cbb6090e72aeb45d9706ecda4c2ceb7af3fc05,271,2,baseball,control baseball
LP0906,46063e887db8130aa0416f8c36e11fa21b7c0096f4e675c07cbbf2ebfeaa344b,272,3,dances,control dances
LP0053,4616cd61f643360f8af8fa68ad294cc820056bbeaaeebaa7954bb3128cb6ee19,273,1,neckties,control neckties
LP0690,466b145a6768f9f5f01d7678a85ef386aa7a98c556cfa30871ff5fbd8ad67bda,274,2,baseball,control baseball
LP0012,46e55df967c05a007a5f0d4995d40718dadb179539f68e2fac158aa064aa6ae3,275,3,dances,control dances
LP0001,46fca026d9202771367c3da62ed4e41d9ab03fbdb31a58e74e8dcc5f124ec881,276,1,neckties,control neckties
LP0097,473571be93d5c84148853a4c9760da47305bb952272f832a796695881be19b72,277,2,baseball,control baseball
LP0735,47689b7b7f7358343df58c4bdaf5c09d49598c949a19147e199e919149eae515,278,3,dances,control dances
LP0810,476d6a22bdd1cfd894879fa525b57572953ab6730035890ca0406a58c1f6b43f,279,1,neckties,control neckties
LP0594,479a8bc477203cb30491554c118eac975b6840c9399fbba20335150e3f72f51c,280,2,baseball,control baseball
LP0859,482d059852c23dfaa38a98d0ca89f8fe82604e79fba5ff29cb4523f85010d168,281,3,dances,control dances
LP0433,483eaa67b305b4b44a858f95c99b92c9ab329d6a17ce40cfded1e40c5ec68a89,282,1,neckties,control neckties
LP0011,4866a2f02224227059c239ae2e678d8449d9a3dfa49d79e43948e8c445b7cc90,283,2,baseball,control baseball
LP0687,48c116f7e1c17608dc8ae90dd33ffd9bc67c886f5ab40478cc0891116a60953f,284,3,dances,control dances
LP0792,48ccf70f0c9c4b7f26d0b107d93dae812d6115d9dbbfbae4f3a437857dbbfe01,285,1,neckties,control neckties
LP0420,495acb52b110e43f000dc46f2c5a8eda22533ea0586389d3226f7b87006ed694,286,2,baseball,control baseball
LP0355,496fc675e1a4e0da35130da7a9f8aa6051f941aa7946789a28aa6fc34e6fc8d8,287,3,dances,control dances
LP0178,4a03ec72feb3d9b2cee0967a8308258ee0de4adba52c0e947bb62227ceadbe1d,288,1,neckties,control neckties
LP0743,4a29a967a1c1ee30876d017c93d85d1a437cff2eaef0b8de3536b19c0781d9ff,289,2,baseball,control baseball
LP0398,4a59e9c381b7c187ee747439b18ac99c202c07a45d31620be48b8ef074d9cc47,290,3,dances,control dances
LP0263,4abac1a46224382d1d8fff180af5d512fcb2807b431c195afece1ad4560bdea3,291,1,neckties,control neckties
LP0275,4b11027210f495b722fe7277197add1ceff45551172aeb62e5c50ec75a6f902a,292,2,baseball,control baseball
LP0276,4b19d8f847215f4e0a9e3558b862be72037009a274ad7985f09ea8002e33c0ee,293,3,dances,control dances
LP0241,4b8b744c774af84432ff079f9925e40a01ffc85f87b8e722e493f1c95fcd1f8f,294,1,neckties,control neckties
LP0235,4b8d65473cb79d14aad9736ddcfbcddf8a18d59d3d8a0ffbf70d9e1c7d67de78,295,2,baseball,control baseball
LP0836,4ba9ca69c57a7fe957b9348d0c228cd5291ff9c939499f3f497a0019cef9f4ca,296,3,dances,control dances
LP0332,4bbb1fb6e94e96c63c6b6869176cfd89528102ff7da767756b91ece0af9bab84,297,1,neckties,control neckties
LP0773,4be7033b479036d403a79b670881fead2ff578ef73b97fa7c0d6aaf625010588,298,2,baseball,control baseball
LP0804,4c4077c295a2197861e1fd65908b444b95c1c9592a1f3698b5cfa4f25101cda9,299,3,dances,control dances
LP0250,4c469a1a090564550e82d3cfa55b4acf22f0e238b01eaae4b137128c25433143,300,1,neckties,control neckties
LP0829,4c819fff20410ee7c195618cb60e99774025ef17078a46ac91d357a1fa091c52,301,2,baseball,control baseball
LP0789,4cb9d4dce751ec37d8f6c1ded982940ae84d1ff1d0a0aaf17f945b1047b297c7,302,3,dances,control dances
LP0637,4cc18399cb3493eb76ff8109fe4e4079a0d23b787845d26a252a4e751eeb43de,303,1,neckties,control neckties
LP0702,4cd045b819fc598ec1a17f2abbfb62b2dd0e889c3377c03109820440905a73fc,304,2,baseball,control baseball
LP0693,4d2f9c9c61ce2cddb26a30059c22844d09a93e6dcb5b92871db061855ad274dd,305,3,dances,control dances
LP0782,4d4515befb5724aac3ebc5b4982bca7ba787f023839e35d5bc8d105e671e03f4,306,1,neckties,control neckties
LP0262,4d54c7edbe75e01e6005e30d599482cda38f1b720504bd84fd94be8a1c92d6b3,307,2,baseball,control baseball
LP0852,4d7225fea1b7a062204468609823abd79f534e034f95dfc7a48e8b14fae08e7e,308,3,dances,control dances
LP0132,4d840e0d5379238079a525629dea1541ac2dc68f6acb0fb288c1bd511986bf9d,309,1,neckties,control neckties
LP0968,4d8994b0ef3bea5161305230402c5ac807ba7d7d6eedc95962ff4f361cea1da7,310,2,baseball,control baseball
LP0067,4ddbfb23ff291612399a114ca89150898351324cc420f61451790aecf1854f4a,311,3,dances,control dances
LP0378,4de12c1d11c769dfa1cfd1f73efe5ac6d4ce158c7a9473f4f6f5b363171e38cf,312,1,neckties,control neckties
LP0875,4e05eec66271af6501a8d2317a368b4afd0eb791c2fa9c47be038e715320b253,313,2,baseball,control baseball
LP0894,4e2cf403429c0e42adc593dc835484f9f1e21b33cad1d95604d5ba2523d7304e,314,3,dances,control dances
LP0748,4e6575f37527632ecb7de589ed28eb16c9a86e9881125a359bf1ed8f493cc73f,315,1,neckties,control neckties
LP0679,4e9a334547d8f901ff1f4019608f4657b9d718c823e2f02c62a130b4f07a38e7,316,2,baseball,control baseball
LP0883,4ebab93c1a12354b59d40f306ee4b5fe9ab81615dd1d5b768fc779a290fc0513,317,3,dances,control dances
LP0546,4ec9e669a3f2f6e2d57c75c6c992fbe29251aa278c1fe88c704b890f8474ce8d,318,1,neckties,control neckties
LP0434,4f3d2e41bdcef093da0495c587ba694660c3b69aa33dd46ae915f599a019dd54,319,2,baseball,control baseball
LP0204,4f64eeabb949a3ec6d10fb4378ee81cc7f5a7237f25b1edd0b4778f9d8f0c25d,320,3,dances,control dances
LP0644,4f77b153a2029cea51a7bcb254a8186283885c6508194cffbae4d5e61a3d4212,321,1,neckties,control neckties
LP0651,4f7b9feb04cb24464be43100c64e4f6a1e47d4788c6346743dd4b27fc37b4a9a,322,2,baseball,control baseball
LP0437,503c81d832d91d085b2c6a3ed5fc77d12cb1edca7cfac73e08c2c6ab8f5053f1,323,3,dances,control dances
LP0713,5066bf7a4ef46630f57b8d019a974bc1e9178e482a171ec367b11d1efbf2e7db,324,1,neckties,control neckties
LP0512,5072bcfc9892637a711682e0898b80da78efd2133380dfd4f4a7123a0ec5a704,325,2,baseball,control baseball
LP0629,511551cbaf1a9241ed62b1e3f5f0a785c78f621b91bdab86079b645298a963c7,326,3,dances,control dances
LP0632,51374b48a13b46e1d8546437bfbb268633ee19e70664122d1062ed1859df7e4e,327,1,neckties,control neckties
LP0348,51be0a55b3064454b7c2f56c7f6af92ab628f6be5f7e5a59e48a55b49e33aeaf,328,2,baseball,control baseball
LP0115,51fe9ac0705535faefb359a75b2196b4da33343333a5422cbcbab034fb0e2881,329,3,dances,control dances
LP0518,521d5cf718fee5cc166c613f961699edefac18235b1c5ec14d66cf4161d1c20b,330,1,neckties,control neckties
LP0180,527b60f9be75c3feec906df439d0640a268ee5a63f60b11c5006884a9119a9d7,331,2,baseball,control baseball
LP0479,52af4846509e6a6d2e8424caa999d0b7df7aef64f595ca6af56b323673c95931,332,3,dances,control dances
LP0474,53616e3825c3187820b7bab521d2c411bc3cc5300f133341b45ae277caba1aed,333,1,neckties,control neckties
LP0951,5384f245fce8a0b4fd07b4536fbdac8c2581e5d9bd3a46d06d95b2d85753ffaf,334,2,baseball,control baseball
LP0406,53b8c78c0d37e67ba960bbbc7454428fc71127081bc0cfd44639cb69dd3d06a3,335,3,dances,control dances
LP0088,53de56400e5961f54a983db41ffc6f54da2f4041c348011a4e5116752e69c4ae,336,1,neckties,control neckties
LP0520,53eda42198f681b191b873b4170088e11f704912feb34c6cdbde897ab8480ea8,337,2,baseball,control baseball
LP0822,53fe2b189e450ce8bdc53fc43bc184f83dec77f97a54adef2319810b7d150d22,338,3,dances,control dances
LP0815,549b79dd985e5b9327405231069ac5f0fa50e87dd83c7e818cf5844f9bd95a12,339,1,neckties,control neckties
LP0746,551b441befd6165cb92bf5c55f7abe9186adbc2f3f07c9706d8be81f74267c1d,340,2,baseball,control baseball
LP0432,552042c08015e17ad76f213674f53501050bff0be27ff36bc637852e68463be1,341,3,dances,control dances
LP0554,55d01eaaa9ca849bf7671fbcb56899b4a3917a5768e5dc72a8f291151e153ec0,342,1,neckties,control neckties
LP0503,560cae99ff9daf028b90e32950c87c404ca527d2cdb23ef4e636ebd0054c8b27,343,2,baseball,control baseball
LP0021,56d53d04b3c540b975c874ebe2562056df0ef08b9c6c69f021c386a535cbb57f,344,3,dances,control dances
LP0908,56f1830a0307ea5ea4864ce7b974ef9512410093685565789e97a02c61b8c28d,345,1,neckties,control neckties
LP0657,56f4b4514e4be84b1d4cc29560583035ac5862be9cad5faad84e1949df3ecacc,346,2,baseball,control baseball
LP0253,56fa600026cd014d828fbc7604c65a21125d78eb4e0a438633fe51a7613d9c3a,347,3,dances,control dances
LP0388,56fbd77a54c7623279250f32a9027013e3b95bbe58b0e9c3bdb288fded4436cc,348,1,neckties,control neckties
LP0513,5701609d32ec64b8e16a972c5499d963825f4370bbe0b0fb30d7305e331d4e5e,349,2,baseball,control baseball
LP0993,5728e5e83eacc17f7d208c81c277582e7b18b6e49eb8d66d5b70a5eb4d7dd57f,350,3,dances,control dances
LP0363,575d23f379efa58b7c47c8baf916dddab3e670990e925436d44b4fdf2955aadd,351,1,neckties,control neckties
LP0443,57b7662961ca61940e091e2a86976e3add776d3b7f68eb4693dc0fd31040d4fd,352,2,baseball,control baseball
LP0881,57da50780663152cf5587b362a02cf7272eec8866eb069aa82c2aeee4d32024e,353,3,dances,control dances
LP0093,57ef639a6e542baa7b5bab3dbbc7a577cec895f73576234c529c9a7e2ae637b6,354,1,neckties,control neckties
LP0124,588183861630106140c5308cf1a84354b663370651341d36cbd8ec600e759a29,355,2,baseball,control baseball
LP0898,58de1865f69291337eaf1c720dddb70e023146fb48d8307c3afb43ef3c31c04c,356,3,dances,control dances
LP0649,58ed88f898f3d8e0b5a6a7aadb4c7d4cfb37e8b73dbe266a3d917dcd845f67cc,357,1,neckties,control neckties
LP0764,5928121fb3ecc1169f12637b66305d1875bd9e03b2aeccf78859c701e4a61f43,358,2,baseball,control baseball
LP0402,59711cfe41b5b5e66d2f5efa45821853f0b25dc3c07a1a6f7db9cb0e323794d5,359,3,dances,control dances
LP0726,59a2479a8e838634b106d351d7b911eff0b8c393066ec83e3d1c5d1c3da28969,360,1,neckties,control neckties
LP0981,59ff291ea6269298eafd1ffe35bee7e3485746a507bc9c9ef9f3e24ec6376cf2,361,2,baseball,control baseball
LP0035,5a521db38726d1179ea65783b572bce4067640778fbb9d416bdbb088da694c4a,362,3,dances,control dances
LP0309,5a7052158efb82691983e74225258804036d34b7bd1832d5ac9effd3a40d24a4,363,1,neckties,control neckties
LP0147,5ab9dd5f6523b6e90e71ca49d0e849d0d9b8abab27c63282c0b8a097cb903312,364,2,baseball,control baseball
LP0436,5ad231aac08639bcb555872ce1f76ca215b5fe022c6f3e4d0c5d70a19d932e66,365,3,dances,control dances
LP0430,5ad361b75712b00e73730a5a74c208f6f5fbd3e886ca86da334a8e68b7c3413b,366,1,neckties,control neckties
LP0980,5adfdd939c3c49cb41d42845d653fb78da21c64584ac04bdd1d77ae9e1314410,367,2,baseball,control baseball
LP0385,5ae19e5f85772122ab94e5ba756b27fee5b84c7654ca97499748e6c306584ff1,368,3,dances,control dances
LP0893,5ae65fa33b2bfdc960fc72d10e1af2af8238cad6f7e48164ea7c9c319ef18c83,369,1,neckties,control neckties
LP0720,5b77cf2c6ae79a99078be18e0ff886671db3a2103d28ab0999a8e712f55db5f4,370,2,baseball,control baseball
LP0359,5b966f990fec8d931f361bea0fb4d1d97cb4c359df7c6d4169d00f8caf541e00,371,3,dances,control dances
LP0860,5b9d7e938d2bcdb89643edd34be5eba35783463c20cff76f154697d7b459dd73,372,1,neckties,control neckties
LP0948,5be7bfa0a2f13f1f955c74e91c296a074270382e86cd7403ecaebaf2fb7eb564,373,2,baseball,control baseball
LP0125,5c98f2f03466e0ad920590dccb06a4d6cdc3b193ac12138778ad380fa6b8b3ea,374,3,dances,control dances
LP0805,5ccc7f22286ac7c69693a2afa45a595e9060ee81315a265db6d534b0d73ec8a6,375,1,neckties,control neckties
LP0910,5d07e75e8a9ad98c1e04df02b13d0aee15f77c91f7fdbc80f9f342eb1a6a6e22,376,2,baseball,control baseball
LP0472,5d5e839a95c2aa8497389ce5251309190d56e7a0205af635aa7a00dc7d60ed44,377,3,dances,control dances
LP0366,5dde615064f19fd7bf75c034b1063321198b793e33b59f36e0447764538afb1c,378,1,neckties,control neckties
LP0377,5de07a8d08a91b62315daa9fb696f9a44709a9dc2b9752b468db1a774eadcc30,379,2,baseball,control baseball
LP0243,5de47e73e3220a22a05b82ee1a53d24f851e751969bd64afb817dfa91eb7485d,380,3,dances,control dances
LP0786,5de48edbdf6e0ea0de880706bf67c5b6c47ee139ae39d7c63572ac0e18979d20,381,1,neckties,control neckties
LP0960,5ed5b01e516161580a46ee27140cb6d36aaf1eb6d7492993c68ecf6e627f4baa,382,2,baseball,control baseball
LP0482,5ef96b42fc7904b275c34efd4ef607850eef0af79e94d12bda9405c0e87754d0,383,3,dances,control dances
LP0849,5f0744f17aa924723e5e796867bda71bcfa1caa48cc18de3abd778f7c625c4a4,384,1,neckties,control neckties
LP0586,5f1f18ccc1bf1d0d83bfefb423f77c55d9fbcdf5ecebeb98ca6a49c4bc5258a4,385,2,baseball,control baseball
LP0867,5f7a9c282fcddce2bf0f8a2b17a1b82d994554e491161dc83be25fcec949e08a,386,3,dances,control dances
LP0219,5f9ef6df9b494cd58cfeaec2ed2982d280ee49c2347f0a0ac19d7266eb76d491,387,1,neckties,control neckties
LP0320,5fb35bad64c49b624df4e8c355cafc8b15a238253bd4fcf57ae89cb16eb0021b,388,2,baseball,control baseball
LP0623,6024b721c5aa6bec1bda30a5b15ec9a32810837f6cd7e275f0b4ca6936ddf615,389,3,dances,control dances
LP0237,6037faf0511231ab57c8f8abffd8221a2b1ce78757e0ab7810592dec5c1eda18,390,1,neckties,control neckties
LP0026,604aa31f6e50c8c026813fba446cbb1035fd17d5f672ec574d740d08df322893,391,2,baseball,control baseball
LP0126,60bb819ea9f1c6af9d31857f7c292750e4a4d44751db4404ea9847c4f13fed67,392,3,dances,control dances
LP0544,60c4552fc6161c65c00a07f96b3137b7ae0c0b3c048b2bef8d69b16a17d7a060,393,1,neckties,control neckties
LP0873,60d18ac529e560c9b86c8441f01ee048628a8e8a0ef9c429d9647ec4c5327406,394,2,baseball,control baseball
LP0722,6135dca9d629f1d58a6b5a74e31ac89b930671152fcb5986153ea5127b00cf79,395,3,dances,control dances
LP0549,6138f8a7596502d7eaf784563d0d2d9ec97e4a77f3b36e61341896d535d4be64,396,1,neckties,control neckties
LP0831,61863e2aad58c725937eba734aa5c28e3f24b9c98a674da8aa095094760e2a40,397,2,baseball,control baseball
LP0302,61998a83c84074c1a2f326599fd877d55f43d20bdd83b2abf4b6ecc1e01f2c99,398,3,dances,control dances
LP0254,61ae4e78edae69cf60d5a6109a533d1cb4e5003947471ba9fff4295ae81967fd,399,1,neckties,control neckties
LP0506,6236531e7a35cf633bd6caa9a4c066fb80309acc7bd54405628307c210344709,400,2,baseball,control baseball
LP0650,62bf5a7bb478e7cbf61a4b79f203d12f8428996b4617c179c54d64ac2b8b2aae,401,3,dances,control dances
LP0539,62ea05213396152c936be45eb381f974465a7e779b5868d345b9f48a3f86cb62,402,1,neckties,control neckties
LP0861,6322ef8e7afee6af14c76674360458156d583955d4860214dd144a8b24531af3,403,2,baseball,control baseball
LP0121,647be1032a04c28e1eeb746efab2b8db58a06cd0ff989f0b4810b587c21307e9,404,3,dances,control dances
LP0401,649d5421918894650238137a2942095d6932e2f35e2b6116704b4c1dfa1e09fe,405,1,neckties,control neckties
LP0017,64c0937f912e3d22880c641a519c963feac56c047462a88ca95cfdffb523aa7b,406,2,baseball,control baseball
LP0888,64f1005630d461fc9b6524beccd47195e246dfde993c1d92abd4f8a3280b426f,407,3,dances,control dances
LP0172,65749f5b188c0476e96985f3aa7f2e98b755c055cd54dcd2cb7119919ded7cf1,408,1,neckties,control neckties
LP0957,6595a51b2dfc9c1dc774a6ef8e21b85ecc542f225d22368078325818216d4437,409,2,baseball,control baseball
LP0599,65f8791301e3df18bc4ba1d30c3ac4ae9205d823568e5e0666ce145f08245258,410,3,dances,control dances
LP0357,66b1d723d91410f9b8a385e838357e0c63f37d76800a69c59bfa305c67397f3e,411,1,neckties,control neckties
LP0177,66ce0b41bd11622d08923cb5280a8fadbc6654dd1f8999e0eacacb8ee1d3c3d6,412,2,baseball,control baseball
LP0625,66dd02350099b2ec2866795e4a8b272e7aed03e928ddec24ad98a72f8b119b24,413,3,dances,control dances
LP0710,671e9119551a3312a48c5940c87e84087fa626515144a4fd55c9bd82971262e7,414,1,neckties,control neckties
LP0830,673a001413f71eab4ef173023b9b8efb47b88ef109fd4595ec4817ae1341f97c,415,2,baseball,control baseball
LP0345,675d3789f4a31c4e8ae51e49b621291e5b6b19d3a1eeb23b0a5d180111099328,416,3,dances,control dances
LP0279,6811a9163a02985045da59ffaccffbb4819b48f27621407ca10dae02fc3fce4d,417,1,neckties,control neckties
LP0493,68179e42483d577839aabd9dd87992cb4dbe8cff53b9f8b55bfcd2413850255f,418,2,baseball,control baseball
LP0136,681bfdb3922880ace1fcb993a25efd3a19dd44fff63df93ee7bdbad89f3d940a,419,3,dances,control dances
LP0683,683f90f9aa853477731b2cb56a5f5c95514cf8ad9a91ca3feb392acbc22d8bd9,420,1,neckties,control neckties
LP0351,686af1e8f0a854a8632b2099480c22a338d25b4788b88f1db7c734a8ed8f2289,421,2,baseball,control baseball
LP0242,6883cc014ac1ea970ec40976252f61ab895b1b2942bb698f2bf367c5264c2a22,422,3,dances,control dances
LP0210,68ea2ca247a286307f714388ddcde22171e6d8742710f1d332f80f190ab40b2e,423,1,neckties,control neckties
LP0510,693809da84458d47386a37c12c391d7d338c9b7032b2e8bb2aac04eb08f6d1c3,424,2,baseball,control baseball
LP0331,69dc7778242d39c03288182cfb502c9b96c70ca3ee9a514b49f238101373a5c8,425,3,dances,control dances
LP0362,69e6f55a9d2f8d59356b9efbb371c9e1a48ec2151bd33c653a5ff5de3e2e746d,426,1,neckties,control neckties
LP0120,6a0724e5f831dab6c0c07ed6d76c1cec1fd95085ca3fdb3f65fb3606231384c1,427,2,baseball,control baseball
LP0969,6a0ed193f060e4292f94082bb3be12fafdd8d0c6b197e7083d0b6bd80a3056cc,428,3,dances,control dances
LP0373,6a2f321f2b2e85a526d094d88100e40e3463fd16f2016e0a4979b6d9fa6341e0,429,1,neckties,control neckties
LP0008,6a4349adbd69a670d199132e2c6c996602f35a8da33f618fca21510ffb66d85a,430,2,baseball,control baseball
LP0747,6a5f95e4f657a7d4708426a36321f685aa0f633ba7710c19320f3194a30998e6,431,3,dances,control dances
LP0523,6a7f01bc6fc46089a9b3504cce51dc04d7c6d2301d1674c65b8ebe6a34bd759c,432,1,neckties,control neckties
LP0987,6ac67d311bca6215fae9103e6e6f060842e35f7c957c17cba78db5e016a17d23,433,2,baseball,control baseball
LP0602,6adb24f2279f7d2a4143182828bef1d227a923c246cdfdd6672b4c3d9adef6c7,434,3,dances,control dances
LP0904,6afc4445ca8c11c885138ea5deafa5042386d6861ae8fe43dc2a6f56ed475c42,435,1,neckties,control neckties
LP0100,6afce82634e02e35da0437d7e61a16cd14e77bd78bad2c5f68a568f3cacc69f0,436,2,baseball,control baseball
LP0676,6b3fb28ed1bafea10c2bb9d33f5456187c1ae051eb1cd4c07efb5f40b3bb5105,437,3,dances,control dances
LP0310,6b66e6e1cfbdb3bca684a149807e1546b1e2cda6a7af731ca471dd3aeece23dd,438,1,neckties,control neckties
LP0598,6bd26d2eb5f001dbf08f91e4e9f4afa398be4da92d3b140f946e9a05413fc706,439,2,baseball,control baseball
LP0117,6cb5bc08d074626772bd99803c035126f1105c2ce830e4e6f656e9f8b8a933ff,440,3,dances,control dances
LP0648,6d5613271bcff50affd46293aa17885647a60f8e61f6a88b0212f4e746b8c6dc,441,1,neckties,control neckties
LP0516,6d6bb9e136afea9773a63be72ee9409b62207bf04eb6f4d28fc3d899eecac747,442,2,baseball,control baseball
LP0156,6dd537aafcd8e759acbf0e9cc2bbb087f1ed28916355d755db1af2dcbdcdf4f1,443,3,dances,control dances
LP0715,6dd83e65b0d59f437ea72ca22280867b724f8a9b3725e4482dd285b14472936e,444,1,neckties,control neckties
LP0505,6df0f6baca0ed15dd9fddeb25b7a39f39f1c2c38f8751d3aba25d60a8a986708,445,2,baseball,control baseball
LP0959,6e434777a50262588a76bf0ea456df1d4847767dc19c170e1bab9ddf663025c4,446,3,dances,control dances
LP0476,6e56629ff6dbbbbd2ae8f850346d0b8a1865b6e4121d325003a328aac952b04d,447,1,neckties,control neckties
LP0391,6f5bb0219e6d49f55c5b74e5f6915be20393fb8eff04a5abcfd43cff3461d52c,448,2,baseball,control baseball
LP0186,6fd106c63778c9434ed8c91b89852e0f55d557b577bc9de1040bcf79e49da3ff,449,3,dances,control dances
LP0048,6fd7d65e508533737e672a4e286e163db1a3b9d0cdcbd2f2bd47393040954325,450,1,neckties,control neckties
LP0729,70058258168ed2f80b12059b26ca799bda302923f71ac9dba9cb4fd1d0494092,451,2,baseball,control baseball
LP0181,70fdfc4ebe24bd81dec8ee0bb759896d52f11cc6ab0d8d65b9f654c839cb3938,452,3,dances,control dances
LP0070,715e718dddd96101daa7cf27161312edf3d9f3f76020af2c71e20fd9df4ae340,453,1,neckties,control neckties
LP0226,716c8556da68fecf4cd3080d122d0c79bc371b1cf29abf0a309fd1ab98d5fe33,454,2,baseball,control baseball
LP0717,71a4e6d08a9ddf54da62c88cfa378325c339c5e6e2586fac5b6c968c1d7c5ffe,455,3,dances,control dances
LP0095,71e702431d907d69cbd2205fdf927126b80e35c380115ec8ea6de3e78cd584ba,456,1,neckties,control neckties
LP0054,72839cfdf6e418d5e87849286c56eccb7341372e60c15f7961bfd00119f4c174,457,2,baseball,control baseball
LP0689,7306fd0f6f8e248b4a44635b0f585727e5818f7e2fd7520eeca037961d9f1d36,458,3,dances,control dances
LP0567,7363d3a7bdb8ca35248286b91801f72efda273ee1e6588e65592226951a123a7,459,1,neckties,control neckties
LP0701,73961e84c2e514b5de9d6fa579078a38463ad4076d35df010d269233555f52f3,460,2,baseball,control baseball
LP0907,73bde81d437a5a7ef3d29f76d74a02d6279764701eea557ef7ca010feb1a74bc,461,3,dances,control dances
LP0232,74906a3daa806826c0ebd674079a8c360abc546f2fd2136665c95a90888915e7,462,1,neckties,control neckties
LP0979,74a5d058275cf2931f7efdbb4cde27d14dc4cb477dc2167fb420514b4a398faa,463,2,baseball,control baseball
LP0494,74a6c9a64703127d880d3eafe547f6de11a8fba56fa8ae89a37a0c4e76cce8aa,464,3,dances,control dances
LP0853,75983022b34b4937518c0d01c4fd7f77a0076315a83c9b427dd623b192f12eae,465,1,neckties,control neckties
LP0938,7602d5cfa000dc28cba63c989d0f0eb30f06b86d1f9ef5c221a9adb9fa35fc81,466,2,baseball,control baseball
LP0641,761cb6290878c3e8858ce5f9919e501316d16b401a0e2d190a50ab1edc34fa9a,467,3,dances,control dances
LP0195,761ef501f0e313cda0652afc148a58748ac012a2762942ee1c88ca5ffa1f1084,468,1,neckties,control neckties
LP0368,763097769376f32014cfffd35c76c0fd3ceefac09d6065967d406daed9e71ce6,469,2,baseball,control baseball
LP0570,7675e02cfdb556ce5cdcf2d1fd635719a52fd35082f8195ea9f6135411c7c506,470,3,dances,control dances
LP0213,76ca9be865ac9556798c012c215f418239e45e10008179bb8a5bc38388bca99a,471,1,neckties,control neckties
LP0508,773843f8e475252d3b22b7d15f754f09a06041c73f19eb641b21ba3a4e210374,472,2,baseball,control baseball
LP0383,777c091e1dd0702b216de45973a971bcd76074cf215a89440187eed39f28f3d2,473,3,dances,control dances
LP0915,78446706a44787d810befe71e5da23086502a3b3e80a611b157a2bfb86ec50a3,474,1,neckties,control neckties
LP0589,78ebd8c086e7e9dad2e49911b94a869ecee95a5a5e6421624cf604c44683bcfd,475,2,baseball,control baseball
LP0360,790ab69e617bc21bd9607c6bfeb110cddc761b4d777c2b7523fa54decfa80166,476,3,dances,control dances
LP0736,794fa0ded41235dba8370b20ee863ccdcd06010cd74045491f5d31259dc85186,477,1,neckties,control neckties
LP0149,7955de9078b60d9d1af08d6dc7bcb9c5583beab03de9484490ea5d77374a2c98,478,2,baseball,control baseball
LP0814,7a1e2592167198b8e6194934eeafaef5d8c3e52afb2d1c0fb3e069abf1d983df,479,3,dances,control dances
LP0167,7a4c47fc9e79b3c4295d0e8c40e389e338dc7149f46caf22e145d6883d3cf1a0,480,1,neckties,control neckties
LP0571,7a5646c2ac567d25b36b7ce6f85a26147b24520f24a0dad753f38589a58f064f,481,2,baseball,control baseball
LP0448,7a65a661a73908937c8bf244f222df7eb6934ad7199a6a834a36cecd4cc791ac,482,3,dances,control dances
LP0935,7a83525b5bad221e14b034ed4d3e0df8bcec2b356010c76434aec36bca8d4be6,483,1,neckties,control neckties
LP0936,7a920484def2d50b169c9bf1a34a0d06d68b1e6db08992888aee576421ed873a,484,2,baseball,control baseball
LP0929,7aa54fbd3385c0601b8c6561d6b1eefeb5b313704d90432c3ff91444a8b93790,485,3,dances,control dances
LP0013,7b0abc3fedb02751520df4f4a35bc0da04f2a6c623ab9aa59120a956abe5d52f,486,1,neckties,control neckties
LP0074,7b9c8b8048392f32aa467bf4892155eb8330877dec8e2d4ca9a07f36ba5b8525,487,2,baseball,control baseball
LP0111,7bfc7f335d89347562f0744b6d06f28426cadd19be944d8c37a3c089a3e03bd4,488,3,dances,control dances
LP0452,7c34f5cdac58a30c4744eda0364c4a1193fdc13b552e64028dd772fc9de38988,489,1,neckties,control neckties
LP0105,7c5a91080df99452f49bd0336eeb12f53247473972f7fdf4d06f215cc4d559e3,490,2,baseball,control baseball
LP0451,7d542e46ecc70683c7691599d7d6bb0d695021f1f7067802b8a792409093f4e3,491,3,dances,control dances
LP0793,7d96042642ece0db3e3850a2d07ae5403a4d8852bd10d1e9bfe9aad56be836ae,492,1,neckties,control neckties
LP0642,7debddd28a30f20caa5bb50196fbc7175f2ac650c01634c3f06720460597ff1e,493,2,baseball,control baseball
LP0869,7e3356c81074181a9e5997b819a8c5973d16b21ba87bbe16b70de4df9c93dcd3,494,3,dances,control dances
LP0999,7e4642176c39d0b8adb5ecaeadaba63357219cdcea8dd5411102134f825b6957,495,1,neckties,control neckties
LP0577,7eca28aea7c7e8f4d14b2ad2aa46ef34a5d50e416fa989d719fa2db1a9585a8d,496,2,baseball,control baseball
LP0408,7ecd810821ca2db59aea3c5ecc0c4284c606ce390b9e4b1b13af74bf13b27828,497,3,dances,control dances
LP0469,7f1a22c831a5a14f8e3eb22bddbf1d49432beb65a40305f887e41099f6b7fa8f,498,1,neckties,control neckties
LP0643,7f7af5b1644a8fea15ab55326bc2a0cb9c7c10be3d085875dce34904d8bda51e,499,2,baseball,control baseball
LP0920,805cb00536d7f932b6e7c62f7c4554e40f1cb3992b078b88ec58acf6a888bdb0,500,3,dances,control dances
LP0059,8079238836186c4ad9ca2c08e825757553f8dcc4d39fbfa9dfef139bf04ad74a,501,1,neckties,control neckties
LP0133,80898b2648487213d58c23777d07f27c52d5ebac48deb062fe9f3a7ccb4b4b7d,502,2,baseball,control baseball
LP0046,80cac529925e2bceb24fcaceb4b7ab360544c228eb6338b49f206c5cf6acbc7c,503,3,dances,control dances
LP0917,8111ffae78ac3b57e51898aa651441ecc12416ea92ea2dc8380de0d82edaf6a5,504,1,neckties,control neckties
LP0475,8149445e92042a8970cd8b9e74c5cd2be45f477fdb58759e2db281e2ae8c19ee,505,2,baseball,control baseball
LP0848,81cd75adce725dcd9f5ace33b10c5cb0e73eceabe11a9b33445bbbe09e6817ff,506,3,dances,control dances
LP0500,81ce90a23bdf55b4b1eb350e363987a4fe7b23dde2bace2f560dc72176244fcc,507,1,neckties,control neckties
LP0803,8270b94a906c6a324353824da826e26de5c898a939301fdf6d9125b9fde02077,508,2,baseball,control baseball
LP0333,82ab732f42bd0098d63aa6f1cd95e336e9cef57b1621331c907b5b0cdde9d74b,509,3,dances,control dances
LP0646,8311808c527582af4a8d947c7d69cb8b19306cd102a3217868f270b49597c378,510,1,neckties,control neckties
LP0258,836a84e0c24724dd7a1f519bf5a50c38f71f81d65e91e3b6b301e868b36766c7,511,2,baseball,control baseball
LP1000,837e11598ae8e1d6fc6a329437217d1f645313d68d33ea022d245f2ac0294681,512,3,dances,control dances
LP0350,83ac487ff4f651a63d9df0a89ca17bfe4f53fe964e888e7c1c4598b427f49021,513,1,neckties,control neckties
LP0128,846b23fdbcf7cb94f6c924c8b5a7cbcf754a1b21e904141898f432d42f448c92,514,2,baseball,control baseball
LP0816,8493b12ff6f1766c5fc13fa4f6b2aca8e5e864a8c485e818d77e6b720b5f7f8a,515,3,dances,control dances
LP0135,84cb12b1c08bea9b953d5710fd54ba951cef468a3c7e74508a86260b060b9377,516,1,neckties,control neckties
LP0608,84e898c4d194a84df233021560161090c31ff9884094f857bcba2231a650d019,517,2,baseball,control baseball
LP0688,84ebd11427e5bd892c71c22237ce9df3f634d50362a726e341b090e5f39cabc5,518,3,dances,control dances
LP0313,85786067015b738978e3e8824416c665207ce67d64ae35f51cb674e4dae5423e,519,1,neckties,control neckties
LP0950,85829d0f01f3e17eecc7d91e173e9eef3af6300ae21cceaa35d7a59cb572bc75,520,2,baseball,control baseball
LP0118,85c61f1ae11071daf482052ff1133a39667a7d028d5948881dbf0378e16f94e8,521,3,dances,control dances
LP0085,85d1c938ffcc215db9f6376d1233e29e0301cf4fe8c3925338244db4a7a06ef7,522,1,neckties,control neckties
LP0984,85eee9f3cccc950812c9fa470205e1db122b38c05aa4ff23f51554bcc04460fa,523,2,baseball,control baseball
LP0270,8624d6ba7468e13e721cdc6fb197c71132a7979ea3ca4b42312cf6bf81077c31,524,3,dances,control dances
LP0390,868fe12c621b6500e9b3e65d872713f7e65d40e6813d0059b155d6a3d6bfaab2,525,1,neckties,control neckties
LP0933,869b692b53758819f0cedb52c210ff4701edea6e7b2881f326fd600363024db4,526,2,baseball,control baseball
LP0206,86b602da85b81a358256454c48fdeff1c7fd946ee97c5ac1d39ef24dd315a7d8,527,3,dances,control dances
LP0924,86bd84b27961fe4551cc15373d6bc8387bb431d7c12f8111e9dbd86bc8f6caaa,528,1,neckties,control neckties
LP0489,86d1759f800a73e3c1929ad5bcbe930318c440f61de0977989bedd25ee7607a4,529,2,baseball,control baseball
LP0630,86e4482c3fe21b17f03ad4aa0b2072e3bbdb7b05fb9df28bc17509d27398fa92,530,3,dances,control dances
LP0796,86f92df8270c907374e5e3e3acf4d17c0e5a8594a4715749c44d9aaedc883d16,531,1,neckties,control neckties
LP0338,876f9abb9fbe013ad0cee6819b4996e402d58dddbdc36f8e423280ede7df9f27,532,2,baseball,control baseball
LP0559,87a16e2fa583a6f362aa4c06583562d359f5f91211651deaf38308ec73273ddb,533,3,dances,control dances
LP0299,8812b4b183003c87377cf5f6053bc03539135c2fb6a36afb24fd0647798099c6,534,1,neckties,control neckties
LP0214,881f78209340cf93846d16cc80ac74bcba61e924354c71b42664bd152fa94724,535,2,baseball,control baseball
LP0042,8856c0aabb45ece53a4f5cc2e56cfbaf039f6fe05bee91ae5d55877ef84abfb7,536,3,dances,control dances
LP0110,88719b289d5613acf20855f3e34031bdc9b5abe251e602cc4e2099a3a8f16629,537,1,neckties,control neckties
LP0519,88b4ac2eda89946ee13e8aec82565cda0e49f7ae03cd865f75892b7154da94a9,538,2,baseball,control baseball
LP0897,891bb7c735ed15f82d91be5e2a74536af038b1f08a2b595ae9a354432078dc9f,539,3,dances,control dances
LP0361,895b9c64ae7f477e9aa79a6fdc9b66e473273a4fc6a1f21de49ea2c2e831c20f,540,1,neckties,control neckties
LP0293,89c1b7d9a21cccd7c23f5bb6e8534f2017f18243cb19214aa04ab9a4f9bb18f3,541,2,baseball,control baseball
LP0716,89c5b58b5a20174d32bc28243f29dd7d90949e162358de332a3f41e79978fe94,542,3,dances,control dances
LP0094,89f0550b91fd3f60571aa5bbc555f806eac4636bc5348fb3e072309ae6773093,543,1,neckties,control neckties
LP0734,8a7be7a4f6d964af3e1e35ae2339b6b0b9342f8c8a53a2dc73951df39b250905,544,2,baseball,control baseball
LP0055,8a8d1a69792f86765bc1988c39acf4518d43d20fba2416d96573fbb21b40df2b,545,3,dances,control dances
LP0372,8a98fa08d267cc26f363bf2bb43a325342b1b6dc28ab1f70266981a74ae7c4fd,546,1,neckties,control neckties
LP0092,8ae0e13b9dba0c6eeb5dc290989870e06f08546bb21f7d8e4fb8e8dfbdf83a7a,547,2,baseball,control baseball
LP0341,8b0b757e8e6540236e6b644e358ce03f2dc15e721240df9b4d346e78ce5dd4d3,548,3,dances,control dances
LP0621,8b3538c2cf0fbdf9e16ce3cec27ad45045077862e982d2629159b20148801bb9,549,1,neckties,control neckties
LP0686,8b373bb43196fa3d80ce0883bc0d236c5654ed786b50a207337260bf0241aeae,550,2,baseball,control baseball
LP0103,8b39baa632d0807ad035df6394d7f1808ee0f6fb462a50640749243507d19b81,551,3,dances,control dances
LP0940,8ba407cd095af50305f4d5d76cdc31695f0b6fd00d306a44945233fdf827ec63,552,1,neckties,control neckties
LP0045,8bcaa88e2320e891554eae847c96e3a57c7d8492564019aa57dd16b398902342,553,2,baseball,control baseball
LP0247,8bed3c9e1caf2bb013bf7c85ef6e7f8a72e4b2763f9d56e6eec1f054ddc70968,554,3,dances,control dances
LP0202,8c0606843890e2fdbba76337cc90d8c1ee856f742c72b3115e82a26deed9769d,555,1,neckties,control neckties
LP0636,8c48a1b9b21cae6fe27d9d2adb6b2071900de9fd564be55a7845111e0fa1c347,556,2,baseball,control baseball
LP0723,8c89fa5d071f285228794fed997790fb3ccb3265757e9b544fe03e2e7f096c56,557,3,dances,control dances
LP0160,8cc906e9c8a361e76611ebd7e3848cfea41a0f3e984a6f0a9a4eb6609704a24c,558,1,neckties,control neckties
LP0050,8ce2d06b10c48d9d40c51cea98cb0838452d6285fca11b2d1711e2b7e8b50327,559,2,baseball,control baseball
LP0056,8dacbd59df399af387afdc457b4d060f15469f12cabfe108d65d7effe5b24e56,560,3,dances,control dances
LP0376,8dd7e796e0c030c900e76b02733f66afc8ef9a0913d209e590363c955b991c43,561,1,neckties,control neckties
LP0919,8dec1345dbc9266f74ec720364054c4d8d56178a6dd1aa49b1b016f2031eff1c,562,2,baseball,control baseball
LP0004,8e36f68c3fa9ab0772a040ccf3d4a46abd39c6009701cfcb4158e96c5ef9a15d,563,3,dances,control dances
LP0654,8e7f476386908fa974f4b140f23a61f803d5335fb1384cc719fad2f07ac406c5,564,1,neckties,control neckties
LP0041,8f78c1c75c0ff88d77d19b8789a0efb8cb2823b04109567c98431f907551885f,565,2,baseball,control baseball
LP0989,8f9ea420d35ba820be29c624b934845d534fa9f02567af05caf71faaff525703,566,3,dances,control dances
LP0640,904b696550546d891db5515909cfe52d88af6447be4ecb6886ca508620db868d,567,1,neckties,control neckties
LP0704,90824b3c6a2979784916c0e263f97f2692b1ddda73e97e3a8f902105659bb86f,568,2,baseball,control baseball
LP0414,90f639b6c78df28da8c8c1115892780439a7aab25ec93ec6806c5d3585fcac9b,569,3,dances,control dances
LP0380,91ccbd5d38a90cd6d15b005c98f60c8d6f6277738042922896ddf6236e7fdf30,570,1,neckties,control neckties
LP0603,91f44c020d1e63f98fc63f33e4f6729ef6fec295d88257b644a8e251c02e8373,571,2,baseball,control baseball
LP0447,91fcb4910e0e9c4822ffcc42155dc3df1c1070dfbfda8eaf2573c9313647dda9,572,3,dances,control dances
LP0410,91fe7123e91c39a1347833136ab023a5500979e198b9a26c8085cbb71820c836,573,1,neckties,control neckties
LP0057,92049e7e4b48bef50c654f93c849388cb5c219bb13ee3a19af387df495c4ca7b,574,2,baseball,control baseball
LP0286,92f052b80f3287c95d3d00ff553ff229b24996093dffa404268fb7eed5c4d5cf,575,3,dances,control dances
LP0572,9317becc3a713f5a157ff9f4218dde8377fc5e92391f4fddb77c8c57f4a395b1,576,1,neckties,control neckties
LP0453,934b107654bcc96d23c1ffafe44acd7a08f4434702d4ca78c9e1dbfca48366c4,577,2,baseball,control baseball
LP0009,94ac2093ac3292cafd2e872f497581025d8913c358b15774c9889163da544e38,578,3,dances,control dances
LP0925,9516dac748c0567f26d506050cabbd233e49c7a1f0280648a33f23ea68aa5824,579,1,neckties,control neckties
LP0319,95448ceb21fd05badadc0a91f011f1df0d3f195d98ad8a60b61ec88ca22d8204,580,2,baseball,control baseball
LP0527,95796c5493a75b0289e492a48c8f916ff6b1a264fd07c40be82ab74142d6b38e,581,3,dances,control dances
LP0538,957f03c8be42c792cfd7cf90af6ad83e7a2f8e50c49ec075b8118fcd5507ab03,582,1,neckties,control neckties
LP0669,95e0fa4df23955ee8b32463cf2ca83bdb8a35952be785a3b34adac5f6636e2f8,583,2,baseball,control baseball
LP0845,96324227de8922f50680d337d435a50054ac4804705cddf2fefad5c77a4e1074,584,3,dances,control dances
LP0205,9651cdc5a8c1cc716c35d47bcc12912b0d6fc2de57edceb1c3855c0db4ff738c,585,1,neckties,control neckties
LP0201,978b7610d271381ee3f76a7f92e3b69492bd548f394a6fd17b3ee227f8a235af,586,2,baseball,control baseball
LP0127,97aa5a48e56f318786919cc6b9f14572e8940293eb729180889044c476afbfb9,587,3,dances,control dances
LP0986,9816fcaaa8dad5903cabae0a888085d187b400b736a12951801a31b610b46573,588,1,neckties,control neckties
LP0108,982415b03f77804f861b69422e3f04f6eafe84c38f23faf2460e4606cbc50017,589,2,baseball,control baseball
LP0947,98bba6cb82ded56e84c7f146457d39a5ae1b1f37fb71f6ee8b8acf76e37623bc,590,3,dances,control dances
LP0280,990d9bc71c9c39d9e1b3e797fbba0c2b92e331e4d3110afa30f6a29f084c5fa3,591,1,neckties,control neckties
LP0967,99386ad8c43c1e47fd31520700d967f989ffd2bca96bb9e8d31acad842143d74,592,2,baseball,control baseball
LP0511,9938c14432fe19a38e4df7c58ce928834f64aacb27e5e187555128c420947df1,593,3,dances,control dances
LP0790,993b54df9790c80d2462412aec56f483471b485a1031f6da6407c1c8e69caa26,594,1,neckties,control neckties
LP0497,993c3fd0de1821f623a1ceb99f262c70b04ddc5bd17651ce6fc2ed69c1e30fc8,595,2,baseball,control baseball
LP0768,99bac5427d6161194988df87e849fed0f2bafed85b7902f099ea143bb47738f2,596,3,dances,control dances
LP0991,9a406b1a6e8b783cd764993b25bd44d3e93be7414f18e930706925c882cb0e0b,597,1,neckties,control neckties
LP0528,9ad2d28c5e65926b3024934e28c4dd485bbb29461dc272111edec28fe1a58b7c,598,2,baseball,control baseball
LP0921,9b0d005cc02de61dfe746df7436abb6b0529610cdf31188f171c6fa6f2d5245f,599,3,dances,control dances
LP0220,9b68c0ac9ec2de9f3dd850a245e2e07b75dd1eae1a3c3f6af12e75bb4ee03730,600,1,neckties,control neckties
LP0870,9b8b5e995346a6ee30208ac8a6c365edb56eb1e398cf81c54b20bd0feced3d24,601,2,baseball,control baseball
LP0911,9bb2fdd7893f06a400162db7fe3e54560849d4e9b0c956da9b92aec24059020f,602,3,dances,control dances
LP0536,9bc1b43cf32440642d266a7f8ecc6c3bae46c97a3f4c14e8d4fa83e07d16c487,603,1,neckties,control neckties
LP0143,9be9ab8287e1356489ccf095a9a4b97c3b265dc89cf9ea638136fd4e9f8b005d,604,2,baseball,control baseball
LP0593,9bf1f1d9fe5428115ec1599eb8ff7b5552be4b439b09d4c5e29fe14dd2af0b51,605,3,dances,control dances
LP0612,9bf9a59582f3f2c10e19dc27efcb3e2a39fa71192159768f93a5f503cf36946c,606,1,neckties,control neckties
LP0005,9c397fdba72cbf6ff7e0c07fa1ce47090b777b11d4a9a6c49b0b89c0d0f9bf7b,607,2,baseball,control baseball
LP0785,9c3e56085e28fbdbef05864d1364621fe51d4db0cff8fee01e6d711c3d538892,608,3,dances,control dances
LP0522,9c813b317e85ca02debd0133f16fec01849b423ac8933ccbef1812e669b24767,609,1,neckties,control neckties
LP0364,9cabbbbb065476e6088314998ed3546578a5f6c3b66d8de54fdd20e2dbd3eeb4,610,2,baseball,control baseball
LP0306,9d7fc8d713ad322af8f6b5ad3b6941d5e55e1117b9a468b067833c3d2b8afce6,611,3,dances,control dances
LP0895,9dad5af4670f01c41e2943ed30dc4c5b6ed0aa098d6e50a07a0d5027ce9814a2,612,1,neckties,control neckties
LP0802,9dae4e152d03cd0386bcdc9ee4a877c0a92d058ce4ecf376bccf34a63c1afc34,613,2,baseball,control baseball
LP0024,9de11d02accfb1e444f653798a9cd174de4745bb845765174d283b6488dafbf5,614,3,dances,control dances
LP0171,9e2dccdc87ea7e42659c2acfb483b54f69653a0446a91e6c3c923b27dcc7203b,615,1,neckties,control neckties
LP0886,9e50b90af3280cd7d75688090cf2ffa13f9fbc5382514723b3aa70b84e316dd7,616,2,baseball,control baseball
LP0799,9e640c33e50a112ff6a7acf44697b9899f2f18948e402a06915fe9a9f41d49ef,617,3,dances,control dances
LP0656,9e71a150171a57f5f69d5185897fed16dbf26f7b666a627b83df78040f84046b,618,1,neckties,control neckties
LP0606,9e783a675e7e9eaebd334d873de0d7343c90e7f0b11c99c363d695b99478bae3,619,2,baseball,control baseball
LP0677,9ec80c86384dfae85319bffac699d353e638b8191fd26198cece3abee1c98fd5,620,3,dances,control dances
LP0809,9ef568b49869d6452e5844f32fce447d4f6e1cfb62990d6a8f935fb7d8880993,621,1,neckties,control neckties
LP0346,9f5a68c86f1a16d1cf4941f6c45294a370736bfa25aa528d28cdbd8d54528eda,622,2,baseball,control baseball
LP0032,9f7b2afad94b9fb40730b836fea3445a862e9f795f0ae2c37fa1716bc872e539,623,3,dances,control dances
LP0998,9f8cbc6df7e31f5b96bb29b6dcf0dd3206a66ec448e5ff1015f3f03ced2d47c9,624,1,neckties,control neckties
LP0575,9f9b49ee30eb2af750166e81a4f0efd7e6cab22249604b671b12dc47bf85c7b3,625,2,baseball,control baseball
LP0144,9fa4ad7b25d952588da609298595d67b33ed60f34be609872c726bd3ef894c90,626,3,dances,control dances
LP0832,9fb461cda221843f70e642432b6b3af076895a1f6b831bb2609beb50bcac89a9,627,1,neckties,control neckties
LP0561,9fb6b906ccf4f565d843bed8687b086dc3b2c64fd2bbd43c0aeedfdc98bcf136,628,2,baseball,control baseball
LP0590,9fe7eaad89e45fc7705029b3fd3aac14eab68d196049395bb451f4ef8e90d231,629,3,dances,control dances
LP0347,a11fdb925859a814ab6f8ac158acad01ec198a8984758d14408c1dd9fefd4d44,630,1,neckties,control neckties
LP0562,a14671f503ed3828940835519ca95c84bf5757f1bfb8f85a2a000ec16558ddd6,631,2,baseball,control baseball
LP0268,a197de449644f56f381a9227117d1f624027e9cc93a7305da2c09f21c7033873,632,3,dances,control dances
LP0395,a19e36c13c45b0e1fcf9c9fee344304490b73d6e5e6c557392273689f1214446,633,1,neckties,control neckties
LP0556,a1ad45052c83c21bd479e3bc66f794d29cf898af006f41fd42fdf2e1d9d2a14b,634,2,baseball,control baseball
LP0119,a2b0f65c53a8b15ba1932dfcbcd15f4b6329cf7f496bed22f76c13535737fbaa,635,3,dances,control dances
LP0824,a2c9f48166eefbcfb59b27a88b1b45476d6747362f06a36ca5fa068b3b6b549b,636,1,neckties,control neckties
LP0956,a2cf791ff3be0356cc8cfd0aa8213a6503f4f6c30cac7a0e6409056e50e6aa41,637,2,baseball,control baseball
LP0821,a2e4a762d8eb9476ce4f029574a63592f00c3467dc827df4c615a6426ee86b24,638,3,dances,control dances
LP0358,a2e5765c8471df96125ee198c9b06065554400666b9f992947fff29e10655fe3,639,1,neckties,control neckties
LP0794,a2f3fd3435d6a3ef0c70fb7b0fb367fcaae1ca738dde5f38ffe4111c3b865e06,640,2,baseball,control baseball
LP0515,a32a01e49389edef75020ecbc14dcd27b409ec32e7236e0f11b7bf6c6e0ce977,641,3,dances,control dances
LP0884,a33c53d9c5af0b0fadc02e5c6323ba2d6b229181116e77a76d38bb82a8635022,642,1,neckties,control neckties
LP0732,a34d83137912eba57f94bb09d3124e955b2b1a94c2cac08d3f042d62a0753874,643,2,baseball,control baseball
LP0582,a43be7c0a33b4153570e2d079a92664cf8885ad98844847c3195b3eb7c869437,644,3,dances,control dances
LP0058,a4a177dbc41f4a82958554e8a908c982dec08dd30dd37519ff8745b79f569cd8,645,1,neckties,control neckties
LP0619,a4d51442d417d6f80e0d5b260b204c759d9d2c18129303de39927e7c5a90e7f5,646,2,baseball,control baseball
LP0706,a4def6e7565a6e7b030159fcc1419fde7f53481e69f6f820ddc4f1dffba3cef4,647,3,dances,control dances
LP0691,a4eadfcf3c27bcc4fa11c76ed739f7a66a355374954f2bc7679142c7e6e5c49a,648,1,neckties,control neckties
LP0239,a58ff53e069be4e4a0e153384e3515662a1ce83ec0a2e2a450dd793a09c5a5e1,649,2,baseball,control baseball
LP0616,a59d6fdb067fc4299a2b892b7e1c86b272f2b37f52c72db625bcb2ef3a5fd1fb,650,3,dances,control dances
LP0162,a5fa767ef4bde57294f610421ad83e79f8997f28586a667b9094b0d7f612e8ba,651,1,neckties,control neckties
LP0030,a618694306f476eabb54d379a50ace4bc198ead9bb40d3aba38fb45bbb3277c7,652,2,baseball,control baseball
LP0896,a6403930f477c7998303dc6d0a69bbd561a30f07da692038dd0c93fa3ca335f6,653,3,dances,control dances
LP0788,a65d886bb0cc4f993913fe765625eea834b0b99e2d970c02f49d91d7806f4329,654,1,neckties,control neckties
LP0525,a6899b8d0c442af6edf27d242ca7310a45b3158f55735e9e198594ee762b2c59,655,2,baseball,control baseball
LP0072,a6a4e7973764b24a7512e0f96260b2aff37a433562e71145c5ed2714b0ee2c79,656,3,dances,control dances
LP0344,a72e0fe8c658e8755df97b7c443bb58d8ae2be7cbd2b753da38c3c58d81ede55,657,1,neckties,control neckties
LP0152,a768a5a47d73f3fccb2222d42b7b075be033ecfe9870054875b2787bc86bf620,658,2,baseball,control baseball
LP0737,a7a21dac700f7b272729fa5361f478193be8c91dc3e88632b354e34da2201be2,659,3,dances,control dances
LP0189,a7a6225dd0a4e71f75638f4a842be03d5cb4f2a08bac077ba0b14478d05cbbdb,660,1,neckties,control neckties
LP0524,a7d1cd6006e173280968933863ff576da7da31152618a833abd49574d0ae9444,661,2,baseball,control baseball
LP0749,a806683ffad3a723313f4337f7cb8f071b11b0149d95f25698439c3c84ac4438,662,3,dances,control dances
LP0288,a986641f5061a46773a63637c6d2fbcfc5c6a0cb53a8bf3ed6df2fc825d7ce9f,663,1,neckties,control neckties
LP0438,aa19973db4c12341b8f21238c2b30b60517f1570b2b185bb44d0077d981d2b11,664,2,baseball,control baseball
LP0834,aa70dc3aa3a1360ff170bb5f3f9cb62596f0d4d0bb6c641b2b0002fc193d75ec,665,3,dances,control dances
LP0488,aab69d57120fee2afa1c85179bc6b5eeaebb55b10deaa213552fbc5a50fa7a38,666,1,neckties,control neckties
LP0169,aad8d28f97450d9b9d56c7996b2fcc50d58ec935d3c8edccdfdfd8fb200d003d,667,2,baseball,control baseball
LP0246,aae0e31f0ecadd60f9b76b3d6c133de913271ab568adf68aadf9d3184cda5914,668,3,dances,control dances
LP0249,aaf832d5717f60fde2662e726ea2246dd96e62a333ad16e542ccb59347ecd1f7,669,1,neckties,control neckties
LP0958,aafac4bde694202ee4b17d749d079c19eb04bfccf76eb7ed2ac65285f79c86b9,670,2,baseball,control baseball
LP0700,aba1993e5626520469335b700383dadcb911fe1fdd0baba15b61a1db111f2e97,671,3,dances,control dances
LP0073,abd1655799cef20f05f60927544a80d1787113c0d8d4434697d83e440db16794,672,1,neckties,control neckties
LP0874,abea8f2d68bdd122dc084ad22357a9abe0703ad94bd441c318b9eb90db67faeb,673,2,baseball,control baseball
LP0315,ac64545788905faa49da006f3e9e3a25e7fe941630f8c7e64094bcba007dcfa4,674,3,dances,control dances
LP0187,ac76c1c499e216c428be1015d308a5840e617c830d49b2537e2ab97d78bd71f0,675,1,neckties,control neckties
LP0685,ac8e62bb617a768163fa9f8a39fb9ec40f5f723b946f8d0bde4f03f076efc7f4,676,2,baseball,control baseball
LP0761,acda002795709d56f66f1bc35aeb8ead0d2c978076b00bf9e182565311b92b8a,677,3,dances,control dances
LP0966,acebec0099623c85a9c6126f24db97db40c9227b992e5536675e70adf6dcf659,678,1,neckties,control neckties
LP0034,ad8f6fe0f72b851d936e28b93c2b0cc81cc386ac503ddb36c1310f070cc5bb5e,679,2,baseball,control baseball
LP0371,ae0767d1898e54de7836abae4d283926ea00d9286f79d55fcae8c4fcb9dd1415,680,3,dances,control dances
LP0173,ae5f23f26b3a9fabcfb3cc18f94d7e5c54313481e978d323b3f0aa5dfd7f1834,681,1,neckties,control neckties
LP0902,aeac5a9f347045de5ea565643e49c2745a726392caade193dcb345fe2fcd9532,682,2,baseball,control baseball
LP0216,aebee97986309db66c9c9be7567e571141bd675f18e7165b6a8e9691afa928c8,683,3,dances,control dances
LP0660,aed11f52ad65b40ba50e9374d301577ce7789ce0cab2f66b454ba376910884f3,684,1,neckties,control neckties
LP0526,aed48fca97d73a523f26ae40092b84fe2eadcbbce1699e5d22d41c54e1711054,685,2,baseball,control baseball
LP0733,aedd87255a17c69d08a99134e29f137c55dfc8886a704d8fbd871efd32cc3e50,686,3,dances,control dances
LP0038,af2fe74f3e034cec8901a720879628fd34b4b806330264b9626672c2518fd1e8,687,1,neckties,control neckties
LP0767,af4d4fe041b9d0e786944a1fd19cb6307e1937481543ebf6039eaa55ca7ccce8,688,2,baseball,control baseball
LP0545,af7b257ea23f49b48ad8cae186cb8680c72c81cbf7545bbef3689825c57f4d62,689,3,dances,control dances
LP0151,afcaf1f07360dba291135a97c043e5f0c3e32530ee00538add9d09e6dfc10f61,690,1,neckties,control neckties
LP0576,afed8115fe6f30f919b42fc104135f43f84ef363bf1f9bcf65f30333dc7e3094,691,2,baseball,control baseball
LP0394,b01f79c2fdc76ba078376cf2fc66987f3a1ebb9008da4ddf2d3962422c27b988,692,3,dances,control dances
LP0217,b040e9adb63c866e6e94f010d7b5644365cbf4226f8c73a78d668451f2a0d5d6,693,1,neckties,control neckties
LP0939,b04577125c753656534b494e23b51af1cc96b86d31d1fafc51cee048722ff6b0,694,2,baseball,control baseball
LP0211,b0c6866a6568a1a0f18090f66ff68ca5de6c464794f01c8269599bb1816d366e,695,3,dances,control dances
LP0184,b0e95746cdfcc1a84a047e6e7a52074170fd73b6a93a7494f4540ae0b47a8364,696,1,neckties,control neckties
LP0509,b0f8b49ad401e440c65d336504ab11e813a6880d18132d37762c6b893e4f9b53,697,2,baseball,control baseball
LP0610,b18b877b5ca0b4f50eacd086cda50a6bdc56518b0b70543c6455c2cf29373e69,698,3,dances,control dances
LP0080,b1ca49efb191922374ce9638127f6e997552cd1b41b4a926ce05d2eb25dad27f,699,1,neckties,control neckties
LP0675,b1ec63f1686f4a02b71037def46782dc079639112bb3f4834dd6bad44ec20888,700,2,baseball,control baseball
LP0370,b21b06e2911c301c68ca9801a66d7f2bc6bab5f6e88ba8da16d3aa97e1f83ec9,701,3,dances,control dances
LP0200,b26314a639acf76e8b507d54e94ce0c2bb6342c8413c9333bfac15701f42aa88,702,1,neckties,control neckties
LP0755,b30bf956feb4bf88611dbaba7ac5d98be14d58838ee82e912cbefe37f6b231fb,703,2,baseball,control baseball
LP0155,b36ac6890dfe8d5d5871c815707c10358ef834ffd25cafa9150900e3503a8da9,704,3,dances,control dances
LP0778,b3af35f0923ff5b2c2ce05b631f49e89a43b4128b472958b6c95683698606d45,705,1,neckties,control neckties
LP0661,b3b8ae308556f2763aa80fc24f23a63680930264d13428a26580358a093b16da,706,2,baseball,control baseball
LP0265,b3d32acad2548474555ffe3c67826e575aa665ca3a9a6495479172fa39de665a,707,3,dances,control dances
LP0393,b4434a9fdc1f6835554d80d419136976bab076594c47790c167378b30d7938b3,708,1,neckties,control neckties
LP0996,b45faec6d91384fa8d9e021f3cfe03cec224370ad9c633e7ecefdb4b8e477977,709,2,baseball,control baseball
LP0365,b46d57fec81af58446f812e7be2c325167a081ea241bb41b63739aa433b61674,710,3,dances,control dances
LP0564,b4bc85b892bbd0063229a858427237c51b1ce34fb3b7913ef7e2979e0499d1b3,711,1,neckties,control neckties
LP0234,b5ca544275db8cc1e344eaf34ebb88afd6553332623b7865ce477c266d4c212f,712,2,baseball,control baseball
LP0819,b5d7a010524a29b8137ee004eac712df9f3fe3255d631dbf374defee6cf2d147,713,3,dances,control dances
LP0087,b5f1205536a2f4be85d63ea49f2d5fd8aec3460dad34a981617a2382234ece21,714,1,neckties,control neckties
LP0164,b6e51087bf7a9bddfb69bb2387ac02da4f17e972d8d5413e23c34ec7895f06f9,715,2,baseball,control baseball
LP0635,b7a847d2466332aa8b0c0d2989553edb9381d4eedd3a46fac828a63a2cf41c01,716,3,dances,control dances
LP0182,b7d70e5d2dd1e474ed298e260ede7e3b0d9050395b00ea34f75d3f37a0491939,717,1,neckties,control neckties
LP0757,b7e66e4f7566185ca295d52fe674a36d18b25393a00fc86c0daa3442e414ee16,718,2,baseball,control baseball
LP0107,b84009b84507da4632e85adc03fc2d4c5e659b195792cb797039a44f8ad36fba,719,3,dances,control dances
LP0977,b893172ed5dc2dec517a98c8a85c7a221b2252140e59d2f5858aa93bbce1cec7,720,1,neckties,control neckties
LP0321,b9642169dd716ece941be8b65b01edd1379166fa96de6b84e224dcb328fd0424,721,2,baseball,control baseball
LP0029,b980d7754705d2b9d484bad138a72124cbc2389a8d9f95335fbbdd7f762c3855,722,3,dances,control dances
LP0281,b99064de98491aa6dc810fb80bb41ac140b4f5fe49c44e4adde57034b5f384b3,723,1,neckties,control neckties
LP0854,b9d54782b964bb604a2b7fd3ea828f85c40c6cbf8f084d53991fc76edb9573e0,724,2,baseball,control baseball
LP0112,b9fab991b6b4bc70c5a93002a8dfc6aec8d04eb421323db6f257c385ff94c8e4,725,3,dances,control dances
LP0207,ba22101b4c5feb0dfd83f75ea8eb80cfe5ac59a5be3c866a10fc42f8d882f328,726,1,neckties,control neckties
LP0416,ba22df73c6c5d1888f64d5a2fa798910aada8a2b17877bdd7ab61c0cce2edf7f,727,2,baseball,control baseball
LP0470,ba3fa2542210ef5261f26dd26c2b80629b3868aa6af8b9becccc66df509274ab,728,3,dances,control dances
LP0611,bacd538e71f40d51f5474b22d36c08115d545f9c4a743e1bddd17f702b96d5f5,729,1,neckties,control neckties
LP0481,bb668d2f9a7df3328e240a1ce7eade4bfedfe8044df76abf50cba61a4daff8cc,730,2,baseball,control baseball
LP0260,bbe36a0dbbba41b85d2e47bb0d7b49d32a87cca4b89b160712360be544d32161,731,3,dances,control dances
LP0945,bc2bfd2582f9e4d6d97aef23f6e50c9dea044f639e6d457462b03ffadaf17962,732,1,neckties,control neckties
LP0463,bc3099f5a26f6c2c316322202c6b5ece846798b4619c1890f6b63cbaceb4198c,733,2,baseball,control baseball
LP0335,bc5e3646249942d1fc9d900cc7297144abfd2ebcbec612ae66db9663d067805f,734,3,dances,control dances
LP0277,bc674d2f63db442112f4435d8f992b97212e6a2e60d7fa837adca49e1dd9da80,735,1,neckties,control neckties
LP0295,bc8e1b874567ed8bff5264ca803c9f19e888afdde67d0c60eff0c06826737f2b,736,2,baseball,control baseball
LP0294,bdaea52d739461bd2f887a2ca10de8747ee4e9b2b5ba178a54dfe7d3bcba3dd2,737,3,dances,control dances
LP0061,bde30ce70f57515d972d3ca9cb59189edce8240c3c03db00a71e3ba21cad86a4,738,1,neckties,control neckties
LP0459,be610dd03d3b087f69178ab84594db9d3baab1ffe38cf093d165596cf2c41f9e,739,2,baseball,control baseball
LP0772,be63de49e61bb32282c401e63f22dbdd5c180fd3fcc1c87596e9425c8e728f5b,740,3,dances,control dances
LP0176,be6630b326dc9cf4d76b630c2e66f6bcc39d4450d1715f776a9bb5e1fc4608cc,741,1,neckties,control neckties
LP0638,bee9cca268f76419f92f7f84a73fea6c37c037d5ec3268d3e45e1f479761412a,742,2,baseball,control baseball
LP0891,befa1bc5e9233087ae125f7f13f81459978470b0e0fc6d100eba71947aa87532,743,3,dances,control dances
LP0551,bf170a33838c579034490a443465eb861b671a949c189f0df8c63dcc68a6e230,744,1,neckties,control neckties
LP0543,bf524cde40da928628029032bc510c4817da935b7468edd215ce643009b981c8,745,2,baseball,control baseball
LP0007,bf6b813dad333d258ad2247fbac376a93251acf0443a4ae1b04c947519a2eb1f,746,3,dances,control dances
LP0724,bfd25a231cc7ef645561e2a31dba16e1d8c16bd5eba4a07424b4592e305f0564,747,1,neckties,control neckties
LP0843,bfda1d6653cc948cb7d8a16c8cb6ad85b73cab3d79c954619ae328c1e70ee87a,748,2,baseball,control baseball
LP0659,c032cc0ea2a428a34ae58e1053d714e892a198717d00e211e52910d78fc7b97f,749,3,dances,control dances
LP0215,c0791913df7ca88a6093856e150583f5d79b3095f68cf5aadf3864fd3d458b9b,750,1,neckties,control neckties
LP0301,c0ba6098e6a56f7071ebd721cc3359e17b2b2ec2fec5b1f196af383ee4f083dd,751,2,baseball,control baseball
LP0282,c0c3ddf3880d842cd00a57e20d9aae93f98a1f8241ac6e6f717a3f027dc2f86b,752,3,dances,control dances
LP0106,c0e8e53f98d9b1f523a98e6b0fca45cd278346beca2f45791620a17b5b20fdb4,753,1,neckties,control neckties
LP0988,c178c628167c35a702bccb9d56d80a08fb864571b03b6c2a5f9c492a788a85ae,754,2,baseball,control baseball
LP0826,c1b1dad750a36280acc48b17b5c574f70851b0e49276b1601c7c44dd512267d3,755,3,dances,control dances
LP0375,c1b2669a54c50b39c92ae0fdf05120acbcdc8d2ebafd29bcfe073e081b39dec4,756,1,neckties,control neckties
LP0163,c1f6315fd38fbca6e032c312fc571992867e0aa2c16528268e9988deccfb46f9,757,2,baseball,control baseball
LP0466,c20232198616c2858ba7bd4dbec66468e0844e047392c2293506c296b42ab77e,758,3,dances,control dances
LP0297,c3bd421f5e48a484257f6edb08f6a495e8dd4e1a46576ab47e908cf27265bd8c,759,1,neckties,control neckties
LP0885,c3eeaaddafccfbd7dc3dea6563a99aa2d578ad1ae8ab057ed47a849528465bed,760,2,baseball,control baseball
LP0507,c41cd87de1c64c23645279354887bb2c664670266cc81c0c64965de02f249445,761,3,dances,control dances
LP0209,c45c23161e5bbeae8d17d8c17c0330f6f836e960bf0ee099f7f26a336708f6b6,762,1,neckties,control neckties
LP0627,c47dee2fad04a7f6c40aea65dce16a1c50203ce24fba280f6ea2e7853d7657eb,763,2,baseball,control baseball
LP0909,c52ffb977329f362dbf0a3bf24adf0ff647002ff128951a40ba3bed5c526706b,764,3,dances,control dances
LP0631,c5399b1ec4f863deb84e219906dec2a3ff7dacc05b74c7ebdea1a7ef90692e94,765,1,neckties,control neckties
LP0795,c554d7f3b2e50c5073a183442da1ed2893bc55c0fdc996c01a10bd4143df7d73,766,2,baseball,control baseball
LP0529,c5c1f36e7211e55425b9cf97fdba53a58027eda672856bd55db9846f5de93cae,767,3,dances,control dances
LP0963,c5cba35f055f733ed3b3ca7c42fc5c3d70dbbe08ac5e8986aad6970edb26fa15,768,1,neckties,control neckties
LP0730,c62d8b2e8cb187a9ef50a8668761f060c7529935003bb0fb9d93418e898304f8,769,2,baseball,control baseball
LP0274,c65dc003ba5e740fbec4ab754b0cbb98723b0c908390dc0b464b5b087060ec09,770,3,dances,control dances
LP0668,c774a5d0be59587f7617a7ffc652f54b7ebe5c74071398a0974942e320341f8c,771,1,neckties,control neckties
LP0682,c787b919e3dfc7687bd6c6cbaff54e96676b06a8dfdd71e4326d0127510c4893,772,2,baseball,control baseball
LP0994,c7bbaced1e717c4b27d629be39c7cb060a6bfd246b0ecc3f2e26ced34be7a24e,773,3,dances,control dances
LP0931,c7ed9448d53107067d017f823124cdfb66d501616fa2aa9f2a0aaea792c132ae,774,1,neckties,control neckties
LP0264,c830c29278afe1a4d45d8323851ba03245a8e76b4237a17ba0d55b1060bb6454,775,2,baseball,control baseball
LP0049,c859037fe0fc3786cac5dd92711db7bc2cd99358f763afc8c75ccf169fe81a96,776,3,dances,control dances
LP0157,c8990138aaa6fa12bbac2f1b32530fdd310adf22988fb7617649077d7bcb66db,777,1,neckties,control neckties
LP0583,c9420f87f67d7eab7130ea77b9c37ff9432277c960d354fd26b902af2275a2c9,778,2,baseball,control baseball
LP0495,c95f53fbb6771192e107e40726a7d61f32ffe190821abc1983a861c04f01f0bb,779,3,dances,control dances
LP0228,c9997608c324281a06a6137c04cd6d2d3697c4f5b950e0f25c2f7456dbbaa600,780,1,neckties,control neckties
LP0460,ca382bcb1f5c97112d1679a5851e78d816615669d3209db5e4543fc848c010df,781,2,baseball,control baseball
LP0407,ca8b57ec65d8aaf9cf574685dd9fa6c891fe8f8184225fef116df9d0f37c9913,782,3,dances,control dances
LP0099,ca92a5ec3412850d78ac0f1aa21875328033ff6fd6429bcabf4fbfdbc31d12b8,783,1,neckties,control neckties
LP0584,caa176cf32c03302b82a68aef45500489665ca64934e34341c277615c2a02a84,784,2,baseball,control baseball
LP0783,cab7171f42d2b1b28226a0341c5f67a898c6825ecf295e10e5eda5d20f230574,785,3,dances,control dances
LP0304,cade40496a45f91a75c16df7e874bf8be86b3402cb76cb0d1bca715f3f1fc6fe,786,1,neckties,control neckties
LP0927,cb0a56e90e55b001709d1253dc8d692ed63bae463b58873517d3855d5f17fa72,787,2,baseball,control baseball
LP0334,cba4a17a52a7a52c4de56d9a935d6e30e76d1ffe2d495165285164bde54af916,788,3,dances,control dances
LP0944,cbec88862ac6f2c125c6aca32ea90af91022f3d2f0f4b84b51148e9ab0dcf25d,789,1,neckties,control neckties
LP0483,cbf7b7d5f0af298666a0ec01fa7e714a9c5c4ec7a25cb1453fafd4e0dc52ccf1,790,2,baseball,control baseball
LP0417,cc6fb3a97ca23c30d63c230f717fd12f09b6709a8a21859f94c29ebc82a2deb7,791,3,dances,control dances
LP0424,cc8635882d6353203f6e14ebf00c67547bc90f684f2b0b36cb6a219bb6ef48e1,792,1,neckties,control neckties
LP0645,ccf64d4ccae4ea2ca9d8f787be8655992898620fa05fcd71b70feb2646c3da8f,793,2,baseball,control baseball
LP0655,cd091c1c27d79a94967f9b7242884f59ee084673f6e8b9488f6c42a221e84c71,794,3,dances,control dances
LP0775,cd3638a1cb971e62a46ef69a7377d6415cc2183b9dbf3c5b11ef8f2fd4b0743c,795,1,neckties,control neckties
LP0839,cd593e8c1cf6c0d407cdeac4809f7d5940f0755acafb11b2db9491265dafbd9a,796,2,baseball,control baseball
LP0170,cd9bb042983ce0e98db65774041f06148391224ef701b5dde410e3c7a9f9c1b3,797,3,dances,control dances
LP0222,cdc60c5a754da27456df7c3a75fe91436d1f86504ff79ca42f42122d690f17d2,798,1,neckties,control neckties
LP0052,cddd8dd25328c0b1e84f63cb967fae76ab20dfdc16282ff240201fa5b9a1a3ba,799,2,baseball,control baseball
LP0374,cdefe8cae45ecb2ee5aba7fc705d6d9cdaeacaea26375d674b55fe83e64dccce,800,3,dances,control dances
LP0285,ce237495bc1f10ff92d2ae793f0ba03ea1e5f05114af3ba14fa870e09726e67d,801,1,neckties,control neckties
LP0719,ce3df8ae89d91f9680e0f1eaddc26a72b58509995bba86866f616b0215418167,802,2,baseball,control baseball
LP0084,cef3b622b02098aef7aa79d3c8239b8ce7c35752f7cd119a553687a05245eff8,803,3,dances,control dances
LP0159,cf2d177f3d910bccdba769be9f467c72f8e12c26305014923e2d72f90ed50a2c,804,1,neckties,control neckties
LP0754,cfacb147a6534e4f7f5251522c3a4d32c1c44aa0bd1b6b834f5628e18a9f7f55,805,2,baseball,control baseball
LP0203,cfdbc54c02021ddfdfd40b9adc3935aa254d3f80bca52c08b5037a7b91d564d5,806,3,dances,control dances
LP0022,cfdc931e51d6a80b01ec7cd61bbffad39a1c4c586899d0ee740bd77e908dc746,807,1,neckties,control neckties
LP0812,d00a818f4a9c5b49a7cb09c5d71292d8ed4557dfcaed31b25933f4cfd7ee5081,808,2,baseball,control baseball
LP0535,d00f39ebf24506180c86c258a35c458ec70ec3b82413cc759a5d171d2f3fd88e,809,3,dances,control dances
LP0464,d02d97b5096d30e9784265041a54d8036f55a811bdcd3e4d360ffe94803c64cb,810,1,neckties,control neckties
LP0851,d09d9cb868c94b08a1d55e9abeff81128fda1b9a0d9dd61a673b07a6e3402233,811,2,baseball,control baseball
LP0900,d151da9b9385aea7c8e78ab0fff7f28d297eb27075952283297cda1cf4fecbb1,812,3,dances,control dances
LP0501,d166ce246602ff6577c26bd09d6cef824d678b7b7852f12b17314d7b421ed88e,813,1,neckties,control neckties
LP0840,d1ee0081d87869dac17dce66ee4c419ad98c09d6769c3fc9ee53745389f12464,814,2,baseball,control baseball
LP0311,d245ef220f5ca4f6d06ba742877b0ffccc50aa2c53a81ebfd9305d141bdb40d1,815,3,dances,control dances
LP0491,d281f7872092c83b4ecc5f42e8363a722c17cda03adf2421f7d8c1706af1a8b4,816,1,neckties,control neckties
LP0718,d30226444f0f330367b60acb3b17fefd4043f03820daabcd9cbbeae952c4ad64,817,2,baseball,control baseball
LP0138,d36487bc2cb0ae3c2d8d4e51b0954c6cacdff9e81e2b66bef5f6eefb3156af24,818,3,dances,control dances
LP0850,d3940e406dc742565d551c43fb4b41f4815745164a48a669e111ba294078450e,819,1,neckties,control neckties
LP0774,d3bb5212d2d24425bdf4037cb32e379d539947e82e9bd136a63b4d7a0981dd18,820,2,baseball,control baseball
LP0838,d3d18ce73ee2b0647417b5885689b46d0ae7c07cc96b697128394b0fd406745d,821,3,dances,control dances
LP0023,d3e1df639ab092c6729bef42b7c223159b38c335e2b5efc337ff869ccddd2b0f,822,1,neckties,control neckties
LP0943,d3feead9b5357b48f0bb96020a46e162371b5e335c44097ba7b4962efcbc7aea,823,2,baseball,control baseball
LP0480,d41d9ac421d24771c55d7d24dfddc18ea440f1895aed89b2fd180bc2327b68d9,824,3,dances,control dances
LP0725,d4d5bc2776e7b4ad3e5eb426568cf2d3f95e70649cfc39874d428a17be51b617,825,1,neckties,control neckties
LP0429,d51b9784b28e8aca25313032e36b1ce55a7a4b72d58d7b8549de517e270f6c41,826,2,baseball,control baseball
LP0580,d5472f099fe56c6e836a6ba014178c01b5a12bf02fccf3e93047c9119994ebd4,827,3,dances,control dances
LP0662,d5940663464854331933d5d3e31177c6ac303191f1e777db957c8e974aab6290,828,1,neckties,control neckties
LP0291,d5eb285175643bfa0e5e38808a09066aa093b7c67c75ac7609def22e46a7357a,829,2,baseball,control baseball
LP0002,d61bf8c4ebc7b38acda8557cc1362610bca08e216ebbef90d84a021055dce653,830,3,dances,control dances
LP0018,d63c7ecdb52c6a731d947c59bb054c1d6188f39940060f346af0981d3c7c549c,831,1,neckties,control neckties
LP0579,d6891e014940f71b58fb6d497022f0d94e435054f89d80880701e00752fce2f4,832,2,baseball,control baseball
LP0027,d69cf54cb00b50d9cf846871a47f81b72fddf105bc1b7aa93dcf88bb4c86c228,833,3,dances,control dances
LP0504,d6abc9dc213365e52c63ebd53724ed4fa0c829e220340203c9349e9e3aa6d8b3,834,1,neckties,control neckties
LP0712,d7410089498003e8537f1bf17b45b21fd1a0bc9c92c69955a9756c27f728d440,835,2,baseball,control baseball
LP0419,d7727413616ec02a6ae7409f679a149d0520b050696289a0e9998118e2b3732b,836,3,dances,control dances
LP0739,d7bf68b30cdbfd30ef68e44299c695784401b9212a9372cd7c2ec428d0cbd2f4,837,1,neckties,control neckties
LP0044,d7e0674def25055ceeefa5c9e468d9117cd67b0fe485b7381c4709886a6e56e0,838,2,baseball,control baseball
LP0825,d81f31d6d7982fac22b67bcfcc611100f31cbba91ab40bfd0b956291a9fae3e6,839,3,dances,control dances
LP0595,d840f7f6f81f264ffc086847c4f354e491f0f4d8cf73d93c3cf556a7dbae91df,840,1,neckties,control neckties
LP0817,d84d3804c679bc1d8a49933b4c7c88319af9a6411fbe232ea19133252855428b,841,2,baseball,control baseball
LP0342,d856375713e5030e0467179cada55610d14adcdac2f5109c4c58f13c7b7e65c6,842,3,dances,control dances
LP0445,d94ab89673f6a0e5316da7c24850fe7fa2f70419cf38dec02929e875b0d0e63f,843,1,neckties,control neckties
LP0141,d9603f4f78e7af20c3736091d40423f25e79f864dc95f7b66358ccaf396ad4e9,844,2,baseball,control baseball
LP0166,d99726f81d03824a07f242e5c47090fd82e66bcc724bac6d7b432d0ea6d0a015,845,3,dances,control dances
LP0113,d9bb997240668fd6b59c3937bc5a91864550eb4ab6dc00946bcee5dbfc333da4,846,1,neckties,control neckties
LP0411,db3c878a20c961fb8722d1def69b8ebea4e231d68763265181bcbbea350bb57c,847,2,baseball,control baseball
LP0628,dbbb4357869377a42a0f08b9e5bc98215cfd6008ef11262a8ac944722d82b250,848,3,dances,control dances
LP0010,dc12a6207c588c3eec0aaf0d964ca4a1f5f6d6a809ca2c6ce06d3fd3760029ce,849,1,neckties,control neckties
LP0770,dc4fd799eb98106dd2385559bc5eb46d1a9fc83c37c76097de9c9605846dd71e,850,2,baseball,control baseball
LP0098,dcb8eae442b090442830ef05a457f8fa15840fdfbd09093b9469ec697fc35198,851,3,dances,control dances
LP0517,dcc17f7d6d80932684de94e4b771825249a0c8aaee12ef2712dd11be5666c96e,852,1,neckties,control neckties
LP0964,dcc98d8fa5d14cb9ad07df1ebb644e495cb514a5a2ea8b79894e9e859d74ec0c,853,2,baseball,control baseball
LP0403,dd45e4e88b2235f78a123fc96a86c7d099f3523267ca1b11a33b226754778cf0,854,3,dances,control dances
LP0670,dd71a08ee53ac9c5399c28e75ba49343c1fddf23f3de484aa91a65acd10bb97e,855,1,neckties,control neckties
LP0855,dd9d412ef972cda47d35a55858dd27c056a0536acb4859b8734578c9f03c6957,856,2,baseball,control baseball
LP0248,dda66c678ebc483896e14b44d005fd832e927f4d3500dae57f38f7d380a372e1,857,3,dances,control dances
LP0692,dda90ce38131ecf70be0bbd18df8c397182c6a993531cc1e75eede4e7163cc27,858,1,neckties,control neckties
LP0765,ddc4602b303c3fc1dd0cf482f76e0cf204b11389a853d390a327b1bcb0102f4f,859,2,baseball,control baseball
LP0083,dddd5ee8f974cbc0d1d047916688e67e62423bef90985bab565224c3b8a4081f,860,3,dances,control dances
LP0051,de41c4781b8cd4d36d34124576bb896bf370d03e6d07448bb3eba5fad7ac8025,861,1,neckties,control neckties
LP0553,de599e7ed6a1c8c2f67ddb428e9e3dd5c9872b32c50b0653a4edf102daf89b3b,862,2,baseball,control baseball
LP0745,de91e85136f533d987597980d526da3e2c9ab562b325944c23d2b7aae82ea7ee,863,3,dances,control dances
LP0131,df05ac0835a1d53dbb240856039570979034afc7e221ec5f3d93b4c51361fdb2,864,1,neckties,control neckties
LP0278,df9a35cc6d100ec93de419f0437b870d832c72717d75a6a9804790b28f2b02f8,865,2,baseball,control baseball
LP0868,dfc5f51c2bd8477ddce17fa7d159632f3f31338ccfec6edf47e621c936ed646a,866,3,dances,control dances
LP0327,e02ce118dd7f7630aab72bcac4e9dfe89d0eb6112844fd4dddd06fcbd088d132,867,1,neckties,control neckties
LP0227,e02d91d69b24c0888e648cad423ae1e284ab783a7e8ca82962e2d60bba9aa3b3,868,2,baseball,control baseball
LP0473,e061cad4cee9f39abdded962177a6fdc3919372e606b0cde3a20d5d56222e0bd,869,3,dances,control dances
LP0397,e07b8d6c1a61775cf02a007f1aeca939ae39cf99edef1fd6549a5bdf4eb871f7,870,1,neckties,control neckties
LP0487,e0b39d4dcdc2f7fa162d70a8380847fabd952c58342a857ffeb8d957c2692d8d,871,2,baseball,control baseball
LP0405,e0ea45670842d7a1326c2ce1a47d6616ac36005fc8ead873297f6758dac4e4ed,872,3,dances,control dances
LP0400,e1382ce75db7335957b8ef3fe1f9610ce828d2cf44431b463b19c3c79a2b5a1d,873,1,neckties,control neckties
LP0818,e1ebca43fef9c08174a736b1e5a213bb4aad93bd0f95bab70fe70760f3c1049f,874,2,baseball,control baseball
LP0426,e20620ddc890a9f567a287f888894b15fdb9a11f2bb54fb6d3f6d7ee731f92e2,875,3,dances,control dances
LP0847,e207c263846fd2ed5e2b26ac07ed1aad3bd6df49e59ce801a2efc9fd5b24a5f6,876,1,neckties,control neckties
LP0569,e22d932dd5fff96ff21955e22238249c153473c3bb68fd928802949b430cc120,877,2,baseball,control baseball
LP0605,e284654d6d634b53bc3eb53603b33441eca55d2d4712ea96d7803630012ef503,878,3,dances,control dances
LP0741,e28e476d264c9e5261fd362f2096b5776ac3fa7f5a2184a999322a75ac9f250e,879,1,neckties,control neckties
LP0578,e34655fd27b50f9e08f3d3a1f46414dd92403fa78ecd0e9f1cc584466ecce2f7,880,2,baseball,control baseball
LP0916,e36826a7e5d965dec55b41114d6077ee14f863144e4853d3c92d16a446e7f84b,881,3,dances,control dances
LP0025,e39328782584599cd3adb6ab01a647cb33e6262cd973d3c0ef50bd0488cf9af0,882,1,neckties,control neckties
LP0305,e3de84a171c350d6ab8cd7e3b84115c22f0124e4f5e203684a433187748e4f77,883,2,baseball,control baseball
LP0534,e403afb33954a47a71a27bdbe93624191b187eaa2679775fb72988af1622e2c6,884,3,dances,control dances
LP0185,e40e8bbc4370dfca314ed279a4ad715b4fb2542e9f70f00b41d2ccce1db74cc5,885,1,neckties,control neckties
LP0381,e4738ab98c49e45e67bf7cc9e8b432007903551a0e10b70f8f38d5bcb5404e3b,886,2,baseball,control baseball
LP0703,e47757ab7f0cf4801fd747fd10922316cf34a697b5cac8441044d3a5a6e4c227,887,3,dances,control dances
LP0681,e47cb2c763b6abedb321d0dcbc4c689c23b4f17dc8defde6e9831c91509140d9,888,1,neckties,control neckties
LP0992,e4d1a7a8bca93d3b87ceac6933089269fa3b85a15d03d80f5bff9331a1c70be8,889,2,baseball,control baseball
LP0450,e5054eac3b607563dc43a3fd4cc539df9fd79ddb3d4c0d106435c658e096baa2,890,3,dances,control dances
LP0624,e5c8bed45a37002fc49bbe25d44b96d069b8710ffa41e132f0b83fba04e8741d,891,1,neckties,control neckties
LP0343,e5e2427203959fff6f03626d57f2c585d96f675eea5c00e293882100e57618a9,892,2,baseball,control baseball
LP0316,e63d8cb60055a8eeeaaee751671d8339d6e4c095592abe47fb78a912f3d3e485,893,3,dances,control dances
LP0224,e68a032d69892d9bb189769084f95678282812bcf51d83bca52b0b2ad4f0befb,894,1,neckties,control neckties
LP0175,e74bfa6a9655d983c79688663b0901da3450b1a75b3a6aa5c71770b04cf55e6c,895,2,baseball,control baseball
LP0063,e7699dc6eaef6d7b5269689d4b15c6d92f33ab39d769d41f49b340a453b57ba7,896,3,dances,control dances
LP0858,e77b09d6694b0c485abaa615568439834dd319fc196cb43bf06eb2d0402574cf,897,1,neckties,control neckties
LP0307,e77d2f1b4edfcf3267aa0b9f4baab4847bcf94bcc382f063e5c980437b21e809,898,2,baseball,control baseball
LP0666,e7876058f2857af2b174731040852c082ae2cb0b64efb4c205068a0293b8dd2b,899,3,dances,control dances
LP0591,e8433002640e364127b228a7e2501191fa681adb146b1fc3ad2e1d13f5165b5c,900,1,neckties,control neckties
LP0548,e85a36462fd7afff60090a13de303f86f4761c82c43a61ce9210b6c174155762,901,2,baseball,control baseball
LP0196,e89381300c4b01f70b78e0a00235ae54fc77eeaedfd119d563ff5577cfcbb4c0,902,3,dances,control dances
LP0308,e8ec23f46198743d4b4957422cab9dea5b553c5173da03c9eb27eac7d4662245,903,1,neckties,control neckties
LP0123,e904228d44859cee5f4a68d8b38e5ed26b09c45230a223bb1b0be2c581af1b62,904,2,baseball,control baseball
LP0673,e930ff2df2b7d50d9e7f587948807afc0cd5f34c18c52d3e194b198f20b480cd,905,3,dances,control dances
LP0827,e93c9f539e6de66b384ba993e107ffd5f49994ccf3b5f2f8a78ad4fd728e0e11,906,1,neckties,control neckties
LP0340,ea0e946783f3fd6f51120dbddf6d9173445a9c1023e5b3f50c1f1657e07f4932,907,2,baseball,control baseball
LP0409,ea83ce7282ef7605b1b2da88d1289ee734322eac47331f8fba0dabedf392f380,908,3,dances,control dances
LP0614,ea885514a41191426043f49b50e88c6873f6143791cd34c2debc9a046788e783,909,1,neckties,control neckties
LP0003,eac784e1d43da9230ff8701d795540b6fa07f3354542daac1d2e1e88e9449b6f,910,2,baseball,control baseball
LP0077,eacc7f4118e15870a000e44e67683e1969d4083cecdfe37144869ab292ecf39e,911,3,dances,control dances
LP0134,eb03be1d59f2961f736e68cac8dc7324f5a2efc0b0af9102601290013ef83279,912,1,neckties,control neckties
LP0769,eb6bf00a4a0025ef6bf5c53efbc265f625439f74f5ea37ec45ff2ac234097681,913,2,baseball,control baseball
LP0122,ebcc3bb24e6ec508216fe6f9dafd733765721975b45566d95c68fc244a6edb4a,914,3,dances,control dances
LP0568,ebd6fa720d98f9a3c1840b615ffeddc0bdf27fe9d9f2db78d0b1838cd7e24105,915,1,neckties,control neckties
LP0145,ec0376cfc023e392c6829afb11026cdcf1ffa4b2b671ff66d074695313fb1a21,916,2,baseball,control baseball
LP0287,ec40bbe51878cebc1169871a8748eb3b55deff1882994cbdea9f2e920d6d2c6e,917,3,dances,control dances
LP0674,ec4b1bc3a19b882603cb6270744511f75ed9f37524d5fd2a26f6f2291dd6b025,918,1,neckties,control neckties
LP0937,eca2b99cee326fff0040a2b9fff7dd12159736dc7b722b3f975f50e80a9cfc2a,919,2,baseball,control baseball
LP0811,ed1dc9730b2635a8ded2600cbd366a59abb57316d1862e3b2f3d94824db45885,920,3,dances,control dances
LP0744,ed1ea17fb5b1b712f1b44eb1fe52763d5f59760fec042c2bbd543cba92c674da,921,1,neckties,control neckties
LP0467,ed3ddf3e1ec6ccade84ab3b1a8beda6584149663267ebc6f6627dc1e3cfa0dc5,922,2,baseball,control baseball
LP0236,ed91722e24ff5d1dfc60f816a3129264ca018ba0530b123e06ca75bef36daafc,923,3,dances,control dances
LP0257,edd53121c9e64830b52c5b51647c8e52785b9e083238583714fc1ca2ebb27970,924,1,neckties,control neckties
LP0856,ee02e5acdcf107a4633f8db9741c72cff46b09c7e74909ee5cfaf0fe5589561f,925,2,baseball,control baseball
LP0090,ee338e60f88167b76d9e52b7b6d079bfe6e39bdf3a101a8832b265f728904396,926,3,dances,control dances
LP0557,ee73fb0bd3d878783a63b3cb94b14962f25fbd4918d318edb4b54460c8738974,927,1,neckties,control neckties
LP0193,eee65cff8732fb7197cf5035fd96147262a6d3bdc89828cb4b711aea2112ab63,928,2,baseball,control baseball
LP0974,eef36a0364d773c352079d3f66a82d95fc5edd637cad8d58f09cf4073c034179,929,3,dances,control dances
LP0973,ef4b10eb5339b6efe5c1322d86d19e960b43ee7cbbf3f51ef36db203dc35e8c6,930,1,neckties,control neckties
LP0622,ef59a29b086936ea1f5e1b7802c32a0168f600e3d51af9ee5a6a80aa2faafb10,931,2,baseball,control baseball
LP0521,ef5d3e507289e5ceee6e82a2885aa583b77f93b82685e749b1e1c7af0cf25b5e,932,3,dances,control dances
LP0130,ef8647dd6715e81e1b32e27790eb00e0554f94b8e55f0805176be274b24adcbe,933,1,neckties,control neckties
LP0639,efac519084bf7c52dfe123752b1139bd3e56824b176b78072d3349f407a45f5c,934,2,baseball,control baseball
LP0592,f009600f3c3ad3843842d99dbd25c9f83ddd08de8012be643eb45f9d9fe608f1,935,3,dances,control dances
LP0876,f0a4b253661093cf89c3cdaa52bb878279fba7801033be829f2a7e9f8380a61c,936,1,neckties,control neckties
LP0597,f0b7125d255ccc262f860f8fdd47138256a9b8389460a1ed2779ab22ef2a6219,937,2,baseball,control baseball
LP0028,f129f7dea9015a490f646125388a3d0a1442c8353bfc250053ad9545922f05fe,938,3,dances,control dances
LP0835,f13371fdc692f377c31f78283ad27fbecea5ecfebe7945830b9e57174099a8f4,939,1,neckties,control neckties
LP0903,f13f2baa1eb08cd371f16307057294d26b78a91b6298c01cbb7d3607db682c78,940,2,baseball,control baseball
LP0037,f273b9ec92106a2dfb685ae379e014d7ca2eea9bceffc4e4e580660f12739196,941,3,dances,control dances
LP0762,f2815f6cd842990b765b1e35b68a3290d31462a7faad254d59b42e78f642400e,942,1,neckties,control neckties
LP0328,f283741caffe3398a2ccfb833513bf39b1da01fe618145ea740d63760b1f0da0,943,2,baseball,control baseball
LP0102,f299e4d57ac9e1ee6362178897507682d79bf04ecadc6f604cf2c6300d0d0ee4,944,3,dances,control dances
LP0379,f2b0645689b00385ddc0696b703016f2c0d37163c8b6ecb0d7d5b1f44bbedb16,945,1,neckties,control neckties
LP0699,f2fc48548ad6538e3151a9770878d11e01c568fe364fc5aba9085f70f26b8054,946,2,baseball,control baseball
LP0425,f333c070404da759a684b87dd438b50c2924c902a30608b63eca283854e7d05a,947,3,dances,control dances
LP0486,f360011a41f1b8071837d4a2413d77105e994f9267796b77a1377b9df1e0dded,948,1,neckties,control neckties
LP0303,f37338ce986b7c16346749de9fb9889b8a0ac83437d387ec5dfe8f454854a6b3,949,2,baseball,control baseball
LP0928,f373a9abf8a99431ecf4298d33aaf30e3e3dff72c63f55dc62b585fcd7c10af0,950,3,dances,control dances
LP0256,f37559caa920e52c2f1dfe929a7fb9a9c8d80c2da261f6ef09b0663ed87d218c,951,1,neckties,control neckties
LP0230,f3d3eea6b1be606d1d0a0d97f9b06b59099c72f63d78dc0daf6f1a03e21a6ca3,952,2,baseball,control baseball
LP0218,f3e287a542683f62e59d2397d979c752237317d6b13038df6e15e37fcf629fb1,953,3,dances,control dances
LP0006,f43e9e28c8397c033becf1bb661676f34ab05901b5520627b5ce2d67198e706f,954,1,neckties,control neckties
LP0780,f4e2a8567fadb804b505e6599be464e85056e035756c5066884c7539a42d2b4f,955,2,baseball,control baseball
LP0078,f509ac6d4ca9e7c2606a6d44f3705a004e91525bcb744e8e6a13bee7d001d77c,956,3,dances,control dances
LP0800,f58e872059fd8eabc43a5a3eab47370d08e5892c9ea387e43c2bbf13dcda693c,957,1,neckties,control neckties
LP0194,f5a798b2e076ffc6742cf3067c39447e7b5b9f51ce09ec408467205760270a38,958,2,baseball,control baseball
LP0273,f5c9abf1af6110226164184e5f28334ed3990f4aaece3565c2943e9327d1a768,959,3,dances,control dances
LP0255,f6d9018c90374ada62b8c17313b039b31983fe0edf30c37525c5cf756a29c768,960,1,neckties,control neckties
LP0223,f6d9b4f2bf16241f15e4fb9c3d4d909f728e7641b027062b4a57e3d85865f869,961,2,baseball,control baseball
LP0116,f6dadc08242d8b02e993adf004db9b452ea57f2ae27a3c9b196d99f0ae351498,962,3,dances,control dances
LP0585,f6e8fdff37cf9bae517fedceb6aee0b1777771bb46d927ef0f2ac4cea98ae0f0,963,1,neckties,control neckties
LP0862,f7454fea571e722b57ff258266edbce15d50741349759ec7086bdaeea9c7b1bb,964,2,baseball,control baseball
LP0954,f74621572961abaf90dbb67444ae69a21917ff7356558a9ff7e9a0e1c589c7ea,965,3,dances,control dances
LP0880,f77747f079dd33bee93b0d01dc132b0111b99c43d44165f6f561e15028a80455,966,1,neckties,control neckties
LP0065,f7ae5d43c21379b784995332ba3346ef8f72fdfff4396001d71d0e05516e718c,967,2,baseball,control baseball
LP0314,f7ea548b4e106305a3e8e4d6e2786cfded1506b11be78bbc749ffbc7df8714ba,968,3,dances,control dances
LP0777,f7fa89b4501de70d875c9591eccb1cbe89feb5b43d3ee1fcf7134d459378c03a,969,1,neckties,control neckties
LP0833,f80f79d81135cd9d4368617d4347199984132d716656f876dd2602bec097c5fb,970,2,baseball,control baseball
LP0923,f8858b4e37a8b6a0b833a395bfd1208f6d6335f418bfc8304402a5497f9b98e7,971,3,dances,control dances
LP0033,f8d59587d62c06701f0af3152f48b20668dca1a0b2ebda64d4270f08fcd32244,972,1,neckties,control neckties
LP0905,f8de5995e67e26b1d8ce6c8f60d6d936dea2682ef09493a0f66aef68f63167de,973,2,baseball,control baseball
LP0158,f92008d8f8e96f314c460f49a9ca42bc1576665fc603ecde769f7cc78128a240,974,3,dances,control dances
LP0698,f99859566e5389a2c2e48ec30d17c5db09119ed5441e40eed11833f83b5cc14c,975,1,neckties,control neckties
LP0197,f9a66b38bc2cc3b9bf035d9f3ab5fc9b5c9b5161fce9578cdb71fe16d92413af,976,2,baseball,control baseball
LP0684,fa73c2bf05ad41d65031d7031e94aafeaf699b701ec9f8c45a36035988ca8c9a,977,3,dances,control dances
LP0887,fab373b1a864ce52818a473780e12a824753d0b5baadd6108ef8b2a4bce9d207,978,1,neckties,control neckties
LP0442,fb28e485e6bbdf10a0bec95e3d3a2f5fd8060ee49ba270b3ee2426752835bb85,979,2,baseball,control baseball
LP0161,fbcfa8f4319ad0c1872aac8942a1fc8aa299cc8fb353a28473d33f2274738aa5,980,3,dances,control dances
LP0412,fbe106a9fe14990f0bc8affd17d31df83e6bf45c4449b643c334edfda75f2946,981,1,neckties,control neckties
LP0617,fbf9ea1cb69591cef13152287b1496dec5346bf9ab27df590734664675384d9a,982,2,baseball,control baseball
LP0337,fc34b27573901a7fbd1c44e32c05a40fa059ef57fa4e75121d7c1e3a3f9e3929,983,3,dances,control dances
LP0601,fc450240695c27ee91ec4b3c8145bacc15347f30ab18e0113b2c5a8a2448e630,984,1,neckties,control neckties
LP0714,fcc4bc6a6dacb5841f486cbca1f9c021055c471016f57d2a13129be3efcee535,985,2,baseball,control baseball
LP0039,fcd091cd32eed972af037405134969632e4ca6b15eb0545b561ac3dde7a6cd18,986,3,dances,control dances
LP0492,fceb93179c833f636307238e2dfebe8d3172f44b67bf65e001555397fbd3ffc0,987,1,neckties,control neckties
LP0075,fd08a196fa1d045c906b4433863e163dbe3eeaafafc8c61a7d8aee6bf5de4369,988,2,baseball,control baseball
LP0312,fd6676a2dca6ff82f6ad5b9589848b93ab9ac5ecf4664a21cb4d1761811c493a,989,3,dances,control dances
LP0387,fdc1271f5073084d00e5ba22976ecec54ec579ca63b0e9193a2df1ad2583617a,990,1,neckties,control neckties
LP0137,fde1ef080465f9667d2ff345980d1b49609f4c3a06dd4a413e18b61a1481edde,991,2,baseball,control baseball
LP0647,fe1073da516d7276d09283bd4d0d4be52d45daac50cde59a7ec8457dad77f58a,992,3,dances,control dances
LP0807,fe688890f37f94d166adc60161130b32a443ac48f04ae9693bfd250fc6468047,993,1,neckties,control neckties
LP0694,fe7b9535f670c114a7c402900affd3b96e6fe667575dffdacffdff300254eba9,994,2,baseball,control baseball
LP0079,fec3866857b3d032906facdf45dc01889587c8d9c4f2139d0a86555597b549ed,995,3,dances,control dances
LP0618,feeed4ee90c4ad17a3af1ff62979098bd50c73b7ee2fb85e31217947f0cb1849,996,1,neckties,control neckties
LP0841,ffa69a7e91d1251741548bdb97016cce9bd4fae6b024f2f7889dba96b6f1912a,997,2,baseball,control baseball
LP0901,ffbebd1ca40cb442b356a3ca6903b0a5281d1229e81a0757f4cc9131f12d67b2,998,3,dances,control dances
LP0652,ffc2beb761dfac13316f4cd08927c028debcabad6fb43676c554e42fa631f224,999,1,neckties,control neckties
