request_key,custom_id,role,study_id,profile_id,condition_id,outcome_id,replicate_id,requested_model,prompt_hash,schema_version,prompt_protocol_id,prompt_compiler_version,seed,status,required_fields,response_key_map,request_stage,consensus_interaction_protocol_id,consensus_stage_a_request_key,consensus_stage_a_prompt_hash,consensus_stage_a_schema_hash,consensus_feedback_hash
F|target|F0001|Consensus|stage_a|replicate_1,F-0962a3ff0688f8acd80e34498c54d66af80b4ee5,F,target,F0001,Consensus,consensus_stage_a_estimates,1,google/gemma-4-31B-it,6eb52d67ebb130b104b942295175f71284c0835ab828a700f063d4aa547d5fbf,675efa1486e53a4914248132dda701b834c9e26599d8c4c4d7b41db57bfcf2b0,consensus_two_stage_interactive_adaptation_v1,prompt_compiler_v2_split_g_f,424558762,pending,Q001|Q002|Q003,"{""Q001"": ""consensus_estimate_co2_warms_planet"", ""Q002"": ""consensus_estimate_net_zero_before_2085"", ""Q003"": ""consensus_estimate_human_primary_cause""}",consensus_stage_a,consensus_two_stage_interactive_adaptation_v1,F|target|F0001|Consensus|stage_a|replicate_1,6eb52d67ebb130b104b942295175f71284c0835ab828a700f063d4aa547d5fbf,675efa1486e53a4914248132dda701b834c9e26599d8c4c4d7b41db57bfcf2b0,
F|target|F0002|Consensus|stage_a|replicate_1,F-4f5d64706e4cb542b932b58e65c33de1c56eef38,F,target,F0002,Consensus,consensus_stage_a_estimates,1,google/gemma-4-31B-it,a224a6d8c7ae6f35553920331852a5c9a27fd280b422d5dccbafacc70ba9258b,675efa1486e53a4914248132dda701b834c9e26599d8c4c4d7b41db57bfcf2b0,consensus_two_stage_interactive_adaptation_v1,prompt_compiler_v2_split_g_f,218594852,pending,Q001|Q002|Q003,"{""Q001"": ""consensus_estimate_human_primary_cause"", ""Q002"": ""consensus_estimate_co2_warms_planet"", ""Q003"": ""consensus_estimate_net_zero_before_2085""}",consensus_stage_a,consensus_two_stage_interactive_adaptation_v1,F|target|F0002|Consensus|stage_a|replicate_1,a224a6d8c7ae6f35553920331852a5c9a27fd280b422d5dccbafacc70ba9258b,675efa1486e53a4914248132dda701b834c9e26599d8c4c4d7b41db57bfcf2b0,
F|target|F0003|Consensus|stage_a|replicate_1,F-e7a41f2f870631da29be58b1e015b360de4220b4,F,target,F0003,Consensus,consensus_stage_a_estimates,1,google/gemma-4-31B-it,77698bad309526ded59973d556239e6b7792782c0c984f13ae73ce1b60958a60,675efa1486e53a4914248132dda701b834c9e26599d8c4c4d7b41db57bfcf2b0,consensus_two_stage_interactive_adaptation_v1,prompt_compiler_v2_split_g_f,1447981116,pending,Q001|Q002|Q003,"{""Q001"": ""consensus_estimate_net_zero_before_2085"", ""Q002"": ""consensus_estimate_co2_warms_planet"", ""Q003"": ""consensus_estimate_human_primary_cause""}",consensus_stage_a,consensus_two_stage_interactive_adaptation_v1,F|target|F0003|Consensus|stage_a|replicate_1,77698bad309526ded59973d556239e6b7792782c0c984f13ae73ce1b60958a60,675efa1486e53a4914248132dda701b834c9e26599d8c4c4d7b41db57bfcf2b0,
F|target|F0004|Consensus|stage_a|replicate_1,F-285adac39326c783922d53e681e4c9f99bbf2feb,F,target,F0004,Consensus,consensus_stage_a_estimates,1,google/gemma-4-31B-it,3795f1735ed0c3fd8b9caf3d6fad5feeceb0ce6af11dbbcbe10c1c29746fa041,675efa1486e53a4914248132dda701b834c9e26599d8c4c4d7b41db57bfcf2b0,consensus_two_stage_interactive_adaptation_v1,prompt_compiler_v2_split_g_f,1675394314,pending,Q001|Q002|Q003,"{""Q001"": ""consensus_estimate_net_zero_before_2085"", ""Q002"": ""consensus_estimate_co2_warms_planet"", ""Q003"": ""consensus_estimate_human_primary_cause""}",consensus_stage_a,consensus_two_stage_interactive_adaptation_v1,F|target|F0004|Consensus|stage_a|replicate_1,3795f1735ed0c3fd8b9caf3d6fad5feeceb0ce6af11dbbcbe10c1c29746fa041,675efa1486e53a4914248132dda701b834c9e26599d8c4c4d7b41db57bfcf2b0,
F|target|F0005|Consensus|stage_a|replicate_1,F-0259c9deb3e4c3cce8a25da58131e117eeddfd81,F,target,F0005,Consensus,consensus_stage_a_estimates,1,google/gemma-4-31B-it,cb3447600c7640a43252aa35d6b4f9f5a90f76ca31e4beca4838442da747c219,675efa1486e53a4914248132dda701b834c9e26599d8c4c4d7b41db57bfcf2b0,consensus_two_stage_interactive_adaptation_v1,prompt_compiler_v2_split_g_f,949507977,pending,Q001|Q002|Q003,"{""Q001"": ""consensus_estimate_net_zero_before_2085"", ""Q002"": ""consensus_estimate_human_primary_cause"", ""Q003"": ""consensus_estimate_co2_warms_planet""}",consensus_stage_a,consensus_two_stage_interactive_adaptation_v1,F|target|F0005|Consensus|stage_a|replicate_1,cb3447600c7640a43252aa35d6b4f9f5a90f76ca31e4beca4838442da747c219,675efa1486e53a4914248132dda701b834c9e26599d8c4c4d7b41db57bfcf2b0,
F|target|F0006|Consensus|stage_a|replicate_1,F-fbdc48cf3c22a43c3cc3187a47d1cfd22e0f8153,F,target,F0006,Consensus,consensus_stage_a_estimates,1,google/gemma-4-31B-it,1129cfc170b0c21c760e791540c9d922dadab070441a18dc8a07b75032823a87,675efa1486e53a4914248132dda701b834c9e26599d8c4c4d7b41db57bfcf2b0,consensus_two_stage_interactive_adaptation_v1,prompt_compiler_v2_split_g_f,870004190,pending,Q001|Q002|Q003,"{""Q001"": ""consensus_estimate_net_zero_before_2085"", ""Q002"": ""consensus_estimate_co2_warms_planet"", ""Q003"": ""consensus_estimate_human_primary_cause""}",consensus_stage_a,consensus_two_stage_interactive_adaptation_v1,F|target|F0006|Consensus|stage_a|replicate_1,1129cfc170b0c21c760e791540c9d922dadab070441a18dc8a07b75032823a87,675efa1486e53a4914248132dda701b834c9e26599d8c4c4d7b41db57bfcf2b0,
F|target|F0007|Consensus|stage_a|replicate_1,F-d0c9605326737b0bb10cb26b0b35f14b9aaea9b7,F,target,F0007,Consensus,consensus_stage_a_estimates,1,google/gemma-4-31B-it,e94fd0c37ff776bc4f787d9ac89189ebafa3a7137f88def975d118b87da8a47c,675efa1486e53a4914248132dda701b834c9e26599d8c4c4d7b41db57bfcf2b0,consensus_two_stage_interactive_adaptation_v1,prompt_compiler_v2_split_g_f,1208368052,pending,Q001|Q002|Q003,"{""Q001"": ""consensus_estimate_human_primary_cause"", ""Q002"": ""consensus_estimate_co2_warms_planet"", ""Q003"": ""consensus_estimate_net_zero_before_2085""}",consensus_stage_a,consensus_two_stage_interactive_adaptation_v1,F|target|F0007|Consensus|stage_a|replicate_1,e94fd0c37ff776bc4f787d9ac89189ebafa3a7137f88def975d118b87da8a47c,675efa1486e53a4914248132dda701b834c9e26599d8c4c4d7b41db57bfcf2b0,
F|target|F0008|Consensus|stage_a|replicate_1,F-97bfd9ec54a6c6836fb4108f4b1342f379cbceb2,F,target,F0008,Consensus,consensus_stage_a_estimates,1,google/gemma-4-31B-it,cb24a0739b4046625159fce441019cd92505bdbd237407bcd302598850a92c3c,675efa1486e53a4914248132dda701b834c9e26599d8c4c4d7b41db57bfcf2b0,consensus_two_stage_interactive_adaptation_v1,prompt_compiler_v2_split_g_f,69630558,pending,Q001|Q002|Q003,"{""Q001"": ""consensus_estimate_co2_warms_planet"", ""Q002"": ""consensus_estimate_net_zero_before_2085"", ""Q003"": ""consensus_estimate_human_primary_cause""}",consensus_stage_a,consensus_two_stage_interactive_adaptation_v1,F|target|F0008|Consensus|stage_a|replicate_1,cb24a0739b4046625159fce441019cd92505bdbd237407bcd302598850a92c3c,675efa1486e53a4914248132dda701b834c9e26599d8c4c4d7b41db57bfcf2b0,
F|target|F0009|Consensus|stage_a|replicate_1,F-42cba6df957bf1e8e70028f5d29c8f017463106a,F,target,F0009,Consensus,consensus_stage_a_estimates,1,google/gemma-4-31B-it,13c4c53754df402685e670b465eee55e75dd9173e8f8d32ae1b9d198260a161e,675efa1486e53a4914248132dda701b834c9e26599d8c4c4d7b41db57bfcf2b0,consensus_two_stage_interactive_adaptation_v1,prompt_compiler_v2_split_g_f,454246312,pending,Q001|Q002|Q003,"{""Q001"": ""consensus_estimate_net_zero_before_2085"", ""Q002"": ""consensus_estimate_co2_warms_planet"", ""Q003"": ""consensus_estimate_human_primary_cause""}",consensus_stage_a,consensus_two_stage_interactive_adaptation_v1,F|target|F0009|Consensus|stage_a|replicate_1,13c4c53754df402685e670b465eee55e75dd9173e8f8d32ae1b9d198260a161e,675efa1486e53a4914248132dda701b834c9e26599d8c4c4d7b41db57bfcf2b0,
F|target|F0010|Consensus|stage_a|replicate_1,F-288724716c2f90d069e00e9b59f59d0774b55acc,F,target,F0010,Consensus,consensus_stage_a_estimates,1,google/gemma-4-31B-it,a162820dc07b7fadd4e987da7cd87860e3df44dbb6a4ab7f4d074f79f5861759,675efa1486e53a4914248132dda701b834c9e26599d8c4c4d7b41db57bfcf2b0,consensus_two_stage_interactive_adaptation_v1,prompt_compiler_v2_split_g_f,1027463603,pending,Q001|Q002|Q003,"{""Q001"": ""consensus_estimate_co2_warms_planet"", ""Q002"": ""consensus_estimate_human_primary_cause"", ""Q003"": ""consensus_estimate_net_zero_before_2085""}",consensus_stage_a,consensus_two_stage_interactive_adaptation_v1,F|target|F0010|Consensus|stage_a|replicate_1,a162820dc07b7fadd4e987da7cd87860e3df44dbb6a4ab7f4d074f79f5861759,675efa1486e53a4914248132dda701b834c9e26599d8c4c4d7b41db57bfcf2b0,
F|target|F0011|Consensus|stage_a|replicate_1,F-e0079a4498e44a491f89a9042f429a71d6f02e03,F,target,F0011,Consensus,consensus_stage_a_estimates,1,google/gemma-4-31B-it,5eb0153107ca2a4a64962fa45693add2127d5872258056ed02923faffb1e2e0c,675efa1486e53a4914248132dda701b834c9e26599d8c4c4d7b41db57bfcf2b0,consensus_two_stage_interactive_adaptation_v1,prompt_compiler_v2_split_g_f,1492352725,pending,Q001|Q002|Q003,"{""Q001"": ""consensus_estimate_human_primary_cause"", ""Q002"": ""consensus_estimate_net_zero_before_2085"", ""Q003"": ""consensus_estimate_co2_warms_planet""}",consensus_stage_a,consensus_two_stage_interactive_adaptation_v1,F|target|F0011|Consensus|stage_a|replicate_1,5eb0153107ca2a4a64962fa45693add2127d5872258056ed02923faffb1e2e0c,675efa1486e53a4914248132dda701b834c9e26599d8c4c4d7b41db57bfcf2b0,
F|target|F0012|Consensus|stage_a|replicate_1,F-ecf92256d496056e49bfb838f99fff60d4f019b6,F,target,F0012,Consensus,consensus_stage_a_estimates,1,google/gemma-4-31B-it,b6ed462b2db5b27a698a3d098a5507f16a3100e3e3185d6ea2ef61b8e6b4ae69,675efa1486e53a4914248132dda701b834c9e26599d8c4c4d7b41db57bfcf2b0,consensus_two_stage_interactive_adaptation_v1,prompt_compiler_v2_split_g_f,780683807,pending,Q001|Q002|Q003,"{""Q001"": ""consensus_estimate_net_zero_before_2085"", ""Q002"": ""consensus_estimate_co2_warms_planet"", ""Q003"": ""consensus_estimate_human_primary_cause""}",consensus_stage_a,consensus_two_stage_interactive_adaptation_v1,F|target|F0012|Consensus|stage_a|replicate_1,b6ed462b2db5b27a698a3d098a5507f16a3100e3e3185d6ea2ef61b8e6b4ae69,675efa1486e53a4914248132dda701b834c9e26599d8c4c4d7b41db57bfcf2b0,
F|target|F0013|Consensus|stage_a|replicate_1,F-c0ad600b370ad209ea696e682d405efe8e5ef3db,F,target,F0013,Consensus,consensus_stage_a_estimates,1,google/gemma-4-31B-it,a41bbff6f6a74aff03c196e42162da7f96bf57302a1e0f276a590747b1523a2b,675efa1486e53a4914248132dda701b834c9e26599d8c4c4d7b41db57bfcf2b0,consensus_two_stage_interactive_adaptation_v1,prompt_compiler_v2_split_g_f,946180642,pending,Q001|Q002|Q003,"{""Q001"": ""consensus_estimate_net_zero_before_2085"", ""Q002"": ""consensus_estimate_human_primary_cause"", ""Q003"": ""consensus_estimate_co2_warms_planet""}",consensus_stage_a,consensus_two_stage_interactive_adaptation_v1,F|target|F0013|Consensus|stage_a|replicate_1,a41bbff6f6a74aff03c196e42162da7f96bf57302a1e0f276a590747b1523a2b,675efa1486e53a4914248132dda701b834c9e26599d8c4c4d7b41db57bfcf2b0,
F|target|F0014|Consensus|stage_a|replicate_1,F-f7bf46c11a3cd224641013800f255874716cf6cb,F,target,F0014,Consensus,consensus_stage_a_estimates,1,google/gemma-4-31B-it,0e106d92bc092e485dbe60de17bc6909391c5b1921bbd76de78a84b7a8972fa5,675efa1486e53a4914248132dda701b834c9e26599d8c4c4d7b41db57bfcf2b0,consensus_two_stage_interactive_adaptation_v1,prompt_compiler_v2_split_g_f,163274666,pending,Q001|Q002|Q003,"{""Q001"": ""consensus_estimate_net_zero_before_2085"", ""Q002"": ""consensus_estimate_co2_warms_planet"", ""Q003"": ""consensus_estimate_human_primary_cause""}",consensus_stage_a,consensus_two_stage_interactive_adaptation_v1,F|target|F0014|Consensus|stage_a|replicate_1,0e106d92bc092e485dbe60de17bc6909391c5b1921bbd76de78a84b7a8972fa5,675efa1486e53a4914248132dda701b834c9e26599d8c4c4d7b41db57bfcf2b0,
F|target|F0015|Consensus|stage_a|replicate_1,F-df8b9aa33e3c8021f7594b60ec3ad0ecfa69e8ef,F,target,F0015,Consensus,consensus_stage_a_estimates,1,google/gemma-4-31B-it,7d4d24c8d8fd8561e7c343e83f973825107d9685ac3fda9cb20bbe23fa534392,675efa1486e53a4914248132dda701b834c9e26599d8c4c4d7b41db57bfcf2b0,consensus_two_stage_interactive_adaptation_v1,prompt_compiler_v2_split_g_f,2102637930,pending,Q001|Q002|Q003,"{""Q001"": ""consensus_estimate_net_zero_before_2085"", ""Q002"": ""consensus_estimate_human_primary_cause"", ""Q003"": ""consensus_estimate_co2_warms_planet""}",consensus_stage_a,consensus_two_stage_interactive_adaptation_v1,F|target|F0015|Consensus|stage_a|replicate_1,7d4d24c8d8fd8561e7c343e83f973825107d9685ac3fda9cb20bbe23fa534392,675efa1486e53a4914248132dda701b834c9e26599d8c4c4d7b41db57bfcf2b0,
F|target|F0016|Consensus|stage_a|replicate_1,F-8765cdde964500dbdcb31aac04086342a8cecbb5,F,target,F0016,Consensus,consensus_stage_a_estimates,1,google/gemma-4-31B-it,55572237d1d8eafa0c44b62cd8ce4af37793cfb7b82df871311d35fba9a1f2ed,675efa1486e53a4914248132dda701b834c9e26599d8c4c4d7b41db57bfcf2b0,consensus_two_stage_interactive_adaptation_v1,prompt_compiler_v2_split_g_f,621845658,pending,Q001|Q002|Q003,"{""Q001"": ""consensus_estimate_human_primary_cause"", ""Q002"": ""consensus_estimate_net_zero_before_2085"", ""Q003"": ""consensus_estimate_co2_warms_planet""}",consensus_stage_a,consensus_two_stage_interactive_adaptation_v1,F|target|F0016|Consensus|stage_a|replicate_1,55572237d1d8eafa0c44b62cd8ce4af37793cfb7b82df871311d35fba9a1f2ed,675efa1486e53a4914248132dda701b834c9e26599d8c4c4d7b41db57bfcf2b0,
F|target|F0017|Consensus|stage_a|replicate_1,F-98e10c783f8df3f40eac30ad2f7367628b3bb030,F,target,F0017,Consensus,consensus_stage_a_estimates,1,google/gemma-4-31B-it,de09f1645362e56b10e690cea01f21f629b01b7576e3a0655b7fef546f181d81,675efa1486e53a4914248132dda701b834c9e26599d8c4c4d7b41db57bfcf2b0,consensus_two_stage_interactive_adaptation_v1,prompt_compiler_v2_split_g_f,1901071590,pending,Q001|Q002|Q003,"{""Q001"": ""consensus_estimate_human_primary_cause"", ""Q002"": ""consensus_estimate_net_zero_before_2085"", ""Q003"": ""consensus_estimate_co2_warms_planet""}",consensus_stage_a,consensus_two_stage_interactive_adaptation_v1,F|target|F0017|Consensus|stage_a|replicate_1,de09f1645362e56b10e690cea01f21f629b01b7576e3a0655b7fef546f181d81,675efa1486e53a4914248132dda701b834c9e26599d8c4c4d7b41db57bfcf2b0,
F|target|F0018|Consensus|stage_a|replicate_1,F-206acfa6402141cd5cae304952e7bb3f5d9459ad,F,target,F0018,Consensus,consensus_stage_a_estimates,1,google/gemma-4-31B-it,570c204b97fece62476a3a8428d47ddd8d014b26819a4142dbbd0c36387f3514,675efa1486e53a4914248132dda701b834c9e26599d8c4c4d7b41db57bfcf2b0,consensus_two_stage_interactive_adaptation_v1,prompt_compiler_v2_split_g_f,16179482,pending,Q001|Q002|Q003,"{""Q001"": ""consensus_estimate_human_primary_cause"", ""Q002"": ""consensus_estimate_net_zero_before_2085"", ""Q003"": ""consensus_estimate_co2_warms_planet""}",consensus_stage_a,consensus_two_stage_interactive_adaptation_v1,F|target|F0018|Consensus|stage_a|replicate_1,570c204b97fece62476a3a8428d47ddd8d014b26819a4142dbbd0c36387f3514,675efa1486e53a4914248132dda701b834c9e26599d8c4c4d7b41db57bfcf2b0,
F|target|F0019|Consensus|stage_a|replicate_1,F-30ca6ae8ac261960f887519831b1445c965f1484,F,target,F0019,Consensus,consensus_stage_a_estimates,1,google/gemma-4-31B-it,4ee7e6ee198d6e6a64ca2e7d522ee02483f84f9c787a1b9c4231a3db554ea7e9,675efa1486e53a4914248132dda701b834c9e26599d8c4c4d7b41db57bfcf2b0,consensus_two_stage_interactive_adaptation_v1,prompt_compiler_v2_split_g_f,230354738,pending,Q001|Q002|Q003,"{""Q001"": ""consensus_estimate_net_zero_before_2085"", ""Q002"": ""consensus_estimate_human_primary_cause"", ""Q003"": ""consensus_estimate_co2_warms_planet""}",consensus_stage_a,consensus_two_stage_interactive_adaptation_v1,F|target|F0019|Consensus|stage_a|replicate_1,4ee7e6ee198d6e6a64ca2e7d522ee02483f84f9c787a1b9c4231a3db554ea7e9,675efa1486e53a4914248132dda701b834c9e26599d8c4c4d7b41db57bfcf2b0,
F|target|F0020|Consensus|stage_a|replicate_1,F-b29f72b287d9ec5478a82547512e0f806f52b181,F,target,F0020,Consensus,consensus_stage_a_estimates,1,google/gemma-4-31B-it,976fa1ef7b1442a12fc0b32f7a3b21e662ad3ccba384af297a9945c2960755f7,675efa1486e53a4914248132dda701b834c9e26599d8c4c4d7b41db57bfcf2b0,consensus_two_stage_interactive_adaptation_v1,prompt_compiler_v2_split_g_f,1830343099,pending,Q001|Q002|Q003,"{""Q001"": ""consensus_estimate_co2_warms_planet"", ""Q002"": ""consensus_estimate_net_zero_before_2085"", ""Q003"": ""consensus_estimate_human_primary_cause""}",consensus_stage_a,consensus_two_stage_interactive_adaptation_v1,F|target|F0020|Consensus|stage_a|replicate_1,976fa1ef7b1442a12fc0b32f7a3b21e662ad3ccba384af297a9945c2960755f7,675efa1486e53a4914248132dda701b834c9e26599d8c4c4d7b41db57bfcf2b0,
F|target|F0021|Consensus|stage_a|replicate_1,F-976fab2377e5ec41f20ad00e6aa46f4439dcda0d,F,target,F0021,Consensus,consensus_stage_a_estimates,1,google/gemma-4-31B-it,67e820ffcb32252a7658ca050d223ad91c83844401c58040a82c90cafdb0ff23,675efa1486e53a4914248132dda701b834c9e26599d8c4c4d7b41db57bfcf2b0,consensus_two_stage_interactive_adaptation_v1,prompt_compiler_v2_split_g_f,650461834,pending,Q001|Q002|Q003,"{""Q001"": ""consensus_estimate_net_zero_before_2085"", ""Q002"": ""consensus_estimate_co2_warms_planet"", ""Q003"": ""consensus_estimate_human_primary_cause""}",consensus_stage_a,consensus_two_stage_interactive_adaptation_v1,F|target|F0021|Consensus|stage_a|replicate_1,67e820ffcb32252a7658ca050d223ad91c83844401c58040a82c90cafdb0ff23,675efa1486e53a4914248132dda701b834c9e26599d8c4c4d7b41db57bfcf2b0,
F|target|F0022|Consensus|stage_a|replicate_1,F-192f5b525233d8812b1d5407ef5728bda2d9688e,F,target,F0022,Consensus,consensus_stage_a_estimates,1,google/gemma-4-31B-it,0038e55d2db9e9d992b4c9603e096a291fe611fa5d1fc0fff4a1e8d9bb8fbf5c,675efa1486e53a4914248132dda701b834c9e26599d8c4c4d7b41db57bfcf2b0,consensus_two_stage_interactive_adaptation_v1,prompt_compiler_v2_split_g_f,76713766,pending,Q001|Q002|Q003,"{""Q001"": ""consensus_estimate_human_primary_cause"", ""Q002"": ""consensus_estimate_net_zero_before_2085"", ""Q003"": ""consensus_estimate_co2_warms_planet""}",consensus_stage_a,consensus_two_stage_interactive_adaptation_v1,F|target|F0022|Consensus|stage_a|replicate_1,0038e55d2db9e9d992b4c9603e096a291fe611fa5d1fc0fff4a1e8d9bb8fbf5c,675efa1486e53a4914248132dda701b834c9e26599d8c4c4d7b41db57bfcf2b0,
F|target|F0023|Consensus|stage_a|replicate_1,F-07efbe0c6f13247e3d97283f755f39f5d9b86737,F,target,F0023,Consensus,consensus_stage_a_estimates,1,google/gemma-4-31B-it,1c08d24dd1d54f52340e19e4af741deeba3839a787c7361675563a34821c84b5,675efa1486e53a4914248132dda701b834c9e26599d8c4c4d7b41db57bfcf2b0,consensus_two_stage_interactive_adaptation_v1,prompt_compiler_v2_split_g_f,2129830038,pending,Q001|Q002|Q003,"{""Q001"": ""consensus_estimate_co2_warms_planet"", ""Q002"": ""consensus_estimate_human_primary_cause"", ""Q003"": ""consensus_estimate_net_zero_before_2085""}",consensus_stage_a,consensus_two_stage_interactive_adaptation_v1,F|target|F0023|Consensus|stage_a|replicate_1,1c08d24dd1d54f52340e19e4af741deeba3839a787c7361675563a34821c84b5,675efa1486e53a4914248132dda701b834c9e26599d8c4c4d7b41db57bfcf2b0,
F|target|F0024|Consensus|stage_a|replicate_1,F-bb492a32ed9c25e7432084268f177942fbb3123a,F,target,F0024,Consensus,consensus_stage_a_estimates,1,google/gemma-4-31B-it,0e651fc5cfea71c9f8a2d1941448168e3636dfcc51ec171108cdc7d2f7e9caa9,675efa1486e53a4914248132dda701b834c9e26599d8c4c4d7b41db57bfcf2b0,consensus_two_stage_interactive_adaptation_v1,prompt_compiler_v2_split_g_f,1680767567,pending,Q001|Q002|Q003,"{""Q001"": ""consensus_estimate_co2_warms_planet"", ""Q002"": ""consensus_estimate_net_zero_before_2085"", ""Q003"": ""consensus_estimate_human_primary_cause""}",consensus_stage_a,consensus_two_stage_interactive_adaptation_v1,F|target|F0024|Consensus|stage_a|replicate_1,0e651fc5cfea71c9f8a2d1941448168e3636dfcc51ec171108cdc7d2f7e9caa9,675efa1486e53a4914248132dda701b834c9e26599d8c4c4d7b41db57bfcf2b0,
F|target|F0025|Consensus|stage_a|replicate_1,F-8c8f14d816a0489c3983cbdad1d40569cc0fa046,F,target,F0025,Consensus,consensus_stage_a_estimates,1,google/gemma-4-31B-it,928b8608c2be21fc3359ba95b8ae160c45479544b6aae90b8d8baf282f0ef58c,675efa1486e53a4914248132dda701b834c9e26599d8c4c4d7b41db57bfcf2b0,consensus_two_stage_interactive_adaptation_v1,prompt_compiler_v2_split_g_f,801010254,pending,Q001|Q002|Q003,"{""Q001"": ""consensus_estimate_net_zero_before_2085"", ""Q002"": ""consensus_estimate_co2_warms_planet"", ""Q003"": ""consensus_estimate_human_primary_cause""}",consensus_stage_a,consensus_two_stage_interactive_adaptation_v1,F|target|F0025|Consensus|stage_a|replicate_1,928b8608c2be21fc3359ba95b8ae160c45479544b6aae90b8d8baf282f0ef58c,675efa1486e53a4914248132dda701b834c9e26599d8c4c4d7b41db57bfcf2b0,
F|target|F0026|Consensus|stage_a|replicate_1,F-260ffd8983f30a5daa8299bf52721b947e6e40df,F,target,F0026,Consensus,consensus_stage_a_estimates,1,google/gemma-4-31B-it,41e32a1aa322e762094087443292b3f9e98b9b4e21d78ccb0fbf6c529c5202d1,675efa1486e53a4914248132dda701b834c9e26599d8c4c4d7b41db57bfcf2b0,consensus_two_stage_interactive_adaptation_v1,prompt_compiler_v2_split_g_f,1343423856,pending,Q001|Q002|Q003,"{""Q001"": ""consensus_estimate_co2_warms_planet"", ""Q002"": ""consensus_estimate_net_zero_before_2085"", ""Q003"": ""consensus_estimate_human_primary_cause""}",consensus_stage_a,consensus_two_stage_interactive_adaptation_v1,F|target|F0026|Consensus|stage_a|replicate_1,41e32a1aa322e762094087443292b3f9e98b9b4e21d78ccb0fbf6c529c5202d1,675efa1486e53a4914248132dda701b834c9e26599d8c4c4d7b41db57bfcf2b0,
F|target|F0027|Consensus|stage_a|replicate_1,F-2c31656b6ae94b55a4c39421f5e19c2312b791a0,F,target,F0027,Consensus,consensus_stage_a_estimates,1,google/gemma-4-31B-it,197c7a13697e05a965b09acc4480fac34a84ade333f5e7dce3cb3ee8b75854ac,675efa1486e53a4914248132dda701b834c9e26599d8c4c4d7b41db57bfcf2b0,consensus_two_stage_interactive_adaptation_v1,prompt_compiler_v2_split_g_f,1129059884,pending,Q001|Q002|Q003,"{""Q001"": ""consensus_estimate_co2_warms_planet"", ""Q002"": ""consensus_estimate_net_zero_before_2085"", ""Q003"": ""consensus_estimate_human_primary_cause""}",consensus_stage_a,consensus_two_stage_interactive_adaptation_v1,F|target|F0027|Consensus|stage_a|replicate_1,197c7a13697e05a965b09acc4480fac34a84ade333f5e7dce3cb3ee8b75854ac,675efa1486e53a4914248132dda701b834c9e26599d8c4c4d7b41db57bfcf2b0,
F|target|F0028|Consensus|stage_a|replicate_1,F-8bdd2ec60e1c00d190a4bc3c6ac6c13066d4889e,F,target,F0028,Consensus,consensus_stage_a_estimates,1,google/gemma-4-31B-it,911f3233db654b09cf0496667180aa9e091750f6e89d66c495db81e6f32e6107,675efa1486e53a4914248132dda701b834c9e26599d8c4c4d7b41db57bfcf2b0,consensus_two_stage_interactive_adaptation_v1,prompt_compiler_v2_split_g_f,634805855,pending,Q001|Q002|Q003,"{""Q001"": ""consensus_estimate_human_primary_cause"", ""Q002"": ""consensus_estimate_net_zero_before_2085"", ""Q003"": ""consensus_estimate_co2_warms_planet""}",consensus_stage_a,consensus_two_stage_interactive_adaptation_v1,F|target|F0028|Consensus|stage_a|replicate_1,911f3233db654b09cf0496667180aa9e091750f6e89d66c495db81e6f32e6107,675efa1486e53a4914248132dda701b834c9e26599d8c4c4d7b41db57bfcf2b0,
F|target|F0029|Consensus|stage_a|replicate_1,F-9911e079efe0ecadb462f203a1642606eda1e4c7,F,target,F0029,Consensus,consensus_stage_a_estimates,1,google/gemma-4-31B-it,55d4e750caa5bb4677216e67fbb973e77384880bb1a6029c831eaff29279dbc4,675efa1486e53a4914248132dda701b834c9e26599d8c4c4d7b41db57bfcf2b0,consensus_two_stage_interactive_adaptation_v1,prompt_compiler_v2_split_g_f,570731939,pending,Q001|Q002|Q003,"{""Q001"": ""consensus_estimate_net_zero_before_2085"", ""Q002"": ""consensus_estimate_human_primary_cause"", ""Q003"": ""consensus_estimate_co2_warms_planet""}",consensus_stage_a,consensus_two_stage_interactive_adaptation_v1,F|target|F0029|Consensus|stage_a|replicate_1,55d4e750caa5bb4677216e67fbb973e77384880bb1a6029c831eaff29279dbc4,675efa1486e53a4914248132dda701b834c9e26599d8c4c4d7b41db57bfcf2b0,
F|target|F0030|Consensus|stage_a|replicate_1,F-9e13d4ad11494dc6156a1c5cfee9511d033e4bbb,F,target,F0030,Consensus,consensus_stage_a_estimates,1,google/gemma-4-31B-it,f39ed0717a94ccd2626dc7fa2981e4be4f9694ef80e057ec5150fe510f7343e0,675efa1486e53a4914248132dda701b834c9e26599d8c4c4d7b41db57bfcf2b0,consensus_two_stage_interactive_adaptation_v1,prompt_compiler_v2_split_g_f,1299248930,pending,Q001|Q002|Q003,"{""Q001"": ""consensus_estimate_co2_warms_planet"", ""Q002"": ""consensus_estimate_human_primary_cause"", ""Q003"": ""consensus_estimate_net_zero_before_2085""}",consensus_stage_a,consensus_two_stage_interactive_adaptation_v1,F|target|F0030|Consensus|stage_a|replicate_1,f39ed0717a94ccd2626dc7fa2981e4be4f9694ef80e057ec5150fe510f7343e0,675efa1486e53a4914248132dda701b834c9e26599d8c4c4d7b41db57bfcf2b0,
F|target|F0031|Consensus|stage_a|replicate_1,F-f147ab1ad1dbe67a836899d8e4ec9ad7489f6e63,F,target,F0031,Consensus,consensus_stage_a_estimates,1,google/gemma-4-31B-it,cbeb1890adff026d5893f43a10f159e6ef0afc5280916d1bafad4f714667dad6,675efa1486e53a4914248132dda701b834c9e26599d8c4c4d7b41db57bfcf2b0,consensus_two_stage_interactive_adaptation_v1,prompt_compiler_v2_split_g_f,879443123,pending,Q001|Q002|Q003,"{""Q001"": ""consensus_estimate_co2_warms_planet"", ""Q002"": ""consensus_estimate_net_zero_before_2085"", ""Q003"": ""consensus_estimate_human_primary_cause""}",consensus_stage_a,consensus_two_stage_interactive_adaptation_v1,F|target|F0031|Consensus|stage_a|replicate_1,cbeb1890adff026d5893f43a10f159e6ef0afc5280916d1bafad4f714667dad6,675efa1486e53a4914248132dda701b834c9e26599d8c4c4d7b41db57bfcf2b0,
F|target|F0032|Consensus|stage_a|replicate_1,F-aa324c2aef57fb04b6bb09dd9a579c2c19966662,F,target,F0032,Consensus,consensus_stage_a_estimates,1,google/gemma-4-31B-it,12f573386933ce7b387869d26bd9b5d72a91a5a0d7da7de6f6f0c4c09e9427ad,675efa1486e53a4914248132dda701b834c9e26599d8c4c4d7b41db57bfcf2b0,consensus_two_stage_interactive_adaptation_v1,prompt_compiler_v2_split_g_f,1136431964,pending,Q001|Q002|Q003,"{""Q001"": ""consensus_estimate_net_zero_before_2085"", ""Q002"": ""consensus_estimate_co2_warms_planet"", ""Q003"": ""consensus_estimate_human_primary_cause""}",consensus_stage_a,consensus_two_stage_interactive_adaptation_v1,F|target|F0032|Consensus|stage_a|replicate_1,12f573386933ce7b387869d26bd9b5d72a91a5a0d7da7de6f6f0c4c09e9427ad,675efa1486e53a4914248132dda701b834c9e26599d8c4c4d7b41db57bfcf2b0,
F|target|F0033|Consensus|stage_a|replicate_1,F-348003cb7f2a9f8e8e1743dfea0e755babc5d081,F,target,F0033,Consensus,consensus_stage_a_estimates,1,google/gemma-4-31B-it,3cda671edffe71ea79637661cacb9be113936a988743cd8cd823092c49568cf9,675efa1486e53a4914248132dda701b834c9e26599d8c4c4d7b41db57bfcf2b0,consensus_two_stage_interactive_adaptation_v1,prompt_compiler_v2_split_g_f,1747625765,pending,Q001|Q002|Q003,"{""Q001"": ""consensus_estimate_co2_warms_planet"", ""Q002"": ""consensus_estimate_human_primary_cause"", ""Q003"": ""consensus_estimate_net_zero_before_2085""}",consensus_stage_a,consensus_two_stage_interactive_adaptation_v1,F|target|F0033|Consensus|stage_a|replicate_1,3cda671edffe71ea79637661cacb9be113936a988743cd8cd823092c49568cf9,675efa1486e53a4914248132dda701b834c9e26599d8c4c4d7b41db57bfcf2b0,
F|target|F0034|Consensus|stage_a|replicate_1,F-1d54e95106e61dcbb38b662fb11682c892186188,F,target,F0034,Consensus,consensus_stage_a_estimates,1,google/gemma-4-31B-it,d9c9fa4e3c71a0d1dd4be4f0f88c239966586a7b11c9e4dc7de32945e76c16a4,675efa1486e53a4914248132dda701b834c9e26599d8c4c4d7b41db57bfcf2b0,consensus_two_stage_interactive_adaptation_v1,prompt_compiler_v2_split_g_f,1099952237,pending,Q001|Q002|Q003,"{""Q001"": ""consensus_estimate_human_primary_cause"", ""Q002"": ""consensus_estimate_net_zero_before_2085"", ""Q003"": ""consensus_estimate_co2_warms_planet""}",consensus_stage_a,consensus_two_stage_interactive_adaptation_v1,F|target|F0034|Consensus|stage_a|replicate_1,d9c9fa4e3c71a0d1dd4be4f0f88c239966586a7b11c9e4dc7de32945e76c16a4,675efa1486e53a4914248132dda701b834c9e26599d8c4c4d7b41db57bfcf2b0,
F|target|F0035|Consensus|stage_a|replicate_1,F-000d21aad443bc85712d1cd5625ac8a592aafcdd,F,target,F0035,Consensus,consensus_stage_a_estimates,1,google/gemma-4-31B-it,3a23a994d6c0ae90c80ff69a0824c4a38fe9b7c76d48e229bd5e0f90c879cdbe,675efa1486e53a4914248132dda701b834c9e26599d8c4c4d7b41db57bfcf2b0,consensus_two_stage_interactive_adaptation_v1,prompt_compiler_v2_split_g_f,1415446490,pending,Q001|Q002|Q003,"{""Q001"": ""consensus_estimate_human_primary_cause"", ""Q002"": ""consensus_estimate_co2_warms_planet"", ""Q003"": ""consensus_estimate_net_zero_before_2085""}",consensus_stage_a,consensus_two_stage_interactive_adaptation_v1,F|target|F0035|Consensus|stage_a|replicate_1,3a23a994d6c0ae90c80ff69a0824c4a38fe9b7c76d48e229bd5e0f90c879cdbe,675efa1486e53a4914248132dda701b834c9e26599d8c4c4d7b41db57bfcf2b0,
F|target|F0036|Consensus|stage_a|replicate_1,F-359221ce8e6297cc68a2043d9142d117fb97d97e,F,target,F0036,Consensus,consensus_stage_a_estimates,1,google/gemma-4-31B-it,226288208cc480f382d954cbd160a1be3f242781e6208c55a95257266fd8d55d,675efa1486e53a4914248132dda701b834c9e26599d8c4c4d7b41db57bfcf2b0,consensus_two_stage_interactive_adaptation_v1,prompt_compiler_v2_split_g_f,2038881129,pending,Q001|Q002|Q003,"{""Q001"": ""consensus_estimate_human_primary_cause"", ""Q002"": ""consensus_estimate_net_zero_before_2085"", ""Q003"": ""consensus_estimate_co2_warms_planet""}",consensus_stage_a,consensus_two_stage_interactive_adaptation_v1,F|target|F0036|Consensus|stage_a|replicate_1,226288208cc480f382d954cbd160a1be3f242781e6208c55a95257266fd8d55d,675efa1486e53a4914248132dda701b834c9e26599d8c4c4d7b41db57bfcf2b0,
F|target|F0037|Consensus|stage_a|replicate_1,F-91262d6626af86ad26f157343dabce44495ceb4b,F,target,F0037,Consensus,consensus_stage_a_estimates,1,google/gemma-4-31B-it,3225595f712982508d491c74428df112387c4b8534bc8b8b7648a43b2aac38a8,675efa1486e53a4914248132dda701b834c9e26599d8c4c4d7b41db57bfcf2b0,consensus_two_stage_interactive_adaptation_v1,prompt_compiler_v2_split_g_f,1224466811,pending,Q001|Q002|Q003,"{""Q001"": ""consensus_estimate_net_zero_before_2085"", ""Q002"": ""consensus_estimate_co2_warms_planet"", ""Q003"": ""consensus_estimate_human_primary_cause""}",consensus_stage_a,consensus_two_stage_interactive_adaptation_v1,F|target|F0037|Consensus|stage_a|replicate_1,3225595f712982508d491c74428df112387c4b8534bc8b8b7648a43b2aac38a8,675efa1486e53a4914248132dda701b834c9e26599d8c4c4d7b41db57bfcf2b0,
F|target|F0038|Consensus|stage_a|replicate_1,F-9532bfe9e7e6f6d6815dca25b890a6d152a5817d,F,target,F0038,Consensus,consensus_stage_a_estimates,1,google/gemma-4-31B-it,7adcee49ecefde9757415ea92468b862811f5082002cb6ee0017d32d434b34dd,675efa1486e53a4914248132dda701b834c9e26599d8c4c4d7b41db57bfcf2b0,consensus_two_stage_interactive_adaptation_v1,prompt_compiler_v2_split_g_f,307001004,pending,Q001|Q002|Q003,"{""Q001"": ""consensus_estimate_human_primary_cause"", ""Q002"": ""consensus_estimate_net_zero_before_2085"", ""Q003"": ""consensus_estimate_co2_warms_planet""}",consensus_stage_a,consensus_two_stage_interactive_adaptation_v1,F|target|F0038|Consensus|stage_a|replicate_1,7adcee49ecefde9757415ea92468b862811f5082002cb6ee0017d32d434b34dd,675efa1486e53a4914248132dda701b834c9e26599d8c4c4d7b41db57bfcf2b0,
F|target|F0039|Consensus|stage_a|replicate_1,F-7cc147a0b1d5a7242b4e61d9beb7c5ee9931fa01,F,target,F0039,Consensus,consensus_stage_a_estimates,1,google/gemma-4-31B-it,27b972b269aa76d8f00108a1f339009926aab2ec61c8c3902857a39328ca67ae,675efa1486e53a4914248132dda701b834c9e26599d8c4c4d7b41db57bfcf2b0,consensus_two_stage_interactive_adaptation_v1,prompt_compiler_v2_split_g_f,727201383,pending,Q001|Q002|Q003,"{""Q001"": ""consensus_estimate_net_zero_before_2085"", ""Q002"": ""consensus_estimate_co2_warms_planet"", ""Q003"": ""consensus_estimate_human_primary_cause""}",consensus_stage_a,consensus_two_stage_interactive_adaptation_v1,F|target|F0039|Consensus|stage_a|replicate_1,27b972b269aa76d8f00108a1f339009926aab2ec61c8c3902857a39328ca67ae,675efa1486e53a4914248132dda701b834c9e26599d8c4c4d7b41db57bfcf2b0,
F|target|F0040|Consensus|stage_a|replicate_1,F-040fd855c519de07b42034ccf3609943406000a4,F,target,F0040,Consensus,consensus_stage_a_estimates,1,google/gemma-4-31B-it,f829b9007b064931f911669ee14a633ecdea29ba83ded1c9d702aab33f8c12c2,675efa1486e53a4914248132dda701b834c9e26599d8c4c4d7b41db57bfcf2b0,consensus_two_stage_interactive_adaptation_v1,prompt_compiler_v2_split_g_f,1295617714,pending,Q001|Q002|Q003,"{""Q001"": ""consensus_estimate_net_zero_before_2085"", ""Q002"": ""consensus_estimate_human_primary_cause"", ""Q003"": ""consensus_estimate_co2_warms_planet""}",consensus_stage_a,consensus_two_stage_interactive_adaptation_v1,F|target|F0040|Consensus|stage_a|replicate_1,f829b9007b064931f911669ee14a633ecdea29ba83ded1c9d702aab33f8c12c2,675efa1486e53a4914248132dda701b834c9e26599d8c4c4d7b41db57bfcf2b0,
F|target|F0041|Consensus|stage_a|replicate_1,F-2a2544aa54adec38dd6cb2478026a977d7ba3f3c,F,target,F0041,Consensus,consensus_stage_a_estimates,1,google/gemma-4-31B-it,1ddd16493c59b0da1f675bc036100fc7352210db08d6c2056d9626663a684179,675efa1486e53a4914248132dda701b834c9e26599d8c4c4d7b41db57bfcf2b0,consensus_two_stage_interactive_adaptation_v1,prompt_compiler_v2_split_g_f,687371661,pending,Q001|Q002|Q003,"{""Q001"": ""consensus_estimate_human_primary_cause"", ""Q002"": ""consensus_estimate_co2_warms_planet"", ""Q003"": ""consensus_estimate_net_zero_before_2085""}",consensus_stage_a,consensus_two_stage_interactive_adaptation_v1,F|target|F0041|Consensus|stage_a|replicate_1,1ddd16493c59b0da1f675bc036100fc7352210db08d6c2056d9626663a684179,675efa1486e53a4914248132dda701b834c9e26599d8c4c4d7b41db57bfcf2b0,
F|target|F0042|Consensus|stage_a|replicate_1,F-a1497daa169e61bb3046cc564b5d342d4741aeba,F,target,F0042,Consensus,consensus_stage_a_estimates,1,google/gemma-4-31B-it,b3995caa2b627f58c5170237b93a9769b4c780d6d889c3d96c1188fd05fd0bcb,675efa1486e53a4914248132dda701b834c9e26599d8c4c4d7b41db57bfcf2b0,consensus_two_stage_interactive_adaptation_v1,prompt_compiler_v2_split_g_f,1496407313,pending,Q001|Q002|Q003,"{""Q001"": ""consensus_estimate_co2_warms_planet"", ""Q002"": ""consensus_estimate_human_primary_cause"", ""Q003"": ""consensus_estimate_net_zero_before_2085""}",consensus_stage_a,consensus_two_stage_interactive_adaptation_v1,F|target|F0042|Consensus|stage_a|replicate_1,b3995caa2b627f58c5170237b93a9769b4c780d6d889c3d96c1188fd05fd0bcb,675efa1486e53a4914248132dda701b834c9e26599d8c4c4d7b41db57bfcf2b0,
F|target|F0043|Consensus|stage_a|replicate_1,F-6850a5b059e54b2fd9c27437196af5732a8595ef,F,target,F0043,Consensus,consensus_stage_a_estimates,1,google/gemma-4-31B-it,e73f09efa379ff2e4a4b6e5559170b74ea32d3feafeabbb14d41a0f5c126afd2,675efa1486e53a4914248132dda701b834c9e26599d8c4c4d7b41db57bfcf2b0,consensus_two_stage_interactive_adaptation_v1,prompt_compiler_v2_split_g_f,713463441,pending,Q001|Q002|Q003,"{""Q001"": ""consensus_estimate_net_zero_before_2085"", ""Q002"": ""consensus_estimate_human_primary_cause"", ""Q003"": ""consensus_estimate_co2_warms_planet""}",consensus_stage_a,consensus_two_stage_interactive_adaptation_v1,F|target|F0043|Consensus|stage_a|replicate_1,e73f09efa379ff2e4a4b6e5559170b74ea32d3feafeabbb14d41a0f5c126afd2,675efa1486e53a4914248132dda701b834c9e26599d8c4c4d7b41db57bfcf2b0,
F|target|F0044|Consensus|stage_a|replicate_1,F-f12bde9de96c5e31cb933a84624a6e27fddcab1d,F,target,F0044,Consensus,consensus_stage_a_estimates,1,google/gemma-4-31B-it,c85323d94450a1fa8cb1c2259d43d88ebf9499e6db58dfe4474df854fe737a0a,675efa1486e53a4914248132dda701b834c9e26599d8c4c4d7b41db57bfcf2b0,consensus_two_stage_interactive_adaptation_v1,prompt_compiler_v2_split_g_f,1271143280,pending,Q001|Q002|Q003,"{""Q001"": ""consensus_estimate_net_zero_before_2085"", ""Q002"": ""consensus_estimate_human_primary_cause"", ""Q003"": ""consensus_estimate_co2_warms_planet""}",consensus_stage_a,consensus_two_stage_interactive_adaptation_v1,F|target|F0044|Consensus|stage_a|replicate_1,c85323d94450a1fa8cb1c2259d43d88ebf9499e6db58dfe4474df854fe737a0a,675efa1486e53a4914248132dda701b834c9e26599d8c4c4d7b41db57bfcf2b0,
F|target|F0045|Consensus|stage_a|replicate_1,F-58dad2b6e658228be6cbef7d49088ed6339a3f56,F,target,F0045,Consensus,consensus_stage_a_estimates,1,google/gemma-4-31B-it,bd813e373e79f8b98b7eeade4664f3154d403c09c4d9bead81235adea0377bc8,675efa1486e53a4914248132dda701b834c9e26599d8c4c4d7b41db57bfcf2b0,consensus_two_stage_interactive_adaptation_v1,prompt_compiler_v2_split_g_f,403556346,pending,Q001|Q002|Q003,"{""Q001"": ""consensus_estimate_co2_warms_planet"", ""Q002"": ""consensus_estimate_human_primary_cause"", ""Q003"": ""consensus_estimate_net_zero_before_2085""}",consensus_stage_a,consensus_two_stage_interactive_adaptation_v1,F|target|F0045|Consensus|stage_a|replicate_1,bd813e373e79f8b98b7eeade4664f3154d403c09c4d9bead81235adea0377bc8,675efa1486e53a4914248132dda701b834c9e26599d8c4c4d7b41db57bfcf2b0,
F|target|F0046|Consensus|stage_a|replicate_1,F-d888ae5089fe5ed2ce6c27dab40f44390e0f12c3,F,target,F0046,Consensus,consensus_stage_a_estimates,1,google/gemma-4-31B-it,e6c989dee7244b44bff2a82ed28bc333d80a067b31fbb6fdc13eca7489ef690d,675efa1486e53a4914248132dda701b834c9e26599d8c4c4d7b41db57bfcf2b0,consensus_two_stage_interactive_adaptation_v1,prompt_compiler_v2_split_g_f,990886774,pending,Q001|Q002|Q003,"{""Q001"": ""consensus_estimate_net_zero_before_2085"", ""Q002"": ""consensus_estimate_co2_warms_planet"", ""Q003"": ""consensus_estimate_human_primary_cause""}",consensus_stage_a,consensus_two_stage_interactive_adaptation_v1,F|target|F0046|Consensus|stage_a|replicate_1,e6c989dee7244b44bff2a82ed28bc333d80a067b31fbb6fdc13eca7489ef690d,675efa1486e53a4914248132dda701b834c9e26599d8c4c4d7b41db57bfcf2b0,
F|target|F0047|Consensus|stage_a|replicate_1,F-307c7843c3f78325215e45968029d42d402ee747,F,target,F0047,Consensus,consensus_stage_a_estimates,1,google/gemma-4-31B-it,0d8b5f78580632f148d18c105aa667e132c60a48aa521813998ae4d27b7c889a,675efa1486e53a4914248132dda701b834c9e26599d8c4c4d7b41db57bfcf2b0,consensus_two_stage_interactive_adaptation_v1,prompt_compiler_v2_split_g_f,619738029,pending,Q001|Q002|Q003,"{""Q001"": ""consensus_estimate_co2_warms_planet"", ""Q002"": ""consensus_estimate_net_zero_before_2085"", ""Q003"": ""consensus_estimate_human_primary_cause""}",consensus_stage_a,consensus_two_stage_interactive_adaptation_v1,F|target|F0047|Consensus|stage_a|replicate_1,0d8b5f78580632f148d18c105aa667e132c60a48aa521813998ae4d27b7c889a,675efa1486e53a4914248132dda701b834c9e26599d8c4c4d7b41db57bfcf2b0,
F|target|F0048|Consensus|stage_a|replicate_1,F-8cbab94c30e84c141b8ee48012541d658af87d77,F,target,F0048,Consensus,consensus_stage_a_estimates,1,google/gemma-4-31B-it,924b90ddf1d619a418165132449ad284ae594544e95d90377d46ee6f5d34ab05,675efa1486e53a4914248132dda701b834c9e26599d8c4c4d7b41db57bfcf2b0,consensus_two_stage_interactive_adaptation_v1,prompt_compiler_v2_split_g_f,1247657646,pending,Q001|Q002|Q003,"{""Q001"": ""consensus_estimate_human_primary_cause"", ""Q002"": ""consensus_estimate_co2_warms_planet"", ""Q003"": ""consensus_estimate_net_zero_before_2085""}",consensus_stage_a,consensus_two_stage_interactive_adaptation_v1,F|target|F0048|Consensus|stage_a|replicate_1,924b90ddf1d619a418165132449ad284ae594544e95d90377d46ee6f5d34ab05,675efa1486e53a4914248132dda701b834c9e26599d8c4c4d7b41db57bfcf2b0,
F|target|F0049|Consensus|stage_a|replicate_1,F-57eee319813cca9ec8cad1b19be55e2683eb56b4,F,target,F0049,Consensus,consensus_stage_a_estimates,1,google/gemma-4-31B-it,37eee679a00cb3bcc1635b30b2bd7422e68bc18e479d3d7fb644519a203fd1e2,675efa1486e53a4914248132dda701b834c9e26599d8c4c4d7b41db57bfcf2b0,consensus_two_stage_interactive_adaptation_v1,prompt_compiler_v2_split_g_f,823824594,pending,Q001|Q002|Q003,"{""Q001"": ""consensus_estimate_human_primary_cause"", ""Q002"": ""consensus_estimate_co2_warms_planet"", ""Q003"": ""consensus_estimate_net_zero_before_2085""}",consensus_stage_a,consensus_two_stage_interactive_adaptation_v1,F|target|F0049|Consensus|stage_a|replicate_1,37eee679a00cb3bcc1635b30b2bd7422e68bc18e479d3d7fb644519a203fd1e2,675efa1486e53a4914248132dda701b834c9e26599d8c4c4d7b41db57bfcf2b0,
F|target|F0050|Consensus|stage_a|replicate_1,F-07c831b621748a5a80e165a4f5b696212bad2b54,F,target,F0050,Consensus,consensus_stage_a_estimates,1,google/gemma-4-31B-it,7eebda083e007858d7ab29c0fa428cfc1478779dee2b0eb338095eff8a5bdc7f,675efa1486e53a4914248132dda701b834c9e26599d8c4c4d7b41db57bfcf2b0,consensus_two_stage_interactive_adaptation_v1,prompt_compiler_v2_split_g_f,822406598,pending,Q001|Q002|Q003,"{""Q001"": ""consensus_estimate_net_zero_before_2085"", ""Q002"": ""consensus_estimate_human_primary_cause"", ""Q003"": ""consensus_estimate_co2_warms_planet""}",consensus_stage_a,consensus_two_stage_interactive_adaptation_v1,F|target|F0050|Consensus|stage_a|replicate_1,7eebda083e007858d7ab29c0fa428cfc1478779dee2b0eb338095eff8a5bdc7f,675efa1486e53a4914248132dda701b834c9e26599d8c4c4d7b41db57bfcf2b0,
F|target|F0051|Consensus|stage_a|replicate_1,F-1a9a4df48242f74de16ee3318ff8c6de153983d7,F,target,F0051,Consensus,consensus_stage_a_estimates,1,google/gemma-4-31B-it,0c6d374e4765c183fb97121cb65e1e0dcc33414101aad893cc06fe812ecdeeff,675efa1486e53a4914248132dda701b834c9e26599d8c4c4d7b41db57bfcf2b0,consensus_two_stage_interactive_adaptation_v1,prompt_compiler_v2_split_g_f,930583350,pending,Q001|Q002|Q003,"{""Q001"": ""consensus_estimate_co2_warms_planet"", ""Q002"": ""consensus_estimate_net_zero_before_2085"", ""Q003"": ""consensus_estimate_human_primary_cause""}",consensus_stage_a,consensus_two_stage_interactive_adaptation_v1,F|target|F0051|Consensus|stage_a|replicate_1,0c6d374e4765c183fb97121cb65e1e0dcc33414101aad893cc06fe812ecdeeff,675efa1486e53a4914248132dda701b834c9e26599d8c4c4d7b41db57bfcf2b0,
F|target|F0052|Consensus|stage_a|replicate_1,F-799554460b0c621d82e2eabcd113d1d3c5896aab,F,target,F0052,Consensus,consensus_stage_a_estimates,1,google/gemma-4-31B-it,67f461ee00e87ac288d8c4f5df57313f3cc8412db2feb120948b591df4dde913,675efa1486e53a4914248132dda701b834c9e26599d8c4c4d7b41db57bfcf2b0,consensus_two_stage_interactive_adaptation_v1,prompt_compiler_v2_split_g_f,2117536426,pending,Q001|Q002|Q003,"{""Q001"": ""consensus_estimate_human_primary_cause"", ""Q002"": ""consensus_estimate_co2_warms_planet"", ""Q003"": ""consensus_estimate_net_zero_before_2085""}",consensus_stage_a,consensus_two_stage_interactive_adaptation_v1,F|target|F0052|Consensus|stage_a|replicate_1,67f461ee00e87ac288d8c4f5df57313f3cc8412db2feb120948b591df4dde913,675efa1486e53a4914248132dda701b834c9e26599d8c4c4d7b41db57bfcf2b0,
F|target|F0053|Consensus|stage_a|replicate_1,F-169c2f232681d53d6c98c2503e7a19bdef99ecc3,F,target,F0053,Consensus,consensus_stage_a_estimates,1,google/gemma-4-31B-it,84b8da25f82f8aba7a30a9995e280dff46ce8158230eb738a29a3635f1ad14f1,675efa1486e53a4914248132dda701b834c9e26599d8c4c4d7b41db57bfcf2b0,consensus_two_stage_interactive_adaptation_v1,prompt_compiler_v2_split_g_f,1404711811,pending,Q001|Q002|Q003,"{""Q001"": ""consensus_estimate_net_zero_before_2085"", ""Q002"": ""consensus_estimate_co2_warms_planet"", ""Q003"": ""consensus_estimate_human_primary_cause""}",consensus_stage_a,consensus_two_stage_interactive_adaptation_v1,F|target|F0053|Consensus|stage_a|replicate_1,84b8da25f82f8aba7a30a9995e280dff46ce8158230eb738a29a3635f1ad14f1,675efa1486e53a4914248132dda701b834c9e26599d8c4c4d7b41db57bfcf2b0,
F|target|F0054|Consensus|stage_a|replicate_1,F-cc60bb6cbef6d7b2df1dac59e6311f9a66432485,F,target,F0054,Consensus,consensus_stage_a_estimates,1,google/gemma-4-31B-it,abc63081808fb8381437b3ca0bbd7eb946e2023bbfdf75b693e4055be0c50eda,675efa1486e53a4914248132dda701b834c9e26599d8c4c4d7b41db57bfcf2b0,consensus_two_stage_interactive_adaptation_v1,prompt_compiler_v2_split_g_f,1471696526,pending,Q001|Q002|Q003,"{""Q001"": ""consensus_estimate_human_primary_cause"", ""Q002"": ""consensus_estimate_net_zero_before_2085"", ""Q003"": ""consensus_estimate_co2_warms_planet""}",consensus_stage_a,consensus_two_stage_interactive_adaptation_v1,F|target|F0054|Consensus|stage_a|replicate_1,abc63081808fb8381437b3ca0bbd7eb946e2023bbfdf75b693e4055be0c50eda,675efa1486e53a4914248132dda701b834c9e26599d8c4c4d7b41db57bfcf2b0,
F|target|F0055|Consensus|stage_a|replicate_1,F-5ea7ed2423bb131775a83de0dafbadd5d73a99ba,F,target,F0055,Consensus,consensus_stage_a_estimates,1,google/gemma-4-31B-it,6b7cf343bd5ceeba6d68018f20c629fb65b95cc32f1fd94cd0e1a120e359fadd,675efa1486e53a4914248132dda701b834c9e26599d8c4c4d7b41db57bfcf2b0,consensus_two_stage_interactive_adaptation_v1,prompt_compiler_v2_split_g_f,1628106080,pending,Q001|Q002|Q003,"{""Q001"": ""consensus_estimate_net_zero_before_2085"", ""Q002"": ""consensus_estimate_human_primary_cause"", ""Q003"": ""consensus_estimate_co2_warms_planet""}",consensus_stage_a,consensus_two_stage_interactive_adaptation_v1,F|target|F0055|Consensus|stage_a|replicate_1,6b7cf343bd5ceeba6d68018f20c629fb65b95cc32f1fd94cd0e1a120e359fadd,675efa1486e53a4914248132dda701b834c9e26599d8c4c4d7b41db57bfcf2b0,
F|target|F0056|Consensus|stage_a|replicate_1,F-41dee4d3e864d8d61c858fe6fddf0afd5ef254a7,F,target,F0056,Consensus,consensus_stage_a_estimates,1,google/gemma-4-31B-it,4a3055c685e3b91b0c00ff098c8d07717c9cbbc012268d20eb4a5b32bcad9707,675efa1486e53a4914248132dda701b834c9e26599d8c4c4d7b41db57bfcf2b0,consensus_two_stage_interactive_adaptation_v1,prompt_compiler_v2_split_g_f,1814209150,pending,Q001|Q002|Q003,"{""Q001"": ""consensus_estimate_co2_warms_planet"", ""Q002"": ""consensus_estimate_net_zero_before_2085"", ""Q003"": ""consensus_estimate_human_primary_cause""}",consensus_stage_a,consensus_two_stage_interactive_adaptation_v1,F|target|F0056|Consensus|stage_a|replicate_1,4a3055c685e3b91b0c00ff098c8d07717c9cbbc012268d20eb4a5b32bcad9707,675efa1486e53a4914248132dda701b834c9e26599d8c4c4d7b41db57bfcf2b0,
F|target|F0057|Consensus|stage_a|replicate_1,F-261e8fe5377b0a256ebf5d8fabf44469ac3b826f,F,target,F0057,Consensus,consensus_stage_a_estimates,1,google/gemma-4-31B-it,79cc7406521001527b58d019de01d9ea89d6ef5828973bbfb828cd9179751dfc,675efa1486e53a4914248132dda701b834c9e26599d8c4c4d7b41db57bfcf2b0,consensus_two_stage_interactive_adaptation_v1,prompt_compiler_v2_split_g_f,62401008,pending,Q001|Q002|Q003,"{""Q001"": ""consensus_estimate_co2_warms_planet"", ""Q002"": ""consensus_estimate_human_primary_cause"", ""Q003"": ""consensus_estimate_net_zero_before_2085""}",consensus_stage_a,consensus_two_stage_interactive_adaptation_v1,F|target|F0057|Consensus|stage_a|replicate_1,79cc7406521001527b58d019de01d9ea89d6ef5828973bbfb828cd9179751dfc,675efa1486e53a4914248132dda701b834c9e26599d8c4c4d7b41db57bfcf2b0,
F|target|F0058|Consensus|stage_a|replicate_1,F-af2efd7e50dc708b06ca20ba35a4a735752d829e,F,target,F0058,Consensus,consensus_stage_a_estimates,1,google/gemma-4-31B-it,14fed1b6b9f2e89dae641b2dccb357102b4e5fbefff85f27d802ab90a10addbc,675efa1486e53a4914248132dda701b834c9e26599d8c4c4d7b41db57bfcf2b0,consensus_two_stage_interactive_adaptation_v1,prompt_compiler_v2_split_g_f,792357770,pending,Q001|Q002|Q003,"{""Q001"": ""consensus_estimate_co2_warms_planet"", ""Q002"": ""consensus_estimate_human_primary_cause"", ""Q003"": ""consensus_estimate_net_zero_before_2085""}",consensus_stage_a,consensus_two_stage_interactive_adaptation_v1,F|target|F0058|Consensus|stage_a|replicate_1,14fed1b6b9f2e89dae641b2dccb357102b4e5fbefff85f27d802ab90a10addbc,675efa1486e53a4914248132dda701b834c9e26599d8c4c4d7b41db57bfcf2b0,
F|target|F0059|Consensus|stage_a|replicate_1,F-75c14faef4b679929798341e3abf8299fa568d35,F,target,F0059,Consensus,consensus_stage_a_estimates,1,google/gemma-4-31B-it,b8424e7429e6f165f06e600913c63ab648571abf9817ababccd5496eefd0b103,675efa1486e53a4914248132dda701b834c9e26599d8c4c4d7b41db57bfcf2b0,consensus_two_stage_interactive_adaptation_v1,prompt_compiler_v2_split_g_f,1614354673,pending,Q001|Q002|Q003,"{""Q001"": ""consensus_estimate_co2_warms_planet"", ""Q002"": ""consensus_estimate_net_zero_before_2085"", ""Q003"": ""consensus_estimate_human_primary_cause""}",consensus_stage_a,consensus_two_stage_interactive_adaptation_v1,F|target|F0059|Consensus|stage_a|replicate_1,b8424e7429e6f165f06e600913c63ab648571abf9817ababccd5496eefd0b103,675efa1486e53a4914248132dda701b834c9e26599d8c4c4d7b41db57bfcf2b0,
F|target|F0060|Consensus|stage_a|replicate_1,F-0e4b2833f46f42d1e1a7afeb43ce93d8a1ad2cdc,F,target,F0060,Consensus,consensus_stage_a_estimates,1,google/gemma-4-31B-it,bc80060573291a1355397835d8a76e3087a33f334cb3cc6a69898abb2c776855,675efa1486e53a4914248132dda701b834c9e26599d8c4c4d7b41db57bfcf2b0,consensus_two_stage_interactive_adaptation_v1,prompt_compiler_v2_split_g_f,285578041,pending,Q001|Q002|Q003,"{""Q001"": ""consensus_estimate_co2_warms_planet"", ""Q002"": ""consensus_estimate_human_primary_cause"", ""Q003"": ""consensus_estimate_net_zero_before_2085""}",consensus_stage_a,consensus_two_stage_interactive_adaptation_v1,F|target|F0060|Consensus|stage_a|replicate_1,bc80060573291a1355397835d8a76e3087a33f334cb3cc6a69898abb2c776855,675efa1486e53a4914248132dda701b834c9e26599d8c4c4d7b41db57bfcf2b0,
F|target|F0061|Consensus|stage_a|replicate_1,F-266e91f86e73e8212d978e1cb8cf4166d77c1123,F,target,F0061,Consensus,consensus_stage_a_estimates,1,google/gemma-4-31B-it,914df3bfa336cb745c01f1e3179ff54fc79f6ee2709e14df2edf1bb84478b83d,675efa1486e53a4914248132dda701b834c9e26599d8c4c4d7b41db57bfcf2b0,consensus_two_stage_interactive_adaptation_v1,prompt_compiler_v2_split_g_f,995167250,pending,Q001|Q002|Q003,"{""Q001"": ""consensus_estimate_human_primary_cause"", ""Q002"": ""consensus_estimate_co2_warms_planet"", ""Q003"": ""consensus_estimate_net_zero_before_2085""}",consensus_stage_a,consensus_two_stage_interactive_adaptation_v1,F|target|F0061|Consensus|stage_a|replicate_1,914df3bfa336cb745c01f1e3179ff54fc79f6ee2709e14df2edf1bb84478b83d,675efa1486e53a4914248132dda701b834c9e26599d8c4c4d7b41db57bfcf2b0,
F|target|F0062|Consensus|stage_a|replicate_1,F-4e89a2453a45cd4c12ecd469ed3f72289a678fa2,F,target,F0062,Consensus,consensus_stage_a_estimates,1,google/gemma-4-31B-it,37e3942a220a3434ce2e260f3dc81ad5d6e2626f454ba30ab667cae16052a695,675efa1486e53a4914248132dda701b834c9e26599d8c4c4d7b41db57bfcf2b0,consensus_two_stage_interactive_adaptation_v1,prompt_compiler_v2_split_g_f,1465455063,pending,Q001|Q002|Q003,"{""Q001"": ""consensus_estimate_net_zero_before_2085"", ""Q002"": ""consensus_estimate_co2_warms_planet"", ""Q003"": ""consensus_estimate_human_primary_cause""}",consensus_stage_a,consensus_two_stage_interactive_adaptation_v1,F|target|F0062|Consensus|stage_a|replicate_1,37e3942a220a3434ce2e260f3dc81ad5d6e2626f454ba30ab667cae16052a695,675efa1486e53a4914248132dda701b834c9e26599d8c4c4d7b41db57bfcf2b0,
F|target|F0063|Consensus|stage_a|replicate_1,F-db8a2bca3f2d9983c83c57dcc8f775a11c8b3727,F,target,F0063,Consensus,consensus_stage_a_estimates,1,google/gemma-4-31B-it,394d94d055b91d2810dc0b4f8e723f20f83b9b470cf0689c5ea1060169af3418,675efa1486e53a4914248132dda701b834c9e26599d8c4c4d7b41db57bfcf2b0,consensus_two_stage_interactive_adaptation_v1,prompt_compiler_v2_split_g_f,1984033050,pending,Q001|Q002|Q003,"{""Q001"": ""consensus_estimate_human_primary_cause"", ""Q002"": ""consensus_estimate_co2_warms_planet"", ""Q003"": ""consensus_estimate_net_zero_before_2085""}",consensus_stage_a,consensus_two_stage_interactive_adaptation_v1,F|target|F0063|Consensus|stage_a|replicate_1,394d94d055b91d2810dc0b4f8e723f20f83b9b470cf0689c5ea1060169af3418,675efa1486e53a4914248132dda701b834c9e26599d8c4c4d7b41db57bfcf2b0,
F|target|F0064|Consensus|stage_a|replicate_1,F-6a0ef31dbcfe7cdf000e519e3004de7e05dbe360,F,target,F0064,Consensus,consensus_stage_a_estimates,1,google/gemma-4-31B-it,4ac487003c9d50cc6fb43fb664bc833b5b7b1b99b4218605f8877293ce4e033c,675efa1486e53a4914248132dda701b834c9e26599d8c4c4d7b41db57bfcf2b0,consensus_two_stage_interactive_adaptation_v1,prompt_compiler_v2_split_g_f,287073052,pending,Q001|Q002|Q003,"{""Q001"": ""consensus_estimate_net_zero_before_2085"", ""Q002"": ""consensus_estimate_human_primary_cause"", ""Q003"": ""consensus_estimate_co2_warms_planet""}",consensus_stage_a,consensus_two_stage_interactive_adaptation_v1,F|target|F0064|Consensus|stage_a|replicate_1,4ac487003c9d50cc6fb43fb664bc833b5b7b1b99b4218605f8877293ce4e033c,675efa1486e53a4914248132dda701b834c9e26599d8c4c4d7b41db57bfcf2b0,
F|target|F0065|Consensus|stage_a|replicate_1,F-72f0a7ff738e7eccfcb83b5da9eade103523ffd2,F,target,F0065,Consensus,consensus_stage_a_estimates,1,google/gemma-4-31B-it,cc8305b01e1e89821d59a8c20ff45fb842ebbe87b3c043ebadd3e212531f3f5c,675efa1486e53a4914248132dda701b834c9e26599d8c4c4d7b41db57bfcf2b0,consensus_two_stage_interactive_adaptation_v1,prompt_compiler_v2_split_g_f,1500499660,pending,Q001|Q002|Q003,"{""Q001"": ""consensus_estimate_co2_warms_planet"", ""Q002"": ""consensus_estimate_human_primary_cause"", ""Q003"": ""consensus_estimate_net_zero_before_2085""}",consensus_stage_a,consensus_two_stage_interactive_adaptation_v1,F|target|F0065|Consensus|stage_a|replicate_1,cc8305b01e1e89821d59a8c20ff45fb842ebbe87b3c043ebadd3e212531f3f5c,675efa1486e53a4914248132dda701b834c9e26599d8c4c4d7b41db57bfcf2b0,
F|target|F0066|Consensus|stage_a|replicate_1,F-8384dd542bbadda39a6071d7ca8cbd01a60684c4,F,target,F0066,Consensus,consensus_stage_a_estimates,1,google/gemma-4-31B-it,2390182783298f37617fbc70610dbb7843155c6162c2800d8c5b26d22fd52bb1,675efa1486e53a4914248132dda701b834c9e26599d8c4c4d7b41db57bfcf2b0,consensus_two_stage_interactive_adaptation_v1,prompt_compiler_v2_split_g_f,851744845,pending,Q001|Q002|Q003,"{""Q001"": ""consensus_estimate_co2_warms_planet"", ""Q002"": ""consensus_estimate_net_zero_before_2085"", ""Q003"": ""consensus_estimate_human_primary_cause""}",consensus_stage_a,consensus_two_stage_interactive_adaptation_v1,F|target|F0066|Consensus|stage_a|replicate_1,2390182783298f37617fbc70610dbb7843155c6162c2800d8c5b26d22fd52bb1,675efa1486e53a4914248132dda701b834c9e26599d8c4c4d7b41db57bfcf2b0,
F|target|F0067|Consensus|stage_a|replicate_1,F-c18bc46a83064b119094ceede0318d983af4b88e,F,target,F0067,Consensus,consensus_stage_a_estimates,1,google/gemma-4-31B-it,68eebe390f5aadece3737bcb42aeae5ee2da260314751bb42f94c2735bcea883,675efa1486e53a4914248132dda701b834c9e26599d8c4c4d7b41db57bfcf2b0,consensus_two_stage_interactive_adaptation_v1,prompt_compiler_v2_split_g_f,102618089,pending,Q001|Q002|Q003,"{""Q001"": ""consensus_estimate_human_primary_cause"", ""Q002"": ""consensus_estimate_net_zero_before_2085"", ""Q003"": ""consensus_estimate_co2_warms_planet""}",consensus_stage_a,consensus_two_stage_interactive_adaptation_v1,F|target|F0067|Consensus|stage_a|replicate_1,68eebe390f5aadece3737bcb42aeae5ee2da260314751bb42f94c2735bcea883,675efa1486e53a4914248132dda701b834c9e26599d8c4c4d7b41db57bfcf2b0,
F|target|F0068|Consensus|stage_a|replicate_1,F-c401a3040da0738cd85a79c609e7e9d35d65d962,F,target,F0068,Consensus,consensus_stage_a_estimates,1,google/gemma-4-31B-it,1ca92885da6fe365459b47996731925e222e064be91334ebf9c25c0f096bf0fd,675efa1486e53a4914248132dda701b834c9e26599d8c4c4d7b41db57bfcf2b0,consensus_two_stage_interactive_adaptation_v1,prompt_compiler_v2_split_g_f,363051415,pending,Q001|Q002|Q003,"{""Q001"": ""consensus_estimate_net_zero_before_2085"", ""Q002"": ""consensus_estimate_human_primary_cause"", ""Q003"": ""consensus_estimate_co2_warms_planet""}",consensus_stage_a,consensus_two_stage_interactive_adaptation_v1,F|target|F0068|Consensus|stage_a|replicate_1,1ca92885da6fe365459b47996731925e222e064be91334ebf9c25c0f096bf0fd,675efa1486e53a4914248132dda701b834c9e26599d8c4c4d7b41db57bfcf2b0,
F|target|F0069|Consensus|stage_a|replicate_1,F-0e34e98553740317bd3512db4a7b983158950850,F,target,F0069,Consensus,consensus_stage_a_estimates,1,google/gemma-4-31B-it,7fb7bce4efe225a6c25dc578ae64c300b801d7a36aee367d4e917195611be8ef,675efa1486e53a4914248132dda701b834c9e26599d8c4c4d7b41db57bfcf2b0,consensus_two_stage_interactive_adaptation_v1,prompt_compiler_v2_split_g_f,1876809249,pending,Q001|Q002|Q003,"{""Q001"": ""consensus_estimate_human_primary_cause"", ""Q002"": ""consensus_estimate_net_zero_before_2085"", ""Q003"": ""consensus_estimate_co2_warms_planet""}",consensus_stage_a,consensus_two_stage_interactive_adaptation_v1,F|target|F0069|Consensus|stage_a|replicate_1,7fb7bce4efe225a6c25dc578ae64c300b801d7a36aee367d4e917195611be8ef,675efa1486e53a4914248132dda701b834c9e26599d8c4c4d7b41db57bfcf2b0,
F|target|F0070|Consensus|stage_a|replicate_1,F-8e810b3ff357dd4599aa785ca710a22b4c4701be,F,target,F0070,Consensus,consensus_stage_a_estimates,1,google/gemma-4-31B-it,eed8f5a5e7b2dbcd1a569fa093a9336e69db622243225798e3d6f71aff990daa,675efa1486e53a4914248132dda701b834c9e26599d8c4c4d7b41db57bfcf2b0,consensus_two_stage_interactive_adaptation_v1,prompt_compiler_v2_split_g_f,274330567,pending,Q001|Q002|Q003,"{""Q001"": ""consensus_estimate_human_primary_cause"", ""Q002"": ""consensus_estimate_co2_warms_planet"", ""Q003"": ""consensus_estimate_net_zero_before_2085""}",consensus_stage_a,consensus_two_stage_interactive_adaptation_v1,F|target|F0070|Consensus|stage_a|replicate_1,eed8f5a5e7b2dbcd1a569fa093a9336e69db622243225798e3d6f71aff990daa,675efa1486e53a4914248132dda701b834c9e26599d8c4c4d7b41db57bfcf2b0,
F|target|F0071|Consensus|stage_a|replicate_1,F-9859d5d265e2f5a0c418d582f060390dc7790005,F,target,F0071,Consensus,consensus_stage_a_estimates,1,google/gemma-4-31B-it,67a2442e3daca5d70e6879800146c4c08908a7446d5249b4c9b12e6ba5575a87,675efa1486e53a4914248132dda701b834c9e26599d8c4c4d7b41db57bfcf2b0,consensus_two_stage_interactive_adaptation_v1,prompt_compiler_v2_split_g_f,378970439,pending,Q001|Q002|Q003,"{""Q001"": ""consensus_estimate_co2_warms_planet"", ""Q002"": ""consensus_estimate_net_zero_before_2085"", ""Q003"": ""consensus_estimate_human_primary_cause""}",consensus_stage_a,consensus_two_stage_interactive_adaptation_v1,F|target|F0071|Consensus|stage_a|replicate_1,67a2442e3daca5d70e6879800146c4c08908a7446d5249b4c9b12e6ba5575a87,675efa1486e53a4914248132dda701b834c9e26599d8c4c4d7b41db57bfcf2b0,
F|target|F0072|Consensus|stage_a|replicate_1,F-c82f75b5e1bf0757ebb48f696eacfe98e34b9580,F,target,F0072,Consensus,consensus_stage_a_estimates,1,google/gemma-4-31B-it,5c2d33087871d01f0962f545fcfc7cdcdf82ce7c59a371afb040c510839a46eb,675efa1486e53a4914248132dda701b834c9e26599d8c4c4d7b41db57bfcf2b0,consensus_two_stage_interactive_adaptation_v1,prompt_compiler_v2_split_g_f,1914565317,pending,Q001|Q002|Q003,"{""Q001"": ""consensus_estimate_co2_warms_planet"", ""Q002"": ""consensus_estimate_net_zero_before_2085"", ""Q003"": ""consensus_estimate_human_primary_cause""}",consensus_stage_a,consensus_two_stage_interactive_adaptation_v1,F|target|F0072|Consensus|stage_a|replicate_1,5c2d33087871d01f0962f545fcfc7cdcdf82ce7c59a371afb040c510839a46eb,675efa1486e53a4914248132dda701b834c9e26599d8c4c4d7b41db57bfcf2b0,
F|target|F0073|Consensus|stage_a|replicate_1,F-1a5dea70f55406cee7be35ce0eb5cd94a80cf0f8,F,target,F0073,Consensus,consensus_stage_a_estimates,1,google/gemma-4-31B-it,65d7bd497e4b043381f6378df2ee628f6c8e0f69345bcf6db0c046282ea52d19,675efa1486e53a4914248132dda701b834c9e26599d8c4c4d7b41db57bfcf2b0,consensus_two_stage_interactive_adaptation_v1,prompt_compiler_v2_split_g_f,705682352,pending,Q001|Q002|Q003,"{""Q001"": ""consensus_estimate_net_zero_before_2085"", ""Q002"": ""consensus_estimate_human_primary_cause"", ""Q003"": ""consensus_estimate_co2_warms_planet""}",consensus_stage_a,consensus_two_stage_interactive_adaptation_v1,F|target|F0073|Consensus|stage_a|replicate_1,65d7bd497e4b043381f6378df2ee628f6c8e0f69345bcf6db0c046282ea52d19,675efa1486e53a4914248132dda701b834c9e26599d8c4c4d7b41db57bfcf2b0,
F|target|F0074|Consensus|stage_a|replicate_1,F-f3f0da20933c290db6b19fa02d18e96292b08910,F,target,F0074,Consensus,consensus_stage_a_estimates,1,google/gemma-4-31B-it,35593de1bb3cb79f0e83e489ad9867973481e7ff028e6014d780f44d07dc578d,675efa1486e53a4914248132dda701b834c9e26599d8c4c4d7b41db57bfcf2b0,consensus_two_stage_interactive_adaptation_v1,prompt_compiler_v2_split_g_f,2065554769,pending,Q001|Q002|Q003,"{""Q001"": ""consensus_estimate_co2_warms_planet"", ""Q002"": ""consensus_estimate_human_primary_cause"", ""Q003"": ""consensus_estimate_net_zero_before_2085""}",consensus_stage_a,consensus_two_stage_interactive_adaptation_v1,F|target|F0074|Consensus|stage_a|replicate_1,35593de1bb3cb79f0e83e489ad9867973481e7ff028e6014d780f44d07dc578d,675efa1486e53a4914248132dda701b834c9e26599d8c4c4d7b41db57bfcf2b0,
F|target|F0075|Consensus|stage_a|replicate_1,F-cfd3048b2d28047f6c1d51277ab6a40eda8b90b7,F,target,F0075,Consensus,consensus_stage_a_estimates,1,google/gemma-4-31B-it,b072d0df82f28d401459cea7edf44209405d44e7101660b3a96cfa698410bfb9,675efa1486e53a4914248132dda701b834c9e26599d8c4c4d7b41db57bfcf2b0,consensus_two_stage_interactive_adaptation_v1,prompt_compiler_v2_split_g_f,1288572312,pending,Q001|Q002|Q003,"{""Q001"": ""consensus_estimate_co2_warms_planet"", ""Q002"": ""consensus_estimate_human_primary_cause"", ""Q003"": ""consensus_estimate_net_zero_before_2085""}",consensus_stage_a,consensus_two_stage_interactive_adaptation_v1,F|target|F0075|Consensus|stage_a|replicate_1,b072d0df82f28d401459cea7edf44209405d44e7101660b3a96cfa698410bfb9,675efa1486e53a4914248132dda701b834c9e26599d8c4c4d7b41db57bfcf2b0,
F|target|F0076|Consensus|stage_a|replicate_1,F-09e6b9b3cd32f811af7749284a63fed1bb258b60,F,target,F0076,Consensus,consensus_stage_a_estimates,1,google/gemma-4-31B-it,95a9c88c3ffea736d4424a8818b0c5f3414289f935142b81e5bdf721e85b26f6,675efa1486e53a4914248132dda701b834c9e26599d8c4c4d7b41db57bfcf2b0,consensus_two_stage_interactive_adaptation_v1,prompt_compiler_v2_split_g_f,1627417464,pending,Q001|Q002|Q003,"{""Q001"": ""consensus_estimate_co2_warms_planet"", ""Q002"": ""consensus_estimate_net_zero_before_2085"", ""Q003"": ""consensus_estimate_human_primary_cause""}",consensus_stage_a,consensus_two_stage_interactive_adaptation_v1,F|target|F0076|Consensus|stage_a|replicate_1,95a9c88c3ffea736d4424a8818b0c5f3414289f935142b81e5bdf721e85b26f6,675efa1486e53a4914248132dda701b834c9e26599d8c4c4d7b41db57bfcf2b0,
F|target|F0077|Consensus|stage_a|replicate_1,F-a7ea4a7a7e10f9684654d1f75b03e961d14eadc7,F,target,F0077,Consensus,consensus_stage_a_estimates,1,google/gemma-4-31B-it,829718bc14b7fde1b8911d1625b15dc0e29f76cab6665cde1a18561e1788f061,675efa1486e53a4914248132dda701b834c9e26599d8c4c4d7b41db57bfcf2b0,consensus_two_stage_interactive_adaptation_v1,prompt_compiler_v2_split_g_f,1306889823,pending,Q001|Q002|Q003,"{""Q001"": ""consensus_estimate_net_zero_before_2085"", ""Q002"": ""consensus_estimate_co2_warms_planet"", ""Q003"": ""consensus_estimate_human_primary_cause""}",consensus_stage_a,consensus_two_stage_interactive_adaptation_v1,F|target|F0077|Consensus|stage_a|replicate_1,829718bc14b7fde1b8911d1625b15dc0e29f76cab6665cde1a18561e1788f061,675efa1486e53a4914248132dda701b834c9e26599d8c4c4d7b41db57bfcf2b0,
F|target|F0078|Consensus|stage_a|replicate_1,F-3d420ae8006aefa3f39833248548e05a42af678c,F,target,F0078,Consensus,consensus_stage_a_estimates,1,google/gemma-4-31B-it,d81f36212296e4cc0dd4d7942fd665ca235d873e596689eb0c860f83c081dffb,675efa1486e53a4914248132dda701b834c9e26599d8c4c4d7b41db57bfcf2b0,consensus_two_stage_interactive_adaptation_v1,prompt_compiler_v2_split_g_f,2062484851,pending,Q001|Q002|Q003,"{""Q001"": ""consensus_estimate_co2_warms_planet"", ""Q002"": ""consensus_estimate_human_primary_cause"", ""Q003"": ""consensus_estimate_net_zero_before_2085""}",consensus_stage_a,consensus_two_stage_interactive_adaptation_v1,F|target|F0078|Consensus|stage_a|replicate_1,d81f36212296e4cc0dd4d7942fd665ca235d873e596689eb0c860f83c081dffb,675efa1486e53a4914248132dda701b834c9e26599d8c4c4d7b41db57bfcf2b0,
F|target|F0079|Consensus|stage_a|replicate_1,F-66b5d27b25e6cc9f655dc6fc93f67fa952781aec,F,target,F0079,Consensus,consensus_stage_a_estimates,1,google/gemma-4-31B-it,12e7cad83c79f492256c93e14a48a17b9bd2f88299b32bf49839c8a4fffcbc47,675efa1486e53a4914248132dda701b834c9e26599d8c4c4d7b41db57bfcf2b0,consensus_two_stage_interactive_adaptation_v1,prompt_compiler_v2_split_g_f,1934782870,pending,Q001|Q002|Q003,"{""Q001"": ""consensus_estimate_co2_warms_planet"", ""Q002"": ""consensus_estimate_human_primary_cause"", ""Q003"": ""consensus_estimate_net_zero_before_2085""}",consensus_stage_a,consensus_two_stage_interactive_adaptation_v1,F|target|F0079|Consensus|stage_a|replicate_1,12e7cad83c79f492256c93e14a48a17b9bd2f88299b32bf49839c8a4fffcbc47,675efa1486e53a4914248132dda701b834c9e26599d8c4c4d7b41db57bfcf2b0,
F|target|F0080|Consensus|stage_a|replicate_1,F-b8f725691481b831286d81061f3ae667036cd7ab,F,target,F0080,Consensus,consensus_stage_a_estimates,1,google/gemma-4-31B-it,354cb8636e4683ee677737dc06485c94c6fd91afe6a8216d19ffde77b04dff1d,675efa1486e53a4914248132dda701b834c9e26599d8c4c4d7b41db57bfcf2b0,consensus_two_stage_interactive_adaptation_v1,prompt_compiler_v2_split_g_f,108004102,pending,Q001|Q002|Q003,"{""Q001"": ""consensus_estimate_co2_warms_planet"", ""Q002"": ""consensus_estimate_human_primary_cause"", ""Q003"": ""consensus_estimate_net_zero_before_2085""}",consensus_stage_a,consensus_two_stage_interactive_adaptation_v1,F|target|F0080|Consensus|stage_a|replicate_1,354cb8636e4683ee677737dc06485c94c6fd91afe6a8216d19ffde77b04dff1d,675efa1486e53a4914248132dda701b834c9e26599d8c4c4d7b41db57bfcf2b0,
F|target|F0081|Consensus|stage_a|replicate_1,F-1bc8c796af342220b1a6670106e125ce3bc35ecb,F,target,F0081,Consensus,consensus_stage_a_estimates,1,google/gemma-4-31B-it,5b301b1a9587ebaa5528f5d93fe452a34cec5f0bf08c5832a8217be93ebe3020,675efa1486e53a4914248132dda701b834c9e26599d8c4c4d7b41db57bfcf2b0,consensus_two_stage_interactive_adaptation_v1,prompt_compiler_v2_split_g_f,1724232013,pending,Q001|Q002|Q003,"{""Q001"": ""consensus_estimate_net_zero_before_2085"", ""Q002"": ""consensus_estimate_co2_warms_planet"", ""Q003"": ""consensus_estimate_human_primary_cause""}",consensus_stage_a,consensus_two_stage_interactive_adaptation_v1,F|target|F0081|Consensus|stage_a|replicate_1,5b301b1a9587ebaa5528f5d93fe452a34cec5f0bf08c5832a8217be93ebe3020,675efa1486e53a4914248132dda701b834c9e26599d8c4c4d7b41db57bfcf2b0,
F|target|F0082|Consensus|stage_a|replicate_1,F-3b219385acfb0668c31658e38540341f6d2ddd8e,F,target,F0082,Consensus,consensus_stage_a_estimates,1,google/gemma-4-31B-it,3ae238251cc986a997245eefecb4a71bf998f37c76ac3457939da003930fb451,675efa1486e53a4914248132dda701b834c9e26599d8c4c4d7b41db57bfcf2b0,consensus_two_stage_interactive_adaptation_v1,prompt_compiler_v2_split_g_f,591277428,pending,Q001|Q002|Q003,"{""Q001"": ""consensus_estimate_net_zero_before_2085"", ""Q002"": ""consensus_estimate_co2_warms_planet"", ""Q003"": ""consensus_estimate_human_primary_cause""}",consensus_stage_a,consensus_two_stage_interactive_adaptation_v1,F|target|F0082|Consensus|stage_a|replicate_1,3ae238251cc986a997245eefecb4a71bf998f37c76ac3457939da003930fb451,675efa1486e53a4914248132dda701b834c9e26599d8c4c4d7b41db57bfcf2b0,
F|target|F0083|Consensus|stage_a|replicate_1,F-6c6d4a99492a4767889b8f799ba9f359ed2371bb,F,target,F0083,Consensus,consensus_stage_a_estimates,1,google/gemma-4-31B-it,3e9e7cd62010bc7684cf91f96a751d355b9e45dfd998c6deb79441e7ae164217,675efa1486e53a4914248132dda701b834c9e26599d8c4c4d7b41db57bfcf2b0,consensus_two_stage_interactive_adaptation_v1,prompt_compiler_v2_split_g_f,570743963,pending,Q001|Q002|Q003,"{""Q001"": ""consensus_estimate_net_zero_before_2085"", ""Q002"": ""consensus_estimate_co2_warms_planet"", ""Q003"": ""consensus_estimate_human_primary_cause""}",consensus_stage_a,consensus_two_stage_interactive_adaptation_v1,F|target|F0083|Consensus|stage_a|replicate_1,3e9e7cd62010bc7684cf91f96a751d355b9e45dfd998c6deb79441e7ae164217,675efa1486e53a4914248132dda701b834c9e26599d8c4c4d7b41db57bfcf2b0,
F|target|F0084|Consensus|stage_a|replicate_1,F-21f7f612ae93cc312e1c43062806efe15091d812,F,target,F0084,Consensus,consensus_stage_a_estimates,1,google/gemma-4-31B-it,27f014352dba71eb6a1e74481b8c668c760cd706a0c0e1c0d512eaab45563046,675efa1486e53a4914248132dda701b834c9e26599d8c4c4d7b41db57bfcf2b0,consensus_two_stage_interactive_adaptation_v1,prompt_compiler_v2_split_g_f,1921235030,pending,Q001|Q002|Q003,"{""Q001"": ""consensus_estimate_human_primary_cause"", ""Q002"": ""consensus_estimate_net_zero_before_2085"", ""Q003"": ""consensus_estimate_co2_warms_planet""}",consensus_stage_a,consensus_two_stage_interactive_adaptation_v1,F|target|F0084|Consensus|stage_a|replicate_1,27f014352dba71eb6a1e74481b8c668c760cd706a0c0e1c0d512eaab45563046,675efa1486e53a4914248132dda701b834c9e26599d8c4c4d7b41db57bfcf2b0,
F|target|F0085|Consensus|stage_a|replicate_1,F-d17044043b8a8e9db5967d5bff91d02b9802fbf1,F,target,F0085,Consensus,consensus_stage_a_estimates,1,google/gemma-4-31B-it,d94b480ee5ed851c8eba61c35f960217554ccf36607cbb73aa4368219aa253ee,675efa1486e53a4914248132dda701b834c9e26599d8c4c4d7b41db57bfcf2b0,consensus_two_stage_interactive_adaptation_v1,prompt_compiler_v2_split_g_f,1584076456,pending,Q001|Q002|Q003,"{""Q001"": ""consensus_estimate_co2_warms_planet"", ""Q002"": ""consensus_estimate_net_zero_before_2085"", ""Q003"": ""consensus_estimate_human_primary_cause""}",consensus_stage_a,consensus_two_stage_interactive_adaptation_v1,F|target|F0085|Consensus|stage_a|replicate_1,d94b480ee5ed851c8eba61c35f960217554ccf36607cbb73aa4368219aa253ee,675efa1486e53a4914248132dda701b834c9e26599d8c4c4d7b41db57bfcf2b0,
F|target|F0086|Consensus|stage_a|replicate_1,F-505c6b9365d69744fecf4c0e8358754361db9fe2,F,target,F0086,Consensus,consensus_stage_a_estimates,1,google/gemma-4-31B-it,2c6ca6deea853a915a7979505dbc9a39711937236a89062a93519e46353900a1,675efa1486e53a4914248132dda701b834c9e26599d8c4c4d7b41db57bfcf2b0,consensus_two_stage_interactive_adaptation_v1,prompt_compiler_v2_split_g_f,110063212,pending,Q001|Q002|Q003,"{""Q001"": ""consensus_estimate_human_primary_cause"", ""Q002"": ""consensus_estimate_net_zero_before_2085"", ""Q003"": ""consensus_estimate_co2_warms_planet""}",consensus_stage_a,consensus_two_stage_interactive_adaptation_v1,F|target|F0086|Consensus|stage_a|replicate_1,2c6ca6deea853a915a7979505dbc9a39711937236a89062a93519e46353900a1,675efa1486e53a4914248132dda701b834c9e26599d8c4c4d7b41db57bfcf2b0,
F|target|F0087|Consensus|stage_a|replicate_1,F-b8ca63038a4b48108c3dbced34d3c7d530d444e4,F,target,F0087,Consensus,consensus_stage_a_estimates,1,google/gemma-4-31B-it,eaca1cd0f92a7c10e2498e5f155598ff59fd748b44610970c328dac5896732b4,675efa1486e53a4914248132dda701b834c9e26599d8c4c4d7b41db57bfcf2b0,consensus_two_stage_interactive_adaptation_v1,prompt_compiler_v2_split_g_f,2078281241,pending,Q001|Q002|Q003,"{""Q001"": ""consensus_estimate_human_primary_cause"", ""Q002"": ""consensus_estimate_net_zero_before_2085"", ""Q003"": ""consensus_estimate_co2_warms_planet""}",consensus_stage_a,consensus_two_stage_interactive_adaptation_v1,F|target|F0087|Consensus|stage_a|replicate_1,eaca1cd0f92a7c10e2498e5f155598ff59fd748b44610970c328dac5896732b4,675efa1486e53a4914248132dda701b834c9e26599d8c4c4d7b41db57bfcf2b0,
F|target|F0088|Consensus|stage_a|replicate_1,F-b8b993dc56e923724f999d5f4d83f3a091650cc3,F,target,F0088,Consensus,consensus_stage_a_estimates,1,google/gemma-4-31B-it,114a716f7ed0e09698d847228c28779e9af703e8b5de15ed4a0c5e787f114101,675efa1486e53a4914248132dda701b834c9e26599d8c4c4d7b41db57bfcf2b0,consensus_two_stage_interactive_adaptation_v1,prompt_compiler_v2_split_g_f,1214008109,pending,Q001|Q002|Q003,"{""Q001"": ""consensus_estimate_human_primary_cause"", ""Q002"": ""consensus_estimate_net_zero_before_2085"", ""Q003"": ""consensus_estimate_co2_warms_planet""}",consensus_stage_a,consensus_two_stage_interactive_adaptation_v1,F|target|F0088|Consensus|stage_a|replicate_1,114a716f7ed0e09698d847228c28779e9af703e8b5de15ed4a0c5e787f114101,675efa1486e53a4914248132dda701b834c9e26599d8c4c4d7b41db57bfcf2b0,
F|target|F0089|Consensus|stage_a|replicate_1,F-ca73cd295d51b289c7529bdb74819c607b224cc0,F,target,F0089,Consensus,consensus_stage_a_estimates,1,google/gemma-4-31B-it,95aa6165300b49c6fd08a075442acf49ece58223f7b1ae80da99dc4e1ac75456,675efa1486e53a4914248132dda701b834c9e26599d8c4c4d7b41db57bfcf2b0,consensus_two_stage_interactive_adaptation_v1,prompt_compiler_v2_split_g_f,1916357854,pending,Q001|Q002|Q003,"{""Q001"": ""consensus_estimate_net_zero_before_2085"", ""Q002"": ""consensus_estimate_co2_warms_planet"", ""Q003"": ""consensus_estimate_human_primary_cause""}",consensus_stage_a,consensus_two_stage_interactive_adaptation_v1,F|target|F0089|Consensus|stage_a|replicate_1,95aa6165300b49c6fd08a075442acf49ece58223f7b1ae80da99dc4e1ac75456,675efa1486e53a4914248132dda701b834c9e26599d8c4c4d7b41db57bfcf2b0,
F|target|F0090|Consensus|stage_a|replicate_1,F-39a17915802f03ebc31e512bfb55d1146c12b0c8,F,target,F0090,Consensus,consensus_stage_a_estimates,1,google/gemma-4-31B-it,597730d051dad9f390bcd5b4f482cddfedf7242266298ea5efe593bbf992837e,675efa1486e53a4914248132dda701b834c9e26599d8c4c4d7b41db57bfcf2b0,consensus_two_stage_interactive_adaptation_v1,prompt_compiler_v2_split_g_f,1936848406,pending,Q001|Q002|Q003,"{""Q001"": ""consensus_estimate_human_primary_cause"", ""Q002"": ""consensus_estimate_co2_warms_planet"", ""Q003"": ""consensus_estimate_net_zero_before_2085""}",consensus_stage_a,consensus_two_stage_interactive_adaptation_v1,F|target|F0090|Consensus|stage_a|replicate_1,597730d051dad9f390bcd5b4f482cddfedf7242266298ea5efe593bbf992837e,675efa1486e53a4914248132dda701b834c9e26599d8c4c4d7b41db57bfcf2b0,
F|target|F0091|Consensus|stage_a|replicate_1,F-939f019fd95b67f91dc2b828993a86064f9bdc12,F,target,F0091,Consensus,consensus_stage_a_estimates,1,google/gemma-4-31B-it,e5d280fea981cba9d8f3aeadf00ca26b271afe243f22a3b2e6e6ef809c56a3a4,675efa1486e53a4914248132dda701b834c9e26599d8c4c4d7b41db57bfcf2b0,consensus_two_stage_interactive_adaptation_v1,prompt_compiler_v2_split_g_f,10054459,pending,Q001|Q002|Q003,"{""Q001"": ""consensus_estimate_net_zero_before_2085"", ""Q002"": ""consensus_estimate_co2_warms_planet"", ""Q003"": ""consensus_estimate_human_primary_cause""}",consensus_stage_a,consensus_two_stage_interactive_adaptation_v1,F|target|F0091|Consensus|stage_a|replicate_1,e5d280fea981cba9d8f3aeadf00ca26b271afe243f22a3b2e6e6ef809c56a3a4,675efa1486e53a4914248132dda701b834c9e26599d8c4c4d7b41db57bfcf2b0,
F|target|F0092|Consensus|stage_a|replicate_1,F-982395babf1bfeafe67be0d7fcb7d7756794e7a0,F,target,F0092,Consensus,consensus_stage_a_estimates,1,google/gemma-4-31B-it,f2d6b5e8d1aec59d6b21d7e333f41fef56fbcc33001a4d7fa5c181ad9bf148e2,675efa1486e53a4914248132dda701b834c9e26599d8c4c4d7b41db57bfcf2b0,consensus_two_stage_interactive_adaptation_v1,prompt_compiler_v2_split_g_f,1868769830,pending,Q001|Q002|Q003,"{""Q001"": ""consensus_estimate_human_primary_cause"", ""Q002"": ""consensus_estimate_net_zero_before_2085"", ""Q003"": ""consensus_estimate_co2_warms_planet""}",consensus_stage_a,consensus_two_stage_interactive_adaptation_v1,F|target|F0092|Consensus|stage_a|replicate_1,f2d6b5e8d1aec59d6b21d7e333f41fef56fbcc33001a4d7fa5c181ad9bf148e2,675efa1486e53a4914248132dda701b834c9e26599d8c4c4d7b41db57bfcf2b0,
F|target|F0093|Consensus|stage_a|replicate_1,F-d3c0244f962df3d148e6ff292013ebc3f14f8f52,F,target,F0093,Consensus,consensus_stage_a_estimates,1,google/gemma-4-31B-it,fc97f0ceaabf8a0a07ae3d7300a65becbc734f8b40e02a95037de494f173453d,675efa1486e53a4914248132dda701b834c9e26599d8c4c4d7b41db57bfcf2b0,consensus_two_stage_interactive_adaptation_v1,prompt_compiler_v2_split_g_f,1034828915,pending,Q001|Q002|Q003,"{""Q001"": ""consensus_estimate_human_primary_cause"", ""Q002"": ""consensus_estimate_co2_warms_planet"", ""Q003"": ""consensus_estimate_net_zero_before_2085""}",consensus_stage_a,consensus_two_stage_interactive_adaptation_v1,F|target|F0093|Consensus|stage_a|replicate_1,fc97f0ceaabf8a0a07ae3d7300a65becbc734f8b40e02a95037de494f173453d,675efa1486e53a4914248132dda701b834c9e26599d8c4c4d7b41db57bfcf2b0,
F|target|F0094|Consensus|stage_a|replicate_1,F-7b6392d2d4f89fd84cf8b9e3ffe35999a480bada,F,target,F0094,Consensus,consensus_stage_a_estimates,1,google/gemma-4-31B-it,38961b748aaafb969076235422e7d8ab00b25f81f51e192a3ffb5e2d5684ec71,675efa1486e53a4914248132dda701b834c9e26599d8c4c4d7b41db57bfcf2b0,consensus_two_stage_interactive_adaptation_v1,prompt_compiler_v2_split_g_f,1270859135,pending,Q001|Q002|Q003,"{""Q001"": ""consensus_estimate_co2_warms_planet"", ""Q002"": ""consensus_estimate_net_zero_before_2085"", ""Q003"": ""consensus_estimate_human_primary_cause""}",consensus_stage_a,consensus_two_stage_interactive_adaptation_v1,F|target|F0094|Consensus|stage_a|replicate_1,38961b748aaafb969076235422e7d8ab00b25f81f51e192a3ffb5e2d5684ec71,675efa1486e53a4914248132dda701b834c9e26599d8c4c4d7b41db57bfcf2b0,
F|target|F0095|Consensus|stage_a|replicate_1,F-d28694302858a7b3b92d3f37760bb35edaceac47,F,target,F0095,Consensus,consensus_stage_a_estimates,1,google/gemma-4-31B-it,f7a53b781fb63d5846359df6461855d88838f1fda9773d850e2c35383d341676,675efa1486e53a4914248132dda701b834c9e26599d8c4c4d7b41db57bfcf2b0,consensus_two_stage_interactive_adaptation_v1,prompt_compiler_v2_split_g_f,1298518038,pending,Q001|Q002|Q003,"{""Q001"": ""consensus_estimate_human_primary_cause"", ""Q002"": ""consensus_estimate_net_zero_before_2085"", ""Q003"": ""consensus_estimate_co2_warms_planet""}",consensus_stage_a,consensus_two_stage_interactive_adaptation_v1,F|target|F0095|Consensus|stage_a|replicate_1,f7a53b781fb63d5846359df6461855d88838f1fda9773d850e2c35383d341676,675efa1486e53a4914248132dda701b834c9e26599d8c4c4d7b41db57bfcf2b0,
F|target|F0096|Consensus|stage_a|replicate_1,F-9214ce839c4bed32d854e67a2e88f1057a238520,F,target,F0096,Consensus,consensus_stage_a_estimates,1,google/gemma-4-31B-it,05eff73ddf20a477325ad374294d34523a1c368c21f7b34bdd597a55601c8e8f,675efa1486e53a4914248132dda701b834c9e26599d8c4c4d7b41db57bfcf2b0,consensus_two_stage_interactive_adaptation_v1,prompt_compiler_v2_split_g_f,1081444923,pending,Q001|Q002|Q003,"{""Q001"": ""consensus_estimate_human_primary_cause"", ""Q002"": ""consensus_estimate_net_zero_before_2085"", ""Q003"": ""consensus_estimate_co2_warms_planet""}",consensus_stage_a,consensus_two_stage_interactive_adaptation_v1,F|target|F0096|Consensus|stage_a|replicate_1,05eff73ddf20a477325ad374294d34523a1c368c21f7b34bdd597a55601c8e8f,675efa1486e53a4914248132dda701b834c9e26599d8c4c4d7b41db57bfcf2b0,
F|target|F0097|Consensus|stage_a|replicate_1,F-2d255ec22d9725f40948e7b2e5195bf73a367a13,F,target,F0097,Consensus,consensus_stage_a_estimates,1,google/gemma-4-31B-it,d2755a33e470ad564d8d5b30e299cf46c677f9f9aa0e5d0be9976532db42efc6,675efa1486e53a4914248132dda701b834c9e26599d8c4c4d7b41db57bfcf2b0,consensus_two_stage_interactive_adaptation_v1,prompt_compiler_v2_split_g_f,132244345,pending,Q001|Q002|Q003,"{""Q001"": ""consensus_estimate_human_primary_cause"", ""Q002"": ""consensus_estimate_co2_warms_planet"", ""Q003"": ""consensus_estimate_net_zero_before_2085""}",consensus_stage_a,consensus_two_stage_interactive_adaptation_v1,F|target|F0097|Consensus|stage_a|replicate_1,d2755a33e470ad564d8d5b30e299cf46c677f9f9aa0e5d0be9976532db42efc6,675efa1486e53a4914248132dda701b834c9e26599d8c4c4d7b41db57bfcf2b0,
F|target|F0098|Consensus|stage_a|replicate_1,F-1ee09ef5d8f837674fad1e9ce9914cd4eff20712,F,target,F0098,Consensus,consensus_stage_a_estimates,1,google/gemma-4-31B-it,4784e50b329a51551b6c3fb2f3e70fc03d89d61f155165625e4476385fb2fd31,675efa1486e53a4914248132dda701b834c9e26599d8c4c4d7b41db57bfcf2b0,consensus_two_stage_interactive_adaptation_v1,prompt_compiler_v2_split_g_f,381252947,pending,Q001|Q002|Q003,"{""Q001"": ""consensus_estimate_net_zero_before_2085"", ""Q002"": ""consensus_estimate_co2_warms_planet"", ""Q003"": ""consensus_estimate_human_primary_cause""}",consensus_stage_a,consensus_two_stage_interactive_adaptation_v1,F|target|F0098|Consensus|stage_a|replicate_1,4784e50b329a51551b6c3fb2f3e70fc03d89d61f155165625e4476385fb2fd31,675efa1486e53a4914248132dda701b834c9e26599d8c4c4d7b41db57bfcf2b0,
F|target|F0099|Consensus|stage_a|replicate_1,F-360ea651d2bb546d84eab676c13d80c645107b4a,F,target,F0099,Consensus,consensus_stage_a_estimates,1,google/gemma-4-31B-it,7655bd0157ec8863ea50f11cb527b9a6c3241e0e2c1f2e078fcbad9a77252880,675efa1486e53a4914248132dda701b834c9e26599d8c4c4d7b41db57bfcf2b0,consensus_two_stage_interactive_adaptation_v1,prompt_compiler_v2_split_g_f,1054384401,pending,Q001|Q002|Q003,"{""Q001"": ""consensus_estimate_net_zero_before_2085"", ""Q002"": ""consensus_estimate_human_primary_cause"", ""Q003"": ""consensus_estimate_co2_warms_planet""}",consensus_stage_a,consensus_two_stage_interactive_adaptation_v1,F|target|F0099|Consensus|stage_a|replicate_1,7655bd0157ec8863ea50f11cb527b9a6c3241e0e2c1f2e078fcbad9a77252880,675efa1486e53a4914248132dda701b834c9e26599d8c4c4d7b41db57bfcf2b0,
F|target|F0100|Consensus|stage_a|replicate_1,F-1dc770455f6d87c1ab813d13b2dc0bb1f5b0a3c3,F,target,F0100,Consensus,consensus_stage_a_estimates,1,google/gemma-4-31B-it,d58e6c3a22400aa436a19285d6748055fca0888fcf68d848aad901a3a6928d9f,675efa1486e53a4914248132dda701b834c9e26599d8c4c4d7b41db57bfcf2b0,consensus_two_stage_interactive_adaptation_v1,prompt_compiler_v2_split_g_f,452749388,pending,Q001|Q002|Q003,"{""Q001"": ""consensus_estimate_human_primary_cause"", ""Q002"": ""consensus_estimate_net_zero_before_2085"", ""Q003"": ""consensus_estimate_co2_warms_planet""}",consensus_stage_a,consensus_two_stage_interactive_adaptation_v1,F|target|F0100|Consensus|stage_a|replicate_1,d58e6c3a22400aa436a19285d6748055fca0888fcf68d848aad901a3a6928d9f,675efa1486e53a4914248132dda701b834c9e26599d8c4c4d7b41db57bfcf2b0,
F|target|F0101|Consensus|stage_a|replicate_1,F-3f2ec5373cc1b85bd5d2700f6079eefdb15e3455,F,target,F0101,Consensus,consensus_stage_a_estimates,1,google/gemma-4-31B-it,21130c51bb050a68e5fa670e4caf34fd57a84102a8e6f138de4994dc5032c378,675efa1486e53a4914248132dda701b834c9e26599d8c4c4d7b41db57bfcf2b0,consensus_two_stage_interactive_adaptation_v1,prompt_compiler_v2_split_g_f,991904458,pending,Q001|Q002|Q003,"{""Q001"": ""consensus_estimate_human_primary_cause"", ""Q002"": ""consensus_estimate_net_zero_before_2085"", ""Q003"": ""consensus_estimate_co2_warms_planet""}",consensus_stage_a,consensus_two_stage_interactive_adaptation_v1,F|target|F0101|Consensus|stage_a|replicate_1,21130c51bb050a68e5fa670e4caf34fd57a84102a8e6f138de4994dc5032c378,675efa1486e53a4914248132dda701b834c9e26599d8c4c4d7b41db57bfcf2b0,
F|target|F0102|Consensus|stage_a|replicate_1,F-f81b6a26c7e692d8912abd1272bccb35c5a28d88,F,target,F0102,Consensus,consensus_stage_a_estimates,1,google/gemma-4-31B-it,b86f80198d8d51ea123d2fa287c09cfb7083505eaaa56b7eb9c81e5c42911285,675efa1486e53a4914248132dda701b834c9e26599d8c4c4d7b41db57bfcf2b0,consensus_two_stage_interactive_adaptation_v1,prompt_compiler_v2_split_g_f,941451049,pending,Q001|Q002|Q003,"{""Q001"": ""consensus_estimate_co2_warms_planet"", ""Q002"": ""consensus_estimate_human_primary_cause"", ""Q003"": ""consensus_estimate_net_zero_before_2085""}",consensus_stage_a,consensus_two_stage_interactive_adaptation_v1,F|target|F0102|Consensus|stage_a|replicate_1,b86f80198d8d51ea123d2fa287c09cfb7083505eaaa56b7eb9c81e5c42911285,675efa1486e53a4914248132dda701b834c9e26599d8c4c4d7b41db57bfcf2b0,
F|target|F0103|Consensus|stage_a|replicate_1,F-dc97402ad528c404e0370760b9b8a82ce5adb6d9,F,target,F0103,Consensus,consensus_stage_a_estimates,1,google/gemma-4-31B-it,bdd679bf7d1cc5d82a21ef6aa9425a3e7095d56b2c794619e225103d538a917f,675efa1486e53a4914248132dda701b834c9e26599d8c4c4d7b41db57bfcf2b0,consensus_two_stage_interactive_adaptation_v1,prompt_compiler_v2_split_g_f,240600157,pending,Q001|Q002|Q003,"{""Q001"": ""consensus_estimate_co2_warms_planet"", ""Q002"": ""consensus_estimate_net_zero_before_2085"", ""Q003"": ""consensus_estimate_human_primary_cause""}",consensus_stage_a,consensus_two_stage_interactive_adaptation_v1,F|target|F0103|Consensus|stage_a|replicate_1,bdd679bf7d1cc5d82a21ef6aa9425a3e7095d56b2c794619e225103d538a917f,675efa1486e53a4914248132dda701b834c9e26599d8c4c4d7b41db57bfcf2b0,
F|target|F0104|Consensus|stage_a|replicate_1,F-0d854fd706a7babc1bbf8c5e424474bc47b62663,F,target,F0104,Consensus,consensus_stage_a_estimates,1,google/gemma-4-31B-it,b73b8088d686e3f912773743166f44dbf6b2b2d988c4839de8617a2aa9dbb342,675efa1486e53a4914248132dda701b834c9e26599d8c4c4d7b41db57bfcf2b0,consensus_two_stage_interactive_adaptation_v1,prompt_compiler_v2_split_g_f,565336682,pending,Q001|Q002|Q003,"{""Q001"": ""consensus_estimate_co2_warms_planet"", ""Q002"": ""consensus_estimate_human_primary_cause"", ""Q003"": ""consensus_estimate_net_zero_before_2085""}",consensus_stage_a,consensus_two_stage_interactive_adaptation_v1,F|target|F0104|Consensus|stage_a|replicate_1,b73b8088d686e3f912773743166f44dbf6b2b2d988c4839de8617a2aa9dbb342,675efa1486e53a4914248132dda701b834c9e26599d8c4c4d7b41db57bfcf2b0,
F|target|F0105|Consensus|stage_a|replicate_1,F-b7578e3b88de7c9bd0e1749469531c897686c8ff,F,target,F0105,Consensus,consensus_stage_a_estimates,1,google/gemma-4-31B-it,64c5fd85bacf50979366f9f8570df01237e342a9311874e9607ddcfab7b22df3,675efa1486e53a4914248132dda701b834c9e26599d8c4c4d7b41db57bfcf2b0,consensus_two_stage_interactive_adaptation_v1,prompt_compiler_v2_split_g_f,2005768468,pending,Q001|Q002|Q003,"{""Q001"": ""consensus_estimate_co2_warms_planet"", ""Q002"": ""consensus_estimate_net_zero_before_2085"", ""Q003"": ""consensus_estimate_human_primary_cause""}",consensus_stage_a,consensus_two_stage_interactive_adaptation_v1,F|target|F0105|Consensus|stage_a|replicate_1,64c5fd85bacf50979366f9f8570df01237e342a9311874e9607ddcfab7b22df3,675efa1486e53a4914248132dda701b834c9e26599d8c4c4d7b41db57bfcf2b0,
F|target|F0106|Consensus|stage_a|replicate_1,F-e58e7b0fed833312e0810df60910b489a6ecb8f7,F,target,F0106,Consensus,consensus_stage_a_estimates,1,google/gemma-4-31B-it,8a7502b091bbe9439c780aa5f0a55d6c1b2485b94e9f070099e39bc91b2b5d02,675efa1486e53a4914248132dda701b834c9e26599d8c4c4d7b41db57bfcf2b0,consensus_two_stage_interactive_adaptation_v1,prompt_compiler_v2_split_g_f,950020405,pending,Q001|Q002|Q003,"{""Q001"": ""consensus_estimate_human_primary_cause"", ""Q002"": ""consensus_estimate_net_zero_before_2085"", ""Q003"": ""consensus_estimate_co2_warms_planet""}",consensus_stage_a,consensus_two_stage_interactive_adaptation_v1,F|target|F0106|Consensus|stage_a|replicate_1,8a7502b091bbe9439c780aa5f0a55d6c1b2485b94e9f070099e39bc91b2b5d02,675efa1486e53a4914248132dda701b834c9e26599d8c4c4d7b41db57bfcf2b0,
F|target|F0107|Consensus|stage_a|replicate_1,F-78550214ffd808f6fcbed1cd723cefd74743c751,F,target,F0107,Consensus,consensus_stage_a_estimates,1,google/gemma-4-31B-it,abb18938d74663db71e4cfdeeea102c8db42f465aa26935f0e4826b5cda67e3b,675efa1486e53a4914248132dda701b834c9e26599d8c4c4d7b41db57bfcf2b0,consensus_two_stage_interactive_adaptation_v1,prompt_compiler_v2_split_g_f,1887571233,pending,Q001|Q002|Q003,"{""Q001"": ""consensus_estimate_human_primary_cause"", ""Q002"": ""consensus_estimate_co2_warms_planet"", ""Q003"": ""consensus_estimate_net_zero_before_2085""}",consensus_stage_a,consensus_two_stage_interactive_adaptation_v1,F|target|F0107|Consensus|stage_a|replicate_1,abb18938d74663db71e4cfdeeea102c8db42f465aa26935f0e4826b5cda67e3b,675efa1486e53a4914248132dda701b834c9e26599d8c4c4d7b41db57bfcf2b0,
F|target|F0108|Consensus|stage_a|replicate_1,F-abbfedb16a2ddf8367188a9c2ab529cd7f7f2cbb,F,target,F0108,Consensus,consensus_stage_a_estimates,1,google/gemma-4-31B-it,b111ea065b3367a8cb2dba575c69e047974481e7d75cf1b625989276ad54fe3c,675efa1486e53a4914248132dda701b834c9e26599d8c4c4d7b41db57bfcf2b0,consensus_two_stage_interactive_adaptation_v1,prompt_compiler_v2_split_g_f,1101904616,pending,Q001|Q002|Q003,"{""Q001"": ""consensus_estimate_co2_warms_planet"", ""Q002"": ""consensus_estimate_human_primary_cause"", ""Q003"": ""consensus_estimate_net_zero_before_2085""}",consensus_stage_a,consensus_two_stage_interactive_adaptation_v1,F|target|F0108|Consensus|stage_a|replicate_1,b111ea065b3367a8cb2dba575c69e047974481e7d75cf1b625989276ad54fe3c,675efa1486e53a4914248132dda701b834c9e26599d8c4c4d7b41db57bfcf2b0,
F|target|F0109|Consensus|stage_a|replicate_1,F-746d2f91affc81f4b6655f3b0f28d71e217988da,F,target,F0109,Consensus,consensus_stage_a_estimates,1,google/gemma-4-31B-it,98689ef7a4c664ba591fbb49c566b49504edc26bd1e5e9474ff95ff93cbb232d,675efa1486e53a4914248132dda701b834c9e26599d8c4c4d7b41db57bfcf2b0,consensus_two_stage_interactive_adaptation_v1,prompt_compiler_v2_split_g_f,416735513,pending,Q001|Q002|Q003,"{""Q001"": ""consensus_estimate_human_primary_cause"", ""Q002"": ""consensus_estimate_net_zero_before_2085"", ""Q003"": ""consensus_estimate_co2_warms_planet""}",consensus_stage_a,consensus_two_stage_interactive_adaptation_v1,F|target|F0109|Consensus|stage_a|replicate_1,98689ef7a4c664ba591fbb49c566b49504edc26bd1e5e9474ff95ff93cbb232d,675efa1486e53a4914248132dda701b834c9e26599d8c4c4d7b41db57bfcf2b0,
F|target|F0110|Consensus|stage_a|replicate_1,F-4d83dd9ccb1188d8095b24f5795ae11e2341f804,F,target,F0110,Consensus,consensus_stage_a_estimates,1,google/gemma-4-31B-it,91691b7cc4bafb891bc522d0709a086635dc766b3a5992e424d6272e962b880e,675efa1486e53a4914248132dda701b834c9e26599d8c4c4d7b41db57bfcf2b0,consensus_two_stage_interactive_adaptation_v1,prompt_compiler_v2_split_g_f,1712931858,pending,Q001|Q002|Q003,"{""Q001"": ""consensus_estimate_net_zero_before_2085"", ""Q002"": ""consensus_estimate_human_primary_cause"", ""Q003"": ""consensus_estimate_co2_warms_planet""}",consensus_stage_a,consensus_two_stage_interactive_adaptation_v1,F|target|F0110|Consensus|stage_a|replicate_1,91691b7cc4bafb891bc522d0709a086635dc766b3a5992e424d6272e962b880e,675efa1486e53a4914248132dda701b834c9e26599d8c4c4d7b41db57bfcf2b0,
F|target|F0111|Consensus|stage_a|replicate_1,F-f253d0d865b3339fdedf88d9778b5b9b67575d32,F,target,F0111,Consensus,consensus_stage_a_estimates,1,google/gemma-4-31B-it,0ea8fce61f994c8237734008ee06f4ccb8d26fe19ab4d9c68caa47f55ac03cce,675efa1486e53a4914248132dda701b834c9e26599d8c4c4d7b41db57bfcf2b0,consensus_two_stage_interactive_adaptation_v1,prompt_compiler_v2_split_g_f,1247466835,pending,Q001|Q002|Q003,"{""Q001"": ""consensus_estimate_human_primary_cause"", ""Q002"": ""consensus_estimate_co2_warms_planet"", ""Q003"": ""consensus_estimate_net_zero_before_2085""}",consensus_stage_a,consensus_two_stage_interactive_adaptation_v1,F|target|F0111|Consensus|stage_a|replicate_1,0ea8fce61f994c8237734008ee06f4ccb8d26fe19ab4d9c68caa47f55ac03cce,675efa1486e53a4914248132dda701b834c9e26599d8c4c4d7b41db57bfcf2b0,
F|target|F0112|Consensus|stage_a|replicate_1,F-ccea304f543bb9c259b2069901de0019a1622f6e,F,target,F0112,Consensus,consensus_stage_a_estimates,1,google/gemma-4-31B-it,ea747678042764bf8d37c6738d5bcb24195b653aa46ea3d1c1dcd5be78ccc744,675efa1486e53a4914248132dda701b834c9e26599d8c4c4d7b41db57bfcf2b0,consensus_two_stage_interactive_adaptation_v1,prompt_compiler_v2_split_g_f,1846549091,pending,Q001|Q002|Q003,"{""Q001"": ""consensus_estimate_human_primary_cause"", ""Q002"": ""consensus_estimate_co2_warms_planet"", ""Q003"": ""consensus_estimate_net_zero_before_2085""}",consensus_stage_a,consensus_two_stage_interactive_adaptation_v1,F|target|F0112|Consensus|stage_a|replicate_1,ea747678042764bf8d37c6738d5bcb24195b653aa46ea3d1c1dcd5be78ccc744,675efa1486e53a4914248132dda701b834c9e26599d8c4c4d7b41db57bfcf2b0,
F|target|F0113|Consensus|stage_a|replicate_1,F-2710468057e648386585f031e939a9d7812ce21d,F,target,F0113,Consensus,consensus_stage_a_estimates,1,google/gemma-4-31B-it,c2f0e9a9ffa3a9562e455c06e41cc260b53179dacdb51d4b928c040061dc376c,675efa1486e53a4914248132dda701b834c9e26599d8c4c4d7b41db57bfcf2b0,consensus_two_stage_interactive_adaptation_v1,prompt_compiler_v2_split_g_f,637982009,pending,Q001|Q002|Q003,"{""Q001"": ""consensus_estimate_co2_warms_planet"", ""Q002"": ""consensus_estimate_human_primary_cause"", ""Q003"": ""consensus_estimate_net_zero_before_2085""}",consensus_stage_a,consensus_two_stage_interactive_adaptation_v1,F|target|F0113|Consensus|stage_a|replicate_1,c2f0e9a9ffa3a9562e455c06e41cc260b53179dacdb51d4b928c040061dc376c,675efa1486e53a4914248132dda701b834c9e26599d8c4c4d7b41db57bfcf2b0,
F|target|F0114|Consensus|stage_a|replicate_1,F-7100f1e015eed4c27160c9ed34341ed45111e728,F,target,F0114,Consensus,consensus_stage_a_estimates,1,google/gemma-4-31B-it,2599ba00b1e8a39a2a54ab3a4931ff101759a5021c479fc9b43d3ae2326d89b5,675efa1486e53a4914248132dda701b834c9e26599d8c4c4d7b41db57bfcf2b0,consensus_two_stage_interactive_adaptation_v1,prompt_compiler_v2_split_g_f,2012264579,pending,Q001|Q002|Q003,"{""Q001"": ""consensus_estimate_co2_warms_planet"", ""Q002"": ""consensus_estimate_net_zero_before_2085"", ""Q003"": ""consensus_estimate_human_primary_cause""}",consensus_stage_a,consensus_two_stage_interactive_adaptation_v1,F|target|F0114|Consensus|stage_a|replicate_1,2599ba00b1e8a39a2a54ab3a4931ff101759a5021c479fc9b43d3ae2326d89b5,675efa1486e53a4914248132dda701b834c9e26599d8c4c4d7b41db57bfcf2b0,
F|target|F0115|Consensus|stage_a|replicate_1,F-5fc582005647d26e41251c8e55c42b3760ad106e,F,target,F0115,Consensus,consensus_stage_a_estimates,1,google/gemma-4-31B-it,26505cdbc00263c8325fa6a29bdc676744a26d250e5f32f3d052d750aaf75332,675efa1486e53a4914248132dda701b834c9e26599d8c4c4d7b41db57bfcf2b0,consensus_two_stage_interactive_adaptation_v1,prompt_compiler_v2_split_g_f,366138992,pending,Q001|Q002|Q003,"{""Q001"": ""consensus_estimate_human_primary_cause"", ""Q002"": ""consensus_estimate_co2_warms_planet"", ""Q003"": ""consensus_estimate_net_zero_before_2085""}",consensus_stage_a,consensus_two_stage_interactive_adaptation_v1,F|target|F0115|Consensus|stage_a|replicate_1,26505cdbc00263c8325fa6a29bdc676744a26d250e5f32f3d052d750aaf75332,675efa1486e53a4914248132dda701b834c9e26599d8c4c4d7b41db57bfcf2b0,
F|target|F0116|Consensus|stage_a|replicate_1,F-042052ed2b9d1d53b0eb365db821b2043ad2639a,F,target,F0116,Consensus,consensus_stage_a_estimates,1,google/gemma-4-31B-it,cdd042c9ba8cb28895bdd0cad895e874e1324b6555aeb822059c1fec6e90b70a,675efa1486e53a4914248132dda701b834c9e26599d8c4c4d7b41db57bfcf2b0,consensus_two_stage_interactive_adaptation_v1,prompt_compiler_v2_split_g_f,870171437,pending,Q001|Q002|Q003,"{""Q001"": ""consensus_estimate_net_zero_before_2085"", ""Q002"": ""consensus_estimate_human_primary_cause"", ""Q003"": ""consensus_estimate_co2_warms_planet""}",consensus_stage_a,consensus_two_stage_interactive_adaptation_v1,F|target|F0116|Consensus|stage_a|replicate_1,cdd042c9ba8cb28895bdd0cad895e874e1324b6555aeb822059c1fec6e90b70a,675efa1486e53a4914248132dda701b834c9e26599d8c4c4d7b41db57bfcf2b0,
F|target|F0117|Consensus|stage_a|replicate_1,F-d41bd3ae215c75152f785ab9b417897d11abbfe7,F,target,F0117,Consensus,consensus_stage_a_estimates,1,google/gemma-4-31B-it,a44dffb9b5beeba5767ab391de3c9561a00762804cd0a8e75273f0e72756ecb5,675efa1486e53a4914248132dda701b834c9e26599d8c4c4d7b41db57bfcf2b0,consensus_two_stage_interactive_adaptation_v1,prompt_compiler_v2_split_g_f,1234443380,pending,Q001|Q002|Q003,"{""Q001"": ""consensus_estimate_net_zero_before_2085"", ""Q002"": ""consensus_estimate_co2_warms_planet"", ""Q003"": ""consensus_estimate_human_primary_cause""}",consensus_stage_a,consensus_two_stage_interactive_adaptation_v1,F|target|F0117|Consensus|stage_a|replicate_1,a44dffb9b5beeba5767ab391de3c9561a00762804cd0a8e75273f0e72756ecb5,675efa1486e53a4914248132dda701b834c9e26599d8c4c4d7b41db57bfcf2b0,
F|target|F0118|Consensus|stage_a|replicate_1,F-a5e01f71b071feeeead0767e6f58624e5fd37e6e,F,target,F0118,Consensus,consensus_stage_a_estimates,1,google/gemma-4-31B-it,1d2c92c8436508a48f1f7eff5effafecaff5304f26c386c580ff604ef5332d2d,675efa1486e53a4914248132dda701b834c9e26599d8c4c4d7b41db57bfcf2b0,consensus_two_stage_interactive_adaptation_v1,prompt_compiler_v2_split_g_f,2083667411,pending,Q001|Q002|Q003,"{""Q001"": ""consensus_estimate_human_primary_cause"", ""Q002"": ""consensus_estimate_co2_warms_planet"", ""Q003"": ""consensus_estimate_net_zero_before_2085""}",consensus_stage_a,consensus_two_stage_interactive_adaptation_v1,F|target|F0118|Consensus|stage_a|replicate_1,1d2c92c8436508a48f1f7eff5effafecaff5304f26c386c580ff604ef5332d2d,675efa1486e53a4914248132dda701b834c9e26599d8c4c4d7b41db57bfcf2b0,
F|target|F0119|Consensus|stage_a|replicate_1,F-680e78f81db2cb4ad88784fad71374027f3006c1,F,target,F0119,Consensus,consensus_stage_a_estimates,1,google/gemma-4-31B-it,db25f3024553dfb0928b135d8273c7139b70e2cee03ce3ca51d058a96fbbb00e,675efa1486e53a4914248132dda701b834c9e26599d8c4c4d7b41db57bfcf2b0,consensus_two_stage_interactive_adaptation_v1,prompt_compiler_v2_split_g_f,1842330939,pending,Q001|Q002|Q003,"{""Q001"": ""consensus_estimate_net_zero_before_2085"", ""Q002"": ""consensus_estimate_co2_warms_planet"", ""Q003"": ""consensus_estimate_human_primary_cause""}",consensus_stage_a,consensus_two_stage_interactive_adaptation_v1,F|target|F0119|Consensus|stage_a|replicate_1,db25f3024553dfb0928b135d8273c7139b70e2cee03ce3ca51d058a96fbbb00e,675efa1486e53a4914248132dda701b834c9e26599d8c4c4d7b41db57bfcf2b0,
F|target|F0120|Consensus|stage_a|replicate_1,F-1b3bab289c5aa18a125b5932099228d2505a4c58,F,target,F0120,Consensus,consensus_stage_a_estimates,1,google/gemma-4-31B-it,2fe5b23258e8c964032f649bbbf875342f065dbff302c207381a7f7634ce3f0b,675efa1486e53a4914248132dda701b834c9e26599d8c4c4d7b41db57bfcf2b0,consensus_two_stage_interactive_adaptation_v1,prompt_compiler_v2_split_g_f,1389492187,pending,Q001|Q002|Q003,"{""Q001"": ""consensus_estimate_co2_warms_planet"", ""Q002"": ""consensus_estimate_net_zero_before_2085"", ""Q003"": ""consensus_estimate_human_primary_cause""}",consensus_stage_a,consensus_two_stage_interactive_adaptation_v1,F|target|F0120|Consensus|stage_a|replicate_1,2fe5b23258e8c964032f649bbbf875342f065dbff302c207381a7f7634ce3f0b,675efa1486e53a4914248132dda701b834c9e26599d8c4c4d7b41db57bfcf2b0,
F|target|F0121|Consensus|stage_a|replicate_1,F-22c4ebf516ec85458a4b167ff640e60a3fdcfc1a,F,target,F0121,Consensus,consensus_stage_a_estimates,1,google/gemma-4-31B-it,0662df02ef6a0975a8bcc6802d169ca2fbe13f468f8132e1fafad0286f03489c,675efa1486e53a4914248132dda701b834c9e26599d8c4c4d7b41db57bfcf2b0,consensus_two_stage_interactive_adaptation_v1,prompt_compiler_v2_split_g_f,1551260975,pending,Q001|Q002|Q003,"{""Q001"": ""consensus_estimate_co2_warms_planet"", ""Q002"": ""consensus_estimate_human_primary_cause"", ""Q003"": ""consensus_estimate_net_zero_before_2085""}",consensus_stage_a,consensus_two_stage_interactive_adaptation_v1,F|target|F0121|Consensus|stage_a|replicate_1,0662df02ef6a0975a8bcc6802d169ca2fbe13f468f8132e1fafad0286f03489c,675efa1486e53a4914248132dda701b834c9e26599d8c4c4d7b41db57bfcf2b0,
F|target|F0122|Consensus|stage_a|replicate_1,F-785f3056eeeb747e4deb69befcf9691a356bcf20,F,target,F0122,Consensus,consensus_stage_a_estimates,1,google/gemma-4-31B-it,129e6ce86940d38d4f3e78c800f1c6065f029b361af839308a98a5bd103f8825,675efa1486e53a4914248132dda701b834c9e26599d8c4c4d7b41db57bfcf2b0,consensus_two_stage_interactive_adaptation_v1,prompt_compiler_v2_split_g_f,1604965677,pending,Q001|Q002|Q003,"{""Q001"": ""consensus_estimate_co2_warms_planet"", ""Q002"": ""consensus_estimate_net_zero_before_2085"", ""Q003"": ""consensus_estimate_human_primary_cause""}",consensus_stage_a,consensus_two_stage_interactive_adaptation_v1,F|target|F0122|Consensus|stage_a|replicate_1,129e6ce86940d38d4f3e78c800f1c6065f029b361af839308a98a5bd103f8825,675efa1486e53a4914248132dda701b834c9e26599d8c4c4d7b41db57bfcf2b0,
F|target|F0123|Consensus|stage_a|replicate_1,F-7a1b79043ca0da1e1c38e0f8b1516dd208a4b607,F,target,F0123,Consensus,consensus_stage_a_estimates,1,google/gemma-4-31B-it,eb73d6fd33cfb499ff817c33425e781dc51ec40a43804cae17b380b2d612860a,675efa1486e53a4914248132dda701b834c9e26599d8c4c4d7b41db57bfcf2b0,consensus_two_stage_interactive_adaptation_v1,prompt_compiler_v2_split_g_f,819448872,pending,Q001|Q002|Q003,"{""Q001"": ""consensus_estimate_human_primary_cause"", ""Q002"": ""consensus_estimate_co2_warms_planet"", ""Q003"": ""consensus_estimate_net_zero_before_2085""}",consensus_stage_a,consensus_two_stage_interactive_adaptation_v1,F|target|F0123|Consensus|stage_a|replicate_1,eb73d6fd33cfb499ff817c33425e781dc51ec40a43804cae17b380b2d612860a,675efa1486e53a4914248132dda701b834c9e26599d8c4c4d7b41db57bfcf2b0,
F|target|F0124|Consensus|stage_a|replicate_1,F-64aea7257fb36d99d450d9a93f6c431c419d1a3a,F,target,F0124,Consensus,consensus_stage_a_estimates,1,google/gemma-4-31B-it,7ffbb07fcb4dc885edfffb1e8a0befdb21733399517a1e07bde15cc412b18c30,675efa1486e53a4914248132dda701b834c9e26599d8c4c4d7b41db57bfcf2b0,consensus_two_stage_interactive_adaptation_v1,prompt_compiler_v2_split_g_f,1225833445,pending,Q001|Q002|Q003,"{""Q001"": ""consensus_estimate_human_primary_cause"", ""Q002"": ""consensus_estimate_co2_warms_planet"", ""Q003"": ""consensus_estimate_net_zero_before_2085""}",consensus_stage_a,consensus_two_stage_interactive_adaptation_v1,F|target|F0124|Consensus|stage_a|replicate_1,7ffbb07fcb4dc885edfffb1e8a0befdb21733399517a1e07bde15cc412b18c30,675efa1486e53a4914248132dda701b834c9e26599d8c4c4d7b41db57bfcf2b0,
F|target|F0125|Consensus|stage_a|replicate_1,F-7282ac5de2d7b559a8af2d344827f564d9df661c,F,target,F0125,Consensus,consensus_stage_a_estimates,1,google/gemma-4-31B-it,547a421cac8ddfe88a06279a580ef9ecdc38096595ee53423aeb0efbf1b47afd,675efa1486e53a4914248132dda701b834c9e26599d8c4c4d7b41db57bfcf2b0,consensus_two_stage_interactive_adaptation_v1,prompt_compiler_v2_split_g_f,1205669398,pending,Q001|Q002|Q003,"{""Q001"": ""consensus_estimate_human_primary_cause"", ""Q002"": ""consensus_estimate_net_zero_before_2085"", ""Q003"": ""consensus_estimate_co2_warms_planet""}",consensus_stage_a,consensus_two_stage_interactive_adaptation_v1,F|target|F0125|Consensus|stage_a|replicate_1,547a421cac8ddfe88a06279a580ef9ecdc38096595ee53423aeb0efbf1b47afd,675efa1486e53a4914248132dda701b834c9e26599d8c4c4d7b41db57bfcf2b0,
F|target|F0126|Consensus|stage_a|replicate_1,F-c6bc0775ccf64d714937645f727fb9e77cc0b4bc,F,target,F0126,Consensus,consensus_stage_a_estimates,1,google/gemma-4-31B-it,91e43dc0fba4bd9a0dd58cea0da36a2453489bc2eedff6794dc8b4280df6f82b,675efa1486e53a4914248132dda701b834c9e26599d8c4c4d7b41db57bfcf2b0,consensus_two_stage_interactive_adaptation_v1,prompt_compiler_v2_split_g_f,1517182047,pending,Q001|Q002|Q003,"{""Q001"": ""consensus_estimate_co2_warms_planet"", ""Q002"": ""consensus_estimate_human_primary_cause"", ""Q003"": ""consensus_estimate_net_zero_before_2085""}",consensus_stage_a,consensus_two_stage_interactive_adaptation_v1,F|target|F0126|Consensus|stage_a|replicate_1,91e43dc0fba4bd9a0dd58cea0da36a2453489bc2eedff6794dc8b4280df6f82b,675efa1486e53a4914248132dda701b834c9e26599d8c4c4d7b41db57bfcf2b0,
F|target|F0127|Consensus|stage_a|replicate_1,F-53dda1bc1c852a5b00a8198f99129128c96ad348,F,target,F0127,Consensus,consensus_stage_a_estimates,1,google/gemma-4-31B-it,52eb75114960ae9897b8f9d9bc7174a8d6798be3ec11a60e3193b2464edd8b1b,675efa1486e53a4914248132dda701b834c9e26599d8c4c4d7b41db57bfcf2b0,consensus_two_stage_interactive_adaptation_v1,prompt_compiler_v2_split_g_f,1145073108,pending,Q001|Q002|Q003,"{""Q001"": ""consensus_estimate_human_primary_cause"", ""Q002"": ""consensus_estimate_co2_warms_planet"", ""Q003"": ""consensus_estimate_net_zero_before_2085""}",consensus_stage_a,consensus_two_stage_interactive_adaptation_v1,F|target|F0127|Consensus|stage_a|replicate_1,52eb75114960ae9897b8f9d9bc7174a8d6798be3ec11a60e3193b2464edd8b1b,675efa1486e53a4914248132dda701b834c9e26599d8c4c4d7b41db57bfcf2b0,
F|target|F0128|Consensus|stage_a|replicate_1,F-7ae267334ba7e577cb60b36bda92d2542c3ccd32,F,target,F0128,Consensus,consensus_stage_a_estimates,1,google/gemma-4-31B-it,ba3ecb91a4fe9a63a1da197060346089aa95d4962f0c1286fc8bb8868a6c9aca,675efa1486e53a4914248132dda701b834c9e26599d8c4c4d7b41db57bfcf2b0,consensus_two_stage_interactive_adaptation_v1,prompt_compiler_v2_split_g_f,1097642975,pending,Q001|Q002|Q003,"{""Q001"": ""consensus_estimate_co2_warms_planet"", ""Q002"": ""consensus_estimate_human_primary_cause"", ""Q003"": ""consensus_estimate_net_zero_before_2085""}",consensus_stage_a,consensus_two_stage_interactive_adaptation_v1,F|target|F0128|Consensus|stage_a|replicate_1,ba3ecb91a4fe9a63a1da197060346089aa95d4962f0c1286fc8bb8868a6c9aca,675efa1486e53a4914248132dda701b834c9e26599d8c4c4d7b41db57bfcf2b0,
F|target|F0129|Consensus|stage_a|replicate_1,F-20e23c73051178866367bcc02448fec623ef97ec,F,target,F0129,Consensus,consensus_stage_a_estimates,1,google/gemma-4-31B-it,127c04fd8077e368a7273bdffd1b4f2b1890cc07c9fed791ff8631c5f0c6e7c2,675efa1486e53a4914248132dda701b834c9e26599d8c4c4d7b41db57bfcf2b0,consensus_two_stage_interactive_adaptation_v1,prompt_compiler_v2_split_g_f,1188426092,pending,Q001|Q002|Q003,"{""Q001"": ""consensus_estimate_co2_warms_planet"", ""Q002"": ""consensus_estimate_net_zero_before_2085"", ""Q003"": ""consensus_estimate_human_primary_cause""}",consensus_stage_a,consensus_two_stage_interactive_adaptation_v1,F|target|F0129|Consensus|stage_a|replicate_1,127c04fd8077e368a7273bdffd1b4f2b1890cc07c9fed791ff8631c5f0c6e7c2,675efa1486e53a4914248132dda701b834c9e26599d8c4c4d7b41db57bfcf2b0,
F|target|F0130|Consensus|stage_a|replicate_1,F-c0def4514256548071677149af26d90e539ba464,F,target,F0130,Consensus,consensus_stage_a_estimates,1,google/gemma-4-31B-it,78374d6aec7fac06f75fcf80771f66fd8010edba1ec5698eb0eb2b038b8f158d,675efa1486e53a4914248132dda701b834c9e26599d8c4c4d7b41db57bfcf2b0,consensus_two_stage_interactive_adaptation_v1,prompt_compiler_v2_split_g_f,1142177061,pending,Q001|Q002|Q003,"{""Q001"": ""consensus_estimate_co2_warms_planet"", ""Q002"": ""consensus_estimate_net_zero_before_2085"", ""Q003"": ""consensus_estimate_human_primary_cause""}",consensus_stage_a,consensus_two_stage_interactive_adaptation_v1,F|target|F0130|Consensus|stage_a|replicate_1,78374d6aec7fac06f75fcf80771f66fd8010edba1ec5698eb0eb2b038b8f158d,675efa1486e53a4914248132dda701b834c9e26599d8c4c4d7b41db57bfcf2b0,
F|target|F0131|Consensus|stage_a|replicate_1,F-a47ddf46200f12e412f115042a4eb78f44cf2414,F,target,F0131,Consensus,consensus_stage_a_estimates,1,google/gemma-4-31B-it,b56993274109176867d7dba88a09723337e6c31b457914a486fc9fdb38dcf511,675efa1486e53a4914248132dda701b834c9e26599d8c4c4d7b41db57bfcf2b0,consensus_two_stage_interactive_adaptation_v1,prompt_compiler_v2_split_g_f,1762316658,pending,Q001|Q002|Q003,"{""Q001"": ""consensus_estimate_co2_warms_planet"", ""Q002"": ""consensus_estimate_human_primary_cause"", ""Q003"": ""consensus_estimate_net_zero_before_2085""}",consensus_stage_a,consensus_two_stage_interactive_adaptation_v1,F|target|F0131|Consensus|stage_a|replicate_1,b56993274109176867d7dba88a09723337e6c31b457914a486fc9fdb38dcf511,675efa1486e53a4914248132dda701b834c9e26599d8c4c4d7b41db57bfcf2b0,
F|target|F0132|Consensus|stage_a|replicate_1,F-47eabec9b09b45eb3af276a9c1ea53aecd3f7957,F,target,F0132,Consensus,consensus_stage_a_estimates,1,google/gemma-4-31B-it,70b6f466eb443513cec70871a28e1152611fa60787bab59d78d0690766bf1770,675efa1486e53a4914248132dda701b834c9e26599d8c4c4d7b41db57bfcf2b0,consensus_two_stage_interactive_adaptation_v1,prompt_compiler_v2_split_g_f,1081131903,pending,Q001|Q002|Q003,"{""Q001"": ""consensus_estimate_co2_warms_planet"", ""Q002"": ""consensus_estimate_human_primary_cause"", ""Q003"": ""consensus_estimate_net_zero_before_2085""}",consensus_stage_a,consensus_two_stage_interactive_adaptation_v1,F|target|F0132|Consensus|stage_a|replicate_1,70b6f466eb443513cec70871a28e1152611fa60787bab59d78d0690766bf1770,675efa1486e53a4914248132dda701b834c9e26599d8c4c4d7b41db57bfcf2b0,
F|target|F0133|Consensus|stage_a|replicate_1,F-b4a4308e41ccb1d2a6be4ae2a4ea4ee777c47a99,F,target,F0133,Consensus,consensus_stage_a_estimates,1,google/gemma-4-31B-it,4fd6cccb5c08062d5b3182c2e97836cdaeaa212455d6eede9f10fa618e7f1ddc,675efa1486e53a4914248132dda701b834c9e26599d8c4c4d7b41db57bfcf2b0,consensus_two_stage_interactive_adaptation_v1,prompt_compiler_v2_split_g_f,722801393,pending,Q001|Q002|Q003,"{""Q001"": ""consensus_estimate_net_zero_before_2085"", ""Q002"": ""consensus_estimate_human_primary_cause"", ""Q003"": ""consensus_estimate_co2_warms_planet""}",consensus_stage_a,consensus_two_stage_interactive_adaptation_v1,F|target|F0133|Consensus|stage_a|replicate_1,4fd6cccb5c08062d5b3182c2e97836cdaeaa212455d6eede9f10fa618e7f1ddc,675efa1486e53a4914248132dda701b834c9e26599d8c4c4d7b41db57bfcf2b0,
F|target|F0134|Consensus|stage_a|replicate_1,F-3147d525ccaaec2cea9eb7fde5442c660af99e21,F,target,F0134,Consensus,consensus_stage_a_estimates,1,google/gemma-4-31B-it,b7cc0ca576eefc6dc0e73bb8e77a6b6761a3c540ea948c2552403e8c88fb7f05,675efa1486e53a4914248132dda701b834c9e26599d8c4c4d7b41db57bfcf2b0,consensus_two_stage_interactive_adaptation_v1,prompt_compiler_v2_split_g_f,792368760,pending,Q001|Q002|Q003,"{""Q001"": ""consensus_estimate_net_zero_before_2085"", ""Q002"": ""consensus_estimate_human_primary_cause"", ""Q003"": ""consensus_estimate_co2_warms_planet""}",consensus_stage_a,consensus_two_stage_interactive_adaptation_v1,F|target|F0134|Consensus|stage_a|replicate_1,b7cc0ca576eefc6dc0e73bb8e77a6b6761a3c540ea948c2552403e8c88fb7f05,675efa1486e53a4914248132dda701b834c9e26599d8c4c4d7b41db57bfcf2b0,
F|target|F0135|Consensus|stage_a|replicate_1,F-630fb613cd8c17dee4779e09c4096e395c013b29,F,target,F0135,Consensus,consensus_stage_a_estimates,1,google/gemma-4-31B-it,6fc3d27c0edc7f9d2bf03a1ddb84d4b2be6494b569a1d17b8f0c21feb85c1bb1,675efa1486e53a4914248132dda701b834c9e26599d8c4c4d7b41db57bfcf2b0,consensus_two_stage_interactive_adaptation_v1,prompt_compiler_v2_split_g_f,330007559,pending,Q001|Q002|Q003,"{""Q001"": ""consensus_estimate_co2_warms_planet"", ""Q002"": ""consensus_estimate_net_zero_before_2085"", ""Q003"": ""consensus_estimate_human_primary_cause""}",consensus_stage_a,consensus_two_stage_interactive_adaptation_v1,F|target|F0135|Consensus|stage_a|replicate_1,6fc3d27c0edc7f9d2bf03a1ddb84d4b2be6494b569a1d17b8f0c21feb85c1bb1,675efa1486e53a4914248132dda701b834c9e26599d8c4c4d7b41db57bfcf2b0,
F|target|F0136|Consensus|stage_a|replicate_1,F-74403195e8d56dddd3b5609c9c6977145b22bf25,F,target,F0136,Consensus,consensus_stage_a_estimates,1,google/gemma-4-31B-it,643b330f4e8d69216011b9df14586faff9cee56c6c2d99fda772c9b41d28d2cd,675efa1486e53a4914248132dda701b834c9e26599d8c4c4d7b41db57bfcf2b0,consensus_two_stage_interactive_adaptation_v1,prompt_compiler_v2_split_g_f,1364578570,pending,Q001|Q002|Q003,"{""Q001"": ""consensus_estimate_net_zero_before_2085"", ""Q002"": ""consensus_estimate_co2_warms_planet"", ""Q003"": ""consensus_estimate_human_primary_cause""}",consensus_stage_a,consensus_two_stage_interactive_adaptation_v1,F|target|F0136|Consensus|stage_a|replicate_1,643b330f4e8d69216011b9df14586faff9cee56c6c2d99fda772c9b41d28d2cd,675efa1486e53a4914248132dda701b834c9e26599d8c4c4d7b41db57bfcf2b0,
F|target|F0137|Consensus|stage_a|replicate_1,F-2e38d15ee5f6e2331bfa39d529b26ee29fc54052,F,target,F0137,Consensus,consensus_stage_a_estimates,1,google/gemma-4-31B-it,a3df1b428ea22829d634af96742b9a838a9406802d5c80a1cb968526d79916bf,675efa1486e53a4914248132dda701b834c9e26599d8c4c4d7b41db57bfcf2b0,consensus_two_stage_interactive_adaptation_v1,prompt_compiler_v2_split_g_f,1114146033,pending,Q001|Q002|Q003,"{""Q001"": ""consensus_estimate_human_primary_cause"", ""Q002"": ""consensus_estimate_net_zero_before_2085"", ""Q003"": ""consensus_estimate_co2_warms_planet""}",consensus_stage_a,consensus_two_stage_interactive_adaptation_v1,F|target|F0137|Consensus|stage_a|replicate_1,a3df1b428ea22829d634af96742b9a838a9406802d5c80a1cb968526d79916bf,675efa1486e53a4914248132dda701b834c9e26599d8c4c4d7b41db57bfcf2b0,
F|target|F0138|Consensus|stage_a|replicate_1,F-6c4ee00bbe9b61ce299659641a98029704752241,F,target,F0138,Consensus,consensus_stage_a_estimates,1,google/gemma-4-31B-it,01441f46418fe03010232115f7afc8fc533a8e1c2701c6f4fccb4c8664de01d5,675efa1486e53a4914248132dda701b834c9e26599d8c4c4d7b41db57bfcf2b0,consensus_two_stage_interactive_adaptation_v1,prompt_compiler_v2_split_g_f,389620199,pending,Q001|Q002|Q003,"{""Q001"": ""consensus_estimate_net_zero_before_2085"", ""Q002"": ""consensus_estimate_co2_warms_planet"", ""Q003"": ""consensus_estimate_human_primary_cause""}",consensus_stage_a,consensus_two_stage_interactive_adaptation_v1,F|target|F0138|Consensus|stage_a|replicate_1,01441f46418fe03010232115f7afc8fc533a8e1c2701c6f4fccb4c8664de01d5,675efa1486e53a4914248132dda701b834c9e26599d8c4c4d7b41db57bfcf2b0,
F|target|F0139|Consensus|stage_a|replicate_1,F-136ae0bd38c00746a54abf70bf5fb84e93610507,F,target,F0139,Consensus,consensus_stage_a_estimates,1,google/gemma-4-31B-it,8edb4c37d0b284118e85d9992332e1f7f0219fa5b4b2ace4019089de4d300e32,675efa1486e53a4914248132dda701b834c9e26599d8c4c4d7b41db57bfcf2b0,consensus_two_stage_interactive_adaptation_v1,prompt_compiler_v2_split_g_f,1603651776,pending,Q001|Q002|Q003,"{""Q001"": ""consensus_estimate_human_primary_cause"", ""Q002"": ""consensus_estimate_net_zero_before_2085"", ""Q003"": ""consensus_estimate_co2_warms_planet""}",consensus_stage_a,consensus_two_stage_interactive_adaptation_v1,F|target|F0139|Consensus|stage_a|replicate_1,8edb4c37d0b284118e85d9992332e1f7f0219fa5b4b2ace4019089de4d300e32,675efa1486e53a4914248132dda701b834c9e26599d8c4c4d7b41db57bfcf2b0,
F|target|F0140|Consensus|stage_a|replicate_1,F-7238de88ed4087245860fdae9bee2c54ea2c3440,F,target,F0140,Consensus,consensus_stage_a_estimates,1,google/gemma-4-31B-it,143ab4c03d10df5c34d75d55a8c0fa0ae89233664b42c930f95aed2678eea9d3,675efa1486e53a4914248132dda701b834c9e26599d8c4c4d7b41db57bfcf2b0,consensus_two_stage_interactive_adaptation_v1,prompt_compiler_v2_split_g_f,1370637367,pending,Q001|Q002|Q003,"{""Q001"": ""consensus_estimate_human_primary_cause"", ""Q002"": ""consensus_estimate_co2_warms_planet"", ""Q003"": ""consensus_estimate_net_zero_before_2085""}",consensus_stage_a,consensus_two_stage_interactive_adaptation_v1,F|target|F0140|Consensus|stage_a|replicate_1,143ab4c03d10df5c34d75d55a8c0fa0ae89233664b42c930f95aed2678eea9d3,675efa1486e53a4914248132dda701b834c9e26599d8c4c4d7b41db57bfcf2b0,
F|target|F0141|Consensus|stage_a|replicate_1,F-384fb2de1a35ce36fc1385fd1dc2726a724b9fa7,F,target,F0141,Consensus,consensus_stage_a_estimates,1,google/gemma-4-31B-it,62e1986c472a6796e01941eecfaad704782586f4dda07ef2c5e5edb6aa2c37f1,675efa1486e53a4914248132dda701b834c9e26599d8c4c4d7b41db57bfcf2b0,consensus_two_stage_interactive_adaptation_v1,prompt_compiler_v2_split_g_f,181744627,pending,Q001|Q002|Q003,"{""Q001"": ""consensus_estimate_co2_warms_planet"", ""Q002"": ""consensus_estimate_net_zero_before_2085"", ""Q003"": ""consensus_estimate_human_primary_cause""}",consensus_stage_a,consensus_two_stage_interactive_adaptation_v1,F|target|F0141|Consensus|stage_a|replicate_1,62e1986c472a6796e01941eecfaad704782586f4dda07ef2c5e5edb6aa2c37f1,675efa1486e53a4914248132dda701b834c9e26599d8c4c4d7b41db57bfcf2b0,
F|target|F0142|Consensus|stage_a|replicate_1,F-e731e09a6575c7eff1b17d256a487fd6c3ae03ee,F,target,F0142,Consensus,consensus_stage_a_estimates,1,google/gemma-4-31B-it,c51bfbfe97aab803dac97eb4f76e71947233f5803d831694cfc0d7118b8a51e0,675efa1486e53a4914248132dda701b834c9e26599d8c4c4d7b41db57bfcf2b0,consensus_two_stage_interactive_adaptation_v1,prompt_compiler_v2_split_g_f,869894439,pending,Q001|Q002|Q003,"{""Q001"": ""consensus_estimate_human_primary_cause"", ""Q002"": ""consensus_estimate_net_zero_before_2085"", ""Q003"": ""consensus_estimate_co2_warms_planet""}",consensus_stage_a,consensus_two_stage_interactive_adaptation_v1,F|target|F0142|Consensus|stage_a|replicate_1,c51bfbfe97aab803dac97eb4f76e71947233f5803d831694cfc0d7118b8a51e0,675efa1486e53a4914248132dda701b834c9e26599d8c4c4d7b41db57bfcf2b0,
F|target|F0143|Consensus|stage_a|replicate_1,F-c484c7bcac4318875865d733a8efdbd09bfe68a2,F,target,F0143,Consensus,consensus_stage_a_estimates,1,google/gemma-4-31B-it,d872aa9d51bad66f5a351460a888ba97683029eb69d81e04001ad16c24c5e228,675efa1486e53a4914248132dda701b834c9e26599d8c4c4d7b41db57bfcf2b0,consensus_two_stage_interactive_adaptation_v1,prompt_compiler_v2_split_g_f,894216195,pending,Q001|Q002|Q003,"{""Q001"": ""consensus_estimate_net_zero_before_2085"", ""Q002"": ""consensus_estimate_co2_warms_planet"", ""Q003"": ""consensus_estimate_human_primary_cause""}",consensus_stage_a,consensus_two_stage_interactive_adaptation_v1,F|target|F0143|Consensus|stage_a|replicate_1,d872aa9d51bad66f5a351460a888ba97683029eb69d81e04001ad16c24c5e228,675efa1486e53a4914248132dda701b834c9e26599d8c4c4d7b41db57bfcf2b0,
F|target|F0144|Consensus|stage_a|replicate_1,F-84d84ee080861a102f1a341f392f86ab1b28b7fc,F,target,F0144,Consensus,consensus_stage_a_estimates,1,google/gemma-4-31B-it,28de3fc38dee9f3bddcb937e83639bef2dbe6fdc5701d6c3d219fcb301d68632,675efa1486e53a4914248132dda701b834c9e26599d8c4c4d7b41db57bfcf2b0,consensus_two_stage_interactive_adaptation_v1,prompt_compiler_v2_split_g_f,171358163,pending,Q001|Q002|Q003,"{""Q001"": ""consensus_estimate_human_primary_cause"", ""Q002"": ""consensus_estimate_net_zero_before_2085"", ""Q003"": ""consensus_estimate_co2_warms_planet""}",consensus_stage_a,consensus_two_stage_interactive_adaptation_v1,F|target|F0144|Consensus|stage_a|replicate_1,28de3fc38dee9f3bddcb937e83639bef2dbe6fdc5701d6c3d219fcb301d68632,675efa1486e53a4914248132dda701b834c9e26599d8c4c4d7b41db57bfcf2b0,
F|target|F0145|Consensus|stage_a|replicate_1,F-fd24ce3501fb9d5892ff5bd79cfbbe160505aef6,F,target,F0145,Consensus,consensus_stage_a_estimates,1,google/gemma-4-31B-it,2cf15b6496a8ff29abdec283999f12df0f4173087d1cfbfe10cf3603195c3813,675efa1486e53a4914248132dda701b834c9e26599d8c4c4d7b41db57bfcf2b0,consensus_two_stage_interactive_adaptation_v1,prompt_compiler_v2_split_g_f,2084911557,pending,Q001|Q002|Q003,"{""Q001"": ""consensus_estimate_co2_warms_planet"", ""Q002"": ""consensus_estimate_human_primary_cause"", ""Q003"": ""consensus_estimate_net_zero_before_2085""}",consensus_stage_a,consensus_two_stage_interactive_adaptation_v1,F|target|F0145|Consensus|stage_a|replicate_1,2cf15b6496a8ff29abdec283999f12df0f4173087d1cfbfe10cf3603195c3813,675efa1486e53a4914248132dda701b834c9e26599d8c4c4d7b41db57bfcf2b0,
F|target|F0146|Consensus|stage_a|replicate_1,F-f8b6f384e789b01f605484b386b8f99963188a42,F,target,F0146,Consensus,consensus_stage_a_estimates,1,google/gemma-4-31B-it,32c5ae178c88c4a28f875649e12f6ca13bc412e528a78c9aea486c7aabd09f5c,675efa1486e53a4914248132dda701b834c9e26599d8c4c4d7b41db57bfcf2b0,consensus_two_stage_interactive_adaptation_v1,prompt_compiler_v2_split_g_f,1492621100,pending,Q001|Q002|Q003,"{""Q001"": ""consensus_estimate_co2_warms_planet"", ""Q002"": ""consensus_estimate_human_primary_cause"", ""Q003"": ""consensus_estimate_net_zero_before_2085""}",consensus_stage_a,consensus_two_stage_interactive_adaptation_v1,F|target|F0146|Consensus|stage_a|replicate_1,32c5ae178c88c4a28f875649e12f6ca13bc412e528a78c9aea486c7aabd09f5c,675efa1486e53a4914248132dda701b834c9e26599d8c4c4d7b41db57bfcf2b0,
F|target|F0147|Consensus|stage_a|replicate_1,F-72f04b8a03dbedc1e157500302c58d4f5a8793ab,F,target,F0147,Consensus,consensus_stage_a_estimates,1,google/gemma-4-31B-it,3863fc321923ad7f53518b617d24d044767897dd8cebbd5450cca370327e43be,675efa1486e53a4914248132dda701b834c9e26599d8c4c4d7b41db57bfcf2b0,consensus_two_stage_interactive_adaptation_v1,prompt_compiler_v2_split_g_f,1773962454,pending,Q001|Q002|Q003,"{""Q001"": ""consensus_estimate_net_zero_before_2085"", ""Q002"": ""consensus_estimate_human_primary_cause"", ""Q003"": ""consensus_estimate_co2_warms_planet""}",consensus_stage_a,consensus_two_stage_interactive_adaptation_v1,F|target|F0147|Consensus|stage_a|replicate_1,3863fc321923ad7f53518b617d24d044767897dd8cebbd5450cca370327e43be,675efa1486e53a4914248132dda701b834c9e26599d8c4c4d7b41db57bfcf2b0,
F|target|F0148|Consensus|stage_a|replicate_1,F-957182228a28c1effe4b687a6e9db84784e08486,F,target,F0148,Consensus,consensus_stage_a_estimates,1,google/gemma-4-31B-it,6ea287c76c331020031dab86055ac9402ec8c1a1f1dcd45c8635e57a68df3dca,675efa1486e53a4914248132dda701b834c9e26599d8c4c4d7b41db57bfcf2b0,consensus_two_stage_interactive_adaptation_v1,prompt_compiler_v2_split_g_f,889964086,pending,Q001|Q002|Q003,"{""Q001"": ""consensus_estimate_co2_warms_planet"", ""Q002"": ""consensus_estimate_net_zero_before_2085"", ""Q003"": ""consensus_estimate_human_primary_cause""}",consensus_stage_a,consensus_two_stage_interactive_adaptation_v1,F|target|F0148|Consensus|stage_a|replicate_1,6ea287c76c331020031dab86055ac9402ec8c1a1f1dcd45c8635e57a68df3dca,675efa1486e53a4914248132dda701b834c9e26599d8c4c4d7b41db57bfcf2b0,
F|target|F0149|Consensus|stage_a|replicate_1,F-41d83b89da468bec166921360aede3ddad1f43c0,F,target,F0149,Consensus,consensus_stage_a_estimates,1,google/gemma-4-31B-it,a92043edb0afc4318fba6eef1718fb9050d3a2f041fa6982b1673cfc9bc58cb3,675efa1486e53a4914248132dda701b834c9e26599d8c4c4d7b41db57bfcf2b0,consensus_two_stage_interactive_adaptation_v1,prompt_compiler_v2_split_g_f,1576469248,pending,Q001|Q002|Q003,"{""Q001"": ""consensus_estimate_human_primary_cause"", ""Q002"": ""consensus_estimate_co2_warms_planet"", ""Q003"": ""consensus_estimate_net_zero_before_2085""}",consensus_stage_a,consensus_two_stage_interactive_adaptation_v1,F|target|F0149|Consensus|stage_a|replicate_1,a92043edb0afc4318fba6eef1718fb9050d3a2f041fa6982b1673cfc9bc58cb3,675efa1486e53a4914248132dda701b834c9e26599d8c4c4d7b41db57bfcf2b0,
F|target|F0150|Consensus|stage_a|replicate_1,F-c6897c9f180a17e0d324ea86f53b1507a0637c1f,F,target,F0150,Consensus,consensus_stage_a_estimates,1,google/gemma-4-31B-it,79df07e290b98210eb2dc9a3cf11a7e70a232707d7ef75e19f65c9af627a043a,675efa1486e53a4914248132dda701b834c9e26599d8c4c4d7b41db57bfcf2b0,consensus_two_stage_interactive_adaptation_v1,prompt_compiler_v2_split_g_f,622661921,pending,Q001|Q002|Q003,"{""Q001"": ""consensus_estimate_human_primary_cause"", ""Q002"": ""consensus_estimate_co2_warms_planet"", ""Q003"": ""consensus_estimate_net_zero_before_2085""}",consensus_stage_a,consensus_two_stage_interactive_adaptation_v1,F|target|F0150|Consensus|stage_a|replicate_1,79df07e290b98210eb2dc9a3cf11a7e70a232707d7ef75e19f65c9af627a043a,675efa1486e53a4914248132dda701b834c9e26599d8c4c4d7b41db57bfcf2b0,
F|target|F0151|Consensus|stage_a|replicate_1,F-0343d26d72d3a68463c7740d4a7fa535eddac9fa,F,target,F0151,Consensus,consensus_stage_a_estimates,1,google/gemma-4-31B-it,75785fc832499ac9ce1c0dfaf6c6d776f6b2372695910c1512280987ea38ab2f,675efa1486e53a4914248132dda701b834c9e26599d8c4c4d7b41db57bfcf2b0,consensus_two_stage_interactive_adaptation_v1,prompt_compiler_v2_split_g_f,2036026206,pending,Q001|Q002|Q003,"{""Q001"": ""consensus_estimate_co2_warms_planet"", ""Q002"": ""consensus_estimate_human_primary_cause"", ""Q003"": ""consensus_estimate_net_zero_before_2085""}",consensus_stage_a,consensus_two_stage_interactive_adaptation_v1,F|target|F0151|Consensus|stage_a|replicate_1,75785fc832499ac9ce1c0dfaf6c6d776f6b2372695910c1512280987ea38ab2f,675efa1486e53a4914248132dda701b834c9e26599d8c4c4d7b41db57bfcf2b0,
F|target|F0152|Consensus|stage_a|replicate_1,F-10aa0b4a755219e4453b94bf2899fd8a0d19a45e,F,target,F0152,Consensus,consensus_stage_a_estimates,1,google/gemma-4-31B-it,8bf3ee2b5dff0ab6b8a17ada50cbe8c2e458986cf14cef4978c1645a0cfd29d8,675efa1486e53a4914248132dda701b834c9e26599d8c4c4d7b41db57bfcf2b0,consensus_two_stage_interactive_adaptation_v1,prompt_compiler_v2_split_g_f,379990137,pending,Q001|Q002|Q003,"{""Q001"": ""consensus_estimate_co2_warms_planet"", ""Q002"": ""consensus_estimate_human_primary_cause"", ""Q003"": ""consensus_estimate_net_zero_before_2085""}",consensus_stage_a,consensus_two_stage_interactive_adaptation_v1,F|target|F0152|Consensus|stage_a|replicate_1,8bf3ee2b5dff0ab6b8a17ada50cbe8c2e458986cf14cef4978c1645a0cfd29d8,675efa1486e53a4914248132dda701b834c9e26599d8c4c4d7b41db57bfcf2b0,
F|target|F0153|Consensus|stage_a|replicate_1,F-1fbcb2abfeb8eb8d4bd8a0f4872c39ba1ca5508f,F,target,F0153,Consensus,consensus_stage_a_estimates,1,google/gemma-4-31B-it,b451b6bb75cff017dd5ba8f587988f23c4f9e203d22df5c88d457194d3771232,675efa1486e53a4914248132dda701b834c9e26599d8c4c4d7b41db57bfcf2b0,consensus_two_stage_interactive_adaptation_v1,prompt_compiler_v2_split_g_f,1043484901,pending,Q001|Q002|Q003,"{""Q001"": ""consensus_estimate_net_zero_before_2085"", ""Q002"": ""consensus_estimate_human_primary_cause"", ""Q003"": ""consensus_estimate_co2_warms_planet""}",consensus_stage_a,consensus_two_stage_interactive_adaptation_v1,F|target|F0153|Consensus|stage_a|replicate_1,b451b6bb75cff017dd5ba8f587988f23c4f9e203d22df5c88d457194d3771232,675efa1486e53a4914248132dda701b834c9e26599d8c4c4d7b41db57bfcf2b0,
F|target|F0154|Consensus|stage_a|replicate_1,F-844ae4bc95e281d230d750930007acd634b6ef6d,F,target,F0154,Consensus,consensus_stage_a_estimates,1,google/gemma-4-31B-it,a0e0cd4824da01e51d2ba5e1fac5a8dd2cf306b6bc334a383298ac08a4150fcb,675efa1486e53a4914248132dda701b834c9e26599d8c4c4d7b41db57bfcf2b0,consensus_two_stage_interactive_adaptation_v1,prompt_compiler_v2_split_g_f,511200077,pending,Q001|Q002|Q003,"{""Q001"": ""consensus_estimate_human_primary_cause"", ""Q002"": ""consensus_estimate_co2_warms_planet"", ""Q003"": ""consensus_estimate_net_zero_before_2085""}",consensus_stage_a,consensus_two_stage_interactive_adaptation_v1,F|target|F0154|Consensus|stage_a|replicate_1,a0e0cd4824da01e51d2ba5e1fac5a8dd2cf306b6bc334a383298ac08a4150fcb,675efa1486e53a4914248132dda701b834c9e26599d8c4c4d7b41db57bfcf2b0,
F|target|F0155|Consensus|stage_a|replicate_1,F-6029855d9a70ff3727682d09882224eee6727c3c,F,target,F0155,Consensus,consensus_stage_a_estimates,1,google/gemma-4-31B-it,614126ba70f08bec478a71b6e3e5753750687a7c23db28409eed5749c8c70f78,675efa1486e53a4914248132dda701b834c9e26599d8c4c4d7b41db57bfcf2b0,consensus_two_stage_interactive_adaptation_v1,prompt_compiler_v2_split_g_f,1522797043,pending,Q001|Q002|Q003,"{""Q001"": ""consensus_estimate_co2_warms_planet"", ""Q002"": ""consensus_estimate_human_primary_cause"", ""Q003"": ""consensus_estimate_net_zero_before_2085""}",consensus_stage_a,consensus_two_stage_interactive_adaptation_v1,F|target|F0155|Consensus|stage_a|replicate_1,614126ba70f08bec478a71b6e3e5753750687a7c23db28409eed5749c8c70f78,675efa1486e53a4914248132dda701b834c9e26599d8c4c4d7b41db57bfcf2b0,
F|target|F0156|Consensus|stage_a|replicate_1,F-46ea4d3d12c9ddb37d2e875904d9106032c50d2d,F,target,F0156,Consensus,consensus_stage_a_estimates,1,google/gemma-4-31B-it,c69a07dff7b3ccf3a31814eca9019f3c06b652e7540cbd4bc7af128ccb89277d,675efa1486e53a4914248132dda701b834c9e26599d8c4c4d7b41db57bfcf2b0,consensus_two_stage_interactive_adaptation_v1,prompt_compiler_v2_split_g_f,547256366,pending,Q001|Q002|Q003,"{""Q001"": ""consensus_estimate_human_primary_cause"", ""Q002"": ""consensus_estimate_co2_warms_planet"", ""Q003"": ""consensus_estimate_net_zero_before_2085""}",consensus_stage_a,consensus_two_stage_interactive_adaptation_v1,F|target|F0156|Consensus|stage_a|replicate_1,c69a07dff7b3ccf3a31814eca9019f3c06b652e7540cbd4bc7af128ccb89277d,675efa1486e53a4914248132dda701b834c9e26599d8c4c4d7b41db57bfcf2b0,
F|target|F0157|Consensus|stage_a|replicate_1,F-758ffebd8a9b9386ee577a9a4796dbd312046eec,F,target,F0157,Consensus,consensus_stage_a_estimates,1,google/gemma-4-31B-it,58e78f1c5823ab7408018a51d8af9dc2a9ca8bef27b2f860f36acc66da662474,675efa1486e53a4914248132dda701b834c9e26599d8c4c4d7b41db57bfcf2b0,consensus_two_stage_interactive_adaptation_v1,prompt_compiler_v2_split_g_f,1975226626,pending,Q001|Q002|Q003,"{""Q001"": ""consensus_estimate_co2_warms_planet"", ""Q002"": ""consensus_estimate_human_primary_cause"", ""Q003"": ""consensus_estimate_net_zero_before_2085""}",consensus_stage_a,consensus_two_stage_interactive_adaptation_v1,F|target|F0157|Consensus|stage_a|replicate_1,58e78f1c5823ab7408018a51d8af9dc2a9ca8bef27b2f860f36acc66da662474,675efa1486e53a4914248132dda701b834c9e26599d8c4c4d7b41db57bfcf2b0,
F|target|F0158|Consensus|stage_a|replicate_1,F-76e3336a3ccaa164a513147f2adfe3b6d766048c,F,target,F0158,Consensus,consensus_stage_a_estimates,1,google/gemma-4-31B-it,90b93d23d8462bc2013868e72356eb749cae79449c942add9fe82090ed22387c,675efa1486e53a4914248132dda701b834c9e26599d8c4c4d7b41db57bfcf2b0,consensus_two_stage_interactive_adaptation_v1,prompt_compiler_v2_split_g_f,714147898,pending,Q001|Q002|Q003,"{""Q001"": ""consensus_estimate_co2_warms_planet"", ""Q002"": ""consensus_estimate_human_primary_cause"", ""Q003"": ""consensus_estimate_net_zero_before_2085""}",consensus_stage_a,consensus_two_stage_interactive_adaptation_v1,F|target|F0158|Consensus|stage_a|replicate_1,90b93d23d8462bc2013868e72356eb749cae79449c942add9fe82090ed22387c,675efa1486e53a4914248132dda701b834c9e26599d8c4c4d7b41db57bfcf2b0,
F|target|F0159|Consensus|stage_a|replicate_1,F-aea2d58ec76473da3faab1bfdb8dcde63f13d4f4,F,target,F0159,Consensus,consensus_stage_a_estimates,1,google/gemma-4-31B-it,c95c1a2cf56e95d0e84c068bb9924d88c9d8dd377a4df577eef26174978f1b86,675efa1486e53a4914248132dda701b834c9e26599d8c4c4d7b41db57bfcf2b0,consensus_two_stage_interactive_adaptation_v1,prompt_compiler_v2_split_g_f,615128826,pending,Q001|Q002|Q003,"{""Q001"": ""consensus_estimate_co2_warms_planet"", ""Q002"": ""consensus_estimate_human_primary_cause"", ""Q003"": ""consensus_estimate_net_zero_before_2085""}",consensus_stage_a,consensus_two_stage_interactive_adaptation_v1,F|target|F0159|Consensus|stage_a|replicate_1,c95c1a2cf56e95d0e84c068bb9924d88c9d8dd377a4df577eef26174978f1b86,675efa1486e53a4914248132dda701b834c9e26599d8c4c4d7b41db57bfcf2b0,
F|target|F0160|Consensus|stage_a|replicate_1,F-38ba980ec148305a0ca46c563235cf58e1fce89e,F,target,F0160,Consensus,consensus_stage_a_estimates,1,google/gemma-4-31B-it,a5ebff21e9562ba1442778dc99897f914f1fb9ae9e352381de500365f8751c43,675efa1486e53a4914248132dda701b834c9e26599d8c4c4d7b41db57bfcf2b0,consensus_two_stage_interactive_adaptation_v1,prompt_compiler_v2_split_g_f,851271800,pending,Q001|Q002|Q003,"{""Q001"": ""consensus_estimate_net_zero_before_2085"", ""Q002"": ""consensus_estimate_co2_warms_planet"", ""Q003"": ""consensus_estimate_human_primary_cause""}",consensus_stage_a,consensus_two_stage_interactive_adaptation_v1,F|target|F0160|Consensus|stage_a|replicate_1,a5ebff21e9562ba1442778dc99897f914f1fb9ae9e352381de500365f8751c43,675efa1486e53a4914248132dda701b834c9e26599d8c4c4d7b41db57bfcf2b0,
F|target|F0161|Consensus|stage_a|replicate_1,F-0382c5b0453a07eb7cdf43ff94c3617d3e7f8611,F,target,F0161,Consensus,consensus_stage_a_estimates,1,google/gemma-4-31B-it,959003d5cd5c4a631181b3c7b27f8b6c1cd4639380b8f778f2962a8942f5fd3a,675efa1486e53a4914248132dda701b834c9e26599d8c4c4d7b41db57bfcf2b0,consensus_two_stage_interactive_adaptation_v1,prompt_compiler_v2_split_g_f,1279234891,pending,Q001|Q002|Q003,"{""Q001"": ""consensus_estimate_co2_warms_planet"", ""Q002"": ""consensus_estimate_net_zero_before_2085"", ""Q003"": ""consensus_estimate_human_primary_cause""}",consensus_stage_a,consensus_two_stage_interactive_adaptation_v1,F|target|F0161|Consensus|stage_a|replicate_1,959003d5cd5c4a631181b3c7b27f8b6c1cd4639380b8f778f2962a8942f5fd3a,675efa1486e53a4914248132dda701b834c9e26599d8c4c4d7b41db57bfcf2b0,
F|target|F0162|Consensus|stage_a|replicate_1,F-91629e2fdedd3c7a7fa444433c90147b909b17bc,F,target,F0162,Consensus,consensus_stage_a_estimates,1,google/gemma-4-31B-it,cc413f23e861fe02a5cc0e8020d666efb0dacf4359fc929a8e604de0c40c9d17,675efa1486e53a4914248132dda701b834c9e26599d8c4c4d7b41db57bfcf2b0,consensus_two_stage_interactive_adaptation_v1,prompt_compiler_v2_split_g_f,27424988,pending,Q001|Q002|Q003,"{""Q001"": ""consensus_estimate_net_zero_before_2085"", ""Q002"": ""consensus_estimate_human_primary_cause"", ""Q003"": ""consensus_estimate_co2_warms_planet""}",consensus_stage_a,consensus_two_stage_interactive_adaptation_v1,F|target|F0162|Consensus|stage_a|replicate_1,cc413f23e861fe02a5cc0e8020d666efb0dacf4359fc929a8e604de0c40c9d17,675efa1486e53a4914248132dda701b834c9e26599d8c4c4d7b41db57bfcf2b0,
F|target|F0163|Consensus|stage_a|replicate_1,F-c2d825422e92822238b4ee878ad88fdcc0d8877c,F,target,F0163,Consensus,consensus_stage_a_estimates,1,google/gemma-4-31B-it,f44dd4ff81286029ef0ee673331d101b7bededcbe2a736ca197c731b58ec59a6,675efa1486e53a4914248132dda701b834c9e26599d8c4c4d7b41db57bfcf2b0,consensus_two_stage_interactive_adaptation_v1,prompt_compiler_v2_split_g_f,876793001,pending,Q001|Q002|Q003,"{""Q001"": ""consensus_estimate_human_primary_cause"", ""Q002"": ""consensus_estimate_co2_warms_planet"", ""Q003"": ""consensus_estimate_net_zero_before_2085""}",consensus_stage_a,consensus_two_stage_interactive_adaptation_v1,F|target|F0163|Consensus|stage_a|replicate_1,f44dd4ff81286029ef0ee673331d101b7bededcbe2a736ca197c731b58ec59a6,675efa1486e53a4914248132dda701b834c9e26599d8c4c4d7b41db57bfcf2b0,
F|target|F0164|Consensus|stage_a|replicate_1,F-f0ab6b6accea37a5980c4869e3c96906907939b0,F,target,F0164,Consensus,consensus_stage_a_estimates,1,google/gemma-4-31B-it,aac08e4da4ac1c491589b688addd46eae4875a1f9b8eeda36e5f52d7b0539e4b,675efa1486e53a4914248132dda701b834c9e26599d8c4c4d7b41db57bfcf2b0,consensus_two_stage_interactive_adaptation_v1,prompt_compiler_v2_split_g_f,776015486,pending,Q001|Q002|Q003,"{""Q001"": ""consensus_estimate_net_zero_before_2085"", ""Q002"": ""consensus_estimate_co2_warms_planet"", ""Q003"": ""consensus_estimate_human_primary_cause""}",consensus_stage_a,consensus_two_stage_interactive_adaptation_v1,F|target|F0164|Consensus|stage_a|replicate_1,aac08e4da4ac1c491589b688addd46eae4875a1f9b8eeda36e5f52d7b0539e4b,675efa1486e53a4914248132dda701b834c9e26599d8c4c4d7b41db57bfcf2b0,
F|target|F0165|Consensus|stage_a|replicate_1,F-ed01208f8701ad6e2d24c407e4005905bb0e48c5,F,target,F0165,Consensus,consensus_stage_a_estimates,1,google/gemma-4-31B-it,9aa262a975a73cff92ac12e18dd843f8d03c5c874887b6ff6dd80ca64d578dcb,675efa1486e53a4914248132dda701b834c9e26599d8c4c4d7b41db57bfcf2b0,consensus_two_stage_interactive_adaptation_v1,prompt_compiler_v2_split_g_f,1627647632,pending,Q001|Q002|Q003,"{""Q001"": ""consensus_estimate_co2_warms_planet"", ""Q002"": ""consensus_estimate_net_zero_before_2085"", ""Q003"": ""consensus_estimate_human_primary_cause""}",consensus_stage_a,consensus_two_stage_interactive_adaptation_v1,F|target|F0165|Consensus|stage_a|replicate_1,9aa262a975a73cff92ac12e18dd843f8d03c5c874887b6ff6dd80ca64d578dcb,675efa1486e53a4914248132dda701b834c9e26599d8c4c4d7b41db57bfcf2b0,
F|target|F0166|Consensus|stage_a|replicate_1,F-e654354150e681f7f22fcb833023d5a83aa12333,F,target,F0166,Consensus,consensus_stage_a_estimates,1,google/gemma-4-31B-it,da293f5a815d355f64ed1537022102f6a6be4f8bf63d1239505ec4610c394de5,675efa1486e53a4914248132dda701b834c9e26599d8c4c4d7b41db57bfcf2b0,consensus_two_stage_interactive_adaptation_v1,prompt_compiler_v2_split_g_f,495905917,pending,Q001|Q002|Q003,"{""Q001"": ""consensus_estimate_net_zero_before_2085"", ""Q002"": ""consensus_estimate_human_primary_cause"", ""Q003"": ""consensus_estimate_co2_warms_planet""}",consensus_stage_a,consensus_two_stage_interactive_adaptation_v1,F|target|F0166|Consensus|stage_a|replicate_1,da293f5a815d355f64ed1537022102f6a6be4f8bf63d1239505ec4610c394de5,675efa1486e53a4914248132dda701b834c9e26599d8c4c4d7b41db57bfcf2b0,
F|target|F0167|Consensus|stage_a|replicate_1,F-1e1565ff728a95eb1ef3f2c659d31bc328a1acbe,F,target,F0167,Consensus,consensus_stage_a_estimates,1,google/gemma-4-31B-it,9c7bef3e9c6fac4e32b3c3bad3999dc15882e5f5bcbcd2cca46262f1cdf788f1,675efa1486e53a4914248132dda701b834c9e26599d8c4c4d7b41db57bfcf2b0,consensus_two_stage_interactive_adaptation_v1,prompt_compiler_v2_split_g_f,783639018,pending,Q001|Q002|Q003,"{""Q001"": ""consensus_estimate_co2_warms_planet"", ""Q002"": ""consensus_estimate_net_zero_before_2085"", ""Q003"": ""consensus_estimate_human_primary_cause""}",consensus_stage_a,consensus_two_stage_interactive_adaptation_v1,F|target|F0167|Consensus|stage_a|replicate_1,9c7bef3e9c6fac4e32b3c3bad3999dc15882e5f5bcbcd2cca46262f1cdf788f1,675efa1486e53a4914248132dda701b834c9e26599d8c4c4d7b41db57bfcf2b0,
F|target|F0168|Consensus|stage_a|replicate_1,F-3da229305cd03f53ffafc57bea8fa6ed55b1e03f,F,target,F0168,Consensus,consensus_stage_a_estimates,1,google/gemma-4-31B-it,34be051f7d6fefcce6a935d347589c95445f6994903378d93b50a9f2714886a0,675efa1486e53a4914248132dda701b834c9e26599d8c4c4d7b41db57bfcf2b0,consensus_two_stage_interactive_adaptation_v1,prompt_compiler_v2_split_g_f,1477743028,pending,Q001|Q002|Q003,"{""Q001"": ""consensus_estimate_co2_warms_planet"", ""Q002"": ""consensus_estimate_human_primary_cause"", ""Q003"": ""consensus_estimate_net_zero_before_2085""}",consensus_stage_a,consensus_two_stage_interactive_adaptation_v1,F|target|F0168|Consensus|stage_a|replicate_1,34be051f7d6fefcce6a935d347589c95445f6994903378d93b50a9f2714886a0,675efa1486e53a4914248132dda701b834c9e26599d8c4c4d7b41db57bfcf2b0,
F|target|F0169|Consensus|stage_a|replicate_1,F-a33422125aa4e3f109be6258e60c4444f24797c7,F,target,F0169,Consensus,consensus_stage_a_estimates,1,google/gemma-4-31B-it,5be55c0802de5e10a2f85cc1b6e56b318b2de8295460f06de94de45a20ad6efa,675efa1486e53a4914248132dda701b834c9e26599d8c4c4d7b41db57bfcf2b0,consensus_two_stage_interactive_adaptation_v1,prompt_compiler_v2_split_g_f,554510360,pending,Q001|Q002|Q003,"{""Q001"": ""consensus_estimate_co2_warms_planet"", ""Q002"": ""consensus_estimate_human_primary_cause"", ""Q003"": ""consensus_estimate_net_zero_before_2085""}",consensus_stage_a,consensus_two_stage_interactive_adaptation_v1,F|target|F0169|Consensus|stage_a|replicate_1,5be55c0802de5e10a2f85cc1b6e56b318b2de8295460f06de94de45a20ad6efa,675efa1486e53a4914248132dda701b834c9e26599d8c4c4d7b41db57bfcf2b0,
F|target|F0170|Consensus|stage_a|replicate_1,F-fde59022ac7e4188438deaf98215c6c1fc815d76,F,target,F0170,Consensus,consensus_stage_a_estimates,1,google/gemma-4-31B-it,c4a024b71f6076d40f66323dcc6df3c1b53bc9ad347fd364ba21f1883a0a07ab,675efa1486e53a4914248132dda701b834c9e26599d8c4c4d7b41db57bfcf2b0,consensus_two_stage_interactive_adaptation_v1,prompt_compiler_v2_split_g_f,675897809,pending,Q001|Q002|Q003,"{""Q001"": ""consensus_estimate_human_primary_cause"", ""Q002"": ""consensus_estimate_co2_warms_planet"", ""Q003"": ""consensus_estimate_net_zero_before_2085""}",consensus_stage_a,consensus_two_stage_interactive_adaptation_v1,F|target|F0170|Consensus|stage_a|replicate_1,c4a024b71f6076d40f66323dcc6df3c1b53bc9ad347fd364ba21f1883a0a07ab,675efa1486e53a4914248132dda701b834c9e26599d8c4c4d7b41db57bfcf2b0,
F|target|F0171|Consensus|stage_a|replicate_1,F-578ad60e5766ac9b90c4b511cd523f8b9a273898,F,target,F0171,Consensus,consensus_stage_a_estimates,1,google/gemma-4-31B-it,92d12966c1a75322f9115293779456b409127ba5adb5eff70e5649a9dc8ce5ba,675efa1486e53a4914248132dda701b834c9e26599d8c4c4d7b41db57bfcf2b0,consensus_two_stage_interactive_adaptation_v1,prompt_compiler_v2_split_g_f,108812473,pending,Q001|Q002|Q003,"{""Q001"": ""consensus_estimate_human_primary_cause"", ""Q002"": ""consensus_estimate_net_zero_before_2085"", ""Q003"": ""consensus_estimate_co2_warms_planet""}",consensus_stage_a,consensus_two_stage_interactive_adaptation_v1,F|target|F0171|Consensus|stage_a|replicate_1,92d12966c1a75322f9115293779456b409127ba5adb5eff70e5649a9dc8ce5ba,675efa1486e53a4914248132dda701b834c9e26599d8c4c4d7b41db57bfcf2b0,
F|target|F0172|Consensus|stage_a|replicate_1,F-4a4e11b6742c20130ac2310c26555f1eac7953eb,F,target,F0172,Consensus,consensus_stage_a_estimates,1,google/gemma-4-31B-it,0779550d405e1acc0905b549b7f70f068f7a6c54508d097a0c2c679f74371e1d,675efa1486e53a4914248132dda701b834c9e26599d8c4c4d7b41db57bfcf2b0,consensus_two_stage_interactive_adaptation_v1,prompt_compiler_v2_split_g_f,147342209,pending,Q001|Q002|Q003,"{""Q001"": ""consensus_estimate_net_zero_before_2085"", ""Q002"": ""consensus_estimate_co2_warms_planet"", ""Q003"": ""consensus_estimate_human_primary_cause""}",consensus_stage_a,consensus_two_stage_interactive_adaptation_v1,F|target|F0172|Consensus|stage_a|replicate_1,0779550d405e1acc0905b549b7f70f068f7a6c54508d097a0c2c679f74371e1d,675efa1486e53a4914248132dda701b834c9e26599d8c4c4d7b41db57bfcf2b0,
F|target|F0173|Consensus|stage_a|replicate_1,F-71428cfd4465730ce521c75af3817d434118aa51,F,target,F0173,Consensus,consensus_stage_a_estimates,1,google/gemma-4-31B-it,8a79e5a7200f8768c32fb27262d384553224225c6fb39b6821e13147cd8a4e0b,675efa1486e53a4914248132dda701b834c9e26599d8c4c4d7b41db57bfcf2b0,consensus_two_stage_interactive_adaptation_v1,prompt_compiler_v2_split_g_f,652905736,pending,Q001|Q002|Q003,"{""Q001"": ""consensus_estimate_net_zero_before_2085"", ""Q002"": ""consensus_estimate_co2_warms_planet"", ""Q003"": ""consensus_estimate_human_primary_cause""}",consensus_stage_a,consensus_two_stage_interactive_adaptation_v1,F|target|F0173|Consensus|stage_a|replicate_1,8a79e5a7200f8768c32fb27262d384553224225c6fb39b6821e13147cd8a4e0b,675efa1486e53a4914248132dda701b834c9e26599d8c4c4d7b41db57bfcf2b0,
F|target|F0174|Consensus|stage_a|replicate_1,F-e3ea393e7034ea03724271a7c66956346a7657a0,F,target,F0174,Consensus,consensus_stage_a_estimates,1,google/gemma-4-31B-it,1089d2ad1047909ec7d6e1431903467e69dd68a52608b3a073a6007c071d784e,675efa1486e53a4914248132dda701b834c9e26599d8c4c4d7b41db57bfcf2b0,consensus_two_stage_interactive_adaptation_v1,prompt_compiler_v2_split_g_f,940137603,pending,Q001|Q002|Q003,"{""Q001"": ""consensus_estimate_net_zero_before_2085"", ""Q002"": ""consensus_estimate_co2_warms_planet"", ""Q003"": ""consensus_estimate_human_primary_cause""}",consensus_stage_a,consensus_two_stage_interactive_adaptation_v1,F|target|F0174|Consensus|stage_a|replicate_1,1089d2ad1047909ec7d6e1431903467e69dd68a52608b3a073a6007c071d784e,675efa1486e53a4914248132dda701b834c9e26599d8c4c4d7b41db57bfcf2b0,
F|target|F0175|Consensus|stage_a|replicate_1,F-a3158776a124eb4260b68cb429b78571c3890cda,F,target,F0175,Consensus,consensus_stage_a_estimates,1,google/gemma-4-31B-it,625d748a1b3f3f77242a4280fabca2857840f1b23c2e1bc5eafffb4932f0af7a,675efa1486e53a4914248132dda701b834c9e26599d8c4c4d7b41db57bfcf2b0,consensus_two_stage_interactive_adaptation_v1,prompt_compiler_v2_split_g_f,1733294641,pending,Q001|Q002|Q003,"{""Q001"": ""consensus_estimate_co2_warms_planet"", ""Q002"": ""consensus_estimate_human_primary_cause"", ""Q003"": ""consensus_estimate_net_zero_before_2085""}",consensus_stage_a,consensus_two_stage_interactive_adaptation_v1,F|target|F0175|Consensus|stage_a|replicate_1,625d748a1b3f3f77242a4280fabca2857840f1b23c2e1bc5eafffb4932f0af7a,675efa1486e53a4914248132dda701b834c9e26599d8c4c4d7b41db57bfcf2b0,
F|target|F0176|Consensus|stage_a|replicate_1,F-8ed5eb78492a8e84daf1fd892fe7db5375c46de3,F,target,F0176,Consensus,consensus_stage_a_estimates,1,google/gemma-4-31B-it,eed5188ea014b391c79d8d742ceb292abed3124f18c2a882df5c55be1ad3c13e,675efa1486e53a4914248132dda701b834c9e26599d8c4c4d7b41db57bfcf2b0,consensus_two_stage_interactive_adaptation_v1,prompt_compiler_v2_split_g_f,1725326710,pending,Q001|Q002|Q003,"{""Q001"": ""consensus_estimate_net_zero_before_2085"", ""Q002"": ""consensus_estimate_co2_warms_planet"", ""Q003"": ""consensus_estimate_human_primary_cause""}",consensus_stage_a,consensus_two_stage_interactive_adaptation_v1,F|target|F0176|Consensus|stage_a|replicate_1,eed5188ea014b391c79d8d742ceb292abed3124f18c2a882df5c55be1ad3c13e,675efa1486e53a4914248132dda701b834c9e26599d8c4c4d7b41db57bfcf2b0,
F|target|F0177|Consensus|stage_a|replicate_1,F-3948cc40e90de04f3ad617f4485edced9e54ec10,F,target,F0177,Consensus,consensus_stage_a_estimates,1,google/gemma-4-31B-it,0f649c727f2c3cd630441578486ce2ac4cd8b5829698aafe279e395d8c6fc5f9,675efa1486e53a4914248132dda701b834c9e26599d8c4c4d7b41db57bfcf2b0,consensus_two_stage_interactive_adaptation_v1,prompt_compiler_v2_split_g_f,1537177809,pending,Q001|Q002|Q003,"{""Q001"": ""consensus_estimate_co2_warms_planet"", ""Q002"": ""consensus_estimate_net_zero_before_2085"", ""Q003"": ""consensus_estimate_human_primary_cause""}",consensus_stage_a,consensus_two_stage_interactive_adaptation_v1,F|target|F0177|Consensus|stage_a|replicate_1,0f649c727f2c3cd630441578486ce2ac4cd8b5829698aafe279e395d8c6fc5f9,675efa1486e53a4914248132dda701b834c9e26599d8c4c4d7b41db57bfcf2b0,
F|target|F0178|Consensus|stage_a|replicate_1,F-6c8d31ec8692e9472ad099bfd8bd9ae588432c20,F,target,F0178,Consensus,consensus_stage_a_estimates,1,google/gemma-4-31B-it,41b00ceb64917cfb8c65831ed8e4004ce637d6ab6f45859f37377fb2eb161f06,675efa1486e53a4914248132dda701b834c9e26599d8c4c4d7b41db57bfcf2b0,consensus_two_stage_interactive_adaptation_v1,prompt_compiler_v2_split_g_f,1605192993,pending,Q001|Q002|Q003,"{""Q001"": ""consensus_estimate_co2_warms_planet"", ""Q002"": ""consensus_estimate_net_zero_before_2085"", ""Q003"": ""consensus_estimate_human_primary_cause""}",consensus_stage_a,consensus_two_stage_interactive_adaptation_v1,F|target|F0178|Consensus|stage_a|replicate_1,41b00ceb64917cfb8c65831ed8e4004ce637d6ab6f45859f37377fb2eb161f06,675efa1486e53a4914248132dda701b834c9e26599d8c4c4d7b41db57bfcf2b0,
F|target|F0179|Consensus|stage_a|replicate_1,F-0ece4fde978afa130fe5ef2d265f67e9ef2cbe2d,F,target,F0179,Consensus,consensus_stage_a_estimates,1,google/gemma-4-31B-it,476cace604ad8661e02bc05b05a721597e3c00eebb59ac9009a3d54ed8b367a3,675efa1486e53a4914248132dda701b834c9e26599d8c4c4d7b41db57bfcf2b0,consensus_two_stage_interactive_adaptation_v1,prompt_compiler_v2_split_g_f,891787728,pending,Q001|Q002|Q003,"{""Q001"": ""consensus_estimate_human_primary_cause"", ""Q002"": ""consensus_estimate_co2_warms_planet"", ""Q003"": ""consensus_estimate_net_zero_before_2085""}",consensus_stage_a,consensus_two_stage_interactive_adaptation_v1,F|target|F0179|Consensus|stage_a|replicate_1,476cace604ad8661e02bc05b05a721597e3c00eebb59ac9009a3d54ed8b367a3,675efa1486e53a4914248132dda701b834c9e26599d8c4c4d7b41db57bfcf2b0,
F|target|F0180|Consensus|stage_a|replicate_1,F-1ee962174e044ff4d3e09dd8481e1cf4b735f83c,F,target,F0180,Consensus,consensus_stage_a_estimates,1,google/gemma-4-31B-it,a2e7baca336f9cc6d14fbda90fd4960cb7d8b7da24e43ab612d1472318ac20e8,675efa1486e53a4914248132dda701b834c9e26599d8c4c4d7b41db57bfcf2b0,consensus_two_stage_interactive_adaptation_v1,prompt_compiler_v2_split_g_f,198644771,pending,Q001|Q002|Q003,"{""Q001"": ""consensus_estimate_net_zero_before_2085"", ""Q002"": ""consensus_estimate_human_primary_cause"", ""Q003"": ""consensus_estimate_co2_warms_planet""}",consensus_stage_a,consensus_two_stage_interactive_adaptation_v1,F|target|F0180|Consensus|stage_a|replicate_1,a2e7baca336f9cc6d14fbda90fd4960cb7d8b7da24e43ab612d1472318ac20e8,675efa1486e53a4914248132dda701b834c9e26599d8c4c4d7b41db57bfcf2b0,
F|target|F0181|Consensus|stage_a|replicate_1,F-b5d42e3016609c3f3e66c040c3c34c75b6625d2e,F,target,F0181,Consensus,consensus_stage_a_estimates,1,google/gemma-4-31B-it,b66cac704e009c5e98633b84c183096cccce053782ffb131302c0d4362592e5b,675efa1486e53a4914248132dda701b834c9e26599d8c4c4d7b41db57bfcf2b0,consensus_two_stage_interactive_adaptation_v1,prompt_compiler_v2_split_g_f,34142370,pending,Q001|Q002|Q003,"{""Q001"": ""consensus_estimate_net_zero_before_2085"", ""Q002"": ""consensus_estimate_co2_warms_planet"", ""Q003"": ""consensus_estimate_human_primary_cause""}",consensus_stage_a,consensus_two_stage_interactive_adaptation_v1,F|target|F0181|Consensus|stage_a|replicate_1,b66cac704e009c5e98633b84c183096cccce053782ffb131302c0d4362592e5b,675efa1486e53a4914248132dda701b834c9e26599d8c4c4d7b41db57bfcf2b0,
F|target|F0182|Consensus|stage_a|replicate_1,F-18d0b42069fab64fa4ef52700f5c7bd20d171ed0,F,target,F0182,Consensus,consensus_stage_a_estimates,1,google/gemma-4-31B-it,95507e1b158d8e72a3e61b0f955d5a637730131ea7a10b105becde7ee971c115,675efa1486e53a4914248132dda701b834c9e26599d8c4c4d7b41db57bfcf2b0,consensus_two_stage_interactive_adaptation_v1,prompt_compiler_v2_split_g_f,463216272,pending,Q001|Q002|Q003,"{""Q001"": ""consensus_estimate_human_primary_cause"", ""Q002"": ""consensus_estimate_net_zero_before_2085"", ""Q003"": ""consensus_estimate_co2_warms_planet""}",consensus_stage_a,consensus_two_stage_interactive_adaptation_v1,F|target|F0182|Consensus|stage_a|replicate_1,95507e1b158d8e72a3e61b0f955d5a637730131ea7a10b105becde7ee971c115,675efa1486e53a4914248132dda701b834c9e26599d8c4c4d7b41db57bfcf2b0,
F|target|F0183|Consensus|stage_a|replicate_1,F-d76b5c7487769681703f37358e2bb46469c1249e,F,target,F0183,Consensus,consensus_stage_a_estimates,1,google/gemma-4-31B-it,82d1afa8c2f8123e6228759d8a8e13f0b6c9cacff405bbc91a239592f3eaec95,675efa1486e53a4914248132dda701b834c9e26599d8c4c4d7b41db57bfcf2b0,consensus_two_stage_interactive_adaptation_v1,prompt_compiler_v2_split_g_f,911036269,pending,Q001|Q002|Q003,"{""Q001"": ""consensus_estimate_net_zero_before_2085"", ""Q002"": ""consensus_estimate_human_primary_cause"", ""Q003"": ""consensus_estimate_co2_warms_planet""}",consensus_stage_a,consensus_two_stage_interactive_adaptation_v1,F|target|F0183|Consensus|stage_a|replicate_1,82d1afa8c2f8123e6228759d8a8e13f0b6c9cacff405bbc91a239592f3eaec95,675efa1486e53a4914248132dda701b834c9e26599d8c4c4d7b41db57bfcf2b0,
F|target|F0184|Consensus|stage_a|replicate_1,F-1ceb1f1c8b04ab0cdd5ec5df7d2d0b29495eb7f1,F,target,F0184,Consensus,consensus_stage_a_estimates,1,google/gemma-4-31B-it,9c2698c934f6ebefbd2f0ac350048c7e8fe5309d5e981d0facfca12e0b7f5956,675efa1486e53a4914248132dda701b834c9e26599d8c4c4d7b41db57bfcf2b0,consensus_two_stage_interactive_adaptation_v1,prompt_compiler_v2_split_g_f,1155197253,pending,Q001|Q002|Q003,"{""Q001"": ""consensus_estimate_co2_warms_planet"", ""Q002"": ""consensus_estimate_human_primary_cause"", ""Q003"": ""consensus_estimate_net_zero_before_2085""}",consensus_stage_a,consensus_two_stage_interactive_adaptation_v1,F|target|F0184|Consensus|stage_a|replicate_1,9c2698c934f6ebefbd2f0ac350048c7e8fe5309d5e981d0facfca12e0b7f5956,675efa1486e53a4914248132dda701b834c9e26599d8c4c4d7b41db57bfcf2b0,
F|target|F0185|Consensus|stage_a|replicate_1,F-9929ad1272fcbda3ea973fafedd0b2c1446ed8a5,F,target,F0185,Consensus,consensus_stage_a_estimates,1,google/gemma-4-31B-it,94c57dc5395c9cfc12f62a38cc956a2481a9bc5de38d60eb81667dd3608fb934,675efa1486e53a4914248132dda701b834c9e26599d8c4c4d7b41db57bfcf2b0,consensus_two_stage_interactive_adaptation_v1,prompt_compiler_v2_split_g_f,626005962,pending,Q001|Q002|Q003,"{""Q001"": ""consensus_estimate_net_zero_before_2085"", ""Q002"": ""consensus_estimate_human_primary_cause"", ""Q003"": ""consensus_estimate_co2_warms_planet""}",consensus_stage_a,consensus_two_stage_interactive_adaptation_v1,F|target|F0185|Consensus|stage_a|replicate_1,94c57dc5395c9cfc12f62a38cc956a2481a9bc5de38d60eb81667dd3608fb934,675efa1486e53a4914248132dda701b834c9e26599d8c4c4d7b41db57bfcf2b0,
F|target|F0186|Consensus|stage_a|replicate_1,F-a6a5e69d11d8f405cc3398fabd52bf463b2c0732,F,target,F0186,Consensus,consensus_stage_a_estimates,1,google/gemma-4-31B-it,e1d0e557054ddc569700fb4ffe7a5382fb128acb030fffdde6d1721826322a8e,675efa1486e53a4914248132dda701b834c9e26599d8c4c4d7b41db57bfcf2b0,consensus_two_stage_interactive_adaptation_v1,prompt_compiler_v2_split_g_f,1596244289,pending,Q001|Q002|Q003,"{""Q001"": ""consensus_estimate_co2_warms_planet"", ""Q002"": ""consensus_estimate_net_zero_before_2085"", ""Q003"": ""consensus_estimate_human_primary_cause""}",consensus_stage_a,consensus_two_stage_interactive_adaptation_v1,F|target|F0186|Consensus|stage_a|replicate_1,e1d0e557054ddc569700fb4ffe7a5382fb128acb030fffdde6d1721826322a8e,675efa1486e53a4914248132dda701b834c9e26599d8c4c4d7b41db57bfcf2b0,
F|target|F0187|Consensus|stage_a|replicate_1,F-fafbaa7d2e9714e4605ecfa77ec2e58135d722a9,F,target,F0187,Consensus,consensus_stage_a_estimates,1,google/gemma-4-31B-it,5bca17ebc9d4b75a01f79afbc4ac3538f68bcfd7a09a45d1a34e61fc20dc2da1,675efa1486e53a4914248132dda701b834c9e26599d8c4c4d7b41db57bfcf2b0,consensus_two_stage_interactive_adaptation_v1,prompt_compiler_v2_split_g_f,613312994,pending,Q001|Q002|Q003,"{""Q001"": ""consensus_estimate_human_primary_cause"", ""Q002"": ""consensus_estimate_net_zero_before_2085"", ""Q003"": ""consensus_estimate_co2_warms_planet""}",consensus_stage_a,consensus_two_stage_interactive_adaptation_v1,F|target|F0187|Consensus|stage_a|replicate_1,5bca17ebc9d4b75a01f79afbc4ac3538f68bcfd7a09a45d1a34e61fc20dc2da1,675efa1486e53a4914248132dda701b834c9e26599d8c4c4d7b41db57bfcf2b0,
F|target|F0188|Consensus|stage_a|replicate_1,F-8b278b542234484e969408e800e2a6af6f8f9fe2,F,target,F0188,Consensus,consensus_stage_a_estimates,1,google/gemma-4-31B-it,0d90fe1ccf79c42e5b9ffb34b6195dda896d40c3fe74f9cc53296f798c97b640,675efa1486e53a4914248132dda701b834c9e26599d8c4c4d7b41db57bfcf2b0,consensus_two_stage_interactive_adaptation_v1,prompt_compiler_v2_split_g_f,948133624,pending,Q001|Q002|Q003,"{""Q001"": ""consensus_estimate_human_primary_cause"", ""Q002"": ""consensus_estimate_net_zero_before_2085"", ""Q003"": ""consensus_estimate_co2_warms_planet""}",consensus_stage_a,consensus_two_stage_interactive_adaptation_v1,F|target|F0188|Consensus|stage_a|replicate_1,0d90fe1ccf79c42e5b9ffb34b6195dda896d40c3fe74f9cc53296f798c97b640,675efa1486e53a4914248132dda701b834c9e26599d8c4c4d7b41db57bfcf2b0,
F|target|F0189|Consensus|stage_a|replicate_1,F-ab101eaaaabb14282a9cc61e6837f330e63c5738,F,target,F0189,Consensus,consensus_stage_a_estimates,1,google/gemma-4-31B-it,080aa99a322e260fbfbee460945a5d580e16977675c660375f1443fd10cfc98a,675efa1486e53a4914248132dda701b834c9e26599d8c4c4d7b41db57bfcf2b0,consensus_two_stage_interactive_adaptation_v1,prompt_compiler_v2_split_g_f,14373248,pending,Q001|Q002|Q003,"{""Q001"": ""consensus_estimate_net_zero_before_2085"", ""Q002"": ""consensus_estimate_co2_warms_planet"", ""Q003"": ""consensus_estimate_human_primary_cause""}",consensus_stage_a,consensus_two_stage_interactive_adaptation_v1,F|target|F0189|Consensus|stage_a|replicate_1,080aa99a322e260fbfbee460945a5d580e16977675c660375f1443fd10cfc98a,675efa1486e53a4914248132dda701b834c9e26599d8c4c4d7b41db57bfcf2b0,
F|target|F0190|Consensus|stage_a|replicate_1,F-6900d192f7c4ac170daed33a5b7c5a4215596342,F,target,F0190,Consensus,consensus_stage_a_estimates,1,google/gemma-4-31B-it,7079ef82f27720d48cf4a26c8f2c6ef75036ea561b2aa4ba556a76d5c35ac818,675efa1486e53a4914248132dda701b834c9e26599d8c4c4d7b41db57bfcf2b0,consensus_two_stage_interactive_adaptation_v1,prompt_compiler_v2_split_g_f,1237733182,pending,Q001|Q002|Q003,"{""Q001"": ""consensus_estimate_human_primary_cause"", ""Q002"": ""consensus_estimate_co2_warms_planet"", ""Q003"": ""consensus_estimate_net_zero_before_2085""}",consensus_stage_a,consensus_two_stage_interactive_adaptation_v1,F|target|F0190|Consensus|stage_a|replicate_1,7079ef82f27720d48cf4a26c8f2c6ef75036ea561b2aa4ba556a76d5c35ac818,675efa1486e53a4914248132dda701b834c9e26599d8c4c4d7b41db57bfcf2b0,
F|target|F0191|Consensus|stage_a|replicate_1,F-0fdceb77d9221e54043498cf0c1ea69bd336dba8,F,target,F0191,Consensus,consensus_stage_a_estimates,1,google/gemma-4-31B-it,fbb61a8260e215409638be5767c4ae7ee26c1046f36f079d4978011b5f8df5f7,675efa1486e53a4914248132dda701b834c9e26599d8c4c4d7b41db57bfcf2b0,consensus_two_stage_interactive_adaptation_v1,prompt_compiler_v2_split_g_f,2027681091,pending,Q001|Q002|Q003,"{""Q001"": ""consensus_estimate_co2_warms_planet"", ""Q002"": ""consensus_estimate_net_zero_before_2085"", ""Q003"": ""consensus_estimate_human_primary_cause""}",consensus_stage_a,consensus_two_stage_interactive_adaptation_v1,F|target|F0191|Consensus|stage_a|replicate_1,fbb61a8260e215409638be5767c4ae7ee26c1046f36f079d4978011b5f8df5f7,675efa1486e53a4914248132dda701b834c9e26599d8c4c4d7b41db57bfcf2b0,
F|target|F0192|Consensus|stage_a|replicate_1,F-37f2e9ab6b28a36e6c5b98115de468dd14ab19fb,F,target,F0192,Consensus,consensus_stage_a_estimates,1,google/gemma-4-31B-it,21bb6232233a048aa09ce01c0830cd6fdf4b8d81d5c02cbd4626d96047eeada3,675efa1486e53a4914248132dda701b834c9e26599d8c4c4d7b41db57bfcf2b0,consensus_two_stage_interactive_adaptation_v1,prompt_compiler_v2_split_g_f,1527674565,pending,Q001|Q002|Q003,"{""Q001"": ""consensus_estimate_human_primary_cause"", ""Q002"": ""consensus_estimate_co2_warms_planet"", ""Q003"": ""consensus_estimate_net_zero_before_2085""}",consensus_stage_a,consensus_two_stage_interactive_adaptation_v1,F|target|F0192|Consensus|stage_a|replicate_1,21bb6232233a048aa09ce01c0830cd6fdf4b8d81d5c02cbd4626d96047eeada3,675efa1486e53a4914248132dda701b834c9e26599d8c4c4d7b41db57bfcf2b0,
F|target|F0193|Consensus|stage_a|replicate_1,F-26196192a731d9e421235ccf7bc950a5ea9ce572,F,target,F0193,Consensus,consensus_stage_a_estimates,1,google/gemma-4-31B-it,dd919007587eeb151c09e6509d31b0ec95f0885412a9644b328dc8aa45cff12a,675efa1486e53a4914248132dda701b834c9e26599d8c4c4d7b41db57bfcf2b0,consensus_two_stage_interactive_adaptation_v1,prompt_compiler_v2_split_g_f,1935973641,pending,Q001|Q002|Q003,"{""Q001"": ""consensus_estimate_co2_warms_planet"", ""Q002"": ""consensus_estimate_human_primary_cause"", ""Q003"": ""consensus_estimate_net_zero_before_2085""}",consensus_stage_a,consensus_two_stage_interactive_adaptation_v1,F|target|F0193|Consensus|stage_a|replicate_1,dd919007587eeb151c09e6509d31b0ec95f0885412a9644b328dc8aa45cff12a,675efa1486e53a4914248132dda701b834c9e26599d8c4c4d7b41db57bfcf2b0,
F|target|F0194|Consensus|stage_a|replicate_1,F-ec5f74fc347e990dee1b4fc058616ff86713a5e9,F,target,F0194,Consensus,consensus_stage_a_estimates,1,google/gemma-4-31B-it,3dbafa8e0bba3dd7f54ddaa58362b435b107ca68324767173be56ae1ad3655e5,675efa1486e53a4914248132dda701b834c9e26599d8c4c4d7b41db57bfcf2b0,consensus_two_stage_interactive_adaptation_v1,prompt_compiler_v2_split_g_f,222135049,pending,Q001|Q002|Q003,"{""Q001"": ""consensus_estimate_human_primary_cause"", ""Q002"": ""consensus_estimate_net_zero_before_2085"", ""Q003"": ""consensus_estimate_co2_warms_planet""}",consensus_stage_a,consensus_two_stage_interactive_adaptation_v1,F|target|F0194|Consensus|stage_a|replicate_1,3dbafa8e0bba3dd7f54ddaa58362b435b107ca68324767173be56ae1ad3655e5,675efa1486e53a4914248132dda701b834c9e26599d8c4c4d7b41db57bfcf2b0,
F|target|F0195|Consensus|stage_a|replicate_1,F-dcc65293feb6f500b6b7239e5d683f576930567f,F,target,F0195,Consensus,consensus_stage_a_estimates,1,google/gemma-4-31B-it,73e05af39d53d074d9b5b7f35fbb72ea7e299ee317095f1cbaa4e995e9a13329,675efa1486e53a4914248132dda701b834c9e26599d8c4c4d7b41db57bfcf2b0,consensus_two_stage_interactive_adaptation_v1,prompt_compiler_v2_split_g_f,943954475,pending,Q001|Q002|Q003,"{""Q001"": ""consensus_estimate_co2_warms_planet"", ""Q002"": ""consensus_estimate_net_zero_before_2085"", ""Q003"": ""consensus_estimate_human_primary_cause""}",consensus_stage_a,consensus_two_stage_interactive_adaptation_v1,F|target|F0195|Consensus|stage_a|replicate_1,73e05af39d53d074d9b5b7f35fbb72ea7e299ee317095f1cbaa4e995e9a13329,675efa1486e53a4914248132dda701b834c9e26599d8c4c4d7b41db57bfcf2b0,
F|target|F0196|Consensus|stage_a|replicate_1,F-fcaf2d4c0751ef3b6db5d748d519fa3d57b17367,F,target,F0196,Consensus,consensus_stage_a_estimates,1,google/gemma-4-31B-it,ca8f00b5d9e4fd5afd74f063aa1136dfa7961488172f3f91907d0a5b4a4f7a1e,675efa1486e53a4914248132dda701b834c9e26599d8c4c4d7b41db57bfcf2b0,consensus_two_stage_interactive_adaptation_v1,prompt_compiler_v2_split_g_f,11553239,pending,Q001|Q002|Q003,"{""Q001"": ""consensus_estimate_net_zero_before_2085"", ""Q002"": ""consensus_estimate_co2_warms_planet"", ""Q003"": ""consensus_estimate_human_primary_cause""}",consensus_stage_a,consensus_two_stage_interactive_adaptation_v1,F|target|F0196|Consensus|stage_a|replicate_1,ca8f00b5d9e4fd5afd74f063aa1136dfa7961488172f3f91907d0a5b4a4f7a1e,675efa1486e53a4914248132dda701b834c9e26599d8c4c4d7b41db57bfcf2b0,
F|target|F0197|Consensus|stage_a|replicate_1,F-4ae0ac6861e5b4dbed399ea6b9fb89bd3d95acc3,F,target,F0197,Consensus,consensus_stage_a_estimates,1,google/gemma-4-31B-it,489dd4176c4302049e0084717cdd1f5d3b93b24e825f7b1e0d82449d410255b8,675efa1486e53a4914248132dda701b834c9e26599d8c4c4d7b41db57bfcf2b0,consensus_two_stage_interactive_adaptation_v1,prompt_compiler_v2_split_g_f,2007436716,pending,Q001|Q002|Q003,"{""Q001"": ""consensus_estimate_co2_warms_planet"", ""Q002"": ""consensus_estimate_human_primary_cause"", ""Q003"": ""consensus_estimate_net_zero_before_2085""}",consensus_stage_a,consensus_two_stage_interactive_adaptation_v1,F|target|F0197|Consensus|stage_a|replicate_1,489dd4176c4302049e0084717cdd1f5d3b93b24e825f7b1e0d82449d410255b8,675efa1486e53a4914248132dda701b834c9e26599d8c4c4d7b41db57bfcf2b0,
F|target|F0198|Consensus|stage_a|replicate_1,F-3a606caf9e06ea2c9eb25dd06c8d05bb61a9d505,F,target,F0198,Consensus,consensus_stage_a_estimates,1,google/gemma-4-31B-it,618b7aa5e173862888dfc3142d5904c2f087a24a47e67ea7ca620b62448951b3,675efa1486e53a4914248132dda701b834c9e26599d8c4c4d7b41db57bfcf2b0,consensus_two_stage_interactive_adaptation_v1,prompt_compiler_v2_split_g_f,315081612,pending,Q001|Q002|Q003,"{""Q001"": ""consensus_estimate_net_zero_before_2085"", ""Q002"": ""consensus_estimate_co2_warms_planet"", ""Q003"": ""consensus_estimate_human_primary_cause""}",consensus_stage_a,consensus_two_stage_interactive_adaptation_v1,F|target|F0198|Consensus|stage_a|replicate_1,618b7aa5e173862888dfc3142d5904c2f087a24a47e67ea7ca620b62448951b3,675efa1486e53a4914248132dda701b834c9e26599d8c4c4d7b41db57bfcf2b0,
F|target|F0199|Consensus|stage_a|replicate_1,F-257428f4f58068df4e26c1f695cae81bd3b8e7cc,F,target,F0199,Consensus,consensus_stage_a_estimates,1,google/gemma-4-31B-it,119dad17338a10a8cf41490625894d7da60df77da6e371d931e50bd1c718e9a5,675efa1486e53a4914248132dda701b834c9e26599d8c4c4d7b41db57bfcf2b0,consensus_two_stage_interactive_adaptation_v1,prompt_compiler_v2_split_g_f,1080605385,pending,Q001|Q002|Q003,"{""Q001"": ""consensus_estimate_human_primary_cause"", ""Q002"": ""consensus_estimate_co2_warms_planet"", ""Q003"": ""consensus_estimate_net_zero_before_2085""}",consensus_stage_a,consensus_two_stage_interactive_adaptation_v1,F|target|F0199|Consensus|stage_a|replicate_1,119dad17338a10a8cf41490625894d7da60df77da6e371d931e50bd1c718e9a5,675efa1486e53a4914248132dda701b834c9e26599d8c4c4d7b41db57bfcf2b0,
F|target|F0200|Consensus|stage_a|replicate_1,F-52fa3f4b056bba4073c9444e8f4aeea7bd449ae0,F,target,F0200,Consensus,consensus_stage_a_estimates,1,google/gemma-4-31B-it,bd90ee550190399a9cb4d5c1afefe47a8ecb7b1841b31dad25b9296da45a5048,675efa1486e53a4914248132dda701b834c9e26599d8c4c4d7b41db57bfcf2b0,consensus_two_stage_interactive_adaptation_v1,prompt_compiler_v2_split_g_f,727726295,pending,Q001|Q002|Q003,"{""Q001"": ""consensus_estimate_net_zero_before_2085"", ""Q002"": ""consensus_estimate_human_primary_cause"", ""Q003"": ""consensus_estimate_co2_warms_planet""}",consensus_stage_a,consensus_two_stage_interactive_adaptation_v1,F|target|F0200|Consensus|stage_a|replicate_1,bd90ee550190399a9cb4d5c1afefe47a8ecb7b1841b31dad25b9296da45a5048,675efa1486e53a4914248132dda701b834c9e26599d8c4c4d7b41db57bfcf2b0,
F|target|F0201|Consensus|stage_a|replicate_1,F-64f54175a86cba19791a7d20cf7a1d779b76f651,F,target,F0201,Consensus,consensus_stage_a_estimates,1,google/gemma-4-31B-it,8be1236a285f211c120e6a83e6a962e98d163e4d7d086cd648f80da2e06b562a,675efa1486e53a4914248132dda701b834c9e26599d8c4c4d7b41db57bfcf2b0,consensus_two_stage_interactive_adaptation_v1,prompt_compiler_v2_split_g_f,1918319877,pending,Q001|Q002|Q003,"{""Q001"": ""consensus_estimate_human_primary_cause"", ""Q002"": ""consensus_estimate_co2_warms_planet"", ""Q003"": ""consensus_estimate_net_zero_before_2085""}",consensus_stage_a,consensus_two_stage_interactive_adaptation_v1,F|target|F0201|Consensus|stage_a|replicate_1,8be1236a285f211c120e6a83e6a962e98d163e4d7d086cd648f80da2e06b562a,675efa1486e53a4914248132dda701b834c9e26599d8c4c4d7b41db57bfcf2b0,
F|target|F0202|Consensus|stage_a|replicate_1,F-e04fb2d0ac924d807569df89a108a134ab7df8e4,F,target,F0202,Consensus,consensus_stage_a_estimates,1,google/gemma-4-31B-it,2156f7c2b3e429fe65c084fdfebe81c0fe0e64044b97c9808da3754ab5198ab3,675efa1486e53a4914248132dda701b834c9e26599d8c4c4d7b41db57bfcf2b0,consensus_two_stage_interactive_adaptation_v1,prompt_compiler_v2_split_g_f,1831973668,pending,Q001|Q002|Q003,"{""Q001"": ""consensus_estimate_co2_warms_planet"", ""Q002"": ""consensus_estimate_human_primary_cause"", ""Q003"": ""consensus_estimate_net_zero_before_2085""}",consensus_stage_a,consensus_two_stage_interactive_adaptation_v1,F|target|F0202|Consensus|stage_a|replicate_1,2156f7c2b3e429fe65c084fdfebe81c0fe0e64044b97c9808da3754ab5198ab3,675efa1486e53a4914248132dda701b834c9e26599d8c4c4d7b41db57bfcf2b0,
F|target|F0203|Consensus|stage_a|replicate_1,F-37ec97b0d084c8af856ce61654a93e18071f6256,F,target,F0203,Consensus,consensus_stage_a_estimates,1,google/gemma-4-31B-it,674b0e68bfcc9a7df0fbf22739fe0b2c2f07d2f2a8dcdcbad0470e50cd17a582,675efa1486e53a4914248132dda701b834c9e26599d8c4c4d7b41db57bfcf2b0,consensus_two_stage_interactive_adaptation_v1,prompt_compiler_v2_split_g_f,1079900177,pending,Q001|Q002|Q003,"{""Q001"": ""consensus_estimate_human_primary_cause"", ""Q002"": ""consensus_estimate_co2_warms_planet"", ""Q003"": ""consensus_estimate_net_zero_before_2085""}",consensus_stage_a,consensus_two_stage_interactive_adaptation_v1,F|target|F0203|Consensus|stage_a|replicate_1,674b0e68bfcc9a7df0fbf22739fe0b2c2f07d2f2a8dcdcbad0470e50cd17a582,675efa1486e53a4914248132dda701b834c9e26599d8c4c4d7b41db57bfcf2b0,
F|target|F0204|Consensus|stage_a|replicate_1,F-499fd7ff11bfa5a5c5de6132a7330724402f7185,F,target,F0204,Consensus,consensus_stage_a_estimates,1,google/gemma-4-31B-it,924c82b278fd1cd7eaa80976d41db55649adbff66020014524ba0b3b01f850ae,675efa1486e53a4914248132dda701b834c9e26599d8c4c4d7b41db57bfcf2b0,consensus_two_stage_interactive_adaptation_v1,prompt_compiler_v2_split_g_f,620713380,pending,Q001|Q002|Q003,"{""Q001"": ""consensus_estimate_human_primary_cause"", ""Q002"": ""consensus_estimate_net_zero_before_2085"", ""Q003"": ""consensus_estimate_co2_warms_planet""}",consensus_stage_a,consensus_two_stage_interactive_adaptation_v1,F|target|F0204|Consensus|stage_a|replicate_1,924c82b278fd1cd7eaa80976d41db55649adbff66020014524ba0b3b01f850ae,675efa1486e53a4914248132dda701b834c9e26599d8c4c4d7b41db57bfcf2b0,
F|target|F0205|Consensus|stage_a|replicate_1,F-d66064fd22986d1f48305290fe453eeee212c634,F,target,F0205,Consensus,consensus_stage_a_estimates,1,google/gemma-4-31B-it,bf92ca1d09be6c9825f9cb9493235b8ce19664e1eca51150676a21ba37adf314,675efa1486e53a4914248132dda701b834c9e26599d8c4c4d7b41db57bfcf2b0,consensus_two_stage_interactive_adaptation_v1,prompt_compiler_v2_split_g_f,1331246876,pending,Q001|Q002|Q003,"{""Q001"": ""consensus_estimate_co2_warms_planet"", ""Q002"": ""consensus_estimate_human_primary_cause"", ""Q003"": ""consensus_estimate_net_zero_before_2085""}",consensus_stage_a,consensus_two_stage_interactive_adaptation_v1,F|target|F0205|Consensus|stage_a|replicate_1,bf92ca1d09be6c9825f9cb9493235b8ce19664e1eca51150676a21ba37adf314,675efa1486e53a4914248132dda701b834c9e26599d8c4c4d7b41db57bfcf2b0,
F|target|F0206|Consensus|stage_a|replicate_1,F-f67e68d061c8fee285b043065ce30579bb8a9a91,F,target,F0206,Consensus,consensus_stage_a_estimates,1,google/gemma-4-31B-it,de7b0f1d65da16f4fa99d56167163617be7a40efcb657651f665df777457a867,675efa1486e53a4914248132dda701b834c9e26599d8c4c4d7b41db57bfcf2b0,consensus_two_stage_interactive_adaptation_v1,prompt_compiler_v2_split_g_f,1321586822,pending,Q001|Q002|Q003,"{""Q001"": ""consensus_estimate_human_primary_cause"", ""Q002"": ""consensus_estimate_co2_warms_planet"", ""Q003"": ""consensus_estimate_net_zero_before_2085""}",consensus_stage_a,consensus_two_stage_interactive_adaptation_v1,F|target|F0206|Consensus|stage_a|replicate_1,de7b0f1d65da16f4fa99d56167163617be7a40efcb657651f665df777457a867,675efa1486e53a4914248132dda701b834c9e26599d8c4c4d7b41db57bfcf2b0,
F|target|F0207|Consensus|stage_a|replicate_1,F-cf203460d5a6ef8971637d3a7138ef2c6433ff20,F,target,F0207,Consensus,consensus_stage_a_estimates,1,google/gemma-4-31B-it,d15476bf82b62dbb9f47b0dfc59d44f92cb058b96ede2dbbac8ba61df2991532,675efa1486e53a4914248132dda701b834c9e26599d8c4c4d7b41db57bfcf2b0,consensus_two_stage_interactive_adaptation_v1,prompt_compiler_v2_split_g_f,1944541261,pending,Q001|Q002|Q003,"{""Q001"": ""consensus_estimate_human_primary_cause"", ""Q002"": ""consensus_estimate_co2_warms_planet"", ""Q003"": ""consensus_estimate_net_zero_before_2085""}",consensus_stage_a,consensus_two_stage_interactive_adaptation_v1,F|target|F0207|Consensus|stage_a|replicate_1,d15476bf82b62dbb9f47b0dfc59d44f92cb058b96ede2dbbac8ba61df2991532,675efa1486e53a4914248132dda701b834c9e26599d8c4c4d7b41db57bfcf2b0,
F|target|F0208|Consensus|stage_a|replicate_1,F-f066ca9f81ff6af6446badf152a34bab14412628,F,target,F0208,Consensus,consensus_stage_a_estimates,1,google/gemma-4-31B-it,5044002f2b6cb343b8862a9a1cfc57848c5392c1c1f687eb988a8e73745af2f9,675efa1486e53a4914248132dda701b834c9e26599d8c4c4d7b41db57bfcf2b0,consensus_two_stage_interactive_adaptation_v1,prompt_compiler_v2_split_g_f,1657602104,pending,Q001|Q002|Q003,"{""Q001"": ""consensus_estimate_co2_warms_planet"", ""Q002"": ""consensus_estimate_human_primary_cause"", ""Q003"": ""consensus_estimate_net_zero_before_2085""}",consensus_stage_a,consensus_two_stage_interactive_adaptation_v1,F|target|F0208|Consensus|stage_a|replicate_1,5044002f2b6cb343b8862a9a1cfc57848c5392c1c1f687eb988a8e73745af2f9,675efa1486e53a4914248132dda701b834c9e26599d8c4c4d7b41db57bfcf2b0,
F|target|F0209|Consensus|stage_a|replicate_1,F-61886ab9addb66822ff4271d8e231c658f769bd7,F,target,F0209,Consensus,consensus_stage_a_estimates,1,google/gemma-4-31B-it,3e64a9dfc087e919a80a4387b2595f7d360b0d97b2897c6926e84e73b1329048,675efa1486e53a4914248132dda701b834c9e26599d8c4c4d7b41db57bfcf2b0,consensus_two_stage_interactive_adaptation_v1,prompt_compiler_v2_split_g_f,1894530038,pending,Q001|Q002|Q003,"{""Q001"": ""consensus_estimate_co2_warms_planet"", ""Q002"": ""consensus_estimate_net_zero_before_2085"", ""Q003"": ""consensus_estimate_human_primary_cause""}",consensus_stage_a,consensus_two_stage_interactive_adaptation_v1,F|target|F0209|Consensus|stage_a|replicate_1,3e64a9dfc087e919a80a4387b2595f7d360b0d97b2897c6926e84e73b1329048,675efa1486e53a4914248132dda701b834c9e26599d8c4c4d7b41db57bfcf2b0,
F|target|F0210|Consensus|stage_a|replicate_1,F-af4030f322f3eb42f3ecd258d47cf976ec1317c8,F,target,F0210,Consensus,consensus_stage_a_estimates,1,google/gemma-4-31B-it,746ee40fa9b710a155dfc954a09e857096d9e37a2ada4aa65ebb94f6b1337f0a,675efa1486e53a4914248132dda701b834c9e26599d8c4c4d7b41db57bfcf2b0,consensus_two_stage_interactive_adaptation_v1,prompt_compiler_v2_split_g_f,24399147,pending,Q001|Q002|Q003,"{""Q001"": ""consensus_estimate_co2_warms_planet"", ""Q002"": ""consensus_estimate_human_primary_cause"", ""Q003"": ""consensus_estimate_net_zero_before_2085""}",consensus_stage_a,consensus_two_stage_interactive_adaptation_v1,F|target|F0210|Consensus|stage_a|replicate_1,746ee40fa9b710a155dfc954a09e857096d9e37a2ada4aa65ebb94f6b1337f0a,675efa1486e53a4914248132dda701b834c9e26599d8c4c4d7b41db57bfcf2b0,
F|target|F0211|Consensus|stage_a|replicate_1,F-a4dcf88df13f1bbf73e62c5f9482af6c2d3fec39,F,target,F0211,Consensus,consensus_stage_a_estimates,1,google/gemma-4-31B-it,e75c5655056f850d5438090d609df3c7822d6781d3735654966d81b7b6a0fd46,675efa1486e53a4914248132dda701b834c9e26599d8c4c4d7b41db57bfcf2b0,consensus_two_stage_interactive_adaptation_v1,prompt_compiler_v2_split_g_f,989400285,pending,Q001|Q002|Q003,"{""Q001"": ""consensus_estimate_human_primary_cause"", ""Q002"": ""consensus_estimate_co2_warms_planet"", ""Q003"": ""consensus_estimate_net_zero_before_2085""}",consensus_stage_a,consensus_two_stage_interactive_adaptation_v1,F|target|F0211|Consensus|stage_a|replicate_1,e75c5655056f850d5438090d609df3c7822d6781d3735654966d81b7b6a0fd46,675efa1486e53a4914248132dda701b834c9e26599d8c4c4d7b41db57bfcf2b0,
F|target|F0212|Consensus|stage_a|replicate_1,F-a3c73aa910abd8e04f8ae148d1076af09559442d,F,target,F0212,Consensus,consensus_stage_a_estimates,1,google/gemma-4-31B-it,63763113c32cb63679d6d0e8ce82fba94a7eee646a23c55503ac958bc49f0853,675efa1486e53a4914248132dda701b834c9e26599d8c4c4d7b41db57bfcf2b0,consensus_two_stage_interactive_adaptation_v1,prompt_compiler_v2_split_g_f,1480216116,pending,Q001|Q002|Q003,"{""Q001"": ""consensus_estimate_net_zero_before_2085"", ""Q002"": ""consensus_estimate_co2_warms_planet"", ""Q003"": ""consensus_estimate_human_primary_cause""}",consensus_stage_a,consensus_two_stage_interactive_adaptation_v1,F|target|F0212|Consensus|stage_a|replicate_1,63763113c32cb63679d6d0e8ce82fba94a7eee646a23c55503ac958bc49f0853,675efa1486e53a4914248132dda701b834c9e26599d8c4c4d7b41db57bfcf2b0,
F|target|F0213|Consensus|stage_a|replicate_1,F-efbcf966558cf847523381c5c8dede68dd7bc6ad,F,target,F0213,Consensus,consensus_stage_a_estimates,1,google/gemma-4-31B-it,10052328857faa8827b6b980c74cfa6573192498b5be2971a512b4811e8018a5,675efa1486e53a4914248132dda701b834c9e26599d8c4c4d7b41db57bfcf2b0,consensus_two_stage_interactive_adaptation_v1,prompt_compiler_v2_split_g_f,889645847,pending,Q001|Q002|Q003,"{""Q001"": ""consensus_estimate_human_primary_cause"", ""Q002"": ""consensus_estimate_net_zero_before_2085"", ""Q003"": ""consensus_estimate_co2_warms_planet""}",consensus_stage_a,consensus_two_stage_interactive_adaptation_v1,F|target|F0213|Consensus|stage_a|replicate_1,10052328857faa8827b6b980c74cfa6573192498b5be2971a512b4811e8018a5,675efa1486e53a4914248132dda701b834c9e26599d8c4c4d7b41db57bfcf2b0,
F|target|F0214|Consensus|stage_a|replicate_1,F-1026e44ddaef408319b9b135aef567b9ae7b68c2,F,target,F0214,Consensus,consensus_stage_a_estimates,1,google/gemma-4-31B-it,cac06b9a00869679c7e7b798dfc986e78784075ec49a400a276faf14ee629502,675efa1486e53a4914248132dda701b834c9e26599d8c4c4d7b41db57bfcf2b0,consensus_two_stage_interactive_adaptation_v1,prompt_compiler_v2_split_g_f,2067597598,pending,Q001|Q002|Q003,"{""Q001"": ""consensus_estimate_net_zero_before_2085"", ""Q002"": ""consensus_estimate_human_primary_cause"", ""Q003"": ""consensus_estimate_co2_warms_planet""}",consensus_stage_a,consensus_two_stage_interactive_adaptation_v1,F|target|F0214|Consensus|stage_a|replicate_1,cac06b9a00869679c7e7b798dfc986e78784075ec49a400a276faf14ee629502,675efa1486e53a4914248132dda701b834c9e26599d8c4c4d7b41db57bfcf2b0,
F|target|F0215|Consensus|stage_a|replicate_1,F-2257b4fdd57fa6664a2a67922361fe7f5003b17e,F,target,F0215,Consensus,consensus_stage_a_estimates,1,google/gemma-4-31B-it,ba37e9ebcc2833e90f54178ff0e41a8615666d2ff03dda8ef989af157abf1b54,675efa1486e53a4914248132dda701b834c9e26599d8c4c4d7b41db57bfcf2b0,consensus_two_stage_interactive_adaptation_v1,prompt_compiler_v2_split_g_f,439292002,pending,Q001|Q002|Q003,"{""Q001"": ""consensus_estimate_human_primary_cause"", ""Q002"": ""consensus_estimate_net_zero_before_2085"", ""Q003"": ""consensus_estimate_co2_warms_planet""}",consensus_stage_a,consensus_two_stage_interactive_adaptation_v1,F|target|F0215|Consensus|stage_a|replicate_1,ba37e9ebcc2833e90f54178ff0e41a8615666d2ff03dda8ef989af157abf1b54,675efa1486e53a4914248132dda701b834c9e26599d8c4c4d7b41db57bfcf2b0,
F|target|F0216|Consensus|stage_a|replicate_1,F-33cd3bc21fcd47c6fd881d04ce2597f6e6a30453,F,target,F0216,Consensus,consensus_stage_a_estimates,1,google/gemma-4-31B-it,80a2b23596ac120697700f1aef47a85f472bcb9a572eeb89005b8a344274102c,675efa1486e53a4914248132dda701b834c9e26599d8c4c4d7b41db57bfcf2b0,consensus_two_stage_interactive_adaptation_v1,prompt_compiler_v2_split_g_f,124239691,pending,Q001|Q002|Q003,"{""Q001"": ""consensus_estimate_net_zero_before_2085"", ""Q002"": ""consensus_estimate_human_primary_cause"", ""Q003"": ""consensus_estimate_co2_warms_planet""}",consensus_stage_a,consensus_two_stage_interactive_adaptation_v1,F|target|F0216|Consensus|stage_a|replicate_1,80a2b23596ac120697700f1aef47a85f472bcb9a572eeb89005b8a344274102c,675efa1486e53a4914248132dda701b834c9e26599d8c4c4d7b41db57bfcf2b0,
F|target|F0217|Consensus|stage_a|replicate_1,F-fac35c68a73dbf7234fe0624aa83f20aae933897,F,target,F0217,Consensus,consensus_stage_a_estimates,1,google/gemma-4-31B-it,43f328e0798e516db56a418aabb9579c2a49eb039d7ca725d5b8ec872688e7b5,675efa1486e53a4914248132dda701b834c9e26599d8c4c4d7b41db57bfcf2b0,consensus_two_stage_interactive_adaptation_v1,prompt_compiler_v2_split_g_f,482637895,pending,Q001|Q002|Q003,"{""Q001"": ""consensus_estimate_co2_warms_planet"", ""Q002"": ""consensus_estimate_human_primary_cause"", ""Q003"": ""consensus_estimate_net_zero_before_2085""}",consensus_stage_a,consensus_two_stage_interactive_adaptation_v1,F|target|F0217|Consensus|stage_a|replicate_1,43f328e0798e516db56a418aabb9579c2a49eb039d7ca725d5b8ec872688e7b5,675efa1486e53a4914248132dda701b834c9e26599d8c4c4d7b41db57bfcf2b0,
F|target|F0218|Consensus|stage_a|replicate_1,F-880c0fb7a3dd17296a3a75f1b382e8a064996ef5,F,target,F0218,Consensus,consensus_stage_a_estimates,1,google/gemma-4-31B-it,814b62c7abcf96450b61b59e4c1e72219b6321698897bb64fe0447404bc51521,675efa1486e53a4914248132dda701b834c9e26599d8c4c4d7b41db57bfcf2b0,consensus_two_stage_interactive_adaptation_v1,prompt_compiler_v2_split_g_f,871708314,pending,Q001|Q002|Q003,"{""Q001"": ""consensus_estimate_co2_warms_planet"", ""Q002"": ""consensus_estimate_net_zero_before_2085"", ""Q003"": ""consensus_estimate_human_primary_cause""}",consensus_stage_a,consensus_two_stage_interactive_adaptation_v1,F|target|F0218|Consensus|stage_a|replicate_1,814b62c7abcf96450b61b59e4c1e72219b6321698897bb64fe0447404bc51521,675efa1486e53a4914248132dda701b834c9e26599d8c4c4d7b41db57bfcf2b0,
F|target|F0219|Consensus|stage_a|replicate_1,F-63d70badce661fa0c43c6185f6625e38d8607d8c,F,target,F0219,Consensus,consensus_stage_a_estimates,1,google/gemma-4-31B-it,e15454542c7c8f1b454911abe7a8188d5dcb402f70fa21cee6ec238323a054b6,675efa1486e53a4914248132dda701b834c9e26599d8c4c4d7b41db57bfcf2b0,consensus_two_stage_interactive_adaptation_v1,prompt_compiler_v2_split_g_f,370423549,pending,Q001|Q002|Q003,"{""Q001"": ""consensus_estimate_net_zero_before_2085"", ""Q002"": ""consensus_estimate_co2_warms_planet"", ""Q003"": ""consensus_estimate_human_primary_cause""}",consensus_stage_a,consensus_two_stage_interactive_adaptation_v1,F|target|F0219|Consensus|stage_a|replicate_1,e15454542c7c8f1b454911abe7a8188d5dcb402f70fa21cee6ec238323a054b6,675efa1486e53a4914248132dda701b834c9e26599d8c4c4d7b41db57bfcf2b0,
F|target|F0220|Consensus|stage_a|replicate_1,F-a23a81e0fbb1de0ea207bc3029164baa9852a7f0,F,target,F0220,Consensus,consensus_stage_a_estimates,1,google/gemma-4-31B-it,f7dec622232970ca33b8bbe4ca2033e11585c1e32eb165c97e2716ce0031887f,675efa1486e53a4914248132dda701b834c9e26599d8c4c4d7b41db57bfcf2b0,consensus_two_stage_interactive_adaptation_v1,prompt_compiler_v2_split_g_f,1076290002,pending,Q001|Q002|Q003,"{""Q001"": ""consensus_estimate_net_zero_before_2085"", ""Q002"": ""consensus_estimate_co2_warms_planet"", ""Q003"": ""consensus_estimate_human_primary_cause""}",consensus_stage_a,consensus_two_stage_interactive_adaptation_v1,F|target|F0220|Consensus|stage_a|replicate_1,f7dec622232970ca33b8bbe4ca2033e11585c1e32eb165c97e2716ce0031887f,675efa1486e53a4914248132dda701b834c9e26599d8c4c4d7b41db57bfcf2b0,
F|target|F0221|Consensus|stage_a|replicate_1,F-abe47db14364f0504e14868cdc4943d56213e879,F,target,F0221,Consensus,consensus_stage_a_estimates,1,google/gemma-4-31B-it,f631ddf7265251c803fff7e24453f0be7a5ef0f3dd49cc96595db45360357684,675efa1486e53a4914248132dda701b834c9e26599d8c4c4d7b41db57bfcf2b0,consensus_two_stage_interactive_adaptation_v1,prompt_compiler_v2_split_g_f,455994293,pending,Q001|Q002|Q003,"{""Q001"": ""consensus_estimate_human_primary_cause"", ""Q002"": ""consensus_estimate_co2_warms_planet"", ""Q003"": ""consensus_estimate_net_zero_before_2085""}",consensus_stage_a,consensus_two_stage_interactive_adaptation_v1,F|target|F0221|Consensus|stage_a|replicate_1,f631ddf7265251c803fff7e24453f0be7a5ef0f3dd49cc96595db45360357684,675efa1486e53a4914248132dda701b834c9e26599d8c4c4d7b41db57bfcf2b0,
F|target|F0222|Consensus|stage_a|replicate_1,F-2edf59e0aac47a592ed09b705a162944bce549c2,F,target,F0222,Consensus,consensus_stage_a_estimates,1,google/gemma-4-31B-it,020cb90345bb446925c4a2be4618e7c1a88fa8a3f007e76dd992a6d997ba3e29,675efa1486e53a4914248132dda701b834c9e26599d8c4c4d7b41db57bfcf2b0,consensus_two_stage_interactive_adaptation_v1,prompt_compiler_v2_split_g_f,142814747,pending,Q001|Q002|Q003,"{""Q001"": ""consensus_estimate_co2_warms_planet"", ""Q002"": ""consensus_estimate_net_zero_before_2085"", ""Q003"": ""consensus_estimate_human_primary_cause""}",consensus_stage_a,consensus_two_stage_interactive_adaptation_v1,F|target|F0222|Consensus|stage_a|replicate_1,020cb90345bb446925c4a2be4618e7c1a88fa8a3f007e76dd992a6d997ba3e29,675efa1486e53a4914248132dda701b834c9e26599d8c4c4d7b41db57bfcf2b0,
F|target|F0223|Consensus|stage_a|replicate_1,F-d3158cacc3aa874f18e4a9527ca7bbb490b1c45f,F,target,F0223,Consensus,consensus_stage_a_estimates,1,google/gemma-4-31B-it,4c2108004b67dce59ab9ae1d662b4e1417b153cfe424a86e8d6c0fba45f17fcb,675efa1486e53a4914248132dda701b834c9e26599d8c4c4d7b41db57bfcf2b0,consensus_two_stage_interactive_adaptation_v1,prompt_compiler_v2_split_g_f,1775607979,pending,Q001|Q002|Q003,"{""Q001"": ""consensus_estimate_co2_warms_planet"", ""Q002"": ""consensus_estimate_human_primary_cause"", ""Q003"": ""consensus_estimate_net_zero_before_2085""}",consensus_stage_a,consensus_two_stage_interactive_adaptation_v1,F|target|F0223|Consensus|stage_a|replicate_1,4c2108004b67dce59ab9ae1d662b4e1417b153cfe424a86e8d6c0fba45f17fcb,675efa1486e53a4914248132dda701b834c9e26599d8c4c4d7b41db57bfcf2b0,
F|target|F0224|Consensus|stage_a|replicate_1,F-f32cb78166ccc550ac98ce9097becea55c23855d,F,target,F0224,Consensus,consensus_stage_a_estimates,1,google/gemma-4-31B-it,1750333fd7d4c8c4ec4792f271e8f926f32ab85c8b3b30c1cc69c2298277e44f,675efa1486e53a4914248132dda701b834c9e26599d8c4c4d7b41db57bfcf2b0,consensus_two_stage_interactive_adaptation_v1,prompt_compiler_v2_split_g_f,1294349398,pending,Q001|Q002|Q003,"{""Q001"": ""consensus_estimate_human_primary_cause"", ""Q002"": ""consensus_estimate_co2_warms_planet"", ""Q003"": ""consensus_estimate_net_zero_before_2085""}",consensus_stage_a,consensus_two_stage_interactive_adaptation_v1,F|target|F0224|Consensus|stage_a|replicate_1,1750333fd7d4c8c4ec4792f271e8f926f32ab85c8b3b30c1cc69c2298277e44f,675efa1486e53a4914248132dda701b834c9e26599d8c4c4d7b41db57bfcf2b0,
F|target|F0225|Consensus|stage_a|replicate_1,F-273d640a6c2bc0f74b1fd07c368f813b50aa550a,F,target,F0225,Consensus,consensus_stage_a_estimates,1,google/gemma-4-31B-it,9b73d29b2ee947af299c68aa468dd1d7b6a29ee32f35be5dca47bd148340a0fe,675efa1486e53a4914248132dda701b834c9e26599d8c4c4d7b41db57bfcf2b0,consensus_two_stage_interactive_adaptation_v1,prompt_compiler_v2_split_g_f,983992588,pending,Q001|Q002|Q003,"{""Q001"": ""consensus_estimate_co2_warms_planet"", ""Q002"": ""consensus_estimate_human_primary_cause"", ""Q003"": ""consensus_estimate_net_zero_before_2085""}",consensus_stage_a,consensus_two_stage_interactive_adaptation_v1,F|target|F0225|Consensus|stage_a|replicate_1,9b73d29b2ee947af299c68aa468dd1d7b6a29ee32f35be5dca47bd148340a0fe,675efa1486e53a4914248132dda701b834c9e26599d8c4c4d7b41db57bfcf2b0,
F|target|F0226|Consensus|stage_a|replicate_1,F-c12a3771ed886bf13c25b9bfd77ce8aacba9cdfa,F,target,F0226,Consensus,consensus_stage_a_estimates,1,google/gemma-4-31B-it,2cd43e6e4adc282c19b56bd55c0fb9d4f3421b4991c929851edbc57075a3db18,675efa1486e53a4914248132dda701b834c9e26599d8c4c4d7b41db57bfcf2b0,consensus_two_stage_interactive_adaptation_v1,prompt_compiler_v2_split_g_f,1876744919,pending,Q001|Q002|Q003,"{""Q001"": ""consensus_estimate_net_zero_before_2085"", ""Q002"": ""consensus_estimate_human_primary_cause"", ""Q003"": ""consensus_estimate_co2_warms_planet""}",consensus_stage_a,consensus_two_stage_interactive_adaptation_v1,F|target|F0226|Consensus|stage_a|replicate_1,2cd43e6e4adc282c19b56bd55c0fb9d4f3421b4991c929851edbc57075a3db18,675efa1486e53a4914248132dda701b834c9e26599d8c4c4d7b41db57bfcf2b0,
F|target|F0227|Consensus|stage_a|replicate_1,F-e5e53ed610886eec216d5c4d5c4bae904997155e,F,target,F0227,Consensus,consensus_stage_a_estimates,1,google/gemma-4-31B-it,cd42b0d6c3b89c4ef804db2b0e806f1c6856083a1e7b59462ae89923ddf4ca07,675efa1486e53a4914248132dda701b834c9e26599d8c4c4d7b41db57bfcf2b0,consensus_two_stage_interactive_adaptation_v1,prompt_compiler_v2_split_g_f,1548938395,pending,Q001|Q002|Q003,"{""Q001"": ""consensus_estimate_co2_warms_planet"", ""Q002"": ""consensus_estimate_human_primary_cause"", ""Q003"": ""consensus_estimate_net_zero_before_2085""}",consensus_stage_a,consensus_two_stage_interactive_adaptation_v1,F|target|F0227|Consensus|stage_a|replicate_1,cd42b0d6c3b89c4ef804db2b0e806f1c6856083a1e7b59462ae89923ddf4ca07,675efa1486e53a4914248132dda701b834c9e26599d8c4c4d7b41db57bfcf2b0,
F|target|F0228|Consensus|stage_a|replicate_1,F-a33f3b0b712a345fd2c5893952fe884efa2dd32f,F,target,F0228,Consensus,consensus_stage_a_estimates,1,google/gemma-4-31B-it,776fa0f5c7df6950bcf2de7b675182b86acf46b14a2213c410c5e802f3cf155d,675efa1486e53a4914248132dda701b834c9e26599d8c4c4d7b41db57bfcf2b0,consensus_two_stage_interactive_adaptation_v1,prompt_compiler_v2_split_g_f,933800568,pending,Q001|Q002|Q003,"{""Q001"": ""consensus_estimate_human_primary_cause"", ""Q002"": ""consensus_estimate_co2_warms_planet"", ""Q003"": ""consensus_estimate_net_zero_before_2085""}",consensus_stage_a,consensus_two_stage_interactive_adaptation_v1,F|target|F0228|Consensus|stage_a|replicate_1,776fa0f5c7df6950bcf2de7b675182b86acf46b14a2213c410c5e802f3cf155d,675efa1486e53a4914248132dda701b834c9e26599d8c4c4d7b41db57bfcf2b0,
F|target|F0229|Consensus|stage_a|replicate_1,F-4eb260e6a007116d78ec368c8af62feccd0c2335,F,target,F0229,Consensus,consensus_stage_a_estimates,1,google/gemma-4-31B-it,d5a20ae6df67199657d8238bbfdbe54ee06e27c4295e0653ff279ff2486e191b,675efa1486e53a4914248132dda701b834c9e26599d8c4c4d7b41db57bfcf2b0,consensus_two_stage_interactive_adaptation_v1,prompt_compiler_v2_split_g_f,1030476603,pending,Q001|Q002|Q003,"{""Q001"": ""consensus_estimate_human_primary_cause"", ""Q002"": ""consensus_estimate_co2_warms_planet"", ""Q003"": ""consensus_estimate_net_zero_before_2085""}",consensus_stage_a,consensus_two_stage_interactive_adaptation_v1,F|target|F0229|Consensus|stage_a|replicate_1,d5a20ae6df67199657d8238bbfdbe54ee06e27c4295e0653ff279ff2486e191b,675efa1486e53a4914248132dda701b834c9e26599d8c4c4d7b41db57bfcf2b0,
F|target|F0230|Consensus|stage_a|replicate_1,F-c970dd6c01998a84df5fb3d8a4ae123966f1fe81,F,target,F0230,Consensus,consensus_stage_a_estimates,1,google/gemma-4-31B-it,35a286259ba80f4114eb2a6ae2fbc2cd195af8a1b4b569217fe9a8968efba048,675efa1486e53a4914248132dda701b834c9e26599d8c4c4d7b41db57bfcf2b0,consensus_two_stage_interactive_adaptation_v1,prompt_compiler_v2_split_g_f,343623007,pending,Q001|Q002|Q003,"{""Q001"": ""consensus_estimate_co2_warms_planet"", ""Q002"": ""consensus_estimate_human_primary_cause"", ""Q003"": ""consensus_estimate_net_zero_before_2085""}",consensus_stage_a,consensus_two_stage_interactive_adaptation_v1,F|target|F0230|Consensus|stage_a|replicate_1,35a286259ba80f4114eb2a6ae2fbc2cd195af8a1b4b569217fe9a8968efba048,675efa1486e53a4914248132dda701b834c9e26599d8c4c4d7b41db57bfcf2b0,
F|target|F0231|Consensus|stage_a|replicate_1,F-eeac031d1715efeed33828946e876eada4072c35,F,target,F0231,Consensus,consensus_stage_a_estimates,1,google/gemma-4-31B-it,bdb5c1ac0021b70b1588d4358496a0b051b9ffe42187ddf8c9271aa2f4bf0297,675efa1486e53a4914248132dda701b834c9e26599d8c4c4d7b41db57bfcf2b0,consensus_two_stage_interactive_adaptation_v1,prompt_compiler_v2_split_g_f,1953363499,pending,Q001|Q002|Q003,"{""Q001"": ""consensus_estimate_human_primary_cause"", ""Q002"": ""consensus_estimate_co2_warms_planet"", ""Q003"": ""consensus_estimate_net_zero_before_2085""}",consensus_stage_a,consensus_two_stage_interactive_adaptation_v1,F|target|F0231|Consensus|stage_a|replicate_1,bdb5c1ac0021b70b1588d4358496a0b051b9ffe42187ddf8c9271aa2f4bf0297,675efa1486e53a4914248132dda701b834c9e26599d8c4c4d7b41db57bfcf2b0,
F|target|F0232|Consensus|stage_a|replicate_1,F-8f92f426f84f1ce8cd3b4bbb76ebcfd61b8400d4,F,target,F0232,Consensus,consensus_stage_a_estimates,1,google/gemma-4-31B-it,65801ae5a5f191b069a8475ff5d8dee41e69eb8d507b450c25211220b1a17792,675efa1486e53a4914248132dda701b834c9e26599d8c4c4d7b41db57bfcf2b0,consensus_two_stage_interactive_adaptation_v1,prompt_compiler_v2_split_g_f,393545016,pending,Q001|Q002|Q003,"{""Q001"": ""consensus_estimate_co2_warms_planet"", ""Q002"": ""consensus_estimate_human_primary_cause"", ""Q003"": ""consensus_estimate_net_zero_before_2085""}",consensus_stage_a,consensus_two_stage_interactive_adaptation_v1,F|target|F0232|Consensus|stage_a|replicate_1,65801ae5a5f191b069a8475ff5d8dee41e69eb8d507b450c25211220b1a17792,675efa1486e53a4914248132dda701b834c9e26599d8c4c4d7b41db57bfcf2b0,
F|target|F0233|Consensus|stage_a|replicate_1,F-80bc1180eebca02cf067ee6b59daf482d75fa366,F,target,F0233,Consensus,consensus_stage_a_estimates,1,google/gemma-4-31B-it,6e6f72f87cdbbcdc811e318b6cf22cd9bcc526afa2e7495b2585cae584f592ef,675efa1486e53a4914248132dda701b834c9e26599d8c4c4d7b41db57bfcf2b0,consensus_two_stage_interactive_adaptation_v1,prompt_compiler_v2_split_g_f,1882506031,pending,Q001|Q002|Q003,"{""Q001"": ""consensus_estimate_human_primary_cause"", ""Q002"": ""consensus_estimate_co2_warms_planet"", ""Q003"": ""consensus_estimate_net_zero_before_2085""}",consensus_stage_a,consensus_two_stage_interactive_adaptation_v1,F|target|F0233|Consensus|stage_a|replicate_1,6e6f72f87cdbbcdc811e318b6cf22cd9bcc526afa2e7495b2585cae584f592ef,675efa1486e53a4914248132dda701b834c9e26599d8c4c4d7b41db57bfcf2b0,
F|target|F0234|Consensus|stage_a|replicate_1,F-a58ccfd391e3f07b0a89b2f53e634793121f7c53,F,target,F0234,Consensus,consensus_stage_a_estimates,1,google/gemma-4-31B-it,d634d508df7db2c8a7a3217ff1da31666ec0e99cc8f4cbd0a71e172ed44ac9e3,675efa1486e53a4914248132dda701b834c9e26599d8c4c4d7b41db57bfcf2b0,consensus_two_stage_interactive_adaptation_v1,prompt_compiler_v2_split_g_f,1560121380,pending,Q001|Q002|Q003,"{""Q001"": ""consensus_estimate_co2_warms_planet"", ""Q002"": ""consensus_estimate_net_zero_before_2085"", ""Q003"": ""consensus_estimate_human_primary_cause""}",consensus_stage_a,consensus_two_stage_interactive_adaptation_v1,F|target|F0234|Consensus|stage_a|replicate_1,d634d508df7db2c8a7a3217ff1da31666ec0e99cc8f4cbd0a71e172ed44ac9e3,675efa1486e53a4914248132dda701b834c9e26599d8c4c4d7b41db57bfcf2b0,
F|target|F0235|Consensus|stage_a|replicate_1,F-ac044e875f25e581af8e64241326867e75ad8a77,F,target,F0235,Consensus,consensus_stage_a_estimates,1,google/gemma-4-31B-it,92d360aa1a1245d6e92a2b0abdc8212c83c3e1f4fabaa1c7f96363e369a23ddb,675efa1486e53a4914248132dda701b834c9e26599d8c4c4d7b41db57bfcf2b0,consensus_two_stage_interactive_adaptation_v1,prompt_compiler_v2_split_g_f,925794962,pending,Q001|Q002|Q003,"{""Q001"": ""consensus_estimate_human_primary_cause"", ""Q002"": ""consensus_estimate_co2_warms_planet"", ""Q003"": ""consensus_estimate_net_zero_before_2085""}",consensus_stage_a,consensus_two_stage_interactive_adaptation_v1,F|target|F0235|Consensus|stage_a|replicate_1,92d360aa1a1245d6e92a2b0abdc8212c83c3e1f4fabaa1c7f96363e369a23ddb,675efa1486e53a4914248132dda701b834c9e26599d8c4c4d7b41db57bfcf2b0,
F|target|F0236|Consensus|stage_a|replicate_1,F-38cc30da6da44248a2d2389ac9b02fc76a8e9110,F,target,F0236,Consensus,consensus_stage_a_estimates,1,google/gemma-4-31B-it,3183c77aa04a013e8130a0bada4fd6a24d4d5eaf9df63d10c340137e83ccd977,675efa1486e53a4914248132dda701b834c9e26599d8c4c4d7b41db57bfcf2b0,consensus_two_stage_interactive_adaptation_v1,prompt_compiler_v2_split_g_f,1597809661,pending,Q001|Q002|Q003,"{""Q001"": ""consensus_estimate_human_primary_cause"", ""Q002"": ""consensus_estimate_net_zero_before_2085"", ""Q003"": ""consensus_estimate_co2_warms_planet""}",consensus_stage_a,consensus_two_stage_interactive_adaptation_v1,F|target|F0236|Consensus|stage_a|replicate_1,3183c77aa04a013e8130a0bada4fd6a24d4d5eaf9df63d10c340137e83ccd977,675efa1486e53a4914248132dda701b834c9e26599d8c4c4d7b41db57bfcf2b0,
F|target|F0237|Consensus|stage_a|replicate_1,F-a4cff78cb9454760f8b15d78c89921717c39e011,F,target,F0237,Consensus,consensus_stage_a_estimates,1,google/gemma-4-31B-it,354936de0c7a45044e04bacbeddb90ead550131c7ddcd4a571e7bedae712c3ec,675efa1486e53a4914248132dda701b834c9e26599d8c4c4d7b41db57bfcf2b0,consensus_two_stage_interactive_adaptation_v1,prompt_compiler_v2_split_g_f,48576124,pending,Q001|Q002|Q003,"{""Q001"": ""consensus_estimate_co2_warms_planet"", ""Q002"": ""consensus_estimate_net_zero_before_2085"", ""Q003"": ""consensus_estimate_human_primary_cause""}",consensus_stage_a,consensus_two_stage_interactive_adaptation_v1,F|target|F0237|Consensus|stage_a|replicate_1,354936de0c7a45044e04bacbeddb90ead550131c7ddcd4a571e7bedae712c3ec,675efa1486e53a4914248132dda701b834c9e26599d8c4c4d7b41db57bfcf2b0,
F|target|F0238|Consensus|stage_a|replicate_1,F-0a5fb46b7269e6be240e0b53f0145fdfb74526ae,F,target,F0238,Consensus,consensus_stage_a_estimates,1,google/gemma-4-31B-it,4b3e1584dadf9cbba450a1ba5ccc714fd1283dbd5ae56f584c074e4d5e82bd50,675efa1486e53a4914248132dda701b834c9e26599d8c4c4d7b41db57bfcf2b0,consensus_two_stage_interactive_adaptation_v1,prompt_compiler_v2_split_g_f,120147861,pending,Q001|Q002|Q003,"{""Q001"": ""consensus_estimate_net_zero_before_2085"", ""Q002"": ""consensus_estimate_human_primary_cause"", ""Q003"": ""consensus_estimate_co2_warms_planet""}",consensus_stage_a,consensus_two_stage_interactive_adaptation_v1,F|target|F0238|Consensus|stage_a|replicate_1,4b3e1584dadf9cbba450a1ba5ccc714fd1283dbd5ae56f584c074e4d5e82bd50,675efa1486e53a4914248132dda701b834c9e26599d8c4c4d7b41db57bfcf2b0,
F|target|F0239|Consensus|stage_a|replicate_1,F-2d1f4083c09b442b593defea578752cafa93150b,F,target,F0239,Consensus,consensus_stage_a_estimates,1,google/gemma-4-31B-it,160715bf16eae60c95462eaa3024384e516ae49c424c7020b506063393890471,675efa1486e53a4914248132dda701b834c9e26599d8c4c4d7b41db57bfcf2b0,consensus_two_stage_interactive_adaptation_v1,prompt_compiler_v2_split_g_f,450479411,pending,Q001|Q002|Q003,"{""Q001"": ""consensus_estimate_human_primary_cause"", ""Q002"": ""consensus_estimate_co2_warms_planet"", ""Q003"": ""consensus_estimate_net_zero_before_2085""}",consensus_stage_a,consensus_two_stage_interactive_adaptation_v1,F|target|F0239|Consensus|stage_a|replicate_1,160715bf16eae60c95462eaa3024384e516ae49c424c7020b506063393890471,675efa1486e53a4914248132dda701b834c9e26599d8c4c4d7b41db57bfcf2b0,
F|target|F0240|Consensus|stage_a|replicate_1,F-87f11adbd50b6ee53534a5c5305b4d4407818853,F,target,F0240,Consensus,consensus_stage_a_estimates,1,google/gemma-4-31B-it,c8a00aa119a181067240826f4f525f5a43a2d11744f914d1fb5ebfc97ae76441,675efa1486e53a4914248132dda701b834c9e26599d8c4c4d7b41db57bfcf2b0,consensus_two_stage_interactive_adaptation_v1,prompt_compiler_v2_split_g_f,1693295774,pending,Q001|Q002|Q003,"{""Q001"": ""consensus_estimate_human_primary_cause"", ""Q002"": ""consensus_estimate_net_zero_before_2085"", ""Q003"": ""consensus_estimate_co2_warms_planet""}",consensus_stage_a,consensus_two_stage_interactive_adaptation_v1,F|target|F0240|Consensus|stage_a|replicate_1,c8a00aa119a181067240826f4f525f5a43a2d11744f914d1fb5ebfc97ae76441,675efa1486e53a4914248132dda701b834c9e26599d8c4c4d7b41db57bfcf2b0,
F|target|F0241|Consensus|stage_a|replicate_1,F-56f2d241b06d517f93222ebc90c83020533c15db,F,target,F0241,Consensus,consensus_stage_a_estimates,1,google/gemma-4-31B-it,a901e0f8145ef4c7c00ddc2939beee60e9c9a488f2ec6cfef47af2bdf55062a8,675efa1486e53a4914248132dda701b834c9e26599d8c4c4d7b41db57bfcf2b0,consensus_two_stage_interactive_adaptation_v1,prompt_compiler_v2_split_g_f,1582495235,pending,Q001|Q002|Q003,"{""Q001"": ""consensus_estimate_co2_warms_planet"", ""Q002"": ""consensus_estimate_net_zero_before_2085"", ""Q003"": ""consensus_estimate_human_primary_cause""}",consensus_stage_a,consensus_two_stage_interactive_adaptation_v1,F|target|F0241|Consensus|stage_a|replicate_1,a901e0f8145ef4c7c00ddc2939beee60e9c9a488f2ec6cfef47af2bdf55062a8,675efa1486e53a4914248132dda701b834c9e26599d8c4c4d7b41db57bfcf2b0,
F|target|F0242|Consensus|stage_a|replicate_1,F-952030d597b5ba05203723880ce60498c7f5ec7e,F,target,F0242,Consensus,consensus_stage_a_estimates,1,google/gemma-4-31B-it,a6fdda09d4317c0606502f31e78b960d398c274ec2a7d3c465d61e847c55fdc0,675efa1486e53a4914248132dda701b834c9e26599d8c4c4d7b41db57bfcf2b0,consensus_two_stage_interactive_adaptation_v1,prompt_compiler_v2_split_g_f,1106647986,pending,Q001|Q002|Q003,"{""Q001"": ""consensus_estimate_human_primary_cause"", ""Q002"": ""consensus_estimate_net_zero_before_2085"", ""Q003"": ""consensus_estimate_co2_warms_planet""}",consensus_stage_a,consensus_two_stage_interactive_adaptation_v1,F|target|F0242|Consensus|stage_a|replicate_1,a6fdda09d4317c0606502f31e78b960d398c274ec2a7d3c465d61e847c55fdc0,675efa1486e53a4914248132dda701b834c9e26599d8c4c4d7b41db57bfcf2b0,
F|target|F0243|Consensus|stage_a|replicate_1,F-de1ecdb04a70f0b8c9d35978de8a5b9e28608da3,F,target,F0243,Consensus,consensus_stage_a_estimates,1,google/gemma-4-31B-it,c970d5bda429e7cd22c2b345cc46036ca879c91eed49fab79729ee28f78da35b,675efa1486e53a4914248132dda701b834c9e26599d8c4c4d7b41db57bfcf2b0,consensus_two_stage_interactive_adaptation_v1,prompt_compiler_v2_split_g_f,112102428,pending,Q001|Q002|Q003,"{""Q001"": ""consensus_estimate_human_primary_cause"", ""Q002"": ""consensus_estimate_net_zero_before_2085"", ""Q003"": ""consensus_estimate_co2_warms_planet""}",consensus_stage_a,consensus_two_stage_interactive_adaptation_v1,F|target|F0243|Consensus|stage_a|replicate_1,c970d5bda429e7cd22c2b345cc46036ca879c91eed49fab79729ee28f78da35b,675efa1486e53a4914248132dda701b834c9e26599d8c4c4d7b41db57bfcf2b0,
F|target|F0244|Consensus|stage_a|replicate_1,F-051e27cce581aec65aaa390103c89db2b1367cac,F,target,F0244,Consensus,consensus_stage_a_estimates,1,google/gemma-4-31B-it,a7918512edc6fbd7dbb1e3c743ec4aaf3f5e22333d641781d016ce7a99e2f91b,675efa1486e53a4914248132dda701b834c9e26599d8c4c4d7b41db57bfcf2b0,consensus_two_stage_interactive_adaptation_v1,prompt_compiler_v2_split_g_f,1874722399,pending,Q001|Q002|Q003,"{""Q001"": ""consensus_estimate_net_zero_before_2085"", ""Q002"": ""consensus_estimate_human_primary_cause"", ""Q003"": ""consensus_estimate_co2_warms_planet""}",consensus_stage_a,consensus_two_stage_interactive_adaptation_v1,F|target|F0244|Consensus|stage_a|replicate_1,a7918512edc6fbd7dbb1e3c743ec4aaf3f5e22333d641781d016ce7a99e2f91b,675efa1486e53a4914248132dda701b834c9e26599d8c4c4d7b41db57bfcf2b0,
F|target|F0245|Consensus|stage_a|replicate_1,F-ffa4ecdf06a7c6fcabad081c2deaf7d9a0f1a140,F,target,F0245,Consensus,consensus_stage_a_estimates,1,google/gemma-4-31B-it,4ea4cc8a8251a0b5a8f77973110f6d4de7145a4d0720e7946bd5a52842e2cb74,675efa1486e53a4914248132dda701b834c9e26599d8c4c4d7b41db57bfcf2b0,consensus_two_stage_interactive_adaptation_v1,prompt_compiler_v2_split_g_f,99721406,pending,Q001|Q002|Q003,"{""Q001"": ""consensus_estimate_co2_warms_planet"", ""Q002"": ""consensus_estimate_net_zero_before_2085"", ""Q003"": ""consensus_estimate_human_primary_cause""}",consensus_stage_a,consensus_two_stage_interactive_adaptation_v1,F|target|F0245|Consensus|stage_a|replicate_1,4ea4cc8a8251a0b5a8f77973110f6d4de7145a4d0720e7946bd5a52842e2cb74,675efa1486e53a4914248132dda701b834c9e26599d8c4c4d7b41db57bfcf2b0,
F|target|F0246|Consensus|stage_a|replicate_1,F-3f66312399bf6203d9c90db950db5e952f306f20,F,target,F0246,Consensus,consensus_stage_a_estimates,1,google/gemma-4-31B-it,ee8dccc9c9771f679ab61cceddb087cab12733a20bf32fa9daeefb011195d00f,675efa1486e53a4914248132dda701b834c9e26599d8c4c4d7b41db57bfcf2b0,consensus_two_stage_interactive_adaptation_v1,prompt_compiler_v2_split_g_f,411812939,pending,Q001|Q002|Q003,"{""Q001"": ""consensus_estimate_net_zero_before_2085"", ""Q002"": ""consensus_estimate_human_primary_cause"", ""Q003"": ""consensus_estimate_co2_warms_planet""}",consensus_stage_a,consensus_two_stage_interactive_adaptation_v1,F|target|F0246|Consensus|stage_a|replicate_1,ee8dccc9c9771f679ab61cceddb087cab12733a20bf32fa9daeefb011195d00f,675efa1486e53a4914248132dda701b834c9e26599d8c4c4d7b41db57bfcf2b0,
F|target|F0247|Consensus|stage_a|replicate_1,F-1fb0a8e1f91c9731744f9e7df4a6e773df1c09e6,F,target,F0247,Consensus,consensus_stage_a_estimates,1,google/gemma-4-31B-it,9232359a2428f708b4048d409d6ebbc518173ce8a6de01a11bc12e2885ba362f,675efa1486e53a4914248132dda701b834c9e26599d8c4c4d7b41db57bfcf2b0,consensus_two_stage_interactive_adaptation_v1,prompt_compiler_v2_split_g_f,947775733,pending,Q001|Q002|Q003,"{""Q001"": ""consensus_estimate_co2_warms_planet"", ""Q002"": ""consensus_estimate_human_primary_cause"", ""Q003"": ""consensus_estimate_net_zero_before_2085""}",consensus_stage_a,consensus_two_stage_interactive_adaptation_v1,F|target|F0247|Consensus|stage_a|replicate_1,9232359a2428f708b4048d409d6ebbc518173ce8a6de01a11bc12e2885ba362f,675efa1486e53a4914248132dda701b834c9e26599d8c4c4d7b41db57bfcf2b0,
F|target|F0248|Consensus|stage_a|replicate_1,F-07956d49828ac3bfad30a4dce9576faadff39a26,F,target,F0248,Consensus,consensus_stage_a_estimates,1,google/gemma-4-31B-it,c3588c4769dce62266fb8af1fb7d83c59bba0285fcf88ef3434749f25eb76b27,675efa1486e53a4914248132dda701b834c9e26599d8c4c4d7b41db57bfcf2b0,consensus_two_stage_interactive_adaptation_v1,prompt_compiler_v2_split_g_f,297115218,pending,Q001|Q002|Q003,"{""Q001"": ""consensus_estimate_net_zero_before_2085"", ""Q002"": ""consensus_estimate_co2_warms_planet"", ""Q003"": ""consensus_estimate_human_primary_cause""}",consensus_stage_a,consensus_two_stage_interactive_adaptation_v1,F|target|F0248|Consensus|stage_a|replicate_1,c3588c4769dce62266fb8af1fb7d83c59bba0285fcf88ef3434749f25eb76b27,675efa1486e53a4914248132dda701b834c9e26599d8c4c4d7b41db57bfcf2b0,
F|target|F0249|Consensus|stage_a|replicate_1,F-d95740e63bd4c32bbca3c9fe39d9255635099d31,F,target,F0249,Consensus,consensus_stage_a_estimates,1,google/gemma-4-31B-it,547a5cc40e559b7aa1749e4a6a97b59ba31ac86a6e72be522d5f3f03f0a6e01f,675efa1486e53a4914248132dda701b834c9e26599d8c4c4d7b41db57bfcf2b0,consensus_two_stage_interactive_adaptation_v1,prompt_compiler_v2_split_g_f,1854096634,pending,Q001|Q002|Q003,"{""Q001"": ""consensus_estimate_net_zero_before_2085"", ""Q002"": ""consensus_estimate_human_primary_cause"", ""Q003"": ""consensus_estimate_co2_warms_planet""}",consensus_stage_a,consensus_two_stage_interactive_adaptation_v1,F|target|F0249|Consensus|stage_a|replicate_1,547a5cc40e559b7aa1749e4a6a97b59ba31ac86a6e72be522d5f3f03f0a6e01f,675efa1486e53a4914248132dda701b834c9e26599d8c4c4d7b41db57bfcf2b0,
F|target|F0250|Consensus|stage_a|replicate_1,F-a3591b9b938bdd550bf890f71f9fe8522d9f2b49,F,target,F0250,Consensus,consensus_stage_a_estimates,1,google/gemma-4-31B-it,656091a2c6595f39c0703d0b76e84b41ef85c2cf87e5a5734a635c2ad9e22ddd,675efa1486e53a4914248132dda701b834c9e26599d8c4c4d7b41db57bfcf2b0,consensus_two_stage_interactive_adaptation_v1,prompt_compiler_v2_split_g_f,1514017934,pending,Q001|Q002|Q003,"{""Q001"": ""consensus_estimate_human_primary_cause"", ""Q002"": ""consensus_estimate_co2_warms_planet"", ""Q003"": ""consensus_estimate_net_zero_before_2085""}",consensus_stage_a,consensus_two_stage_interactive_adaptation_v1,F|target|F0250|Consensus|stage_a|replicate_1,656091a2c6595f39c0703d0b76e84b41ef85c2cf87e5a5734a635c2ad9e22ddd,675efa1486e53a4914248132dda701b834c9e26599d8c4c4d7b41db57bfcf2b0,
F|target|F0251|Consensus|stage_a|replicate_1,F-956a0c9364aa134b28f927c5856e84d578a82fe0,F,target,F0251,Consensus,consensus_stage_a_estimates,1,google/gemma-4-31B-it,b92889a196a7be10e903461c56a863f5ef5a5fc1d6babcd68658b83d0ed700e8,675efa1486e53a4914248132dda701b834c9e26599d8c4c4d7b41db57bfcf2b0,consensus_two_stage_interactive_adaptation_v1,prompt_compiler_v2_split_g_f,259927156,pending,Q001|Q002|Q003,"{""Q001"": ""consensus_estimate_human_primary_cause"", ""Q002"": ""consensus_estimate_co2_warms_planet"", ""Q003"": ""consensus_estimate_net_zero_before_2085""}",consensus_stage_a,consensus_two_stage_interactive_adaptation_v1,F|target|F0251|Consensus|stage_a|replicate_1,b92889a196a7be10e903461c56a863f5ef5a5fc1d6babcd68658b83d0ed700e8,675efa1486e53a4914248132dda701b834c9e26599d8c4c4d7b41db57bfcf2b0,
F|target|F0252|Consensus|stage_a|replicate_1,F-d4f04d60ead71f3d3ab8e464475892705f9c2475,F,target,F0252,Consensus,consensus_stage_a_estimates,1,google/gemma-4-31B-it,3c935926c7c7a83bff1d6414157972e5af91b9b0bb39ccfd11e7ac746f779363,675efa1486e53a4914248132dda701b834c9e26599d8c4c4d7b41db57bfcf2b0,consensus_two_stage_interactive_adaptation_v1,prompt_compiler_v2_split_g_f,347585026,pending,Q001|Q002|Q003,"{""Q001"": ""consensus_estimate_human_primary_cause"", ""Q002"": ""consensus_estimate_net_zero_before_2085"", ""Q003"": ""consensus_estimate_co2_warms_planet""}",consensus_stage_a,consensus_two_stage_interactive_adaptation_v1,F|target|F0252|Consensus|stage_a|replicate_1,3c935926c7c7a83bff1d6414157972e5af91b9b0bb39ccfd11e7ac746f779363,675efa1486e53a4914248132dda701b834c9e26599d8c4c4d7b41db57bfcf2b0,
F|target|F0253|Consensus|stage_a|replicate_1,F-97c53b2063838489af80e2f91953d8d2b31a61e6,F,target,F0253,Consensus,consensus_stage_a_estimates,1,google/gemma-4-31B-it,dabc6a0bb3e4b3fd0dc895feec605f578890edf453d2cefd5e4d2c52243afc4b,675efa1486e53a4914248132dda701b834c9e26599d8c4c4d7b41db57bfcf2b0,consensus_two_stage_interactive_adaptation_v1,prompt_compiler_v2_split_g_f,319683276,pending,Q001|Q002|Q003,"{""Q001"": ""consensus_estimate_human_primary_cause"", ""Q002"": ""consensus_estimate_co2_warms_planet"", ""Q003"": ""consensus_estimate_net_zero_before_2085""}",consensus_stage_a,consensus_two_stage_interactive_adaptation_v1,F|target|F0253|Consensus|stage_a|replicate_1,dabc6a0bb3e4b3fd0dc895feec605f578890edf453d2cefd5e4d2c52243afc4b,675efa1486e53a4914248132dda701b834c9e26599d8c4c4d7b41db57bfcf2b0,
F|target|F0254|Consensus|stage_a|replicate_1,F-9a7b3cd6727265bfab38ae2cd1d89cc79e18d277,F,target,F0254,Consensus,consensus_stage_a_estimates,1,google/gemma-4-31B-it,98387b8cf7a4b55d02b3faac3cab869d17ee0ed59d0f100a8618ccb8a48f2da4,675efa1486e53a4914248132dda701b834c9e26599d8c4c4d7b41db57bfcf2b0,consensus_two_stage_interactive_adaptation_v1,prompt_compiler_v2_split_g_f,661184366,pending,Q001|Q002|Q003,"{""Q001"": ""consensus_estimate_net_zero_before_2085"", ""Q002"": ""consensus_estimate_human_primary_cause"", ""Q003"": ""consensus_estimate_co2_warms_planet""}",consensus_stage_a,consensus_two_stage_interactive_adaptation_v1,F|target|F0254|Consensus|stage_a|replicate_1,98387b8cf7a4b55d02b3faac3cab869d17ee0ed59d0f100a8618ccb8a48f2da4,675efa1486e53a4914248132dda701b834c9e26599d8c4c4d7b41db57bfcf2b0,
F|target|F0255|Consensus|stage_a|replicate_1,F-10932f6803b60db2c9e75f77fe4f4537c68c718c,F,target,F0255,Consensus,consensus_stage_a_estimates,1,google/gemma-4-31B-it,2b81e5a5761d4bbaa9208ab2399bdd2629461cdeddc168e7b7d71b170925c31a,675efa1486e53a4914248132dda701b834c9e26599d8c4c4d7b41db57bfcf2b0,consensus_two_stage_interactive_adaptation_v1,prompt_compiler_v2_split_g_f,618425474,pending,Q001|Q002|Q003,"{""Q001"": ""consensus_estimate_net_zero_before_2085"", ""Q002"": ""consensus_estimate_human_primary_cause"", ""Q003"": ""consensus_estimate_co2_warms_planet""}",consensus_stage_a,consensus_two_stage_interactive_adaptation_v1,F|target|F0255|Consensus|stage_a|replicate_1,2b81e5a5761d4bbaa9208ab2399bdd2629461cdeddc168e7b7d71b170925c31a,675efa1486e53a4914248132dda701b834c9e26599d8c4c4d7b41db57bfcf2b0,
F|target|F0256|Consensus|stage_a|replicate_1,F-bb31b127bba64f8e86609c100a8ce833d3ccb707,F,target,F0256,Consensus,consensus_stage_a_estimates,1,google/gemma-4-31B-it,346eacf3ade5c1809b18876c8f6310a8cd3f28e7148596e4cda8149ea9e769ca,675efa1486e53a4914248132dda701b834c9e26599d8c4c4d7b41db57bfcf2b0,consensus_two_stage_interactive_adaptation_v1,prompt_compiler_v2_split_g_f,839496160,pending,Q001|Q002|Q003,"{""Q001"": ""consensus_estimate_co2_warms_planet"", ""Q002"": ""consensus_estimate_human_primary_cause"", ""Q003"": ""consensus_estimate_net_zero_before_2085""}",consensus_stage_a,consensus_two_stage_interactive_adaptation_v1,F|target|F0256|Consensus|stage_a|replicate_1,346eacf3ade5c1809b18876c8f6310a8cd3f28e7148596e4cda8149ea9e769ca,675efa1486e53a4914248132dda701b834c9e26599d8c4c4d7b41db57bfcf2b0,
F|target|F0257|Consensus|stage_a|replicate_1,F-3f6b5119244f28aced6ef33be3b7702376c125ca,F,target,F0257,Consensus,consensus_stage_a_estimates,1,google/gemma-4-31B-it,ae52d6aa315517d498db7cee70b93092da516cddcb4e7e4d8bcb2fd774c928dc,675efa1486e53a4914248132dda701b834c9e26599d8c4c4d7b41db57bfcf2b0,consensus_two_stage_interactive_adaptation_v1,prompt_compiler_v2_split_g_f,589679327,pending,Q001|Q002|Q003,"{""Q001"": ""consensus_estimate_human_primary_cause"", ""Q002"": ""consensus_estimate_co2_warms_planet"", ""Q003"": ""consensus_estimate_net_zero_before_2085""}",consensus_stage_a,consensus_two_stage_interactive_adaptation_v1,F|target|F0257|Consensus|stage_a|replicate_1,ae52d6aa315517d498db7cee70b93092da516cddcb4e7e4d8bcb2fd774c928dc,675efa1486e53a4914248132dda701b834c9e26599d8c4c4d7b41db57bfcf2b0,
F|target|F0258|Consensus|stage_a|replicate_1,F-5460bfa0f8a49ddd6265a65b5a45ef472b2e63c4,F,target,F0258,Consensus,consensus_stage_a_estimates,1,google/gemma-4-31B-it,14e9e7cbc12134c8ea75b3942670c33704d7a8011438dd8e3832cf58ad06f5bc,675efa1486e53a4914248132dda701b834c9e26599d8c4c4d7b41db57bfcf2b0,consensus_two_stage_interactive_adaptation_v1,prompt_compiler_v2_split_g_f,560340256,pending,Q001|Q002|Q003,"{""Q001"": ""consensus_estimate_human_primary_cause"", ""Q002"": ""consensus_estimate_net_zero_before_2085"", ""Q003"": ""consensus_estimate_co2_warms_planet""}",consensus_stage_a,consensus_two_stage_interactive_adaptation_v1,F|target|F0258|Consensus|stage_a|replicate_1,14e9e7cbc12134c8ea75b3942670c33704d7a8011438dd8e3832cf58ad06f5bc,675efa1486e53a4914248132dda701b834c9e26599d8c4c4d7b41db57bfcf2b0,
F|target|F0259|Consensus|stage_a|replicate_1,F-c0030b00cf33797b0361348d46a71e6e6dffa42f,F,target,F0259,Consensus,consensus_stage_a_estimates,1,google/gemma-4-31B-it,e972867a139985b94d060d34b04b229e9a511336660479833f9e7d3ae2e694e6,675efa1486e53a4914248132dda701b834c9e26599d8c4c4d7b41db57bfcf2b0,consensus_two_stage_interactive_adaptation_v1,prompt_compiler_v2_split_g_f,1329172351,pending,Q001|Q002|Q003,"{""Q001"": ""consensus_estimate_human_primary_cause"", ""Q002"": ""consensus_estimate_net_zero_before_2085"", ""Q003"": ""consensus_estimate_co2_warms_planet""}",consensus_stage_a,consensus_two_stage_interactive_adaptation_v1,F|target|F0259|Consensus|stage_a|replicate_1,e972867a139985b94d060d34b04b229e9a511336660479833f9e7d3ae2e694e6,675efa1486e53a4914248132dda701b834c9e26599d8c4c4d7b41db57bfcf2b0,
F|target|F0260|Consensus|stage_a|replicate_1,F-8b9036f6799e40032857c129dafe554f1177415f,F,target,F0260,Consensus,consensus_stage_a_estimates,1,google/gemma-4-31B-it,eceac0c68162f9e71416b98899b9e62cbff24ad73e3e1c66a37fa2830698e66e,675efa1486e53a4914248132dda701b834c9e26599d8c4c4d7b41db57bfcf2b0,consensus_two_stage_interactive_adaptation_v1,prompt_compiler_v2_split_g_f,280931826,pending,Q001|Q002|Q003,"{""Q001"": ""consensus_estimate_co2_warms_planet"", ""Q002"": ""consensus_estimate_net_zero_before_2085"", ""Q003"": ""consensus_estimate_human_primary_cause""}",consensus_stage_a,consensus_two_stage_interactive_adaptation_v1,F|target|F0260|Consensus|stage_a|replicate_1,eceac0c68162f9e71416b98899b9e62cbff24ad73e3e1c66a37fa2830698e66e,675efa1486e53a4914248132dda701b834c9e26599d8c4c4d7b41db57bfcf2b0,
F|target|F0261|Consensus|stage_a|replicate_1,F-1b94b7debc318a654aeeff2ecc7ba7f7d3097f2d,F,target,F0261,Consensus,consensus_stage_a_estimates,1,google/gemma-4-31B-it,29fb778ab9dfba7ffd44406cd7f8151db7bbe9bd9ba1f2b7772a25195f99aba0,675efa1486e53a4914248132dda701b834c9e26599d8c4c4d7b41db57bfcf2b0,consensus_two_stage_interactive_adaptation_v1,prompt_compiler_v2_split_g_f,1935342114,pending,Q001|Q002|Q003,"{""Q001"": ""consensus_estimate_human_primary_cause"", ""Q002"": ""consensus_estimate_co2_warms_planet"", ""Q003"": ""consensus_estimate_net_zero_before_2085""}",consensus_stage_a,consensus_two_stage_interactive_adaptation_v1,F|target|F0261|Consensus|stage_a|replicate_1,29fb778ab9dfba7ffd44406cd7f8151db7bbe9bd9ba1f2b7772a25195f99aba0,675efa1486e53a4914248132dda701b834c9e26599d8c4c4d7b41db57bfcf2b0,
F|target|F0262|Consensus|stage_a|replicate_1,F-36053007fe13f03be1f4fcb319f0385e7c15d3dd,F,target,F0262,Consensus,consensus_stage_a_estimates,1,google/gemma-4-31B-it,00b8c7f35d39c8b763753a79f27d18cf8674a2369f955c28ceb07dcf7b82c466,675efa1486e53a4914248132dda701b834c9e26599d8c4c4d7b41db57bfcf2b0,consensus_two_stage_interactive_adaptation_v1,prompt_compiler_v2_split_g_f,1780371531,pending,Q001|Q002|Q003,"{""Q001"": ""consensus_estimate_net_zero_before_2085"", ""Q002"": ""consensus_estimate_co2_warms_planet"", ""Q003"": ""consensus_estimate_human_primary_cause""}",consensus_stage_a,consensus_two_stage_interactive_adaptation_v1,F|target|F0262|Consensus|stage_a|replicate_1,00b8c7f35d39c8b763753a79f27d18cf8674a2369f955c28ceb07dcf7b82c466,675efa1486e53a4914248132dda701b834c9e26599d8c4c4d7b41db57bfcf2b0,
F|target|F0263|Consensus|stage_a|replicate_1,F-fc63e3e93ea05dd159dbce47e7d02ee78e931da2,F,target,F0263,Consensus,consensus_stage_a_estimates,1,google/gemma-4-31B-it,efff09f86fa70bea58a3bdd702d716abdf7d190f78775a873b0cd12439d89e1c,675efa1486e53a4914248132dda701b834c9e26599d8c4c4d7b41db57bfcf2b0,consensus_two_stage_interactive_adaptation_v1,prompt_compiler_v2_split_g_f,929572263,pending,Q001|Q002|Q003,"{""Q001"": ""consensus_estimate_human_primary_cause"", ""Q002"": ""consensus_estimate_co2_warms_planet"", ""Q003"": ""consensus_estimate_net_zero_before_2085""}",consensus_stage_a,consensus_two_stage_interactive_adaptation_v1,F|target|F0263|Consensus|stage_a|replicate_1,efff09f86fa70bea58a3bdd702d716abdf7d190f78775a873b0cd12439d89e1c,675efa1486e53a4914248132dda701b834c9e26599d8c4c4d7b41db57bfcf2b0,
F|target|F0264|Consensus|stage_a|replicate_1,F-a5ede4dabb69e5d51425667115f5e566a16691bb,F,target,F0264,Consensus,consensus_stage_a_estimates,1,google/gemma-4-31B-it,d60f667f4b96bf8658bd314e17519d67dbd36c1d269d12e3381f7879f2f74ecb,675efa1486e53a4914248132dda701b834c9e26599d8c4c4d7b41db57bfcf2b0,consensus_two_stage_interactive_adaptation_v1,prompt_compiler_v2_split_g_f,122007437,pending,Q001|Q002|Q003,"{""Q001"": ""consensus_estimate_human_primary_cause"", ""Q002"": ""consensus_estimate_co2_warms_planet"", ""Q003"": ""consensus_estimate_net_zero_before_2085""}",consensus_stage_a,consensus_two_stage_interactive_adaptation_v1,F|target|F0264|Consensus|stage_a|replicate_1,d60f667f4b96bf8658bd314e17519d67dbd36c1d269d12e3381f7879f2f74ecb,675efa1486e53a4914248132dda701b834c9e26599d8c4c4d7b41db57bfcf2b0,
F|target|F0265|Consensus|stage_a|replicate_1,F-a067af7da3617fa50829822f897865161c04d269,F,target,F0265,Consensus,consensus_stage_a_estimates,1,google/gemma-4-31B-it,96632b1ddbcbd663702e715cbdf14db5995c26e7eaf8d5dc4f4231d31ee13782,675efa1486e53a4914248132dda701b834c9e26599d8c4c4d7b41db57bfcf2b0,consensus_two_stage_interactive_adaptation_v1,prompt_compiler_v2_split_g_f,1680924322,pending,Q001|Q002|Q003,"{""Q001"": ""consensus_estimate_co2_warms_planet"", ""Q002"": ""consensus_estimate_net_zero_before_2085"", ""Q003"": ""consensus_estimate_human_primary_cause""}",consensus_stage_a,consensus_two_stage_interactive_adaptation_v1,F|target|F0265|Consensus|stage_a|replicate_1,96632b1ddbcbd663702e715cbdf14db5995c26e7eaf8d5dc4f4231d31ee13782,675efa1486e53a4914248132dda701b834c9e26599d8c4c4d7b41db57bfcf2b0,
F|target|F0266|Consensus|stage_a|replicate_1,F-2389d3b28c8a8a6a31a3fb7e26c2668908cd177a,F,target,F0266,Consensus,consensus_stage_a_estimates,1,google/gemma-4-31B-it,fa63413538a03f43b9b0e3a6962971a55849ef01ccc77046e31ac1e272323386,675efa1486e53a4914248132dda701b834c9e26599d8c4c4d7b41db57bfcf2b0,consensus_two_stage_interactive_adaptation_v1,prompt_compiler_v2_split_g_f,1402876367,pending,Q001|Q002|Q003,"{""Q001"": ""consensus_estimate_co2_warms_planet"", ""Q002"": ""consensus_estimate_net_zero_before_2085"", ""Q003"": ""consensus_estimate_human_primary_cause""}",consensus_stage_a,consensus_two_stage_interactive_adaptation_v1,F|target|F0266|Consensus|stage_a|replicate_1,fa63413538a03f43b9b0e3a6962971a55849ef01ccc77046e31ac1e272323386,675efa1486e53a4914248132dda701b834c9e26599d8c4c4d7b41db57bfcf2b0,
F|target|F0267|Consensus|stage_a|replicate_1,F-db6c13bf0a314f27ff8b4fb12d61f18bc142228d,F,target,F0267,Consensus,consensus_stage_a_estimates,1,google/gemma-4-31B-it,5e1617034e3287a2f4933402b3f2848518b6131dfc0a5dfe8d92b596a9437c6b,675efa1486e53a4914248132dda701b834c9e26599d8c4c4d7b41db57bfcf2b0,consensus_two_stage_interactive_adaptation_v1,prompt_compiler_v2_split_g_f,1091139240,pending,Q001|Q002|Q003,"{""Q001"": ""consensus_estimate_co2_warms_planet"", ""Q002"": ""consensus_estimate_net_zero_before_2085"", ""Q003"": ""consensus_estimate_human_primary_cause""}",consensus_stage_a,consensus_two_stage_interactive_adaptation_v1,F|target|F0267|Consensus|stage_a|replicate_1,5e1617034e3287a2f4933402b3f2848518b6131dfc0a5dfe8d92b596a9437c6b,675efa1486e53a4914248132dda701b834c9e26599d8c4c4d7b41db57bfcf2b0,
F|target|F0268|Consensus|stage_a|replicate_1,F-47ecebbc0c94b3ee190204aff7ac7ae46fa5918c,F,target,F0268,Consensus,consensus_stage_a_estimates,1,google/gemma-4-31B-it,2bf41dc85c331d40e47108968b60500b94dae36ea58006128cf8fc7f6cc91947,675efa1486e53a4914248132dda701b834c9e26599d8c4c4d7b41db57bfcf2b0,consensus_two_stage_interactive_adaptation_v1,prompt_compiler_v2_split_g_f,477006695,pending,Q001|Q002|Q003,"{""Q001"": ""consensus_estimate_human_primary_cause"", ""Q002"": ""consensus_estimate_co2_warms_planet"", ""Q003"": ""consensus_estimate_net_zero_before_2085""}",consensus_stage_a,consensus_two_stage_interactive_adaptation_v1,F|target|F0268|Consensus|stage_a|replicate_1,2bf41dc85c331d40e47108968b60500b94dae36ea58006128cf8fc7f6cc91947,675efa1486e53a4914248132dda701b834c9e26599d8c4c4d7b41db57bfcf2b0,
F|target|F0269|Consensus|stage_a|replicate_1,F-9708c3cf7117f1cdf180a45cda5f0d389a25795d,F,target,F0269,Consensus,consensus_stage_a_estimates,1,google/gemma-4-31B-it,cc040c8c66631f27e407ffcc3aeb4c781eca1f85802957651932a7960d131a46,675efa1486e53a4914248132dda701b834c9e26599d8c4c4d7b41db57bfcf2b0,consensus_two_stage_interactive_adaptation_v1,prompt_compiler_v2_split_g_f,522811758,pending,Q001|Q002|Q003,"{""Q001"": ""consensus_estimate_human_primary_cause"", ""Q002"": ""consensus_estimate_co2_warms_planet"", ""Q003"": ""consensus_estimate_net_zero_before_2085""}",consensus_stage_a,consensus_two_stage_interactive_adaptation_v1,F|target|F0269|Consensus|stage_a|replicate_1,cc040c8c66631f27e407ffcc3aeb4c781eca1f85802957651932a7960d131a46,675efa1486e53a4914248132dda701b834c9e26599d8c4c4d7b41db57bfcf2b0,
F|target|F0270|Consensus|stage_a|replicate_1,F-06b912fa48d6be3d654011cff20cc9aaf0c2149a,F,target,F0270,Consensus,consensus_stage_a_estimates,1,google/gemma-4-31B-it,10d39b47e2c99780e783315d9697448f207d16ab0a50f0e0404be87563e93e95,675efa1486e53a4914248132dda701b834c9e26599d8c4c4d7b41db57bfcf2b0,consensus_two_stage_interactive_adaptation_v1,prompt_compiler_v2_split_g_f,1447617585,pending,Q001|Q002|Q003,"{""Q001"": ""consensus_estimate_net_zero_before_2085"", ""Q002"": ""consensus_estimate_co2_warms_planet"", ""Q003"": ""consensus_estimate_human_primary_cause""}",consensus_stage_a,consensus_two_stage_interactive_adaptation_v1,F|target|F0270|Consensus|stage_a|replicate_1,10d39b47e2c99780e783315d9697448f207d16ab0a50f0e0404be87563e93e95,675efa1486e53a4914248132dda701b834c9e26599d8c4c4d7b41db57bfcf2b0,
F|target|F0271|Consensus|stage_a|replicate_1,F-4303f2dbf6d3480ca708a85b848a4ee2b957cb6e,F,target,F0271,Consensus,consensus_stage_a_estimates,1,google/gemma-4-31B-it,cda82cb7355a4131685195e0c2683e8d28c91a7aa324a4a1463522cf7cad64e2,675efa1486e53a4914248132dda701b834c9e26599d8c4c4d7b41db57bfcf2b0,consensus_two_stage_interactive_adaptation_v1,prompt_compiler_v2_split_g_f,2094738884,pending,Q001|Q002|Q003,"{""Q001"": ""consensus_estimate_human_primary_cause"", ""Q002"": ""consensus_estimate_co2_warms_planet"", ""Q003"": ""consensus_estimate_net_zero_before_2085""}",consensus_stage_a,consensus_two_stage_interactive_adaptation_v1,F|target|F0271|Consensus|stage_a|replicate_1,cda82cb7355a4131685195e0c2683e8d28c91a7aa324a4a1463522cf7cad64e2,675efa1486e53a4914248132dda701b834c9e26599d8c4c4d7b41db57bfcf2b0,
F|target|F0272|Consensus|stage_a|replicate_1,F-d2bc4fcfba13d8373f5374f1ee583613e28d9905,F,target,F0272,Consensus,consensus_stage_a_estimates,1,google/gemma-4-31B-it,614f2e140a0a57037df0b2ce62ab4f5548127da580141007e09217df81b4f6b5,675efa1486e53a4914248132dda701b834c9e26599d8c4c4d7b41db57bfcf2b0,consensus_two_stage_interactive_adaptation_v1,prompt_compiler_v2_split_g_f,1603041241,pending,Q001|Q002|Q003,"{""Q001"": ""consensus_estimate_co2_warms_planet"", ""Q002"": ""consensus_estimate_net_zero_before_2085"", ""Q003"": ""consensus_estimate_human_primary_cause""}",consensus_stage_a,consensus_two_stage_interactive_adaptation_v1,F|target|F0272|Consensus|stage_a|replicate_1,614f2e140a0a57037df0b2ce62ab4f5548127da580141007e09217df81b4f6b5,675efa1486e53a4914248132dda701b834c9e26599d8c4c4d7b41db57bfcf2b0,
F|target|F0273|Consensus|stage_a|replicate_1,F-f827ae4df793987a0710324573960a6d45157fd7,F,target,F0273,Consensus,consensus_stage_a_estimates,1,google/gemma-4-31B-it,43493b46a1b5c8d0e893beeb9aad0a429f6f649fd8414c42f46be021a600f1ba,675efa1486e53a4914248132dda701b834c9e26599d8c4c4d7b41db57bfcf2b0,consensus_two_stage_interactive_adaptation_v1,prompt_compiler_v2_split_g_f,1742927129,pending,Q001|Q002|Q003,"{""Q001"": ""consensus_estimate_net_zero_before_2085"", ""Q002"": ""consensus_estimate_co2_warms_planet"", ""Q003"": ""consensus_estimate_human_primary_cause""}",consensus_stage_a,consensus_two_stage_interactive_adaptation_v1,F|target|F0273|Consensus|stage_a|replicate_1,43493b46a1b5c8d0e893beeb9aad0a429f6f649fd8414c42f46be021a600f1ba,675efa1486e53a4914248132dda701b834c9e26599d8c4c4d7b41db57bfcf2b0,
F|target|F0274|Consensus|stage_a|replicate_1,F-4892c1e0d70f9a93749902b60e617b7873ba1242,F,target,F0274,Consensus,consensus_stage_a_estimates,1,google/gemma-4-31B-it,682043a6599f32c8dc8bb5f9bf8e2d026e46651b674affc53a376a15cbb343fd,675efa1486e53a4914248132dda701b834c9e26599d8c4c4d7b41db57bfcf2b0,consensus_two_stage_interactive_adaptation_v1,prompt_compiler_v2_split_g_f,1748311637,pending,Q001|Q002|Q003,"{""Q001"": ""consensus_estimate_human_primary_cause"", ""Q002"": ""consensus_estimate_net_zero_before_2085"", ""Q003"": ""consensus_estimate_co2_warms_planet""}",consensus_stage_a,consensus_two_stage_interactive_adaptation_v1,F|target|F0274|Consensus|stage_a|replicate_1,682043a6599f32c8dc8bb5f9bf8e2d026e46651b674affc53a376a15cbb343fd,675efa1486e53a4914248132dda701b834c9e26599d8c4c4d7b41db57bfcf2b0,
F|target|F0275|Consensus|stage_a|replicate_1,F-69e4c8e8830d2e9ac180759f8ac4b48655e09e64,F,target,F0275,Consensus,consensus_stage_a_estimates,1,google/gemma-4-31B-it,28c05b611e598256ef4894d18876143d144cea67dd25e4c3d1d8f25fa81708e7,675efa1486e53a4914248132dda701b834c9e26599d8c4c4d7b41db57bfcf2b0,consensus_two_stage_interactive_adaptation_v1,prompt_compiler_v2_split_g_f,1456914540,pending,Q001|Q002|Q003,"{""Q001"": ""consensus_estimate_co2_warms_planet"", ""Q002"": ""consensus_estimate_net_zero_before_2085"", ""Q003"": ""consensus_estimate_human_primary_cause""}",consensus_stage_a,consensus_two_stage_interactive_adaptation_v1,F|target|F0275|Consensus|stage_a|replicate_1,28c05b611e598256ef4894d18876143d144cea67dd25e4c3d1d8f25fa81708e7,675efa1486e53a4914248132dda701b834c9e26599d8c4c4d7b41db57bfcf2b0,
F|target|F0276|Consensus|stage_a|replicate_1,F-7c8af6898910c5c354f0776b370677c0e985fd87,F,target,F0276,Consensus,consensus_stage_a_estimates,1,google/gemma-4-31B-it,b0917de80bc8fc27e99a586695de20e1ce1d89e4a108e28e3922288bc1015f94,675efa1486e53a4914248132dda701b834c9e26599d8c4c4d7b41db57bfcf2b0,consensus_two_stage_interactive_adaptation_v1,prompt_compiler_v2_split_g_f,36090584,pending,Q001|Q002|Q003,"{""Q001"": ""consensus_estimate_net_zero_before_2085"", ""Q002"": ""consensus_estimate_co2_warms_planet"", ""Q003"": ""consensus_estimate_human_primary_cause""}",consensus_stage_a,consensus_two_stage_interactive_adaptation_v1,F|target|F0276|Consensus|stage_a|replicate_1,b0917de80bc8fc27e99a586695de20e1ce1d89e4a108e28e3922288bc1015f94,675efa1486e53a4914248132dda701b834c9e26599d8c4c4d7b41db57bfcf2b0,
F|target|F0277|Consensus|stage_a|replicate_1,F-0654453d19e062802b2288107054577ca854b36f,F,target,F0277,Consensus,consensus_stage_a_estimates,1,google/gemma-4-31B-it,5b6e63b185d7aedd68acfb868cbf5299c17407bab416c97b8bb55d53feb04337,675efa1486e53a4914248132dda701b834c9e26599d8c4c4d7b41db57bfcf2b0,consensus_two_stage_interactive_adaptation_v1,prompt_compiler_v2_split_g_f,646507770,pending,Q001|Q002|Q003,"{""Q001"": ""consensus_estimate_co2_warms_planet"", ""Q002"": ""consensus_estimate_net_zero_before_2085"", ""Q003"": ""consensus_estimate_human_primary_cause""}",consensus_stage_a,consensus_two_stage_interactive_adaptation_v1,F|target|F0277|Consensus|stage_a|replicate_1,5b6e63b185d7aedd68acfb868cbf5299c17407bab416c97b8bb55d53feb04337,675efa1486e53a4914248132dda701b834c9e26599d8c4c4d7b41db57bfcf2b0,
F|target|F0278|Consensus|stage_a|replicate_1,F-e9aeea398e4620ef50fce4b26f0c9d1cbfb5f91c,F,target,F0278,Consensus,consensus_stage_a_estimates,1,google/gemma-4-31B-it,de235c81da9ec10a629b2506aea15a6f95f950aef659122eb04250b24b0aa84c,675efa1486e53a4914248132dda701b834c9e26599d8c4c4d7b41db57bfcf2b0,consensus_two_stage_interactive_adaptation_v1,prompt_compiler_v2_split_g_f,1638135141,pending,Q001|Q002|Q003,"{""Q001"": ""consensus_estimate_co2_warms_planet"", ""Q002"": ""consensus_estimate_net_zero_before_2085"", ""Q003"": ""consensus_estimate_human_primary_cause""}",consensus_stage_a,consensus_two_stage_interactive_adaptation_v1,F|target|F0278|Consensus|stage_a|replicate_1,de235c81da9ec10a629b2506aea15a6f95f950aef659122eb04250b24b0aa84c,675efa1486e53a4914248132dda701b834c9e26599d8c4c4d7b41db57bfcf2b0,
F|target|F0279|Consensus|stage_a|replicate_1,F-56c82365cce859a078665d9c6d3c2cc7dc004309,F,target,F0279,Consensus,consensus_stage_a_estimates,1,google/gemma-4-31B-it,618f783cec2fef1b041576e8b023ace77c6c621bf0bc0fbf77ab7ae96db43262,675efa1486e53a4914248132dda701b834c9e26599d8c4c4d7b41db57bfcf2b0,consensus_two_stage_interactive_adaptation_v1,prompt_compiler_v2_split_g_f,2054725740,pending,Q001|Q002|Q003,"{""Q001"": ""consensus_estimate_net_zero_before_2085"", ""Q002"": ""consensus_estimate_co2_warms_planet"", ""Q003"": ""consensus_estimate_human_primary_cause""}",consensus_stage_a,consensus_two_stage_interactive_adaptation_v1,F|target|F0279|Consensus|stage_a|replicate_1,618f783cec2fef1b041576e8b023ace77c6c621bf0bc0fbf77ab7ae96db43262,675efa1486e53a4914248132dda701b834c9e26599d8c4c4d7b41db57bfcf2b0,
F|target|F0280|Consensus|stage_a|replicate_1,F-fa272748d7f46e27c295588828ee6f6a30288efd,F,target,F0280,Consensus,consensus_stage_a_estimates,1,google/gemma-4-31B-it,c31465f349161c997b301753672405bb4840c973b4de33b3e2e42172db8cf2f7,675efa1486e53a4914248132dda701b834c9e26599d8c4c4d7b41db57bfcf2b0,consensus_two_stage_interactive_adaptation_v1,prompt_compiler_v2_split_g_f,1279442108,pending,Q001|Q002|Q003,"{""Q001"": ""consensus_estimate_human_primary_cause"", ""Q002"": ""consensus_estimate_co2_warms_planet"", ""Q003"": ""consensus_estimate_net_zero_before_2085""}",consensus_stage_a,consensus_two_stage_interactive_adaptation_v1,F|target|F0280|Consensus|stage_a|replicate_1,c31465f349161c997b301753672405bb4840c973b4de33b3e2e42172db8cf2f7,675efa1486e53a4914248132dda701b834c9e26599d8c4c4d7b41db57bfcf2b0,
F|target|F0281|Consensus|stage_a|replicate_1,F-94ffd1da1c3e9b359c6003c6aa60db040dba7f0e,F,target,F0281,Consensus,consensus_stage_a_estimates,1,google/gemma-4-31B-it,100d8c545b96cdfff180e49450cfb9f30959d9d4a8928efcab108fb4309198b4,675efa1486e53a4914248132dda701b834c9e26599d8c4c4d7b41db57bfcf2b0,consensus_two_stage_interactive_adaptation_v1,prompt_compiler_v2_split_g_f,1178484459,pending,Q001|Q002|Q003,"{""Q001"": ""consensus_estimate_co2_warms_planet"", ""Q002"": ""consensus_estimate_human_primary_cause"", ""Q003"": ""consensus_estimate_net_zero_before_2085""}",consensus_stage_a,consensus_two_stage_interactive_adaptation_v1,F|target|F0281|Consensus|stage_a|replicate_1,100d8c545b96cdfff180e49450cfb9f30959d9d4a8928efcab108fb4309198b4,675efa1486e53a4914248132dda701b834c9e26599d8c4c4d7b41db57bfcf2b0,
F|target|F0282|Consensus|stage_a|replicate_1,F-f72f157ec8da24d76873aab038e58f704a5c7b35,F,target,F0282,Consensus,consensus_stage_a_estimates,1,google/gemma-4-31B-it,70f3745ec450e90ec7256ecca1f53fd34e64acad4fd4f43c124410cb5ed30ec2,675efa1486e53a4914248132dda701b834c9e26599d8c4c4d7b41db57bfcf2b0,consensus_two_stage_interactive_adaptation_v1,prompt_compiler_v2_split_g_f,926437336,pending,Q001|Q002|Q003,"{""Q001"": ""consensus_estimate_co2_warms_planet"", ""Q002"": ""consensus_estimate_human_primary_cause"", ""Q003"": ""consensus_estimate_net_zero_before_2085""}",consensus_stage_a,consensus_two_stage_interactive_adaptation_v1,F|target|F0282|Consensus|stage_a|replicate_1,70f3745ec450e90ec7256ecca1f53fd34e64acad4fd4f43c124410cb5ed30ec2,675efa1486e53a4914248132dda701b834c9e26599d8c4c4d7b41db57bfcf2b0,
F|target|F0283|Consensus|stage_a|replicate_1,F-e068ad3f7e3236664e8d97a878f64cdcba583057,F,target,F0283,Consensus,consensus_stage_a_estimates,1,google/gemma-4-31B-it,faedd4e95f8482a409865b35f0994290c2557454313e654b1c4041898bb4144e,675efa1486e53a4914248132dda701b834c9e26599d8c4c4d7b41db57bfcf2b0,consensus_two_stage_interactive_adaptation_v1,prompt_compiler_v2_split_g_f,1057198312,pending,Q001|Q002|Q003,"{""Q001"": ""consensus_estimate_net_zero_before_2085"", ""Q002"": ""consensus_estimate_co2_warms_planet"", ""Q003"": ""consensus_estimate_human_primary_cause""}",consensus_stage_a,consensus_two_stage_interactive_adaptation_v1,F|target|F0283|Consensus|stage_a|replicate_1,faedd4e95f8482a409865b35f0994290c2557454313e654b1c4041898bb4144e,675efa1486e53a4914248132dda701b834c9e26599d8c4c4d7b41db57bfcf2b0,
F|target|F0284|Consensus|stage_a|replicate_1,F-b957b9f9806f89cbd5170074d713380bc2a87f2a,F,target,F0284,Consensus,consensus_stage_a_estimates,1,google/gemma-4-31B-it,83a60a4a7a0d6fc17fa1fcb6fb1145c32be90f1560c82c2c0d29f24b5d3ecc83,675efa1486e53a4914248132dda701b834c9e26599d8c4c4d7b41db57bfcf2b0,consensus_two_stage_interactive_adaptation_v1,prompt_compiler_v2_split_g_f,1931410880,pending,Q001|Q002|Q003,"{""Q001"": ""consensus_estimate_co2_warms_planet"", ""Q002"": ""consensus_estimate_net_zero_before_2085"", ""Q003"": ""consensus_estimate_human_primary_cause""}",consensus_stage_a,consensus_two_stage_interactive_adaptation_v1,F|target|F0284|Consensus|stage_a|replicate_1,83a60a4a7a0d6fc17fa1fcb6fb1145c32be90f1560c82c2c0d29f24b5d3ecc83,675efa1486e53a4914248132dda701b834c9e26599d8c4c4d7b41db57bfcf2b0,
F|target|F0285|Consensus|stage_a|replicate_1,F-f8451a616a7172e2befa64c85c26e789413d5d59,F,target,F0285,Consensus,consensus_stage_a_estimates,1,google/gemma-4-31B-it,97640c684b2efca85f69c14a77bdc7abd163b580ca9d30bd95630b6fad3bfe5e,675efa1486e53a4914248132dda701b834c9e26599d8c4c4d7b41db57bfcf2b0,consensus_two_stage_interactive_adaptation_v1,prompt_compiler_v2_split_g_f,1526441896,pending,Q001|Q002|Q003,"{""Q001"": ""consensus_estimate_net_zero_before_2085"", ""Q002"": ""consensus_estimate_human_primary_cause"", ""Q003"": ""consensus_estimate_co2_warms_planet""}",consensus_stage_a,consensus_two_stage_interactive_adaptation_v1,F|target|F0285|Consensus|stage_a|replicate_1,97640c684b2efca85f69c14a77bdc7abd163b580ca9d30bd95630b6fad3bfe5e,675efa1486e53a4914248132dda701b834c9e26599d8c4c4d7b41db57bfcf2b0,
F|target|F0286|Consensus|stage_a|replicate_1,F-baf7f0b2e328207fe7bb6bf4c04bb86944cca459,F,target,F0286,Consensus,consensus_stage_a_estimates,1,google/gemma-4-31B-it,03a6a8502998ec5b77689db57b3086bcbbf95365c346f046009d6def9a44b3ef,675efa1486e53a4914248132dda701b834c9e26599d8c4c4d7b41db57bfcf2b0,consensus_two_stage_interactive_adaptation_v1,prompt_compiler_v2_split_g_f,1494745575,pending,Q001|Q002|Q003,"{""Q001"": ""consensus_estimate_net_zero_before_2085"", ""Q002"": ""consensus_estimate_human_primary_cause"", ""Q003"": ""consensus_estimate_co2_warms_planet""}",consensus_stage_a,consensus_two_stage_interactive_adaptation_v1,F|target|F0286|Consensus|stage_a|replicate_1,03a6a8502998ec5b77689db57b3086bcbbf95365c346f046009d6def9a44b3ef,675efa1486e53a4914248132dda701b834c9e26599d8c4c4d7b41db57bfcf2b0,
F|target|F0287|Consensus|stage_a|replicate_1,F-e2e2fe1c5a589acfadc2a85598b5b359f3e8dbe7,F,target,F0287,Consensus,consensus_stage_a_estimates,1,google/gemma-4-31B-it,894f72245ea9e0617448953591969e4e1d970fe1fbd353ee6698ca0adcdb6961,675efa1486e53a4914248132dda701b834c9e26599d8c4c4d7b41db57bfcf2b0,consensus_two_stage_interactive_adaptation_v1,prompt_compiler_v2_split_g_f,538875659,pending,Q001|Q002|Q003,"{""Q001"": ""consensus_estimate_human_primary_cause"", ""Q002"": ""consensus_estimate_net_zero_before_2085"", ""Q003"": ""consensus_estimate_co2_warms_planet""}",consensus_stage_a,consensus_two_stage_interactive_adaptation_v1,F|target|F0287|Consensus|stage_a|replicate_1,894f72245ea9e0617448953591969e4e1d970fe1fbd353ee6698ca0adcdb6961,675efa1486e53a4914248132dda701b834c9e26599d8c4c4d7b41db57bfcf2b0,
F|target|F0288|Consensus|stage_a|replicate_1,F-db34cec4fd2fb1d412642dd1c6735c5737a58227,F,target,F0288,Consensus,consensus_stage_a_estimates,1,google/gemma-4-31B-it,ee480822064aa1b4900c226068a08f1a0b9d06fd187a2ec2ca503cc424b71c56,675efa1486e53a4914248132dda701b834c9e26599d8c4c4d7b41db57bfcf2b0,consensus_two_stage_interactive_adaptation_v1,prompt_compiler_v2_split_g_f,865685345,pending,Q001|Q002|Q003,"{""Q001"": ""consensus_estimate_co2_warms_planet"", ""Q002"": ""consensus_estimate_net_zero_before_2085"", ""Q003"": ""consensus_estimate_human_primary_cause""}",consensus_stage_a,consensus_two_stage_interactive_adaptation_v1,F|target|F0288|Consensus|stage_a|replicate_1,ee480822064aa1b4900c226068a08f1a0b9d06fd187a2ec2ca503cc424b71c56,675efa1486e53a4914248132dda701b834c9e26599d8c4c4d7b41db57bfcf2b0,
F|target|F0289|Consensus|stage_a|replicate_1,F-902ce93360a5e6677ce4f82c0d21a841ebd4abbf,F,target,F0289,Consensus,consensus_stage_a_estimates,1,google/gemma-4-31B-it,2d5ff9d50e0ac626cc806dec087d5009fcde70f29f794ddbd397f2873ca18e6f,675efa1486e53a4914248132dda701b834c9e26599d8c4c4d7b41db57bfcf2b0,consensus_two_stage_interactive_adaptation_v1,prompt_compiler_v2_split_g_f,16758992,pending,Q001|Q002|Q003,"{""Q001"": ""consensus_estimate_co2_warms_planet"", ""Q002"": ""consensus_estimate_net_zero_before_2085"", ""Q003"": ""consensus_estimate_human_primary_cause""}",consensus_stage_a,consensus_two_stage_interactive_adaptation_v1,F|target|F0289|Consensus|stage_a|replicate_1,2d5ff9d50e0ac626cc806dec087d5009fcde70f29f794ddbd397f2873ca18e6f,675efa1486e53a4914248132dda701b834c9e26599d8c4c4d7b41db57bfcf2b0,
F|target|F0290|Consensus|stage_a|replicate_1,F-b4427fb81cd0bfb0033215f4168b21c814fa3ab0,F,target,F0290,Consensus,consensus_stage_a_estimates,1,google/gemma-4-31B-it,4c96682e8c7086305c7862348986d78fe910688501b37f822040d657d24ff781,675efa1486e53a4914248132dda701b834c9e26599d8c4c4d7b41db57bfcf2b0,consensus_two_stage_interactive_adaptation_v1,prompt_compiler_v2_split_g_f,89505571,pending,Q001|Q002|Q003,"{""Q001"": ""consensus_estimate_human_primary_cause"", ""Q002"": ""consensus_estimate_net_zero_before_2085"", ""Q003"": ""consensus_estimate_co2_warms_planet""}",consensus_stage_a,consensus_two_stage_interactive_adaptation_v1,F|target|F0290|Consensus|stage_a|replicate_1,4c96682e8c7086305c7862348986d78fe910688501b37f822040d657d24ff781,675efa1486e53a4914248132dda701b834c9e26599d8c4c4d7b41db57bfcf2b0,
F|target|F0291|Consensus|stage_a|replicate_1,F-8042c53ff78a7598f12f28e7266ec84e7105b285,F,target,F0291,Consensus,consensus_stage_a_estimates,1,google/gemma-4-31B-it,3cd22b43c9667c18b0b9d124cf6ed87cc30b00371f93b3ed8d8f41e443aecab7,675efa1486e53a4914248132dda701b834c9e26599d8c4c4d7b41db57bfcf2b0,consensus_two_stage_interactive_adaptation_v1,prompt_compiler_v2_split_g_f,2014314521,pending,Q001|Q002|Q003,"{""Q001"": ""consensus_estimate_net_zero_before_2085"", ""Q002"": ""consensus_estimate_human_primary_cause"", ""Q003"": ""consensus_estimate_co2_warms_planet""}",consensus_stage_a,consensus_two_stage_interactive_adaptation_v1,F|target|F0291|Consensus|stage_a|replicate_1,3cd22b43c9667c18b0b9d124cf6ed87cc30b00371f93b3ed8d8f41e443aecab7,675efa1486e53a4914248132dda701b834c9e26599d8c4c4d7b41db57bfcf2b0,
F|target|F0292|Consensus|stage_a|replicate_1,F-459cdbe871471e26f42d0f703e4347ca5364d4fd,F,target,F0292,Consensus,consensus_stage_a_estimates,1,google/gemma-4-31B-it,ed9c8179f507f0eef2a06ca821d28cc48dbfd26337512db75b221e9cdcba5428,675efa1486e53a4914248132dda701b834c9e26599d8c4c4d7b41db57bfcf2b0,consensus_two_stage_interactive_adaptation_v1,prompt_compiler_v2_split_g_f,2088818167,pending,Q001|Q002|Q003,"{""Q001"": ""consensus_estimate_co2_warms_planet"", ""Q002"": ""consensus_estimate_net_zero_before_2085"", ""Q003"": ""consensus_estimate_human_primary_cause""}",consensus_stage_a,consensus_two_stage_interactive_adaptation_v1,F|target|F0292|Consensus|stage_a|replicate_1,ed9c8179f507f0eef2a06ca821d28cc48dbfd26337512db75b221e9cdcba5428,675efa1486e53a4914248132dda701b834c9e26599d8c4c4d7b41db57bfcf2b0,
F|target|F0293|Consensus|stage_a|replicate_1,F-ad2ea93dfa2b8fb1c3d5b0499ef7850e636271f4,F,target,F0293,Consensus,consensus_stage_a_estimates,1,google/gemma-4-31B-it,50dceeb6fcad26b349c2b4543453a53364173bf6913a7802864befe6c88fb719,675efa1486e53a4914248132dda701b834c9e26599d8c4c4d7b41db57bfcf2b0,consensus_two_stage_interactive_adaptation_v1,prompt_compiler_v2_split_g_f,1418256943,pending,Q001|Q002|Q003,"{""Q001"": ""consensus_estimate_co2_warms_planet"", ""Q002"": ""consensus_estimate_human_primary_cause"", ""Q003"": ""consensus_estimate_net_zero_before_2085""}",consensus_stage_a,consensus_two_stage_interactive_adaptation_v1,F|target|F0293|Consensus|stage_a|replicate_1,50dceeb6fcad26b349c2b4543453a53364173bf6913a7802864befe6c88fb719,675efa1486e53a4914248132dda701b834c9e26599d8c4c4d7b41db57bfcf2b0,
F|target|F0294|Consensus|stage_a|replicate_1,F-1371a9f7a65ee4e9b3a8d8c1d4606c0a1fb355f0,F,target,F0294,Consensus,consensus_stage_a_estimates,1,google/gemma-4-31B-it,d760b520aab66aec32ae6bb82d4c92ec7ba6e6215360839c88f6af5036219b80,675efa1486e53a4914248132dda701b834c9e26599d8c4c4d7b41db57bfcf2b0,consensus_two_stage_interactive_adaptation_v1,prompt_compiler_v2_split_g_f,1296185560,pending,Q001|Q002|Q003,"{""Q001"": ""consensus_estimate_human_primary_cause"", ""Q002"": ""consensus_estimate_net_zero_before_2085"", ""Q003"": ""consensus_estimate_co2_warms_planet""}",consensus_stage_a,consensus_two_stage_interactive_adaptation_v1,F|target|F0294|Consensus|stage_a|replicate_1,d760b520aab66aec32ae6bb82d4c92ec7ba6e6215360839c88f6af5036219b80,675efa1486e53a4914248132dda701b834c9e26599d8c4c4d7b41db57bfcf2b0,
F|target|F0295|Consensus|stage_a|replicate_1,F-a01d12eb7e2afcd927edec7d6eae282659b755ea,F,target,F0295,Consensus,consensus_stage_a_estimates,1,google/gemma-4-31B-it,a0b97f589916e045f67bf2c52c4e274959c4b75678f1d9674399bc008181265e,675efa1486e53a4914248132dda701b834c9e26599d8c4c4d7b41db57bfcf2b0,consensus_two_stage_interactive_adaptation_v1,prompt_compiler_v2_split_g_f,1046815410,pending,Q001|Q002|Q003,"{""Q001"": ""consensus_estimate_human_primary_cause"", ""Q002"": ""consensus_estimate_net_zero_before_2085"", ""Q003"": ""consensus_estimate_co2_warms_planet""}",consensus_stage_a,consensus_two_stage_interactive_adaptation_v1,F|target|F0295|Consensus|stage_a|replicate_1,a0b97f589916e045f67bf2c52c4e274959c4b75678f1d9674399bc008181265e,675efa1486e53a4914248132dda701b834c9e26599d8c4c4d7b41db57bfcf2b0,
F|target|F0296|Consensus|stage_a|replicate_1,F-d5bbd992077c8cd62ecdc0d933ccfeb1363f5c34,F,target,F0296,Consensus,consensus_stage_a_estimates,1,google/gemma-4-31B-it,e6ef01dc907945ced012bf291b45d43adc9219b2252da2b234487f10fdb473e5,675efa1486e53a4914248132dda701b834c9e26599d8c4c4d7b41db57bfcf2b0,consensus_two_stage_interactive_adaptation_v1,prompt_compiler_v2_split_g_f,854867965,pending,Q001|Q002|Q003,"{""Q001"": ""consensus_estimate_human_primary_cause"", ""Q002"": ""consensus_estimate_net_zero_before_2085"", ""Q003"": ""consensus_estimate_co2_warms_planet""}",consensus_stage_a,consensus_two_stage_interactive_adaptation_v1,F|target|F0296|Consensus|stage_a|replicate_1,e6ef01dc907945ced012bf291b45d43adc9219b2252da2b234487f10fdb473e5,675efa1486e53a4914248132dda701b834c9e26599d8c4c4d7b41db57bfcf2b0,
F|target|F0297|Consensus|stage_a|replicate_1,F-838d99d2a2f04230512de6a14fa6f2e8493bb6f7,F,target,F0297,Consensus,consensus_stage_a_estimates,1,google/gemma-4-31B-it,2453f9d46567b7b351a48934b9f602b1fcd9ec1dd033562d731c40c0e6a2ab40,675efa1486e53a4914248132dda701b834c9e26599d8c4c4d7b41db57bfcf2b0,consensus_two_stage_interactive_adaptation_v1,prompt_compiler_v2_split_g_f,705394135,pending,Q001|Q002|Q003,"{""Q001"": ""consensus_estimate_co2_warms_planet"", ""Q002"": ""consensus_estimate_human_primary_cause"", ""Q003"": ""consensus_estimate_net_zero_before_2085""}",consensus_stage_a,consensus_two_stage_interactive_adaptation_v1,F|target|F0297|Consensus|stage_a|replicate_1,2453f9d46567b7b351a48934b9f602b1fcd9ec1dd033562d731c40c0e6a2ab40,675efa1486e53a4914248132dda701b834c9e26599d8c4c4d7b41db57bfcf2b0,
F|target|F0298|Consensus|stage_a|replicate_1,F-f9f78e7b7e9888867c1281612003c527c0210b94,F,target,F0298,Consensus,consensus_stage_a_estimates,1,google/gemma-4-31B-it,a21c666777628b3f2eaa457c8ac50f668018344a44f045e5cc6314b392736dc4,675efa1486e53a4914248132dda701b834c9e26599d8c4c4d7b41db57bfcf2b0,consensus_two_stage_interactive_adaptation_v1,prompt_compiler_v2_split_g_f,1921492352,pending,Q001|Q002|Q003,"{""Q001"": ""consensus_estimate_co2_warms_planet"", ""Q002"": ""consensus_estimate_net_zero_before_2085"", ""Q003"": ""consensus_estimate_human_primary_cause""}",consensus_stage_a,consensus_two_stage_interactive_adaptation_v1,F|target|F0298|Consensus|stage_a|replicate_1,a21c666777628b3f2eaa457c8ac50f668018344a44f045e5cc6314b392736dc4,675efa1486e53a4914248132dda701b834c9e26599d8c4c4d7b41db57bfcf2b0,
F|target|F0299|Consensus|stage_a|replicate_1,F-48d2ec60ae39c2090ea8c090ab7972a67d5b883c,F,target,F0299,Consensus,consensus_stage_a_estimates,1,google/gemma-4-31B-it,b2bc88fa4976b62e657eff471088eadbf63723514a82b417aaddbd8ab5f63cc7,675efa1486e53a4914248132dda701b834c9e26599d8c4c4d7b41db57bfcf2b0,consensus_two_stage_interactive_adaptation_v1,prompt_compiler_v2_split_g_f,1071618763,pending,Q001|Q002|Q003,"{""Q001"": ""consensus_estimate_human_primary_cause"", ""Q002"": ""consensus_estimate_co2_warms_planet"", ""Q003"": ""consensus_estimate_net_zero_before_2085""}",consensus_stage_a,consensus_two_stage_interactive_adaptation_v1,F|target|F0299|Consensus|stage_a|replicate_1,b2bc88fa4976b62e657eff471088eadbf63723514a82b417aaddbd8ab5f63cc7,675efa1486e53a4914248132dda701b834c9e26599d8c4c4d7b41db57bfcf2b0,
F|target|F0300|Consensus|stage_a|replicate_1,F-08c17609025c1ba0b96e4afea853ddddd7d5952d,F,target,F0300,Consensus,consensus_stage_a_estimates,1,google/gemma-4-31B-it,42e06c82b54ac27a2a50ecac4aa65ea99021ea8dc3d76e68f29c13ba98980406,675efa1486e53a4914248132dda701b834c9e26599d8c4c4d7b41db57bfcf2b0,consensus_two_stage_interactive_adaptation_v1,prompt_compiler_v2_split_g_f,333383602,pending,Q001|Q002|Q003,"{""Q001"": ""consensus_estimate_net_zero_before_2085"", ""Q002"": ""consensus_estimate_human_primary_cause"", ""Q003"": ""consensus_estimate_co2_warms_planet""}",consensus_stage_a,consensus_two_stage_interactive_adaptation_v1,F|target|F0300|Consensus|stage_a|replicate_1,42e06c82b54ac27a2a50ecac4aa65ea99021ea8dc3d76e68f29c13ba98980406,675efa1486e53a4914248132dda701b834c9e26599d8c4c4d7b41db57bfcf2b0,
F|target|F0301|Consensus|stage_a|replicate_1,F-f622e50f535b693d2852b8c7e1e02db791e452ce,F,target,F0301,Consensus,consensus_stage_a_estimates,1,google/gemma-4-31B-it,ec45c4146cca5c2f6435c20f1430c489c89c20dbdb53a390ce7b53d1b3fcd516,675efa1486e53a4914248132dda701b834c9e26599d8c4c4d7b41db57bfcf2b0,consensus_two_stage_interactive_adaptation_v1,prompt_compiler_v2_split_g_f,1067529055,pending,Q001|Q002|Q003,"{""Q001"": ""consensus_estimate_co2_warms_planet"", ""Q002"": ""consensus_estimate_human_primary_cause"", ""Q003"": ""consensus_estimate_net_zero_before_2085""}",consensus_stage_a,consensus_two_stage_interactive_adaptation_v1,F|target|F0301|Consensus|stage_a|replicate_1,ec45c4146cca5c2f6435c20f1430c489c89c20dbdb53a390ce7b53d1b3fcd516,675efa1486e53a4914248132dda701b834c9e26599d8c4c4d7b41db57bfcf2b0,
F|target|F0302|Consensus|stage_a|replicate_1,F-d8a113fd1359c8332111b70d546f7adbf3dfffd5,F,target,F0302,Consensus,consensus_stage_a_estimates,1,google/gemma-4-31B-it,dd8367225fde1baf28f2ad7ad27baa1e92c1a4261681330a2a1ce8becbf67d1f,675efa1486e53a4914248132dda701b834c9e26599d8c4c4d7b41db57bfcf2b0,consensus_two_stage_interactive_adaptation_v1,prompt_compiler_v2_split_g_f,1151070256,pending,Q001|Q002|Q003,"{""Q001"": ""consensus_estimate_co2_warms_planet"", ""Q002"": ""consensus_estimate_net_zero_before_2085"", ""Q003"": ""consensus_estimate_human_primary_cause""}",consensus_stage_a,consensus_two_stage_interactive_adaptation_v1,F|target|F0302|Consensus|stage_a|replicate_1,dd8367225fde1baf28f2ad7ad27baa1e92c1a4261681330a2a1ce8becbf67d1f,675efa1486e53a4914248132dda701b834c9e26599d8c4c4d7b41db57bfcf2b0,
F|target|F0303|Consensus|stage_a|replicate_1,F-b7adede18b05f3802779f4df20c67c6e9eea0355,F,target,F0303,Consensus,consensus_stage_a_estimates,1,google/gemma-4-31B-it,6cc8acb024189a25de118e46f4b3057dc243f1cbe15dbb01b2236b8e3aa9fc52,675efa1486e53a4914248132dda701b834c9e26599d8c4c4d7b41db57bfcf2b0,consensus_two_stage_interactive_adaptation_v1,prompt_compiler_v2_split_g_f,2053230405,pending,Q001|Q002|Q003,"{""Q001"": ""consensus_estimate_net_zero_before_2085"", ""Q002"": ""consensus_estimate_human_primary_cause"", ""Q003"": ""consensus_estimate_co2_warms_planet""}",consensus_stage_a,consensus_two_stage_interactive_adaptation_v1,F|target|F0303|Consensus|stage_a|replicate_1,6cc8acb024189a25de118e46f4b3057dc243f1cbe15dbb01b2236b8e3aa9fc52,675efa1486e53a4914248132dda701b834c9e26599d8c4c4d7b41db57bfcf2b0,
F|target|F0304|Consensus|stage_a|replicate_1,F-cdccc02b435314c39d94fc21f9b5074bf1215793,F,target,F0304,Consensus,consensus_stage_a_estimates,1,google/gemma-4-31B-it,664cf905dfc8520eca8ca3e9d15745b41086d1e593e8ebd625fc97b808efbeb3,675efa1486e53a4914248132dda701b834c9e26599d8c4c4d7b41db57bfcf2b0,consensus_two_stage_interactive_adaptation_v1,prompt_compiler_v2_split_g_f,1592562972,pending,Q001|Q002|Q003,"{""Q001"": ""consensus_estimate_co2_warms_planet"", ""Q002"": ""consensus_estimate_net_zero_before_2085"", ""Q003"": ""consensus_estimate_human_primary_cause""}",consensus_stage_a,consensus_two_stage_interactive_adaptation_v1,F|target|F0304|Consensus|stage_a|replicate_1,664cf905dfc8520eca8ca3e9d15745b41086d1e593e8ebd625fc97b808efbeb3,675efa1486e53a4914248132dda701b834c9e26599d8c4c4d7b41db57bfcf2b0,
F|target|F0305|Consensus|stage_a|replicate_1,F-cdfb13f2dc56be82885813712a54c8aa0af36518,F,target,F0305,Consensus,consensus_stage_a_estimates,1,google/gemma-4-31B-it,4a3c8ab19f3b71ecdb81dddb868b841846eb6f2e343fbf1656814242c5ce1d9a,675efa1486e53a4914248132dda701b834c9e26599d8c4c4d7b41db57bfcf2b0,consensus_two_stage_interactive_adaptation_v1,prompt_compiler_v2_split_g_f,2018305642,pending,Q001|Q002|Q003,"{""Q001"": ""consensus_estimate_co2_warms_planet"", ""Q002"": ""consensus_estimate_net_zero_before_2085"", ""Q003"": ""consensus_estimate_human_primary_cause""}",consensus_stage_a,consensus_two_stage_interactive_adaptation_v1,F|target|F0305|Consensus|stage_a|replicate_1,4a3c8ab19f3b71ecdb81dddb868b841846eb6f2e343fbf1656814242c5ce1d9a,675efa1486e53a4914248132dda701b834c9e26599d8c4c4d7b41db57bfcf2b0,
F|target|F0306|Consensus|stage_a|replicate_1,F-a8bebc6e666ea321c1af89e14e4d86508f9d3122,F,target,F0306,Consensus,consensus_stage_a_estimates,1,google/gemma-4-31B-it,bd5ccc1e0d58a71076a8af252ab19090200ff802ccc9b4f58e1e690a1c8f4da8,675efa1486e53a4914248132dda701b834c9e26599d8c4c4d7b41db57bfcf2b0,consensus_two_stage_interactive_adaptation_v1,prompt_compiler_v2_split_g_f,938220544,pending,Q001|Q002|Q003,"{""Q001"": ""consensus_estimate_co2_warms_planet"", ""Q002"": ""consensus_estimate_net_zero_before_2085"", ""Q003"": ""consensus_estimate_human_primary_cause""}",consensus_stage_a,consensus_two_stage_interactive_adaptation_v1,F|target|F0306|Consensus|stage_a|replicate_1,bd5ccc1e0d58a71076a8af252ab19090200ff802ccc9b4f58e1e690a1c8f4da8,675efa1486e53a4914248132dda701b834c9e26599d8c4c4d7b41db57bfcf2b0,
F|target|F0307|Consensus|stage_a|replicate_1,F-c5712c0b8a5344707fb13ee7d5a3872beb156994,F,target,F0307,Consensus,consensus_stage_a_estimates,1,google/gemma-4-31B-it,6b4ef37cbcc5086432915bda6721ab88b91a483e55a4d1920f5652429f95ee6e,675efa1486e53a4914248132dda701b834c9e26599d8c4c4d7b41db57bfcf2b0,consensus_two_stage_interactive_adaptation_v1,prompt_compiler_v2_split_g_f,355835018,pending,Q001|Q002|Q003,"{""Q001"": ""consensus_estimate_human_primary_cause"", ""Q002"": ""consensus_estimate_co2_warms_planet"", ""Q003"": ""consensus_estimate_net_zero_before_2085""}",consensus_stage_a,consensus_two_stage_interactive_adaptation_v1,F|target|F0307|Consensus|stage_a|replicate_1,6b4ef37cbcc5086432915bda6721ab88b91a483e55a4d1920f5652429f95ee6e,675efa1486e53a4914248132dda701b834c9e26599d8c4c4d7b41db57bfcf2b0,
F|target|F0308|Consensus|stage_a|replicate_1,F-f903567a0256c1f1c8886c2e13918bbda7ccaef9,F,target,F0308,Consensus,consensus_stage_a_estimates,1,google/gemma-4-31B-it,c85c58d5dde7998488359c965966d2280c28a65aacc624b12cae774a924fac81,675efa1486e53a4914248132dda701b834c9e26599d8c4c4d7b41db57bfcf2b0,consensus_two_stage_interactive_adaptation_v1,prompt_compiler_v2_split_g_f,1952280296,pending,Q001|Q002|Q003,"{""Q001"": ""consensus_estimate_co2_warms_planet"", ""Q002"": ""consensus_estimate_human_primary_cause"", ""Q003"": ""consensus_estimate_net_zero_before_2085""}",consensus_stage_a,consensus_two_stage_interactive_adaptation_v1,F|target|F0308|Consensus|stage_a|replicate_1,c85c58d5dde7998488359c965966d2280c28a65aacc624b12cae774a924fac81,675efa1486e53a4914248132dda701b834c9e26599d8c4c4d7b41db57bfcf2b0,
F|target|F0309|Consensus|stage_a|replicate_1,F-9a5152232630fddf0024774470d1381f492baf89,F,target,F0309,Consensus,consensus_stage_a_estimates,1,google/gemma-4-31B-it,21dc1c95033733f2a1eb800f721c7273ebf1fc1db892f86222e6ed58c6f2344b,675efa1486e53a4914248132dda701b834c9e26599d8c4c4d7b41db57bfcf2b0,consensus_two_stage_interactive_adaptation_v1,prompt_compiler_v2_split_g_f,1523819047,pending,Q001|Q002|Q003,"{""Q001"": ""consensus_estimate_co2_warms_planet"", ""Q002"": ""consensus_estimate_net_zero_before_2085"", ""Q003"": ""consensus_estimate_human_primary_cause""}",consensus_stage_a,consensus_two_stage_interactive_adaptation_v1,F|target|F0309|Consensus|stage_a|replicate_1,21dc1c95033733f2a1eb800f721c7273ebf1fc1db892f86222e6ed58c6f2344b,675efa1486e53a4914248132dda701b834c9e26599d8c4c4d7b41db57bfcf2b0,
F|target|F0310|Consensus|stage_a|replicate_1,F-a3eda7081517f7b1ac6dd91852de17184aede5f6,F,target,F0310,Consensus,consensus_stage_a_estimates,1,google/gemma-4-31B-it,ec37a3c5aed9f182c6fe5a1f32e6f9c79c9912df8492678b9fb32773815da2f2,675efa1486e53a4914248132dda701b834c9e26599d8c4c4d7b41db57bfcf2b0,consensus_two_stage_interactive_adaptation_v1,prompt_compiler_v2_split_g_f,1559446979,pending,Q001|Q002|Q003,"{""Q001"": ""consensus_estimate_net_zero_before_2085"", ""Q002"": ""consensus_estimate_co2_warms_planet"", ""Q003"": ""consensus_estimate_human_primary_cause""}",consensus_stage_a,consensus_two_stage_interactive_adaptation_v1,F|target|F0310|Consensus|stage_a|replicate_1,ec37a3c5aed9f182c6fe5a1f32e6f9c79c9912df8492678b9fb32773815da2f2,675efa1486e53a4914248132dda701b834c9e26599d8c4c4d7b41db57bfcf2b0,
F|target|F0311|Consensus|stage_a|replicate_1,F-2169c22fa985a8818405e2a7ee77e533708a0ebc,F,target,F0311,Consensus,consensus_stage_a_estimates,1,google/gemma-4-31B-it,75f1881f169518c400574605bd099c945359f28b85b0f82411c1b3dfb8052221,675efa1486e53a4914248132dda701b834c9e26599d8c4c4d7b41db57bfcf2b0,consensus_two_stage_interactive_adaptation_v1,prompt_compiler_v2_split_g_f,1817783520,pending,Q001|Q002|Q003,"{""Q001"": ""consensus_estimate_co2_warms_planet"", ""Q002"": ""consensus_estimate_human_primary_cause"", ""Q003"": ""consensus_estimate_net_zero_before_2085""}",consensus_stage_a,consensus_two_stage_interactive_adaptation_v1,F|target|F0311|Consensus|stage_a|replicate_1,75f1881f169518c400574605bd099c945359f28b85b0f82411c1b3dfb8052221,675efa1486e53a4914248132dda701b834c9e26599d8c4c4d7b41db57bfcf2b0,
F|target|F0312|Consensus|stage_a|replicate_1,F-73028da2b39e304ff485c68980e8b808f00e6360,F,target,F0312,Consensus,consensus_stage_a_estimates,1,google/gemma-4-31B-it,322e87c05942ad55fb9f777a279e06b5ceefd7bd4381ea07242e4737582847ba,675efa1486e53a4914248132dda701b834c9e26599d8c4c4d7b41db57bfcf2b0,consensus_two_stage_interactive_adaptation_v1,prompt_compiler_v2_split_g_f,430132118,pending,Q001|Q002|Q003,"{""Q001"": ""consensus_estimate_human_primary_cause"", ""Q002"": ""consensus_estimate_co2_warms_planet"", ""Q003"": ""consensus_estimate_net_zero_before_2085""}",consensus_stage_a,consensus_two_stage_interactive_adaptation_v1,F|target|F0312|Consensus|stage_a|replicate_1,322e87c05942ad55fb9f777a279e06b5ceefd7bd4381ea07242e4737582847ba,675efa1486e53a4914248132dda701b834c9e26599d8c4c4d7b41db57bfcf2b0,
F|target|F0313|Consensus|stage_a|replicate_1,F-c988c69944222885dae0a27ac126fe746bc4bbd5,F,target,F0313,Consensus,consensus_stage_a_estimates,1,google/gemma-4-31B-it,2fabbc3df05ae5029760d4f5d396fd93e5ed03673b25a88430cf4d916b728b2f,675efa1486e53a4914248132dda701b834c9e26599d8c4c4d7b41db57bfcf2b0,consensus_two_stage_interactive_adaptation_v1,prompt_compiler_v2_split_g_f,1463006650,pending,Q001|Q002|Q003,"{""Q001"": ""consensus_estimate_net_zero_before_2085"", ""Q002"": ""consensus_estimate_co2_warms_planet"", ""Q003"": ""consensus_estimate_human_primary_cause""}",consensus_stage_a,consensus_two_stage_interactive_adaptation_v1,F|target|F0313|Consensus|stage_a|replicate_1,2fabbc3df05ae5029760d4f5d396fd93e5ed03673b25a88430cf4d916b728b2f,675efa1486e53a4914248132dda701b834c9e26599d8c4c4d7b41db57bfcf2b0,
F|target|F0314|Consensus|stage_a|replicate_1,F-75226f0757d6d5e838edcdf8b4bdda04be664f65,F,target,F0314,Consensus,consensus_stage_a_estimates,1,google/gemma-4-31B-it,dbbad51dee51d74a4bfb3219174772d6a800e654c3650a6427ea2a088559d372,675efa1486e53a4914248132dda701b834c9e26599d8c4c4d7b41db57bfcf2b0,consensus_two_stage_interactive_adaptation_v1,prompt_compiler_v2_split_g_f,1109111800,pending,Q001|Q002|Q003,"{""Q001"": ""consensus_estimate_net_zero_before_2085"", ""Q002"": ""consensus_estimate_human_primary_cause"", ""Q003"": ""consensus_estimate_co2_warms_planet""}",consensus_stage_a,consensus_two_stage_interactive_adaptation_v1,F|target|F0314|Consensus|stage_a|replicate_1,dbbad51dee51d74a4bfb3219174772d6a800e654c3650a6427ea2a088559d372,675efa1486e53a4914248132dda701b834c9e26599d8c4c4d7b41db57bfcf2b0,
F|target|F0315|Consensus|stage_a|replicate_1,F-d39847ea525697f266d29da91be5d38286d7e11c,F,target,F0315,Consensus,consensus_stage_a_estimates,1,google/gemma-4-31B-it,01a287254738ef5c333b09e355d665ebe710fef10332ad9a206abbff34f27994,675efa1486e53a4914248132dda701b834c9e26599d8c4c4d7b41db57bfcf2b0,consensus_two_stage_interactive_adaptation_v1,prompt_compiler_v2_split_g_f,2038900681,pending,Q001|Q002|Q003,"{""Q001"": ""consensus_estimate_co2_warms_planet"", ""Q002"": ""consensus_estimate_net_zero_before_2085"", ""Q003"": ""consensus_estimate_human_primary_cause""}",consensus_stage_a,consensus_two_stage_interactive_adaptation_v1,F|target|F0315|Consensus|stage_a|replicate_1,01a287254738ef5c333b09e355d665ebe710fef10332ad9a206abbff34f27994,675efa1486e53a4914248132dda701b834c9e26599d8c4c4d7b41db57bfcf2b0,
F|target|F0316|Consensus|stage_a|replicate_1,F-8ee0822b7f5a22adfc068193e460777e55b468ed,F,target,F0316,Consensus,consensus_stage_a_estimates,1,google/gemma-4-31B-it,eb96d53323d67f2697d23b659a521b3e34a37a7f5a56b82e8f14ecb07526433f,675efa1486e53a4914248132dda701b834c9e26599d8c4c4d7b41db57bfcf2b0,consensus_two_stage_interactive_adaptation_v1,prompt_compiler_v2_split_g_f,488318726,pending,Q001|Q002|Q003,"{""Q001"": ""consensus_estimate_net_zero_before_2085"", ""Q002"": ""consensus_estimate_co2_warms_planet"", ""Q003"": ""consensus_estimate_human_primary_cause""}",consensus_stage_a,consensus_two_stage_interactive_adaptation_v1,F|target|F0316|Consensus|stage_a|replicate_1,eb96d53323d67f2697d23b659a521b3e34a37a7f5a56b82e8f14ecb07526433f,675efa1486e53a4914248132dda701b834c9e26599d8c4c4d7b41db57bfcf2b0,
F|target|F0317|Consensus|stage_a|replicate_1,F-8bf894a5fc543c2ce3bd0304e4671fa48386a763,F,target,F0317,Consensus,consensus_stage_a_estimates,1,google/gemma-4-31B-it,9295a621e82e54fcd50a3b84f9bcb8f5b957dc8ca9ca50cc902a7b65dd44a4e8,675efa1486e53a4914248132dda701b834c9e26599d8c4c4d7b41db57bfcf2b0,consensus_two_stage_interactive_adaptation_v1,prompt_compiler_v2_split_g_f,340092282,pending,Q001|Q002|Q003,"{""Q001"": ""consensus_estimate_net_zero_before_2085"", ""Q002"": ""consensus_estimate_co2_warms_planet"", ""Q003"": ""consensus_estimate_human_primary_cause""}",consensus_stage_a,consensus_two_stage_interactive_adaptation_v1,F|target|F0317|Consensus|stage_a|replicate_1,9295a621e82e54fcd50a3b84f9bcb8f5b957dc8ca9ca50cc902a7b65dd44a4e8,675efa1486e53a4914248132dda701b834c9e26599d8c4c4d7b41db57bfcf2b0,
F|target|F0318|Consensus|stage_a|replicate_1,F-5efe9a6179eced42ebc9f2d7cdf2ec0acbb04b82,F,target,F0318,Consensus,consensus_stage_a_estimates,1,google/gemma-4-31B-it,67624afc94b20e58eed120e64e4253f0d9cbcafe817504751b0f1656648844e7,675efa1486e53a4914248132dda701b834c9e26599d8c4c4d7b41db57bfcf2b0,consensus_two_stage_interactive_adaptation_v1,prompt_compiler_v2_split_g_f,938091014,pending,Q001|Q002|Q003,"{""Q001"": ""consensus_estimate_net_zero_before_2085"", ""Q002"": ""consensus_estimate_co2_warms_planet"", ""Q003"": ""consensus_estimate_human_primary_cause""}",consensus_stage_a,consensus_two_stage_interactive_adaptation_v1,F|target|F0318|Consensus|stage_a|replicate_1,67624afc94b20e58eed120e64e4253f0d9cbcafe817504751b0f1656648844e7,675efa1486e53a4914248132dda701b834c9e26599d8c4c4d7b41db57bfcf2b0,
F|target|F0319|Consensus|stage_a|replicate_1,F-cfba7d6f1de437a77b94a756c8056305a0491c9d,F,target,F0319,Consensus,consensus_stage_a_estimates,1,google/gemma-4-31B-it,92f6d8e44bc36e171ae3fe702c98d6449d1d4787eca3d3711e0eba95b69ef1a3,675efa1486e53a4914248132dda701b834c9e26599d8c4c4d7b41db57bfcf2b0,consensus_two_stage_interactive_adaptation_v1,prompt_compiler_v2_split_g_f,1029255816,pending,Q001|Q002|Q003,"{""Q001"": ""consensus_estimate_co2_warms_planet"", ""Q002"": ""consensus_estimate_human_primary_cause"", ""Q003"": ""consensus_estimate_net_zero_before_2085""}",consensus_stage_a,consensus_two_stage_interactive_adaptation_v1,F|target|F0319|Consensus|stage_a|replicate_1,92f6d8e44bc36e171ae3fe702c98d6449d1d4787eca3d3711e0eba95b69ef1a3,675efa1486e53a4914248132dda701b834c9e26599d8c4c4d7b41db57bfcf2b0,
F|target|F0320|Consensus|stage_a|replicate_1,F-34f799c37059bd85b3ef481fbec01ef9a7a5cca4,F,target,F0320,Consensus,consensus_stage_a_estimates,1,google/gemma-4-31B-it,6d47cfa962b29b1edcbb8d07ce4855cd983ddc15b50993216ff23aee1f3f27cb,675efa1486e53a4914248132dda701b834c9e26599d8c4c4d7b41db57bfcf2b0,consensus_two_stage_interactive_adaptation_v1,prompt_compiler_v2_split_g_f,1514729740,pending,Q001|Q002|Q003,"{""Q001"": ""consensus_estimate_net_zero_before_2085"", ""Q002"": ""consensus_estimate_human_primary_cause"", ""Q003"": ""consensus_estimate_co2_warms_planet""}",consensus_stage_a,consensus_two_stage_interactive_adaptation_v1,F|target|F0320|Consensus|stage_a|replicate_1,6d47cfa962b29b1edcbb8d07ce4855cd983ddc15b50993216ff23aee1f3f27cb,675efa1486e53a4914248132dda701b834c9e26599d8c4c4d7b41db57bfcf2b0,
F|target|F0321|Consensus|stage_a|replicate_1,F-a3cb36558653704e432949a5126493911c58d524,F,target,F0321,Consensus,consensus_stage_a_estimates,1,google/gemma-4-31B-it,32afba89192b3985cf16c67724198fad6d9c392f2c6dc7d85457d7b0b0353d78,675efa1486e53a4914248132dda701b834c9e26599d8c4c4d7b41db57bfcf2b0,consensus_two_stage_interactive_adaptation_v1,prompt_compiler_v2_split_g_f,1307172091,pending,Q001|Q002|Q003,"{""Q001"": ""consensus_estimate_net_zero_before_2085"", ""Q002"": ""consensus_estimate_co2_warms_planet"", ""Q003"": ""consensus_estimate_human_primary_cause""}",consensus_stage_a,consensus_two_stage_interactive_adaptation_v1,F|target|F0321|Consensus|stage_a|replicate_1,32afba89192b3985cf16c67724198fad6d9c392f2c6dc7d85457d7b0b0353d78,675efa1486e53a4914248132dda701b834c9e26599d8c4c4d7b41db57bfcf2b0,
F|target|F0322|Consensus|stage_a|replicate_1,F-f4cb5b2a3402b3ef881a013db5bfb4f9e59a04fe,F,target,F0322,Consensus,consensus_stage_a_estimates,1,google/gemma-4-31B-it,42ebdf8a9510b16006f83be352f1ad2e508aa9c570ea87f914a3ad60bc63df95,675efa1486e53a4914248132dda701b834c9e26599d8c4c4d7b41db57bfcf2b0,consensus_two_stage_interactive_adaptation_v1,prompt_compiler_v2_split_g_f,496593479,pending,Q001|Q002|Q003,"{""Q001"": ""consensus_estimate_net_zero_before_2085"", ""Q002"": ""consensus_estimate_human_primary_cause"", ""Q003"": ""consensus_estimate_co2_warms_planet""}",consensus_stage_a,consensus_two_stage_interactive_adaptation_v1,F|target|F0322|Consensus|stage_a|replicate_1,42ebdf8a9510b16006f83be352f1ad2e508aa9c570ea87f914a3ad60bc63df95,675efa1486e53a4914248132dda701b834c9e26599d8c4c4d7b41db57bfcf2b0,
F|target|F0323|Consensus|stage_a|replicate_1,F-3be8d2054a362fd97b32e5ba0b9000614a65a834,F,target,F0323,Consensus,consensus_stage_a_estimates,1,google/gemma-4-31B-it,6e3aacdc93e9a83102c3649d6a152f408d3ccc3b1978483f555383236658dac6,675efa1486e53a4914248132dda701b834c9e26599d8c4c4d7b41db57bfcf2b0,consensus_two_stage_interactive_adaptation_v1,prompt_compiler_v2_split_g_f,1107809252,pending,Q001|Q002|Q003,"{""Q001"": ""consensus_estimate_human_primary_cause"", ""Q002"": ""consensus_estimate_co2_warms_planet"", ""Q003"": ""consensus_estimate_net_zero_before_2085""}",consensus_stage_a,consensus_two_stage_interactive_adaptation_v1,F|target|F0323|Consensus|stage_a|replicate_1,6e3aacdc93e9a83102c3649d6a152f408d3ccc3b1978483f555383236658dac6,675efa1486e53a4914248132dda701b834c9e26599d8c4c4d7b41db57bfcf2b0,
F|target|F0324|Consensus|stage_a|replicate_1,F-536e254345e8ca06eb5d630282d2b5f8b014099c,F,target,F0324,Consensus,consensus_stage_a_estimates,1,google/gemma-4-31B-it,617e6ee9b1a29c9f5e591923b637b27a62b24989f030522782fa017b19b03cce,675efa1486e53a4914248132dda701b834c9e26599d8c4c4d7b41db57bfcf2b0,consensus_two_stage_interactive_adaptation_v1,prompt_compiler_v2_split_g_f,1824855181,pending,Q001|Q002|Q003,"{""Q001"": ""consensus_estimate_human_primary_cause"", ""Q002"": ""consensus_estimate_net_zero_before_2085"", ""Q003"": ""consensus_estimate_co2_warms_planet""}",consensus_stage_a,consensus_two_stage_interactive_adaptation_v1,F|target|F0324|Consensus|stage_a|replicate_1,617e6ee9b1a29c9f5e591923b637b27a62b24989f030522782fa017b19b03cce,675efa1486e53a4914248132dda701b834c9e26599d8c4c4d7b41db57bfcf2b0,
F|target|F0325|Consensus|stage_a|replicate_1,F-831693f842d26bceb531888bb9cc8770f1fb0de5,F,target,F0325,Consensus,consensus_stage_a_estimates,1,google/gemma-4-31B-it,3ebe9c061bac6f261a6c10a7c1c3d35def921b508dff8f6972b87b13bbcb198f,675efa1486e53a4914248132dda701b834c9e26599d8c4c4d7b41db57bfcf2b0,consensus_two_stage_interactive_adaptation_v1,prompt_compiler_v2_split_g_f,1224709056,pending,Q001|Q002|Q003,"{""Q001"": ""consensus_estimate_net_zero_before_2085"", ""Q002"": ""consensus_estimate_human_primary_cause"", ""Q003"": ""consensus_estimate_co2_warms_planet""}",consensus_stage_a,consensus_two_stage_interactive_adaptation_v1,F|target|F0325|Consensus|stage_a|replicate_1,3ebe9c061bac6f261a6c10a7c1c3d35def921b508dff8f6972b87b13bbcb198f,675efa1486e53a4914248132dda701b834c9e26599d8c4c4d7b41db57bfcf2b0,
F|target|F0326|Consensus|stage_a|replicate_1,F-0b210db921afcc9119bcb6027b834d14d5c31a17,F,target,F0326,Consensus,consensus_stage_a_estimates,1,google/gemma-4-31B-it,64bbc5548f0d18b5f560731bbb88e02e2f2b5cf8b03e2c68918dd54f189115d1,675efa1486e53a4914248132dda701b834c9e26599d8c4c4d7b41db57bfcf2b0,consensus_two_stage_interactive_adaptation_v1,prompt_compiler_v2_split_g_f,938600451,pending,Q001|Q002|Q003,"{""Q001"": ""consensus_estimate_net_zero_before_2085"", ""Q002"": ""consensus_estimate_human_primary_cause"", ""Q003"": ""consensus_estimate_co2_warms_planet""}",consensus_stage_a,consensus_two_stage_interactive_adaptation_v1,F|target|F0326|Consensus|stage_a|replicate_1,64bbc5548f0d18b5f560731bbb88e02e2f2b5cf8b03e2c68918dd54f189115d1,675efa1486e53a4914248132dda701b834c9e26599d8c4c4d7b41db57bfcf2b0,
F|target|F0327|Consensus|stage_a|replicate_1,F-5ac0eefe97ea7a370da6177216499c7100e37e90,F,target,F0327,Consensus,consensus_stage_a_estimates,1,google/gemma-4-31B-it,bfe01269146db3ec34ab2529f4511e180fca45b6b96a6248872387003fcecf02,675efa1486e53a4914248132dda701b834c9e26599d8c4c4d7b41db57bfcf2b0,consensus_two_stage_interactive_adaptation_v1,prompt_compiler_v2_split_g_f,1298946101,pending,Q001|Q002|Q003,"{""Q001"": ""consensus_estimate_human_primary_cause"", ""Q002"": ""consensus_estimate_net_zero_before_2085"", ""Q003"": ""consensus_estimate_co2_warms_planet""}",consensus_stage_a,consensus_two_stage_interactive_adaptation_v1,F|target|F0327|Consensus|stage_a|replicate_1,bfe01269146db3ec34ab2529f4511e180fca45b6b96a6248872387003fcecf02,675efa1486e53a4914248132dda701b834c9e26599d8c4c4d7b41db57bfcf2b0,
F|target|F0328|Consensus|stage_a|replicate_1,F-41afc57782b9e3b872a0fefb6d3bad732b33c2fe,F,target,F0328,Consensus,consensus_stage_a_estimates,1,google/gemma-4-31B-it,28e11a7529e96afb635c2d9de826cd1a5511e78027a6e97307c3bac4ad16282b,675efa1486e53a4914248132dda701b834c9e26599d8c4c4d7b41db57bfcf2b0,consensus_two_stage_interactive_adaptation_v1,prompt_compiler_v2_split_g_f,102330024,pending,Q001|Q002|Q003,"{""Q001"": ""consensus_estimate_co2_warms_planet"", ""Q002"": ""consensus_estimate_net_zero_before_2085"", ""Q003"": ""consensus_estimate_human_primary_cause""}",consensus_stage_a,consensus_two_stage_interactive_adaptation_v1,F|target|F0328|Consensus|stage_a|replicate_1,28e11a7529e96afb635c2d9de826cd1a5511e78027a6e97307c3bac4ad16282b,675efa1486e53a4914248132dda701b834c9e26599d8c4c4d7b41db57bfcf2b0,
F|target|F0329|Consensus|stage_a|replicate_1,F-42328346e1e3961e98ec643b814254fcaaf13272,F,target,F0329,Consensus,consensus_stage_a_estimates,1,google/gemma-4-31B-it,4b5c02f4a1304ea9b73f5b2f97c2c0854fa16f893c9e9f8b7deb1d4db1ff01a6,675efa1486e53a4914248132dda701b834c9e26599d8c4c4d7b41db57bfcf2b0,consensus_two_stage_interactive_adaptation_v1,prompt_compiler_v2_split_g_f,1716034732,pending,Q001|Q002|Q003,"{""Q001"": ""consensus_estimate_net_zero_before_2085"", ""Q002"": ""consensus_estimate_human_primary_cause"", ""Q003"": ""consensus_estimate_co2_warms_planet""}",consensus_stage_a,consensus_two_stage_interactive_adaptation_v1,F|target|F0329|Consensus|stage_a|replicate_1,4b5c02f4a1304ea9b73f5b2f97c2c0854fa16f893c9e9f8b7deb1d4db1ff01a6,675efa1486e53a4914248132dda701b834c9e26599d8c4c4d7b41db57bfcf2b0,
F|target|F0330|Consensus|stage_a|replicate_1,F-d814fce7206712bfa6d4512aeeda661044de5634,F,target,F0330,Consensus,consensus_stage_a_estimates,1,google/gemma-4-31B-it,3d8d033b3fbd10dd7dd0c56bf4a5fae8d68b30e6313c0cc781ba6733d38c4f6b,675efa1486e53a4914248132dda701b834c9e26599d8c4c4d7b41db57bfcf2b0,consensus_two_stage_interactive_adaptation_v1,prompt_compiler_v2_split_g_f,1351683216,pending,Q001|Q002|Q003,"{""Q001"": ""consensus_estimate_human_primary_cause"", ""Q002"": ""consensus_estimate_co2_warms_planet"", ""Q003"": ""consensus_estimate_net_zero_before_2085""}",consensus_stage_a,consensus_two_stage_interactive_adaptation_v1,F|target|F0330|Consensus|stage_a|replicate_1,3d8d033b3fbd10dd7dd0c56bf4a5fae8d68b30e6313c0cc781ba6733d38c4f6b,675efa1486e53a4914248132dda701b834c9e26599d8c4c4d7b41db57bfcf2b0,
F|target|F0331|Consensus|stage_a|replicate_1,F-4d8a3d97d1ecde8ddb06a1f1c1fc3207b783e0f1,F,target,F0331,Consensus,consensus_stage_a_estimates,1,google/gemma-4-31B-it,6bdb3710bc1a97116c41eec6b260a4ab92607343ee23cff65fccf84620df999b,675efa1486e53a4914248132dda701b834c9e26599d8c4c4d7b41db57bfcf2b0,consensus_two_stage_interactive_adaptation_v1,prompt_compiler_v2_split_g_f,1828805053,pending,Q001|Q002|Q003,"{""Q001"": ""consensus_estimate_co2_warms_planet"", ""Q002"": ""consensus_estimate_human_primary_cause"", ""Q003"": ""consensus_estimate_net_zero_before_2085""}",consensus_stage_a,consensus_two_stage_interactive_adaptation_v1,F|target|F0331|Consensus|stage_a|replicate_1,6bdb3710bc1a97116c41eec6b260a4ab92607343ee23cff65fccf84620df999b,675efa1486e53a4914248132dda701b834c9e26599d8c4c4d7b41db57bfcf2b0,
F|target|F0332|Consensus|stage_a|replicate_1,F-59f052c9082733c1f4d2ace86ae42bd75d3cd365,F,target,F0332,Consensus,consensus_stage_a_estimates,1,google/gemma-4-31B-it,2fa710011b3b5eb1c57e70095d59ba38bf13fdc5988f92b18fcf00055ac2617f,675efa1486e53a4914248132dda701b834c9e26599d8c4c4d7b41db57bfcf2b0,consensus_two_stage_interactive_adaptation_v1,prompt_compiler_v2_split_g_f,1007147348,pending,Q001|Q002|Q003,"{""Q001"": ""consensus_estimate_co2_warms_planet"", ""Q002"": ""consensus_estimate_net_zero_before_2085"", ""Q003"": ""consensus_estimate_human_primary_cause""}",consensus_stage_a,consensus_two_stage_interactive_adaptation_v1,F|target|F0332|Consensus|stage_a|replicate_1,2fa710011b3b5eb1c57e70095d59ba38bf13fdc5988f92b18fcf00055ac2617f,675efa1486e53a4914248132dda701b834c9e26599d8c4c4d7b41db57bfcf2b0,
F|target|F0333|Consensus|stage_a|replicate_1,F-e2adf1c47833ba040267cea21084e3dd6e0f0fe8,F,target,F0333,Consensus,consensus_stage_a_estimates,1,google/gemma-4-31B-it,01de5509ce6f62f08a6e3efa689efa9933534d7a5ffe028d28111d4c4bfd1a00,675efa1486e53a4914248132dda701b834c9e26599d8c4c4d7b41db57bfcf2b0,consensus_two_stage_interactive_adaptation_v1,prompt_compiler_v2_split_g_f,1032822160,pending,Q001|Q002|Q003,"{""Q001"": ""consensus_estimate_human_primary_cause"", ""Q002"": ""consensus_estimate_net_zero_before_2085"", ""Q003"": ""consensus_estimate_co2_warms_planet""}",consensus_stage_a,consensus_two_stage_interactive_adaptation_v1,F|target|F0333|Consensus|stage_a|replicate_1,01de5509ce6f62f08a6e3efa689efa9933534d7a5ffe028d28111d4c4bfd1a00,675efa1486e53a4914248132dda701b834c9e26599d8c4c4d7b41db57bfcf2b0,
F|target|F0334|Consensus|stage_a|replicate_1,F-7ee0a96f297521981da36c144095971ba1733155,F,target,F0334,Consensus,consensus_stage_a_estimates,1,google/gemma-4-31B-it,4c18477e75ce2667f6939ab5a4b33f19c592d7f3c8d4d522f47b9b25ba391aa8,675efa1486e53a4914248132dda701b834c9e26599d8c4c4d7b41db57bfcf2b0,consensus_two_stage_interactive_adaptation_v1,prompt_compiler_v2_split_g_f,657880184,pending,Q001|Q002|Q003,"{""Q001"": ""consensus_estimate_co2_warms_planet"", ""Q002"": ""consensus_estimate_human_primary_cause"", ""Q003"": ""consensus_estimate_net_zero_before_2085""}",consensus_stage_a,consensus_two_stage_interactive_adaptation_v1,F|target|F0334|Consensus|stage_a|replicate_1,4c18477e75ce2667f6939ab5a4b33f19c592d7f3c8d4d522f47b9b25ba391aa8,675efa1486e53a4914248132dda701b834c9e26599d8c4c4d7b41db57bfcf2b0,
F|target|F0335|Consensus|stage_a|replicate_1,F-6eb45a3feab3164cd06baf7c1c9b73dfd4f2a552,F,target,F0335,Consensus,consensus_stage_a_estimates,1,google/gemma-4-31B-it,1565b1be0b21bc869034539da5fd3e0673a510901f0b52bb9b39c816afcf81d8,675efa1486e53a4914248132dda701b834c9e26599d8c4c4d7b41db57bfcf2b0,consensus_two_stage_interactive_adaptation_v1,prompt_compiler_v2_split_g_f,1209780941,pending,Q001|Q002|Q003,"{""Q001"": ""consensus_estimate_net_zero_before_2085"", ""Q002"": ""consensus_estimate_co2_warms_planet"", ""Q003"": ""consensus_estimate_human_primary_cause""}",consensus_stage_a,consensus_two_stage_interactive_adaptation_v1,F|target|F0335|Consensus|stage_a|replicate_1,1565b1be0b21bc869034539da5fd3e0673a510901f0b52bb9b39c816afcf81d8,675efa1486e53a4914248132dda701b834c9e26599d8c4c4d7b41db57bfcf2b0,
F|target|F0336|Consensus|stage_a|replicate_1,F-da262e5d6768812d8277937517871e9f70f3e013,F,target,F0336,Consensus,consensus_stage_a_estimates,1,google/gemma-4-31B-it,eb4ca52354afd66f8d5d6a2e66831d5d6e4de913c5afa38ea74f36bfd1e91125,675efa1486e53a4914248132dda701b834c9e26599d8c4c4d7b41db57bfcf2b0,consensus_two_stage_interactive_adaptation_v1,prompt_compiler_v2_split_g_f,464838123,pending,Q001|Q002|Q003,"{""Q001"": ""consensus_estimate_net_zero_before_2085"", ""Q002"": ""consensus_estimate_co2_warms_planet"", ""Q003"": ""consensus_estimate_human_primary_cause""}",consensus_stage_a,consensus_two_stage_interactive_adaptation_v1,F|target|F0336|Consensus|stage_a|replicate_1,eb4ca52354afd66f8d5d6a2e66831d5d6e4de913c5afa38ea74f36bfd1e91125,675efa1486e53a4914248132dda701b834c9e26599d8c4c4d7b41db57bfcf2b0,
F|target|F0337|Consensus|stage_a|replicate_1,F-bd7f93632b8d651c2e24a87d7eb5f534c99fd8c1,F,target,F0337,Consensus,consensus_stage_a_estimates,1,google/gemma-4-31B-it,b1ef8cbf940aaec5d3b3bc49c4bae5fd1c091d80ea1a16516a37afb3316c8ab7,675efa1486e53a4914248132dda701b834c9e26599d8c4c4d7b41db57bfcf2b0,consensus_two_stage_interactive_adaptation_v1,prompt_compiler_v2_split_g_f,646745061,pending,Q001|Q002|Q003,"{""Q001"": ""consensus_estimate_co2_warms_planet"", ""Q002"": ""consensus_estimate_human_primary_cause"", ""Q003"": ""consensus_estimate_net_zero_before_2085""}",consensus_stage_a,consensus_two_stage_interactive_adaptation_v1,F|target|F0337|Consensus|stage_a|replicate_1,b1ef8cbf940aaec5d3b3bc49c4bae5fd1c091d80ea1a16516a37afb3316c8ab7,675efa1486e53a4914248132dda701b834c9e26599d8c4c4d7b41db57bfcf2b0,
F|target|F0338|Consensus|stage_a|replicate_1,F-e731b0379df92e7b27367fa7b7eadab525933064,F,target,F0338,Consensus,consensus_stage_a_estimates,1,google/gemma-4-31B-it,6c31522424de6c623d95bb5fdc619579116a6f40d4e15d5443fcbdb30397b027,675efa1486e53a4914248132dda701b834c9e26599d8c4c4d7b41db57bfcf2b0,consensus_two_stage_interactive_adaptation_v1,prompt_compiler_v2_split_g_f,1818005229,pending,Q001|Q002|Q003,"{""Q001"": ""consensus_estimate_human_primary_cause"", ""Q002"": ""consensus_estimate_co2_warms_planet"", ""Q003"": ""consensus_estimate_net_zero_before_2085""}",consensus_stage_a,consensus_two_stage_interactive_adaptation_v1,F|target|F0338|Consensus|stage_a|replicate_1,6c31522424de6c623d95bb5fdc619579116a6f40d4e15d5443fcbdb30397b027,675efa1486e53a4914248132dda701b834c9e26599d8c4c4d7b41db57bfcf2b0,
F|target|F0339|Consensus|stage_a|replicate_1,F-6b3379d8176c8057b870421171e968d8c8ef0df0,F,target,F0339,Consensus,consensus_stage_a_estimates,1,google/gemma-4-31B-it,91596732f1803fca4c91a071884b1002fe601939b531592c5f3c1d74626c7b30,675efa1486e53a4914248132dda701b834c9e26599d8c4c4d7b41db57bfcf2b0,consensus_two_stage_interactive_adaptation_v1,prompt_compiler_v2_split_g_f,1842574344,pending,Q001|Q002|Q003,"{""Q001"": ""consensus_estimate_co2_warms_planet"", ""Q002"": ""consensus_estimate_human_primary_cause"", ""Q003"": ""consensus_estimate_net_zero_before_2085""}",consensus_stage_a,consensus_two_stage_interactive_adaptation_v1,F|target|F0339|Consensus|stage_a|replicate_1,91596732f1803fca4c91a071884b1002fe601939b531592c5f3c1d74626c7b30,675efa1486e53a4914248132dda701b834c9e26599d8c4c4d7b41db57bfcf2b0,
F|target|F0340|Consensus|stage_a|replicate_1,F-5c424340ad526b8bbb653c22e66599b87499e503,F,target,F0340,Consensus,consensus_stage_a_estimates,1,google/gemma-4-31B-it,2534da7427b3461e39aa1f6e751841911e72895f06363e9731cbb1df3513b21d,675efa1486e53a4914248132dda701b834c9e26599d8c4c4d7b41db57bfcf2b0,consensus_two_stage_interactive_adaptation_v1,prompt_compiler_v2_split_g_f,1708585485,pending,Q001|Q002|Q003,"{""Q001"": ""consensus_estimate_net_zero_before_2085"", ""Q002"": ""consensus_estimate_human_primary_cause"", ""Q003"": ""consensus_estimate_co2_warms_planet""}",consensus_stage_a,consensus_two_stage_interactive_adaptation_v1,F|target|F0340|Consensus|stage_a|replicate_1,2534da7427b3461e39aa1f6e751841911e72895f06363e9731cbb1df3513b21d,675efa1486e53a4914248132dda701b834c9e26599d8c4c4d7b41db57bfcf2b0,
F|target|F0341|Consensus|stage_a|replicate_1,F-21e3d9195463161cd01f585aa8b8be16875d9b81,F,target,F0341,Consensus,consensus_stage_a_estimates,1,google/gemma-4-31B-it,ce254bbfe14d6d95711c0a579cda82665812b76e463a93be1028b177e1c2aac5,675efa1486e53a4914248132dda701b834c9e26599d8c4c4d7b41db57bfcf2b0,consensus_two_stage_interactive_adaptation_v1,prompt_compiler_v2_split_g_f,405456975,pending,Q001|Q002|Q003,"{""Q001"": ""consensus_estimate_net_zero_before_2085"", ""Q002"": ""consensus_estimate_co2_warms_planet"", ""Q003"": ""consensus_estimate_human_primary_cause""}",consensus_stage_a,consensus_two_stage_interactive_adaptation_v1,F|target|F0341|Consensus|stage_a|replicate_1,ce254bbfe14d6d95711c0a579cda82665812b76e463a93be1028b177e1c2aac5,675efa1486e53a4914248132dda701b834c9e26599d8c4c4d7b41db57bfcf2b0,
F|target|F0342|Consensus|stage_a|replicate_1,F-cee04a6a25936793b9392283a1c37178340f0d03,F,target,F0342,Consensus,consensus_stage_a_estimates,1,google/gemma-4-31B-it,4ece5d518a4ed0ff1412c979b241b2f88448ecaac4ebc1a3a32456d193b101a5,675efa1486e53a4914248132dda701b834c9e26599d8c4c4d7b41db57bfcf2b0,consensus_two_stage_interactive_adaptation_v1,prompt_compiler_v2_split_g_f,1129577578,pending,Q001|Q002|Q003,"{""Q001"": ""consensus_estimate_human_primary_cause"", ""Q002"": ""consensus_estimate_co2_warms_planet"", ""Q003"": ""consensus_estimate_net_zero_before_2085""}",consensus_stage_a,consensus_two_stage_interactive_adaptation_v1,F|target|F0342|Consensus|stage_a|replicate_1,4ece5d518a4ed0ff1412c979b241b2f88448ecaac4ebc1a3a32456d193b101a5,675efa1486e53a4914248132dda701b834c9e26599d8c4c4d7b41db57bfcf2b0,
F|target|F0343|Consensus|stage_a|replicate_1,F-aad4b483d7f1ac35c74843d3fd8238cb74b15e5b,F,target,F0343,Consensus,consensus_stage_a_estimates,1,google/gemma-4-31B-it,37d810377cb41c2255f112246fd373490a83007eec89b1fec072fd202143749c,675efa1486e53a4914248132dda701b834c9e26599d8c4c4d7b41db57bfcf2b0,consensus_two_stage_interactive_adaptation_v1,prompt_compiler_v2_split_g_f,765138239,pending,Q001|Q002|Q003,"{""Q001"": ""consensus_estimate_co2_warms_planet"", ""Q002"": ""consensus_estimate_net_zero_before_2085"", ""Q003"": ""consensus_estimate_human_primary_cause""}",consensus_stage_a,consensus_two_stage_interactive_adaptation_v1,F|target|F0343|Consensus|stage_a|replicate_1,37d810377cb41c2255f112246fd373490a83007eec89b1fec072fd202143749c,675efa1486e53a4914248132dda701b834c9e26599d8c4c4d7b41db57bfcf2b0,
F|target|F0344|Consensus|stage_a|replicate_1,F-137e9608d087469356b4658185cc5dac27af79f6,F,target,F0344,Consensus,consensus_stage_a_estimates,1,google/gemma-4-31B-it,b71157410ba62582e4c300c4632d9a10dde205e23a48a5c7f8c8851c27954b8c,675efa1486e53a4914248132dda701b834c9e26599d8c4c4d7b41db57bfcf2b0,consensus_two_stage_interactive_adaptation_v1,prompt_compiler_v2_split_g_f,2005168804,pending,Q001|Q002|Q003,"{""Q001"": ""consensus_estimate_co2_warms_planet"", ""Q002"": ""consensus_estimate_net_zero_before_2085"", ""Q003"": ""consensus_estimate_human_primary_cause""}",consensus_stage_a,consensus_two_stage_interactive_adaptation_v1,F|target|F0344|Consensus|stage_a|replicate_1,b71157410ba62582e4c300c4632d9a10dde205e23a48a5c7f8c8851c27954b8c,675efa1486e53a4914248132dda701b834c9e26599d8c4c4d7b41db57bfcf2b0,
F|target|F0345|Consensus|stage_a|replicate_1,F-5436a6cc72babda88df97fd721774b40886275c9,F,target,F0345,Consensus,consensus_stage_a_estimates,1,google/gemma-4-31B-it,125105c50f2d2e9f5c2664b54c1dd21ab3862954dc08d93d133975dcc762c3c1,675efa1486e53a4914248132dda701b834c9e26599d8c4c4d7b41db57bfcf2b0,consensus_two_stage_interactive_adaptation_v1,prompt_compiler_v2_split_g_f,455609154,pending,Q001|Q002|Q003,"{""Q001"": ""consensus_estimate_net_zero_before_2085"", ""Q002"": ""consensus_estimate_human_primary_cause"", ""Q003"": ""consensus_estimate_co2_warms_planet""}",consensus_stage_a,consensus_two_stage_interactive_adaptation_v1,F|target|F0345|Consensus|stage_a|replicate_1,125105c50f2d2e9f5c2664b54c1dd21ab3862954dc08d93d133975dcc762c3c1,675efa1486e53a4914248132dda701b834c9e26599d8c4c4d7b41db57bfcf2b0,
F|target|F0346|Consensus|stage_a|replicate_1,F-5d0b5871c57bb126209c3162d1fb23ea6e524ddd,F,target,F0346,Consensus,consensus_stage_a_estimates,1,google/gemma-4-31B-it,2386231b6752ff8e59259c0caa3271c11fd244a4b09adbd91f9db7bce476d75a,675efa1486e53a4914248132dda701b834c9e26599d8c4c4d7b41db57bfcf2b0,consensus_two_stage_interactive_adaptation_v1,prompt_compiler_v2_split_g_f,2140299786,pending,Q001|Q002|Q003,"{""Q001"": ""consensus_estimate_net_zero_before_2085"", ""Q002"": ""consensus_estimate_human_primary_cause"", ""Q003"": ""consensus_estimate_co2_warms_planet""}",consensus_stage_a,consensus_two_stage_interactive_adaptation_v1,F|target|F0346|Consensus|stage_a|replicate_1,2386231b6752ff8e59259c0caa3271c11fd244a4b09adbd91f9db7bce476d75a,675efa1486e53a4914248132dda701b834c9e26599d8c4c4d7b41db57bfcf2b0,
F|target|F0347|Consensus|stage_a|replicate_1,F-e171df87f3178464b5f0b46903c5654e2be2823f,F,target,F0347,Consensus,consensus_stage_a_estimates,1,google/gemma-4-31B-it,e5d3b11912b5a5dbbd1eb5081339bb02f7c89f05b756a594f7ab138f174d7165,675efa1486e53a4914248132dda701b834c9e26599d8c4c4d7b41db57bfcf2b0,consensus_two_stage_interactive_adaptation_v1,prompt_compiler_v2_split_g_f,905659255,pending,Q001|Q002|Q003,"{""Q001"": ""consensus_estimate_net_zero_before_2085"", ""Q002"": ""consensus_estimate_human_primary_cause"", ""Q003"": ""consensus_estimate_co2_warms_planet""}",consensus_stage_a,consensus_two_stage_interactive_adaptation_v1,F|target|F0347|Consensus|stage_a|replicate_1,e5d3b11912b5a5dbbd1eb5081339bb02f7c89f05b756a594f7ab138f174d7165,675efa1486e53a4914248132dda701b834c9e26599d8c4c4d7b41db57bfcf2b0,
F|target|F0348|Consensus|stage_a|replicate_1,F-d4d7581b84131a15a259b1dbfe17eeef04015eda,F,target,F0348,Consensus,consensus_stage_a_estimates,1,google/gemma-4-31B-it,cc7a510a7f32ef25baf3ed70c2c91e4ed7848ec1d2101295443c101551011afd,675efa1486e53a4914248132dda701b834c9e26599d8c4c4d7b41db57bfcf2b0,consensus_two_stage_interactive_adaptation_v1,prompt_compiler_v2_split_g_f,767674959,pending,Q001|Q002|Q003,"{""Q001"": ""consensus_estimate_net_zero_before_2085"", ""Q002"": ""consensus_estimate_human_primary_cause"", ""Q003"": ""consensus_estimate_co2_warms_planet""}",consensus_stage_a,consensus_two_stage_interactive_adaptation_v1,F|target|F0348|Consensus|stage_a|replicate_1,cc7a510a7f32ef25baf3ed70c2c91e4ed7848ec1d2101295443c101551011afd,675efa1486e53a4914248132dda701b834c9e26599d8c4c4d7b41db57bfcf2b0,
F|target|F0349|Consensus|stage_a|replicate_1,F-b6e4d90e1b550b4332f05b91c5894afe300bfb91,F,target,F0349,Consensus,consensus_stage_a_estimates,1,google/gemma-4-31B-it,60561eb0207bcbac6b8f23a3a9acd581d6ed67fe7a1a4655d0c10f2072053ffb,675efa1486e53a4914248132dda701b834c9e26599d8c4c4d7b41db57bfcf2b0,consensus_two_stage_interactive_adaptation_v1,prompt_compiler_v2_split_g_f,153009506,pending,Q001|Q002|Q003,"{""Q001"": ""consensus_estimate_human_primary_cause"", ""Q002"": ""consensus_estimate_net_zero_before_2085"", ""Q003"": ""consensus_estimate_co2_warms_planet""}",consensus_stage_a,consensus_two_stage_interactive_adaptation_v1,F|target|F0349|Consensus|stage_a|replicate_1,60561eb0207bcbac6b8f23a3a9acd581d6ed67fe7a1a4655d0c10f2072053ffb,675efa1486e53a4914248132dda701b834c9e26599d8c4c4d7b41db57bfcf2b0,
F|target|F0350|Consensus|stage_a|replicate_1,F-72f0c7c2371bc1f9bae00d5d2457a1cb6fb4e571,F,target,F0350,Consensus,consensus_stage_a_estimates,1,google/gemma-4-31B-it,9d42182fe121e3116d138722c27e51893404974395174eb9139f3ce3c5591241,675efa1486e53a4914248132dda701b834c9e26599d8c4c4d7b41db57bfcf2b0,consensus_two_stage_interactive_adaptation_v1,prompt_compiler_v2_split_g_f,486363519,pending,Q001|Q002|Q003,"{""Q001"": ""consensus_estimate_human_primary_cause"", ""Q002"": ""consensus_estimate_net_zero_before_2085"", ""Q003"": ""consensus_estimate_co2_warms_planet""}",consensus_stage_a,consensus_two_stage_interactive_adaptation_v1,F|target|F0350|Consensus|stage_a|replicate_1,9d42182fe121e3116d138722c27e51893404974395174eb9139f3ce3c5591241,675efa1486e53a4914248132dda701b834c9e26599d8c4c4d7b41db57bfcf2b0,
F|target|F0351|Consensus|stage_a|replicate_1,F-e337e1d4ef93110b1840735bb5d364a96b42a017,F,target,F0351,Consensus,consensus_stage_a_estimates,1,google/gemma-4-31B-it,b35a29c464cfeb9fdc5cd731e2aac4f7e6ed6ed105e12f3d467161f8ae0afed2,675efa1486e53a4914248132dda701b834c9e26599d8c4c4d7b41db57bfcf2b0,consensus_two_stage_interactive_adaptation_v1,prompt_compiler_v2_split_g_f,906155192,pending,Q001|Q002|Q003,"{""Q001"": ""consensus_estimate_human_primary_cause"", ""Q002"": ""consensus_estimate_net_zero_before_2085"", ""Q003"": ""consensus_estimate_co2_warms_planet""}",consensus_stage_a,consensus_two_stage_interactive_adaptation_v1,F|target|F0351|Consensus|stage_a|replicate_1,b35a29c464cfeb9fdc5cd731e2aac4f7e6ed6ed105e12f3d467161f8ae0afed2,675efa1486e53a4914248132dda701b834c9e26599d8c4c4d7b41db57bfcf2b0,
F|target|F0352|Consensus|stage_a|replicate_1,F-074a7d4870c5a9778c36a75b319d0750a8fb92b5,F,target,F0352,Consensus,consensus_stage_a_estimates,1,google/gemma-4-31B-it,3105b0953bdd8e3bf646e978c25a009f40c5f7d08be06fec683e860dbfb5819e,675efa1486e53a4914248132dda701b834c9e26599d8c4c4d7b41db57bfcf2b0,consensus_two_stage_interactive_adaptation_v1,prompt_compiler_v2_split_g_f,2136646663,pending,Q001|Q002|Q003,"{""Q001"": ""consensus_estimate_human_primary_cause"", ""Q002"": ""consensus_estimate_co2_warms_planet"", ""Q003"": ""consensus_estimate_net_zero_before_2085""}",consensus_stage_a,consensus_two_stage_interactive_adaptation_v1,F|target|F0352|Consensus|stage_a|replicate_1,3105b0953bdd8e3bf646e978c25a009f40c5f7d08be06fec683e860dbfb5819e,675efa1486e53a4914248132dda701b834c9e26599d8c4c4d7b41db57bfcf2b0,
F|target|F0353|Consensus|stage_a|replicate_1,F-c4d4573b6dc127ebca07d373ba5f8c70f53407b3,F,target,F0353,Consensus,consensus_stage_a_estimates,1,google/gemma-4-31B-it,3bcea554fb68a63e6c4753cc3ba7477b90687bad82bbf7cbd55be0dac4901750,675efa1486e53a4914248132dda701b834c9e26599d8c4c4d7b41db57bfcf2b0,consensus_two_stage_interactive_adaptation_v1,prompt_compiler_v2_split_g_f,2003424868,pending,Q001|Q002|Q003,"{""Q001"": ""consensus_estimate_human_primary_cause"", ""Q002"": ""consensus_estimate_co2_warms_planet"", ""Q003"": ""consensus_estimate_net_zero_before_2085""}",consensus_stage_a,consensus_two_stage_interactive_adaptation_v1,F|target|F0353|Consensus|stage_a|replicate_1,3bcea554fb68a63e6c4753cc3ba7477b90687bad82bbf7cbd55be0dac4901750,675efa1486e53a4914248132dda701b834c9e26599d8c4c4d7b41db57bfcf2b0,
F|target|F0354|Consensus|stage_a|replicate_1,F-72d4478bfc7392d864eed5ce97a2396b5d8704da,F,target,F0354,Consensus,consensus_stage_a_estimates,1,google/gemma-4-31B-it,7ee21af70352b701a3af7634ed3b4cf270bb72065759ca39d6e30e13a00b742e,675efa1486e53a4914248132dda701b834c9e26599d8c4c4d7b41db57bfcf2b0,consensus_two_stage_interactive_adaptation_v1,prompt_compiler_v2_split_g_f,1646010865,pending,Q001|Q002|Q003,"{""Q001"": ""consensus_estimate_co2_warms_planet"", ""Q002"": ""consensus_estimate_net_zero_before_2085"", ""Q003"": ""consensus_estimate_human_primary_cause""}",consensus_stage_a,consensus_two_stage_interactive_adaptation_v1,F|target|F0354|Consensus|stage_a|replicate_1,7ee21af70352b701a3af7634ed3b4cf270bb72065759ca39d6e30e13a00b742e,675efa1486e53a4914248132dda701b834c9e26599d8c4c4d7b41db57bfcf2b0,
F|target|F0355|Consensus|stage_a|replicate_1,F-5ee1915355d5f86b6c6024b3fc75d5f4fcdd8be5,F,target,F0355,Consensus,consensus_stage_a_estimates,1,google/gemma-4-31B-it,c812a4f75cde8ef6569cf0d96a5a5957af4b7e64c79add753befd2299d1fb552,675efa1486e53a4914248132dda701b834c9e26599d8c4c4d7b41db57bfcf2b0,consensus_two_stage_interactive_adaptation_v1,prompt_compiler_v2_split_g_f,328801043,pending,Q001|Q002|Q003,"{""Q001"": ""consensus_estimate_co2_warms_planet"", ""Q002"": ""consensus_estimate_human_primary_cause"", ""Q003"": ""consensus_estimate_net_zero_before_2085""}",consensus_stage_a,consensus_two_stage_interactive_adaptation_v1,F|target|F0355|Consensus|stage_a|replicate_1,c812a4f75cde8ef6569cf0d96a5a5957af4b7e64c79add753befd2299d1fb552,675efa1486e53a4914248132dda701b834c9e26599d8c4c4d7b41db57bfcf2b0,
F|target|F0356|Consensus|stage_a|replicate_1,F-526098695c6695d69302420fb78c44f8653aed20,F,target,F0356,Consensus,consensus_stage_a_estimates,1,google/gemma-4-31B-it,987283b9fda01655be9311ce478487eeebdb911463c7d9889239de973ca8730d,675efa1486e53a4914248132dda701b834c9e26599d8c4c4d7b41db57bfcf2b0,consensus_two_stage_interactive_adaptation_v1,prompt_compiler_v2_split_g_f,19383978,pending,Q001|Q002|Q003,"{""Q001"": ""consensus_estimate_co2_warms_planet"", ""Q002"": ""consensus_estimate_net_zero_before_2085"", ""Q003"": ""consensus_estimate_human_primary_cause""}",consensus_stage_a,consensus_two_stage_interactive_adaptation_v1,F|target|F0356|Consensus|stage_a|replicate_1,987283b9fda01655be9311ce478487eeebdb911463c7d9889239de973ca8730d,675efa1486e53a4914248132dda701b834c9e26599d8c4c4d7b41db57bfcf2b0,
F|target|F0357|Consensus|stage_a|replicate_1,F-0c392cec71329de9e72d6811a6b49d77fd08be17,F,target,F0357,Consensus,consensus_stage_a_estimates,1,google/gemma-4-31B-it,f12d7e420ae5fd5c0d1f1bea65ba72b9bfe553cc689a45a4684aaf87beef24d6,675efa1486e53a4914248132dda701b834c9e26599d8c4c4d7b41db57bfcf2b0,consensus_two_stage_interactive_adaptation_v1,prompt_compiler_v2_split_g_f,161806274,pending,Q001|Q002|Q003,"{""Q001"": ""consensus_estimate_co2_warms_planet"", ""Q002"": ""consensus_estimate_net_zero_before_2085"", ""Q003"": ""consensus_estimate_human_primary_cause""}",consensus_stage_a,consensus_two_stage_interactive_adaptation_v1,F|target|F0357|Consensus|stage_a|replicate_1,f12d7e420ae5fd5c0d1f1bea65ba72b9bfe553cc689a45a4684aaf87beef24d6,675efa1486e53a4914248132dda701b834c9e26599d8c4c4d7b41db57bfcf2b0,
F|target|F0358|Consensus|stage_a|replicate_1,F-cad442bf732a11f64da2073f3802d0eb01174887,F,target,F0358,Consensus,consensus_stage_a_estimates,1,google/gemma-4-31B-it,da3d179316478fd0ab59dc5f1e097c241a2777546d82afe9aa338f5bcd35505d,675efa1486e53a4914248132dda701b834c9e26599d8c4c4d7b41db57bfcf2b0,consensus_two_stage_interactive_adaptation_v1,prompt_compiler_v2_split_g_f,148019064,pending,Q001|Q002|Q003,"{""Q001"": ""consensus_estimate_human_primary_cause"", ""Q002"": ""consensus_estimate_co2_warms_planet"", ""Q003"": ""consensus_estimate_net_zero_before_2085""}",consensus_stage_a,consensus_two_stage_interactive_adaptation_v1,F|target|F0358|Consensus|stage_a|replicate_1,da3d179316478fd0ab59dc5f1e097c241a2777546d82afe9aa338f5bcd35505d,675efa1486e53a4914248132dda701b834c9e26599d8c4c4d7b41db57bfcf2b0,
F|target|F0359|Consensus|stage_a|replicate_1,F-1fc5d854dc6281e12be425721582ddb67af9dbe3,F,target,F0359,Consensus,consensus_stage_a_estimates,1,google/gemma-4-31B-it,a3866bd0d968573fe6253b81acdd7e4fc3ec66d3a4059d3ceb21d9342776a0d8,675efa1486e53a4914248132dda701b834c9e26599d8c4c4d7b41db57bfcf2b0,consensus_two_stage_interactive_adaptation_v1,prompt_compiler_v2_split_g_f,468595339,pending,Q001|Q002|Q003,"{""Q001"": ""consensus_estimate_co2_warms_planet"", ""Q002"": ""consensus_estimate_human_primary_cause"", ""Q003"": ""consensus_estimate_net_zero_before_2085""}",consensus_stage_a,consensus_two_stage_interactive_adaptation_v1,F|target|F0359|Consensus|stage_a|replicate_1,a3866bd0d968573fe6253b81acdd7e4fc3ec66d3a4059d3ceb21d9342776a0d8,675efa1486e53a4914248132dda701b834c9e26599d8c4c4d7b41db57bfcf2b0,
F|target|F0360|Consensus|stage_a|replicate_1,F-d3fed214bc669081cd43cbc40f7d7d16860c9351,F,target,F0360,Consensus,consensus_stage_a_estimates,1,google/gemma-4-31B-it,9249fe967dbca27b1f77dcde9b7ba985a7be69669a5f0192cd4072e4c9512acf,675efa1486e53a4914248132dda701b834c9e26599d8c4c4d7b41db57bfcf2b0,consensus_two_stage_interactive_adaptation_v1,prompt_compiler_v2_split_g_f,1684288685,pending,Q001|Q002|Q003,"{""Q001"": ""consensus_estimate_human_primary_cause"", ""Q002"": ""consensus_estimate_co2_warms_planet"", ""Q003"": ""consensus_estimate_net_zero_before_2085""}",consensus_stage_a,consensus_two_stage_interactive_adaptation_v1,F|target|F0360|Consensus|stage_a|replicate_1,9249fe967dbca27b1f77dcde9b7ba985a7be69669a5f0192cd4072e4c9512acf,675efa1486e53a4914248132dda701b834c9e26599d8c4c4d7b41db57bfcf2b0,
F|target|F0361|Consensus|stage_a|replicate_1,F-da831c91e5bb47a66cef054a444216683d30435f,F,target,F0361,Consensus,consensus_stage_a_estimates,1,google/gemma-4-31B-it,310d17d0fa25f988fadb756e6e22dc124140573c30880b0399efa1b13cebd87b,675efa1486e53a4914248132dda701b834c9e26599d8c4c4d7b41db57bfcf2b0,consensus_two_stage_interactive_adaptation_v1,prompt_compiler_v2_split_g_f,448889037,pending,Q001|Q002|Q003,"{""Q001"": ""consensus_estimate_net_zero_before_2085"", ""Q002"": ""consensus_estimate_co2_warms_planet"", ""Q003"": ""consensus_estimate_human_primary_cause""}",consensus_stage_a,consensus_two_stage_interactive_adaptation_v1,F|target|F0361|Consensus|stage_a|replicate_1,310d17d0fa25f988fadb756e6e22dc124140573c30880b0399efa1b13cebd87b,675efa1486e53a4914248132dda701b834c9e26599d8c4c4d7b41db57bfcf2b0,
F|target|F0362|Consensus|stage_a|replicate_1,F-5dbf7ff0ebe80a06c822e8f2925d057b3edb55ea,F,target,F0362,Consensus,consensus_stage_a_estimates,1,google/gemma-4-31B-it,969bd20dcf9f3499849c9b1975db0eac08691e91f725577f4a31a9b28585f251,675efa1486e53a4914248132dda701b834c9e26599d8c4c4d7b41db57bfcf2b0,consensus_two_stage_interactive_adaptation_v1,prompt_compiler_v2_split_g_f,661064169,pending,Q001|Q002|Q003,"{""Q001"": ""consensus_estimate_net_zero_before_2085"", ""Q002"": ""consensus_estimate_co2_warms_planet"", ""Q003"": ""consensus_estimate_human_primary_cause""}",consensus_stage_a,consensus_two_stage_interactive_adaptation_v1,F|target|F0362|Consensus|stage_a|replicate_1,969bd20dcf9f3499849c9b1975db0eac08691e91f725577f4a31a9b28585f251,675efa1486e53a4914248132dda701b834c9e26599d8c4c4d7b41db57bfcf2b0,
F|target|F0363|Consensus|stage_a|replicate_1,F-a75b33e2ea5597da5ed368b9be1f5fc3fb128613,F,target,F0363,Consensus,consensus_stage_a_estimates,1,google/gemma-4-31B-it,55aef17f11f1342915915efe7eea3b233d95423b3a2373aadc99778e096e7388,675efa1486e53a4914248132dda701b834c9e26599d8c4c4d7b41db57bfcf2b0,consensus_two_stage_interactive_adaptation_v1,prompt_compiler_v2_split_g_f,957087650,pending,Q001|Q002|Q003,"{""Q001"": ""consensus_estimate_co2_warms_planet"", ""Q002"": ""consensus_estimate_human_primary_cause"", ""Q003"": ""consensus_estimate_net_zero_before_2085""}",consensus_stage_a,consensus_two_stage_interactive_adaptation_v1,F|target|F0363|Consensus|stage_a|replicate_1,55aef17f11f1342915915efe7eea3b233d95423b3a2373aadc99778e096e7388,675efa1486e53a4914248132dda701b834c9e26599d8c4c4d7b41db57bfcf2b0,
F|target|F0364|Consensus|stage_a|replicate_1,F-8c491e74ed6f7ed3def2b9bd862c286bac4cd9fd,F,target,F0364,Consensus,consensus_stage_a_estimates,1,google/gemma-4-31B-it,1c14e4abf0fcc295547b370ad4fe0f3c673a438bdc632052e5c21e1ed7b66f04,675efa1486e53a4914248132dda701b834c9e26599d8c4c4d7b41db57bfcf2b0,consensus_two_stage_interactive_adaptation_v1,prompt_compiler_v2_split_g_f,100776895,pending,Q001|Q002|Q003,"{""Q001"": ""consensus_estimate_human_primary_cause"", ""Q002"": ""consensus_estimate_net_zero_before_2085"", ""Q003"": ""consensus_estimate_co2_warms_planet""}",consensus_stage_a,consensus_two_stage_interactive_adaptation_v1,F|target|F0364|Consensus|stage_a|replicate_1,1c14e4abf0fcc295547b370ad4fe0f3c673a438bdc632052e5c21e1ed7b66f04,675efa1486e53a4914248132dda701b834c9e26599d8c4c4d7b41db57bfcf2b0,
F|target|F0365|Consensus|stage_a|replicate_1,F-b429d68e78c00df4eec6736bd8756d6b54d2255d,F,target,F0365,Consensus,consensus_stage_a_estimates,1,google/gemma-4-31B-it,3d306f65b31f889301f80f390665bb5c0dc974efd99b1a376967aca09f5ea272,675efa1486e53a4914248132dda701b834c9e26599d8c4c4d7b41db57bfcf2b0,consensus_two_stage_interactive_adaptation_v1,prompt_compiler_v2_split_g_f,1628683027,pending,Q001|Q002|Q003,"{""Q001"": ""consensus_estimate_human_primary_cause"", ""Q002"": ""consensus_estimate_co2_warms_planet"", ""Q003"": ""consensus_estimate_net_zero_before_2085""}",consensus_stage_a,consensus_two_stage_interactive_adaptation_v1,F|target|F0365|Consensus|stage_a|replicate_1,3d306f65b31f889301f80f390665bb5c0dc974efd99b1a376967aca09f5ea272,675efa1486e53a4914248132dda701b834c9e26599d8c4c4d7b41db57bfcf2b0,
F|target|F0366|Consensus|stage_a|replicate_1,F-4702d1328b48b5a8cc32ccef12cba3806fa51d65,F,target,F0366,Consensus,consensus_stage_a_estimates,1,google/gemma-4-31B-it,5dccd18ffa5c1806b1db157ab834f577eb403812942488c43248b3d25e7f8c69,675efa1486e53a4914248132dda701b834c9e26599d8c4c4d7b41db57bfcf2b0,consensus_two_stage_interactive_adaptation_v1,prompt_compiler_v2_split_g_f,424564750,pending,Q001|Q002|Q003,"{""Q001"": ""consensus_estimate_co2_warms_planet"", ""Q002"": ""consensus_estimate_net_zero_before_2085"", ""Q003"": ""consensus_estimate_human_primary_cause""}",consensus_stage_a,consensus_two_stage_interactive_adaptation_v1,F|target|F0366|Consensus|stage_a|replicate_1,5dccd18ffa5c1806b1db157ab834f577eb403812942488c43248b3d25e7f8c69,675efa1486e53a4914248132dda701b834c9e26599d8c4c4d7b41db57bfcf2b0,
F|target|F0367|Consensus|stage_a|replicate_1,F-07dfeba9e593c6417d3c0b7b809a392bdb784b19,F,target,F0367,Consensus,consensus_stage_a_estimates,1,google/gemma-4-31B-it,d0a77b54e166903a70217f6ef3972c10d1a8bbd1d7fe3574cfb4307988350375,675efa1486e53a4914248132dda701b834c9e26599d8c4c4d7b41db57bfcf2b0,consensus_two_stage_interactive_adaptation_v1,prompt_compiler_v2_split_g_f,1968414100,pending,Q001|Q002|Q003,"{""Q001"": ""consensus_estimate_human_primary_cause"", ""Q002"": ""consensus_estimate_net_zero_before_2085"", ""Q003"": ""consensus_estimate_co2_warms_planet""}",consensus_stage_a,consensus_two_stage_interactive_adaptation_v1,F|target|F0367|Consensus|stage_a|replicate_1,d0a77b54e166903a70217f6ef3972c10d1a8bbd1d7fe3574cfb4307988350375,675efa1486e53a4914248132dda701b834c9e26599d8c4c4d7b41db57bfcf2b0,
F|target|F0368|Consensus|stage_a|replicate_1,F-13bd8a0b6ef6a5bee4c63fb55a2fb85aeb89fc52,F,target,F0368,Consensus,consensus_stage_a_estimates,1,google/gemma-4-31B-it,2297e9fec1a0242c0572fc6797a6eebc86658fe9d8360e2c97fc9342068e8f51,675efa1486e53a4914248132dda701b834c9e26599d8c4c4d7b41db57bfcf2b0,consensus_two_stage_interactive_adaptation_v1,prompt_compiler_v2_split_g_f,376551893,pending,Q001|Q002|Q003,"{""Q001"": ""consensus_estimate_human_primary_cause"", ""Q002"": ""consensus_estimate_co2_warms_planet"", ""Q003"": ""consensus_estimate_net_zero_before_2085""}",consensus_stage_a,consensus_two_stage_interactive_adaptation_v1,F|target|F0368|Consensus|stage_a|replicate_1,2297e9fec1a0242c0572fc6797a6eebc86658fe9d8360e2c97fc9342068e8f51,675efa1486e53a4914248132dda701b834c9e26599d8c4c4d7b41db57bfcf2b0,
F|target|F0369|Consensus|stage_a|replicate_1,F-f8f31e157ae4cf38875f734f7ae35cb6058a1b88,F,target,F0369,Consensus,consensus_stage_a_estimates,1,google/gemma-4-31B-it,14efea34885e3ef4c2d92a4fd2580a663908fbe3eed5bc009e7a40284f354f45,675efa1486e53a4914248132dda701b834c9e26599d8c4c4d7b41db57bfcf2b0,consensus_two_stage_interactive_adaptation_v1,prompt_compiler_v2_split_g_f,1825246054,pending,Q001|Q002|Q003,"{""Q001"": ""consensus_estimate_net_zero_before_2085"", ""Q002"": ""consensus_estimate_human_primary_cause"", ""Q003"": ""consensus_estimate_co2_warms_planet""}",consensus_stage_a,consensus_two_stage_interactive_adaptation_v1,F|target|F0369|Consensus|stage_a|replicate_1,14efea34885e3ef4c2d92a4fd2580a663908fbe3eed5bc009e7a40284f354f45,675efa1486e53a4914248132dda701b834c9e26599d8c4c4d7b41db57bfcf2b0,
F|target|F0370|Consensus|stage_a|replicate_1,F-000cac2b28ba4c925c7297c6bd633d990773ba6e,F,target,F0370,Consensus,consensus_stage_a_estimates,1,google/gemma-4-31B-it,833bc528d0f3ed2defc51193173af4042657301aac0d1b1348d072adbfdb4b30,675efa1486e53a4914248132dda701b834c9e26599d8c4c4d7b41db57bfcf2b0,consensus_two_stage_interactive_adaptation_v1,prompt_compiler_v2_split_g_f,684958952,pending,Q001|Q002|Q003,"{""Q001"": ""consensus_estimate_co2_warms_planet"", ""Q002"": ""consensus_estimate_net_zero_before_2085"", ""Q003"": ""consensus_estimate_human_primary_cause""}",consensus_stage_a,consensus_two_stage_interactive_adaptation_v1,F|target|F0370|Consensus|stage_a|replicate_1,833bc528d0f3ed2defc51193173af4042657301aac0d1b1348d072adbfdb4b30,675efa1486e53a4914248132dda701b834c9e26599d8c4c4d7b41db57bfcf2b0,
F|target|F0371|Consensus|stage_a|replicate_1,F-5632123e1304ba39026e0de2bb06adef58dc488e,F,target,F0371,Consensus,consensus_stage_a_estimates,1,google/gemma-4-31B-it,f289f0c47bde2eba60169c1c0fdf5da8c9fbef0e007a2b1a2dc4b88b0082bd30,675efa1486e53a4914248132dda701b834c9e26599d8c4c4d7b41db57bfcf2b0,consensus_two_stage_interactive_adaptation_v1,prompt_compiler_v2_split_g_f,1063837366,pending,Q001|Q002|Q003,"{""Q001"": ""consensus_estimate_co2_warms_planet"", ""Q002"": ""consensus_estimate_net_zero_before_2085"", ""Q003"": ""consensus_estimate_human_primary_cause""}",consensus_stage_a,consensus_two_stage_interactive_adaptation_v1,F|target|F0371|Consensus|stage_a|replicate_1,f289f0c47bde2eba60169c1c0fdf5da8c9fbef0e007a2b1a2dc4b88b0082bd30,675efa1486e53a4914248132dda701b834c9e26599d8c4c4d7b41db57bfcf2b0,
F|target|F0372|Consensus|stage_a|replicate_1,F-70daab9df17787e0b1aef5c4b2e410782a6915d6,F,target,F0372,Consensus,consensus_stage_a_estimates,1,google/gemma-4-31B-it,55cdce7d28c87db740da8707e3e456904118fdedc2bd12bfc8698b9e3662e84e,675efa1486e53a4914248132dda701b834c9e26599d8c4c4d7b41db57bfcf2b0,consensus_two_stage_interactive_adaptation_v1,prompt_compiler_v2_split_g_f,1395449629,pending,Q001|Q002|Q003,"{""Q001"": ""consensus_estimate_co2_warms_planet"", ""Q002"": ""consensus_estimate_human_primary_cause"", ""Q003"": ""consensus_estimate_net_zero_before_2085""}",consensus_stage_a,consensus_two_stage_interactive_adaptation_v1,F|target|F0372|Consensus|stage_a|replicate_1,55cdce7d28c87db740da8707e3e456904118fdedc2bd12bfc8698b9e3662e84e,675efa1486e53a4914248132dda701b834c9e26599d8c4c4d7b41db57bfcf2b0,
F|target|F0373|Consensus|stage_a|replicate_1,F-cefc75a3e1de29a442829c39ae5d61637a11dd4b,F,target,F0373,Consensus,consensus_stage_a_estimates,1,google/gemma-4-31B-it,67672005cd3ce051067c9ed006fb6561c28c06c7239baf62d182f230e3863404,675efa1486e53a4914248132dda701b834c9e26599d8c4c4d7b41db57bfcf2b0,consensus_two_stage_interactive_adaptation_v1,prompt_compiler_v2_split_g_f,2144802030,pending,Q001|Q002|Q003,"{""Q001"": ""consensus_estimate_human_primary_cause"", ""Q002"": ""consensus_estimate_net_zero_before_2085"", ""Q003"": ""consensus_estimate_co2_warms_planet""}",consensus_stage_a,consensus_two_stage_interactive_adaptation_v1,F|target|F0373|Consensus|stage_a|replicate_1,67672005cd3ce051067c9ed006fb6561c28c06c7239baf62d182f230e3863404,675efa1486e53a4914248132dda701b834c9e26599d8c4c4d7b41db57bfcf2b0,
F|target|F0374|Consensus|stage_a|replicate_1,F-70efde9bf6a6e7444b2aba547c7d649932ed1a84,F,target,F0374,Consensus,consensus_stage_a_estimates,1,google/gemma-4-31B-it,cec3b307fb9d605c38f71d00c3aeb1e2f35259cdb4a603d4fffbf5cee2a05989,675efa1486e53a4914248132dda701b834c9e26599d8c4c4d7b41db57bfcf2b0,consensus_two_stage_interactive_adaptation_v1,prompt_compiler_v2_split_g_f,1485218941,pending,Q001|Q002|Q003,"{""Q001"": ""consensus_estimate_net_zero_before_2085"", ""Q002"": ""consensus_estimate_co2_warms_planet"", ""Q003"": ""consensus_estimate_human_primary_cause""}",consensus_stage_a,consensus_two_stage_interactive_adaptation_v1,F|target|F0374|Consensus|stage_a|replicate_1,cec3b307fb9d605c38f71d00c3aeb1e2f35259cdb4a603d4fffbf5cee2a05989,675efa1486e53a4914248132dda701b834c9e26599d8c4c4d7b41db57bfcf2b0,
F|target|F0375|Consensus|stage_a|replicate_1,F-60aa10429e73822d57afc699bd71fcb9b44961bd,F,target,F0375,Consensus,consensus_stage_a_estimates,1,google/gemma-4-31B-it,f9e34371d6c55e563f2f590a9e58dc3209a6aa494c38fcae33a67b4fd5fd28e3,675efa1486e53a4914248132dda701b834c9e26599d8c4c4d7b41db57bfcf2b0,consensus_two_stage_interactive_adaptation_v1,prompt_compiler_v2_split_g_f,1606918835,pending,Q001|Q002|Q003,"{""Q001"": ""consensus_estimate_net_zero_before_2085"", ""Q002"": ""consensus_estimate_human_primary_cause"", ""Q003"": ""consensus_estimate_co2_warms_planet""}",consensus_stage_a,consensus_two_stage_interactive_adaptation_v1,F|target|F0375|Consensus|stage_a|replicate_1,f9e34371d6c55e563f2f590a9e58dc3209a6aa494c38fcae33a67b4fd5fd28e3,675efa1486e53a4914248132dda701b834c9e26599d8c4c4d7b41db57bfcf2b0,
F|target|F0376|Consensus|stage_a|replicate_1,F-0e5dbf686e97b9da88c5d2520093004714a64926,F,target,F0376,Consensus,consensus_stage_a_estimates,1,google/gemma-4-31B-it,8db5334e38463ddd0e8315a4c68ca9ea905408b88a7d0e2cf0c31031851a5299,675efa1486e53a4914248132dda701b834c9e26599d8c4c4d7b41db57bfcf2b0,consensus_two_stage_interactive_adaptation_v1,prompt_compiler_v2_split_g_f,190003371,pending,Q001|Q002|Q003,"{""Q001"": ""consensus_estimate_co2_warms_planet"", ""Q002"": ""consensus_estimate_human_primary_cause"", ""Q003"": ""consensus_estimate_net_zero_before_2085""}",consensus_stage_a,consensus_two_stage_interactive_adaptation_v1,F|target|F0376|Consensus|stage_a|replicate_1,8db5334e38463ddd0e8315a4c68ca9ea905408b88a7d0e2cf0c31031851a5299,675efa1486e53a4914248132dda701b834c9e26599d8c4c4d7b41db57bfcf2b0,
F|target|F0377|Consensus|stage_a|replicate_1,F-c96b02e5232fa76ea8da606caee3d21c40c34d99,F,target,F0377,Consensus,consensus_stage_a_estimates,1,google/gemma-4-31B-it,368a1259eb67ea74c28d29bd41196e76fe37bb8041d2dd18930b13c4d35fc3d0,675efa1486e53a4914248132dda701b834c9e26599d8c4c4d7b41db57bfcf2b0,consensus_two_stage_interactive_adaptation_v1,prompt_compiler_v2_split_g_f,906341691,pending,Q001|Q002|Q003,"{""Q001"": ""consensus_estimate_net_zero_before_2085"", ""Q002"": ""consensus_estimate_co2_warms_planet"", ""Q003"": ""consensus_estimate_human_primary_cause""}",consensus_stage_a,consensus_two_stage_interactive_adaptation_v1,F|target|F0377|Consensus|stage_a|replicate_1,368a1259eb67ea74c28d29bd41196e76fe37bb8041d2dd18930b13c4d35fc3d0,675efa1486e53a4914248132dda701b834c9e26599d8c4c4d7b41db57bfcf2b0,
F|target|F0378|Consensus|stage_a|replicate_1,F-622b0d2be1e61485f5336673f53b33c5c0630952,F,target,F0378,Consensus,consensus_stage_a_estimates,1,google/gemma-4-31B-it,d347e4613853b673d3c99b86f0a8fb3bfc242ab7fc1ecfa63e396ff94822ab62,675efa1486e53a4914248132dda701b834c9e26599d8c4c4d7b41db57bfcf2b0,consensus_two_stage_interactive_adaptation_v1,prompt_compiler_v2_split_g_f,641478366,pending,Q001|Q002|Q003,"{""Q001"": ""consensus_estimate_co2_warms_planet"", ""Q002"": ""consensus_estimate_net_zero_before_2085"", ""Q003"": ""consensus_estimate_human_primary_cause""}",consensus_stage_a,consensus_two_stage_interactive_adaptation_v1,F|target|F0378|Consensus|stage_a|replicate_1,d347e4613853b673d3c99b86f0a8fb3bfc242ab7fc1ecfa63e396ff94822ab62,675efa1486e53a4914248132dda701b834c9e26599d8c4c4d7b41db57bfcf2b0,
F|target|F0379|Consensus|stage_a|replicate_1,F-a933376fb89c4ad863c2438ddfb77858807614f7,F,target,F0379,Consensus,consensus_stage_a_estimates,1,google/gemma-4-31B-it,8592715db5120c1199554e1989969dfd4b4928ccbcaacfd8a2e4596f2791167e,675efa1486e53a4914248132dda701b834c9e26599d8c4c4d7b41db57bfcf2b0,consensus_two_stage_interactive_adaptation_v1,prompt_compiler_v2_split_g_f,184727994,pending,Q001|Q002|Q003,"{""Q001"": ""consensus_estimate_net_zero_before_2085"", ""Q002"": ""consensus_estimate_co2_warms_planet"", ""Q003"": ""consensus_estimate_human_primary_cause""}",consensus_stage_a,consensus_two_stage_interactive_adaptation_v1,F|target|F0379|Consensus|stage_a|replicate_1,8592715db5120c1199554e1989969dfd4b4928ccbcaacfd8a2e4596f2791167e,675efa1486e53a4914248132dda701b834c9e26599d8c4c4d7b41db57bfcf2b0,
F|target|F0380|Consensus|stage_a|replicate_1,F-16b7740b066bc4d4d3e5426dcb325654d1b7dbc9,F,target,F0380,Consensus,consensus_stage_a_estimates,1,google/gemma-4-31B-it,a69caa200d2822855e008426319e3d4fe9b703f038863c02f1087363f7830059,675efa1486e53a4914248132dda701b834c9e26599d8c4c4d7b41db57bfcf2b0,consensus_two_stage_interactive_adaptation_v1,prompt_compiler_v2_split_g_f,869969130,pending,Q001|Q002|Q003,"{""Q001"": ""consensus_estimate_co2_warms_planet"", ""Q002"": ""consensus_estimate_human_primary_cause"", ""Q003"": ""consensus_estimate_net_zero_before_2085""}",consensus_stage_a,consensus_two_stage_interactive_adaptation_v1,F|target|F0380|Consensus|stage_a|replicate_1,a69caa200d2822855e008426319e3d4fe9b703f038863c02f1087363f7830059,675efa1486e53a4914248132dda701b834c9e26599d8c4c4d7b41db57bfcf2b0,
F|target|F0381|Consensus|stage_a|replicate_1,F-e4bf9cb6d786ff2fe4435f998f8df6c360c044de,F,target,F0381,Consensus,consensus_stage_a_estimates,1,google/gemma-4-31B-it,d3ab79af9dd6fbc3219408f42d8ee6d3585957651d681315474591f5f4968cab,675efa1486e53a4914248132dda701b834c9e26599d8c4c4d7b41db57bfcf2b0,consensus_two_stage_interactive_adaptation_v1,prompt_compiler_v2_split_g_f,554055840,pending,Q001|Q002|Q003,"{""Q001"": ""consensus_estimate_net_zero_before_2085"", ""Q002"": ""consensus_estimate_human_primary_cause"", ""Q003"": ""consensus_estimate_co2_warms_planet""}",consensus_stage_a,consensus_two_stage_interactive_adaptation_v1,F|target|F0381|Consensus|stage_a|replicate_1,d3ab79af9dd6fbc3219408f42d8ee6d3585957651d681315474591f5f4968cab,675efa1486e53a4914248132dda701b834c9e26599d8c4c4d7b41db57bfcf2b0,
F|target|F0382|Consensus|stage_a|replicate_1,F-b916de5edc6fcfbaaa10e0b1c3852565be987df1,F,target,F0382,Consensus,consensus_stage_a_estimates,1,google/gemma-4-31B-it,a2920ad91558a6964d447c6d93b33f01b2aa35c7bd5a4a42f9b0f8bf95bf49b9,675efa1486e53a4914248132dda701b834c9e26599d8c4c4d7b41db57bfcf2b0,consensus_two_stage_interactive_adaptation_v1,prompt_compiler_v2_split_g_f,1318947962,pending,Q001|Q002|Q003,"{""Q001"": ""consensus_estimate_co2_warms_planet"", ""Q002"": ""consensus_estimate_net_zero_before_2085"", ""Q003"": ""consensus_estimate_human_primary_cause""}",consensus_stage_a,consensus_two_stage_interactive_adaptation_v1,F|target|F0382|Consensus|stage_a|replicate_1,a2920ad91558a6964d447c6d93b33f01b2aa35c7bd5a4a42f9b0f8bf95bf49b9,675efa1486e53a4914248132dda701b834c9e26599d8c4c4d7b41db57bfcf2b0,
F|target|F0383|Consensus|stage_a|replicate_1,F-7a6c883a1fb5d0c4249beb147cd4e647ffe98d9c,F,target,F0383,Consensus,consensus_stage_a_estimates,1,google/gemma-4-31B-it,e66d8e075bbde24f95fd7a480a9a376a4c3ca7f35c5e64c1c676e74f75885b68,675efa1486e53a4914248132dda701b834c9e26599d8c4c4d7b41db57bfcf2b0,consensus_two_stage_interactive_adaptation_v1,prompt_compiler_v2_split_g_f,344908090,pending,Q001|Q002|Q003,"{""Q001"": ""consensus_estimate_net_zero_before_2085"", ""Q002"": ""consensus_estimate_co2_warms_planet"", ""Q003"": ""consensus_estimate_human_primary_cause""}",consensus_stage_a,consensus_two_stage_interactive_adaptation_v1,F|target|F0383|Consensus|stage_a|replicate_1,e66d8e075bbde24f95fd7a480a9a376a4c3ca7f35c5e64c1c676e74f75885b68,675efa1486e53a4914248132dda701b834c9e26599d8c4c4d7b41db57bfcf2b0,
F|target|F0384|Consensus|stage_a|replicate_1,F-4c06d514e955fd0d9e44090ddc0c7019d587cd47,F,target,F0384,Consensus,consensus_stage_a_estimates,1,google/gemma-4-31B-it,fba677f1601e6488407142f0a4ccf266591c6caf49cc3f79bedf1ee3bc660d54,675efa1486e53a4914248132dda701b834c9e26599d8c4c4d7b41db57bfcf2b0,consensus_two_stage_interactive_adaptation_v1,prompt_compiler_v2_split_g_f,23308088,pending,Q001|Q002|Q003,"{""Q001"": ""consensus_estimate_human_primary_cause"", ""Q002"": ""consensus_estimate_net_zero_before_2085"", ""Q003"": ""consensus_estimate_co2_warms_planet""}",consensus_stage_a,consensus_two_stage_interactive_adaptation_v1,F|target|F0384|Consensus|stage_a|replicate_1,fba677f1601e6488407142f0a4ccf266591c6caf49cc3f79bedf1ee3bc660d54,675efa1486e53a4914248132dda701b834c9e26599d8c4c4d7b41db57bfcf2b0,
F|target|F0385|Consensus|stage_a|replicate_1,F-827e1d2e17a0faf4303ac563452e6a77b71abfc5,F,target,F0385,Consensus,consensus_stage_a_estimates,1,google/gemma-4-31B-it,b705c6021ef58737949a9a372eee5011c09245bdac9dde204e204d9911576de0,675efa1486e53a4914248132dda701b834c9e26599d8c4c4d7b41db57bfcf2b0,consensus_two_stage_interactive_adaptation_v1,prompt_compiler_v2_split_g_f,480064850,pending,Q001|Q002|Q003,"{""Q001"": ""consensus_estimate_net_zero_before_2085"", ""Q002"": ""consensus_estimate_human_primary_cause"", ""Q003"": ""consensus_estimate_co2_warms_planet""}",consensus_stage_a,consensus_two_stage_interactive_adaptation_v1,F|target|F0385|Consensus|stage_a|replicate_1,b705c6021ef58737949a9a372eee5011c09245bdac9dde204e204d9911576de0,675efa1486e53a4914248132dda701b834c9e26599d8c4c4d7b41db57bfcf2b0,
F|target|F0386|Consensus|stage_a|replicate_1,F-f3d84a4d2e8ae541e00bdc76e07bbbb162c130a5,F,target,F0386,Consensus,consensus_stage_a_estimates,1,google/gemma-4-31B-it,cda837a1711766bbc123f85076605b765a6c8e75abdc2d4b921918e2ecff4582,675efa1486e53a4914248132dda701b834c9e26599d8c4c4d7b41db57bfcf2b0,consensus_two_stage_interactive_adaptation_v1,prompt_compiler_v2_split_g_f,372996575,pending,Q001|Q002|Q003,"{""Q001"": ""consensus_estimate_net_zero_before_2085"", ""Q002"": ""consensus_estimate_human_primary_cause"", ""Q003"": ""consensus_estimate_co2_warms_planet""}",consensus_stage_a,consensus_two_stage_interactive_adaptation_v1,F|target|F0386|Consensus|stage_a|replicate_1,cda837a1711766bbc123f85076605b765a6c8e75abdc2d4b921918e2ecff4582,675efa1486e53a4914248132dda701b834c9e26599d8c4c4d7b41db57bfcf2b0,
F|target|F0387|Consensus|stage_a|replicate_1,F-576b92803dd75d5ed1161bd2deb9aa0b2b64d307,F,target,F0387,Consensus,consensus_stage_a_estimates,1,google/gemma-4-31B-it,0e377581f4a3f8c06440d6c97108c5159d9a0ee8b588364f074bceaf9bdd6c80,675efa1486e53a4914248132dda701b834c9e26599d8c4c4d7b41db57bfcf2b0,consensus_two_stage_interactive_adaptation_v1,prompt_compiler_v2_split_g_f,1823375967,pending,Q001|Q002|Q003,"{""Q001"": ""consensus_estimate_co2_warms_planet"", ""Q002"": ""consensus_estimate_net_zero_before_2085"", ""Q003"": ""consensus_estimate_human_primary_cause""}",consensus_stage_a,consensus_two_stage_interactive_adaptation_v1,F|target|F0387|Consensus|stage_a|replicate_1,0e377581f4a3f8c06440d6c97108c5159d9a0ee8b588364f074bceaf9bdd6c80,675efa1486e53a4914248132dda701b834c9e26599d8c4c4d7b41db57bfcf2b0,
F|target|F0388|Consensus|stage_a|replicate_1,F-fca4ad580be8421d48f8bc2d99fd44a11adaf856,F,target,F0388,Consensus,consensus_stage_a_estimates,1,google/gemma-4-31B-it,fea98f4487f3f0e01e489411b09fba9e7ec4a140a8e5df63baa9814887732d6f,675efa1486e53a4914248132dda701b834c9e26599d8c4c4d7b41db57bfcf2b0,consensus_two_stage_interactive_adaptation_v1,prompt_compiler_v2_split_g_f,87137489,pending,Q001|Q002|Q003,"{""Q001"": ""consensus_estimate_co2_warms_planet"", ""Q002"": ""consensus_estimate_net_zero_before_2085"", ""Q003"": ""consensus_estimate_human_primary_cause""}",consensus_stage_a,consensus_two_stage_interactive_adaptation_v1,F|target|F0388|Consensus|stage_a|replicate_1,fea98f4487f3f0e01e489411b09fba9e7ec4a140a8e5df63baa9814887732d6f,675efa1486e53a4914248132dda701b834c9e26599d8c4c4d7b41db57bfcf2b0,
F|target|F0389|Consensus|stage_a|replicate_1,F-7ff44266017b108befa707b11f918e0f62315aa0,F,target,F0389,Consensus,consensus_stage_a_estimates,1,google/gemma-4-31B-it,4bf0ec0eebf7a9e2c0f92dc02ef6a2c8295a34e8f66c65a78806b547fced39d9,675efa1486e53a4914248132dda701b834c9e26599d8c4c4d7b41db57bfcf2b0,consensus_two_stage_interactive_adaptation_v1,prompt_compiler_v2_split_g_f,23303513,pending,Q001|Q002|Q003,"{""Q001"": ""consensus_estimate_co2_warms_planet"", ""Q002"": ""consensus_estimate_net_zero_before_2085"", ""Q003"": ""consensus_estimate_human_primary_cause""}",consensus_stage_a,consensus_two_stage_interactive_adaptation_v1,F|target|F0389|Consensus|stage_a|replicate_1,4bf0ec0eebf7a9e2c0f92dc02ef6a2c8295a34e8f66c65a78806b547fced39d9,675efa1486e53a4914248132dda701b834c9e26599d8c4c4d7b41db57bfcf2b0,
F|target|F0390|Consensus|stage_a|replicate_1,F-fd8b32db31cbca7d0181d2679641fb56a0de08e6,F,target,F0390,Consensus,consensus_stage_a_estimates,1,google/gemma-4-31B-it,3d54080418bfa7be3e552a3b66246f16d9a55da7159c3ae271872a5b8b6c0a75,675efa1486e53a4914248132dda701b834c9e26599d8c4c4d7b41db57bfcf2b0,consensus_two_stage_interactive_adaptation_v1,prompt_compiler_v2_split_g_f,753020983,pending,Q001|Q002|Q003,"{""Q001"": ""consensus_estimate_human_primary_cause"", ""Q002"": ""consensus_estimate_net_zero_before_2085"", ""Q003"": ""consensus_estimate_co2_warms_planet""}",consensus_stage_a,consensus_two_stage_interactive_adaptation_v1,F|target|F0390|Consensus|stage_a|replicate_1,3d54080418bfa7be3e552a3b66246f16d9a55da7159c3ae271872a5b8b6c0a75,675efa1486e53a4914248132dda701b834c9e26599d8c4c4d7b41db57bfcf2b0,
F|target|F0391|Consensus|stage_a|replicate_1,F-1441b9b93a00015fd3323835acfc7cabcf49d075,F,target,F0391,Consensus,consensus_stage_a_estimates,1,google/gemma-4-31B-it,7f925b2dbbcac67a11fd6823ed6f825cbfaef3c842345aaf2d871dccb2904ad2,675efa1486e53a4914248132dda701b834c9e26599d8c4c4d7b41db57bfcf2b0,consensus_two_stage_interactive_adaptation_v1,prompt_compiler_v2_split_g_f,1652782289,pending,Q001|Q002|Q003,"{""Q001"": ""consensus_estimate_co2_warms_planet"", ""Q002"": ""consensus_estimate_human_primary_cause"", ""Q003"": ""consensus_estimate_net_zero_before_2085""}",consensus_stage_a,consensus_two_stage_interactive_adaptation_v1,F|target|F0391|Consensus|stage_a|replicate_1,7f925b2dbbcac67a11fd6823ed6f825cbfaef3c842345aaf2d871dccb2904ad2,675efa1486e53a4914248132dda701b834c9e26599d8c4c4d7b41db57bfcf2b0,
F|target|F0392|Consensus|stage_a|replicate_1,F-cf4ff2b7e6009bd63d4af5e52ebbe59696dec204,F,target,F0392,Consensus,consensus_stage_a_estimates,1,google/gemma-4-31B-it,fc99b45f691feff3535be5933ed13fab9607afcd685f12400092137c9b54894b,675efa1486e53a4914248132dda701b834c9e26599d8c4c4d7b41db57bfcf2b0,consensus_two_stage_interactive_adaptation_v1,prompt_compiler_v2_split_g_f,77627721,pending,Q001|Q002|Q003,"{""Q001"": ""consensus_estimate_net_zero_before_2085"", ""Q002"": ""consensus_estimate_co2_warms_planet"", ""Q003"": ""consensus_estimate_human_primary_cause""}",consensus_stage_a,consensus_two_stage_interactive_adaptation_v1,F|target|F0392|Consensus|stage_a|replicate_1,fc99b45f691feff3535be5933ed13fab9607afcd685f12400092137c9b54894b,675efa1486e53a4914248132dda701b834c9e26599d8c4c4d7b41db57bfcf2b0,
F|target|F0393|Consensus|stage_a|replicate_1,F-c869ab77a67c2142cf7ab7abd4e5fc74039782f4,F,target,F0393,Consensus,consensus_stage_a_estimates,1,google/gemma-4-31B-it,a2f87e09ef0fa56478695a005a90aeac6a4012ab7c4e24ef838eed129a645185,675efa1486e53a4914248132dda701b834c9e26599d8c4c4d7b41db57bfcf2b0,consensus_two_stage_interactive_adaptation_v1,prompt_compiler_v2_split_g_f,927954996,pending,Q001|Q002|Q003,"{""Q001"": ""consensus_estimate_co2_warms_planet"", ""Q002"": ""consensus_estimate_human_primary_cause"", ""Q003"": ""consensus_estimate_net_zero_before_2085""}",consensus_stage_a,consensus_two_stage_interactive_adaptation_v1,F|target|F0393|Consensus|stage_a|replicate_1,a2f87e09ef0fa56478695a005a90aeac6a4012ab7c4e24ef838eed129a645185,675efa1486e53a4914248132dda701b834c9e26599d8c4c4d7b41db57bfcf2b0,
F|target|F0394|Consensus|stage_a|replicate_1,F-647ef0d7200d511b13a0d84f78afaf495d6c6b52,F,target,F0394,Consensus,consensus_stage_a_estimates,1,google/gemma-4-31B-it,736516ffd6e89f4e2c50c0d56532c73135de25a3432e1d3b7a543211dc47f5c1,675efa1486e53a4914248132dda701b834c9e26599d8c4c4d7b41db57bfcf2b0,consensus_two_stage_interactive_adaptation_v1,prompt_compiler_v2_split_g_f,1762341578,pending,Q001|Q002|Q003,"{""Q001"": ""consensus_estimate_co2_warms_planet"", ""Q002"": ""consensus_estimate_human_primary_cause"", ""Q003"": ""consensus_estimate_net_zero_before_2085""}",consensus_stage_a,consensus_two_stage_interactive_adaptation_v1,F|target|F0394|Consensus|stage_a|replicate_1,736516ffd6e89f4e2c50c0d56532c73135de25a3432e1d3b7a543211dc47f5c1,675efa1486e53a4914248132dda701b834c9e26599d8c4c4d7b41db57bfcf2b0,
F|target|F0395|Consensus|stage_a|replicate_1,F-144775502c15ad8057caf3c12977db77cc22d3ce,F,target,F0395,Consensus,consensus_stage_a_estimates,1,google/gemma-4-31B-it,1cd705e723402c8697cf7c7402e3025abde376df34a8086f5646cc2d9885a0c4,675efa1486e53a4914248132dda701b834c9e26599d8c4c4d7b41db57bfcf2b0,consensus_two_stage_interactive_adaptation_v1,prompt_compiler_v2_split_g_f,1420072992,pending,Q001|Q002|Q003,"{""Q001"": ""consensus_estimate_net_zero_before_2085"", ""Q002"": ""consensus_estimate_human_primary_cause"", ""Q003"": ""consensus_estimate_co2_warms_planet""}",consensus_stage_a,consensus_two_stage_interactive_adaptation_v1,F|target|F0395|Consensus|stage_a|replicate_1,1cd705e723402c8697cf7c7402e3025abde376df34a8086f5646cc2d9885a0c4,675efa1486e53a4914248132dda701b834c9e26599d8c4c4d7b41db57bfcf2b0,
F|target|F0396|Consensus|stage_a|replicate_1,F-ac9f1b4eeb56c92de8d78d020752746e372ad56d,F,target,F0396,Consensus,consensus_stage_a_estimates,1,google/gemma-4-31B-it,743c7b00027641d62d9029fb196d66451efa2296ebd52f1c7c5572836f7af1ab,675efa1486e53a4914248132dda701b834c9e26599d8c4c4d7b41db57bfcf2b0,consensus_two_stage_interactive_adaptation_v1,prompt_compiler_v2_split_g_f,1150615501,pending,Q001|Q002|Q003,"{""Q001"": ""consensus_estimate_co2_warms_planet"", ""Q002"": ""consensus_estimate_net_zero_before_2085"", ""Q003"": ""consensus_estimate_human_primary_cause""}",consensus_stage_a,consensus_two_stage_interactive_adaptation_v1,F|target|F0396|Consensus|stage_a|replicate_1,743c7b00027641d62d9029fb196d66451efa2296ebd52f1c7c5572836f7af1ab,675efa1486e53a4914248132dda701b834c9e26599d8c4c4d7b41db57bfcf2b0,
F|target|F0397|Consensus|stage_a|replicate_1,F-ad5eaf3da7a9beb027fbead34533e4564ccca24b,F,target,F0397,Consensus,consensus_stage_a_estimates,1,google/gemma-4-31B-it,be724618c698911634e2fe5205f5ba3fef9b15c040986580f35ff31772c13f89,675efa1486e53a4914248132dda701b834c9e26599d8c4c4d7b41db57bfcf2b0,consensus_two_stage_interactive_adaptation_v1,prompt_compiler_v2_split_g_f,40312110,pending,Q001|Q002|Q003,"{""Q001"": ""consensus_estimate_human_primary_cause"", ""Q002"": ""consensus_estimate_co2_warms_planet"", ""Q003"": ""consensus_estimate_net_zero_before_2085""}",consensus_stage_a,consensus_two_stage_interactive_adaptation_v1,F|target|F0397|Consensus|stage_a|replicate_1,be724618c698911634e2fe5205f5ba3fef9b15c040986580f35ff31772c13f89,675efa1486e53a4914248132dda701b834c9e26599d8c4c4d7b41db57bfcf2b0,
F|target|F0398|Consensus|stage_a|replicate_1,F-ba8b59a07f9007a60e4572665907f4dd447275af,F,target,F0398,Consensus,consensus_stage_a_estimates,1,google/gemma-4-31B-it,ee347965bfdbe4e7afb478e29260fbd98ff2deee80c3541e68c6646ddad456d3,675efa1486e53a4914248132dda701b834c9e26599d8c4c4d7b41db57bfcf2b0,consensus_two_stage_interactive_adaptation_v1,prompt_compiler_v2_split_g_f,1957083881,pending,Q001|Q002|Q003,"{""Q001"": ""consensus_estimate_net_zero_before_2085"", ""Q002"": ""consensus_estimate_human_primary_cause"", ""Q003"": ""consensus_estimate_co2_warms_planet""}",consensus_stage_a,consensus_two_stage_interactive_adaptation_v1,F|target|F0398|Consensus|stage_a|replicate_1,ee347965bfdbe4e7afb478e29260fbd98ff2deee80c3541e68c6646ddad456d3,675efa1486e53a4914248132dda701b834c9e26599d8c4c4d7b41db57bfcf2b0,
F|target|F0399|Consensus|stage_a|replicate_1,F-f896004f873331c7907367e236d7fcaed392a61d,F,target,F0399,Consensus,consensus_stage_a_estimates,1,google/gemma-4-31B-it,53e4e1cda56474076def6031b4f1196b969f9d64b30a208312ce66f9c0ccd888,675efa1486e53a4914248132dda701b834c9e26599d8c4c4d7b41db57bfcf2b0,consensus_two_stage_interactive_adaptation_v1,prompt_compiler_v2_split_g_f,2019504745,pending,Q001|Q002|Q003,"{""Q001"": ""consensus_estimate_co2_warms_planet"", ""Q002"": ""consensus_estimate_human_primary_cause"", ""Q003"": ""consensus_estimate_net_zero_before_2085""}",consensus_stage_a,consensus_two_stage_interactive_adaptation_v1,F|target|F0399|Consensus|stage_a|replicate_1,53e4e1cda56474076def6031b4f1196b969f9d64b30a208312ce66f9c0ccd888,675efa1486e53a4914248132dda701b834c9e26599d8c4c4d7b41db57bfcf2b0,
F|target|F0400|Consensus|stage_a|replicate_1,F-75d267b3ecd8f34bc9dce711d69aea0f79116f86,F,target,F0400,Consensus,consensus_stage_a_estimates,1,google/gemma-4-31B-it,cb16adccab7115f6f2eb9f5e522da4f18344ac626910a1f82500592c35724e10,675efa1486e53a4914248132dda701b834c9e26599d8c4c4d7b41db57bfcf2b0,consensus_two_stage_interactive_adaptation_v1,prompt_compiler_v2_split_g_f,1484636852,pending,Q001|Q002|Q003,"{""Q001"": ""consensus_estimate_co2_warms_planet"", ""Q002"": ""consensus_estimate_net_zero_before_2085"", ""Q003"": ""consensus_estimate_human_primary_cause""}",consensus_stage_a,consensus_two_stage_interactive_adaptation_v1,F|target|F0400|Consensus|stage_a|replicate_1,cb16adccab7115f6f2eb9f5e522da4f18344ac626910a1f82500592c35724e10,675efa1486e53a4914248132dda701b834c9e26599d8c4c4d7b41db57bfcf2b0,
F|target|F0401|Consensus|stage_a|replicate_1,F-99f9e60ef8198092afa571eff07b6a37401e7a7c,F,target,F0401,Consensus,consensus_stage_a_estimates,1,google/gemma-4-31B-it,ce0184e743866df03155f4ac2ed8689478197246c13a56fa3a684b3800bad6dd,675efa1486e53a4914248132dda701b834c9e26599d8c4c4d7b41db57bfcf2b0,consensus_two_stage_interactive_adaptation_v1,prompt_compiler_v2_split_g_f,739069106,pending,Q001|Q002|Q003,"{""Q001"": ""consensus_estimate_human_primary_cause"", ""Q002"": ""consensus_estimate_co2_warms_planet"", ""Q003"": ""consensus_estimate_net_zero_before_2085""}",consensus_stage_a,consensus_two_stage_interactive_adaptation_v1,F|target|F0401|Consensus|stage_a|replicate_1,ce0184e743866df03155f4ac2ed8689478197246c13a56fa3a684b3800bad6dd,675efa1486e53a4914248132dda701b834c9e26599d8c4c4d7b41db57bfcf2b0,
F|target|F0402|Consensus|stage_a|replicate_1,F-f21927240fc9569f7867f72c1db8fa60a4cd1b15,F,target,F0402,Consensus,consensus_stage_a_estimates,1,google/gemma-4-31B-it,ecca7f65fa0b97a15d5958c8c04f2a9a81d39603d40df5ade2ca63b052e147be,675efa1486e53a4914248132dda701b834c9e26599d8c4c4d7b41db57bfcf2b0,consensus_two_stage_interactive_adaptation_v1,prompt_compiler_v2_split_g_f,1945871594,pending,Q001|Q002|Q003,"{""Q001"": ""consensus_estimate_human_primary_cause"", ""Q002"": ""consensus_estimate_co2_warms_planet"", ""Q003"": ""consensus_estimate_net_zero_before_2085""}",consensus_stage_a,consensus_two_stage_interactive_adaptation_v1,F|target|F0402|Consensus|stage_a|replicate_1,ecca7f65fa0b97a15d5958c8c04f2a9a81d39603d40df5ade2ca63b052e147be,675efa1486e53a4914248132dda701b834c9e26599d8c4c4d7b41db57bfcf2b0,
F|target|F0403|Consensus|stage_a|replicate_1,F-307921dc4bba5fe4fd9119d0775efc56ab6455f4,F,target,F0403,Consensus,consensus_stage_a_estimates,1,google/gemma-4-31B-it,29f49d2026224406134d1f4b5f1e3869eb0b4e375c91710dbff56100f21922a4,675efa1486e53a4914248132dda701b834c9e26599d8c4c4d7b41db57bfcf2b0,consensus_two_stage_interactive_adaptation_v1,prompt_compiler_v2_split_g_f,749511581,pending,Q001|Q002|Q003,"{""Q001"": ""consensus_estimate_human_primary_cause"", ""Q002"": ""consensus_estimate_co2_warms_planet"", ""Q003"": ""consensus_estimate_net_zero_before_2085""}",consensus_stage_a,consensus_two_stage_interactive_adaptation_v1,F|target|F0403|Consensus|stage_a|replicate_1,29f49d2026224406134d1f4b5f1e3869eb0b4e375c91710dbff56100f21922a4,675efa1486e53a4914248132dda701b834c9e26599d8c4c4d7b41db57bfcf2b0,
F|target|F0404|Consensus|stage_a|replicate_1,F-1ce3497bffe717da29c3d87b700e7e5614aded99,F,target,F0404,Consensus,consensus_stage_a_estimates,1,google/gemma-4-31B-it,992c5b2d6eddb0087432637e33affdd05f6f6f559eba8b723f411bc95be82a4e,675efa1486e53a4914248132dda701b834c9e26599d8c4c4d7b41db57bfcf2b0,consensus_two_stage_interactive_adaptation_v1,prompt_compiler_v2_split_g_f,967682770,pending,Q001|Q002|Q003,"{""Q001"": ""consensus_estimate_net_zero_before_2085"", ""Q002"": ""consensus_estimate_human_primary_cause"", ""Q003"": ""consensus_estimate_co2_warms_planet""}",consensus_stage_a,consensus_two_stage_interactive_adaptation_v1,F|target|F0404|Consensus|stage_a|replicate_1,992c5b2d6eddb0087432637e33affdd05f6f6f559eba8b723f411bc95be82a4e,675efa1486e53a4914248132dda701b834c9e26599d8c4c4d7b41db57bfcf2b0,
F|target|F0405|Consensus|stage_a|replicate_1,F-b664218e691ebebd6e71fb20ed6120da1519202d,F,target,F0405,Consensus,consensus_stage_a_estimates,1,google/gemma-4-31B-it,47e52b4c8d0862ede25da3ce6549c1b04fa692a20a73c4e8f0dfa81c7eafd3bb,675efa1486e53a4914248132dda701b834c9e26599d8c4c4d7b41db57bfcf2b0,consensus_two_stage_interactive_adaptation_v1,prompt_compiler_v2_split_g_f,1441202652,pending,Q001|Q002|Q003,"{""Q001"": ""consensus_estimate_human_primary_cause"", ""Q002"": ""consensus_estimate_net_zero_before_2085"", ""Q003"": ""consensus_estimate_co2_warms_planet""}",consensus_stage_a,consensus_two_stage_interactive_adaptation_v1,F|target|F0405|Consensus|stage_a|replicate_1,47e52b4c8d0862ede25da3ce6549c1b04fa692a20a73c4e8f0dfa81c7eafd3bb,675efa1486e53a4914248132dda701b834c9e26599d8c4c4d7b41db57bfcf2b0,
F|target|F0406|Consensus|stage_a|replicate_1,F-946483863d215bfee1bcc23a110c50c66a68c3ff,F,target,F0406,Consensus,consensus_stage_a_estimates,1,google/gemma-4-31B-it,461a068eed274cda7be3e1cdd78ea3c9c079288251576e3b618823427581c3be,675efa1486e53a4914248132dda701b834c9e26599d8c4c4d7b41db57bfcf2b0,consensus_two_stage_interactive_adaptation_v1,prompt_compiler_v2_split_g_f,1709859596,pending,Q001|Q002|Q003,"{""Q001"": ""consensus_estimate_human_primary_cause"", ""Q002"": ""consensus_estimate_co2_warms_planet"", ""Q003"": ""consensus_estimate_net_zero_before_2085""}",consensus_stage_a,consensus_two_stage_interactive_adaptation_v1,F|target|F0406|Consensus|stage_a|replicate_1,461a068eed274cda7be3e1cdd78ea3c9c079288251576e3b618823427581c3be,675efa1486e53a4914248132dda701b834c9e26599d8c4c4d7b41db57bfcf2b0,
F|target|F0407|Consensus|stage_a|replicate_1,F-94f777f7e517460648221a515071cce2e9251755,F,target,F0407,Consensus,consensus_stage_a_estimates,1,google/gemma-4-31B-it,94f258227675d15dd90857f5004e34d8331013507f80f1be2a854b4876938040,675efa1486e53a4914248132dda701b834c9e26599d8c4c4d7b41db57bfcf2b0,consensus_two_stage_interactive_adaptation_v1,prompt_compiler_v2_split_g_f,252065272,pending,Q001|Q002|Q003,"{""Q001"": ""consensus_estimate_co2_warms_planet"", ""Q002"": ""consensus_estimate_human_primary_cause"", ""Q003"": ""consensus_estimate_net_zero_before_2085""}",consensus_stage_a,consensus_two_stage_interactive_adaptation_v1,F|target|F0407|Consensus|stage_a|replicate_1,94f258227675d15dd90857f5004e34d8331013507f80f1be2a854b4876938040,675efa1486e53a4914248132dda701b834c9e26599d8c4c4d7b41db57bfcf2b0,
F|target|F0408|Consensus|stage_a|replicate_1,F-869a8d1c722102cecf6d84adfc84540a98878e9b,F,target,F0408,Consensus,consensus_stage_a_estimates,1,google/gemma-4-31B-it,14e985cb0f2aa8dcdc1503f80c4a76610ff154189d7594a2d68dba8941957471,675efa1486e53a4914248132dda701b834c9e26599d8c4c4d7b41db57bfcf2b0,consensus_two_stage_interactive_adaptation_v1,prompt_compiler_v2_split_g_f,2136349960,pending,Q001|Q002|Q003,"{""Q001"": ""consensus_estimate_co2_warms_planet"", ""Q002"": ""consensus_estimate_human_primary_cause"", ""Q003"": ""consensus_estimate_net_zero_before_2085""}",consensus_stage_a,consensus_two_stage_interactive_adaptation_v1,F|target|F0408|Consensus|stage_a|replicate_1,14e985cb0f2aa8dcdc1503f80c4a76610ff154189d7594a2d68dba8941957471,675efa1486e53a4914248132dda701b834c9e26599d8c4c4d7b41db57bfcf2b0,
F|target|F0409|Consensus|stage_a|replicate_1,F-708bed927b239aa94e97dff8c207b6319c76c7f2,F,target,F0409,Consensus,consensus_stage_a_estimates,1,google/gemma-4-31B-it,cc8a2df7f94d042b125a702744a8a98ebba6afcbc96acb1ba329e4d552f57312,675efa1486e53a4914248132dda701b834c9e26599d8c4c4d7b41db57bfcf2b0,consensus_two_stage_interactive_adaptation_v1,prompt_compiler_v2_split_g_f,1547400655,pending,Q001|Q002|Q003,"{""Q001"": ""consensus_estimate_human_primary_cause"", ""Q002"": ""consensus_estimate_co2_warms_planet"", ""Q003"": ""consensus_estimate_net_zero_before_2085""}",consensus_stage_a,consensus_two_stage_interactive_adaptation_v1,F|target|F0409|Consensus|stage_a|replicate_1,cc8a2df7f94d042b125a702744a8a98ebba6afcbc96acb1ba329e4d552f57312,675efa1486e53a4914248132dda701b834c9e26599d8c4c4d7b41db57bfcf2b0,
F|target|F0410|Consensus|stage_a|replicate_1,F-5b9ad0e7ac35809288f9dca1143ad64d053660c7,F,target,F0410,Consensus,consensus_stage_a_estimates,1,google/gemma-4-31B-it,d9eb46eec645a9e7591df9cc56dd8d353243116421a0ffa0562f40f72e0d236f,675efa1486e53a4914248132dda701b834c9e26599d8c4c4d7b41db57bfcf2b0,consensus_two_stage_interactive_adaptation_v1,prompt_compiler_v2_split_g_f,1667965538,pending,Q001|Q002|Q003,"{""Q001"": ""consensus_estimate_co2_warms_planet"", ""Q002"": ""consensus_estimate_net_zero_before_2085"", ""Q003"": ""consensus_estimate_human_primary_cause""}",consensus_stage_a,consensus_two_stage_interactive_adaptation_v1,F|target|F0410|Consensus|stage_a|replicate_1,d9eb46eec645a9e7591df9cc56dd8d353243116421a0ffa0562f40f72e0d236f,675efa1486e53a4914248132dda701b834c9e26599d8c4c4d7b41db57bfcf2b0,
F|target|F0411|Consensus|stage_a|replicate_1,F-e3ac35f0384f45fd6ea6255aa42bfd356038b70c,F,target,F0411,Consensus,consensus_stage_a_estimates,1,google/gemma-4-31B-it,31cf817fcd92248d24d7637fd8b1bee396d846964bcf04c0fdaa01b170d389e6,675efa1486e53a4914248132dda701b834c9e26599d8c4c4d7b41db57bfcf2b0,consensus_two_stage_interactive_adaptation_v1,prompt_compiler_v2_split_g_f,2141696480,pending,Q001|Q002|Q003,"{""Q001"": ""consensus_estimate_human_primary_cause"", ""Q002"": ""consensus_estimate_net_zero_before_2085"", ""Q003"": ""consensus_estimate_co2_warms_planet""}",consensus_stage_a,consensus_two_stage_interactive_adaptation_v1,F|target|F0411|Consensus|stage_a|replicate_1,31cf817fcd92248d24d7637fd8b1bee396d846964bcf04c0fdaa01b170d389e6,675efa1486e53a4914248132dda701b834c9e26599d8c4c4d7b41db57bfcf2b0,
F|target|F0412|Consensus|stage_a|replicate_1,F-5bd10cd8abebebd3cb9c94b4f15adb76f58669c8,F,target,F0412,Consensus,consensus_stage_a_estimates,1,google/gemma-4-31B-it,727d20d9201e02de0b561475a266fd728a0aa26b870f3db5ca6fc60d18fb8dab,675efa1486e53a4914248132dda701b834c9e26599d8c4c4d7b41db57bfcf2b0,consensus_two_stage_interactive_adaptation_v1,prompt_compiler_v2_split_g_f,1670251909,pending,Q001|Q002|Q003,"{""Q001"": ""consensus_estimate_human_primary_cause"", ""Q002"": ""consensus_estimate_co2_warms_planet"", ""Q003"": ""consensus_estimate_net_zero_before_2085""}",consensus_stage_a,consensus_two_stage_interactive_adaptation_v1,F|target|F0412|Consensus|stage_a|replicate_1,727d20d9201e02de0b561475a266fd728a0aa26b870f3db5ca6fc60d18fb8dab,675efa1486e53a4914248132dda701b834c9e26599d8c4c4d7b41db57bfcf2b0,
F|target|F0413|Consensus|stage_a|replicate_1,F-a68286c5e1482e75b3538cba14648f89677e2701,F,target,F0413,Consensus,consensus_stage_a_estimates,1,google/gemma-4-31B-it,b737efe0b8f014de12261478f781c1dd34250508fa3084a564d0e703d4a9e202,675efa1486e53a4914248132dda701b834c9e26599d8c4c4d7b41db57bfcf2b0,consensus_two_stage_interactive_adaptation_v1,prompt_compiler_v2_split_g_f,776813571,pending,Q001|Q002|Q003,"{""Q001"": ""consensus_estimate_co2_warms_planet"", ""Q002"": ""consensus_estimate_net_zero_before_2085"", ""Q003"": ""consensus_estimate_human_primary_cause""}",consensus_stage_a,consensus_two_stage_interactive_adaptation_v1,F|target|F0413|Consensus|stage_a|replicate_1,b737efe0b8f014de12261478f781c1dd34250508fa3084a564d0e703d4a9e202,675efa1486e53a4914248132dda701b834c9e26599d8c4c4d7b41db57bfcf2b0,
F|target|F0414|Consensus|stage_a|replicate_1,F-d3059621af9f88b81f437dafd9f25b596b258ebc,F,target,F0414,Consensus,consensus_stage_a_estimates,1,google/gemma-4-31B-it,2dc791ae9cf3a5a768296e1e1c1fa4ff5eaee34ce952bb1e40d701652e11cab9,675efa1486e53a4914248132dda701b834c9e26599d8c4c4d7b41db57bfcf2b0,consensus_two_stage_interactive_adaptation_v1,prompt_compiler_v2_split_g_f,1437250814,pending,Q001|Q002|Q003,"{""Q001"": ""consensus_estimate_human_primary_cause"", ""Q002"": ""consensus_estimate_co2_warms_planet"", ""Q003"": ""consensus_estimate_net_zero_before_2085""}",consensus_stage_a,consensus_two_stage_interactive_adaptation_v1,F|target|F0414|Consensus|stage_a|replicate_1,2dc791ae9cf3a5a768296e1e1c1fa4ff5eaee34ce952bb1e40d701652e11cab9,675efa1486e53a4914248132dda701b834c9e26599d8c4c4d7b41db57bfcf2b0,
F|target|F0415|Consensus|stage_a|replicate_1,F-6b3b337ae28ba24b21b04f0fab6ed41d73e2c718,F,target,F0415,Consensus,consensus_stage_a_estimates,1,google/gemma-4-31B-it,12470a7db14c6c9d459fe219d1c0577276a6f3789a8a9669bf1afd0de92e0854,675efa1486e53a4914248132dda701b834c9e26599d8c4c4d7b41db57bfcf2b0,consensus_two_stage_interactive_adaptation_v1,prompt_compiler_v2_split_g_f,956434754,pending,Q001|Q002|Q003,"{""Q001"": ""consensus_estimate_human_primary_cause"", ""Q002"": ""consensus_estimate_net_zero_before_2085"", ""Q003"": ""consensus_estimate_co2_warms_planet""}",consensus_stage_a,consensus_two_stage_interactive_adaptation_v1,F|target|F0415|Consensus|stage_a|replicate_1,12470a7db14c6c9d459fe219d1c0577276a6f3789a8a9669bf1afd0de92e0854,675efa1486e53a4914248132dda701b834c9e26599d8c4c4d7b41db57bfcf2b0,
F|target|F0416|Consensus|stage_a|replicate_1,F-a6f05450901627f54e97c97338c80a332713ce21,F,target,F0416,Consensus,consensus_stage_a_estimates,1,google/gemma-4-31B-it,e3ebc135d6cc4213566da878c725fd7383b964a2b6a95dbeabb109b9c14d99af,675efa1486e53a4914248132dda701b834c9e26599d8c4c4d7b41db57bfcf2b0,consensus_two_stage_interactive_adaptation_v1,prompt_compiler_v2_split_g_f,1576456344,pending,Q001|Q002|Q003,"{""Q001"": ""consensus_estimate_net_zero_before_2085"", ""Q002"": ""consensus_estimate_human_primary_cause"", ""Q003"": ""consensus_estimate_co2_warms_planet""}",consensus_stage_a,consensus_two_stage_interactive_adaptation_v1,F|target|F0416|Consensus|stage_a|replicate_1,e3ebc135d6cc4213566da878c725fd7383b964a2b6a95dbeabb109b9c14d99af,675efa1486e53a4914248132dda701b834c9e26599d8c4c4d7b41db57bfcf2b0,
F|target|F0417|Consensus|stage_a|replicate_1,F-f9b1fc18d1368234fe2da3075972c7dc348865c7,F,target,F0417,Consensus,consensus_stage_a_estimates,1,google/gemma-4-31B-it,d0c63cb91e8cd5d85d36854f97900131aa1a0550bb6c1cc07182772a4cb595a8,675efa1486e53a4914248132dda701b834c9e26599d8c4c4d7b41db57bfcf2b0,consensus_two_stage_interactive_adaptation_v1,prompt_compiler_v2_split_g_f,1150974569,pending,Q001|Q002|Q003,"{""Q001"": ""consensus_estimate_net_zero_before_2085"", ""Q002"": ""consensus_estimate_co2_warms_planet"", ""Q003"": ""consensus_estimate_human_primary_cause""}",consensus_stage_a,consensus_two_stage_interactive_adaptation_v1,F|target|F0417|Consensus|stage_a|replicate_1,d0c63cb91e8cd5d85d36854f97900131aa1a0550bb6c1cc07182772a4cb595a8,675efa1486e53a4914248132dda701b834c9e26599d8c4c4d7b41db57bfcf2b0,
F|target|F0418|Consensus|stage_a|replicate_1,F-2206e1da098ef31ce27ac605b043387580ee2443,F,target,F0418,Consensus,consensus_stage_a_estimates,1,google/gemma-4-31B-it,15e9902fe2114b4e8ee919e6325f5e03a9a533de3083c56516badb276be50e1a,675efa1486e53a4914248132dda701b834c9e26599d8c4c4d7b41db57bfcf2b0,consensus_two_stage_interactive_adaptation_v1,prompt_compiler_v2_split_g_f,1302116048,pending,Q001|Q002|Q003,"{""Q001"": ""consensus_estimate_net_zero_before_2085"", ""Q002"": ""consensus_estimate_co2_warms_planet"", ""Q003"": ""consensus_estimate_human_primary_cause""}",consensus_stage_a,consensus_two_stage_interactive_adaptation_v1,F|target|F0418|Consensus|stage_a|replicate_1,15e9902fe2114b4e8ee919e6325f5e03a9a533de3083c56516badb276be50e1a,675efa1486e53a4914248132dda701b834c9e26599d8c4c4d7b41db57bfcf2b0,
F|target|F0419|Consensus|stage_a|replicate_1,F-93c276d64f6631d78ae1a60d022105f1e7635bf3,F,target,F0419,Consensus,consensus_stage_a_estimates,1,google/gemma-4-31B-it,20765c048352793853fb27097b57f73986a047f8925653093233246c7e072918,675efa1486e53a4914248132dda701b834c9e26599d8c4c4d7b41db57bfcf2b0,consensus_two_stage_interactive_adaptation_v1,prompt_compiler_v2_split_g_f,1995120517,pending,Q001|Q002|Q003,"{""Q001"": ""consensus_estimate_net_zero_before_2085"", ""Q002"": ""consensus_estimate_human_primary_cause"", ""Q003"": ""consensus_estimate_co2_warms_planet""}",consensus_stage_a,consensus_two_stage_interactive_adaptation_v1,F|target|F0419|Consensus|stage_a|replicate_1,20765c048352793853fb27097b57f73986a047f8925653093233246c7e072918,675efa1486e53a4914248132dda701b834c9e26599d8c4c4d7b41db57bfcf2b0,
F|target|F0420|Consensus|stage_a|replicate_1,F-c0700043d1bd72b6b24db3114fbc483e29490782,F,target,F0420,Consensus,consensus_stage_a_estimates,1,google/gemma-4-31B-it,a19cdbbaadaacf336b008da6951d5b4630300e4a8655436dd3b83c3945cad5a2,675efa1486e53a4914248132dda701b834c9e26599d8c4c4d7b41db57bfcf2b0,consensus_two_stage_interactive_adaptation_v1,prompt_compiler_v2_split_g_f,1386050368,pending,Q001|Q002|Q003,"{""Q001"": ""consensus_estimate_human_primary_cause"", ""Q002"": ""consensus_estimate_co2_warms_planet"", ""Q003"": ""consensus_estimate_net_zero_before_2085""}",consensus_stage_a,consensus_two_stage_interactive_adaptation_v1,F|target|F0420|Consensus|stage_a|replicate_1,a19cdbbaadaacf336b008da6951d5b4630300e4a8655436dd3b83c3945cad5a2,675efa1486e53a4914248132dda701b834c9e26599d8c4c4d7b41db57bfcf2b0,
F|target|F0421|Consensus|stage_a|replicate_1,F-73adedb15f1530243de3c73b360ec2a9768e9fa1,F,target,F0421,Consensus,consensus_stage_a_estimates,1,google/gemma-4-31B-it,ffbb877681bad25334a6753883a584c0f052ef9110a17db5162e8c77658fecca,675efa1486e53a4914248132dda701b834c9e26599d8c4c4d7b41db57bfcf2b0,consensus_two_stage_interactive_adaptation_v1,prompt_compiler_v2_split_g_f,1181813640,pending,Q001|Q002|Q003,"{""Q001"": ""consensus_estimate_net_zero_before_2085"", ""Q002"": ""consensus_estimate_co2_warms_planet"", ""Q003"": ""consensus_estimate_human_primary_cause""}",consensus_stage_a,consensus_two_stage_interactive_adaptation_v1,F|target|F0421|Consensus|stage_a|replicate_1,ffbb877681bad25334a6753883a584c0f052ef9110a17db5162e8c77658fecca,675efa1486e53a4914248132dda701b834c9e26599d8c4c4d7b41db57bfcf2b0,
F|target|F0422|Consensus|stage_a|replicate_1,F-ad5b34e15ce0b2d8a748b65eaba5feace693587c,F,target,F0422,Consensus,consensus_stage_a_estimates,1,google/gemma-4-31B-it,73c992c02b61d0fbfd15981400104cf304668f3271ce20f56af978d812bb6622,675efa1486e53a4914248132dda701b834c9e26599d8c4c4d7b41db57bfcf2b0,consensus_two_stage_interactive_adaptation_v1,prompt_compiler_v2_split_g_f,932650141,pending,Q001|Q002|Q003,"{""Q001"": ""consensus_estimate_human_primary_cause"", ""Q002"": ""consensus_estimate_net_zero_before_2085"", ""Q003"": ""consensus_estimate_co2_warms_planet""}",consensus_stage_a,consensus_two_stage_interactive_adaptation_v1,F|target|F0422|Consensus|stage_a|replicate_1,73c992c02b61d0fbfd15981400104cf304668f3271ce20f56af978d812bb6622,675efa1486e53a4914248132dda701b834c9e26599d8c4c4d7b41db57bfcf2b0,
F|target|F0423|Consensus|stage_a|replicate_1,F-f62172268e2b385dace3b6c2313fbe6a1c0f4c84,F,target,F0423,Consensus,consensus_stage_a_estimates,1,google/gemma-4-31B-it,4842eef637b01307a0e60da2afb0d20b83a8c170c6753dd235db138d7ddfc4bc,675efa1486e53a4914248132dda701b834c9e26599d8c4c4d7b41db57bfcf2b0,consensus_two_stage_interactive_adaptation_v1,prompt_compiler_v2_split_g_f,2054036653,pending,Q001|Q002|Q003,"{""Q001"": ""consensus_estimate_co2_warms_planet"", ""Q002"": ""consensus_estimate_net_zero_before_2085"", ""Q003"": ""consensus_estimate_human_primary_cause""}",consensus_stage_a,consensus_two_stage_interactive_adaptation_v1,F|target|F0423|Consensus|stage_a|replicate_1,4842eef637b01307a0e60da2afb0d20b83a8c170c6753dd235db138d7ddfc4bc,675efa1486e53a4914248132dda701b834c9e26599d8c4c4d7b41db57bfcf2b0,
F|target|F0424|Consensus|stage_a|replicate_1,F-7f4f9eb4a24f0b735c0c0fac3b57128077836c26,F,target,F0424,Consensus,consensus_stage_a_estimates,1,google/gemma-4-31B-it,f5b138d66b8bf261754a184e726ad94552763cb840c63aed354d4126eb0f27a3,675efa1486e53a4914248132dda701b834c9e26599d8c4c4d7b41db57bfcf2b0,consensus_two_stage_interactive_adaptation_v1,prompt_compiler_v2_split_g_f,552487134,pending,Q001|Q002|Q003,"{""Q001"": ""consensus_estimate_human_primary_cause"", ""Q002"": ""consensus_estimate_co2_warms_planet"", ""Q003"": ""consensus_estimate_net_zero_before_2085""}",consensus_stage_a,consensus_two_stage_interactive_adaptation_v1,F|target|F0424|Consensus|stage_a|replicate_1,f5b138d66b8bf261754a184e726ad94552763cb840c63aed354d4126eb0f27a3,675efa1486e53a4914248132dda701b834c9e26599d8c4c4d7b41db57bfcf2b0,
F|target|F0425|Consensus|stage_a|replicate_1,F-2678ace6dc155b1b9de3d1f95a0b2f6e98d480a9,F,target,F0425,Consensus,consensus_stage_a_estimates,1,google/gemma-4-31B-it,464f685d516a156007d47b3b00ae8d737f1381d0123766afa5e110b4e176caac,675efa1486e53a4914248132dda701b834c9e26599d8c4c4d7b41db57bfcf2b0,consensus_two_stage_interactive_adaptation_v1,prompt_compiler_v2_split_g_f,688305385,pending,Q001|Q002|Q003,"{""Q001"": ""consensus_estimate_co2_warms_planet"", ""Q002"": ""consensus_estimate_net_zero_before_2085"", ""Q003"": ""consensus_estimate_human_primary_cause""}",consensus_stage_a,consensus_two_stage_interactive_adaptation_v1,F|target|F0425|Consensus|stage_a|replicate_1,464f685d516a156007d47b3b00ae8d737f1381d0123766afa5e110b4e176caac,675efa1486e53a4914248132dda701b834c9e26599d8c4c4d7b41db57bfcf2b0,
F|target|F0426|Consensus|stage_a|replicate_1,F-96dcbd4fce61c0742cce57b7d0eb78e183e3210f,F,target,F0426,Consensus,consensus_stage_a_estimates,1,google/gemma-4-31B-it,42b54c52a685204de8232334acf7c6c023dac4bc38111fa57b0f4bb8aacc977c,675efa1486e53a4914248132dda701b834c9e26599d8c4c4d7b41db57bfcf2b0,consensus_two_stage_interactive_adaptation_v1,prompt_compiler_v2_split_g_f,2082159381,pending,Q001|Q002|Q003,"{""Q001"": ""consensus_estimate_net_zero_before_2085"", ""Q002"": ""consensus_estimate_co2_warms_planet"", ""Q003"": ""consensus_estimate_human_primary_cause""}",consensus_stage_a,consensus_two_stage_interactive_adaptation_v1,F|target|F0426|Consensus|stage_a|replicate_1,42b54c52a685204de8232334acf7c6c023dac4bc38111fa57b0f4bb8aacc977c,675efa1486e53a4914248132dda701b834c9e26599d8c4c4d7b41db57bfcf2b0,
F|target|F0427|Consensus|stage_a|replicate_1,F-2816fda734131a9b0491b4df5c4bc4aa534cc7df,F,target,F0427,Consensus,consensus_stage_a_estimates,1,google/gemma-4-31B-it,d7e8bdd1e437168380cd4f5a7ff86110f657179ea71c5a244303534af24e7f93,675efa1486e53a4914248132dda701b834c9e26599d8c4c4d7b41db57bfcf2b0,consensus_two_stage_interactive_adaptation_v1,prompt_compiler_v2_split_g_f,71374314,pending,Q001|Q002|Q003,"{""Q001"": ""consensus_estimate_net_zero_before_2085"", ""Q002"": ""consensus_estimate_co2_warms_planet"", ""Q003"": ""consensus_estimate_human_primary_cause""}",consensus_stage_a,consensus_two_stage_interactive_adaptation_v1,F|target|F0427|Consensus|stage_a|replicate_1,d7e8bdd1e437168380cd4f5a7ff86110f657179ea71c5a244303534af24e7f93,675efa1486e53a4914248132dda701b834c9e26599d8c4c4d7b41db57bfcf2b0,
F|target|F0428|Consensus|stage_a|replicate_1,F-66f7e1db8047b640669fee05e5d830c45a7abd34,F,target,F0428,Consensus,consensus_stage_a_estimates,1,google/gemma-4-31B-it,333ccbd34c8888cf8f3684068c76b3f85190c97cc35187380da117780fc360cf,675efa1486e53a4914248132dda701b834c9e26599d8c4c4d7b41db57bfcf2b0,consensus_two_stage_interactive_adaptation_v1,prompt_compiler_v2_split_g_f,1312258552,pending,Q001|Q002|Q003,"{""Q001"": ""consensus_estimate_co2_warms_planet"", ""Q002"": ""consensus_estimate_human_primary_cause"", ""Q003"": ""consensus_estimate_net_zero_before_2085""}",consensus_stage_a,consensus_two_stage_interactive_adaptation_v1,F|target|F0428|Consensus|stage_a|replicate_1,333ccbd34c8888cf8f3684068c76b3f85190c97cc35187380da117780fc360cf,675efa1486e53a4914248132dda701b834c9e26599d8c4c4d7b41db57bfcf2b0,
F|target|F0429|Consensus|stage_a|replicate_1,F-516da5993a6333ffdb8458231ab7d313078a1cff,F,target,F0429,Consensus,consensus_stage_a_estimates,1,google/gemma-4-31B-it,a1d0dad8419ca695ac73f2ec33b98d2dad37fbbb079502b9843707fe8c08adca,675efa1486e53a4914248132dda701b834c9e26599d8c4c4d7b41db57bfcf2b0,consensus_two_stage_interactive_adaptation_v1,prompt_compiler_v2_split_g_f,1564376882,pending,Q001|Q002|Q003,"{""Q001"": ""consensus_estimate_co2_warms_planet"", ""Q002"": ""consensus_estimate_human_primary_cause"", ""Q003"": ""consensus_estimate_net_zero_before_2085""}",consensus_stage_a,consensus_two_stage_interactive_adaptation_v1,F|target|F0429|Consensus|stage_a|replicate_1,a1d0dad8419ca695ac73f2ec33b98d2dad37fbbb079502b9843707fe8c08adca,675efa1486e53a4914248132dda701b834c9e26599d8c4c4d7b41db57bfcf2b0,
F|target|F0430|Consensus|stage_a|replicate_1,F-13165b505c2f471d470f292f281abe8e815a6c10,F,target,F0430,Consensus,consensus_stage_a_estimates,1,google/gemma-4-31B-it,7a70a19c4296aaf09754023f91a833fd637a8ad5a903e9ee48990cb8c6035344,675efa1486e53a4914248132dda701b834c9e26599d8c4c4d7b41db57bfcf2b0,consensus_two_stage_interactive_adaptation_v1,prompt_compiler_v2_split_g_f,39583166,pending,Q001|Q002|Q003,"{""Q001"": ""consensus_estimate_net_zero_before_2085"", ""Q002"": ""consensus_estimate_co2_warms_planet"", ""Q003"": ""consensus_estimate_human_primary_cause""}",consensus_stage_a,consensus_two_stage_interactive_adaptation_v1,F|target|F0430|Consensus|stage_a|replicate_1,7a70a19c4296aaf09754023f91a833fd637a8ad5a903e9ee48990cb8c6035344,675efa1486e53a4914248132dda701b834c9e26599d8c4c4d7b41db57bfcf2b0,
F|target|F0431|Consensus|stage_a|replicate_1,F-329f2bbaf430b1a422be01a942fa2b57cbb054c5,F,target,F0431,Consensus,consensus_stage_a_estimates,1,google/gemma-4-31B-it,a0ba3da86e5965781e47595be583bd4682b5d8b61214c18239658a02bcaa04fe,675efa1486e53a4914248132dda701b834c9e26599d8c4c4d7b41db57bfcf2b0,consensus_two_stage_interactive_adaptation_v1,prompt_compiler_v2_split_g_f,1500449050,pending,Q001|Q002|Q003,"{""Q001"": ""consensus_estimate_net_zero_before_2085"", ""Q002"": ""consensus_estimate_co2_warms_planet"", ""Q003"": ""consensus_estimate_human_primary_cause""}",consensus_stage_a,consensus_two_stage_interactive_adaptation_v1,F|target|F0431|Consensus|stage_a|replicate_1,a0ba3da86e5965781e47595be583bd4682b5d8b61214c18239658a02bcaa04fe,675efa1486e53a4914248132dda701b834c9e26599d8c4c4d7b41db57bfcf2b0,
F|target|F0432|Consensus|stage_a|replicate_1,F-b99d26df9e1ced88464e10b2ed02aaa0388266e5,F,target,F0432,Consensus,consensus_stage_a_estimates,1,google/gemma-4-31B-it,e0b959ba2641d174470ba8d2e67ae6f6677ae631cfbe2b02f0362dbad01bdf0a,675efa1486e53a4914248132dda701b834c9e26599d8c4c4d7b41db57bfcf2b0,consensus_two_stage_interactive_adaptation_v1,prompt_compiler_v2_split_g_f,290929482,pending,Q001|Q002|Q003,"{""Q001"": ""consensus_estimate_human_primary_cause"", ""Q002"": ""consensus_estimate_net_zero_before_2085"", ""Q003"": ""consensus_estimate_co2_warms_planet""}",consensus_stage_a,consensus_two_stage_interactive_adaptation_v1,F|target|F0432|Consensus|stage_a|replicate_1,e0b959ba2641d174470ba8d2e67ae6f6677ae631cfbe2b02f0362dbad01bdf0a,675efa1486e53a4914248132dda701b834c9e26599d8c4c4d7b41db57bfcf2b0,
F|target|F0433|Consensus|stage_a|replicate_1,F-31b4d34e0372072c6d26b0b7d793e5db7940e9b3,F,target,F0433,Consensus,consensus_stage_a_estimates,1,google/gemma-4-31B-it,be5e08ace315962abb9d27eee45a0d10b30b651ca618f853e4977735007a4992,675efa1486e53a4914248132dda701b834c9e26599d8c4c4d7b41db57bfcf2b0,consensus_two_stage_interactive_adaptation_v1,prompt_compiler_v2_split_g_f,1725672904,pending,Q001|Q002|Q003,"{""Q001"": ""consensus_estimate_net_zero_before_2085"", ""Q002"": ""consensus_estimate_human_primary_cause"", ""Q003"": ""consensus_estimate_co2_warms_planet""}",consensus_stage_a,consensus_two_stage_interactive_adaptation_v1,F|target|F0433|Consensus|stage_a|replicate_1,be5e08ace315962abb9d27eee45a0d10b30b651ca618f853e4977735007a4992,675efa1486e53a4914248132dda701b834c9e26599d8c4c4d7b41db57bfcf2b0,
F|target|F0434|Consensus|stage_a|replicate_1,F-6dab8bee029cf833748c7a65afd9fc91b5fd2001,F,target,F0434,Consensus,consensus_stage_a_estimates,1,google/gemma-4-31B-it,06882cd522e574050e3bb10f1016e8907677bc7962819a71d321b45ed7f7679a,675efa1486e53a4914248132dda701b834c9e26599d8c4c4d7b41db57bfcf2b0,consensus_two_stage_interactive_adaptation_v1,prompt_compiler_v2_split_g_f,1576275984,pending,Q001|Q002|Q003,"{""Q001"": ""consensus_estimate_human_primary_cause"", ""Q002"": ""consensus_estimate_co2_warms_planet"", ""Q003"": ""consensus_estimate_net_zero_before_2085""}",consensus_stage_a,consensus_two_stage_interactive_adaptation_v1,F|target|F0434|Consensus|stage_a|replicate_1,06882cd522e574050e3bb10f1016e8907677bc7962819a71d321b45ed7f7679a,675efa1486e53a4914248132dda701b834c9e26599d8c4c4d7b41db57bfcf2b0,
F|target|F0435|Consensus|stage_a|replicate_1,F-642ac3663f7b9ed286c74281e00c2f70dc27bf88,F,target,F0435,Consensus,consensus_stage_a_estimates,1,google/gemma-4-31B-it,e90135e15b859776a01e3cf0d68e3baaa4d47b439a052b37c96a82b113cbb749,675efa1486e53a4914248132dda701b834c9e26599d8c4c4d7b41db57bfcf2b0,consensus_two_stage_interactive_adaptation_v1,prompt_compiler_v2_split_g_f,131147168,pending,Q001|Q002|Q003,"{""Q001"": ""consensus_estimate_net_zero_before_2085"", ""Q002"": ""consensus_estimate_human_primary_cause"", ""Q003"": ""consensus_estimate_co2_warms_planet""}",consensus_stage_a,consensus_two_stage_interactive_adaptation_v1,F|target|F0435|Consensus|stage_a|replicate_1,e90135e15b859776a01e3cf0d68e3baaa4d47b439a052b37c96a82b113cbb749,675efa1486e53a4914248132dda701b834c9e26599d8c4c4d7b41db57bfcf2b0,
F|target|F0436|Consensus|stage_a|replicate_1,F-2c1299379ced62a29c2c838872f4ea38728fb9b0,F,target,F0436,Consensus,consensus_stage_a_estimates,1,google/gemma-4-31B-it,81887dbebe2f537c9571278f7dd4c39ca7a2598cd103dc77b8d479a18e21df63,675efa1486e53a4914248132dda701b834c9e26599d8c4c4d7b41db57bfcf2b0,consensus_two_stage_interactive_adaptation_v1,prompt_compiler_v2_split_g_f,1964152081,pending,Q001|Q002|Q003,"{""Q001"": ""consensus_estimate_co2_warms_planet"", ""Q002"": ""consensus_estimate_human_primary_cause"", ""Q003"": ""consensus_estimate_net_zero_before_2085""}",consensus_stage_a,consensus_two_stage_interactive_adaptation_v1,F|target|F0436|Consensus|stage_a|replicate_1,81887dbebe2f537c9571278f7dd4c39ca7a2598cd103dc77b8d479a18e21df63,675efa1486e53a4914248132dda701b834c9e26599d8c4c4d7b41db57bfcf2b0,
F|target|F0437|Consensus|stage_a|replicate_1,F-8519cf626bb71fcb159a594bcb92d55fe870cd1d,F,target,F0437,Consensus,consensus_stage_a_estimates,1,google/gemma-4-31B-it,5f689b6e261f62281825155dbde9527dde3ac68a93325ddc96e6b97a52b035f9,675efa1486e53a4914248132dda701b834c9e26599d8c4c4d7b41db57bfcf2b0,consensus_two_stage_interactive_adaptation_v1,prompt_compiler_v2_split_g_f,1978318481,pending,Q001|Q002|Q003,"{""Q001"": ""consensus_estimate_co2_warms_planet"", ""Q002"": ""consensus_estimate_human_primary_cause"", ""Q003"": ""consensus_estimate_net_zero_before_2085""}",consensus_stage_a,consensus_two_stage_interactive_adaptation_v1,F|target|F0437|Consensus|stage_a|replicate_1,5f689b6e261f62281825155dbde9527dde3ac68a93325ddc96e6b97a52b035f9,675efa1486e53a4914248132dda701b834c9e26599d8c4c4d7b41db57bfcf2b0,
F|target|F0438|Consensus|stage_a|replicate_1,F-f878f6126b381dbf5bab4185263de2e0702de53c,F,target,F0438,Consensus,consensus_stage_a_estimates,1,google/gemma-4-31B-it,24709cc04750eac2ca0e3b7178bea329dbb59b6712efa006cd447650ad6f5b99,675efa1486e53a4914248132dda701b834c9e26599d8c4c4d7b41db57bfcf2b0,consensus_two_stage_interactive_adaptation_v1,prompt_compiler_v2_split_g_f,1546258919,pending,Q001|Q002|Q003,"{""Q001"": ""consensus_estimate_human_primary_cause"", ""Q002"": ""consensus_estimate_co2_warms_planet"", ""Q003"": ""consensus_estimate_net_zero_before_2085""}",consensus_stage_a,consensus_two_stage_interactive_adaptation_v1,F|target|F0438|Consensus|stage_a|replicate_1,24709cc04750eac2ca0e3b7178bea329dbb59b6712efa006cd447650ad6f5b99,675efa1486e53a4914248132dda701b834c9e26599d8c4c4d7b41db57bfcf2b0,
F|target|F0439|Consensus|stage_a|replicate_1,F-d45e0cceda29274e7b0fc233d2ff1a28021937f4,F,target,F0439,Consensus,consensus_stage_a_estimates,1,google/gemma-4-31B-it,4d2c79b5c7f18df3eb2f3555d4404443c86a3edf7f59c25fec7705bb19d646be,675efa1486e53a4914248132dda701b834c9e26599d8c4c4d7b41db57bfcf2b0,consensus_two_stage_interactive_adaptation_v1,prompt_compiler_v2_split_g_f,48578799,pending,Q001|Q002|Q003,"{""Q001"": ""consensus_estimate_co2_warms_planet"", ""Q002"": ""consensus_estimate_net_zero_before_2085"", ""Q003"": ""consensus_estimate_human_primary_cause""}",consensus_stage_a,consensus_two_stage_interactive_adaptation_v1,F|target|F0439|Consensus|stage_a|replicate_1,4d2c79b5c7f18df3eb2f3555d4404443c86a3edf7f59c25fec7705bb19d646be,675efa1486e53a4914248132dda701b834c9e26599d8c4c4d7b41db57bfcf2b0,
F|target|F0440|Consensus|stage_a|replicate_1,F-1fb92bb8eab056ef227b5ef72f73c7b6b2e19c56,F,target,F0440,Consensus,consensus_stage_a_estimates,1,google/gemma-4-31B-it,4fe6ea893bfc44e21d876eff2913e10a8db06303bec5e21ec5cf7b5558e34a99,675efa1486e53a4914248132dda701b834c9e26599d8c4c4d7b41db57bfcf2b0,consensus_two_stage_interactive_adaptation_v1,prompt_compiler_v2_split_g_f,706915937,pending,Q001|Q002|Q003,"{""Q001"": ""consensus_estimate_co2_warms_planet"", ""Q002"": ""consensus_estimate_human_primary_cause"", ""Q003"": ""consensus_estimate_net_zero_before_2085""}",consensus_stage_a,consensus_two_stage_interactive_adaptation_v1,F|target|F0440|Consensus|stage_a|replicate_1,4fe6ea893bfc44e21d876eff2913e10a8db06303bec5e21ec5cf7b5558e34a99,675efa1486e53a4914248132dda701b834c9e26599d8c4c4d7b41db57bfcf2b0,
F|target|F0441|Consensus|stage_a|replicate_1,F-7e91a0e0c867b95068f64f22db6fc547d48d68d7,F,target,F0441,Consensus,consensus_stage_a_estimates,1,google/gemma-4-31B-it,66e75c5683995bffec00ee3b226273d44c582949e49603d98765fb648b7860cf,675efa1486e53a4914248132dda701b834c9e26599d8c4c4d7b41db57bfcf2b0,consensus_two_stage_interactive_adaptation_v1,prompt_compiler_v2_split_g_f,1166736147,pending,Q001|Q002|Q003,"{""Q001"": ""consensus_estimate_co2_warms_planet"", ""Q002"": ""consensus_estimate_net_zero_before_2085"", ""Q003"": ""consensus_estimate_human_primary_cause""}",consensus_stage_a,consensus_two_stage_interactive_adaptation_v1,F|target|F0441|Consensus|stage_a|replicate_1,66e75c5683995bffec00ee3b226273d44c582949e49603d98765fb648b7860cf,675efa1486e53a4914248132dda701b834c9e26599d8c4c4d7b41db57bfcf2b0,
F|target|F0442|Consensus|stage_a|replicate_1,F-8f766b8aefb77b57dbcb50ff269c8bcb186fac5a,F,target,F0442,Consensus,consensus_stage_a_estimates,1,google/gemma-4-31B-it,6a42bde0b8ac5cb4434c1643ab068d174929e07aad51870e89ab065a347c0a07,675efa1486e53a4914248132dda701b834c9e26599d8c4c4d7b41db57bfcf2b0,consensus_two_stage_interactive_adaptation_v1,prompt_compiler_v2_split_g_f,245650031,pending,Q001|Q002|Q003,"{""Q001"": ""consensus_estimate_human_primary_cause"", ""Q002"": ""consensus_estimate_net_zero_before_2085"", ""Q003"": ""consensus_estimate_co2_warms_planet""}",consensus_stage_a,consensus_two_stage_interactive_adaptation_v1,F|target|F0442|Consensus|stage_a|replicate_1,6a42bde0b8ac5cb4434c1643ab068d174929e07aad51870e89ab065a347c0a07,675efa1486e53a4914248132dda701b834c9e26599d8c4c4d7b41db57bfcf2b0,
F|target|F0443|Consensus|stage_a|replicate_1,F-78984e35896c7912016e1a1b23d36e7e109d1b15,F,target,F0443,Consensus,consensus_stage_a_estimates,1,google/gemma-4-31B-it,95e7c71c2094f5daf2a6ee10d945e5defb249ae6c7562ba3130754bfab756f02,675efa1486e53a4914248132dda701b834c9e26599d8c4c4d7b41db57bfcf2b0,consensus_two_stage_interactive_adaptation_v1,prompt_compiler_v2_split_g_f,2057115006,pending,Q001|Q002|Q003,"{""Q001"": ""consensus_estimate_co2_warms_planet"", ""Q002"": ""consensus_estimate_net_zero_before_2085"", ""Q003"": ""consensus_estimate_human_primary_cause""}",consensus_stage_a,consensus_two_stage_interactive_adaptation_v1,F|target|F0443|Consensus|stage_a|replicate_1,95e7c71c2094f5daf2a6ee10d945e5defb249ae6c7562ba3130754bfab756f02,675efa1486e53a4914248132dda701b834c9e26599d8c4c4d7b41db57bfcf2b0,
F|target|F0444|Consensus|stage_a|replicate_1,F-a0721b7eb81651abf8368e0ebf2eabccaa2e684b,F,target,F0444,Consensus,consensus_stage_a_estimates,1,google/gemma-4-31B-it,906fb0ec4dd8a8f29d36feb3a9dc0ddf4af0cbf71ab06e100d9ace6d9c5ee8bc,675efa1486e53a4914248132dda701b834c9e26599d8c4c4d7b41db57bfcf2b0,consensus_two_stage_interactive_adaptation_v1,prompt_compiler_v2_split_g_f,2029684906,pending,Q001|Q002|Q003,"{""Q001"": ""consensus_estimate_co2_warms_planet"", ""Q002"": ""consensus_estimate_net_zero_before_2085"", ""Q003"": ""consensus_estimate_human_primary_cause""}",consensus_stage_a,consensus_two_stage_interactive_adaptation_v1,F|target|F0444|Consensus|stage_a|replicate_1,906fb0ec4dd8a8f29d36feb3a9dc0ddf4af0cbf71ab06e100d9ace6d9c5ee8bc,675efa1486e53a4914248132dda701b834c9e26599d8c4c4d7b41db57bfcf2b0,
F|target|F0445|Consensus|stage_a|replicate_1,F-55a2fbd5db0be00362b8b48fcfcf7bd17d63e48a,F,target,F0445,Consensus,consensus_stage_a_estimates,1,google/gemma-4-31B-it,c1117cc282a27dcced27e519fa4ecdd56e2f3b3487200a9c8899dabd5e9fcbbd,675efa1486e53a4914248132dda701b834c9e26599d8c4c4d7b41db57bfcf2b0,consensus_two_stage_interactive_adaptation_v1,prompt_compiler_v2_split_g_f,106026928,pending,Q001|Q002|Q003,"{""Q001"": ""consensus_estimate_net_zero_before_2085"", ""Q002"": ""consensus_estimate_co2_warms_planet"", ""Q003"": ""consensus_estimate_human_primary_cause""}",consensus_stage_a,consensus_two_stage_interactive_adaptation_v1,F|target|F0445|Consensus|stage_a|replicate_1,c1117cc282a27dcced27e519fa4ecdd56e2f3b3487200a9c8899dabd5e9fcbbd,675efa1486e53a4914248132dda701b834c9e26599d8c4c4d7b41db57bfcf2b0,
F|target|F0446|Consensus|stage_a|replicate_1,F-0290d78cb991da328c59dea14ea9c72a39e160d9,F,target,F0446,Consensus,consensus_stage_a_estimates,1,google/gemma-4-31B-it,119ca83681daf79957aceb32642494f45b95a1ce5597591303e251276cdfe668,675efa1486e53a4914248132dda701b834c9e26599d8c4c4d7b41db57bfcf2b0,consensus_two_stage_interactive_adaptation_v1,prompt_compiler_v2_split_g_f,1051953483,pending,Q001|Q002|Q003,"{""Q001"": ""consensus_estimate_net_zero_before_2085"", ""Q002"": ""consensus_estimate_co2_warms_planet"", ""Q003"": ""consensus_estimate_human_primary_cause""}",consensus_stage_a,consensus_two_stage_interactive_adaptation_v1,F|target|F0446|Consensus|stage_a|replicate_1,119ca83681daf79957aceb32642494f45b95a1ce5597591303e251276cdfe668,675efa1486e53a4914248132dda701b834c9e26599d8c4c4d7b41db57bfcf2b0,
F|target|F0447|Consensus|stage_a|replicate_1,F-e4442106b68ceee446824a5f9f43e34e5f622ec7,F,target,F0447,Consensus,consensus_stage_a_estimates,1,google/gemma-4-31B-it,a30423170e3787f088996e06daacfebae5e6eb401fcef0f47ca4499ebd2a8518,675efa1486e53a4914248132dda701b834c9e26599d8c4c4d7b41db57bfcf2b0,consensus_two_stage_interactive_adaptation_v1,prompt_compiler_v2_split_g_f,2132095220,pending,Q001|Q002|Q003,"{""Q001"": ""consensus_estimate_human_primary_cause"", ""Q002"": ""consensus_estimate_co2_warms_planet"", ""Q003"": ""consensus_estimate_net_zero_before_2085""}",consensus_stage_a,consensus_two_stage_interactive_adaptation_v1,F|target|F0447|Consensus|stage_a|replicate_1,a30423170e3787f088996e06daacfebae5e6eb401fcef0f47ca4499ebd2a8518,675efa1486e53a4914248132dda701b834c9e26599d8c4c4d7b41db57bfcf2b0,
F|target|F0448|Consensus|stage_a|replicate_1,F-4eedc0c144e22b4d2309451e5f3a2b72b93e02a6,F,target,F0448,Consensus,consensus_stage_a_estimates,1,google/gemma-4-31B-it,395f3091d9b67694dda92f2aee78bf3c39b5e5911d760d8c1344ef2ba5e36df6,675efa1486e53a4914248132dda701b834c9e26599d8c4c4d7b41db57bfcf2b0,consensus_two_stage_interactive_adaptation_v1,prompt_compiler_v2_split_g_f,1656597712,pending,Q001|Q002|Q003,"{""Q001"": ""consensus_estimate_co2_warms_planet"", ""Q002"": ""consensus_estimate_human_primary_cause"", ""Q003"": ""consensus_estimate_net_zero_before_2085""}",consensus_stage_a,consensus_two_stage_interactive_adaptation_v1,F|target|F0448|Consensus|stage_a|replicate_1,395f3091d9b67694dda92f2aee78bf3c39b5e5911d760d8c1344ef2ba5e36df6,675efa1486e53a4914248132dda701b834c9e26599d8c4c4d7b41db57bfcf2b0,
F|target|F0449|Consensus|stage_a|replicate_1,F-73b0fcaf860612e372b31e80594008368d7b6117,F,target,F0449,Consensus,consensus_stage_a_estimates,1,google/gemma-4-31B-it,bc1a54c9cb70794efd37d333a50a6564530b1ec929d3f416df337939b4cba1de,675efa1486e53a4914248132dda701b834c9e26599d8c4c4d7b41db57bfcf2b0,consensus_two_stage_interactive_adaptation_v1,prompt_compiler_v2_split_g_f,1835535427,pending,Q001|Q002|Q003,"{""Q001"": ""consensus_estimate_net_zero_before_2085"", ""Q002"": ""consensus_estimate_co2_warms_planet"", ""Q003"": ""consensus_estimate_human_primary_cause""}",consensus_stage_a,consensus_two_stage_interactive_adaptation_v1,F|target|F0449|Consensus|stage_a|replicate_1,bc1a54c9cb70794efd37d333a50a6564530b1ec929d3f416df337939b4cba1de,675efa1486e53a4914248132dda701b834c9e26599d8c4c4d7b41db57bfcf2b0,
F|target|F0450|Consensus|stage_a|replicate_1,F-3cf77220ab559004cce8d6273b57464cf223b32f,F,target,F0450,Consensus,consensus_stage_a_estimates,1,google/gemma-4-31B-it,cae150073636841fcdc0fca52ac6232554f80380b6fc5de9a2258e432e5b60e8,675efa1486e53a4914248132dda701b834c9e26599d8c4c4d7b41db57bfcf2b0,consensus_two_stage_interactive_adaptation_v1,prompt_compiler_v2_split_g_f,625243206,pending,Q001|Q002|Q003,"{""Q001"": ""consensus_estimate_human_primary_cause"", ""Q002"": ""consensus_estimate_net_zero_before_2085"", ""Q003"": ""consensus_estimate_co2_warms_planet""}",consensus_stage_a,consensus_two_stage_interactive_adaptation_v1,F|target|F0450|Consensus|stage_a|replicate_1,cae150073636841fcdc0fca52ac6232554f80380b6fc5de9a2258e432e5b60e8,675efa1486e53a4914248132dda701b834c9e26599d8c4c4d7b41db57bfcf2b0,
F|target|F0451|Consensus|stage_a|replicate_1,F-deccb8d53cdd8156edb1110ae5ecffa04cd74a73,F,target,F0451,Consensus,consensus_stage_a_estimates,1,google/gemma-4-31B-it,17767ca34afe253283f13ae1998626152c3485e0402418fd6bbe9b9a97a8291c,675efa1486e53a4914248132dda701b834c9e26599d8c4c4d7b41db57bfcf2b0,consensus_two_stage_interactive_adaptation_v1,prompt_compiler_v2_split_g_f,2054615811,pending,Q001|Q002|Q003,"{""Q001"": ""consensus_estimate_co2_warms_planet"", ""Q002"": ""consensus_estimate_human_primary_cause"", ""Q003"": ""consensus_estimate_net_zero_before_2085""}",consensus_stage_a,consensus_two_stage_interactive_adaptation_v1,F|target|F0451|Consensus|stage_a|replicate_1,17767ca34afe253283f13ae1998626152c3485e0402418fd6bbe9b9a97a8291c,675efa1486e53a4914248132dda701b834c9e26599d8c4c4d7b41db57bfcf2b0,
F|target|F0452|Consensus|stage_a|replicate_1,F-55d325a76c8346bc8e5f845ae10e797bb52478c5,F,target,F0452,Consensus,consensus_stage_a_estimates,1,google/gemma-4-31B-it,dd3d69ae9ad7be590181f196017712d390ab78bb20cb566de2a81fd816108ab4,675efa1486e53a4914248132dda701b834c9e26599d8c4c4d7b41db57bfcf2b0,consensus_two_stage_interactive_adaptation_v1,prompt_compiler_v2_split_g_f,405377548,pending,Q001|Q002|Q003,"{""Q001"": ""consensus_estimate_net_zero_before_2085"", ""Q002"": ""consensus_estimate_human_primary_cause"", ""Q003"": ""consensus_estimate_co2_warms_planet""}",consensus_stage_a,consensus_two_stage_interactive_adaptation_v1,F|target|F0452|Consensus|stage_a|replicate_1,dd3d69ae9ad7be590181f196017712d390ab78bb20cb566de2a81fd816108ab4,675efa1486e53a4914248132dda701b834c9e26599d8c4c4d7b41db57bfcf2b0,
F|target|F0453|Consensus|stage_a|replicate_1,F-11bd54064e594e73b100a1eb43174774217428bd,F,target,F0453,Consensus,consensus_stage_a_estimates,1,google/gemma-4-31B-it,29da567ef7caf6d5d544c61f31f06d7128753b34b0f879f50b7959cc026a28d9,675efa1486e53a4914248132dda701b834c9e26599d8c4c4d7b41db57bfcf2b0,consensus_two_stage_interactive_adaptation_v1,prompt_compiler_v2_split_g_f,1909716607,pending,Q001|Q002|Q003,"{""Q001"": ""consensus_estimate_co2_warms_planet"", ""Q002"": ""consensus_estimate_net_zero_before_2085"", ""Q003"": ""consensus_estimate_human_primary_cause""}",consensus_stage_a,consensus_two_stage_interactive_adaptation_v1,F|target|F0453|Consensus|stage_a|replicate_1,29da567ef7caf6d5d544c61f31f06d7128753b34b0f879f50b7959cc026a28d9,675efa1486e53a4914248132dda701b834c9e26599d8c4c4d7b41db57bfcf2b0,
F|target|F0454|Consensus|stage_a|replicate_1,F-3014ccd1c7f6bbf93840d47f1176a08cda9978d7,F,target,F0454,Consensus,consensus_stage_a_estimates,1,google/gemma-4-31B-it,ba17c9f5d4ab7cba9ff2c8b85cc25f6da0491dcfac106f07ec4d3fbf69b1d610,675efa1486e53a4914248132dda701b834c9e26599d8c4c4d7b41db57bfcf2b0,consensus_two_stage_interactive_adaptation_v1,prompt_compiler_v2_split_g_f,673207709,pending,Q001|Q002|Q003,"{""Q001"": ""consensus_estimate_co2_warms_planet"", ""Q002"": ""consensus_estimate_net_zero_before_2085"", ""Q003"": ""consensus_estimate_human_primary_cause""}",consensus_stage_a,consensus_two_stage_interactive_adaptation_v1,F|target|F0454|Consensus|stage_a|replicate_1,ba17c9f5d4ab7cba9ff2c8b85cc25f6da0491dcfac106f07ec4d3fbf69b1d610,675efa1486e53a4914248132dda701b834c9e26599d8c4c4d7b41db57bfcf2b0,
F|target|F0455|Consensus|stage_a|replicate_1,F-a9b7cd1a5d4208957e86235147c91871712eda14,F,target,F0455,Consensus,consensus_stage_a_estimates,1,google/gemma-4-31B-it,7efeb03339bfb2032489c92bb5727da1b6ee0c4e95556f939e4d51f2d0fd8c27,675efa1486e53a4914248132dda701b834c9e26599d8c4c4d7b41db57bfcf2b0,consensus_two_stage_interactive_adaptation_v1,prompt_compiler_v2_split_g_f,816947916,pending,Q001|Q002|Q003,"{""Q001"": ""consensus_estimate_net_zero_before_2085"", ""Q002"": ""consensus_estimate_co2_warms_planet"", ""Q003"": ""consensus_estimate_human_primary_cause""}",consensus_stage_a,consensus_two_stage_interactive_adaptation_v1,F|target|F0455|Consensus|stage_a|replicate_1,7efeb03339bfb2032489c92bb5727da1b6ee0c4e95556f939e4d51f2d0fd8c27,675efa1486e53a4914248132dda701b834c9e26599d8c4c4d7b41db57bfcf2b0,
F|target|F0456|Consensus|stage_a|replicate_1,F-701bb25a3f6e2fe051a5efb05c9888c9f92874f4,F,target,F0456,Consensus,consensus_stage_a_estimates,1,google/gemma-4-31B-it,69bafc221cbdd63cf72c6d5a57859ab35a19e9a1e9cfdc2fd5df2843811b04da,675efa1486e53a4914248132dda701b834c9e26599d8c4c4d7b41db57bfcf2b0,consensus_two_stage_interactive_adaptation_v1,prompt_compiler_v2_split_g_f,530945174,pending,Q001|Q002|Q003,"{""Q001"": ""consensus_estimate_net_zero_before_2085"", ""Q002"": ""consensus_estimate_co2_warms_planet"", ""Q003"": ""consensus_estimate_human_primary_cause""}",consensus_stage_a,consensus_two_stage_interactive_adaptation_v1,F|target|F0456|Consensus|stage_a|replicate_1,69bafc221cbdd63cf72c6d5a57859ab35a19e9a1e9cfdc2fd5df2843811b04da,675efa1486e53a4914248132dda701b834c9e26599d8c4c4d7b41db57bfcf2b0,
F|target|F0457|Consensus|stage_a|replicate_1,F-71e2e669e2590b64d758590932c3fb69032de6ac,F,target,F0457,Consensus,consensus_stage_a_estimates,1,google/gemma-4-31B-it,6954d71803c0a5b9a30780f1ec0e42f2aaa75a70ab79f3f6f45dd08a995cc21e,675efa1486e53a4914248132dda701b834c9e26599d8c4c4d7b41db57bfcf2b0,consensus_two_stage_interactive_adaptation_v1,prompt_compiler_v2_split_g_f,1176426553,pending,Q001|Q002|Q003,"{""Q001"": ""consensus_estimate_co2_warms_planet"", ""Q002"": ""consensus_estimate_net_zero_before_2085"", ""Q003"": ""consensus_estimate_human_primary_cause""}",consensus_stage_a,consensus_two_stage_interactive_adaptation_v1,F|target|F0457|Consensus|stage_a|replicate_1,6954d71803c0a5b9a30780f1ec0e42f2aaa75a70ab79f3f6f45dd08a995cc21e,675efa1486e53a4914248132dda701b834c9e26599d8c4c4d7b41db57bfcf2b0,
F|target|F0458|Consensus|stage_a|replicate_1,F-09c3505b74d1ad3ed74e204fbdc2626a6ab59163,F,target,F0458,Consensus,consensus_stage_a_estimates,1,google/gemma-4-31B-it,5c744bf0531ad50c20eae5f160c244d9d42c659be4276d3fcc433a1b15274022,675efa1486e53a4914248132dda701b834c9e26599d8c4c4d7b41db57bfcf2b0,consensus_two_stage_interactive_adaptation_v1,prompt_compiler_v2_split_g_f,140004853,pending,Q001|Q002|Q003,"{""Q001"": ""consensus_estimate_co2_warms_planet"", ""Q002"": ""consensus_estimate_net_zero_before_2085"", ""Q003"": ""consensus_estimate_human_primary_cause""}",consensus_stage_a,consensus_two_stage_interactive_adaptation_v1,F|target|F0458|Consensus|stage_a|replicate_1,5c744bf0531ad50c20eae5f160c244d9d42c659be4276d3fcc433a1b15274022,675efa1486e53a4914248132dda701b834c9e26599d8c4c4d7b41db57bfcf2b0,
F|target|F0459|Consensus|stage_a|replicate_1,F-3a34d55d186528fd379cde7b127859686cd38fe5,F,target,F0459,Consensus,consensus_stage_a_estimates,1,google/gemma-4-31B-it,4dc9d477fabe246a96fc229b17dea189b9c1df8a29de40a57db49dd7a9e48a1b,675efa1486e53a4914248132dda701b834c9e26599d8c4c4d7b41db57bfcf2b0,consensus_two_stage_interactive_adaptation_v1,prompt_compiler_v2_split_g_f,214881208,pending,Q001|Q002|Q003,"{""Q001"": ""consensus_estimate_net_zero_before_2085"", ""Q002"": ""consensus_estimate_human_primary_cause"", ""Q003"": ""consensus_estimate_co2_warms_planet""}",consensus_stage_a,consensus_two_stage_interactive_adaptation_v1,F|target|F0459|Consensus|stage_a|replicate_1,4dc9d477fabe246a96fc229b17dea189b9c1df8a29de40a57db49dd7a9e48a1b,675efa1486e53a4914248132dda701b834c9e26599d8c4c4d7b41db57bfcf2b0,
F|target|F0460|Consensus|stage_a|replicate_1,F-e3ed574d55c84a112fa340470b9000a1960357ee,F,target,F0460,Consensus,consensus_stage_a_estimates,1,google/gemma-4-31B-it,4f63df7ad6e2aafc5b36ddef0ff33a6126591c26bf72ebb30f1f77c027113c8b,675efa1486e53a4914248132dda701b834c9e26599d8c4c4d7b41db57bfcf2b0,consensus_two_stage_interactive_adaptation_v1,prompt_compiler_v2_split_g_f,497219759,pending,Q001|Q002|Q003,"{""Q001"": ""consensus_estimate_co2_warms_planet"", ""Q002"": ""consensus_estimate_net_zero_before_2085"", ""Q003"": ""consensus_estimate_human_primary_cause""}",consensus_stage_a,consensus_two_stage_interactive_adaptation_v1,F|target|F0460|Consensus|stage_a|replicate_1,4f63df7ad6e2aafc5b36ddef0ff33a6126591c26bf72ebb30f1f77c027113c8b,675efa1486e53a4914248132dda701b834c9e26599d8c4c4d7b41db57bfcf2b0,
F|target|F0461|Consensus|stage_a|replicate_1,F-665bd637aedab0ce9d3e17ffd2a7a7eac5737e08,F,target,F0461,Consensus,consensus_stage_a_estimates,1,google/gemma-4-31B-it,639a7ad40f80f84876a95d11e88de6c3db2767651126de2533481a2b37b4770f,675efa1486e53a4914248132dda701b834c9e26599d8c4c4d7b41db57bfcf2b0,consensus_two_stage_interactive_adaptation_v1,prompt_compiler_v2_split_g_f,2073189694,pending,Q001|Q002|Q003,"{""Q001"": ""consensus_estimate_human_primary_cause"", ""Q002"": ""consensus_estimate_co2_warms_planet"", ""Q003"": ""consensus_estimate_net_zero_before_2085""}",consensus_stage_a,consensus_two_stage_interactive_adaptation_v1,F|target|F0461|Consensus|stage_a|replicate_1,639a7ad40f80f84876a95d11e88de6c3db2767651126de2533481a2b37b4770f,675efa1486e53a4914248132dda701b834c9e26599d8c4c4d7b41db57bfcf2b0,
F|target|F0462|Consensus|stage_a|replicate_1,F-425dffab5d3b57b986932ad8d56b44df34785925,F,target,F0462,Consensus,consensus_stage_a_estimates,1,google/gemma-4-31B-it,9496760a3c230f208aa956022d22115a5d1747f828310dec8ae88051f2b8351d,675efa1486e53a4914248132dda701b834c9e26599d8c4c4d7b41db57bfcf2b0,consensus_two_stage_interactive_adaptation_v1,prompt_compiler_v2_split_g_f,1643599632,pending,Q001|Q002|Q003,"{""Q001"": ""consensus_estimate_human_primary_cause"", ""Q002"": ""consensus_estimate_co2_warms_planet"", ""Q003"": ""consensus_estimate_net_zero_before_2085""}",consensus_stage_a,consensus_two_stage_interactive_adaptation_v1,F|target|F0462|Consensus|stage_a|replicate_1,9496760a3c230f208aa956022d22115a5d1747f828310dec8ae88051f2b8351d,675efa1486e53a4914248132dda701b834c9e26599d8c4c4d7b41db57bfcf2b0,
F|target|F0463|Consensus|stage_a|replicate_1,F-c3b3f1442c0fd932d5a73cd473a1b3ef87b79ce8,F,target,F0463,Consensus,consensus_stage_a_estimates,1,google/gemma-4-31B-it,e69c4d6e6c325ff1dd9e4690a32bd590a322279c5633c48aad8fa183b934b4fe,675efa1486e53a4914248132dda701b834c9e26599d8c4c4d7b41db57bfcf2b0,consensus_two_stage_interactive_adaptation_v1,prompt_compiler_v2_split_g_f,863484861,pending,Q001|Q002|Q003,"{""Q001"": ""consensus_estimate_human_primary_cause"", ""Q002"": ""consensus_estimate_net_zero_before_2085"", ""Q003"": ""consensus_estimate_co2_warms_planet""}",consensus_stage_a,consensus_two_stage_interactive_adaptation_v1,F|target|F0463|Consensus|stage_a|replicate_1,e69c4d6e6c325ff1dd9e4690a32bd590a322279c5633c48aad8fa183b934b4fe,675efa1486e53a4914248132dda701b834c9e26599d8c4c4d7b41db57bfcf2b0,
F|target|F0464|Consensus|stage_a|replicate_1,F-972bcd92da8bb161782f4860903d8ed95ac6b329,F,target,F0464,Consensus,consensus_stage_a_estimates,1,google/gemma-4-31B-it,a358640477aae0c4f6be91d42910c034b1220f87ea586c026eaa98fbc8ddf46a,675efa1486e53a4914248132dda701b834c9e26599d8c4c4d7b41db57bfcf2b0,consensus_two_stage_interactive_adaptation_v1,prompt_compiler_v2_split_g_f,149113993,pending,Q001|Q002|Q003,"{""Q001"": ""consensus_estimate_human_primary_cause"", ""Q002"": ""consensus_estimate_co2_warms_planet"", ""Q003"": ""consensus_estimate_net_zero_before_2085""}",consensus_stage_a,consensus_two_stage_interactive_adaptation_v1,F|target|F0464|Consensus|stage_a|replicate_1,a358640477aae0c4f6be91d42910c034b1220f87ea586c026eaa98fbc8ddf46a,675efa1486e53a4914248132dda701b834c9e26599d8c4c4d7b41db57bfcf2b0,
F|target|F0465|Consensus|stage_a|replicate_1,F-c787cc7ac6adc4abc4e137d8bb125192a81a38c2,F,target,F0465,Consensus,consensus_stage_a_estimates,1,google/gemma-4-31B-it,dad1b459b9f6973738cb0ffb2c015d1168ffc227697b467d5d299fd0a2ea0cd7,675efa1486e53a4914248132dda701b834c9e26599d8c4c4d7b41db57bfcf2b0,consensus_two_stage_interactive_adaptation_v1,prompt_compiler_v2_split_g_f,1438473635,pending,Q001|Q002|Q003,"{""Q001"": ""consensus_estimate_human_primary_cause"", ""Q002"": ""consensus_estimate_net_zero_before_2085"", ""Q003"": ""consensus_estimate_co2_warms_planet""}",consensus_stage_a,consensus_two_stage_interactive_adaptation_v1,F|target|F0465|Consensus|stage_a|replicate_1,dad1b459b9f6973738cb0ffb2c015d1168ffc227697b467d5d299fd0a2ea0cd7,675efa1486e53a4914248132dda701b834c9e26599d8c4c4d7b41db57bfcf2b0,
F|target|F0466|Consensus|stage_a|replicate_1,F-7fafd96bcb5e7342dce674e9fe542d72bc741ed7,F,target,F0466,Consensus,consensus_stage_a_estimates,1,google/gemma-4-31B-it,f1a355b7f330870483fcf432feca607644350b718135c3e550bbc7a6a6e3f0e5,675efa1486e53a4914248132dda701b834c9e26599d8c4c4d7b41db57bfcf2b0,consensus_two_stage_interactive_adaptation_v1,prompt_compiler_v2_split_g_f,1253975579,pending,Q001|Q002|Q003,"{""Q001"": ""consensus_estimate_net_zero_before_2085"", ""Q002"": ""consensus_estimate_co2_warms_planet"", ""Q003"": ""consensus_estimate_human_primary_cause""}",consensus_stage_a,consensus_two_stage_interactive_adaptation_v1,F|target|F0466|Consensus|stage_a|replicate_1,f1a355b7f330870483fcf432feca607644350b718135c3e550bbc7a6a6e3f0e5,675efa1486e53a4914248132dda701b834c9e26599d8c4c4d7b41db57bfcf2b0,
F|target|F0467|Consensus|stage_a|replicate_1,F-b4f48be8dee259b1624d3cdc31160654ef863120,F,target,F0467,Consensus,consensus_stage_a_estimates,1,google/gemma-4-31B-it,0d2ec56d3242842cccd672b4eb461d5b1dd3a7b41e214046831c6fba2fd0a386,675efa1486e53a4914248132dda701b834c9e26599d8c4c4d7b41db57bfcf2b0,consensus_two_stage_interactive_adaptation_v1,prompt_compiler_v2_split_g_f,1221292421,pending,Q001|Q002|Q003,"{""Q001"": ""consensus_estimate_net_zero_before_2085"", ""Q002"": ""consensus_estimate_human_primary_cause"", ""Q003"": ""consensus_estimate_co2_warms_planet""}",consensus_stage_a,consensus_two_stage_interactive_adaptation_v1,F|target|F0467|Consensus|stage_a|replicate_1,0d2ec56d3242842cccd672b4eb461d5b1dd3a7b41e214046831c6fba2fd0a386,675efa1486e53a4914248132dda701b834c9e26599d8c4c4d7b41db57bfcf2b0,
F|target|F0468|Consensus|stage_a|replicate_1,F-38c6674df7046ba80ef0e7964932b0ec8384377e,F,target,F0468,Consensus,consensus_stage_a_estimates,1,google/gemma-4-31B-it,a6f3f21877ea9b4656ccb8881a7cf0a5d5c28f5b4d3a1032fda9452e9ee6089f,675efa1486e53a4914248132dda701b834c9e26599d8c4c4d7b41db57bfcf2b0,consensus_two_stage_interactive_adaptation_v1,prompt_compiler_v2_split_g_f,1754348100,pending,Q001|Q002|Q003,"{""Q001"": ""consensus_estimate_co2_warms_planet"", ""Q002"": ""consensus_estimate_net_zero_before_2085"", ""Q003"": ""consensus_estimate_human_primary_cause""}",consensus_stage_a,consensus_two_stage_interactive_adaptation_v1,F|target|F0468|Consensus|stage_a|replicate_1,a6f3f21877ea9b4656ccb8881a7cf0a5d5c28f5b4d3a1032fda9452e9ee6089f,675efa1486e53a4914248132dda701b834c9e26599d8c4c4d7b41db57bfcf2b0,
F|target|F0469|Consensus|stage_a|replicate_1,F-5726ae557fc0b7d5f97f7d0cc2ed2862b840da2d,F,target,F0469,Consensus,consensus_stage_a_estimates,1,google/gemma-4-31B-it,a5eea42c694dc0db652fce23dbfc4e5dbbc01e18a1ed0a21ff5f503f9a3adca2,675efa1486e53a4914248132dda701b834c9e26599d8c4c4d7b41db57bfcf2b0,consensus_two_stage_interactive_adaptation_v1,prompt_compiler_v2_split_g_f,772674689,pending,Q001|Q002|Q003,"{""Q001"": ""consensus_estimate_human_primary_cause"", ""Q002"": ""consensus_estimate_net_zero_before_2085"", ""Q003"": ""consensus_estimate_co2_warms_planet""}",consensus_stage_a,consensus_two_stage_interactive_adaptation_v1,F|target|F0469|Consensus|stage_a|replicate_1,a5eea42c694dc0db652fce23dbfc4e5dbbc01e18a1ed0a21ff5f503f9a3adca2,675efa1486e53a4914248132dda701b834c9e26599d8c4c4d7b41db57bfcf2b0,
F|target|F0470|Consensus|stage_a|replicate_1,F-357a8a91d6c73b42769ab567fb31eef57d0779dd,F,target,F0470,Consensus,consensus_stage_a_estimates,1,google/gemma-4-31B-it,b8e419c59e52aa2e9e35e39e69c67bedf9892d7f81f94891d5fa4bc9116247c6,675efa1486e53a4914248132dda701b834c9e26599d8c4c4d7b41db57bfcf2b0,consensus_two_stage_interactive_adaptation_v1,prompt_compiler_v2_split_g_f,1102860390,pending,Q001|Q002|Q003,"{""Q001"": ""consensus_estimate_net_zero_before_2085"", ""Q002"": ""consensus_estimate_co2_warms_planet"", ""Q003"": ""consensus_estimate_human_primary_cause""}",consensus_stage_a,consensus_two_stage_interactive_adaptation_v1,F|target|F0470|Consensus|stage_a|replicate_1,b8e419c59e52aa2e9e35e39e69c67bedf9892d7f81f94891d5fa4bc9116247c6,675efa1486e53a4914248132dda701b834c9e26599d8c4c4d7b41db57bfcf2b0,
F|target|F0471|Consensus|stage_a|replicate_1,F-8eb3f17648ff253da3cdfe149570084d19e00098,F,target,F0471,Consensus,consensus_stage_a_estimates,1,google/gemma-4-31B-it,a366fc2dba5c98daa2356a463b7780823a2fcd9c20288374fe5fc40ac091ade4,675efa1486e53a4914248132dda701b834c9e26599d8c4c4d7b41db57bfcf2b0,consensus_two_stage_interactive_adaptation_v1,prompt_compiler_v2_split_g_f,1718028331,pending,Q001|Q002|Q003,"{""Q001"": ""consensus_estimate_co2_warms_planet"", ""Q002"": ""consensus_estimate_human_primary_cause"", ""Q003"": ""consensus_estimate_net_zero_before_2085""}",consensus_stage_a,consensus_two_stage_interactive_adaptation_v1,F|target|F0471|Consensus|stage_a|replicate_1,a366fc2dba5c98daa2356a463b7780823a2fcd9c20288374fe5fc40ac091ade4,675efa1486e53a4914248132dda701b834c9e26599d8c4c4d7b41db57bfcf2b0,
F|target|F0472|Consensus|stage_a|replicate_1,F-3c6acb2f09c30a2b727eaaa7f3bfd3c0e797a3eb,F,target,F0472,Consensus,consensus_stage_a_estimates,1,google/gemma-4-31B-it,81704383aa36870413eac1be2e76fdcfec0f040f653818b903c91ea82554c2e1,675efa1486e53a4914248132dda701b834c9e26599d8c4c4d7b41db57bfcf2b0,consensus_two_stage_interactive_adaptation_v1,prompt_compiler_v2_split_g_f,43557002,pending,Q001|Q002|Q003,"{""Q001"": ""consensus_estimate_human_primary_cause"", ""Q002"": ""consensus_estimate_net_zero_before_2085"", ""Q003"": ""consensus_estimate_co2_warms_planet""}",consensus_stage_a,consensus_two_stage_interactive_adaptation_v1,F|target|F0472|Consensus|stage_a|replicate_1,81704383aa36870413eac1be2e76fdcfec0f040f653818b903c91ea82554c2e1,675efa1486e53a4914248132dda701b834c9e26599d8c4c4d7b41db57bfcf2b0,
F|target|F0473|Consensus|stage_a|replicate_1,F-32621afd1ff626aeb0c28375d0c0dc20625b734a,F,target,F0473,Consensus,consensus_stage_a_estimates,1,google/gemma-4-31B-it,cfcd205a574fd8d87c1518253f7a4c14f7ab49171274ae437838c19cc30951b9,675efa1486e53a4914248132dda701b834c9e26599d8c4c4d7b41db57bfcf2b0,consensus_two_stage_interactive_adaptation_v1,prompt_compiler_v2_split_g_f,79322281,pending,Q001|Q002|Q003,"{""Q001"": ""consensus_estimate_co2_warms_planet"", ""Q002"": ""consensus_estimate_net_zero_before_2085"", ""Q003"": ""consensus_estimate_human_primary_cause""}",consensus_stage_a,consensus_two_stage_interactive_adaptation_v1,F|target|F0473|Consensus|stage_a|replicate_1,cfcd205a574fd8d87c1518253f7a4c14f7ab49171274ae437838c19cc30951b9,675efa1486e53a4914248132dda701b834c9e26599d8c4c4d7b41db57bfcf2b0,
F|target|F0474|Consensus|stage_a|replicate_1,F-f0a1d5b80f72efb734494032fdd77965cc519fae,F,target,F0474,Consensus,consensus_stage_a_estimates,1,google/gemma-4-31B-it,3ab951e16e85a633879f453b34853d4c0c47247ad4fba168cf62b18948662f98,675efa1486e53a4914248132dda701b834c9e26599d8c4c4d7b41db57bfcf2b0,consensus_two_stage_interactive_adaptation_v1,prompt_compiler_v2_split_g_f,1891015466,pending,Q001|Q002|Q003,"{""Q001"": ""consensus_estimate_net_zero_before_2085"", ""Q002"": ""consensus_estimate_co2_warms_planet"", ""Q003"": ""consensus_estimate_human_primary_cause""}",consensus_stage_a,consensus_two_stage_interactive_adaptation_v1,F|target|F0474|Consensus|stage_a|replicate_1,3ab951e16e85a633879f453b34853d4c0c47247ad4fba168cf62b18948662f98,675efa1486e53a4914248132dda701b834c9e26599d8c4c4d7b41db57bfcf2b0,
F|target|F0475|Consensus|stage_a|replicate_1,F-6ead4d5b9090ee070990835aa57d850e98e0801b,F,target,F0475,Consensus,consensus_stage_a_estimates,1,google/gemma-4-31B-it,b5cd0f7d1b4c502722b200eb4b51c95446015bc702b47297a17eb7a7b15bfea7,675efa1486e53a4914248132dda701b834c9e26599d8c4c4d7b41db57bfcf2b0,consensus_two_stage_interactive_adaptation_v1,prompt_compiler_v2_split_g_f,1844152511,pending,Q001|Q002|Q003,"{""Q001"": ""consensus_estimate_co2_warms_planet"", ""Q002"": ""consensus_estimate_human_primary_cause"", ""Q003"": ""consensus_estimate_net_zero_before_2085""}",consensus_stage_a,consensus_two_stage_interactive_adaptation_v1,F|target|F0475|Consensus|stage_a|replicate_1,b5cd0f7d1b4c502722b200eb4b51c95446015bc702b47297a17eb7a7b15bfea7,675efa1486e53a4914248132dda701b834c9e26599d8c4c4d7b41db57bfcf2b0,
F|target|F0476|Consensus|stage_a|replicate_1,F-62637c8f4ee3dda388e884d4e4c565d347e4b387,F,target,F0476,Consensus,consensus_stage_a_estimates,1,google/gemma-4-31B-it,23da49f121c13727c563b41f8482cf4b0e26692934385c2be4076c545546dff7,675efa1486e53a4914248132dda701b834c9e26599d8c4c4d7b41db57bfcf2b0,consensus_two_stage_interactive_adaptation_v1,prompt_compiler_v2_split_g_f,329963203,pending,Q001|Q002|Q003,"{""Q001"": ""consensus_estimate_net_zero_before_2085"", ""Q002"": ""consensus_estimate_human_primary_cause"", ""Q003"": ""consensus_estimate_co2_warms_planet""}",consensus_stage_a,consensus_two_stage_interactive_adaptation_v1,F|target|F0476|Consensus|stage_a|replicate_1,23da49f121c13727c563b41f8482cf4b0e26692934385c2be4076c545546dff7,675efa1486e53a4914248132dda701b834c9e26599d8c4c4d7b41db57bfcf2b0,
F|target|F0477|Consensus|stage_a|replicate_1,F-fa01feba7a8465cedd5d7fa5706170b8a4a3e228,F,target,F0477,Consensus,consensus_stage_a_estimates,1,google/gemma-4-31B-it,a186fb8e5d5591e5ed1ae2587a4d7be7ded6ec5c017b9caaea2e5cdba983745b,675efa1486e53a4914248132dda701b834c9e26599d8c4c4d7b41db57bfcf2b0,consensus_two_stage_interactive_adaptation_v1,prompt_compiler_v2_split_g_f,1854432070,pending,Q001|Q002|Q003,"{""Q001"": ""consensus_estimate_co2_warms_planet"", ""Q002"": ""consensus_estimate_net_zero_before_2085"", ""Q003"": ""consensus_estimate_human_primary_cause""}",consensus_stage_a,consensus_two_stage_interactive_adaptation_v1,F|target|F0477|Consensus|stage_a|replicate_1,a186fb8e5d5591e5ed1ae2587a4d7be7ded6ec5c017b9caaea2e5cdba983745b,675efa1486e53a4914248132dda701b834c9e26599d8c4c4d7b41db57bfcf2b0,
F|target|F0478|Consensus|stage_a|replicate_1,F-2e9398b60544129ffd24eb6dc410da981f8f7682,F,target,F0478,Consensus,consensus_stage_a_estimates,1,google/gemma-4-31B-it,7c7e8bd07f592e47ec082431b24505c5c96f125b04321bc3b062a9e6c420217a,675efa1486e53a4914248132dda701b834c9e26599d8c4c4d7b41db57bfcf2b0,consensus_two_stage_interactive_adaptation_v1,prompt_compiler_v2_split_g_f,1651196939,pending,Q001|Q002|Q003,"{""Q001"": ""consensus_estimate_net_zero_before_2085"", ""Q002"": ""consensus_estimate_human_primary_cause"", ""Q003"": ""consensus_estimate_co2_warms_planet""}",consensus_stage_a,consensus_two_stage_interactive_adaptation_v1,F|target|F0478|Consensus|stage_a|replicate_1,7c7e8bd07f592e47ec082431b24505c5c96f125b04321bc3b062a9e6c420217a,675efa1486e53a4914248132dda701b834c9e26599d8c4c4d7b41db57bfcf2b0,
F|target|F0479|Consensus|stage_a|replicate_1,F-ff9e3be61269a5561ada54ef56b8cfab5b880e9d,F,target,F0479,Consensus,consensus_stage_a_estimates,1,google/gemma-4-31B-it,b373ebc2e03829b3b8154f2d2c7b33063d031fc36d082bddc02fd006c568e9df,675efa1486e53a4914248132dda701b834c9e26599d8c4c4d7b41db57bfcf2b0,consensus_two_stage_interactive_adaptation_v1,prompt_compiler_v2_split_g_f,296099110,pending,Q001|Q002|Q003,"{""Q001"": ""consensus_estimate_co2_warms_planet"", ""Q002"": ""consensus_estimate_human_primary_cause"", ""Q003"": ""consensus_estimate_net_zero_before_2085""}",consensus_stage_a,consensus_two_stage_interactive_adaptation_v1,F|target|F0479|Consensus|stage_a|replicate_1,b373ebc2e03829b3b8154f2d2c7b33063d031fc36d082bddc02fd006c568e9df,675efa1486e53a4914248132dda701b834c9e26599d8c4c4d7b41db57bfcf2b0,
F|target|F0480|Consensus|stage_a|replicate_1,F-45f408f8d58bb0f41e994f41d954f8f3fcba04f3,F,target,F0480,Consensus,consensus_stage_a_estimates,1,google/gemma-4-31B-it,9f8fac787531d5a80b8156d8b0c4c3b2b7fcd74f3f48386e7b1e6daeec65b5af,675efa1486e53a4914248132dda701b834c9e26599d8c4c4d7b41db57bfcf2b0,consensus_two_stage_interactive_adaptation_v1,prompt_compiler_v2_split_g_f,1634976486,pending,Q001|Q002|Q003,"{""Q001"": ""consensus_estimate_co2_warms_planet"", ""Q002"": ""consensus_estimate_net_zero_before_2085"", ""Q003"": ""consensus_estimate_human_primary_cause""}",consensus_stage_a,consensus_two_stage_interactive_adaptation_v1,F|target|F0480|Consensus|stage_a|replicate_1,9f8fac787531d5a80b8156d8b0c4c3b2b7fcd74f3f48386e7b1e6daeec65b5af,675efa1486e53a4914248132dda701b834c9e26599d8c4c4d7b41db57bfcf2b0,
F|target|F0481|Consensus|stage_a|replicate_1,F-697bbab3dd92341fd0d32a9362fcddb8d132546b,F,target,F0481,Consensus,consensus_stage_a_estimates,1,google/gemma-4-31B-it,b663bfc76fe6b3fdb2ad577047a5b3ab9e437c2a17275dbd15ec8988ee5cd884,675efa1486e53a4914248132dda701b834c9e26599d8c4c4d7b41db57bfcf2b0,consensus_two_stage_interactive_adaptation_v1,prompt_compiler_v2_split_g_f,814328200,pending,Q001|Q002|Q003,"{""Q001"": ""consensus_estimate_net_zero_before_2085"", ""Q002"": ""consensus_estimate_human_primary_cause"", ""Q003"": ""consensus_estimate_co2_warms_planet""}",consensus_stage_a,consensus_two_stage_interactive_adaptation_v1,F|target|F0481|Consensus|stage_a|replicate_1,b663bfc76fe6b3fdb2ad577047a5b3ab9e437c2a17275dbd15ec8988ee5cd884,675efa1486e53a4914248132dda701b834c9e26599d8c4c4d7b41db57bfcf2b0,
F|target|F0482|Consensus|stage_a|replicate_1,F-3a9e7c37f182888fee76d880d41874eae1e2c996,F,target,F0482,Consensus,consensus_stage_a_estimates,1,google/gemma-4-31B-it,c23b15767b10d02ab87dfac1bbca889cc94da290f1734e9d16ce5380f90a8b00,675efa1486e53a4914248132dda701b834c9e26599d8c4c4d7b41db57bfcf2b0,consensus_two_stage_interactive_adaptation_v1,prompt_compiler_v2_split_g_f,1723826431,pending,Q001|Q002|Q003,"{""Q001"": ""consensus_estimate_co2_warms_planet"", ""Q002"": ""consensus_estimate_human_primary_cause"", ""Q003"": ""consensus_estimate_net_zero_before_2085""}",consensus_stage_a,consensus_two_stage_interactive_adaptation_v1,F|target|F0482|Consensus|stage_a|replicate_1,c23b15767b10d02ab87dfac1bbca889cc94da290f1734e9d16ce5380f90a8b00,675efa1486e53a4914248132dda701b834c9e26599d8c4c4d7b41db57bfcf2b0,
F|target|F0483|Consensus|stage_a|replicate_1,F-a1deb4c2dcf96d73f57b784c0c866829fcb5270e,F,target,F0483,Consensus,consensus_stage_a_estimates,1,google/gemma-4-31B-it,5cb43abfffc44f1d5d12d779d76f203d5d6d9d404b9001d136938451bb42fa9b,675efa1486e53a4914248132dda701b834c9e26599d8c4c4d7b41db57bfcf2b0,consensus_two_stage_interactive_adaptation_v1,prompt_compiler_v2_split_g_f,548853499,pending,Q001|Q002|Q003,"{""Q001"": ""consensus_estimate_co2_warms_planet"", ""Q002"": ""consensus_estimate_net_zero_before_2085"", ""Q003"": ""consensus_estimate_human_primary_cause""}",consensus_stage_a,consensus_two_stage_interactive_adaptation_v1,F|target|F0483|Consensus|stage_a|replicate_1,5cb43abfffc44f1d5d12d779d76f203d5d6d9d404b9001d136938451bb42fa9b,675efa1486e53a4914248132dda701b834c9e26599d8c4c4d7b41db57bfcf2b0,
F|target|F0484|Consensus|stage_a|replicate_1,F-0564c9dc58416a475624c878f362e70f2a9d47fc,F,target,F0484,Consensus,consensus_stage_a_estimates,1,google/gemma-4-31B-it,14b017d9c449bec58a53b630472358ddcf5d7d0d54ed2759b56c2ad693b93296,675efa1486e53a4914248132dda701b834c9e26599d8c4c4d7b41db57bfcf2b0,consensus_two_stage_interactive_adaptation_v1,prompt_compiler_v2_split_g_f,1661664767,pending,Q001|Q002|Q003,"{""Q001"": ""consensus_estimate_net_zero_before_2085"", ""Q002"": ""consensus_estimate_human_primary_cause"", ""Q003"": ""consensus_estimate_co2_warms_planet""}",consensus_stage_a,consensus_two_stage_interactive_adaptation_v1,F|target|F0484|Consensus|stage_a|replicate_1,14b017d9c449bec58a53b630472358ddcf5d7d0d54ed2759b56c2ad693b93296,675efa1486e53a4914248132dda701b834c9e26599d8c4c4d7b41db57bfcf2b0,
F|target|F0485|Consensus|stage_a|replicate_1,F-ae32cb961a91525b0596cf48bce2ef5644728610,F,target,F0485,Consensus,consensus_stage_a_estimates,1,google/gemma-4-31B-it,89723e65b7f73b13e3ddf7f95ae4f5cb2ce79b90a5f4f840bcb9993c28f052f0,675efa1486e53a4914248132dda701b834c9e26599d8c4c4d7b41db57bfcf2b0,consensus_two_stage_interactive_adaptation_v1,prompt_compiler_v2_split_g_f,1995893129,pending,Q001|Q002|Q003,"{""Q001"": ""consensus_estimate_human_primary_cause"", ""Q002"": ""consensus_estimate_net_zero_before_2085"", ""Q003"": ""consensus_estimate_co2_warms_planet""}",consensus_stage_a,consensus_two_stage_interactive_adaptation_v1,F|target|F0485|Consensus|stage_a|replicate_1,89723e65b7f73b13e3ddf7f95ae4f5cb2ce79b90a5f4f840bcb9993c28f052f0,675efa1486e53a4914248132dda701b834c9e26599d8c4c4d7b41db57bfcf2b0,
F|target|F0486|Consensus|stage_a|replicate_1,F-efba48aa8f381da30ad403d1fffc961d870cde29,F,target,F0486,Consensus,consensus_stage_a_estimates,1,google/gemma-4-31B-it,4770958f18201e765bd990c9038e15b7b3f994ee69b762f8d1f83f0939824894,675efa1486e53a4914248132dda701b834c9e26599d8c4c4d7b41db57bfcf2b0,consensus_two_stage_interactive_adaptation_v1,prompt_compiler_v2_split_g_f,1856810747,pending,Q001|Q002|Q003,"{""Q001"": ""consensus_estimate_net_zero_before_2085"", ""Q002"": ""consensus_estimate_co2_warms_planet"", ""Q003"": ""consensus_estimate_human_primary_cause""}",consensus_stage_a,consensus_two_stage_interactive_adaptation_v1,F|target|F0486|Consensus|stage_a|replicate_1,4770958f18201e765bd990c9038e15b7b3f994ee69b762f8d1f83f0939824894,675efa1486e53a4914248132dda701b834c9e26599d8c4c4d7b41db57bfcf2b0,
F|target|F0487|Consensus|stage_a|replicate_1,F-ba30edc87395b85d12680356c50ce0dac01c5e99,F,target,F0487,Consensus,consensus_stage_a_estimates,1,google/gemma-4-31B-it,8ccac2064ee491ebc89c4ce147cca127bf876b0b732359c74a57bddcb02c7213,675efa1486e53a4914248132dda701b834c9e26599d8c4c4d7b41db57bfcf2b0,consensus_two_stage_interactive_adaptation_v1,prompt_compiler_v2_split_g_f,1744278512,pending,Q001|Q002|Q003,"{""Q001"": ""consensus_estimate_net_zero_before_2085"", ""Q002"": ""consensus_estimate_human_primary_cause"", ""Q003"": ""consensus_estimate_co2_warms_planet""}",consensus_stage_a,consensus_two_stage_interactive_adaptation_v1,F|target|F0487|Consensus|stage_a|replicate_1,8ccac2064ee491ebc89c4ce147cca127bf876b0b732359c74a57bddcb02c7213,675efa1486e53a4914248132dda701b834c9e26599d8c4c4d7b41db57bfcf2b0,
F|target|F0488|Consensus|stage_a|replicate_1,F-edbf883fc0e65b1baa4935dfa550ef160f8c3a93,F,target,F0488,Consensus,consensus_stage_a_estimates,1,google/gemma-4-31B-it,a04e48420873db4fb3f15ce3ef96b5dbbd18a049631f1978e03b5f7cf978a2b6,675efa1486e53a4914248132dda701b834c9e26599d8c4c4d7b41db57bfcf2b0,consensus_two_stage_interactive_adaptation_v1,prompt_compiler_v2_split_g_f,476408734,pending,Q001|Q002|Q003,"{""Q001"": ""consensus_estimate_human_primary_cause"", ""Q002"": ""consensus_estimate_net_zero_before_2085"", ""Q003"": ""consensus_estimate_co2_warms_planet""}",consensus_stage_a,consensus_two_stage_interactive_adaptation_v1,F|target|F0488|Consensus|stage_a|replicate_1,a04e48420873db4fb3f15ce3ef96b5dbbd18a049631f1978e03b5f7cf978a2b6,675efa1486e53a4914248132dda701b834c9e26599d8c4c4d7b41db57bfcf2b0,
F|target|F0489|Consensus|stage_a|replicate_1,F-a261139d1f720ee15d12afb12235565a95d7b287,F,target,F0489,Consensus,consensus_stage_a_estimates,1,google/gemma-4-31B-it,ad0edb765bbf2efe69d33440386cf687c94a76ccf8ebc01df458e679008b2dc4,675efa1486e53a4914248132dda701b834c9e26599d8c4c4d7b41db57bfcf2b0,consensus_two_stage_interactive_adaptation_v1,prompt_compiler_v2_split_g_f,1681143325,pending,Q001|Q002|Q003,"{""Q001"": ""consensus_estimate_net_zero_before_2085"", ""Q002"": ""consensus_estimate_co2_warms_planet"", ""Q003"": ""consensus_estimate_human_primary_cause""}",consensus_stage_a,consensus_two_stage_interactive_adaptation_v1,F|target|F0489|Consensus|stage_a|replicate_1,ad0edb765bbf2efe69d33440386cf687c94a76ccf8ebc01df458e679008b2dc4,675efa1486e53a4914248132dda701b834c9e26599d8c4c4d7b41db57bfcf2b0,
F|target|F0490|Consensus|stage_a|replicate_1,F-8f580204204fb23ffab5e72ae908e1655468860d,F,target,F0490,Consensus,consensus_stage_a_estimates,1,google/gemma-4-31B-it,1320455ec39fdbad4a1b9445bcf78617e00d28bda92d77cb4d2bda69b8194ffe,675efa1486e53a4914248132dda701b834c9e26599d8c4c4d7b41db57bfcf2b0,consensus_two_stage_interactive_adaptation_v1,prompt_compiler_v2_split_g_f,1056945737,pending,Q001|Q002|Q003,"{""Q001"": ""consensus_estimate_human_primary_cause"", ""Q002"": ""consensus_estimate_net_zero_before_2085"", ""Q003"": ""consensus_estimate_co2_warms_planet""}",consensus_stage_a,consensus_two_stage_interactive_adaptation_v1,F|target|F0490|Consensus|stage_a|replicate_1,1320455ec39fdbad4a1b9445bcf78617e00d28bda92d77cb4d2bda69b8194ffe,675efa1486e53a4914248132dda701b834c9e26599d8c4c4d7b41db57bfcf2b0,
F|target|F0491|Consensus|stage_a|replicate_1,F-c1c63f154c0e3d32ebee66708a96e6dc7ec73fa8,F,target,F0491,Consensus,consensus_stage_a_estimates,1,google/gemma-4-31B-it,e3771ae9b6eca8c3b93a40741b1820985746e54c5d1c81f7e565752398e5b1a0,675efa1486e53a4914248132dda701b834c9e26599d8c4c4d7b41db57bfcf2b0,consensus_two_stage_interactive_adaptation_v1,prompt_compiler_v2_split_g_f,1335540575,pending,Q001|Q002|Q003,"{""Q001"": ""consensus_estimate_human_primary_cause"", ""Q002"": ""consensus_estimate_net_zero_before_2085"", ""Q003"": ""consensus_estimate_co2_warms_planet""}",consensus_stage_a,consensus_two_stage_interactive_adaptation_v1,F|target|F0491|Consensus|stage_a|replicate_1,e3771ae9b6eca8c3b93a40741b1820985746e54c5d1c81f7e565752398e5b1a0,675efa1486e53a4914248132dda701b834c9e26599d8c4c4d7b41db57bfcf2b0,
F|target|F0492|Consensus|stage_a|replicate_1,F-28e691ac803dd6de957245d9b7c9b2efd16645f4,F,target,F0492,Consensus,consensus_stage_a_estimates,1,google/gemma-4-31B-it,22516487767158a1926a4d40ef3a869f4e3507abd4a30ee51a13fac977135eb4,675efa1486e53a4914248132dda701b834c9e26599d8c4c4d7b41db57bfcf2b0,consensus_two_stage_interactive_adaptation_v1,prompt_compiler_v2_split_g_f,1376451127,pending,Q001|Q002|Q003,"{""Q001"": ""consensus_estimate_net_zero_before_2085"", ""Q002"": ""consensus_estimate_co2_warms_planet"", ""Q003"": ""consensus_estimate_human_primary_cause""}",consensus_stage_a,consensus_two_stage_interactive_adaptation_v1,F|target|F0492|Consensus|stage_a|replicate_1,22516487767158a1926a4d40ef3a869f4e3507abd4a30ee51a13fac977135eb4,675efa1486e53a4914248132dda701b834c9e26599d8c4c4d7b41db57bfcf2b0,
F|target|F0493|Consensus|stage_a|replicate_1,F-86b4985780de8478f219a880741363bfc2b3870f,F,target,F0493,Consensus,consensus_stage_a_estimates,1,google/gemma-4-31B-it,6c82cf65f0eb0e98cbebb1767aa293f1672e267ab569eab61074f22665c415d3,675efa1486e53a4914248132dda701b834c9e26599d8c4c4d7b41db57bfcf2b0,consensus_two_stage_interactive_adaptation_v1,prompt_compiler_v2_split_g_f,239580457,pending,Q001|Q002|Q003,"{""Q001"": ""consensus_estimate_human_primary_cause"", ""Q002"": ""consensus_estimate_co2_warms_planet"", ""Q003"": ""consensus_estimate_net_zero_before_2085""}",consensus_stage_a,consensus_two_stage_interactive_adaptation_v1,F|target|F0493|Consensus|stage_a|replicate_1,6c82cf65f0eb0e98cbebb1767aa293f1672e267ab569eab61074f22665c415d3,675efa1486e53a4914248132dda701b834c9e26599d8c4c4d7b41db57bfcf2b0,
F|target|F0494|Consensus|stage_a|replicate_1,F-334d85d89218ffe4a8d7db2d252275d229dc6227,F,target,F0494,Consensus,consensus_stage_a_estimates,1,google/gemma-4-31B-it,0d131730376ef768c368d71bf86d805ad92d363fc758ddc044e02a1768e51657,675efa1486e53a4914248132dda701b834c9e26599d8c4c4d7b41db57bfcf2b0,consensus_two_stage_interactive_adaptation_v1,prompt_compiler_v2_split_g_f,2025065365,pending,Q001|Q002|Q003,"{""Q001"": ""consensus_estimate_human_primary_cause"", ""Q002"": ""consensus_estimate_co2_warms_planet"", ""Q003"": ""consensus_estimate_net_zero_before_2085""}",consensus_stage_a,consensus_two_stage_interactive_adaptation_v1,F|target|F0494|Consensus|stage_a|replicate_1,0d131730376ef768c368d71bf86d805ad92d363fc758ddc044e02a1768e51657,675efa1486e53a4914248132dda701b834c9e26599d8c4c4d7b41db57bfcf2b0,
F|target|F0495|Consensus|stage_a|replicate_1,F-08e78c53da101bf327e22ff0b59479c0098a642b,F,target,F0495,Consensus,consensus_stage_a_estimates,1,google/gemma-4-31B-it,9e7115749a81f911efe94c9637af7f0e332f9abff6141d21174b911be230cd3c,675efa1486e53a4914248132dda701b834c9e26599d8c4c4d7b41db57bfcf2b0,consensus_two_stage_interactive_adaptation_v1,prompt_compiler_v2_split_g_f,1809790106,pending,Q001|Q002|Q003,"{""Q001"": ""consensus_estimate_co2_warms_planet"", ""Q002"": ""consensus_estimate_net_zero_before_2085"", ""Q003"": ""consensus_estimate_human_primary_cause""}",consensus_stage_a,consensus_two_stage_interactive_adaptation_v1,F|target|F0495|Consensus|stage_a|replicate_1,9e7115749a81f911efe94c9637af7f0e332f9abff6141d21174b911be230cd3c,675efa1486e53a4914248132dda701b834c9e26599d8c4c4d7b41db57bfcf2b0,
F|target|F0496|Consensus|stage_a|replicate_1,F-6a0c166435f18a482f3d3c4c7bdc8e22f8520ad6,F,target,F0496,Consensus,consensus_stage_a_estimates,1,google/gemma-4-31B-it,82125c85ba45e5a5f9bf9c3b533d3e16459a126004311fbb48333510390a0a0d,675efa1486e53a4914248132dda701b834c9e26599d8c4c4d7b41db57bfcf2b0,consensus_two_stage_interactive_adaptation_v1,prompt_compiler_v2_split_g_f,168408850,pending,Q001|Q002|Q003,"{""Q001"": ""consensus_estimate_co2_warms_planet"", ""Q002"": ""consensus_estimate_net_zero_before_2085"", ""Q003"": ""consensus_estimate_human_primary_cause""}",consensus_stage_a,consensus_two_stage_interactive_adaptation_v1,F|target|F0496|Consensus|stage_a|replicate_1,82125c85ba45e5a5f9bf9c3b533d3e16459a126004311fbb48333510390a0a0d,675efa1486e53a4914248132dda701b834c9e26599d8c4c4d7b41db57bfcf2b0,
F|target|F0497|Consensus|stage_a|replicate_1,F-8e3aa1749562979d1ce5bea5b8b74a80634449d9,F,target,F0497,Consensus,consensus_stage_a_estimates,1,google/gemma-4-31B-it,982eae221dc692377628f9e4274cb68af45e4e989c26518fcf279eb2e76f6ee8,675efa1486e53a4914248132dda701b834c9e26599d8c4c4d7b41db57bfcf2b0,consensus_two_stage_interactive_adaptation_v1,prompt_compiler_v2_split_g_f,836229768,pending,Q001|Q002|Q003,"{""Q001"": ""consensus_estimate_human_primary_cause"", ""Q002"": ""consensus_estimate_net_zero_before_2085"", ""Q003"": ""consensus_estimate_co2_warms_planet""}",consensus_stage_a,consensus_two_stage_interactive_adaptation_v1,F|target|F0497|Consensus|stage_a|replicate_1,982eae221dc692377628f9e4274cb68af45e4e989c26518fcf279eb2e76f6ee8,675efa1486e53a4914248132dda701b834c9e26599d8c4c4d7b41db57bfcf2b0,
F|target|F0498|Consensus|stage_a|replicate_1,F-0ddef4f35ea842193bc612a82d8c2589b5f7a2dd,F,target,F0498,Consensus,consensus_stage_a_estimates,1,google/gemma-4-31B-it,97ccafe4081dc81d277cf1e53f7f3795a7f48e8c1e1bb61577d98ca4bd76ea1f,675efa1486e53a4914248132dda701b834c9e26599d8c4c4d7b41db57bfcf2b0,consensus_two_stage_interactive_adaptation_v1,prompt_compiler_v2_split_g_f,2053516287,pending,Q001|Q002|Q003,"{""Q001"": ""consensus_estimate_net_zero_before_2085"", ""Q002"": ""consensus_estimate_co2_warms_planet"", ""Q003"": ""consensus_estimate_human_primary_cause""}",consensus_stage_a,consensus_two_stage_interactive_adaptation_v1,F|target|F0498|Consensus|stage_a|replicate_1,97ccafe4081dc81d277cf1e53f7f3795a7f48e8c1e1bb61577d98ca4bd76ea1f,675efa1486e53a4914248132dda701b834c9e26599d8c4c4d7b41db57bfcf2b0,
F|target|F0499|Consensus|stage_a|replicate_1,F-9b2b9c66ecd4641d320f6f9b7e058e23c826c46c,F,target,F0499,Consensus,consensus_stage_a_estimates,1,google/gemma-4-31B-it,be220f36a4be1843c0b0028225823c416e835816e5c7c9b9065023a877fe3ff5,675efa1486e53a4914248132dda701b834c9e26599d8c4c4d7b41db57bfcf2b0,consensus_two_stage_interactive_adaptation_v1,prompt_compiler_v2_split_g_f,590060781,pending,Q001|Q002|Q003,"{""Q001"": ""consensus_estimate_co2_warms_planet"", ""Q002"": ""consensus_estimate_net_zero_before_2085"", ""Q003"": ""consensus_estimate_human_primary_cause""}",consensus_stage_a,consensus_two_stage_interactive_adaptation_v1,F|target|F0499|Consensus|stage_a|replicate_1,be220f36a4be1843c0b0028225823c416e835816e5c7c9b9065023a877fe3ff5,675efa1486e53a4914248132dda701b834c9e26599d8c4c4d7b41db57bfcf2b0,
F|target|F0500|Consensus|stage_a|replicate_1,F-1e9a101f837a2603b5609f31247656be69b9b594,F,target,F0500,Consensus,consensus_stage_a_estimates,1,google/gemma-4-31B-it,6df707b2514324b4deafe3ad7ec434b35293c514149ad474f54ca1a4a373c330,675efa1486e53a4914248132dda701b834c9e26599d8c4c4d7b41db57bfcf2b0,consensus_two_stage_interactive_adaptation_v1,prompt_compiler_v2_split_g_f,1085163074,pending,Q001|Q002|Q003,"{""Q001"": ""consensus_estimate_human_primary_cause"", ""Q002"": ""consensus_estimate_co2_warms_planet"", ""Q003"": ""consensus_estimate_net_zero_before_2085""}",consensus_stage_a,consensus_two_stage_interactive_adaptation_v1,F|target|F0500|Consensus|stage_a|replicate_1,6df707b2514324b4deafe3ad7ec434b35293c514149ad474f54ca1a4a373c330,675efa1486e53a4914248132dda701b834c9e26599d8c4c4d7b41db57bfcf2b0,
