study_id,effect_id,outcome,model_ate,human_ate,treatment_family,outcome_family,target_population,synthetic_target_population,population_type,is_general_us_adult,is_specialized_population,study_weights_available,profile_variables_available,population_matching_method,profile_fields_available,weights_used,num_profiles,f_model_id,f_prompt_protocol_id,f_inference_config_hash,f_r_f,external_f_population_panel_version,external_f_population_panel_sha256,synthetic_prediction_status,requires_synthetic_regeneration,treatment_type,randomized_between_subjects,materials_available,outcome_type,outcome_min,outcome_max,outcome_range,finite_range,main_effect_compatible,human_ate_native,synthetic_ate_native,included_primary_calibration,included_secondary_sensitivity,exclusion_reason
AnsonBRIEF60,AnsonBRIEF60:blue_collar_positivity:hyp1,blue_collar_positivity,-1.1249999999999982,-3.806216931216999,,attitude,AnsonBRIEF60 effect-specific empirical human analytic respondent pretreatment demographic distribution (unweighted),AnsonBRIEF60 effect-specific empirical human analytic respondent pretreatment demographic distribution (unweighted),general_us_adult,True,False,False,True,study_effect_analytic_profile_distribution_unweighted_largest_remainder,GENDER|race_4|pid_3|age_5|EDUC4|ideo_3,False,500,LEGACY_CACHED_NO_F_MODEL_PROVENANCE,LEGACY_CACHED_NO_F_PROMPT_PROTOCOL_PROVENANCE,LEGACY_CACHED_NO_F_INFERENCE_CONFIG_HASH,,LEGACY_CACHED_NO_EFFECT_SPECIFIC_PANEL_PROVENANCE,,DEVELOPMENT_STALE_REQUIRES_REGENERATION_WITH_STUDY_SPECIFIC_F_PANEL,True,survey_experiment,True,True,attitude,1.0,5.0,4.0,True,True,-0.15224867724867996,-0.04499999999999993,True,False,
AnsonBRIEF60,AnsonBRIEF60:economy_positivity:hyp1,economy_positivity,20.833333333333492,0.2996031746032468,,attitude,AnsonBRIEF60 effect-specific empirical human analytic respondent pretreatment demographic distribution (unweighted),AnsonBRIEF60 effect-specific empirical human analytic respondent pretreatment demographic distribution (unweighted),general_us_adult,True,False,False,True,study_effect_analytic_profile_distribution_unweighted_largest_remainder,GENDER|race_4|pid_3|age_5|EDUC4|ideo_3,False,500,LEGACY_CACHED_NO_F_MODEL_PROVENANCE,LEGACY_CACHED_NO_F_PROMPT_PROTOCOL_PROVENANCE,LEGACY_CACHED_NO_F_INFERENCE_CONFIG_HASH,,LEGACY_CACHED_NO_EFFECT_SPECIFIC_PANEL_PROVENANCE,,DEVELOPMENT_STALE_REQUIRES_REGENERATION_WITH_STUDY_SPECIFIC_F_PANEL,True,survey_experiment,True,True,attitude,1.0,5.0,4.0,True,True,0.011984126984129873,0.8333333333333397,True,False,
Blair1131,Blair1131:Approve_Handling:hyp1,Approve_Handling [hyp1],2.208333333333337,-3.1746031746031855,,attitude,Blair1131 effect-specific empirical human analytic respondent pretreatment demographic distribution (unweighted),Blair1131 effect-specific empirical human analytic respondent pretreatment demographic distribution (unweighted),general_us_adult,True,False,False,True,study_effect_analytic_profile_distribution_unweighted_largest_remainder,GENDER|race_4|pid_3|age_5|EDUC4|ideo_3,False,500,LEGACY_CACHED_NO_F_MODEL_PROVENANCE,LEGACY_CACHED_NO_F_PROMPT_PROTOCOL_PROVENANCE,LEGACY_CACHED_NO_F_INFERENCE_CONFIG_HASH,,LEGACY_CACHED_NO_EFFECT_SPECIFIC_PANEL_PROVENANCE,,DEVELOPMENT_STALE_REQUIRES_REGENERATION_WITH_STUDY_SPECIFIC_F_PANEL,True,survey_experiment,True,True,attitude,1.0,7.0,6.0,True,True,-0.19047619047619113,0.13250000000000028,True,False,
Blair1131,Blair1131:Approve_Handling:hyp2,Approve_Handling [hyp2],1.5833333333333477,2.787226001511778,,attitude,Blair1131 effect-specific empirical human analytic respondent pretreatment demographic distribution (unweighted),Blair1131 effect-specific empirical human analytic respondent pretreatment demographic distribution (unweighted),general_us_adult,True,False,False,True,study_effect_analytic_profile_distribution_unweighted_largest_remainder,GENDER|race_4|pid_3|age_5|EDUC4|ideo_3,False,500,LEGACY_CACHED_NO_F_MODEL_PROVENANCE,LEGACY_CACHED_NO_F_PROMPT_PROTOCOL_PROVENANCE,LEGACY_CACHED_NO_F_INFERENCE_CONFIG_HASH,,LEGACY_CACHED_NO_EFFECT_SPECIFIC_PANEL_PROVENANCE,,DEVELOPMENT_STALE_REQUIRES_REGENERATION_WITH_STUDY_SPECIFIC_F_PANEL,True,survey_experiment,True,True,attitude,1.0,7.0,6.0,True,True,0.16723356009070667,0.09500000000000064,True,False,
Braman751,Braman751:legitimacy:hyp1,legitimacy [hyp1],-6.534722222222166,4.0888503557992895,,attitude,Braman751 effect-specific empirical human analytic respondent pretreatment demographic distribution (unweighted),Braman751 effect-specific empirical human analytic respondent pretreatment demographic distribution (unweighted),general_us_adult,True,False,False,True,study_effect_analytic_profile_distribution_unweighted_largest_remainder,GENDER|race_4|pid_3|age_5|EDUC4|ideo_3,False,500,LEGACY_CACHED_NO_F_MODEL_PROVENANCE,LEGACY_CACHED_NO_F_PROMPT_PROTOCOL_PROVENANCE,LEGACY_CACHED_NO_F_INFERENCE_CONFIG_HASH,,LEGACY_CACHED_NO_EFFECT_SPECIFIC_PANEL_PROVENANCE,,DEVELOPMENT_STALE_REQUIRES_REGENERATION_WITH_STUDY_SPECIFIC_F_PANEL,True,survey_experiment,True,True,attitude,1.0,7.0,6.0,True,True,0.24533102134795737,-0.39208333333333023,True,False,
Braman751,Braman751:legitimacy:hyp2,legitimacy [hyp2],-17.479166666666675,9.671230388483941,,attitude,Braman751 effect-specific empirical human analytic respondent pretreatment demographic distribution (unweighted),Braman751 effect-specific empirical human analytic respondent pretreatment demographic distribution (unweighted),general_us_adult,True,False,False,True,study_effect_analytic_profile_distribution_unweighted_largest_remainder,GENDER|race_4|pid_3|age_5|EDUC4|ideo_3,False,500,LEGACY_CACHED_NO_F_MODEL_PROVENANCE,LEGACY_CACHED_NO_F_PROMPT_PROTOCOL_PROVENANCE,LEGACY_CACHED_NO_F_INFERENCE_CONFIG_HASH,,LEGACY_CACHED_NO_EFFECT_SPECIFIC_PANEL_PROVENANCE,,DEVELOPMENT_STALE_REQUIRES_REGENERATION_WITH_STUDY_SPECIFIC_F_PANEL,True,survey_experiment,True,True,attitude,1.0,7.0,6.0,True,True,0.5802738233090365,-1.0487500000000005,True,False,
Braman751,Braman751:pass_legislation:hyp1,pass_legislation,3.5800000000000445,4.400242939568855,,attitude,Braman751 effect-specific empirical human analytic respondent pretreatment demographic distribution (unweighted),Braman751 effect-specific empirical human analytic respondent pretreatment demographic distribution (unweighted),general_us_adult,True,False,False,True,study_effect_analytic_profile_distribution_unweighted_largest_remainder,GENDER|race_4|pid_3|age_5|EDUC4|ideo_3,False,500,LEGACY_CACHED_NO_F_MODEL_PROVENANCE,LEGACY_CACHED_NO_F_PROMPT_PROTOCOL_PROVENANCE,LEGACY_CACHED_NO_F_INFERENCE_CONFIG_HASH,,LEGACY_CACHED_NO_EFFECT_SPECIFIC_PANEL_PROVENANCE,,DEVELOPMENT_STALE_REQUIRES_REGENERATION_WITH_STUDY_SPECIFIC_F_PANEL,True,survey_experiment,True,True,attitude,1.0,6.0,5.0,True,True,0.2200121469784424,0.17900000000000205,True,False,
Braman751,Braman751:scholar_credibility:hyp1,scholar_credibility [hyp1],5.416666666666781,3.7608225108223925,,binary_behavior,Braman751 effect-specific empirical human analytic respondent pretreatment demographic distribution (unweighted),Braman751 effect-specific empirical human analytic respondent pretreatment demographic distribution (unweighted),general_us_adult,True,False,False,True,study_effect_analytic_profile_distribution_unweighted_largest_remainder,GENDER|race_4|pid_3|age_5|EDUC4|ideo_3,False,500,LEGACY_CACHED_NO_F_MODEL_PROVENANCE,LEGACY_CACHED_NO_F_PROMPT_PROTOCOL_PROVENANCE,LEGACY_CACHED_NO_F_INFERENCE_CONFIG_HASH,,LEGACY_CACHED_NO_EFFECT_SPECIFIC_PANEL_PROVENANCE,,DEVELOPMENT_STALE_REQUIRES_REGENERATION_WITH_STUDY_SPECIFIC_F_PANEL,True,survey_experiment,True,True,binary_behavior,1.0,2.0,1.0,True,True,0.037608225108223925,0.054166666666667806,True,False,
Braman751,Braman751:scholar_credibility:hyp2,scholar_credibility [hyp2],0.33333333333351867,8.059764309764294,,binary_behavior,Braman751 effect-specific empirical human analytic respondent pretreatment demographic distribution (unweighted),Braman751 effect-specific empirical human analytic respondent pretreatment demographic distribution (unweighted),general_us_adult,True,False,False,True,study_effect_analytic_profile_distribution_unweighted_largest_remainder,GENDER|race_4|pid_3|age_5|EDUC4|ideo_3,False,500,LEGACY_CACHED_NO_F_MODEL_PROVENANCE,LEGACY_CACHED_NO_F_PROMPT_PROTOCOL_PROVENANCE,LEGACY_CACHED_NO_F_INFERENCE_CONFIG_HASH,,LEGACY_CACHED_NO_EFFECT_SPECIFIC_PANEL_PROVENANCE,,DEVELOPMENT_STALE_REQUIRES_REGENERATION_WITH_STUDY_SPECIFIC_F_PANEL,True,survey_experiment,True,True,binary_behavior,1.0,2.0,1.0,True,True,0.08059764309764295,0.0033333333333351867,True,False,
CalarcoS38,CalarcoS38:Approval:hyp1,Approval [hyp1],-83.0364583333334,52.23890532544375,,attitude,CalarcoS38 effect-specific empirical human analytic respondent pretreatment demographic distribution (unweighted),CalarcoS38 effect-specific empirical human analytic respondent pretreatment demographic distribution (unweighted),general_us_adult,True,False,False,True,study_effect_analytic_profile_distribution_unweighted_largest_remainder,GENDER|race_4|pid_3|age_5|EDUC4|ideo_3,False,500,LEGACY_CACHED_NO_F_MODEL_PROVENANCE,LEGACY_CACHED_NO_F_PROMPT_PROTOCOL_PROVENANCE,LEGACY_CACHED_NO_F_INFERENCE_CONFIG_HASH,,LEGACY_CACHED_NO_EFFECT_SPECIFIC_PANEL_PROVENANCE,,DEVELOPMENT_STALE_REQUIRES_REGENERATION_WITH_STUDY_SPECIFIC_F_PANEL,True,survey_experiment,True,True,attitude,1.0,5.0,4.0,True,True,2.08955621301775,-3.321458333333336,True,False,
CalarcoS38,CalarcoS38:Approval:hyp2,Approval [hyp2],-66.88541666666671,44.205128205128155,,attitude,CalarcoS38 effect-specific empirical human analytic respondent pretreatment demographic distribution (unweighted),CalarcoS38 effect-specific empirical human analytic respondent pretreatment demographic distribution (unweighted),general_us_adult,True,False,False,True,study_effect_analytic_profile_distribution_unweighted_largest_remainder,GENDER|race_4|pid_3|age_5|EDUC4|ideo_3,False,500,LEGACY_CACHED_NO_F_MODEL_PROVENANCE,LEGACY_CACHED_NO_F_PROMPT_PROTOCOL_PROVENANCE,LEGACY_CACHED_NO_F_INFERENCE_CONFIG_HASH,,LEGACY_CACHED_NO_EFFECT_SPECIFIC_PANEL_PROVENANCE,,DEVELOPMENT_STALE_REQUIRES_REGENERATION_WITH_STUDY_SPECIFIC_F_PANEL,True,survey_experiment,True,True,attitude,1.0,5.0,4.0,True,True,1.768205128205126,-2.6754166666666688,True,False,
CalarcoS38,CalarcoS38:Approval:hyp3,Approval [hyp3],-5.37500000000014,-1.670517149457984,,attitude,CalarcoS38 effect-specific empirical human analytic respondent pretreatment demographic distribution (unweighted),CalarcoS38 effect-specific empirical human analytic respondent pretreatment demographic distribution (unweighted),general_us_adult,True,False,False,True,study_effect_analytic_profile_distribution_unweighted_largest_remainder,GENDER|race_4|pid_3|age_5|EDUC4|ideo_3,False,500,LEGACY_CACHED_NO_F_MODEL_PROVENANCE,LEGACY_CACHED_NO_F_PROMPT_PROTOCOL_PROVENANCE,LEGACY_CACHED_NO_F_INFERENCE_CONFIG_HASH,,LEGACY_CACHED_NO_EFFECT_SPECIFIC_PANEL_PROVENANCE,,DEVELOPMENT_STALE_REQUIRES_REGENERATION_WITH_STUDY_SPECIFIC_F_PANEL,True,survey_experiment,True,True,attitude,1.0,5.0,4.0,True,True,-0.06682068597831936,-0.21500000000000563,True,False,
Campbell1308,Campbell1308:Gender Roles:hyp1,Gender Roles,3.0500000000000305,0.7394481635415229,,attitude,Campbell1308 effect-specific empirical human analytic respondent pretreatment demographic distribution (unweighted),Campbell1308 effect-specific empirical human analytic respondent pretreatment demographic distribution (unweighted),general_us_adult,True,False,False,True,study_effect_analytic_profile_distribution_unweighted_largest_remainder,GENDER|race_4|pid_3|age_5,False,500,LEGACY_CACHED_NO_F_MODEL_PROVENANCE,LEGACY_CACHED_NO_F_PROMPT_PROTOCOL_PROVENANCE,LEGACY_CACHED_NO_F_INFERENCE_CONFIG_HASH,,LEGACY_CACHED_NO_EFFECT_SPECIFIC_PANEL_PROVENANCE,,DEVELOPMENT_STALE_REQUIRES_REGENERATION_WITH_STUDY_SPECIFIC_F_PANEL,True,survey_experiment,True,True,attitude,0.0,10.0,10.0,True,True,0.07394481635415229,0.3050000000000024,True,False,
Campbell1308,Campbell1308:Political Engagement:hyp1,Political Engagement,0.46666666666659307,-1.4713170880159776,,attitude,Campbell1308 effect-specific empirical human analytic respondent pretreatment demographic distribution (unweighted),Campbell1308 effect-specific empirical human analytic respondent pretreatment demographic distribution (unweighted),general_us_adult,True,False,False,True,study_effect_analytic_profile_distribution_unweighted_largest_remainder,GENDER|race_4|pid_3|age_5,False,500,LEGACY_CACHED_NO_F_MODEL_PROVENANCE,LEGACY_CACHED_NO_F_PROMPT_PROTOCOL_PROVENANCE,LEGACY_CACHED_NO_F_INFERENCE_CONFIG_HASH,,LEGACY_CACHED_NO_EFFECT_SPECIFIC_PANEL_PROVENANCE,,DEVELOPMENT_STALE_REQUIRES_REGENERATION_WITH_STUDY_SPECIFIC_F_PANEL,True,survey_experiment,True,True,attitude,0.0,10.0,10.0,True,True,-0.14713170880159865,0.04666666666665886,True,False,
Campbell1308,Campbell1308:Political Responsiveness:hyp1,Political Responsiveness,-1.072222222222241,-2.0877629986595982,,attitude,Campbell1308 effect-specific empirical human analytic respondent pretreatment demographic distribution (unweighted),Campbell1308 effect-specific empirical human analytic respondent pretreatment demographic distribution (unweighted),general_us_adult,True,False,False,True,study_effect_analytic_profile_distribution_unweighted_largest_remainder,GENDER|race_4|pid_3|age_5,False,500,LEGACY_CACHED_NO_F_MODEL_PROVENANCE,LEGACY_CACHED_NO_F_PROMPT_PROTOCOL_PROVENANCE,LEGACY_CACHED_NO_F_INFERENCE_CONFIG_HASH,,LEGACY_CACHED_NO_EFFECT_SPECIFIC_PANEL_PROVENANCE,,DEVELOPMENT_STALE_REQUIRES_REGENERATION_WITH_STUDY_SPECIFIC_F_PANEL,True,survey_experiment,True,True,attitude,0.0,10.0,10.0,True,True,-0.2087762998659599,-0.10722222222222388,True,False,
Cohen1099,Cohen1099:Accounting:hyp1,Accounting [hyp1],-0.28333333333334654,-2.004065579566061,,attitude,Cohen1099 effect-specific empirical human analytic respondent pretreatment demographic distribution (unweighted),Cohen1099 effect-specific empirical human analytic respondent pretreatment demographic distribution (unweighted),general_us_adult,True,False,False,True,study_effect_analytic_profile_distribution_unweighted_largest_remainder,GENDER|race_4|pid_3|age_5|EDUC4|ideo_3,False,500,LEGACY_CACHED_NO_F_MODEL_PROVENANCE,LEGACY_CACHED_NO_F_PROMPT_PROTOCOL_PROVENANCE,LEGACY_CACHED_NO_F_INFERENCE_CONFIG_HASH,,LEGACY_CACHED_NO_EFFECT_SPECIFIC_PANEL_PROVENANCE,,DEVELOPMENT_STALE_REQUIRES_REGENERATION_WITH_STUDY_SPECIFIC_F_PANEL,True,survey_experiment,True,True,attitude,1.0,6.0,5.0,True,True,-0.10020327897830317,-0.014166666666667105,True,False,
Cohen1099,Cohen1099:Accounting:hyp2,Accounting [hyp2],0.8499999999999952,1.9744013212221412,,attitude,Cohen1099 effect-specific empirical human analytic respondent pretreatment demographic distribution (unweighted),Cohen1099 effect-specific empirical human analytic respondent pretreatment demographic distribution (unweighted),general_us_adult,True,False,False,True,study_effect_analytic_profile_distribution_unweighted_largest_remainder,GENDER|race_4|pid_3|age_5|EDUC4|ideo_3,False,500,LEGACY_CACHED_NO_F_MODEL_PROVENANCE,LEGACY_CACHED_NO_F_PROMPT_PROTOCOL_PROVENANCE,LEGACY_CACHED_NO_F_INFERENCE_CONFIG_HASH,,LEGACY_CACHED_NO_EFFECT_SPECIFIC_PANEL_PROVENANCE,,DEVELOPMENT_STALE_REQUIRES_REGENERATION_WITH_STUDY_SPECIFIC_F_PANEL,True,survey_experiment,True,True,attitude,1.0,6.0,5.0,True,True,0.09872006606110695,0.04249999999999954,True,False,
Cohen1099,Cohen1099:History:hyp1,History,-1.066666666666638,-0.4993380998519148,,attitude,Cohen1099 effect-specific empirical human analytic respondent pretreatment demographic distribution (unweighted),Cohen1099 effect-specific empirical human analytic respondent pretreatment demographic distribution (unweighted),general_us_adult,True,False,False,True,study_effect_analytic_profile_distribution_unweighted_largest_remainder,GENDER|race_4|pid_3|age_5|EDUC4|ideo_3,False,500,LEGACY_CACHED_NO_F_MODEL_PROVENANCE,LEGACY_CACHED_NO_F_PROMPT_PROTOCOL_PROVENANCE,LEGACY_CACHED_NO_F_INFERENCE_CONFIG_HASH,,LEGACY_CACHED_NO_EFFECT_SPECIFIC_PANEL_PROVENANCE,,DEVELOPMENT_STALE_REQUIRES_REGENERATION_WITH_STUDY_SPECIFIC_F_PANEL,True,survey_experiment,True,True,attitude,1.0,6.0,5.0,True,True,-0.024966904992595573,-0.0533333333333319,True,False,
Cohen1099,Cohen1099:Nursing:hyp1,Nursing [hyp1],3.8555555555555565,10.484057027454918,,attitude,Cohen1099 effect-specific empirical human analytic respondent pretreatment demographic distribution (unweighted),Cohen1099 effect-specific empirical human analytic respondent pretreatment demographic distribution (unweighted),general_us_adult,True,False,False,True,study_effect_analytic_profile_distribution_unweighted_largest_remainder,GENDER|race_4|pid_3|age_5|EDUC4|ideo_3,False,500,LEGACY_CACHED_NO_F_MODEL_PROVENANCE,LEGACY_CACHED_NO_F_PROMPT_PROTOCOL_PROVENANCE,LEGACY_CACHED_NO_F_INFERENCE_CONFIG_HASH,,LEGACY_CACHED_NO_EFFECT_SPECIFIC_PANEL_PROVENANCE,,DEVELOPMENT_STALE_REQUIRES_REGENERATION_WITH_STUDY_SPECIFIC_F_PANEL,True,survey_experiment,True,True,attitude,1.0,6.0,5.0,True,True,0.5242028513727459,0.19277777777777816,True,False,
Cohen1099,Cohen1099:Nursing:hyp2,Nursing [hyp2],-0.024999999999997247,-2.550153009180567,,attitude,Cohen1099 effect-specific empirical human analytic respondent pretreatment demographic distribution (unweighted),Cohen1099 effect-specific empirical human analytic respondent pretreatment demographic distribution (unweighted),general_us_adult,True,False,False,True,study_effect_analytic_profile_distribution_unweighted_largest_remainder,GENDER|race_4|pid_3|age_5|EDUC4|ideo_3,False,500,LEGACY_CACHED_NO_F_MODEL_PROVENANCE,LEGACY_CACHED_NO_F_PROMPT_PROTOCOL_PROVENANCE,LEGACY_CACHED_NO_F_INFERENCE_CONFIG_HASH,,LEGACY_CACHED_NO_EFFECT_SPECIFIC_PANEL_PROVENANCE,,DEVELOPMENT_STALE_REQUIRES_REGENERATION_WITH_STUDY_SPECIFIC_F_PANEL,True,survey_experiment,True,True,attitude,1.0,6.0,5.0,True,True,-0.12750765045902845,-0.0012500000000001954,True,False,
CorstangeBRIEF69,CorstangeBRIEF69:welcome_refugees:hyp1,welcome_refugees [hyp1],0.2500000000000058,-0.04305396096450087,,attitude,CorstangeBRIEF69 effect-specific empirical human analytic respondent pretreatment demographic distribution (unweighted),CorstangeBRIEF69 effect-specific empirical human analytic respondent pretreatment demographic distribution (unweighted),general_us_adult,True,False,False,True,study_effect_analytic_profile_distribution_unweighted_largest_remainder,GENDER|race_4|pid_3|age_5|EDUC4|ideo_3,False,500,LEGACY_CACHED_NO_F_MODEL_PROVENANCE,LEGACY_CACHED_NO_F_PROMPT_PROTOCOL_PROVENANCE,LEGACY_CACHED_NO_F_INFERENCE_CONFIG_HASH,,LEGACY_CACHED_NO_EFFECT_SPECIFIC_PANEL_PROVENANCE,,DEVELOPMENT_STALE_REQUIRES_REGENERATION_WITH_STUDY_SPECIFIC_F_PANEL,True,survey_experiment,True,True,attitude,1.0,5.0,4.0,True,True,-0.0017221584385800348,0.010000000000000231,True,False,
CorstangeBRIEF69,CorstangeBRIEF69:welcome_refugees:hyp2,welcome_refugees [hyp2],-0.33333333333349646,2.724358974358998,,attitude,CorstangeBRIEF69 effect-specific empirical human analytic respondent pretreatment demographic distribution (unweighted),CorstangeBRIEF69 effect-specific empirical human analytic respondent pretreatment demographic distribution (unweighted),general_us_adult,True,False,False,True,study_effect_analytic_profile_distribution_unweighted_largest_remainder,GENDER|race_4|pid_3|age_5|EDUC4|ideo_3,False,500,LEGACY_CACHED_NO_F_MODEL_PROVENANCE,LEGACY_CACHED_NO_F_PROMPT_PROTOCOL_PROVENANCE,LEGACY_CACHED_NO_F_INFERENCE_CONFIG_HASH,,LEGACY_CACHED_NO_EFFECT_SPECIFIC_PANEL_PROVENANCE,,DEVELOPMENT_STALE_REQUIRES_REGENERATION_WITH_STUDY_SPECIFIC_F_PANEL,True,survey_experiment,True,True,attitude,1.0,5.0,4.0,True,True,0.10897435897435992,-0.013333333333339858,True,False,
Enos700,Enos700:modern_racism1:hyp1,modern_racism1,-7.062500000000016,7.022022948282169,,attitude,Enos700 effect-specific empirical human analytic respondent pretreatment demographic distribution (unweighted),Enos700 effect-specific empirical human analytic respondent pretreatment demographic distribution (unweighted),general_us_adult,True,False,False,True,study_effect_analytic_profile_distribution_unweighted_largest_remainder,GENDER|race_4|pid_3|age_5|EDUC4|ideo_3,False,500,LEGACY_CACHED_NO_F_MODEL_PROVENANCE,LEGACY_CACHED_NO_F_PROMPT_PROTOCOL_PROVENANCE,LEGACY_CACHED_NO_F_INFERENCE_CONFIG_HASH,,LEGACY_CACHED_NO_EFFECT_SPECIFIC_PANEL_PROVENANCE,,DEVELOPMENT_STALE_REQUIRES_REGENERATION_WITH_STUDY_SPECIFIC_F_PANEL,True,survey_experiment,True,True,attitude,1.0,5.0,4.0,True,True,0.2808809179312868,-0.28250000000000064,True,False,
FaheyS78,FaheyS78:cancel culture:hyp1,cancel culture,-3.3541666666666248,1.3635320185244604,,attitude,FaheyS78 effect-specific empirical human analytic respondent pretreatment demographic distribution (unweighted),FaheyS78 effect-specific empirical human analytic respondent pretreatment demographic distribution (unweighted),general_us_adult,True,False,False,True,study_effect_analytic_profile_distribution_unweighted_largest_remainder,GENDER|race_4|pid_3|age_5|EDUC4|ideo_3,False,500,LEGACY_CACHED_NO_F_MODEL_PROVENANCE,LEGACY_CACHED_NO_F_PROMPT_PROTOCOL_PROVENANCE,LEGACY_CACHED_NO_F_INFERENCE_CONFIG_HASH,,LEGACY_CACHED_NO_EFFECT_SPECIFIC_PANEL_PROVENANCE,,DEVELOPMENT_STALE_REQUIRES_REGENERATION_WITH_STUDY_SPECIFIC_F_PANEL,True,survey_experiment,True,True,attitude,1.0,5.0,4.0,True,True,0.054541280740978415,-0.134166666666665,True,False,
FarrowS6,FarrowS6:Disappointment:hyp1,Disappointment,2.5000000000000244,-0.8282276280150103,,attitude,FarrowS6 effect-specific empirical human analytic respondent pretreatment demographic distribution (unweighted),FarrowS6 effect-specific empirical human analytic respondent pretreatment demographic distribution (unweighted),general_us_adult,True,False,False,True,study_effect_analytic_profile_distribution_unweighted_largest_remainder,GENDER|race_4|pid_3|age_5|EDUC4|ideo_3,False,500,LEGACY_CACHED_NO_F_MODEL_PROVENANCE,LEGACY_CACHED_NO_F_PROMPT_PROTOCOL_PROVENANCE,LEGACY_CACHED_NO_F_INFERENCE_CONFIG_HASH,,LEGACY_CACHED_NO_EFFECT_SPECIFIC_PANEL_PROVENANCE,,DEVELOPMENT_STALE_REQUIRES_REGENERATION_WITH_STUDY_SPECIFIC_F_PANEL,True,survey_experiment,True,True,attitude,1.0,7.0,6.0,True,True,-0.049693657680900394,0.15000000000000124,True,False,
Haaland874,Haaland874:Affirmative action: Assistance:hyp1,Affirmative action: Assistance,1.749999999999996,-0.5047108617115104,,attitude,Haaland874 effect-specific empirical human analytic respondent pretreatment demographic distribution (unweighted),Haaland874 effect-specific empirical human analytic respondent pretreatment demographic distribution (unweighted),general_us_adult,True,False,False,True,study_effect_analytic_profile_distribution_unweighted_largest_remainder,GENDER|race_4|pid_3|age_5|EDUC4|ideo_3,False,500,LEGACY_CACHED_NO_F_MODEL_PROVENANCE,LEGACY_CACHED_NO_F_PROMPT_PROTOCOL_PROVENANCE,LEGACY_CACHED_NO_F_INFERENCE_CONFIG_HASH,,LEGACY_CACHED_NO_EFFECT_SPECIFIC_PANEL_PROVENANCE,,DEVELOPMENT_STALE_REQUIRES_REGENERATION_WITH_STUDY_SPECIFIC_F_PANEL,True,survey_experiment,True,True,attitude,1.0,5.0,4.0,True,True,-0.020188434468460414,0.06999999999999984,True,False,
Haaland874,Haaland874:Affirmative action: Preference:hyp1,Affirmative action: Preference,5.250000000000011,0.8480570471737559,,attitude,Haaland874 effect-specific empirical human analytic respondent pretreatment demographic distribution (unweighted),Haaland874 effect-specific empirical human analytic respondent pretreatment demographic distribution (unweighted),general_us_adult,True,False,False,True,study_effect_analytic_profile_distribution_unweighted_largest_remainder,GENDER|race_4|pid_3|age_5|EDUC4|ideo_3,False,500,LEGACY_CACHED_NO_F_MODEL_PROVENANCE,LEGACY_CACHED_NO_F_PROMPT_PROTOCOL_PROVENANCE,LEGACY_CACHED_NO_F_INFERENCE_CONFIG_HASH,,LEGACY_CACHED_NO_EFFECT_SPECIFIC_PANEL_PROVENANCE,,DEVELOPMENT_STALE_REQUIRES_REGENERATION_WITH_STUDY_SPECIFIC_F_PANEL,True,survey_experiment,True,True,attitude,1.0,5.0,4.0,True,True,0.033922281886950234,0.2100000000000004,True,False,
Haaland874,Haaland874:Racial Discrimination perception:hyp1,Racial Discrimination perception,2.2083333333332567,-4.2281006804610115,,attitude,Haaland874 effect-specific empirical human analytic respondent pretreatment demographic distribution (unweighted),Haaland874 effect-specific empirical human analytic respondent pretreatment demographic distribution (unweighted),general_us_adult,True,False,False,True,study_effect_analytic_profile_distribution_unweighted_largest_remainder,GENDER|race_4|pid_3|age_5|EDUC4|ideo_3,False,500,LEGACY_CACHED_NO_F_MODEL_PROVENANCE,LEGACY_CACHED_NO_F_PROMPT_PROTOCOL_PROVENANCE,LEGACY_CACHED_NO_F_INFERENCE_CONFIG_HASH,,LEGACY_CACHED_NO_EFFECT_SPECIFIC_PANEL_PROVENANCE,,DEVELOPMENT_STALE_REQUIRES_REGENERATION_WITH_STUDY_SPECIFIC_F_PANEL,True,survey_experiment,True,True,attitude,1.0,5.0,4.0,True,True,-0.16912402721844044,0.08833333333333027,True,False,
HankinsonS22,HankinsonS22:Clinic_support:hyp1,Clinic_support,3.9583333333332527,-10.619247699079503,,attitude,HankinsonS22 effect-specific empirical human analytic respondent pretreatment demographic distribution (unweighted),HankinsonS22 effect-specific empirical human analytic respondent pretreatment demographic distribution (unweighted),general_us_adult,True,False,False,True,study_effect_analytic_profile_distribution_unweighted_largest_remainder,GENDER|race_4|pid_3|age_5|EDUC4|ideo_3,False,500,LEGACY_CACHED_NO_F_MODEL_PROVENANCE,LEGACY_CACHED_NO_F_PROMPT_PROTOCOL_PROVENANCE,LEGACY_CACHED_NO_F_INFERENCE_CONFIG_HASH,,LEGACY_CACHED_NO_EFFECT_SPECIFIC_PANEL_PROVENANCE,,DEVELOPMENT_STALE_REQUIRES_REGENERATION_WITH_STUDY_SPECIFIC_F_PANEL,True,survey_experiment,True,True,attitude,1.0,5.0,4.0,True,True,-0.42476990796318015,0.1583333333333301,True,False,
Howard823,Howard823:Willingness_to_spend_on_optional_expense:hyp1,Willingness_to_spend_on_optional_expense [hyp1],5.599999999999994,-1.2287409360579982,,attitude,Howard823 effect-specific empirical human analytic respondent pretreatment demographic distribution (unweighted),Howard823 effect-specific empirical human analytic respondent pretreatment demographic distribution (unweighted),general_us_adult,True,False,False,True,study_effect_analytic_profile_distribution_unweighted_largest_remainder,GENDER|race_4|pid_3|age_5|EDUC4|ideo_3,False,500,LEGACY_CACHED_NO_F_MODEL_PROVENANCE,LEGACY_CACHED_NO_F_PROMPT_PROTOCOL_PROVENANCE,LEGACY_CACHED_NO_F_INFERENCE_CONFIG_HASH,,LEGACY_CACHED_NO_EFFECT_SPECIFIC_PANEL_PROVENANCE,,DEVELOPMENT_STALE_REQUIRES_REGENERATION_WITH_STUDY_SPECIFIC_F_PANEL,True,survey_experiment,True,True,attitude,1.0,11.0,10.0,True,True,-0.12287409360579993,0.5599999999999996,True,False,
Howard823,Howard823:Willingness_to_spend_on_optional_expense:hyp2,Willingness_to_spend_on_optional_expense [hyp2],4.633333333333289,1.2555419079371022,,attitude,Howard823 effect-specific empirical human analytic respondent pretreatment demographic distribution (unweighted),Howard823 effect-specific empirical human analytic respondent pretreatment demographic distribution (unweighted),general_us_adult,True,False,False,True,study_effect_analytic_profile_distribution_unweighted_largest_remainder,GENDER|race_4|pid_3|age_5|EDUC4|ideo_3,False,500,LEGACY_CACHED_NO_F_MODEL_PROVENANCE,LEGACY_CACHED_NO_F_PROMPT_PROTOCOL_PROVENANCE,LEGACY_CACHED_NO_F_INFERENCE_CONFIG_HASH,,LEGACY_CACHED_NO_EFFECT_SPECIFIC_PANEL_PROVENANCE,,DEVELOPMENT_STALE_REQUIRES_REGENERATION_WITH_STUDY_SPECIFIC_F_PANEL,True,survey_experiment,True,True,attitude,1.0,11.0,10.0,True,True,0.12555419079370989,0.4633333333333294,True,False,
Howard823,Howard823:financial_slack:hyp1,financial_slack [hyp1],-1.5277777777776613,-1.7592100798181631,,attitude,Howard823 effect-specific empirical human analytic respondent pretreatment demographic distribution (unweighted),Howard823 effect-specific empirical human analytic respondent pretreatment demographic distribution (unweighted),general_us_adult,True,False,False,True,study_effect_analytic_profile_distribution_unweighted_largest_remainder,GENDER|race_4|pid_3|age_5|EDUC4|ideo_3,False,500,LEGACY_CACHED_NO_F_MODEL_PROVENANCE,LEGACY_CACHED_NO_F_PROMPT_PROTOCOL_PROVENANCE,LEGACY_CACHED_NO_F_INFERENCE_CONFIG_HASH,,LEGACY_CACHED_NO_EFFECT_SPECIFIC_PANEL_PROVENANCE,,DEVELOPMENT_STALE_REQUIRES_REGENERATION_WITH_STUDY_SPECIFIC_F_PANEL,True,survey_experiment,True,True,attitude,1.0,7.0,6.0,True,True,-0.10555260478908979,-0.09166666666665968,True,False,
Howard823,Howard823:financial_slack:hyp2,financial_slack [hyp2],-2.1666666666666554,0.1863215310104971,,attitude,Howard823 effect-specific empirical human analytic respondent pretreatment demographic distribution (unweighted),Howard823 effect-specific empirical human analytic respondent pretreatment demographic distribution (unweighted),general_us_adult,True,False,False,True,study_effect_analytic_profile_distribution_unweighted_largest_remainder,GENDER|race_4|pid_3|age_5|EDUC4|ideo_3,False,500,LEGACY_CACHED_NO_F_MODEL_PROVENANCE,LEGACY_CACHED_NO_F_PROMPT_PROTOCOL_PROVENANCE,LEGACY_CACHED_NO_F_INFERENCE_CONFIG_HASH,,LEGACY_CACHED_NO_EFFECT_SPECIFIC_PANEL_PROVENANCE,,DEVELOPMENT_STALE_REQUIRES_REGENERATION_WITH_STUDY_SPECIFIC_F_PANEL,True,survey_experiment,True,True,attitude,1.0,7.0,6.0,True,True,0.011179291860629714,-0.12999999999999945,True,False,
Howard823,Howard823:predictedexpense_nextweek:hyp1,predictedexpense_nextweek,,,,,Howard823 effect-specific empirical human analytic respondent pretreatment demographic distribution (unweighted),Howard823 effect-specific empirical human analytic respondent pretreatment demographic distribution (unweighted),general_us_adult,True,False,False,True,study_effect_analytic_profile_distribution_unweighted_largest_remainder,GENDER|race_4|pid_3|age_5|EDUC4|ideo_3,False,500,LEGACY_CACHED_NO_F_MODEL_PROVENANCE,LEGACY_CACHED_NO_F_PROMPT_PROTOCOL_PROVENANCE,LEGACY_CACHED_NO_F_INFERENCE_CONFIG_HASH,,LEGACY_CACHED_NO_EFFECT_SPECIFIC_PANEL_PROVENANCE,,DEVELOPMENT_STALE_REQUIRES_REGENERATION_WITH_STUDY_SPECIFIC_F_PANEL,True,survey_experiment,True,True,,,,,False,True,,,False,False,no_llm_match
Howard823,Howard823:predictedexpense_nextweek:hyp2,predictedexpense_nextweek,,,,,Howard823 effect-specific empirical human analytic respondent pretreatment demographic distribution (unweighted),Howard823 effect-specific empirical human analytic respondent pretreatment demographic distribution (unweighted),general_us_adult,True,False,False,True,study_effect_analytic_profile_distribution_unweighted_largest_remainder,GENDER|race_4|pid_3|age_5|EDUC4|ideo_3,False,500,LEGACY_CACHED_NO_F_MODEL_PROVENANCE,LEGACY_CACHED_NO_F_PROMPT_PROTOCOL_PROVENANCE,LEGACY_CACHED_NO_F_INFERENCE_CONFIG_HASH,,LEGACY_CACHED_NO_EFFECT_SPECIFIC_PANEL_PROVENANCE,,DEVELOPMENT_STALE_REQUIRES_REGENERATION_WITH_STUDY_SPECIFIC_F_PANEL,True,survey_experiment,True,True,,,,,False,True,,,False,False,no_llm_match
Iles1294,Iles1294:Confusing:hyp1,Confusing [hyp1],7.504629629629611,0.7439034237726072,,attitude,Iles1294 effect-specific empirical human analytic respondent pretreatment demographic distribution (unweighted),Iles1294 effect-specific empirical human analytic respondent pretreatment demographic distribution (unweighted),general_us_adult,True,False,False,True,study_effect_analytic_profile_distribution_unweighted_largest_remainder,GENDER|race_4|pid_3|age_5|EDUC4|ideo_3,False,500,LEGACY_CACHED_NO_F_MODEL_PROVENANCE,LEGACY_CACHED_NO_F_PROMPT_PROTOCOL_PROVENANCE,LEGACY_CACHED_NO_F_INFERENCE_CONFIG_HASH,,LEGACY_CACHED_NO_EFFECT_SPECIFIC_PANEL_PROVENANCE,,DEVELOPMENT_STALE_REQUIRES_REGENERATION_WITH_STUDY_SPECIFIC_F_PANEL,True,survey_experiment,True,True,attitude,1.0,7.0,6.0,True,True,0.044634205426356655,0.4502777777777762,True,False,
Iles1294,Iles1294:Confusing:hyp2,Confusing [hyp2],1.0000000000000009,-2.8215223097112716,,attitude,Iles1294 effect-specific empirical human analytic respondent pretreatment demographic distribution (unweighted),Iles1294 effect-specific empirical human analytic respondent pretreatment demographic distribution (unweighted),general_us_adult,True,False,False,True,study_effect_analytic_profile_distribution_unweighted_largest_remainder,GENDER|race_4|pid_3|age_5|EDUC4|ideo_3,False,500,LEGACY_CACHED_NO_F_MODEL_PROVENANCE,LEGACY_CACHED_NO_F_PROMPT_PROTOCOL_PROVENANCE,LEGACY_CACHED_NO_F_INFERENCE_CONFIG_HASH,,LEGACY_CACHED_NO_EFFECT_SPECIFIC_PANEL_PROVENANCE,,DEVELOPMENT_STALE_REQUIRES_REGENERATION_WITH_STUDY_SPECIFIC_F_PANEL,True,survey_experiment,True,True,attitude,1.0,7.0,6.0,True,True,-0.16929133858267642,0.05999999999999961,True,False,
Iles1294,Iles1294:Confusing:hyp3,Confusing [hyp3],-1.8888888888888289,-2.2476277003836307,,attitude,Iles1294 effect-specific empirical human analytic respondent pretreatment demographic distribution (unweighted),Iles1294 effect-specific empirical human analytic respondent pretreatment demographic distribution (unweighted),general_us_adult,True,False,False,True,study_effect_analytic_profile_distribution_unweighted_largest_remainder,GENDER|race_4|pid_3|age_5|EDUC4|ideo_3,False,500,LEGACY_CACHED_NO_F_MODEL_PROVENANCE,LEGACY_CACHED_NO_F_PROMPT_PROTOCOL_PROVENANCE,LEGACY_CACHED_NO_F_INFERENCE_CONFIG_HASH,,LEGACY_CACHED_NO_EFFECT_SPECIFIC_PANEL_PROVENANCE,,DEVELOPMENT_STALE_REQUIRES_REGENERATION_WITH_STUDY_SPECIFIC_F_PANEL,True,survey_experiment,True,True,attitude,1.0,7.0,6.0,True,True,-0.13485766202301797,-0.11333333333332973,True,False,
Iles1294,Iles1294:Frustrated:hyp1,Frustrated [hyp1],22.180555555555625,1.5927810077519589,,attitude,Iles1294 effect-specific empirical human analytic respondent pretreatment demographic distribution (unweighted),Iles1294 effect-specific empirical human analytic respondent pretreatment demographic distribution (unweighted),general_us_adult,True,False,False,True,study_effect_analytic_profile_distribution_unweighted_largest_remainder,GENDER|race_4|pid_3|age_5|EDUC4|ideo_3,False,500,LEGACY_CACHED_NO_F_MODEL_PROVENANCE,LEGACY_CACHED_NO_F_PROMPT_PROTOCOL_PROVENANCE,LEGACY_CACHED_NO_F_INFERENCE_CONFIG_HASH,,LEGACY_CACHED_NO_EFFECT_SPECIFIC_PANEL_PROVENANCE,,DEVELOPMENT_STALE_REQUIRES_REGENERATION_WITH_STUDY_SPECIFIC_F_PANEL,True,survey_experiment,True,True,attitude,1.0,5.0,4.0,True,True,0.06371124031007835,0.887222222222225,True,False,
Iles1294,Iles1294:Frustrated:hyp2,Frustrated [hyp2],8.375,3.1496062992126097,,attitude,Iles1294 effect-specific empirical human analytic respondent pretreatment demographic distribution (unweighted),Iles1294 effect-specific empirical human analytic respondent pretreatment demographic distribution (unweighted),general_us_adult,True,False,False,True,study_effect_analytic_profile_distribution_unweighted_largest_remainder,GENDER|race_4|pid_3|age_5|EDUC4|ideo_3,False,500,LEGACY_CACHED_NO_F_MODEL_PROVENANCE,LEGACY_CACHED_NO_F_PROMPT_PROTOCOL_PROVENANCE,LEGACY_CACHED_NO_F_INFERENCE_CONFIG_HASH,,LEGACY_CACHED_NO_EFFECT_SPECIFIC_PANEL_PROVENANCE,,DEVELOPMENT_STALE_REQUIRES_REGENERATION_WITH_STUDY_SPECIFIC_F_PANEL,True,survey_experiment,True,True,attitude,1.0,5.0,4.0,True,True,0.12598425196850438,0.33499999999999996,True,False,
Iles1294,Iles1294:Frustrated:hyp3,Frustrated [hyp3],-3.916666666666635,-1.3022410660205264,,attitude,Iles1294 effect-specific empirical human analytic respondent pretreatment demographic distribution (unweighted),Iles1294 effect-specific empirical human analytic respondent pretreatment demographic distribution (unweighted),general_us_adult,True,False,False,True,study_effect_analytic_profile_distribution_unweighted_largest_remainder,GENDER|race_4|pid_3|age_5|EDUC4|ideo_3,False,500,LEGACY_CACHED_NO_F_MODEL_PROVENANCE,LEGACY_CACHED_NO_F_PROMPT_PROTOCOL_PROVENANCE,LEGACY_CACHED_NO_F_INFERENCE_CONFIG_HASH,,LEGACY_CACHED_NO_EFFECT_SPECIFIC_PANEL_PROVENANCE,,DEVELOPMENT_STALE_REQUIRES_REGENERATION_WITH_STUDY_SPECIFIC_F_PANEL,True,survey_experiment,True,True,attitude,1.0,5.0,4.0,True,True,-0.052089642640821054,-0.1566666666666654,True,False,
Iles1294,Iles1294:collaborative:hyp1,collaborative [hyp1],-5.8240740740740815,-5.046656115697767,,attitude,Iles1294 effect-specific empirical human analytic respondent pretreatment demographic distribution (unweighted),Iles1294 effect-specific empirical human analytic respondent pretreatment demographic distribution (unweighted),general_us_adult,True,False,False,True,study_effect_analytic_profile_distribution_unweighted_largest_remainder,GENDER|race_4|pid_3|age_5|EDUC4|ideo_3,False,500,LEGACY_CACHED_NO_F_MODEL_PROVENANCE,LEGACY_CACHED_NO_F_PROMPT_PROTOCOL_PROVENANCE,LEGACY_CACHED_NO_F_INFERENCE_CONFIG_HASH,,LEGACY_CACHED_NO_EFFECT_SPECIFIC_PANEL_PROVENANCE,,DEVELOPMENT_STALE_REQUIRES_REGENERATION_WITH_STUDY_SPECIFIC_F_PANEL,True,survey_experiment,True,True,attitude,1.0,7.0,6.0,True,True,-0.3027993669418656,-0.3494444444444449,True,False,
Iles1294,Iles1294:collaborative:hyp2,collaborative [hyp2],-2.1111111111110636,-1.7358859554320372,,attitude,Iles1294 effect-specific empirical human analytic respondent pretreatment demographic distribution (unweighted),Iles1294 effect-specific empirical human analytic respondent pretreatment demographic distribution (unweighted),general_us_adult,True,False,False,True,study_effect_analytic_profile_distribution_unweighted_largest_remainder,GENDER|race_4|pid_3|age_5|EDUC4|ideo_3,False,500,LEGACY_CACHED_NO_F_MODEL_PROVENANCE,LEGACY_CACHED_NO_F_PROMPT_PROTOCOL_PROVENANCE,LEGACY_CACHED_NO_F_INFERENCE_CONFIG_HASH,,LEGACY_CACHED_NO_EFFECT_SPECIFIC_PANEL_PROVENANCE,,DEVELOPMENT_STALE_REQUIRES_REGENERATION_WITH_STUDY_SPECIFIC_F_PANEL,True,survey_experiment,True,True,attitude,1.0,7.0,6.0,True,True,-0.10415315732592223,-0.12666666666666426,True,False,
Iles1294,Iles1294:collaborative:hyp3,collaborative [hyp3],-0.49999999999992273,-2.5227135069653794,,attitude,Iles1294 effect-specific empirical human analytic respondent pretreatment demographic distribution (unweighted),Iles1294 effect-specific empirical human analytic respondent pretreatment demographic distribution (unweighted),general_us_adult,True,False,False,True,study_effect_analytic_profile_distribution_unweighted_largest_remainder,GENDER|race_4|pid_3|age_5|EDUC4|ideo_3,False,500,LEGACY_CACHED_NO_F_MODEL_PROVENANCE,LEGACY_CACHED_NO_F_PROMPT_PROTOCOL_PROVENANCE,LEGACY_CACHED_NO_F_INFERENCE_CONFIG_HASH,,LEGACY_CACHED_NO_EFFECT_SPECIFIC_PANEL_PROVENANCE,,DEVELOPMENT_STALE_REQUIRES_REGENERATION_WITH_STUDY_SPECIFIC_F_PANEL,True,survey_experiment,True,True,attitude,1.0,7.0,6.0,True,True,-0.15136281041792277,-0.029999999999995808,True,False,
Kennedy1017,Kennedy1017:Family_approval:hyp1,Family_approval [hyp1],0.9833333333332916,1.1214316314211104,,attitude,Kennedy1017 effect-specific empirical human analytic respondent pretreatment demographic distribution (unweighted),Kennedy1017 effect-specific empirical human analytic respondent pretreatment demographic distribution (unweighted),general_us_adult,True,False,False,True,study_effect_analytic_profile_distribution_unweighted_largest_remainder,GENDER|race_4|pid_3|age_5|EDUC4|ideo_3,False,500,LEGACY_CACHED_NO_F_MODEL_PROVENANCE,LEGACY_CACHED_NO_F_PROMPT_PROTOCOL_PROVENANCE,LEGACY_CACHED_NO_F_INFERENCE_CONFIG_HASH,,LEGACY_CACHED_NO_EFFECT_SPECIFIC_PANEL_PROVENANCE,,DEVELOPMENT_STALE_REQUIRES_REGENERATION_WITH_STUDY_SPECIFIC_F_PANEL,True,survey_experiment,True,True,attitude,1.0,11.0,10.0,True,True,0.11214316314211104,0.09833333333332916,True,False,
Kennedy1017,Kennedy1017:Family_approval:hyp2,Family_approval [hyp2],13.541666666666641,5.027949595735615,,attitude,Kennedy1017 effect-specific empirical human analytic respondent pretreatment demographic distribution (unweighted),Kennedy1017 effect-specific empirical human analytic respondent pretreatment demographic distribution (unweighted),general_us_adult,True,False,False,True,study_effect_analytic_profile_distribution_unweighted_largest_remainder,GENDER|race_4|pid_3|age_5|EDUC4|ideo_3,False,500,LEGACY_CACHED_NO_F_MODEL_PROVENANCE,LEGACY_CACHED_NO_F_PROMPT_PROTOCOL_PROVENANCE,LEGACY_CACHED_NO_F_INFERENCE_CONFIG_HASH,,LEGACY_CACHED_NO_EFFECT_SPECIFIC_PANEL_PROVENANCE,,DEVELOPMENT_STALE_REQUIRES_REGENERATION_WITH_STUDY_SPECIFIC_F_PANEL,True,survey_experiment,True,True,attitude,1.0,11.0,10.0,True,True,0.5027949595735617,1.3541666666666634,True,False,
Kennedy1017,Kennedy1017:Family_friends:hyp1,Family_friends [hyp1],-0.01666666666660932,0.27249515759809606,,attitude,Kennedy1017 effect-specific empirical human analytic respondent pretreatment demographic distribution (unweighted),Kennedy1017 effect-specific empirical human analytic respondent pretreatment demographic distribution (unweighted),general_us_adult,True,False,False,True,study_effect_analytic_profile_distribution_unweighted_largest_remainder,GENDER|race_4|pid_3|age_5|EDUC4|ideo_3,False,500,LEGACY_CACHED_NO_F_MODEL_PROVENANCE,LEGACY_CACHED_NO_F_PROMPT_PROTOCOL_PROVENANCE,LEGACY_CACHED_NO_F_INFERENCE_CONFIG_HASH,,LEGACY_CACHED_NO_EFFECT_SPECIFIC_PANEL_PROVENANCE,,DEVELOPMENT_STALE_REQUIRES_REGENERATION_WITH_STUDY_SPECIFIC_F_PANEL,True,survey_experiment,True,True,attitude,1.0,11.0,10.0,True,True,0.027249515759809384,-0.00166666666666071,True,False,
Kennedy1017,Kennedy1017:Family_friends:hyp2,Family_friends [hyp2],4.300000000000004,5.909494900894474,,attitude,Kennedy1017 effect-specific empirical human analytic respondent pretreatment demographic distribution (unweighted),Kennedy1017 effect-specific empirical human analytic respondent pretreatment demographic distribution (unweighted),general_us_adult,True,False,False,True,study_effect_analytic_profile_distribution_unweighted_largest_remainder,GENDER|race_4|pid_3|age_5|EDUC4|ideo_3,False,500,LEGACY_CACHED_NO_F_MODEL_PROVENANCE,LEGACY_CACHED_NO_F_PROMPT_PROTOCOL_PROVENANCE,LEGACY_CACHED_NO_F_INFERENCE_CONFIG_HASH,,LEGACY_CACHED_NO_EFFECT_SPECIFIC_PANEL_PROVENANCE,,DEVELOPMENT_STALE_REQUIRES_REGENERATION_WITH_STUDY_SPECIFIC_F_PANEL,True,survey_experiment,True,True,attitude,1.0,11.0,10.0,True,True,0.5909494900894474,0.4300000000000006,True,False,
Kennedy1017,Kennedy1017:Family_knowledge:hyp1,Family_knowledge [hyp1],12.050000000000004,6.742132970543002,,attitude,Kennedy1017 effect-specific empirical human analytic respondent pretreatment demographic distribution (unweighted),Kennedy1017 effect-specific empirical human analytic respondent pretreatment demographic distribution (unweighted),general_us_adult,True,False,False,True,study_effect_analytic_profile_distribution_unweighted_largest_remainder,GENDER|race_4|pid_3|age_5|EDUC4|ideo_3,False,500,LEGACY_CACHED_NO_F_MODEL_PROVENANCE,LEGACY_CACHED_NO_F_PROMPT_PROTOCOL_PROVENANCE,LEGACY_CACHED_NO_F_INFERENCE_CONFIG_HASH,,LEGACY_CACHED_NO_EFFECT_SPECIFIC_PANEL_PROVENANCE,,DEVELOPMENT_STALE_REQUIRES_REGENERATION_WITH_STUDY_SPECIFIC_F_PANEL,True,survey_experiment,True,True,attitude,1.0,11.0,10.0,True,True,0.6742132970543002,1.205,True,False,
Kennedy1017,Kennedy1017:Family_knowledge:hyp2,Family_knowledge [hyp2],5.7416666666666565,6.178358411195594,,attitude,Kennedy1017 effect-specific empirical human analytic respondent pretreatment demographic distribution (unweighted),Kennedy1017 effect-specific empirical human analytic respondent pretreatment demographic distribution (unweighted),general_us_adult,True,False,False,True,study_effect_analytic_profile_distribution_unweighted_largest_remainder,GENDER|race_4|pid_3|age_5|EDUC4|ideo_3,False,500,LEGACY_CACHED_NO_F_MODEL_PROVENANCE,LEGACY_CACHED_NO_F_PROMPT_PROTOCOL_PROVENANCE,LEGACY_CACHED_NO_F_INFERENCE_CONFIG_HASH,,LEGACY_CACHED_NO_EFFECT_SPECIFIC_PANEL_PROVENANCE,,DEVELOPMENT_STALE_REQUIRES_REGENERATION_WITH_STUDY_SPECIFIC_F_PANEL,True,survey_experiment,True,True,attitude,1.0,11.0,10.0,True,True,0.6178358411195601,0.5741666666666658,True,False,
KlarS44,KlarS44:efficacy:hyp1,efficacy [hyp1],-0.9444444444445033,-2.081202893610673,,attitude,KlarS44 effect-specific empirical human analytic respondent pretreatment demographic distribution (unweighted),KlarS44 effect-specific empirical human analytic respondent pretreatment demographic distribution (unweighted),general_us_adult,True,False,False,True,study_effect_analytic_profile_distribution_unweighted_largest_remainder,GENDER|race_4|pid_3|age_5|EDUC4|ideo_3,False,500,LEGACY_CACHED_NO_F_MODEL_PROVENANCE,LEGACY_CACHED_NO_F_PROMPT_PROTOCOL_PROVENANCE,LEGACY_CACHED_NO_F_INFERENCE_CONFIG_HASH,,LEGACY_CACHED_NO_EFFECT_SPECIFIC_PANEL_PROVENANCE,,DEVELOPMENT_STALE_REQUIRES_REGENERATION_WITH_STUDY_SPECIFIC_F_PANEL,True,survey_experiment,True,True,attitude,1.0,7.0,6.0,True,True,-0.12487217361664049,-0.056666666666670196,True,False,
KlarS44,KlarS44:efficacy:hyp2,efficacy [hyp2],1.416666666666666,-2.3761854583773445,,attitude,KlarS44 effect-specific empirical human analytic respondent pretreatment demographic distribution (unweighted),KlarS44 effect-specific empirical human analytic respondent pretreatment demographic distribution (unweighted),general_us_adult,True,False,False,True,study_effect_analytic_profile_distribution_unweighted_largest_remainder,GENDER|race_4|pid_3|age_5|EDUC4|ideo_3,False,500,LEGACY_CACHED_NO_F_MODEL_PROVENANCE,LEGACY_CACHED_NO_F_PROMPT_PROTOCOL_PROVENANCE,LEGACY_CACHED_NO_F_INFERENCE_CONFIG_HASH,,LEGACY_CACHED_NO_EFFECT_SPECIFIC_PANEL_PROVENANCE,,DEVELOPMENT_STALE_REQUIRES_REGENERATION_WITH_STUDY_SPECIFIC_F_PANEL,True,survey_experiment,True,True,attitude,1.0,7.0,6.0,True,True,-0.14257112750264067,0.08499999999999996,True,False,
KlarS44,KlarS44:importance:hyp1,importance [hyp1],-0.041666666666495544,-0.5781333802627353,,attitude,KlarS44 effect-specific empirical human analytic respondent pretreatment demographic distribution (unweighted),KlarS44 effect-specific empirical human analytic respondent pretreatment demographic distribution (unweighted),general_us_adult,True,False,False,True,study_effect_analytic_profile_distribution_unweighted_largest_remainder,GENDER|race_4|pid_3|age_5|EDUC4|ideo_3,False,500,LEGACY_CACHED_NO_F_MODEL_PROVENANCE,LEGACY_CACHED_NO_F_PROMPT_PROTOCOL_PROVENANCE,LEGACY_CACHED_NO_F_INFERENCE_CONFIG_HASH,,LEGACY_CACHED_NO_EFFECT_SPECIFIC_PANEL_PROVENANCE,,DEVELOPMENT_STALE_REQUIRES_REGENERATION_WITH_STUDY_SPECIFIC_F_PANEL,True,survey_experiment,True,True,attitude,1.0,5.0,4.0,True,True,-0.023125335210509412,-0.0016666666666598218,True,False,
KlarS44,KlarS44:importance:hyp2,importance [hyp2],1.583333333333492,-1.6411496548937476,,attitude,KlarS44 effect-specific empirical human analytic respondent pretreatment demographic distribution (unweighted),KlarS44 effect-specific empirical human analytic respondent pretreatment demographic distribution (unweighted),general_us_adult,True,False,False,True,study_effect_analytic_profile_distribution_unweighted_largest_remainder,GENDER|race_4|pid_3|age_5|EDUC4|ideo_3,False,500,LEGACY_CACHED_NO_F_MODEL_PROVENANCE,LEGACY_CACHED_NO_F_PROMPT_PROTOCOL_PROVENANCE,LEGACY_CACHED_NO_F_INFERENCE_CONFIG_HASH,,LEGACY_CACHED_NO_EFFECT_SPECIFIC_PANEL_PROVENANCE,,DEVELOPMENT_STALE_REQUIRES_REGENERATION_WITH_STUDY_SPECIFIC_F_PANEL,True,survey_experiment,True,True,attitude,1.0,5.0,4.0,True,True,-0.0656459861957499,0.06333333333333968,True,False,
KlarS44,KlarS44:support_candidate:hyp1,support_candidate [hyp1],-0.5833333333332469,-3.3731482647195055,,attitude,KlarS44 effect-specific empirical human analytic respondent pretreatment demographic distribution (unweighted),KlarS44 effect-specific empirical human analytic respondent pretreatment demographic distribution (unweighted),general_us_adult,True,False,False,True,study_effect_analytic_profile_distribution_unweighted_largest_remainder,GENDER|race_4|pid_3|age_5|EDUC4|ideo_3,False,500,LEGACY_CACHED_NO_F_MODEL_PROVENANCE,LEGACY_CACHED_NO_F_PROMPT_PROTOCOL_PROVENANCE,LEGACY_CACHED_NO_F_INFERENCE_CONFIG_HASH,,LEGACY_CACHED_NO_EFFECT_SPECIFIC_PANEL_PROVENANCE,,DEVELOPMENT_STALE_REQUIRES_REGENERATION_WITH_STUDY_SPECIFIC_F_PANEL,True,survey_experiment,True,True,attitude,1.0,5.0,4.0,True,True,-0.13492593058878022,-0.023333333333329875,True,False,
KlarS44,KlarS44:support_candidate:hyp2,support_candidate [hyp2],1.791666666666747,-0.5162190442972503,,attitude,KlarS44 effect-specific empirical human analytic respondent pretreatment demographic distribution (unweighted),KlarS44 effect-specific empirical human analytic respondent pretreatment demographic distribution (unweighted),general_us_adult,True,False,False,True,study_effect_analytic_profile_distribution_unweighted_largest_remainder,GENDER|race_4|pid_3|age_5|EDUC4|ideo_3,False,500,LEGACY_CACHED_NO_F_MODEL_PROVENANCE,LEGACY_CACHED_NO_F_PROMPT_PROTOCOL_PROVENANCE,LEGACY_CACHED_NO_F_INFERENCE_CONFIG_HASH,,LEGACY_CACHED_NO_EFFECT_SPECIFIC_PANEL_PROVENANCE,,DEVELOPMENT_STALE_REQUIRES_REGENERATION_WITH_STUDY_SPECIFIC_F_PANEL,True,survey_experiment,True,True,attitude,1.0,5.0,4.0,True,True,-0.020648761771890012,0.07166666666666988,True,False,
McGinty730,McGinty730:social_stigma:hyp1,social_stigma [hyp1],13.66666666666675,-0.7689075630250009,,attitude,McGinty730 effect-specific empirical human analytic respondent pretreatment demographic distribution (unweighted),McGinty730 effect-specific empirical human analytic respondent pretreatment demographic distribution (unweighted),general_us_adult,True,False,False,True,study_effect_analytic_profile_distribution_unweighted_largest_remainder,GENDER|race_4|pid_3|age_5|EDUC4|ideo_3,False,500,LEGACY_CACHED_NO_F_MODEL_PROVENANCE,LEGACY_CACHED_NO_F_PROMPT_PROTOCOL_PROVENANCE,LEGACY_CACHED_NO_F_INFERENCE_CONFIG_HASH,,LEGACY_CACHED_NO_EFFECT_SPECIFIC_PANEL_PROVENANCE,,DEVELOPMENT_STALE_REQUIRES_REGENERATION_WITH_STUDY_SPECIFIC_F_PANEL,True,survey_experiment,True,True,attitude,1.0,5.0,4.0,True,True,-0.030756302521000034,0.54666666666667,True,False,
McGinty730,McGinty730:social_stigma:hyp2,social_stigma [hyp2],4.6041666666667425,3.9735044159308064,,attitude,McGinty730 effect-specific empirical human analytic respondent pretreatment demographic distribution (unweighted),McGinty730 effect-specific empirical human analytic respondent pretreatment demographic distribution (unweighted),general_us_adult,True,False,False,True,study_effect_analytic_profile_distribution_unweighted_largest_remainder,GENDER|race_4|pid_3|age_5|EDUC4|ideo_3,False,500,LEGACY_CACHED_NO_F_MODEL_PROVENANCE,LEGACY_CACHED_NO_F_PROMPT_PROTOCOL_PROVENANCE,LEGACY_CACHED_NO_F_INFERENCE_CONFIG_HASH,,LEGACY_CACHED_NO_EFFECT_SPECIFIC_PANEL_PROVENANCE,,DEVELOPMENT_STALE_REQUIRES_REGENERATION_WITH_STUDY_SPECIFIC_F_PANEL,True,survey_experiment,True,True,attitude,1.0,5.0,4.0,True,True,0.15894017663723226,0.1841666666666697,True,False,
McGinty730,McGinty730:social_stigma:hyp3,social_stigma [hyp3],-19.77083333333337,6.669897185235163,,attitude,McGinty730 effect-specific empirical human analytic respondent pretreatment demographic distribution (unweighted),McGinty730 effect-specific empirical human analytic respondent pretreatment demographic distribution (unweighted),general_us_adult,True,False,False,True,study_effect_analytic_profile_distribution_unweighted_largest_remainder,GENDER|race_4|pid_3|age_5|EDUC4|ideo_3,False,500,LEGACY_CACHED_NO_F_MODEL_PROVENANCE,LEGACY_CACHED_NO_F_PROMPT_PROTOCOL_PROVENANCE,LEGACY_CACHED_NO_F_INFERENCE_CONFIG_HASH,,LEGACY_CACHED_NO_EFFECT_SPECIFIC_PANEL_PROVENANCE,,DEVELOPMENT_STALE_REQUIRES_REGENERATION_WITH_STUDY_SPECIFIC_F_PANEL,True,survey_experiment,True,True,attitude,1.0,5.0,4.0,True,True,0.2667958874094065,-0.7908333333333348,True,False,
McGinty730,McGinty730:social_stigma:hyp4,social_stigma [hyp4],-27.791666666666636,9.045535569599906,,attitude,McGinty730 effect-specific empirical human analytic respondent pretreatment demographic distribution (unweighted),McGinty730 effect-specific empirical human analytic respondent pretreatment demographic distribution (unweighted),general_us_adult,True,False,False,True,study_effect_analytic_profile_distribution_unweighted_largest_remainder,GENDER|race_4|pid_3|age_5|EDUC4|ideo_3,False,500,LEGACY_CACHED_NO_F_MODEL_PROVENANCE,LEGACY_CACHED_NO_F_PROMPT_PROTOCOL_PROVENANCE,LEGACY_CACHED_NO_F_INFERENCE_CONFIG_HASH,,LEGACY_CACHED_NO_EFFECT_SPECIFIC_PANEL_PROVENANCE,,DEVELOPMENT_STALE_REQUIRES_REGENERATION_WITH_STUDY_SPECIFIC_F_PANEL,True,survey_experiment,True,True,attitude,1.0,5.0,4.0,True,True,0.3618214227839962,-1.1116666666666655,True,False,
McGinty730,McGinty730:treatment_support:hyp1,treatment_support [hyp1],5.833333333333246,-3.4417679095100073,,attitude,McGinty730 effect-specific empirical human analytic respondent pretreatment demographic distribution (unweighted),McGinty730 effect-specific empirical human analytic respondent pretreatment demographic distribution (unweighted),general_us_adult,True,False,False,True,study_effect_analytic_profile_distribution_unweighted_largest_remainder,GENDER|race_4|pid_3|age_5|EDUC4|ideo_3,False,500,LEGACY_CACHED_NO_F_MODEL_PROVENANCE,LEGACY_CACHED_NO_F_PROMPT_PROTOCOL_PROVENANCE,LEGACY_CACHED_NO_F_INFERENCE_CONFIG_HASH,,LEGACY_CACHED_NO_EFFECT_SPECIFIC_PANEL_PROVENANCE,,DEVELOPMENT_STALE_REQUIRES_REGENERATION_WITH_STUDY_SPECIFIC_F_PANEL,True,survey_experiment,True,True,attitude,1.0,5.0,4.0,True,True,-0.1376707163804003,0.23333333333332984,True,False,
McGinty730,McGinty730:treatment_support:hyp2,treatment_support [hyp2],6.437499999999874,-4.879393664037002,,attitude,McGinty730 effect-specific empirical human analytic respondent pretreatment demographic distribution (unweighted),McGinty730 effect-specific empirical human analytic respondent pretreatment demographic distribution (unweighted),general_us_adult,True,False,False,True,study_effect_analytic_profile_distribution_unweighted_largest_remainder,GENDER|race_4|pid_3|age_5|EDUC4|ideo_3,False,500,LEGACY_CACHED_NO_F_MODEL_PROVENANCE,LEGACY_CACHED_NO_F_PROMPT_PROTOCOL_PROVENANCE,LEGACY_CACHED_NO_F_INFERENCE_CONFIG_HASH,,LEGACY_CACHED_NO_EFFECT_SPECIFIC_PANEL_PROVENANCE,,DEVELOPMENT_STALE_REQUIRES_REGENERATION_WITH_STUDY_SPECIFIC_F_PANEL,True,survey_experiment,True,True,attitude,1.0,5.0,4.0,True,True,-0.19517574656148007,0.25749999999999496,True,False,
McGinty730,McGinty730:treatment_support:hyp3,treatment_support [hyp3],9.624999999999883,-4.822313290055346,,attitude,McGinty730 effect-specific empirical human analytic respondent pretreatment demographic distribution (unweighted),McGinty730 effect-specific empirical human analytic respondent pretreatment demographic distribution (unweighted),general_us_adult,True,False,False,True,study_effect_analytic_profile_distribution_unweighted_largest_remainder,GENDER|race_4|pid_3|age_5|EDUC4|ideo_3,False,500,LEGACY_CACHED_NO_F_MODEL_PROVENANCE,LEGACY_CACHED_NO_F_PROMPT_PROTOCOL_PROVENANCE,LEGACY_CACHED_NO_F_INFERENCE_CONFIG_HASH,,LEGACY_CACHED_NO_EFFECT_SPECIFIC_PANEL_PROVENANCE,,DEVELOPMENT_STALE_REQUIRES_REGENERATION_WITH_STUDY_SPECIFIC_F_PANEL,True,survey_experiment,True,True,attitude,1.0,5.0,4.0,True,True,-0.19289253160221387,0.38499999999999535,True,False,
McGinty730,McGinty730:treatment_support:hyp4,treatment_support [hyp4],9.85416666666663,-5.664295382037309,,attitude,McGinty730 effect-specific empirical human analytic respondent pretreatment demographic distribution (unweighted),McGinty730 effect-specific empirical human analytic respondent pretreatment demographic distribution (unweighted),general_us_adult,True,False,False,True,study_effect_analytic_profile_distribution_unweighted_largest_remainder,GENDER|race_4|pid_3|age_5|EDUC4|ideo_3,False,500,LEGACY_CACHED_NO_F_MODEL_PROVENANCE,LEGACY_CACHED_NO_F_PROMPT_PROTOCOL_PROVENANCE,LEGACY_CACHED_NO_F_INFERENCE_CONFIG_HASH,,LEGACY_CACHED_NO_EFFECT_SPECIFIC_PANEL_PROVENANCE,,DEVELOPMENT_STALE_REQUIRES_REGENERATION_WITH_STUDY_SPECIFIC_F_PANEL,True,survey_experiment,True,True,attitude,1.0,5.0,4.0,True,True,-0.2265718152814924,0.3941666666666652,True,False,
McGinty730,McGinty730:willingness_to_pay_mentalhealthservices:hyp1,willingness_to_pay_mentalhealthservices [hyp1],4.499999999999993,-3.6277287118819723,,binary_behavior,McGinty730 effect-specific empirical human analytic respondent pretreatment demographic distribution (unweighted),McGinty730 effect-specific empirical human analytic respondent pretreatment demographic distribution (unweighted),general_us_adult,True,False,False,True,study_effect_analytic_profile_distribution_unweighted_largest_remainder,GENDER|race_4|pid_3|age_5|EDUC4|ideo_3,False,500,LEGACY_CACHED_NO_F_MODEL_PROVENANCE,LEGACY_CACHED_NO_F_PROMPT_PROTOCOL_PROVENANCE,LEGACY_CACHED_NO_F_INFERENCE_CONFIG_HASH,,LEGACY_CACHED_NO_EFFECT_SPECIFIC_PANEL_PROVENANCE,,DEVELOPMENT_STALE_REQUIRES_REGENERATION_WITH_STUDY_SPECIFIC_F_PANEL,True,survey_experiment,True,True,binary_behavior,1.0,2.0,1.0,True,True,-0.03627728711881972,0.04499999999999993,True,False,
McGinty730,McGinty730:willingness_to_pay_mentalhealthservices:hyp2,willingness_to_pay_mentalhealthservices [hyp2],5.083333333333506,-8.567630442007568,,binary_behavior,McGinty730 effect-specific empirical human analytic respondent pretreatment demographic distribution (unweighted),McGinty730 effect-specific empirical human analytic respondent pretreatment demographic distribution (unweighted),general_us_adult,True,False,False,True,study_effect_analytic_profile_distribution_unweighted_largest_remainder,GENDER|race_4|pid_3|age_5|EDUC4|ideo_3,False,500,LEGACY_CACHED_NO_F_MODEL_PROVENANCE,LEGACY_CACHED_NO_F_PROMPT_PROTOCOL_PROVENANCE,LEGACY_CACHED_NO_F_INFERENCE_CONFIG_HASH,,LEGACY_CACHED_NO_EFFECT_SPECIFIC_PANEL_PROVENANCE,,DEVELOPMENT_STALE_REQUIRES_REGENERATION_WITH_STUDY_SPECIFIC_F_PANEL,True,survey_experiment,True,True,binary_behavior,1.0,2.0,1.0,True,True,-0.08567630442007568,0.05083333333333506,True,False,
McGinty730,McGinty730:willingness_to_pay_mentalhealthservices:hyp3,willingness_to_pay_mentalhealthservices [hyp3],5.91666666666697,-12.182001005530662,,binary_behavior,McGinty730 effect-specific empirical human analytic respondent pretreatment demographic distribution (unweighted),McGinty730 effect-specific empirical human analytic respondent pretreatment demographic distribution (unweighted),general_us_adult,True,False,False,True,study_effect_analytic_profile_distribution_unweighted_largest_remainder,GENDER|race_4|pid_3|age_5|EDUC4|ideo_3,False,500,LEGACY_CACHED_NO_F_MODEL_PROVENANCE,LEGACY_CACHED_NO_F_PROMPT_PROTOCOL_PROVENANCE,LEGACY_CACHED_NO_F_INFERENCE_CONFIG_HASH,,LEGACY_CACHED_NO_EFFECT_SPECIFIC_PANEL_PROVENANCE,,DEVELOPMENT_STALE_REQUIRES_REGENERATION_WITH_STUDY_SPECIFIC_F_PANEL,True,survey_experiment,True,True,binary_behavior,1.0,2.0,1.0,True,True,-0.12182001005530663,0.0591666666666697,True,False,
McGinty730,McGinty730:willingness_to_pay_mentalhealthservices:hyp4,willingness_to_pay_mentalhealthservices [hyp4],5.83333333333349,-12.160897280723027,,binary_behavior,McGinty730 effect-specific empirical human analytic respondent pretreatment demographic distribution (unweighted),McGinty730 effect-specific empirical human analytic respondent pretreatment demographic distribution (unweighted),general_us_adult,True,False,False,True,study_effect_analytic_profile_distribution_unweighted_largest_remainder,GENDER|race_4|pid_3|age_5|EDUC4|ideo_3,False,500,LEGACY_CACHED_NO_F_MODEL_PROVENANCE,LEGACY_CACHED_NO_F_PROMPT_PROTOCOL_PROVENANCE,LEGACY_CACHED_NO_F_INFERENCE_CONFIG_HASH,,LEGACY_CACHED_NO_EFFECT_SPECIFIC_PANEL_PROVENANCE,,DEVELOPMENT_STALE_REQUIRES_REGENERATION_WITH_STUDY_SPECIFIC_F_PANEL,True,survey_experiment,True,True,binary_behavior,1.0,2.0,1.0,True,True,-0.12160897280723026,0.0583333333333349,True,False,
Melin1066,Melin1066:Capable:hyp1,Capable [hyp1],5.138888888888838,10.167610167610164,,attitude,Melin1066 effect-specific empirical human analytic respondent pretreatment demographic distribution (unweighted),Melin1066 effect-specific empirical human analytic respondent pretreatment demographic distribution (unweighted),general_us_adult,True,False,False,True,study_effect_analytic_profile_distribution_unweighted_largest_remainder,GENDER|race_4|pid_3|age_5|EDUC4|ideo_3,False,500,LEGACY_CACHED_NO_F_MODEL_PROVENANCE,LEGACY_CACHED_NO_F_PROMPT_PROTOCOL_PROVENANCE,LEGACY_CACHED_NO_F_INFERENCE_CONFIG_HASH,,LEGACY_CACHED_NO_EFFECT_SPECIFIC_PANEL_PROVENANCE,,DEVELOPMENT_STALE_REQUIRES_REGENERATION_WITH_STUDY_SPECIFIC_F_PANEL,True,survey_experiment,True,True,attitude,1.0,7.0,6.0,True,True,0.6100566100566098,0.30833333333333,True,False,
Melin1066,Melin1066:Capable:hyp2,Capable [hyp2],3.6666666666666625,6.498316498316504,,attitude,Melin1066 effect-specific empirical human analytic respondent pretreatment demographic distribution (unweighted),Melin1066 effect-specific empirical human analytic respondent pretreatment demographic distribution (unweighted),general_us_adult,True,False,False,True,study_effect_analytic_profile_distribution_unweighted_largest_remainder,GENDER|race_4|pid_3|age_5|EDUC4|ideo_3,False,500,LEGACY_CACHED_NO_F_MODEL_PROVENANCE,LEGACY_CACHED_NO_F_PROMPT_PROTOCOL_PROVENANCE,LEGACY_CACHED_NO_F_INFERENCE_CONFIG_HASH,,LEGACY_CACHED_NO_EFFECT_SPECIFIC_PANEL_PROVENANCE,,DEVELOPMENT_STALE_REQUIRES_REGENERATION_WITH_STUDY_SPECIFIC_F_PANEL,True,survey_experiment,True,True,attitude,1.0,7.0,6.0,True,True,0.38989898989898997,0.21999999999999975,True,False,
Melin1066,Melin1066:Capable:hyp3,Capable [hyp3],3.3055555555556837,4.093723494486845,,attitude,Melin1066 effect-specific empirical human analytic respondent pretreatment demographic distribution (unweighted),Melin1066 effect-specific empirical human analytic respondent pretreatment demographic distribution (unweighted),general_us_adult,True,False,False,True,study_effect_analytic_profile_distribution_unweighted_largest_remainder,GENDER|race_4|pid_3|age_5|EDUC4|ideo_3,False,500,LEGACY_CACHED_NO_F_MODEL_PROVENANCE,LEGACY_CACHED_NO_F_PROMPT_PROTOCOL_PROVENANCE,LEGACY_CACHED_NO_F_INFERENCE_CONFIG_HASH,,LEGACY_CACHED_NO_EFFECT_SPECIFIC_PANEL_PROVENANCE,,DEVELOPMENT_STALE_REQUIRES_REGENERATION_WITH_STUDY_SPECIFIC_F_PANEL,True,survey_experiment,True,True,attitude,1.0,7.0,6.0,True,True,0.2456234096692107,0.19833333333334124,True,False,
Melin1066,Melin1066:masculine:hyp1,masculine [hyp1],13.750000000000004,13.962093731334663,,attitude,Melin1066 effect-specific empirical human analytic respondent pretreatment demographic distribution (unweighted),Melin1066 effect-specific empirical human analytic respondent pretreatment demographic distribution (unweighted),general_us_adult,True,False,False,True,study_effect_analytic_profile_distribution_unweighted_largest_remainder,GENDER|race_4|pid_3|age_5|EDUC4|ideo_3,False,500,LEGACY_CACHED_NO_F_MODEL_PROVENANCE,LEGACY_CACHED_NO_F_PROMPT_PROTOCOL_PROVENANCE,LEGACY_CACHED_NO_F_INFERENCE_CONFIG_HASH,,LEGACY_CACHED_NO_EFFECT_SPECIFIC_PANEL_PROVENANCE,,DEVELOPMENT_STALE_REQUIRES_REGENERATION_WITH_STUDY_SPECIFIC_F_PANEL,True,survey_experiment,True,True,attitude,1.0,7.0,6.0,True,True,0.8377256238800799,0.8250000000000002,True,False,
Melin1066,Melin1066:masculine:hyp2,masculine [hyp2],18.194444444444496,13.893835554836004,,attitude,Melin1066 effect-specific empirical human analytic respondent pretreatment demographic distribution (unweighted),Melin1066 effect-specific empirical human analytic respondent pretreatment demographic distribution (unweighted),general_us_adult,True,False,False,True,study_effect_analytic_profile_distribution_unweighted_largest_remainder,GENDER|race_4|pid_3|age_5|EDUC4|ideo_3,False,500,LEGACY_CACHED_NO_F_MODEL_PROVENANCE,LEGACY_CACHED_NO_F_PROMPT_PROTOCOL_PROVENANCE,LEGACY_CACHED_NO_F_INFERENCE_CONFIG_HASH,,LEGACY_CACHED_NO_EFFECT_SPECIFIC_PANEL_PROVENANCE,,DEVELOPMENT_STALE_REQUIRES_REGENERATION_WITH_STUDY_SPECIFIC_F_PANEL,True,survey_experiment,True,True,attitude,1.0,7.0,6.0,True,True,0.8336301332901601,1.09166666666667,True,False,
Melin1066,Melin1066:masculine:hyp3,masculine [hyp3],20.66666666666666,15.589677371060667,,attitude,Melin1066 effect-specific empirical human analytic respondent pretreatment demographic distribution (unweighted),Melin1066 effect-specific empirical human analytic respondent pretreatment demographic distribution (unweighted),general_us_adult,True,False,False,True,study_effect_analytic_profile_distribution_unweighted_largest_remainder,GENDER|race_4|pid_3|age_5|EDUC4|ideo_3,False,500,LEGACY_CACHED_NO_F_MODEL_PROVENANCE,LEGACY_CACHED_NO_F_PROMPT_PROTOCOL_PROVENANCE,LEGACY_CACHED_NO_F_INFERENCE_CONFIG_HASH,,LEGACY_CACHED_NO_EFFECT_SPECIFIC_PANEL_PROVENANCE,,DEVELOPMENT_STALE_REQUIRES_REGENERATION_WITH_STUDY_SPECIFIC_F_PANEL,True,survey_experiment,True,True,attitude,1.0,7.0,6.0,True,True,0.9353806422636399,1.2399999999999998,True,False,
Melin1066,Melin1066:salary:hyp1,salary,,,,,Melin1066 effect-specific empirical human analytic respondent pretreatment demographic distribution (unweighted),Melin1066 effect-specific empirical human analytic respondent pretreatment demographic distribution (unweighted),general_us_adult,True,False,False,True,study_effect_analytic_profile_distribution_unweighted_largest_remainder,GENDER|race_4|pid_3|age_5|EDUC4|ideo_3,False,500,LEGACY_CACHED_NO_F_MODEL_PROVENANCE,LEGACY_CACHED_NO_F_PROMPT_PROTOCOL_PROVENANCE,LEGACY_CACHED_NO_F_INFERENCE_CONFIG_HASH,,LEGACY_CACHED_NO_EFFECT_SPECIFIC_PANEL_PROVENANCE,,DEVELOPMENT_STALE_REQUIRES_REGENERATION_WITH_STUDY_SPECIFIC_F_PANEL,True,survey_experiment,True,True,,,,,False,True,,,False,False,no_llm_match
Melin1066,Melin1066:salary:hyp2,salary,,,,,Melin1066 effect-specific empirical human analytic respondent pretreatment demographic distribution (unweighted),Melin1066 effect-specific empirical human analytic respondent pretreatment demographic distribution (unweighted),general_us_adult,True,False,False,True,study_effect_analytic_profile_distribution_unweighted_largest_remainder,GENDER|race_4|pid_3|age_5|EDUC4|ideo_3,False,500,LEGACY_CACHED_NO_F_MODEL_PROVENANCE,LEGACY_CACHED_NO_F_PROMPT_PROTOCOL_PROVENANCE,LEGACY_CACHED_NO_F_INFERENCE_CONFIG_HASH,,LEGACY_CACHED_NO_EFFECT_SPECIFIC_PANEL_PROVENANCE,,DEVELOPMENT_STALE_REQUIRES_REGENERATION_WITH_STUDY_SPECIFIC_F_PANEL,True,survey_experiment,True,True,,,,,False,True,,,False,False,no_llm_match
Melin1066,Melin1066:salary:hyp3,salary,,,,,Melin1066 effect-specific empirical human analytic respondent pretreatment demographic distribution (unweighted),Melin1066 effect-specific empirical human analytic respondent pretreatment demographic distribution (unweighted),general_us_adult,True,False,False,True,study_effect_analytic_profile_distribution_unweighted_largest_remainder,GENDER|race_4|pid_3|age_5|EDUC4|ideo_3,False,500,LEGACY_CACHED_NO_F_MODEL_PROVENANCE,LEGACY_CACHED_NO_F_PROMPT_PROTOCOL_PROVENANCE,LEGACY_CACHED_NO_F_INFERENCE_CONFIG_HASH,,LEGACY_CACHED_NO_EFFECT_SPECIFIC_PANEL_PROVENANCE,,DEVELOPMENT_STALE_REQUIRES_REGENERATION_WITH_STUDY_SPECIFIC_F_PANEL,True,survey_experiment,True,True,,,,,False,True,,,False,False,no_llm_match
Merolla843,Merolla843:foreign_policy:hyp1,foreign_policy [hyp1],4.027777777777669,5.250619401562845,,attitude,Merolla843 effect-specific empirical human analytic respondent pretreatment demographic distribution (unweighted),Merolla843 effect-specific empirical human analytic respondent pretreatment demographic distribution (unweighted),general_us_adult,True,False,False,True,study_effect_analytic_profile_distribution_unweighted_largest_remainder,GENDER|race_4|pid_3|age_5|EDUC4|ideo_3,False,500,LEGACY_CACHED_NO_F_MODEL_PROVENANCE,LEGACY_CACHED_NO_F_PROMPT_PROTOCOL_PROVENANCE,LEGACY_CACHED_NO_F_INFERENCE_CONFIG_HASH,,LEGACY_CACHED_NO_EFFECT_SPECIFIC_PANEL_PROVENANCE,,DEVELOPMENT_STALE_REQUIRES_REGENERATION_WITH_STUDY_SPECIFIC_F_PANEL,True,survey_experiment,True,True,attitude,1.0,7.0,6.0,True,True,0.31503716409377036,0.24166666666666003,True,False,
Merolla843,Merolla843:foreign_policy:hyp2,foreign_policy [hyp2],2.5277777777776675,3.5849827757341632,,attitude,Merolla843 effect-specific empirical human analytic respondent pretreatment demographic distribution (unweighted),Merolla843 effect-specific empirical human analytic respondent pretreatment demographic distribution (unweighted),general_us_adult,True,False,False,True,study_effect_analytic_profile_distribution_unweighted_largest_remainder,GENDER|race_4|pid_3|age_5|EDUC4|ideo_3,False,500,LEGACY_CACHED_NO_F_MODEL_PROVENANCE,LEGACY_CACHED_NO_F_PROMPT_PROTOCOL_PROVENANCE,LEGACY_CACHED_NO_F_INFERENCE_CONFIG_HASH,,LEGACY_CACHED_NO_EFFECT_SPECIFIC_PANEL_PROVENANCE,,DEVELOPMENT_STALE_REQUIRES_REGENERATION_WITH_STUDY_SPECIFIC_F_PANEL,True,survey_experiment,True,True,attitude,1.0,7.0,6.0,True,True,0.21509896654404992,0.15166666666666018,True,False,
Merolla843,Merolla843:foreign_policy:hyp3,foreign_policy [hyp3],1.5000000000000013,1.6656366258286814,,attitude,Merolla843 effect-specific empirical human analytic respondent pretreatment demographic distribution (unweighted),Merolla843 effect-specific empirical human analytic respondent pretreatment demographic distribution (unweighted),general_us_adult,True,False,False,True,study_effect_analytic_profile_distribution_unweighted_largest_remainder,GENDER|race_4|pid_3|age_5|EDUC4|ideo_3,False,500,LEGACY_CACHED_NO_F_MODEL_PROVENANCE,LEGACY_CACHED_NO_F_PROMPT_PROTOCOL_PROVENANCE,LEGACY_CACHED_NO_F_INFERENCE_CONFIG_HASH,,LEGACY_CACHED_NO_EFFECT_SPECIFIC_PANEL_PROVENANCE,,DEVELOPMENT_STALE_REQUIRES_REGENERATION_WITH_STUDY_SPECIFIC_F_PANEL,True,survey_experiment,True,True,attitude,1.0,7.0,6.0,True,True,0.09993819754972044,0.08999999999999986,True,False,
Merolla843,Merolla843:hillary_clinton_leadership:hyp1,hillary_clinton_leadership [hyp1],2.1944444444443323,-1.0754648195406669,,attitude,Merolla843 effect-specific empirical human analytic respondent pretreatment demographic distribution (unweighted),Merolla843 effect-specific empirical human analytic respondent pretreatment demographic distribution (unweighted),general_us_adult,True,False,False,True,study_effect_analytic_profile_distribution_unweighted_largest_remainder,GENDER|race_4|pid_3|age_5|EDUC4|ideo_3,False,500,LEGACY_CACHED_NO_F_MODEL_PROVENANCE,LEGACY_CACHED_NO_F_PROMPT_PROTOCOL_PROVENANCE,LEGACY_CACHED_NO_F_INFERENCE_CONFIG_HASH,,LEGACY_CACHED_NO_EFFECT_SPECIFIC_PANEL_PROVENANCE,,DEVELOPMENT_STALE_REQUIRES_REGENERATION_WITH_STUDY_SPECIFIC_F_PANEL,True,survey_experiment,True,True,attitude,1.0,7.0,6.0,True,True,-0.06452788917244012,0.13166666666665972,True,False,
Merolla843,Merolla843:hillary_clinton_leadership:hyp2,hillary_clinton_leadership [hyp2],1.0277777777776609,0.8768975389131684,,attitude,Merolla843 effect-specific empirical human analytic respondent pretreatment demographic distribution (unweighted),Merolla843 effect-specific empirical human analytic respondent pretreatment demographic distribution (unweighted),general_us_adult,True,False,False,True,study_effect_analytic_profile_distribution_unweighted_largest_remainder,GENDER|race_4|pid_3|age_5|EDUC4|ideo_3,False,500,LEGACY_CACHED_NO_F_MODEL_PROVENANCE,LEGACY_CACHED_NO_F_PROMPT_PROTOCOL_PROVENANCE,LEGACY_CACHED_NO_F_INFERENCE_CONFIG_HASH,,LEGACY_CACHED_NO_EFFECT_SPECIFIC_PANEL_PROVENANCE,,DEVELOPMENT_STALE_REQUIRES_REGENERATION_WITH_STUDY_SPECIFIC_F_PANEL,True,survey_experiment,True,True,attitude,1.0,7.0,6.0,True,True,0.05261385233478988,0.06166666666665943,True,False,
Merolla843,Merolla843:trump_leadership:hyp1,trump_leadership [hyp1],9.944444444444505,-4.465269642934672,,attitude,Merolla843 effect-specific empirical human analytic respondent pretreatment demographic distribution (unweighted),Merolla843 effect-specific empirical human analytic respondent pretreatment demographic distribution (unweighted),general_us_adult,True,False,False,True,study_effect_analytic_profile_distribution_unweighted_largest_remainder,GENDER|race_4|pid_3|age_5|EDUC4|ideo_3,False,500,LEGACY_CACHED_NO_F_MODEL_PROVENANCE,LEGACY_CACHED_NO_F_PROMPT_PROTOCOL_PROVENANCE,LEGACY_CACHED_NO_F_INFERENCE_CONFIG_HASH,,LEGACY_CACHED_NO_EFFECT_SPECIFIC_PANEL_PROVENANCE,,DEVELOPMENT_STALE_REQUIRES_REGENERATION_WITH_STUDY_SPECIFIC_F_PANEL,True,survey_experiment,True,True,attitude,1.0,7.0,6.0,True,True,-0.2679161785760802,0.5966666666666702,True,False,
Merolla843,Merolla843:trump_leadership:hyp2,trump_leadership [hyp2],2.8055555555556664,-2.23494599081,,attitude,Merolla843 effect-specific empirical human analytic respondent pretreatment demographic distribution (unweighted),Merolla843 effect-specific empirical human analytic respondent pretreatment demographic distribution (unweighted),general_us_adult,True,False,False,True,study_effect_analytic_profile_distribution_unweighted_largest_remainder,GENDER|race_4|pid_3|age_5|EDUC4|ideo_3,False,500,LEGACY_CACHED_NO_F_MODEL_PROVENANCE,LEGACY_CACHED_NO_F_PROMPT_PROTOCOL_PROVENANCE,LEGACY_CACHED_NO_F_INFERENCE_CONFIG_HASH,,LEGACY_CACHED_NO_EFFECT_SPECIFIC_PANEL_PROVENANCE,,DEVELOPMENT_STALE_REQUIRES_REGENERATION_WITH_STUDY_SPECIFIC_F_PANEL,True,survey_experiment,True,True,attitude,1.0,7.0,6.0,True,True,-0.1340967594486,0.1683333333333401,True,False,
Mezzapelle1439,Mezzapelle1439:BELIEVABLE:hyp1,BELIEVABLE [hyp1],-0.31944444444440556,0.9057603294101879,,attitude,Mezzapelle1439 effect-specific empirical human analytic respondent pretreatment demographic distribution (unweighted),Mezzapelle1439 effect-specific empirical human analytic respondent pretreatment demographic distribution (unweighted),general_us_adult,True,False,False,True,study_effect_analytic_profile_distribution_unweighted_largest_remainder,GENDER|race_4|pid_3|age_5|EDUC4|ideo_3,False,500,LEGACY_CACHED_NO_F_MODEL_PROVENANCE,LEGACY_CACHED_NO_F_PROMPT_PROTOCOL_PROVENANCE,LEGACY_CACHED_NO_F_INFERENCE_CONFIG_HASH,,LEGACY_CACHED_NO_EFFECT_SPECIFIC_PANEL_PROVENANCE,,DEVELOPMENT_STALE_REQUIRES_REGENERATION_WITH_STUDY_SPECIFIC_F_PANEL,True,survey_experiment,True,True,attitude,1.0,7.0,6.0,True,True,0.05434561976461172,-0.019166666666664334,True,False,
Mezzapelle1439,Mezzapelle1439:BELIEVABLE:hyp2,BELIEVABLE [hyp2],-0.8472222222222658,0.3365085751464769,,attitude,Mezzapelle1439 effect-specific empirical human analytic respondent pretreatment demographic distribution (unweighted),Mezzapelle1439 effect-specific empirical human analytic respondent pretreatment demographic distribution (unweighted),general_us_adult,True,False,False,True,study_effect_analytic_profile_distribution_unweighted_largest_remainder,GENDER|race_4|pid_3|age_5|EDUC4|ideo_3,False,500,LEGACY_CACHED_NO_F_MODEL_PROVENANCE,LEGACY_CACHED_NO_F_PROMPT_PROTOCOL_PROVENANCE,LEGACY_CACHED_NO_F_INFERENCE_CONFIG_HASH,,LEGACY_CACHED_NO_EFFECT_SPECIFIC_PANEL_PROVENANCE,,DEVELOPMENT_STALE_REQUIRES_REGENERATION_WITH_STUDY_SPECIFIC_F_PANEL,True,survey_experiment,True,True,attitude,1.0,7.0,6.0,True,True,0.020190514508788837,-0.05083333333333595,True,False,
Mezzapelle1439,Mezzapelle1439:BELIEVABLE:hyp3,BELIEVABLE [hyp3],-1.1666666666666714,1.264054275526505,,attitude,Mezzapelle1439 effect-specific empirical human analytic respondent pretreatment demographic distribution (unweighted),Mezzapelle1439 effect-specific empirical human analytic respondent pretreatment demographic distribution (unweighted),general_us_adult,True,False,False,True,study_effect_analytic_profile_distribution_unweighted_largest_remainder,GENDER|race_4|pid_3|age_5|EDUC4|ideo_3,False,500,LEGACY_CACHED_NO_F_MODEL_PROVENANCE,LEGACY_CACHED_NO_F_PROMPT_PROTOCOL_PROVENANCE,LEGACY_CACHED_NO_F_INFERENCE_CONFIG_HASH,,LEGACY_CACHED_NO_EFFECT_SPECIFIC_PANEL_PROVENANCE,,DEVELOPMENT_STALE_REQUIRES_REGENERATION_WITH_STUDY_SPECIFIC_F_PANEL,True,survey_experiment,True,True,attitude,1.0,7.0,6.0,True,True,0.07584325653159052,-0.07000000000000028,True,False,
Mezzapelle1439,Mezzapelle1439:COMPENSATION:hyp1,COMPENSATION [hyp1],0.36111111111115646,0.41290418688683106,,attitude,Mezzapelle1439 effect-specific empirical human analytic respondent pretreatment demographic distribution (unweighted),Mezzapelle1439 effect-specific empirical human analytic respondent pretreatment demographic distribution (unweighted),general_us_adult,True,False,False,True,study_effect_analytic_profile_distribution_unweighted_largest_remainder,GENDER|race_4|pid_3|age_5|EDUC4|ideo_3,False,500,LEGACY_CACHED_NO_F_MODEL_PROVENANCE,LEGACY_CACHED_NO_F_PROMPT_PROTOCOL_PROVENANCE,LEGACY_CACHED_NO_F_INFERENCE_CONFIG_HASH,,LEGACY_CACHED_NO_EFFECT_SPECIFIC_PANEL_PROVENANCE,,DEVELOPMENT_STALE_REQUIRES_REGENERATION_WITH_STUDY_SPECIFIC_F_PANEL,True,survey_experiment,True,True,attitude,1.0,7.0,6.0,True,True,0.024774251213210086,0.021666666666669165,True,False,
Mezzapelle1439,Mezzapelle1439:COMPENSATION:hyp2,COMPENSATION [hyp2],-0.7500000000000173,1.510871680650383,,attitude,Mezzapelle1439 effect-specific empirical human analytic respondent pretreatment demographic distribution (unweighted),Mezzapelle1439 effect-specific empirical human analytic respondent pretreatment demographic distribution (unweighted),general_us_adult,True,False,False,True,study_effect_analytic_profile_distribution_unweighted_largest_remainder,GENDER|race_4|pid_3|age_5|EDUC4|ideo_3,False,500,LEGACY_CACHED_NO_F_MODEL_PROVENANCE,LEGACY_CACHED_NO_F_PROMPT_PROTOCOL_PROVENANCE,LEGACY_CACHED_NO_F_INFERENCE_CONFIG_HASH,,LEGACY_CACHED_NO_EFFECT_SPECIFIC_PANEL_PROVENANCE,,DEVELOPMENT_STALE_REQUIRES_REGENERATION_WITH_STUDY_SPECIFIC_F_PANEL,True,survey_experiment,True,True,attitude,1.0,7.0,6.0,True,True,0.09065230083902254,-0.04500000000000082,True,False,
Mezzapelle1439,Mezzapelle1439:COMPENSATION:hyp3,COMPENSATION [hyp3],-0.38888888888883866,1.9360223375518348,,attitude,Mezzapelle1439 effect-specific empirical human analytic respondent pretreatment demographic distribution (unweighted),Mezzapelle1439 effect-specific empirical human analytic respondent pretreatment demographic distribution (unweighted),general_us_adult,True,False,False,True,study_effect_analytic_profile_distribution_unweighted_largest_remainder,GENDER|race_4|pid_3|age_5|EDUC4|ideo_3,False,500,LEGACY_CACHED_NO_F_MODEL_PROVENANCE,LEGACY_CACHED_NO_F_PROMPT_PROTOCOL_PROVENANCE,LEGACY_CACHED_NO_F_INFERENCE_CONFIG_HASH,,LEGACY_CACHED_NO_EFFECT_SPECIFIC_PANEL_PROVENANCE,,DEVELOPMENT_STALE_REQUIRES_REGENERATION_WITH_STUDY_SPECIFIC_F_PANEL,True,survey_experiment,True,True,attitude,1.0,7.0,6.0,True,True,0.11616134025311009,-0.023333333333330764,True,False,
Mezzapelle1439,Mezzapelle1439:PERCEIVED HARM:hyp1,PERCEIVED HARM [hyp1],-0.05555555555550873,1.8961107349732775,,attitude,Mezzapelle1439 effect-specific empirical human analytic respondent pretreatment demographic distribution (unweighted),Mezzapelle1439 effect-specific empirical human analytic respondent pretreatment demographic distribution (unweighted),general_us_adult,True,False,False,True,study_effect_analytic_profile_distribution_unweighted_largest_remainder,GENDER|race_4|pid_3|age_5|EDUC4|ideo_3,False,500,LEGACY_CACHED_NO_F_MODEL_PROVENANCE,LEGACY_CACHED_NO_F_PROMPT_PROTOCOL_PROVENANCE,LEGACY_CACHED_NO_F_INFERENCE_CONFIG_HASH,,LEGACY_CACHED_NO_EFFECT_SPECIFIC_PANEL_PROVENANCE,,DEVELOPMENT_STALE_REQUIRES_REGENERATION_WITH_STUDY_SPECIFIC_F_PANEL,True,survey_experiment,True,True,attitude,1.0,7.0,6.0,True,True,0.11376664409839687,-0.0033333333333303017,True,False,
Mezzapelle1439,Mezzapelle1439:PERCEIVED HARM:hyp2,PERCEIVED HARM [hyp2],-0.38888888888882756,2.466185210261085,,attitude,Mezzapelle1439 effect-specific empirical human analytic respondent pretreatment demographic distribution (unweighted),Mezzapelle1439 effect-specific empirical human analytic respondent pretreatment demographic distribution (unweighted),general_us_adult,True,False,False,True,study_effect_analytic_profile_distribution_unweighted_largest_remainder,GENDER|race_4|pid_3|age_5|EDUC4|ideo_3,False,500,LEGACY_CACHED_NO_F_MODEL_PROVENANCE,LEGACY_CACHED_NO_F_PROMPT_PROTOCOL_PROVENANCE,LEGACY_CACHED_NO_F_INFERENCE_CONFIG_HASH,,LEGACY_CACHED_NO_EFFECT_SPECIFIC_PANEL_PROVENANCE,,DEVELOPMENT_STALE_REQUIRES_REGENERATION_WITH_STUDY_SPECIFIC_F_PANEL,True,survey_experiment,True,True,attitude,1.0,7.0,6.0,True,True,0.1479711126156653,-0.023333333333329875,True,False,
Mezzapelle1439,Mezzapelle1439:PERCEIVED HARM:hyp3,PERCEIVED HARM [hyp3],-0.4444444444443363,4.402918119107513,,attitude,Mezzapelle1439 effect-specific empirical human analytic respondent pretreatment demographic distribution (unweighted),Mezzapelle1439 effect-specific empirical human analytic respondent pretreatment demographic distribution (unweighted),general_us_adult,True,False,False,True,study_effect_analytic_profile_distribution_unweighted_largest_remainder,GENDER|race_4|pid_3|age_5|EDUC4|ideo_3,False,500,LEGACY_CACHED_NO_F_MODEL_PROVENANCE,LEGACY_CACHED_NO_F_PROMPT_PROTOCOL_PROVENANCE,LEGACY_CACHED_NO_F_INFERENCE_CONFIG_HASH,,LEGACY_CACHED_NO_EFFECT_SPECIFIC_PANEL_PROVENANCE,,DEVELOPMENT_STALE_REQUIRES_REGENERATION_WITH_STUDY_SPECIFIC_F_PANEL,True,survey_experiment,True,True,attitude,1.0,7.0,6.0,True,True,0.26417508714645077,-0.026666666666660177,True,False,
MunschS68,MunschS68:Morgan_Committed:hyp1,Morgan_Committed,8.641666666666648,13.008458746931407,,attitude,MunschS68 effect-specific empirical human analytic respondent pretreatment demographic distribution (unweighted),MunschS68 effect-specific empirical human analytic respondent pretreatment demographic distribution (unweighted),general_us_adult,True,False,False,True,study_effect_analytic_profile_distribution_unweighted_largest_remainder,GENDER|race_4|pid_3|age_5|EDUC4|ideo_3,False,500,LEGACY_CACHED_NO_F_MODEL_PROVENANCE,LEGACY_CACHED_NO_F_PROMPT_PROTOCOL_PROVENANCE,LEGACY_CACHED_NO_F_INFERENCE_CONFIG_HASH,,LEGACY_CACHED_NO_EFFECT_SPECIFIC_PANEL_PROVENANCE,,DEVELOPMENT_STALE_REQUIRES_REGENERATION_WITH_STUDY_SPECIFIC_F_PANEL,True,survey_experiment,True,True,attitude,1.0,7.0,6.0,True,True,0.7805075248158841,0.5184999999999986,True,False,
SchaadS62,SchaadS62:still_identify:hyp1,still_identify [hyp1],-0.11111111111109517,-2.7316790190675344,,attitude,SchaadS62 effect-specific empirical human analytic respondent pretreatment demographic distribution (unweighted),SchaadS62 effect-specific empirical human analytic respondent pretreatment demographic distribution (unweighted),general_us_adult,True,False,False,True,study_effect_analytic_profile_distribution_unweighted_largest_remainder,GENDER|race_4|pid_3|age_5|EDUC4|ideo_3,False,500,LEGACY_CACHED_NO_F_MODEL_PROVENANCE,LEGACY_CACHED_NO_F_PROMPT_PROTOCOL_PROVENANCE,LEGACY_CACHED_NO_F_INFERENCE_CONFIG_HASH,,LEGACY_CACHED_NO_EFFECT_SPECIFIC_PANEL_PROVENANCE,,DEVELOPMENT_STALE_REQUIRES_REGENERATION_WITH_STUDY_SPECIFIC_F_PANEL,True,survey_experiment,True,True,attitude,1.0,7.0,6.0,True,True,-0.16390074114405184,-0.0066666666666659324,True,False,
SchaadS62,SchaadS62:still_identify:hyp2,still_identify [hyp2],-9.375,-6.908660195175065,,attitude,SchaadS62 effect-specific empirical human analytic respondent pretreatment demographic distribution (unweighted),SchaadS62 effect-specific empirical human analytic respondent pretreatment demographic distribution (unweighted),general_us_adult,True,False,False,True,study_effect_analytic_profile_distribution_unweighted_largest_remainder,GENDER|race_4|pid_3|age_5|EDUC4|ideo_3,False,500,LEGACY_CACHED_NO_F_MODEL_PROVENANCE,LEGACY_CACHED_NO_F_PROMPT_PROTOCOL_PROVENANCE,LEGACY_CACHED_NO_F_INFERENCE_CONFIG_HASH,,LEGACY_CACHED_NO_EFFECT_SPECIFIC_PANEL_PROVENANCE,,DEVELOPMENT_STALE_REQUIRES_REGENERATION_WITH_STUDY_SPECIFIC_F_PANEL,True,survey_experiment,True,True,attitude,1.0,7.0,6.0,True,True,-0.4145196117105039,-0.5625,True,False,
SchaadS62,SchaadS62:still_identify:hyp3,still_identify [hyp3],-3.4027777777777657,-9.546772476113674,,attitude,SchaadS62 effect-specific empirical human analytic respondent pretreatment demographic distribution (unweighted),SchaadS62 effect-specific empirical human analytic respondent pretreatment demographic distribution (unweighted),general_us_adult,True,False,False,True,study_effect_analytic_profile_distribution_unweighted_largest_remainder,GENDER|race_4|pid_3|age_5|EDUC4|ideo_3,False,500,LEGACY_CACHED_NO_F_MODEL_PROVENANCE,LEGACY_CACHED_NO_F_PROMPT_PROTOCOL_PROVENANCE,LEGACY_CACHED_NO_F_INFERENCE_CONFIG_HASH,,LEGACY_CACHED_NO_EFFECT_SPECIFIC_PANEL_PROVENANCE,,DEVELOPMENT_STALE_REQUIRES_REGENERATION_WITH_STUDY_SPECIFIC_F_PANEL,True,survey_experiment,True,True,attitude,1.0,7.0,6.0,True,True,-0.5728063485668207,-0.20416666666666572,True,False,
Schnabel903,Schnabel903:Feminine:hyp1,Feminine,3.726851851851809,1.872121656422121,,attitude,Schnabel903 effect-specific empirical human analytic respondent pretreatment demographic distribution (unweighted),Schnabel903 effect-specific empirical human analytic respondent pretreatment demographic distribution (unweighted),general_us_adult,True,False,False,True,study_effect_analytic_profile_distribution_unweighted_largest_remainder,GENDER|race_4|pid_3|age_5|EDUC4|ideo_3,False,500,LEGACY_CACHED_NO_F_MODEL_PROVENANCE,LEGACY_CACHED_NO_F_PROMPT_PROTOCOL_PROVENANCE,LEGACY_CACHED_NO_F_INFERENCE_CONFIG_HASH,,LEGACY_CACHED_NO_EFFECT_SPECIFIC_PANEL_PROVENANCE,,DEVELOPMENT_STALE_REQUIRES_REGENERATION_WITH_STUDY_SPECIFIC_F_PANEL,True,survey_experiment,True,True,attitude,1.0,7.0,6.0,True,True,0.11232729938532726,0.22361111111110876,True,False,
Schnabel903,Schnabel903:Masculine:hyp1,Masculine,4.032407407407379,0.4356323288361441,,attitude,Schnabel903 effect-specific empirical human analytic respondent pretreatment demographic distribution (unweighted),Schnabel903 effect-specific empirical human analytic respondent pretreatment demographic distribution (unweighted),general_us_adult,True,False,False,True,study_effect_analytic_profile_distribution_unweighted_largest_remainder,GENDER|race_4|pid_3|age_5|EDUC4|ideo_3,False,500,LEGACY_CACHED_NO_F_MODEL_PROVENANCE,LEGACY_CACHED_NO_F_PROMPT_PROTOCOL_PROVENANCE,LEGACY_CACHED_NO_F_INFERENCE_CONFIG_HASH,,LEGACY_CACHED_NO_EFFECT_SPECIFIC_PANEL_PROVENANCE,,DEVELOPMENT_STALE_REQUIRES_REGENERATION_WITH_STUDY_SPECIFIC_F_PANEL,True,survey_experiment,True,True,attitude,1.0,7.0,6.0,True,True,0.026137939730168647,0.24194444444444274,True,False,
ShannonS2,ShannonS2:tax credit effective:hyp1,tax credit effective [hyp1],-4.0000000000000036,-3.8465996013164916,,attitude,ShannonS2 effect-specific empirical human analytic respondent pretreatment demographic distribution (unweighted),ShannonS2 effect-specific empirical human analytic respondent pretreatment demographic distribution (unweighted),general_us_adult,True,False,False,True,study_effect_analytic_profile_distribution_unweighted_largest_remainder,GENDER|race_4|pid_3|age_5|EDUC4|ideo_3,False,500,LEGACY_CACHED_NO_F_MODEL_PROVENANCE,LEGACY_CACHED_NO_F_PROMPT_PROTOCOL_PROVENANCE,LEGACY_CACHED_NO_F_INFERENCE_CONFIG_HASH,,LEGACY_CACHED_NO_EFFECT_SPECIFIC_PANEL_PROVENANCE,,DEVELOPMENT_STALE_REQUIRES_REGENERATION_WITH_STUDY_SPECIFIC_F_PANEL,True,survey_experiment,True,True,attitude,1.0,5.0,4.0,True,True,-0.15386398405265966,-0.16000000000000014,True,False,
ShannonS2,ShannonS2:tax credit effective:hyp2,tax credit effective [hyp2],-3.1666666666664955,-8.215691597665254,,attitude,ShannonS2 effect-specific empirical human analytic respondent pretreatment demographic distribution (unweighted),ShannonS2 effect-specific empirical human analytic respondent pretreatment demographic distribution (unweighted),general_us_adult,True,False,False,True,study_effect_analytic_profile_distribution_unweighted_largest_remainder,GENDER|race_4|pid_3|age_5|EDUC4|ideo_3,False,500,LEGACY_CACHED_NO_F_MODEL_PROVENANCE,LEGACY_CACHED_NO_F_PROMPT_PROTOCOL_PROVENANCE,LEGACY_CACHED_NO_F_INFERENCE_CONFIG_HASH,,LEGACY_CACHED_NO_EFFECT_SPECIFIC_PANEL_PROVENANCE,,DEVELOPMENT_STALE_REQUIRES_REGENERATION_WITH_STUDY_SPECIFIC_F_PANEL,True,survey_experiment,True,True,attitude,1.0,5.0,4.0,True,True,-0.32862766390661013,-0.12666666666665982,True,False,
ShannonS2,ShannonS2:tax credit effective:hyp3,tax credit effective [hyp3],1.9791666666666208,1.0304221965748428,,attitude,ShannonS2 effect-specific empirical human analytic respondent pretreatment demographic distribution (unweighted),ShannonS2 effect-specific empirical human analytic respondent pretreatment demographic distribution (unweighted),general_us_adult,True,False,False,True,study_effect_analytic_profile_distribution_unweighted_largest_remainder,GENDER|race_4|pid_3|age_5|EDUC4|ideo_3,False,500,LEGACY_CACHED_NO_F_MODEL_PROVENANCE,LEGACY_CACHED_NO_F_PROMPT_PROTOCOL_PROVENANCE,LEGACY_CACHED_NO_F_INFERENCE_CONFIG_HASH,,LEGACY_CACHED_NO_EFFECT_SPECIFIC_PANEL_PROVENANCE,,DEVELOPMENT_STALE_REQUIRES_REGENERATION_WITH_STUDY_SPECIFIC_F_PANEL,True,survey_experiment,True,True,attitude,1.0,5.0,4.0,True,True,0.04121688786299371,0.07916666666666483,True,False,
Silverman1035,Silverman1035:Americans_Killed:hyp1,Americans_Killed [hyp1],-44.70833333333313,-7.911140583554655,,attitude,Silverman1035 effect-specific empirical human analytic respondent pretreatment demographic distribution (unweighted),Silverman1035 effect-specific empirical human analytic respondent pretreatment demographic distribution (unweighted),general_us_adult,True,False,False,True,study_effect_analytic_profile_distribution_unweighted_largest_remainder,GENDER|race_4|pid_3|age_5|EDUC4|ideo_3,False,500,LEGACY_CACHED_NO_F_MODEL_PROVENANCE,LEGACY_CACHED_NO_F_PROMPT_PROTOCOL_PROVENANCE,LEGACY_CACHED_NO_F_INFERENCE_CONFIG_HASH,,LEGACY_CACHED_NO_EFFECT_SPECIFIC_PANEL_PROVENANCE,,DEVELOPMENT_STALE_REQUIRES_REGENERATION_WITH_STUDY_SPECIFIC_F_PANEL,True,survey_experiment,True,True,attitude,1.0,3.0,2.0,True,True,-0.1582228116710931,-0.8941666666666626,True,False,
Silverman1035,Silverman1035:Americans_Killed:hyp2,Americans_Killed [hyp2],-0.7222222222221686,3.064730188910314,,attitude,Silverman1035 effect-specific empirical human analytic respondent pretreatment demographic distribution (unweighted),Silverman1035 effect-specific empirical human analytic respondent pretreatment demographic distribution (unweighted),general_us_adult,True,False,False,True,study_effect_analytic_profile_distribution_unweighted_largest_remainder,GENDER|race_4|pid_3|age_5|EDUC4|ideo_3,False,500,LEGACY_CACHED_NO_F_MODEL_PROVENANCE,LEGACY_CACHED_NO_F_PROMPT_PROTOCOL_PROVENANCE,LEGACY_CACHED_NO_F_INFERENCE_CONFIG_HASH,,LEGACY_CACHED_NO_EFFECT_SPECIFIC_PANEL_PROVENANCE,,DEVELOPMENT_STALE_REQUIRES_REGENERATION_WITH_STUDY_SPECIFIC_F_PANEL,True,survey_experiment,True,True,attitude,1.0,3.0,2.0,True,True,0.06129460377820628,-0.014444444444443372,True,False,
Silverman1035,Silverman1035:Americans_Killed:hyp3,Americans_Killed [hyp3],-0.6666666666664933,2.640063934742498,,attitude,Silverman1035 effect-specific empirical human analytic respondent pretreatment demographic distribution (unweighted),Silverman1035 effect-specific empirical human analytic respondent pretreatment demographic distribution (unweighted),general_us_adult,True,False,False,True,study_effect_analytic_profile_distribution_unweighted_largest_remainder,GENDER|race_4|pid_3|age_5|EDUC4|ideo_3,False,500,LEGACY_CACHED_NO_F_MODEL_PROVENANCE,LEGACY_CACHED_NO_F_PROMPT_PROTOCOL_PROVENANCE,LEGACY_CACHED_NO_F_INFERENCE_CONFIG_HASH,,LEGACY_CACHED_NO_EFFECT_SPECIFIC_PANEL_PROVENANCE,,DEVELOPMENT_STALE_REQUIRES_REGENERATION_WITH_STUDY_SPECIFIC_F_PANEL,True,survey_experiment,True,True,attitude,1.0,3.0,2.0,True,True,0.05280127869484996,-0.013333333333329866,True,False,
Silverman1035,Silverman1035:Americans_Killed:hyp4,Americans_Killed [hyp4],-0.7499999999999951,3.753180661578004,,attitude,Silverman1035 effect-specific empirical human analytic respondent pretreatment demographic distribution (unweighted),Silverman1035 effect-specific empirical human analytic respondent pretreatment demographic distribution (unweighted),general_us_adult,True,False,False,True,study_effect_analytic_profile_distribution_unweighted_largest_remainder,GENDER|race_4|pid_3|age_5|EDUC4|ideo_3,False,500,LEGACY_CACHED_NO_F_MODEL_PROVENANCE,LEGACY_CACHED_NO_F_PROMPT_PROTOCOL_PROVENANCE,LEGACY_CACHED_NO_F_INFERENCE_CONFIG_HASH,,LEGACY_CACHED_NO_EFFECT_SPECIFIC_PANEL_PROVENANCE,,DEVELOPMENT_STALE_REQUIRES_REGENERATION_WITH_STUDY_SPECIFIC_F_PANEL,True,survey_experiment,True,True,attitude,1.0,3.0,2.0,True,True,0.07506361323156008,-0.014999999999999902,True,False,
Silverman1035,Silverman1035:Terrorism_likely:hyp1,Terrorism_likely [hyp1],-22.458333333333247,2.039553429027113,,attitude,Silverman1035 effect-specific empirical human analytic respondent pretreatment demographic distribution (unweighted),Silverman1035 effect-specific empirical human analytic respondent pretreatment demographic distribution (unweighted),general_us_adult,True,False,False,True,study_effect_analytic_profile_distribution_unweighted_largest_remainder,GENDER|race_4|pid_3|age_5|EDUC4|ideo_3,False,500,LEGACY_CACHED_NO_F_MODEL_PROVENANCE,LEGACY_CACHED_NO_F_PROMPT_PROTOCOL_PROVENANCE,LEGACY_CACHED_NO_F_INFERENCE_CONFIG_HASH,,LEGACY_CACHED_NO_EFFECT_SPECIFIC_PANEL_PROVENANCE,,DEVELOPMENT_STALE_REQUIRES_REGENERATION_WITH_STUDY_SPECIFIC_F_PANEL,True,survey_experiment,True,True,attitude,1.0,4.0,3.0,True,True,0.061186602870813456,-0.6737499999999974,True,False,
Silverman1035,Silverman1035:Terrorism_likely:hyp2,Terrorism_likely [hyp2],-6.240740740740769,-1.7932952715561168,,attitude,Silverman1035 effect-specific empirical human analytic respondent pretreatment demographic distribution (unweighted),Silverman1035 effect-specific empirical human analytic respondent pretreatment demographic distribution (unweighted),general_us_adult,True,False,False,True,study_effect_analytic_profile_distribution_unweighted_largest_remainder,GENDER|race_4|pid_3|age_5|EDUC4|ideo_3,False,500,LEGACY_CACHED_NO_F_MODEL_PROVENANCE,LEGACY_CACHED_NO_F_PROMPT_PROTOCOL_PROVENANCE,LEGACY_CACHED_NO_F_INFERENCE_CONFIG_HASH,,LEGACY_CACHED_NO_EFFECT_SPECIFIC_PANEL_PROVENANCE,,DEVELOPMENT_STALE_REQUIRES_REGENERATION_WITH_STUDY_SPECIFIC_F_PANEL,True,survey_experiment,True,True,attitude,1.0,4.0,3.0,True,True,-0.053798858146683504,-0.18722222222222307,True,False,
Silverman1035,Silverman1035:Terrorism_likely:hyp3,Terrorism_likely [hyp3],-5.555555555555669,-0.727077538671661,,attitude,Silverman1035 effect-specific empirical human analytic respondent pretreatment demographic distribution (unweighted),Silverman1035 effect-specific empirical human analytic respondent pretreatment demographic distribution (unweighted),general_us_adult,True,False,False,True,study_effect_analytic_profile_distribution_unweighted_largest_remainder,GENDER|race_4|pid_3|age_5|EDUC4|ideo_3,False,500,LEGACY_CACHED_NO_F_MODEL_PROVENANCE,LEGACY_CACHED_NO_F_PROMPT_PROTOCOL_PROVENANCE,LEGACY_CACHED_NO_F_INFERENCE_CONFIG_HASH,,LEGACY_CACHED_NO_EFFECT_SPECIFIC_PANEL_PROVENANCE,,DEVELOPMENT_STALE_REQUIRES_REGENERATION_WITH_STUDY_SPECIFIC_F_PANEL,True,survey_experiment,True,True,attitude,1.0,4.0,3.0,True,True,-0.02181232616014972,-0.16666666666667007,True,False,
Silverman1035,Silverman1035:Terrorism_likely:hyp4,Terrorism_likely [hyp4],-6.666666666666665,-4.728267483636673,,attitude,Silverman1035 effect-specific empirical human analytic respondent pretreatment demographic distribution (unweighted),Silverman1035 effect-specific empirical human analytic respondent pretreatment demographic distribution (unweighted),general_us_adult,True,False,False,True,study_effect_analytic_profile_distribution_unweighted_largest_remainder,GENDER|race_4|pid_3|age_5|EDUC4|ideo_3,False,500,LEGACY_CACHED_NO_F_MODEL_PROVENANCE,LEGACY_CACHED_NO_F_PROMPT_PROTOCOL_PROVENANCE,LEGACY_CACHED_NO_F_INFERENCE_CONFIG_HASH,,LEGACY_CACHED_NO_EFFECT_SPECIFIC_PANEL_PROVENANCE,,DEVELOPMENT_STALE_REQUIRES_REGENERATION_WITH_STUDY_SPECIFIC_F_PANEL,True,survey_experiment,True,True,attitude,1.0,4.0,3.0,True,True,-0.14184802450910006,-0.19999999999999973,True,False,
Silverman1035,Silverman1035:Terrorism_worry:hyp1,Terrorism_worry [hyp1],-17.694444444444418,4.675029342723091,,attitude,Silverman1035 effect-specific empirical human analytic respondent pretreatment demographic distribution (unweighted),Silverman1035 effect-specific empirical human analytic respondent pretreatment demographic distribution (unweighted),general_us_adult,True,False,False,True,study_effect_analytic_profile_distribution_unweighted_largest_remainder,GENDER|race_4|pid_3|age_5|EDUC4|ideo_3,False,500,LEGACY_CACHED_NO_F_MODEL_PROVENANCE,LEGACY_CACHED_NO_F_PROMPT_PROTOCOL_PROVENANCE,LEGACY_CACHED_NO_F_INFERENCE_CONFIG_HASH,,LEGACY_CACHED_NO_EFFECT_SPECIFIC_PANEL_PROVENANCE,,DEVELOPMENT_STALE_REQUIRES_REGENERATION_WITH_STUDY_SPECIFIC_F_PANEL,True,survey_experiment,True,True,attitude,1.0,4.0,3.0,True,True,0.14025088028169286,-0.5308333333333324,True,False,
Silverman1035,Silverman1035:Terrorism_worry:hyp2,Terrorism_worry [hyp2],-1.6666666666667773,1.8342163503454523,,attitude,Silverman1035 effect-specific empirical human analytic respondent pretreatment demographic distribution (unweighted),Silverman1035 effect-specific empirical human analytic respondent pretreatment demographic distribution (unweighted),general_us_adult,True,False,False,True,study_effect_analytic_profile_distribution_unweighted_largest_remainder,GENDER|race_4|pid_3|age_5|EDUC4|ideo_3,False,500,LEGACY_CACHED_NO_F_MODEL_PROVENANCE,LEGACY_CACHED_NO_F_PROMPT_PROTOCOL_PROVENANCE,LEGACY_CACHED_NO_F_INFERENCE_CONFIG_HASH,,LEGACY_CACHED_NO_EFFECT_SPECIFIC_PANEL_PROVENANCE,,DEVELOPMENT_STALE_REQUIRES_REGENERATION_WITH_STUDY_SPECIFIC_F_PANEL,True,survey_experiment,True,True,attitude,1.0,4.0,3.0,True,True,0.05502649051036368,-0.050000000000003375,True,False,
Silverman1035,Silverman1035:Terrorism_worry:hyp3,Terrorism_worry [hyp3],-1.5555555555556655,2.8243572039193254,,attitude,Silverman1035 effect-specific empirical human analytic respondent pretreatment demographic distribution (unweighted),Silverman1035 effect-specific empirical human analytic respondent pretreatment demographic distribution (unweighted),general_us_adult,True,False,False,True,study_effect_analytic_profile_distribution_unweighted_largest_remainder,GENDER|race_4|pid_3|age_5|EDUC4|ideo_3,False,500,LEGACY_CACHED_NO_F_MODEL_PROVENANCE,LEGACY_CACHED_NO_F_PROMPT_PROTOCOL_PROVENANCE,LEGACY_CACHED_NO_F_INFERENCE_CONFIG_HASH,,LEGACY_CACHED_NO_EFFECT_SPECIFIC_PANEL_PROVENANCE,,DEVELOPMENT_STALE_REQUIRES_REGENERATION_WITH_STUDY_SPECIFIC_F_PANEL,True,survey_experiment,True,True,attitude,1.0,4.0,3.0,True,True,0.08473071611757987,-0.046666666666669965,True,False,
Silverman1035,Silverman1035:Terrorism_worry:hyp4,Terrorism_worry [hyp4],-1.8888888888889899,0.7647182065786517,,attitude,Silverman1035 effect-specific empirical human analytic respondent pretreatment demographic distribution (unweighted),Silverman1035 effect-specific empirical human analytic respondent pretreatment demographic distribution (unweighted),general_us_adult,True,False,False,True,study_effect_analytic_profile_distribution_unweighted_largest_remainder,GENDER|race_4|pid_3|age_5|EDUC4|ideo_3,False,500,LEGACY_CACHED_NO_F_MODEL_PROVENANCE,LEGACY_CACHED_NO_F_PROMPT_PROTOCOL_PROVENANCE,LEGACY_CACHED_NO_F_INFERENCE_CONFIG_HASH,,LEGACY_CACHED_NO_EFFECT_SPECIFIC_PANEL_PROVENANCE,,DEVELOPMENT_STALE_REQUIRES_REGENERATION_WITH_STUDY_SPECIFIC_F_PANEL,True,survey_experiment,True,True,attitude,1.0,4.0,3.0,True,True,0.022941546197359663,-0.05666666666666975,True,False,
Stoker1063,Stoker1063:Anger:hyp1,Anger,-20.11111111111104,-11.257119255684522,,attitude,Stoker1063 effect-specific empirical human analytic respondent pretreatment demographic distribution (unweighted),Stoker1063 effect-specific empirical human analytic respondent pretreatment demographic distribution (unweighted),general_us_adult,True,False,False,True,study_effect_analytic_profile_distribution_unweighted_largest_remainder,GENDER|race_4|pid_3|age_5|EDUC4|ideo_3,False,500,LEGACY_CACHED_NO_F_MODEL_PROVENANCE,LEGACY_CACHED_NO_F_PROMPT_PROTOCOL_PROVENANCE,LEGACY_CACHED_NO_F_INFERENCE_CONFIG_HASH,,LEGACY_CACHED_NO_EFFECT_SPECIFIC_PANEL_PROVENANCE,,DEVELOPMENT_STALE_REQUIRES_REGENERATION_WITH_STUDY_SPECIFIC_F_PANEL,True,survey_experiment,True,True,attitude,1.0,7.0,6.0,True,True,-0.6754271553410716,-1.2066666666666626,True,False,
Stoker1063,Stoker1063:Serious:hyp1,Serious,-17.972222222222246,-7.975655974972041,,attitude,Stoker1063 effect-specific empirical human analytic respondent pretreatment demographic distribution (unweighted),Stoker1063 effect-specific empirical human analytic respondent pretreatment demographic distribution (unweighted),general_us_adult,True,False,False,True,study_effect_analytic_profile_distribution_unweighted_largest_remainder,GENDER|race_4|pid_3|age_5|EDUC4|ideo_3,False,500,LEGACY_CACHED_NO_F_MODEL_PROVENANCE,LEGACY_CACHED_NO_F_PROMPT_PROTOCOL_PROVENANCE,LEGACY_CACHED_NO_F_INFERENCE_CONFIG_HASH,,LEGACY_CACHED_NO_EFFECT_SPECIFIC_PANEL_PROVENANCE,,DEVELOPMENT_STALE_REQUIRES_REGENERATION_WITH_STUDY_SPECIFIC_F_PANEL,True,survey_experiment,True,True,attitude,1.0,7.0,6.0,True,True,-0.4785393584983222,-1.078333333333335,True,False,
Stoker1063,Stoker1063:Worry:hyp1,Worry,-13.062499999999977,-7.8868498276217505,,attitude,Stoker1063 effect-specific empirical human analytic respondent pretreatment demographic distribution (unweighted),Stoker1063 effect-specific empirical human analytic respondent pretreatment demographic distribution (unweighted),general_us_adult,True,False,False,True,study_effect_analytic_profile_distribution_unweighted_largest_remainder,GENDER|race_4|pid_3|age_5|EDUC4|ideo_3,False,500,LEGACY_CACHED_NO_F_MODEL_PROVENANCE,LEGACY_CACHED_NO_F_PROMPT_PROTOCOL_PROVENANCE,LEGACY_CACHED_NO_F_INFERENCE_CONFIG_HASH,,LEGACY_CACHED_NO_EFFECT_SPECIFIC_PANEL_PROVENANCE,,DEVELOPMENT_STALE_REQUIRES_REGENERATION_WITH_STUDY_SPECIFIC_F_PANEL,True,survey_experiment,True,True,attitude,1.0,7.0,6.0,True,True,-0.4732109896573049,-0.7837499999999986,True,False,
Terman1029,Terman1029:donating to HRAC:hyp1,donating to HRAC [hyp1],-4.291666666666494,-1.3438735177866867,,binary_behavior,Terman1029 effect-specific empirical human analytic respondent pretreatment demographic distribution (unweighted),Terman1029 effect-specific empirical human analytic respondent pretreatment demographic distribution (unweighted),general_us_adult,True,False,False,True,study_effect_analytic_profile_distribution_unweighted_largest_remainder,GENDER|race_4|pid_3|age_5|EDUC4,False,500,LEGACY_CACHED_NO_F_MODEL_PROVENANCE,LEGACY_CACHED_NO_F_PROMPT_PROTOCOL_PROVENANCE,LEGACY_CACHED_NO_F_INFERENCE_CONFIG_HASH,,LEGACY_CACHED_NO_EFFECT_SPECIFIC_PANEL_PROVENANCE,,DEVELOPMENT_STALE_REQUIRES_REGENERATION_WITH_STUDY_SPECIFIC_F_PANEL,True,survey_experiment,True,True,binary_behavior,1.0,2.0,1.0,True,True,-0.013438735177866867,-0.04291666666666494,True,False,
Terman1029,Terman1029:donating to HRAC:hyp2,donating to HRAC [hyp2],-8.833333333333005,2.9606980898719826,,binary_behavior,Terman1029 effect-specific empirical human analytic respondent pretreatment demographic distribution (unweighted),Terman1029 effect-specific empirical human analytic respondent pretreatment demographic distribution (unweighted),general_us_adult,True,False,False,True,study_effect_analytic_profile_distribution_unweighted_largest_remainder,GENDER|race_4|pid_3|age_5|EDUC4,False,500,LEGACY_CACHED_NO_F_MODEL_PROVENANCE,LEGACY_CACHED_NO_F_PROMPT_PROTOCOL_PROVENANCE,LEGACY_CACHED_NO_F_INFERENCE_CONFIG_HASH,,LEGACY_CACHED_NO_EFFECT_SPECIFIC_PANEL_PROVENANCE,,DEVELOPMENT_STALE_REQUIRES_REGENERATION_WITH_STUDY_SPECIFIC_F_PANEL,True,survey_experiment,True,True,binary_behavior,1.0,2.0,1.0,True,True,0.029606980898719826,-0.08833333333333004,True,False,
Terman1029,Terman1029:donating to HRAC:hyp3,donating to HRAC [hyp3],2.666666666667039,-1.1822240168700038,,binary_behavior,Terman1029 effect-specific empirical human analytic respondent pretreatment demographic distribution (unweighted),Terman1029 effect-specific empirical human analytic respondent pretreatment demographic distribution (unweighted),general_us_adult,True,False,False,True,study_effect_analytic_profile_distribution_unweighted_largest_remainder,GENDER|race_4|pid_3|age_5|EDUC4,False,500,LEGACY_CACHED_NO_F_MODEL_PROVENANCE,LEGACY_CACHED_NO_F_PROMPT_PROTOCOL_PROVENANCE,LEGACY_CACHED_NO_F_INFERENCE_CONFIG_HASH,,LEGACY_CACHED_NO_EFFECT_SPECIFIC_PANEL_PROVENANCE,,DEVELOPMENT_STALE_REQUIRES_REGENERATION_WITH_STUDY_SPECIFIC_F_PANEL,True,survey_experiment,True,True,binary_behavior,1.0,2.0,1.0,True,True,-0.011822240168700038,0.02666666666667039,True,False,
Terman1029,Terman1029:naitonalist superiority:hyp1,naitonalist superiority [hyp1],-4.479166666666757,1.262958917020085,,attitude,Terman1029 effect-specific empirical human analytic respondent pretreatment demographic distribution (unweighted),Terman1029 effect-specific empirical human analytic respondent pretreatment demographic distribution (unweighted),general_us_adult,True,False,False,True,study_effect_analytic_profile_distribution_unweighted_largest_remainder,GENDER|race_4|pid_3|age_5|EDUC4,False,500,LEGACY_CACHED_NO_F_MODEL_PROVENANCE,LEGACY_CACHED_NO_F_PROMPT_PROTOCOL_PROVENANCE,LEGACY_CACHED_NO_F_INFERENCE_CONFIG_HASH,,LEGACY_CACHED_NO_EFFECT_SPECIFIC_PANEL_PROVENANCE,,DEVELOPMENT_STALE_REQUIRES_REGENERATION_WITH_STUDY_SPECIFIC_F_PANEL,True,survey_experiment,True,True,attitude,1.0,5.0,4.0,True,True,0.0505183566808034,-0.17916666666667025,True,False,
Terman1029,Terman1029:naitonalist superiority:hyp2,naitonalist superiority [hyp2],-1.4166666666664995,0.2191348702977325,,attitude,Terman1029 effect-specific empirical human analytic respondent pretreatment demographic distribution (unweighted),Terman1029 effect-specific empirical human analytic respondent pretreatment demographic distribution (unweighted),general_us_adult,True,False,False,True,study_effect_analytic_profile_distribution_unweighted_largest_remainder,GENDER|race_4|pid_3|age_5|EDUC4,False,500,LEGACY_CACHED_NO_F_MODEL_PROVENANCE,LEGACY_CACHED_NO_F_PROMPT_PROTOCOL_PROVENANCE,LEGACY_CACHED_NO_F_INFERENCE_CONFIG_HASH,,LEGACY_CACHED_NO_EFFECT_SPECIFIC_PANEL_PROVENANCE,,DEVELOPMENT_STALE_REQUIRES_REGENERATION_WITH_STUDY_SPECIFIC_F_PANEL,True,survey_experiment,True,True,attitude,1.0,5.0,4.0,True,True,0.0087653948119093,-0.05666666666665998,True,False,
Terman1029,Terman1029:naitonalist superiority:hyp3,naitonalist superiority [hyp3],-15.249999999999996,-2.6153273809525035,,attitude,Terman1029 effect-specific empirical human analytic respondent pretreatment demographic distribution (unweighted),Terman1029 effect-specific empirical human analytic respondent pretreatment demographic distribution (unweighted),general_us_adult,True,False,False,True,study_effect_analytic_profile_distribution_unweighted_largest_remainder,GENDER|race_4|pid_3|age_5|EDUC4,False,500,LEGACY_CACHED_NO_F_MODEL_PROVENANCE,LEGACY_CACHED_NO_F_PROMPT_PROTOCOL_PROVENANCE,LEGACY_CACHED_NO_F_INFERENCE_CONFIG_HASH,,LEGACY_CACHED_NO_EFFECT_SPECIFIC_PANEL_PROVENANCE,,DEVELOPMENT_STALE_REQUIRES_REGENERATION_WITH_STUDY_SPECIFIC_F_PANEL,True,survey_experiment,True,True,attitude,1.0,5.0,4.0,True,True,-0.10461309523810014,-0.6099999999999999,True,False,
Terman1029,Terman1029:perception of domestic human rights conditions:hyp1,perception of domestic human rights conditions [hyp1],0.5729166666666341,1.8621973102137868,,attitude,Terman1029 effect-specific empirical human analytic respondent pretreatment demographic distribution (unweighted),Terman1029 effect-specific empirical human analytic respondent pretreatment demographic distribution (unweighted),general_us_adult,True,False,False,True,study_effect_analytic_profile_distribution_unweighted_largest_remainder,GENDER|race_4|pid_3|age_5|EDUC4,False,500,LEGACY_CACHED_NO_F_MODEL_PROVENANCE,LEGACY_CACHED_NO_F_PROMPT_PROTOCOL_PROVENANCE,LEGACY_CACHED_NO_F_INFERENCE_CONFIG_HASH,,LEGACY_CACHED_NO_EFFECT_SPECIFIC_PANEL_PROVENANCE,,DEVELOPMENT_STALE_REQUIRES_REGENERATION_WITH_STUDY_SPECIFIC_F_PANEL,True,survey_experiment,True,True,attitude,1.0,5.0,4.0,True,True,0.07448789240855147,0.022916666666665364,True,False,
Terman1029,Terman1029:perception of domestic human rights conditions:hyp2,perception of domestic human rights conditions [hyp2],-1.6249999999999876,-0.21459009740248947,,attitude,Terman1029 effect-specific empirical human analytic respondent pretreatment demographic distribution (unweighted),Terman1029 effect-specific empirical human analytic respondent pretreatment demographic distribution (unweighted),general_us_adult,True,False,False,True,study_effect_analytic_profile_distribution_unweighted_largest_remainder,GENDER|race_4|pid_3|age_5|EDUC4,False,500,LEGACY_CACHED_NO_F_MODEL_PROVENANCE,LEGACY_CACHED_NO_F_PROMPT_PROTOCOL_PROVENANCE,LEGACY_CACHED_NO_F_INFERENCE_CONFIG_HASH,,LEGACY_CACHED_NO_EFFECT_SPECIFIC_PANEL_PROVENANCE,,DEVELOPMENT_STALE_REQUIRES_REGENERATION_WITH_STUDY_SPECIFIC_F_PANEL,True,survey_experiment,True,True,attitude,1.0,5.0,4.0,True,True,-0.008583603896099579,-0.0649999999999995,True,False,
Terman1029,Terman1029:perception of domestic human rights conditions:hyp3,perception of domestic human rights conditions [hyp3],-0.833333333333508,-0.9620009620009973,,attitude,Terman1029 effect-specific empirical human analytic respondent pretreatment demographic distribution (unweighted),Terman1029 effect-specific empirical human analytic respondent pretreatment demographic distribution (unweighted),general_us_adult,True,False,False,True,study_effect_analytic_profile_distribution_unweighted_largest_remainder,GENDER|race_4|pid_3|age_5|EDUC4,False,500,LEGACY_CACHED_NO_F_MODEL_PROVENANCE,LEGACY_CACHED_NO_F_PROMPT_PROTOCOL_PROVENANCE,LEGACY_CACHED_NO_F_INFERENCE_CONFIG_HASH,,LEGACY_CACHED_NO_EFFECT_SPECIFIC_PANEL_PROVENANCE,,DEVELOPMENT_STALE_REQUIRES_REGENERATION_WITH_STUDY_SPECIFIC_F_PANEL,True,survey_experiment,True,True,attitude,1.0,5.0,4.0,True,True,-0.03848003848003989,-0.03333333333334032,True,False,
WallaceS9,WallaceS9:credibility:hyp1,credibility,-10.490740740740668,19.580947383630264,,attitude,WallaceS9 effect-specific empirical human analytic respondent pretreatment demographic distribution (unweighted),WallaceS9 effect-specific empirical human analytic respondent pretreatment demographic distribution (unweighted),general_us_adult,True,False,False,True,study_effect_analytic_profile_distribution_unweighted_largest_remainder,GENDER|race_4|pid_3|age_5|EDUC4|ideo_3,False,500,LEGACY_CACHED_NO_F_MODEL_PROVENANCE,LEGACY_CACHED_NO_F_PROMPT_PROTOCOL_PROVENANCE,LEGACY_CACHED_NO_F_INFERENCE_CONFIG_HASH,,LEGACY_CACHED_NO_EFFECT_SPECIFIC_PANEL_PROVENANCE,,DEVELOPMENT_STALE_REQUIRES_REGENERATION_WITH_STUDY_SPECIFIC_F_PANEL,True,survey_experiment,True,True,attitude,1.0,7.0,6.0,True,True,1.1748568430178161,-0.6294444444444403,True,False,
WallaceS9,WallaceS9:president_approval:hyp1,president_approval,-18.96296296296294,15.632114429687565,,attitude,WallaceS9 effect-specific empirical human analytic respondent pretreatment demographic distribution (unweighted),WallaceS9 effect-specific empirical human analytic respondent pretreatment demographic distribution (unweighted),general_us_adult,True,False,False,True,study_effect_analytic_profile_distribution_unweighted_largest_remainder,GENDER|race_4|pid_3|age_5|EDUC4|ideo_3,False,500,LEGACY_CACHED_NO_F_MODEL_PROVENANCE,LEGACY_CACHED_NO_F_PROMPT_PROTOCOL_PROVENANCE,LEGACY_CACHED_NO_F_INFERENCE_CONFIG_HASH,,LEGACY_CACHED_NO_EFFECT_SPECIFIC_PANEL_PROVENANCE,,DEVELOPMENT_STALE_REQUIRES_REGENERATION_WITH_STUDY_SPECIFIC_F_PANEL,True,survey_experiment,True,True,attitude,1.0,7.0,6.0,True,True,0.9379268657812543,-1.1377777777777762,True,False,
Williamson859,Williamson859:Food stamps:hyp1,Food stamps,-1.9166666666670107,-1.0912698412695043,,attitude,Williamson859 effect-specific empirical human analytic respondent pretreatment demographic distribution (unweighted),Williamson859 effect-specific empirical human analytic respondent pretreatment demographic distribution (unweighted),general_us_adult,True,False,False,True,study_effect_analytic_profile_distribution_unweighted_largest_remainder,GENDER|race_4|pid_3|age_5|EDUC4|ideo_3,False,500,LEGACY_CACHED_NO_F_MODEL_PROVENANCE,LEGACY_CACHED_NO_F_PROMPT_PROTOCOL_PROVENANCE,LEGACY_CACHED_NO_F_INFERENCE_CONFIG_HASH,,LEGACY_CACHED_NO_EFFECT_SPECIFIC_PANEL_PROVENANCE,,DEVELOPMENT_STALE_REQUIRES_REGENERATION_WITH_STUDY_SPECIFIC_F_PANEL,True,survey_experiment,True,True,attitude,1.0,3.0,2.0,True,True,-0.021825396825390087,-0.038333333333340214,True,False,
Williamson859,Williamson859:Military:hyp1,Military,-6.250000000000022,1.2731152765945053,,attitude,Williamson859 effect-specific empirical human analytic respondent pretreatment demographic distribution (unweighted),Williamson859 effect-specific empirical human analytic respondent pretreatment demographic distribution (unweighted),general_us_adult,True,False,False,True,study_effect_analytic_profile_distribution_unweighted_largest_remainder,GENDER|race_4|pid_3|age_5|EDUC4|ideo_3,False,500,LEGACY_CACHED_NO_F_MODEL_PROVENANCE,LEGACY_CACHED_NO_F_PROMPT_PROTOCOL_PROVENANCE,LEGACY_CACHED_NO_F_INFERENCE_CONFIG_HASH,,LEGACY_CACHED_NO_EFFECT_SPECIFIC_PANEL_PROVENANCE,,DEVELOPMENT_STALE_REQUIRES_REGENERATION_WITH_STUDY_SPECIFIC_F_PANEL,True,survey_experiment,True,True,attitude,1.0,3.0,2.0,True,True,0.025462305531890106,-0.12500000000000044,True,False,
Williamson859,Williamson859:Social Security:hyp1,Social Security,-2.3333333333334982,-0.4676889160090014,,attitude,Williamson859 effect-specific empirical human analytic respondent pretreatment demographic distribution (unweighted),Williamson859 effect-specific empirical human analytic respondent pretreatment demographic distribution (unweighted),general_us_adult,True,False,False,True,study_effect_analytic_profile_distribution_unweighted_largest_remainder,GENDER|race_4|pid_3|age_5|EDUC4|ideo_3,False,500,LEGACY_CACHED_NO_F_MODEL_PROVENANCE,LEGACY_CACHED_NO_F_PROMPT_PROTOCOL_PROVENANCE,LEGACY_CACHED_NO_F_INFERENCE_CONFIG_HASH,,LEGACY_CACHED_NO_EFFECT_SPECIFIC_PANEL_PROVENANCE,,DEVELOPMENT_STALE_REQUIRES_REGENERATION_WITH_STUDY_SPECIFIC_F_PANEL,True,survey_experiment,True,True,attitude,1.0,3.0,2.0,True,True,-0.009353778320180028,-0.046666666666669965,True,False,
berganS20,berganS20:support:hyp1,support,9.4444444444445,4.075776397515502,,attitude,secondary archive population not established as general U.S. adults,representative U.S. fallback not transport-compatible with secondary archive population,secondary_population_sensitivity,False,True,False,False,not_matched,,False,240,,,,,,,,False,survey_experiment,True,True,attitude,1.0,7.0,6.0,True,True,0.24454658385092998,0.56666666666667,False,True,target population not transport-compatible
bolsenM6,bolsenM6:Providing Personal Pronouns:hyp1,Providing Personal Pronouns [hyp1],-1.5833333333333255,0.5224596747476662,,attitude,bolsenM6 effect-specific empirical human analytic respondent pretreatment demographic distribution (unweighted),bolsenM6 effect-specific empirical human analytic respondent pretreatment demographic distribution (unweighted),general_us_adult,True,False,False,True,study_effect_analytic_profile_distribution_unweighted_largest_remainder,GENDER|race_4|pid_3|age_5|EDUC4|ideo_3,False,500,LEGACY_CACHED_NO_F_MODEL_PROVENANCE,LEGACY_CACHED_NO_F_PROMPT_PROTOCOL_PROVENANCE,LEGACY_CACHED_NO_F_INFERENCE_CONFIG_HASH,,LEGACY_CACHED_NO_EFFECT_SPECIFIC_PANEL_PROVENANCE,,DEVELOPMENT_STALE_REQUIRES_REGENERATION_WITH_STUDY_SPECIFIC_F_PANEL,True,survey_experiment,True,True,attitude,1.0,7.0,6.0,True,True,0.031347580484860416,-0.09499999999999975,True,False,
bolsenM6,bolsenM6:Providing Personal Pronouns:hyp2,Providing Personal Pronouns [hyp2],-7.888888888888834,7.400708201741835,,attitude,bolsenM6 effect-specific empirical human analytic respondent pretreatment demographic distribution (unweighted),bolsenM6 effect-specific empirical human analytic respondent pretreatment demographic distribution (unweighted),general_us_adult,True,False,False,True,study_effect_analytic_profile_distribution_unweighted_largest_remainder,GENDER|race_4|pid_3|age_5|EDUC4|ideo_3,False,500,LEGACY_CACHED_NO_F_MODEL_PROVENANCE,LEGACY_CACHED_NO_F_PROMPT_PROTOCOL_PROVENANCE,LEGACY_CACHED_NO_F_INFERENCE_CONFIG_HASH,,LEGACY_CACHED_NO_EFFECT_SPECIFIC_PANEL_PROVENANCE,,DEVELOPMENT_STALE_REQUIRES_REGENERATION_WITH_STUDY_SPECIFIC_F_PANEL,True,survey_experiment,True,True,attitude,1.0,7.0,6.0,True,True,0.4440424921045105,-0.47333333333333005,True,False,
bolsenM6,bolsenM6:Providing Personal Pronouns:hyp3,Providing Personal Pronouns [hyp3],-7.055555555555482,1.5754915836720063,,attitude,bolsenM6 effect-specific empirical human analytic respondent pretreatment demographic distribution (unweighted),bolsenM6 effect-specific empirical human analytic respondent pretreatment demographic distribution (unweighted),general_us_adult,True,False,False,True,study_effect_analytic_profile_distribution_unweighted_largest_remainder,GENDER|race_4|pid_3|age_5|EDUC4|ideo_3,False,500,LEGACY_CACHED_NO_F_MODEL_PROVENANCE,LEGACY_CACHED_NO_F_PROMPT_PROTOCOL_PROVENANCE,LEGACY_CACHED_NO_F_INFERENCE_CONFIG_HASH,,LEGACY_CACHED_NO_EFFECT_SPECIFIC_PANEL_PROVENANCE,,DEVELOPMENT_STALE_REQUIRES_REGENERATION_WITH_STUDY_SPECIFIC_F_PANEL,True,survey_experiment,True,True,attitude,1.0,7.0,6.0,True,True,0.09452949502032038,-0.42333333333332934,True,False,
bolsenM6,bolsenM6:They/Them Pronouns in Forms:hyp1,They/Them Pronouns in Forms [hyp1],-0.6388888888888444,0.320132542354834,,attitude,bolsenM6 effect-specific empirical human analytic respondent pretreatment demographic distribution (unweighted),bolsenM6 effect-specific empirical human analytic respondent pretreatment demographic distribution (unweighted),general_us_adult,True,False,False,True,study_effect_analytic_profile_distribution_unweighted_largest_remainder,GENDER|race_4|pid_3|age_5|EDUC4|ideo_3,False,500,LEGACY_CACHED_NO_F_MODEL_PROVENANCE,LEGACY_CACHED_NO_F_PROMPT_PROTOCOL_PROVENANCE,LEGACY_CACHED_NO_F_INFERENCE_CONFIG_HASH,,LEGACY_CACHED_NO_EFFECT_SPECIFIC_PANEL_PROVENANCE,,DEVELOPMENT_STALE_REQUIRES_REGENERATION_WITH_STUDY_SPECIFIC_F_PANEL,True,survey_experiment,True,True,attitude,1.0,7.0,6.0,True,True,0.01920795254129004,-0.038333333333330444,True,False,
bolsenM6,bolsenM6:They/Them Pronouns in Forms:hyp2,They/Them Pronouns in Forms [hyp2],-8.027777777777834,3.1596387151943297,,attitude,bolsenM6 effect-specific empirical human analytic respondent pretreatment demographic distribution (unweighted),bolsenM6 effect-specific empirical human analytic respondent pretreatment demographic distribution (unweighted),general_us_adult,True,False,False,True,study_effect_analytic_profile_distribution_unweighted_largest_remainder,GENDER|race_4|pid_3|age_5|EDUC4|ideo_3,False,500,LEGACY_CACHED_NO_F_MODEL_PROVENANCE,LEGACY_CACHED_NO_F_PROMPT_PROTOCOL_PROVENANCE,LEGACY_CACHED_NO_F_INFERENCE_CONFIG_HASH,,LEGACY_CACHED_NO_EFFECT_SPECIFIC_PANEL_PROVENANCE,,DEVELOPMENT_STALE_REQUIRES_REGENERATION_WITH_STUDY_SPECIFIC_F_PANEL,True,survey_experiment,True,True,attitude,1.0,7.0,6.0,True,True,0.1895783229116601,-0.48166666666667,True,False,
bolsenM6,bolsenM6:They/Them Pronouns in Forms:hyp3,They/Them Pronouns in Forms [hyp3],-5.277777777777837,-2.1144684461266716,,attitude,bolsenM6 effect-specific empirical human analytic respondent pretreatment demographic distribution (unweighted),bolsenM6 effect-specific empirical human analytic respondent pretreatment demographic distribution (unweighted),general_us_adult,True,False,False,True,study_effect_analytic_profile_distribution_unweighted_largest_remainder,GENDER|race_4|pid_3|age_5|EDUC4|ideo_3,False,500,LEGACY_CACHED_NO_F_MODEL_PROVENANCE,LEGACY_CACHED_NO_F_PROMPT_PROTOCOL_PROVENANCE,LEGACY_CACHED_NO_F_INFERENCE_CONFIG_HASH,,LEGACY_CACHED_NO_EFFECT_SPECIFIC_PANEL_PROVENANCE,,DEVELOPMENT_STALE_REQUIRES_REGENERATION_WITH_STUDY_SPECIFIC_F_PANEL,True,survey_experiment,True,True,attitude,1.0,7.0,6.0,True,True,-0.12686810676760008,-0.31666666666667,True,False,
bolsenM6,bolsenM6:Using They/Them Pronouns:hyp1,Using They/Them Pronouns [hyp1],2.0555555555554883,-0.4857485326235089,,attitude,bolsenM6 effect-specific empirical human analytic respondent pretreatment demographic distribution (unweighted),bolsenM6 effect-specific empirical human analytic respondent pretreatment demographic distribution (unweighted),general_us_adult,True,False,False,True,study_effect_analytic_profile_distribution_unweighted_largest_remainder,GENDER|race_4|pid_3|age_5|EDUC4|ideo_3,False,500,LEGACY_CACHED_NO_F_MODEL_PROVENANCE,LEGACY_CACHED_NO_F_PROMPT_PROTOCOL_PROVENANCE,LEGACY_CACHED_NO_F_INFERENCE_CONFIG_HASH,,LEGACY_CACHED_NO_EFFECT_SPECIFIC_PANEL_PROVENANCE,,DEVELOPMENT_STALE_REQUIRES_REGENERATION_WITH_STUDY_SPECIFIC_F_PANEL,True,survey_experiment,True,True,attitude,1.0,7.0,6.0,True,True,-0.029144911957410535,0.12333333333332952,True,False,
bolsenM6,bolsenM6:Using They/Them Pronouns:hyp2,Using They/Them Pronouns [hyp2],-6.888888888888845,-0.49221965020568303,,attitude,bolsenM6 effect-specific empirical human analytic respondent pretreatment demographic distribution (unweighted),bolsenM6 effect-specific empirical human analytic respondent pretreatment demographic distribution (unweighted),general_us_adult,True,False,False,True,study_effect_analytic_profile_distribution_unweighted_largest_remainder,GENDER|race_4|pid_3|age_5|EDUC4|ideo_3,False,500,LEGACY_CACHED_NO_F_MODEL_PROVENANCE,LEGACY_CACHED_NO_F_PROMPT_PROTOCOL_PROVENANCE,LEGACY_CACHED_NO_F_INFERENCE_CONFIG_HASH,,LEGACY_CACHED_NO_EFFECT_SPECIFIC_PANEL_PROVENANCE,,DEVELOPMENT_STALE_REQUIRES_REGENERATION_WITH_STUDY_SPECIFIC_F_PANEL,True,survey_experiment,True,True,attitude,1.0,7.0,6.0,True,True,-0.02953317901234076,-0.41333333333333044,True,False,
bolsenM6,bolsenM6:Using They/Them Pronouns:hyp3,Using They/Them Pronouns [hyp3],-3.1111111111111756,-0.6828849106643498,,attitude,bolsenM6 effect-specific empirical human analytic respondent pretreatment demographic distribution (unweighted),bolsenM6 effect-specific empirical human analytic respondent pretreatment demographic distribution (unweighted),general_us_adult,True,False,False,True,study_effect_analytic_profile_distribution_unweighted_largest_remainder,GENDER|race_4|pid_3|age_5|EDUC4|ideo_3,False,500,LEGACY_CACHED_NO_F_MODEL_PROVENANCE,LEGACY_CACHED_NO_F_PROMPT_PROTOCOL_PROVENANCE,LEGACY_CACHED_NO_F_INFERENCE_CONFIG_HASH,,LEGACY_CACHED_NO_EFFECT_SPECIFIC_PANEL_PROVENANCE,,DEVELOPMENT_STALE_REQUIRES_REGENERATION_WITH_STUDY_SPECIFIC_F_PANEL,True,survey_experiment,True,True,attitude,1.0,7.0,6.0,True,True,-0.04097309463986054,-0.1866666666666701,True,False,
brandtS1,brandtS1:coppock_dv_name:hyp1,coppock_dv_name,-37.44444444444434,-16.074059709853827,,attitude,secondary archive population not established as general U.S. adults,representative U.S. fallback not transport-compatible with secondary archive population,secondary_population_sensitivity,False,True,False,False,not_matched,,False,240,,,,,,,,False,survey_experiment,True,True,attitude,1.0,7.0,6.0,True,True,-0.9644435825912296,-2.2466666666666604,False,True,target population not transport-compatible
bucci1408,bucci1408:Rewarding:hyp1,Rewarding,1.194999999999999,2.5580679362232015,,attitude,bucci1408 effect-specific empirical human analytic respondent pretreatment demographic distribution (unweighted),bucci1408 effect-specific empirical human analytic respondent pretreatment demographic distribution (unweighted),general_us_adult,True,False,False,True,study_effect_analytic_profile_distribution_unweighted_largest_remainder,GENDER|race_4|age_5|EDUC4,False,500,LEGACY_CACHED_NO_F_MODEL_PROVENANCE,LEGACY_CACHED_NO_F_PROMPT_PROTOCOL_PROVENANCE,LEGACY_CACHED_NO_F_INFERENCE_CONFIG_HASH,,LEGACY_CACHED_NO_EFFECT_SPECIFIC_PANEL_PROVENANCE,,DEVELOPMENT_STALE_REQUIRES_REGENERATION_WITH_STUDY_SPECIFIC_F_PANEL,True,survey_experiment,True,True,attitude,0.0,100.0,100.0,True,True,2.5580679362231997,1.1950000000000003,True,False,
caprarielloS2,caprarielloS2:coppock_dv_name:hyp1,coppock_dv_name,-1.0833333333334916,-4.2140979185022465,,attitude,secondary archive population not established as general U.S. adults,representative U.S. fallback not transport-compatible with secondary archive population,secondary_population_sensitivity,False,True,False,False,not_matched,,False,240,,,,,,,,False,survey_experiment,True,True,attitude,1.0,5.0,4.0,True,True,-0.16856391674008986,-0.04333333333333966,False,True,target population not transport-compatible
converseS16,converseS16:coppock_dv_name:hyp1,coppock_dv_name,-1.027777777777672,6.22566348227801,,attitude,secondary archive population not established as general U.S. adults,representative U.S. fallback not transport-compatible with secondary archive population,secondary_population_sensitivity,False,True,False,False,not_matched,,False,240,,,,,,,,False,survey_experiment,True,True,attitude,1.0,7.0,6.0,True,True,0.3735398089366804,-0.06166666666666032,False,True,target population not transport-compatible
death_penalty,death_penalty:Favor Death Penalty:hyp1,Favor Death Penalty,1.4444444444443316,-6.19982337829133,,attitude,secondary archive population not established as general U.S. adults,representative U.S. fallback not transport-compatible with secondary archive population,secondary_population_sensitivity,False,True,False,False,not_matched,,False,240,,,,,,,,False,survey_experiment,True,True,attitude,1.0,4.0,3.0,True,True,-0.18599470134873997,0.04333333333332989,False,True,target population not transport-compatible
dennyS17,dennyS17:hardworking:hyp1,hardworking,1.0416666666664964,3.601560373764001,,attitude,secondary archive population not established as general U.S. adults,representative U.S. fallback not transport-compatible with secondary archive population,secondary_population_sensitivity,False,True,False,False,not_matched,,False,240,,,,,,,,False,survey_experiment,True,True,attitude,1.0,5.0,4.0,True,True,0.14406241495056005,0.04166666666665986,False,True,target population not transport-compatible
flavinS4,flavinS4:coppock_dv_name:hyp1,coppock_dv_name,-11.249999999999998,-13.62729875914725,,attitude,secondary archive population not established as general U.S. adults,representative U.S. fallback not transport-compatible with secondary archive population,secondary_population_sensitivity,False,True,False,False,not_matched,,False,240,,,,,,,,False,survey_experiment,True,True,attitude,1.0,5.0,4.0,True,True,-0.54509195036589,-0.44999999999999996,False,True,target population not transport-compatible
gashS5,gashS5:coppock_dv_name:hyp1,coppock_dv_name,-1.4999999999999958,-18.440030883971335,,attitude,secondary archive population not established as general U.S. adults,representative U.S. fallback not transport-compatible with secondary archive population,secondary_population_sensitivity,False,True,False,False,not_matched,,False,240,,,,,,,,False,survey_experiment,True,True,attitude,1.0,4.0,3.0,True,True,-0.5532009265191402,-0.04499999999999993,False,True,target population not transport-compatible
immigration,immigration:Support for Immigration:hyp1,Support for Immigration,18.874999999999996,8.207857223782256,,attitude,secondary archive population not established as general U.S. adults,representative U.S. fallback not transport-compatible with secondary archive population,secondary_population_sensitivity,False,True,False,False,not_matched,,False,240,,,,,,,,False,survey_experiment,True,True,attitude,1.0,5.0,4.0,True,True,0.3283142889512902,0.7549999999999999,False,True,target population not transport-compatible
jacobsenS7,jacobsenS7:coppock_dv_name:hyp1,coppock_dv_name,-5.3611111111111835,12.081856432487658,,attitude,secondary archive population not established as general U.S. adults,representative U.S. fallback not transport-compatible with secondary archive population,secondary_population_sensitivity,False,True,False,False,not_matched,,False,240,,,,,,,,False,survey_experiment,True,True,attitude,1.0,7.0,6.0,True,True,0.7249113859492597,-0.32166666666667076,False,True,target population not transport-compatible
melloS6,melloS6:coppock_dv_name:hyp1,coppock_dv_name,-42.55555555555568,-13.84941910240034,,attitude,secondary archive population not established as general U.S. adults,representative U.S. fallback not transport-compatible with secondary archive population,secondary_population_sensitivity,False,True,False,False,not_matched,,False,240,,,,,,,,False,survey_experiment,True,True,attitude,1.0,4.0,3.0,True,True,-0.4154825730720102,-1.2766666666666704,False,True,target population not transport-compatible
parmerS15,parmerS15:coppock_dv_name:hyp1,coppock_dv_name,0.16666666666671492,-1.1590134656506046,,binary_behavior,secondary archive population not established as general U.S. adults,representative U.S. fallback not transport-compatible with secondary archive population,secondary_population_sensitivity,False,True,False,False,not_matched,,False,240,,,,,,,,False,survey_experiment,True,True,binary_behavior,0.0,1.0,1.0,True,True,-0.011590134656506046,0.0016666666666671492,False,True,target population not transport-compatible
patriot_act,patriot_act:Patriot Act Support:hyp1,Patriot Act Support,27.13888888888885,19.63012362305317,,attitude,secondary archive population not established as general U.S. adults,representative U.S. fallback not transport-compatible with secondary archive population,secondary_population_sensitivity,False,True,False,False,not_matched,,False,240,,,,,,,,False,survey_experiment,True,True,attitude,1.0,7.0,6.0,True,True,1.1778074173831898,1.6283333333333307,False,True,target population not transport-compatible
pedullaS18,pedullaS18:hiring recommendation:hyp1,hiring recommendation,-0.6666666666665932,1.4409011879106148,,binary_behavior,secondary archive population not established as general U.S. adults,representative U.S. fallback not transport-compatible with secondary archive population,secondary_population_sensitivity,False,True,False,False,not_matched,,False,240,,,,,,,,False,survey_experiment,True,True,binary_behavior,0.0,1.0,1.0,True,True,0.014409011879106148,-0.0066666666666659324,False,True,target population not transport-compatible
piazzaS8,piazzaS8:coppock_dv_name:hyp1,coppock_dv_name,-3.8333333333334996,-0.7364844903987589,,attitude,secondary archive population not established as general U.S. adults,representative U.S. fallback not transport-compatible with secondary archive population,secondary_population_sensitivity,False,True,False,False,not_matched,,False,240,,,,,,,,False,survey_experiment,True,True,attitude,1.0,5.0,4.0,True,True,-0.029459379615950354,-0.15333333333333998,False,True,target population not transport-compatible
shaferS9,shaferS9:coppock_dv_name:hyp1,coppock_dv_name,-0.8749999999999925,-1.3051615445232478,,attitude,secondary archive population not established as general U.S. adults,representative U.S. fallback not transport-compatible with secondary archive population,secondary_population_sensitivity,False,True,False,False,not_matched,,False,240,,,,,,,,False,survey_experiment,True,True,attitude,1.0,5.0,4.0,True,True,-0.052206461780929914,-0.0349999999999997,False,True,target population not transport-compatible
system_threat,system_threat:Way of Life:hyp1,Way of Life,1.791666666666747,-4.299564768563502,,attitude,secondary archive population not established as general U.S. adults,representative U.S. fallback not transport-compatible with secondary archive population,secondary_population_sensitivity,False,True,False,False,not_matched,,False,240,,,,,,,,False,survey_experiment,True,True,attitude,1.0,5.0,4.0,True,True,-0.17198259074254008,0.07166666666666988,False,True,target population not transport-compatible
thompsonS10,thompsonS10:coppock_dv_name:hyp1,coppock_dv_name,-9.999999999999998,-1.6392861084396526,,attitude,secondary archive population not established as general U.S. adults,representative U.S. fallback not transport-compatible with secondary archive population,secondary_population_sensitivity,False,True,False,False,not_matched,,False,240,,,,,,,,False,survey_experiment,True,True,attitude,1.0,7.0,6.0,True,True,-0.09835716650637938,-0.5999999999999996,False,True,target population not transport-compatible
turagaS11,turagaS11:coppock_dv_name:hyp1,coppock_dv_name,1.9166666666665,5.657974398892751,,attitude,secondary archive population not established as general U.S. adults,representative U.S. fallback not transport-compatible with secondary archive population,secondary_population_sensitivity,False,True,False,False,not_matched,,False,240,,,,,,,,False,survey_experiment,True,True,attitude,1.0,5.0,4.0,True,True,0.22631897595571004,0.07666666666666,False,True,target population not transport-compatible
wallaceS12,wallaceS12:coppock_dv_name:hyp1,coppock_dv_name,-47.541666666666494,-23.4880119171475,,attitude,secondary archive population not established as general U.S. adults,representative U.S. fallback not transport-compatible with secondary archive population,secondary_population_sensitivity,False,True,False,False,not_matched,,False,240,,,,,,,,False,survey_experiment,True,True,attitude,1.0,5.0,4.0,True,True,-0.9395204766859,-1.9016666666666597,False,True,target population not transport-compatible
willer845,willer845:SupportClinton:hyp1,SupportClinton,,,,,secondary archive population not established as general U.S. adults,representative U.S. fallback not transport-compatible with secondary archive population,secondary_population_sensitivity,False,True,False,False,not_matched,,False,,,,,,,,,False,survey_experiment,True,True,,,,,False,True,,,False,True,no_llm_match
willer845,willer845:SupportTrump:hyp1,SupportTrump,,,,,secondary archive population not established as general U.S. adults,representative U.S. fallback not transport-compatible with secondary archive population,secondary_population_sensitivity,False,True,False,False,not_matched,,False,,,,,,,,,False,survey_experiment,True,True,,,,,False,True,,,False,True,no_llm_match
willer845,willer845:SupportTrump:hyp2,SupportTrump,,,,,secondary archive population not established as general U.S. adults,representative U.S. fallback not transport-compatible with secondary archive population,secondary_population_sensitivity,False,True,False,False,not_matched,,False,,,,,,,,,False,survey_experiment,True,True,,,,,False,True,,,False,True,no_llm_match
willer845,willer845:race_threat:hyp1,race_threat,,,,,secondary archive population not established as general U.S. adults,representative U.S. fallback not transport-compatible with secondary archive population,secondary_population_sensitivity,False,True,False,False,not_matched,,False,,,,,,,,,False,survey_experiment,True,True,,,,,False,True,,,False,True,no_llm_match
