request_key,custom_id,role,study_id,profile_id,condition_id,outcome_id,replicate_id,requested_model,prompt_hash,schema_version,prompt_protocol_id,prompt_compiler_version,seed,status,required_fields,response_key_map,request_stage,consensus_interaction_protocol_id,consensus_stage_a_request_key,consensus_stage_a_prompt_hash,consensus_stage_a_schema_hash,consensus_feedback_hash
G|LP0001|Consensus|stage_a|replicate_1,G-ae1f15cae401dfc538664b51cca020efc6b45db8,G,target,LP0001,Consensus,consensus_stage_a_estimates,1,google/gemma-4-31B-it,922a9b2ddec71042b276306622bd9570cefd9b796fef99fe948522a7bc8a453e,675efa1486e53a4914248132dda701b834c9e26599d8c4c4d7b41db57bfcf2b0,consensus_two_stage_interactive_adaptation_v1,prompt_compiler_v2_split_g_f,1077939037,pending,Q001|Q002|Q003,"{""Q001"": ""consensus_estimate_human_primary_cause"", ""Q002"": ""consensus_estimate_co2_warms_planet"", ""Q003"": ""consensus_estimate_net_zero_before_2085""}",consensus_stage_a,consensus_two_stage_interactive_adaptation_v1,G|LP0001|Consensus|stage_a|replicate_1,922a9b2ddec71042b276306622bd9570cefd9b796fef99fe948522a7bc8a453e,675efa1486e53a4914248132dda701b834c9e26599d8c4c4d7b41db57bfcf2b0,
G|LP0002|Consensus|stage_a|replicate_1,G-cc3dcb4cff3dc553c731bfc8b31fa2c0002834e0,G,target,LP0002,Consensus,consensus_stage_a_estimates,1,google/gemma-4-31B-it,571618e8d9fd9b536bd7f9d78c000a96cb53b2706713a159672fd678a9b85d39,675efa1486e53a4914248132dda701b834c9e26599d8c4c4d7b41db57bfcf2b0,consensus_two_stage_interactive_adaptation_v1,prompt_compiler_v2_split_g_f,398023664,pending,Q001|Q002|Q003,"{""Q001"": ""consensus_estimate_net_zero_before_2085"", ""Q002"": ""consensus_estimate_co2_warms_planet"", ""Q003"": ""consensus_estimate_human_primary_cause""}",consensus_stage_a,consensus_two_stage_interactive_adaptation_v1,G|LP0002|Consensus|stage_a|replicate_1,571618e8d9fd9b536bd7f9d78c000a96cb53b2706713a159672fd678a9b85d39,675efa1486e53a4914248132dda701b834c9e26599d8c4c4d7b41db57bfcf2b0,
G|LP0003|Consensus|stage_a|replicate_1,G-954669bb7a50cd58e2d42b2cddcecb544b89a34c,G,target,LP0003,Consensus,consensus_stage_a_estimates,1,google/gemma-4-31B-it,5530d0b34ce542e2cbe3c266d5bda4bce36a3b021b3c4e342367681c4d59036e,675efa1486e53a4914248132dda701b834c9e26599d8c4c4d7b41db57bfcf2b0,consensus_two_stage_interactive_adaptation_v1,prompt_compiler_v2_split_g_f,618504401,pending,Q001|Q002|Q003,"{""Q001"": ""consensus_estimate_human_primary_cause"", ""Q002"": ""consensus_estimate_co2_warms_planet"", ""Q003"": ""consensus_estimate_net_zero_before_2085""}",consensus_stage_a,consensus_two_stage_interactive_adaptation_v1,G|LP0003|Consensus|stage_a|replicate_1,5530d0b34ce542e2cbe3c266d5bda4bce36a3b021b3c4e342367681c4d59036e,675efa1486e53a4914248132dda701b834c9e26599d8c4c4d7b41db57bfcf2b0,
G|LP0004|Consensus|stage_a|replicate_1,G-1dfc375115ee6f4188aef322851cdcb0c44954fb,G,target,LP0004,Consensus,consensus_stage_a_estimates,1,google/gemma-4-31B-it,29c4a7116943e3c7ea7724388f927e3d680669f83bb7ad353c193a3b7adfd7a7,675efa1486e53a4914248132dda701b834c9e26599d8c4c4d7b41db57bfcf2b0,consensus_two_stage_interactive_adaptation_v1,prompt_compiler_v2_split_g_f,1374084579,pending,Q001|Q002|Q003,"{""Q001"": ""consensus_estimate_net_zero_before_2085"", ""Q002"": ""consensus_estimate_co2_warms_planet"", ""Q003"": ""consensus_estimate_human_primary_cause""}",consensus_stage_a,consensus_two_stage_interactive_adaptation_v1,G|LP0004|Consensus|stage_a|replicate_1,29c4a7116943e3c7ea7724388f927e3d680669f83bb7ad353c193a3b7adfd7a7,675efa1486e53a4914248132dda701b834c9e26599d8c4c4d7b41db57bfcf2b0,
G|LP0005|Consensus|stage_a|replicate_1,G-bbdc708aed82aaa3bd6adf07029daa36551ec2cb,G,target,LP0005,Consensus,consensus_stage_a_estimates,1,google/gemma-4-31B-it,ecbf2711c3605745c21b6e52f424b63baa806f2cecdda64fb89a29c57cb0910f,675efa1486e53a4914248132dda701b834c9e26599d8c4c4d7b41db57bfcf2b0,consensus_two_stage_interactive_adaptation_v1,prompt_compiler_v2_split_g_f,1698401211,pending,Q001|Q002|Q003,"{""Q001"": ""consensus_estimate_human_primary_cause"", ""Q002"": ""consensus_estimate_co2_warms_planet"", ""Q003"": ""consensus_estimate_net_zero_before_2085""}",consensus_stage_a,consensus_two_stage_interactive_adaptation_v1,G|LP0005|Consensus|stage_a|replicate_1,ecbf2711c3605745c21b6e52f424b63baa806f2cecdda64fb89a29c57cb0910f,675efa1486e53a4914248132dda701b834c9e26599d8c4c4d7b41db57bfcf2b0,
G|LP0006|Consensus|stage_a|replicate_1,G-bc98a1b2af07e7847c7ada0228ff804de6c003c4,G,target,LP0006,Consensus,consensus_stage_a_estimates,1,google/gemma-4-31B-it,388bb93abb43768ac6a680f5077fd6149c76c2fd7fef772b4ecfc8402a2fb535,675efa1486e53a4914248132dda701b834c9e26599d8c4c4d7b41db57bfcf2b0,consensus_two_stage_interactive_adaptation_v1,prompt_compiler_v2_split_g_f,674835180,pending,Q001|Q002|Q003,"{""Q001"": ""consensus_estimate_co2_warms_planet"", ""Q002"": ""consensus_estimate_net_zero_before_2085"", ""Q003"": ""consensus_estimate_human_primary_cause""}",consensus_stage_a,consensus_two_stage_interactive_adaptation_v1,G|LP0006|Consensus|stage_a|replicate_1,388bb93abb43768ac6a680f5077fd6149c76c2fd7fef772b4ecfc8402a2fb535,675efa1486e53a4914248132dda701b834c9e26599d8c4c4d7b41db57bfcf2b0,
G|LP0007|Consensus|stage_a|replicate_1,G-40f1c72ac113911661998d6caf898c68367baa29,G,target,LP0007,Consensus,consensus_stage_a_estimates,1,google/gemma-4-31B-it,c73b8b556935b8ed04b1518b4a59b4083ca1de57421e84dc5e9d01fd9f8327f3,675efa1486e53a4914248132dda701b834c9e26599d8c4c4d7b41db57bfcf2b0,consensus_two_stage_interactive_adaptation_v1,prompt_compiler_v2_split_g_f,1123491692,pending,Q001|Q002|Q003,"{""Q001"": ""consensus_estimate_co2_warms_planet"", ""Q002"": ""consensus_estimate_human_primary_cause"", ""Q003"": ""consensus_estimate_net_zero_before_2085""}",consensus_stage_a,consensus_two_stage_interactive_adaptation_v1,G|LP0007|Consensus|stage_a|replicate_1,c73b8b556935b8ed04b1518b4a59b4083ca1de57421e84dc5e9d01fd9f8327f3,675efa1486e53a4914248132dda701b834c9e26599d8c4c4d7b41db57bfcf2b0,
G|LP0008|Consensus|stage_a|replicate_1,G-b6fb2e728569d82daf2ed9f9fbfa8c41fbe1f4f4,G,target,LP0008,Consensus,consensus_stage_a_estimates,1,google/gemma-4-31B-it,0276db51a4c9560caf6dc049ae28ae1385d26e4f2e27a6be6966dde901363cf5,675efa1486e53a4914248132dda701b834c9e26599d8c4c4d7b41db57bfcf2b0,consensus_two_stage_interactive_adaptation_v1,prompt_compiler_v2_split_g_f,1935684884,pending,Q001|Q002|Q003,"{""Q001"": ""consensus_estimate_co2_warms_planet"", ""Q002"": ""consensus_estimate_net_zero_before_2085"", ""Q003"": ""consensus_estimate_human_primary_cause""}",consensus_stage_a,consensus_two_stage_interactive_adaptation_v1,G|LP0008|Consensus|stage_a|replicate_1,0276db51a4c9560caf6dc049ae28ae1385d26e4f2e27a6be6966dde901363cf5,675efa1486e53a4914248132dda701b834c9e26599d8c4c4d7b41db57bfcf2b0,
G|LP0009|Consensus|stage_a|replicate_1,G-47527d699044566c8e8e8ff707386cc713a07f67,G,target,LP0009,Consensus,consensus_stage_a_estimates,1,google/gemma-4-31B-it,b0a4b0518e24863056ce9962ae4c4277d9b138a99804f6b67ed0da871d960d9f,675efa1486e53a4914248132dda701b834c9e26599d8c4c4d7b41db57bfcf2b0,consensus_two_stage_interactive_adaptation_v1,prompt_compiler_v2_split_g_f,518607168,pending,Q001|Q002|Q003,"{""Q001"": ""consensus_estimate_co2_warms_planet"", ""Q002"": ""consensus_estimate_human_primary_cause"", ""Q003"": ""consensus_estimate_net_zero_before_2085""}",consensus_stage_a,consensus_two_stage_interactive_adaptation_v1,G|LP0009|Consensus|stage_a|replicate_1,b0a4b0518e24863056ce9962ae4c4277d9b138a99804f6b67ed0da871d960d9f,675efa1486e53a4914248132dda701b834c9e26599d8c4c4d7b41db57bfcf2b0,
G|LP0010|Consensus|stage_a|replicate_1,G-21c2bc8ea09aa423597303d9fbc6259812e31f38,G,target,LP0010,Consensus,consensus_stage_a_estimates,1,google/gemma-4-31B-it,bc9ea6daf3ed75e902d3f1a2b5ce6d124df42579b49cfda2e634d059282bcd77,675efa1486e53a4914248132dda701b834c9e26599d8c4c4d7b41db57bfcf2b0,consensus_two_stage_interactive_adaptation_v1,prompt_compiler_v2_split_g_f,1679826240,pending,Q001|Q002|Q003,"{""Q001"": ""consensus_estimate_net_zero_before_2085"", ""Q002"": ""consensus_estimate_co2_warms_planet"", ""Q003"": ""consensus_estimate_human_primary_cause""}",consensus_stage_a,consensus_two_stage_interactive_adaptation_v1,G|LP0010|Consensus|stage_a|replicate_1,bc9ea6daf3ed75e902d3f1a2b5ce6d124df42579b49cfda2e634d059282bcd77,675efa1486e53a4914248132dda701b834c9e26599d8c4c4d7b41db57bfcf2b0,
G|LP0011|Consensus|stage_a|replicate_1,G-a3ffa1cd49defeffc12f3ffd6b7a86a76c738f42,G,target,LP0011,Consensus,consensus_stage_a_estimates,1,google/gemma-4-31B-it,cedf5ffc34e1a742b6493b79b8f46758e9b1aab9349a42368e9993ba23262167,675efa1486e53a4914248132dda701b834c9e26599d8c4c4d7b41db57bfcf2b0,consensus_two_stage_interactive_adaptation_v1,prompt_compiler_v2_split_g_f,299778716,pending,Q001|Q002|Q003,"{""Q001"": ""consensus_estimate_co2_warms_planet"", ""Q002"": ""consensus_estimate_human_primary_cause"", ""Q003"": ""consensus_estimate_net_zero_before_2085""}",consensus_stage_a,consensus_two_stage_interactive_adaptation_v1,G|LP0011|Consensus|stage_a|replicate_1,cedf5ffc34e1a742b6493b79b8f46758e9b1aab9349a42368e9993ba23262167,675efa1486e53a4914248132dda701b834c9e26599d8c4c4d7b41db57bfcf2b0,
G|LP0012|Consensus|stage_a|replicate_1,G-1244b1944b54ddf573d0fa9b5953c818812867f4,G,target,LP0012,Consensus,consensus_stage_a_estimates,1,google/gemma-4-31B-it,97f93b645b7fb9ffc25b5a388dd8dd65e0662e286e190464d6625377f6ade52c,675efa1486e53a4914248132dda701b834c9e26599d8c4c4d7b41db57bfcf2b0,consensus_two_stage_interactive_adaptation_v1,prompt_compiler_v2_split_g_f,1876836637,pending,Q001|Q002|Q003,"{""Q001"": ""consensus_estimate_net_zero_before_2085"", ""Q002"": ""consensus_estimate_co2_warms_planet"", ""Q003"": ""consensus_estimate_human_primary_cause""}",consensus_stage_a,consensus_two_stage_interactive_adaptation_v1,G|LP0012|Consensus|stage_a|replicate_1,97f93b645b7fb9ffc25b5a388dd8dd65e0662e286e190464d6625377f6ade52c,675efa1486e53a4914248132dda701b834c9e26599d8c4c4d7b41db57bfcf2b0,
G|LP0013|Consensus|stage_a|replicate_1,G-9e4460776a398bb8122360ff63ea84cf0b4e1809,G,target,LP0013,Consensus,consensus_stage_a_estimates,1,google/gemma-4-31B-it,c5b49ac413f8ff53e4b9ece395d4c816f27aab4c0b1c22088c288c0e001df309,675efa1486e53a4914248132dda701b834c9e26599d8c4c4d7b41db57bfcf2b0,consensus_two_stage_interactive_adaptation_v1,prompt_compiler_v2_split_g_f,650267817,pending,Q001|Q002|Q003,"{""Q001"": ""consensus_estimate_co2_warms_planet"", ""Q002"": ""consensus_estimate_human_primary_cause"", ""Q003"": ""consensus_estimate_net_zero_before_2085""}",consensus_stage_a,consensus_two_stage_interactive_adaptation_v1,G|LP0013|Consensus|stage_a|replicate_1,c5b49ac413f8ff53e4b9ece395d4c816f27aab4c0b1c22088c288c0e001df309,675efa1486e53a4914248132dda701b834c9e26599d8c4c4d7b41db57bfcf2b0,
G|LP0014|Consensus|stage_a|replicate_1,G-a1239134f7284e7beb91444f97690a7a19e7990d,G,target,LP0014,Consensus,consensus_stage_a_estimates,1,google/gemma-4-31B-it,22b27a3b4358aa0b6493a0f7385d55e099dc0c2491a8596415764a5b15236794,675efa1486e53a4914248132dda701b834c9e26599d8c4c4d7b41db57bfcf2b0,consensus_two_stage_interactive_adaptation_v1,prompt_compiler_v2_split_g_f,963604711,pending,Q001|Q002|Q003,"{""Q001"": ""consensus_estimate_human_primary_cause"", ""Q002"": ""consensus_estimate_net_zero_before_2085"", ""Q003"": ""consensus_estimate_co2_warms_planet""}",consensus_stage_a,consensus_two_stage_interactive_adaptation_v1,G|LP0014|Consensus|stage_a|replicate_1,22b27a3b4358aa0b6493a0f7385d55e099dc0c2491a8596415764a5b15236794,675efa1486e53a4914248132dda701b834c9e26599d8c4c4d7b41db57bfcf2b0,
G|LP0015|Consensus|stage_a|replicate_1,G-2e7a47ddcbfbc8c982e16f9943ee77413a12c76f,G,target,LP0015,Consensus,consensus_stage_a_estimates,1,google/gemma-4-31B-it,d53120d4c23d502920afcfe5b0e700820cbe017d5c7de80edfffc03b8fde5fda,675efa1486e53a4914248132dda701b834c9e26599d8c4c4d7b41db57bfcf2b0,consensus_two_stage_interactive_adaptation_v1,prompt_compiler_v2_split_g_f,686839941,pending,Q001|Q002|Q003,"{""Q001"": ""consensus_estimate_human_primary_cause"", ""Q002"": ""consensus_estimate_net_zero_before_2085"", ""Q003"": ""consensus_estimate_co2_warms_planet""}",consensus_stage_a,consensus_two_stage_interactive_adaptation_v1,G|LP0015|Consensus|stage_a|replicate_1,d53120d4c23d502920afcfe5b0e700820cbe017d5c7de80edfffc03b8fde5fda,675efa1486e53a4914248132dda701b834c9e26599d8c4c4d7b41db57bfcf2b0,
G|LP0016|Consensus|stage_a|replicate_1,G-11e0b6e785b802a219f5d1767348f894ea0e0f52,G,target,LP0016,Consensus,consensus_stage_a_estimates,1,google/gemma-4-31B-it,ac99f28ef50b97d351ddc275b49166883717bfd1d17bd047c23d930d97d2d76d,675efa1486e53a4914248132dda701b834c9e26599d8c4c4d7b41db57bfcf2b0,consensus_two_stage_interactive_adaptation_v1,prompt_compiler_v2_split_g_f,695824497,pending,Q001|Q002|Q003,"{""Q001"": ""consensus_estimate_human_primary_cause"", ""Q002"": ""consensus_estimate_co2_warms_planet"", ""Q003"": ""consensus_estimate_net_zero_before_2085""}",consensus_stage_a,consensus_two_stage_interactive_adaptation_v1,G|LP0016|Consensus|stage_a|replicate_1,ac99f28ef50b97d351ddc275b49166883717bfd1d17bd047c23d930d97d2d76d,675efa1486e53a4914248132dda701b834c9e26599d8c4c4d7b41db57bfcf2b0,
G|LP0017|Consensus|stage_a|replicate_1,G-e9cbe3cd8cf2d512bd59b89df114ef11404954dc,G,target,LP0017,Consensus,consensus_stage_a_estimates,1,google/gemma-4-31B-it,054ba7cb8a1ab9aab16c147c07fa4367fe5945236939e197f1f6d15e71d73e15,675efa1486e53a4914248132dda701b834c9e26599d8c4c4d7b41db57bfcf2b0,consensus_two_stage_interactive_adaptation_v1,prompt_compiler_v2_split_g_f,1619696816,pending,Q001|Q002|Q003,"{""Q001"": ""consensus_estimate_human_primary_cause"", ""Q002"": ""consensus_estimate_net_zero_before_2085"", ""Q003"": ""consensus_estimate_co2_warms_planet""}",consensus_stage_a,consensus_two_stage_interactive_adaptation_v1,G|LP0017|Consensus|stage_a|replicate_1,054ba7cb8a1ab9aab16c147c07fa4367fe5945236939e197f1f6d15e71d73e15,675efa1486e53a4914248132dda701b834c9e26599d8c4c4d7b41db57bfcf2b0,
G|LP0018|Consensus|stage_a|replicate_1,G-e77ec7e1925497cbd9016dac8888d8896d592bad,G,target,LP0018,Consensus,consensus_stage_a_estimates,1,google/gemma-4-31B-it,784f2b075b641519eb41f0b97f2787d0d6946e555f9ba7051e2c4c7c1512ebe5,675efa1486e53a4914248132dda701b834c9e26599d8c4c4d7b41db57bfcf2b0,consensus_two_stage_interactive_adaptation_v1,prompt_compiler_v2_split_g_f,1632774033,pending,Q001|Q002|Q003,"{""Q001"": ""consensus_estimate_human_primary_cause"", ""Q002"": ""consensus_estimate_co2_warms_planet"", ""Q003"": ""consensus_estimate_net_zero_before_2085""}",consensus_stage_a,consensus_two_stage_interactive_adaptation_v1,G|LP0018|Consensus|stage_a|replicate_1,784f2b075b641519eb41f0b97f2787d0d6946e555f9ba7051e2c4c7c1512ebe5,675efa1486e53a4914248132dda701b834c9e26599d8c4c4d7b41db57bfcf2b0,
G|LP0019|Consensus|stage_a|replicate_1,G-50952b4e7d84901fbbc19da76a5e4d13d482bb9b,G,target,LP0019,Consensus,consensus_stage_a_estimates,1,google/gemma-4-31B-it,4eed2deaa0e90e0ff1c5d409a608cd33de3e871502109bd6f84b3a1347de7d66,675efa1486e53a4914248132dda701b834c9e26599d8c4c4d7b41db57bfcf2b0,consensus_two_stage_interactive_adaptation_v1,prompt_compiler_v2_split_g_f,514778813,pending,Q001|Q002|Q003,"{""Q001"": ""consensus_estimate_net_zero_before_2085"", ""Q002"": ""consensus_estimate_co2_warms_planet"", ""Q003"": ""consensus_estimate_human_primary_cause""}",consensus_stage_a,consensus_two_stage_interactive_adaptation_v1,G|LP0019|Consensus|stage_a|replicate_1,4eed2deaa0e90e0ff1c5d409a608cd33de3e871502109bd6f84b3a1347de7d66,675efa1486e53a4914248132dda701b834c9e26599d8c4c4d7b41db57bfcf2b0,
G|LP0020|Consensus|stage_a|replicate_1,G-651b8dcb6081cd8ec74fafbe99045eee9213eabd,G,target,LP0020,Consensus,consensus_stage_a_estimates,1,google/gemma-4-31B-it,ed264936d938709de91d1dda2fcca077853df740d686d38f39be5aba508701e7,675efa1486e53a4914248132dda701b834c9e26599d8c4c4d7b41db57bfcf2b0,consensus_two_stage_interactive_adaptation_v1,prompt_compiler_v2_split_g_f,716761382,pending,Q001|Q002|Q003,"{""Q001"": ""consensus_estimate_net_zero_before_2085"", ""Q002"": ""consensus_estimate_co2_warms_planet"", ""Q003"": ""consensus_estimate_human_primary_cause""}",consensus_stage_a,consensus_two_stage_interactive_adaptation_v1,G|LP0020|Consensus|stage_a|replicate_1,ed264936d938709de91d1dda2fcca077853df740d686d38f39be5aba508701e7,675efa1486e53a4914248132dda701b834c9e26599d8c4c4d7b41db57bfcf2b0,
G|LP0021|Consensus|stage_a|replicate_1,G-8f4d56321b16150311c2ac14a37658f6c91756f6,G,target,LP0021,Consensus,consensus_stage_a_estimates,1,google/gemma-4-31B-it,e1a277a44b3e896d2f5488c90cd699fc0b5863a826ea907572fae28e1d622fcb,675efa1486e53a4914248132dda701b834c9e26599d8c4c4d7b41db57bfcf2b0,consensus_two_stage_interactive_adaptation_v1,prompt_compiler_v2_split_g_f,967885161,pending,Q001|Q002|Q003,"{""Q001"": ""consensus_estimate_net_zero_before_2085"", ""Q002"": ""consensus_estimate_human_primary_cause"", ""Q003"": ""consensus_estimate_co2_warms_planet""}",consensus_stage_a,consensus_two_stage_interactive_adaptation_v1,G|LP0021|Consensus|stage_a|replicate_1,e1a277a44b3e896d2f5488c90cd699fc0b5863a826ea907572fae28e1d622fcb,675efa1486e53a4914248132dda701b834c9e26599d8c4c4d7b41db57bfcf2b0,
G|LP0022|Consensus|stage_a|replicate_1,G-0a6aac88cd66bede30a9b3f2e30d146d7b712c95,G,target,LP0022,Consensus,consensus_stage_a_estimates,1,google/gemma-4-31B-it,b8f75482091c7d5096c9d9621c9b491c6fcb5270f43b1b8cfad3a0b3d9a1b95f,675efa1486e53a4914248132dda701b834c9e26599d8c4c4d7b41db57bfcf2b0,consensus_two_stage_interactive_adaptation_v1,prompt_compiler_v2_split_g_f,1648105455,pending,Q001|Q002|Q003,"{""Q001"": ""consensus_estimate_co2_warms_planet"", ""Q002"": ""consensus_estimate_net_zero_before_2085"", ""Q003"": ""consensus_estimate_human_primary_cause""}",consensus_stage_a,consensus_two_stage_interactive_adaptation_v1,G|LP0022|Consensus|stage_a|replicate_1,b8f75482091c7d5096c9d9621c9b491c6fcb5270f43b1b8cfad3a0b3d9a1b95f,675efa1486e53a4914248132dda701b834c9e26599d8c4c4d7b41db57bfcf2b0,
G|LP0023|Consensus|stage_a|replicate_1,G-1d5fb46be6fe121c5d85e1bf0d06b63da1d33825,G,target,LP0023,Consensus,consensus_stage_a_estimates,1,google/gemma-4-31B-it,f7078ac5766ab285a8f7e44adb822eb1e29669df42198dc194b90b21e50184f3,675efa1486e53a4914248132dda701b834c9e26599d8c4c4d7b41db57bfcf2b0,consensus_two_stage_interactive_adaptation_v1,prompt_compiler_v2_split_g_f,566065908,pending,Q001|Q002|Q003,"{""Q001"": ""consensus_estimate_net_zero_before_2085"", ""Q002"": ""consensus_estimate_co2_warms_planet"", ""Q003"": ""consensus_estimate_human_primary_cause""}",consensus_stage_a,consensus_two_stage_interactive_adaptation_v1,G|LP0023|Consensus|stage_a|replicate_1,f7078ac5766ab285a8f7e44adb822eb1e29669df42198dc194b90b21e50184f3,675efa1486e53a4914248132dda701b834c9e26599d8c4c4d7b41db57bfcf2b0,
G|LP0024|Consensus|stage_a|replicate_1,G-c4c005d64db612d3a1de2c77e5c03ecd5830682e,G,target,LP0024,Consensus,consensus_stage_a_estimates,1,google/gemma-4-31B-it,15f1e27db1ccbdb751c576d0be0fed048b509b4f135ea374e8d015119a72219f,675efa1486e53a4914248132dda701b834c9e26599d8c4c4d7b41db57bfcf2b0,consensus_two_stage_interactive_adaptation_v1,prompt_compiler_v2_split_g_f,1463164546,pending,Q001|Q002|Q003,"{""Q001"": ""consensus_estimate_human_primary_cause"", ""Q002"": ""consensus_estimate_net_zero_before_2085"", ""Q003"": ""consensus_estimate_co2_warms_planet""}",consensus_stage_a,consensus_two_stage_interactive_adaptation_v1,G|LP0024|Consensus|stage_a|replicate_1,15f1e27db1ccbdb751c576d0be0fed048b509b4f135ea374e8d015119a72219f,675efa1486e53a4914248132dda701b834c9e26599d8c4c4d7b41db57bfcf2b0,
G|LP0025|Consensus|stage_a|replicate_1,G-cf34b29d0c5d17fdd64f355155ceca00fe88a522,G,target,LP0025,Consensus,consensus_stage_a_estimates,1,google/gemma-4-31B-it,47ee613d38d15f08095f84075c4d9c0496d95ccc680cb82957806114fc363cfc,675efa1486e53a4914248132dda701b834c9e26599d8c4c4d7b41db57bfcf2b0,consensus_two_stage_interactive_adaptation_v1,prompt_compiler_v2_split_g_f,717651258,pending,Q001|Q002|Q003,"{""Q001"": ""consensus_estimate_co2_warms_planet"", ""Q002"": ""consensus_estimate_human_primary_cause"", ""Q003"": ""consensus_estimate_net_zero_before_2085""}",consensus_stage_a,consensus_two_stage_interactive_adaptation_v1,G|LP0025|Consensus|stage_a|replicate_1,47ee613d38d15f08095f84075c4d9c0496d95ccc680cb82957806114fc363cfc,675efa1486e53a4914248132dda701b834c9e26599d8c4c4d7b41db57bfcf2b0,
G|LP0026|Consensus|stage_a|replicate_1,G-a54c1c272c6c10e90c23164618bce6cde1d2a9d8,G,target,LP0026,Consensus,consensus_stage_a_estimates,1,google/gemma-4-31B-it,f91e62f31e934f1d5900ca2385e5d1f3c3f68b2101153d38f919a9ce230bf94d,675efa1486e53a4914248132dda701b834c9e26599d8c4c4d7b41db57bfcf2b0,consensus_two_stage_interactive_adaptation_v1,prompt_compiler_v2_split_g_f,1996769593,pending,Q001|Q002|Q003,"{""Q001"": ""consensus_estimate_co2_warms_planet"", ""Q002"": ""consensus_estimate_net_zero_before_2085"", ""Q003"": ""consensus_estimate_human_primary_cause""}",consensus_stage_a,consensus_two_stage_interactive_adaptation_v1,G|LP0026|Consensus|stage_a|replicate_1,f91e62f31e934f1d5900ca2385e5d1f3c3f68b2101153d38f919a9ce230bf94d,675efa1486e53a4914248132dda701b834c9e26599d8c4c4d7b41db57bfcf2b0,
G|LP0027|Consensus|stage_a|replicate_1,G-acf6c8acf43a13ea71adad517d3dd22de300b89f,G,target,LP0027,Consensus,consensus_stage_a_estimates,1,google/gemma-4-31B-it,f9a0e8fd439cc4766e99921a8e23276a5a9e7479e395665f67cad68e21973acb,675efa1486e53a4914248132dda701b834c9e26599d8c4c4d7b41db57bfcf2b0,consensus_two_stage_interactive_adaptation_v1,prompt_compiler_v2_split_g_f,1311221062,pending,Q001|Q002|Q003,"{""Q001"": ""consensus_estimate_net_zero_before_2085"", ""Q002"": ""consensus_estimate_co2_warms_planet"", ""Q003"": ""consensus_estimate_human_primary_cause""}",consensus_stage_a,consensus_two_stage_interactive_adaptation_v1,G|LP0027|Consensus|stage_a|replicate_1,f9a0e8fd439cc4766e99921a8e23276a5a9e7479e395665f67cad68e21973acb,675efa1486e53a4914248132dda701b834c9e26599d8c4c4d7b41db57bfcf2b0,
G|LP0028|Consensus|stage_a|replicate_1,G-3f5534fac0e049a9787c0d853847c2867777ed85,G,target,LP0028,Consensus,consensus_stage_a_estimates,1,google/gemma-4-31B-it,6f8f088c8b91dc2f4e80f5fb5545853267e8fd36076ea8eb1feb957acbaca868,675efa1486e53a4914248132dda701b834c9e26599d8c4c4d7b41db57bfcf2b0,consensus_two_stage_interactive_adaptation_v1,prompt_compiler_v2_split_g_f,1066054559,pending,Q001|Q002|Q003,"{""Q001"": ""consensus_estimate_human_primary_cause"", ""Q002"": ""consensus_estimate_net_zero_before_2085"", ""Q003"": ""consensus_estimate_co2_warms_planet""}",consensus_stage_a,consensus_two_stage_interactive_adaptation_v1,G|LP0028|Consensus|stage_a|replicate_1,6f8f088c8b91dc2f4e80f5fb5545853267e8fd36076ea8eb1feb957acbaca868,675efa1486e53a4914248132dda701b834c9e26599d8c4c4d7b41db57bfcf2b0,
G|LP0029|Consensus|stage_a|replicate_1,G-0722ec98200c643398282601bd630cd1d13b73c0,G,target,LP0029,Consensus,consensus_stage_a_estimates,1,google/gemma-4-31B-it,f1e184ba15dbf16af63d2559068ea5f31bca2e910244397a44b6f50f6c00a324,675efa1486e53a4914248132dda701b834c9e26599d8c4c4d7b41db57bfcf2b0,consensus_two_stage_interactive_adaptation_v1,prompt_compiler_v2_split_g_f,777141603,pending,Q001|Q002|Q003,"{""Q001"": ""consensus_estimate_co2_warms_planet"", ""Q002"": ""consensus_estimate_net_zero_before_2085"", ""Q003"": ""consensus_estimate_human_primary_cause""}",consensus_stage_a,consensus_two_stage_interactive_adaptation_v1,G|LP0029|Consensus|stage_a|replicate_1,f1e184ba15dbf16af63d2559068ea5f31bca2e910244397a44b6f50f6c00a324,675efa1486e53a4914248132dda701b834c9e26599d8c4c4d7b41db57bfcf2b0,
G|LP0030|Consensus|stage_a|replicate_1,G-2978670571cdd0962e962458dce1331bed2b608d,G,target,LP0030,Consensus,consensus_stage_a_estimates,1,google/gemma-4-31B-it,5f632ad7b8d9b9b2bf576363cd15e4be6569536e605e60fb24afcd74c78babeb,675efa1486e53a4914248132dda701b834c9e26599d8c4c4d7b41db57bfcf2b0,consensus_two_stage_interactive_adaptation_v1,prompt_compiler_v2_split_g_f,1153343137,pending,Q001|Q002|Q003,"{""Q001"": ""consensus_estimate_human_primary_cause"", ""Q002"": ""consensus_estimate_net_zero_before_2085"", ""Q003"": ""consensus_estimate_co2_warms_planet""}",consensus_stage_a,consensus_two_stage_interactive_adaptation_v1,G|LP0030|Consensus|stage_a|replicate_1,5f632ad7b8d9b9b2bf576363cd15e4be6569536e605e60fb24afcd74c78babeb,675efa1486e53a4914248132dda701b834c9e26599d8c4c4d7b41db57bfcf2b0,
G|LP0031|Consensus|stage_a|replicate_1,G-43463fb17c3cc9c2515f3134a685c473e01589f0,G,target,LP0031,Consensus,consensus_stage_a_estimates,1,google/gemma-4-31B-it,266df0cc0e64221952dbe7e4bc3dfc9716ea9a857dbd29d707a37b3f3403a334,675efa1486e53a4914248132dda701b834c9e26599d8c4c4d7b41db57bfcf2b0,consensus_two_stage_interactive_adaptation_v1,prompt_compiler_v2_split_g_f,46745894,pending,Q001|Q002|Q003,"{""Q001"": ""consensus_estimate_human_primary_cause"", ""Q002"": ""consensus_estimate_co2_warms_planet"", ""Q003"": ""consensus_estimate_net_zero_before_2085""}",consensus_stage_a,consensus_two_stage_interactive_adaptation_v1,G|LP0031|Consensus|stage_a|replicate_1,266df0cc0e64221952dbe7e4bc3dfc9716ea9a857dbd29d707a37b3f3403a334,675efa1486e53a4914248132dda701b834c9e26599d8c4c4d7b41db57bfcf2b0,
G|LP0032|Consensus|stage_a|replicate_1,G-c668b189e160e38d4ee1b4b0272badf02f3bf447,G,target,LP0032,Consensus,consensus_stage_a_estimates,1,google/gemma-4-31B-it,24b09706f325260215ef845d0e3cddccdd80349a142d7087544f6ada36066c0a,675efa1486e53a4914248132dda701b834c9e26599d8c4c4d7b41db57bfcf2b0,consensus_two_stage_interactive_adaptation_v1,prompt_compiler_v2_split_g_f,1848788643,pending,Q001|Q002|Q003,"{""Q001"": ""consensus_estimate_human_primary_cause"", ""Q002"": ""consensus_estimate_co2_warms_planet"", ""Q003"": ""consensus_estimate_net_zero_before_2085""}",consensus_stage_a,consensus_two_stage_interactive_adaptation_v1,G|LP0032|Consensus|stage_a|replicate_1,24b09706f325260215ef845d0e3cddccdd80349a142d7087544f6ada36066c0a,675efa1486e53a4914248132dda701b834c9e26599d8c4c4d7b41db57bfcf2b0,
G|LP0033|Consensus|stage_a|replicate_1,G-0c01abbae2cacc5481ea4597c7b381de7439787b,G,target,LP0033,Consensus,consensus_stage_a_estimates,1,google/gemma-4-31B-it,a75a7b153873a19acfe6c7cd807811cda53cb04f719c3d40b404ab02e7a1e3c5,675efa1486e53a4914248132dda701b834c9e26599d8c4c4d7b41db57bfcf2b0,consensus_two_stage_interactive_adaptation_v1,prompt_compiler_v2_split_g_f,2060329929,pending,Q001|Q002|Q003,"{""Q001"": ""consensus_estimate_net_zero_before_2085"", ""Q002"": ""consensus_estimate_co2_warms_planet"", ""Q003"": ""consensus_estimate_human_primary_cause""}",consensus_stage_a,consensus_two_stage_interactive_adaptation_v1,G|LP0033|Consensus|stage_a|replicate_1,a75a7b153873a19acfe6c7cd807811cda53cb04f719c3d40b404ab02e7a1e3c5,675efa1486e53a4914248132dda701b834c9e26599d8c4c4d7b41db57bfcf2b0,
G|LP0034|Consensus|stage_a|replicate_1,G-de71349588c07d5d72dc13516f5a8dc02c332577,G,target,LP0034,Consensus,consensus_stage_a_estimates,1,google/gemma-4-31B-it,051a79597a78b417250b3015b70bced1bfe23f27d6f32e67c7db77547b512e71,675efa1486e53a4914248132dda701b834c9e26599d8c4c4d7b41db57bfcf2b0,consensus_two_stage_interactive_adaptation_v1,prompt_compiler_v2_split_g_f,1168303755,pending,Q001|Q002|Q003,"{""Q001"": ""consensus_estimate_human_primary_cause"", ""Q002"": ""consensus_estimate_co2_warms_planet"", ""Q003"": ""consensus_estimate_net_zero_before_2085""}",consensus_stage_a,consensus_two_stage_interactive_adaptation_v1,G|LP0034|Consensus|stage_a|replicate_1,051a79597a78b417250b3015b70bced1bfe23f27d6f32e67c7db77547b512e71,675efa1486e53a4914248132dda701b834c9e26599d8c4c4d7b41db57bfcf2b0,
G|LP0035|Consensus|stage_a|replicate_1,G-f97bd0cdde08d2c718cf580041aa65d3c245ffb1,G,target,LP0035,Consensus,consensus_stage_a_estimates,1,google/gemma-4-31B-it,442a831002fb339faa10c8b8d5c344efed622a9b87e1942d49555ebbad4d318e,675efa1486e53a4914248132dda701b834c9e26599d8c4c4d7b41db57bfcf2b0,consensus_two_stage_interactive_adaptation_v1,prompt_compiler_v2_split_g_f,1358984294,pending,Q001|Q002|Q003,"{""Q001"": ""consensus_estimate_human_primary_cause"", ""Q002"": ""consensus_estimate_co2_warms_planet"", ""Q003"": ""consensus_estimate_net_zero_before_2085""}",consensus_stage_a,consensus_two_stage_interactive_adaptation_v1,G|LP0035|Consensus|stage_a|replicate_1,442a831002fb339faa10c8b8d5c344efed622a9b87e1942d49555ebbad4d318e,675efa1486e53a4914248132dda701b834c9e26599d8c4c4d7b41db57bfcf2b0,
G|LP0036|Consensus|stage_a|replicate_1,G-234d7b2090095a9cbeeb79af3a90e5fe0e7797e8,G,target,LP0036,Consensus,consensus_stage_a_estimates,1,google/gemma-4-31B-it,5596688be30ccc44ad1e746b97fb24cd59c2da88040f1d7cc60641c1985fb0f2,675efa1486e53a4914248132dda701b834c9e26599d8c4c4d7b41db57bfcf2b0,consensus_two_stage_interactive_adaptation_v1,prompt_compiler_v2_split_g_f,1453609181,pending,Q001|Q002|Q003,"{""Q001"": ""consensus_estimate_net_zero_before_2085"", ""Q002"": ""consensus_estimate_human_primary_cause"", ""Q003"": ""consensus_estimate_co2_warms_planet""}",consensus_stage_a,consensus_two_stage_interactive_adaptation_v1,G|LP0036|Consensus|stage_a|replicate_1,5596688be30ccc44ad1e746b97fb24cd59c2da88040f1d7cc60641c1985fb0f2,675efa1486e53a4914248132dda701b834c9e26599d8c4c4d7b41db57bfcf2b0,
G|LP0037|Consensus|stage_a|replicate_1,G-f54486f2828981d943794bda9c605a4a4ee8082f,G,target,LP0037,Consensus,consensus_stage_a_estimates,1,google/gemma-4-31B-it,6ca5ebb3e5932e7c44c794a544c6e848a0191140da4da126e3d09c04e717649a,675efa1486e53a4914248132dda701b834c9e26599d8c4c4d7b41db57bfcf2b0,consensus_two_stage_interactive_adaptation_v1,prompt_compiler_v2_split_g_f,1829932993,pending,Q001|Q002|Q003,"{""Q001"": ""consensus_estimate_human_primary_cause"", ""Q002"": ""consensus_estimate_co2_warms_planet"", ""Q003"": ""consensus_estimate_net_zero_before_2085""}",consensus_stage_a,consensus_two_stage_interactive_adaptation_v1,G|LP0037|Consensus|stage_a|replicate_1,6ca5ebb3e5932e7c44c794a544c6e848a0191140da4da126e3d09c04e717649a,675efa1486e53a4914248132dda701b834c9e26599d8c4c4d7b41db57bfcf2b0,
G|LP0038|Consensus|stage_a|replicate_1,G-82c62c2f4b1d6db693c6c4b34ed8f8c9466bc650,G,target,LP0038,Consensus,consensus_stage_a_estimates,1,google/gemma-4-31B-it,f6a7acd741002f30bcbfbf934420c49c918c412d6610139ad713a4e34588a901,675efa1486e53a4914248132dda701b834c9e26599d8c4c4d7b41db57bfcf2b0,consensus_two_stage_interactive_adaptation_v1,prompt_compiler_v2_split_g_f,1353303574,pending,Q001|Q002|Q003,"{""Q001"": ""consensus_estimate_human_primary_cause"", ""Q002"": ""consensus_estimate_net_zero_before_2085"", ""Q003"": ""consensus_estimate_co2_warms_planet""}",consensus_stage_a,consensus_two_stage_interactive_adaptation_v1,G|LP0038|Consensus|stage_a|replicate_1,f6a7acd741002f30bcbfbf934420c49c918c412d6610139ad713a4e34588a901,675efa1486e53a4914248132dda701b834c9e26599d8c4c4d7b41db57bfcf2b0,
G|LP0039|Consensus|stage_a|replicate_1,G-69c8e3be49380f66e85c258f67f28648ca26a8bd,G,target,LP0039,Consensus,consensus_stage_a_estimates,1,google/gemma-4-31B-it,ae9663e43428cbc53e86fc49c79eb4eafbdbd45f9b54df7fde1a261f4c23c8ea,675efa1486e53a4914248132dda701b834c9e26599d8c4c4d7b41db57bfcf2b0,consensus_two_stage_interactive_adaptation_v1,prompt_compiler_v2_split_g_f,482989796,pending,Q001|Q002|Q003,"{""Q001"": ""consensus_estimate_human_primary_cause"", ""Q002"": ""consensus_estimate_co2_warms_planet"", ""Q003"": ""consensus_estimate_net_zero_before_2085""}",consensus_stage_a,consensus_two_stage_interactive_adaptation_v1,G|LP0039|Consensus|stage_a|replicate_1,ae9663e43428cbc53e86fc49c79eb4eafbdbd45f9b54df7fde1a261f4c23c8ea,675efa1486e53a4914248132dda701b834c9e26599d8c4c4d7b41db57bfcf2b0,
G|LP0040|Consensus|stage_a|replicate_1,G-f83b62d3690b4c7239504d1e7343a20893557f44,G,target,LP0040,Consensus,consensus_stage_a_estimates,1,google/gemma-4-31B-it,5dfc4023e255d45f7c93e45705530811308a93688581540f412c5db9f6123885,675efa1486e53a4914248132dda701b834c9e26599d8c4c4d7b41db57bfcf2b0,consensus_two_stage_interactive_adaptation_v1,prompt_compiler_v2_split_g_f,1501696540,pending,Q001|Q002|Q003,"{""Q001"": ""consensus_estimate_human_primary_cause"", ""Q002"": ""consensus_estimate_net_zero_before_2085"", ""Q003"": ""consensus_estimate_co2_warms_planet""}",consensus_stage_a,consensus_two_stage_interactive_adaptation_v1,G|LP0040|Consensus|stage_a|replicate_1,5dfc4023e255d45f7c93e45705530811308a93688581540f412c5db9f6123885,675efa1486e53a4914248132dda701b834c9e26599d8c4c4d7b41db57bfcf2b0,
G|LP0041|Consensus|stage_a|replicate_1,G-0718a4075d40bbde38812c932b875493e1b2c746,G,target,LP0041,Consensus,consensus_stage_a_estimates,1,google/gemma-4-31B-it,2fe5f635fedcc17088807111c15ae6fa983da5f07ee7592241ab54764a1e8d65,675efa1486e53a4914248132dda701b834c9e26599d8c4c4d7b41db57bfcf2b0,consensus_two_stage_interactive_adaptation_v1,prompt_compiler_v2_split_g_f,1802634220,pending,Q001|Q002|Q003,"{""Q001"": ""consensus_estimate_net_zero_before_2085"", ""Q002"": ""consensus_estimate_co2_warms_planet"", ""Q003"": ""consensus_estimate_human_primary_cause""}",consensus_stage_a,consensus_two_stage_interactive_adaptation_v1,G|LP0041|Consensus|stage_a|replicate_1,2fe5f635fedcc17088807111c15ae6fa983da5f07ee7592241ab54764a1e8d65,675efa1486e53a4914248132dda701b834c9e26599d8c4c4d7b41db57bfcf2b0,
G|LP0042|Consensus|stage_a|replicate_1,G-806a9b1627a615a7ba84c22ef5075f4120883dbd,G,target,LP0042,Consensus,consensus_stage_a_estimates,1,google/gemma-4-31B-it,879921584f765ece187bef2a86b5b0f1e6180b311bde5e2baf7415638a11b848,675efa1486e53a4914248132dda701b834c9e26599d8c4c4d7b41db57bfcf2b0,consensus_two_stage_interactive_adaptation_v1,prompt_compiler_v2_split_g_f,679168981,pending,Q001|Q002|Q003,"{""Q001"": ""consensus_estimate_net_zero_before_2085"", ""Q002"": ""consensus_estimate_co2_warms_planet"", ""Q003"": ""consensus_estimate_human_primary_cause""}",consensus_stage_a,consensus_two_stage_interactive_adaptation_v1,G|LP0042|Consensus|stage_a|replicate_1,879921584f765ece187bef2a86b5b0f1e6180b311bde5e2baf7415638a11b848,675efa1486e53a4914248132dda701b834c9e26599d8c4c4d7b41db57bfcf2b0,
G|LP0043|Consensus|stage_a|replicate_1,G-fb4ef17c3215d08418b88efa583c5cd67bd3df36,G,target,LP0043,Consensus,consensus_stage_a_estimates,1,google/gemma-4-31B-it,37f5d2c99659c49c1c5b95846ed4047f6a4f86c8f36a2d6ef3c4570628c792f2,675efa1486e53a4914248132dda701b834c9e26599d8c4c4d7b41db57bfcf2b0,consensus_two_stage_interactive_adaptation_v1,prompt_compiler_v2_split_g_f,682865536,pending,Q001|Q002|Q003,"{""Q001"": ""consensus_estimate_human_primary_cause"", ""Q002"": ""consensus_estimate_co2_warms_planet"", ""Q003"": ""consensus_estimate_net_zero_before_2085""}",consensus_stage_a,consensus_two_stage_interactive_adaptation_v1,G|LP0043|Consensus|stage_a|replicate_1,37f5d2c99659c49c1c5b95846ed4047f6a4f86c8f36a2d6ef3c4570628c792f2,675efa1486e53a4914248132dda701b834c9e26599d8c4c4d7b41db57bfcf2b0,
G|LP0044|Consensus|stage_a|replicate_1,G-bad2e7befec986fd60c2dd309ca9b3298d378431,G,target,LP0044,Consensus,consensus_stage_a_estimates,1,google/gemma-4-31B-it,e603698338f729797e1d1a0650c928d771628d99bb95359ff7b077022a8b7424,675efa1486e53a4914248132dda701b834c9e26599d8c4c4d7b41db57bfcf2b0,consensus_two_stage_interactive_adaptation_v1,prompt_compiler_v2_split_g_f,1953453693,pending,Q001|Q002|Q003,"{""Q001"": ""consensus_estimate_human_primary_cause"", ""Q002"": ""consensus_estimate_co2_warms_planet"", ""Q003"": ""consensus_estimate_net_zero_before_2085""}",consensus_stage_a,consensus_two_stage_interactive_adaptation_v1,G|LP0044|Consensus|stage_a|replicate_1,e603698338f729797e1d1a0650c928d771628d99bb95359ff7b077022a8b7424,675efa1486e53a4914248132dda701b834c9e26599d8c4c4d7b41db57bfcf2b0,
G|LP0045|Consensus|stage_a|replicate_1,G-119476945ea861e242a93bda2e1760d492a31c9c,G,target,LP0045,Consensus,consensus_stage_a_estimates,1,google/gemma-4-31B-it,7b7615a8c375e76a458bc6e1a1848fc613e069e1ce12bcb2f6bb1afc3936dfcb,675efa1486e53a4914248132dda701b834c9e26599d8c4c4d7b41db57bfcf2b0,consensus_two_stage_interactive_adaptation_v1,prompt_compiler_v2_split_g_f,30494475,pending,Q001|Q002|Q003,"{""Q001"": ""consensus_estimate_net_zero_before_2085"", ""Q002"": ""consensus_estimate_human_primary_cause"", ""Q003"": ""consensus_estimate_co2_warms_planet""}",consensus_stage_a,consensus_two_stage_interactive_adaptation_v1,G|LP0045|Consensus|stage_a|replicate_1,7b7615a8c375e76a458bc6e1a1848fc613e069e1ce12bcb2f6bb1afc3936dfcb,675efa1486e53a4914248132dda701b834c9e26599d8c4c4d7b41db57bfcf2b0,
G|LP0046|Consensus|stage_a|replicate_1,G-92b1514b09539903dc0b7962259c1c8c84d5c08c,G,target,LP0046,Consensus,consensus_stage_a_estimates,1,google/gemma-4-31B-it,18a104c999ad33a5004357519a22c5aeffdd8948bdc67046cc829f2b0ced7bb9,675efa1486e53a4914248132dda701b834c9e26599d8c4c4d7b41db57bfcf2b0,consensus_two_stage_interactive_adaptation_v1,prompt_compiler_v2_split_g_f,783694747,pending,Q001|Q002|Q003,"{""Q001"": ""consensus_estimate_human_primary_cause"", ""Q002"": ""consensus_estimate_co2_warms_planet"", ""Q003"": ""consensus_estimate_net_zero_before_2085""}",consensus_stage_a,consensus_two_stage_interactive_adaptation_v1,G|LP0046|Consensus|stage_a|replicate_1,18a104c999ad33a5004357519a22c5aeffdd8948bdc67046cc829f2b0ced7bb9,675efa1486e53a4914248132dda701b834c9e26599d8c4c4d7b41db57bfcf2b0,
G|LP0047|Consensus|stage_a|replicate_1,G-d7479df35072b48499e614a217e8e03b12993e30,G,target,LP0047,Consensus,consensus_stage_a_estimates,1,google/gemma-4-31B-it,e4802fa7f4180a3c29dcf1a676aaa640c6b2180c89760bbae459fcf8235d2c66,675efa1486e53a4914248132dda701b834c9e26599d8c4c4d7b41db57bfcf2b0,consensus_two_stage_interactive_adaptation_v1,prompt_compiler_v2_split_g_f,2130833517,pending,Q001|Q002|Q003,"{""Q001"": ""consensus_estimate_human_primary_cause"", ""Q002"": ""consensus_estimate_net_zero_before_2085"", ""Q003"": ""consensus_estimate_co2_warms_planet""}",consensus_stage_a,consensus_two_stage_interactive_adaptation_v1,G|LP0047|Consensus|stage_a|replicate_1,e4802fa7f4180a3c29dcf1a676aaa640c6b2180c89760bbae459fcf8235d2c66,675efa1486e53a4914248132dda701b834c9e26599d8c4c4d7b41db57bfcf2b0,
G|LP0048|Consensus|stage_a|replicate_1,G-b6b9055a0bf2d6429b2ea976d39e5264501e10c6,G,target,LP0048,Consensus,consensus_stage_a_estimates,1,google/gemma-4-31B-it,99b835d876cda1e9f36481b9381342215ead6e0516638b9fd31b4de8482702da,675efa1486e53a4914248132dda701b834c9e26599d8c4c4d7b41db57bfcf2b0,consensus_two_stage_interactive_adaptation_v1,prompt_compiler_v2_split_g_f,2036654328,pending,Q001|Q002|Q003,"{""Q001"": ""consensus_estimate_human_primary_cause"", ""Q002"": ""consensus_estimate_net_zero_before_2085"", ""Q003"": ""consensus_estimate_co2_warms_planet""}",consensus_stage_a,consensus_two_stage_interactive_adaptation_v1,G|LP0048|Consensus|stage_a|replicate_1,99b835d876cda1e9f36481b9381342215ead6e0516638b9fd31b4de8482702da,675efa1486e53a4914248132dda701b834c9e26599d8c4c4d7b41db57bfcf2b0,
G|LP0049|Consensus|stage_a|replicate_1,G-0212e4bdf592f10ef3beb3ba88141784d174deb3,G,target,LP0049,Consensus,consensus_stage_a_estimates,1,google/gemma-4-31B-it,8adb04b5bf01d64fe12d0a083c1d4fbb649613f151792356298ed17ca505f575,675efa1486e53a4914248132dda701b834c9e26599d8c4c4d7b41db57bfcf2b0,consensus_two_stage_interactive_adaptation_v1,prompt_compiler_v2_split_g_f,2042149513,pending,Q001|Q002|Q003,"{""Q001"": ""consensus_estimate_net_zero_before_2085"", ""Q002"": ""consensus_estimate_co2_warms_planet"", ""Q003"": ""consensus_estimate_human_primary_cause""}",consensus_stage_a,consensus_two_stage_interactive_adaptation_v1,G|LP0049|Consensus|stage_a|replicate_1,8adb04b5bf01d64fe12d0a083c1d4fbb649613f151792356298ed17ca505f575,675efa1486e53a4914248132dda701b834c9e26599d8c4c4d7b41db57bfcf2b0,
G|LP0050|Consensus|stage_a|replicate_1,G-6262bf3abfaa1db619ade2c9e6e477d9e45dda1c,G,target,LP0050,Consensus,consensus_stage_a_estimates,1,google/gemma-4-31B-it,175708653b8eef6e99ba4dfcb7765cf30f4914217820a390dba68448517e24b0,675efa1486e53a4914248132dda701b834c9e26599d8c4c4d7b41db57bfcf2b0,consensus_two_stage_interactive_adaptation_v1,prompt_compiler_v2_split_g_f,74423341,pending,Q001|Q002|Q003,"{""Q001"": ""consensus_estimate_human_primary_cause"", ""Q002"": ""consensus_estimate_co2_warms_planet"", ""Q003"": ""consensus_estimate_net_zero_before_2085""}",consensus_stage_a,consensus_two_stage_interactive_adaptation_v1,G|LP0050|Consensus|stage_a|replicate_1,175708653b8eef6e99ba4dfcb7765cf30f4914217820a390dba68448517e24b0,675efa1486e53a4914248132dda701b834c9e26599d8c4c4d7b41db57bfcf2b0,
G|LP0051|Consensus|stage_a|replicate_1,G-f9461dec03b2f29bb073e9d9a2464ccae8240403,G,target,LP0051,Consensus,consensus_stage_a_estimates,1,google/gemma-4-31B-it,7a7754ea28f440136f4a74ac6d6d366f84f01db318f3cb7e2639cd16be133025,675efa1486e53a4914248132dda701b834c9e26599d8c4c4d7b41db57bfcf2b0,consensus_two_stage_interactive_adaptation_v1,prompt_compiler_v2_split_g_f,1983852150,pending,Q001|Q002|Q003,"{""Q001"": ""consensus_estimate_co2_warms_planet"", ""Q002"": ""consensus_estimate_net_zero_before_2085"", ""Q003"": ""consensus_estimate_human_primary_cause""}",consensus_stage_a,consensus_two_stage_interactive_adaptation_v1,G|LP0051|Consensus|stage_a|replicate_1,7a7754ea28f440136f4a74ac6d6d366f84f01db318f3cb7e2639cd16be133025,675efa1486e53a4914248132dda701b834c9e26599d8c4c4d7b41db57bfcf2b0,
G|LP0052|Consensus|stage_a|replicate_1,G-8f9b98f911d828d4a93f428bb1344abeea7f8ab6,G,target,LP0052,Consensus,consensus_stage_a_estimates,1,google/gemma-4-31B-it,41a2bf900c0ba5be39a6617f159527840f2ec755e02bb249100d76dbc56cf03e,675efa1486e53a4914248132dda701b834c9e26599d8c4c4d7b41db57bfcf2b0,consensus_two_stage_interactive_adaptation_v1,prompt_compiler_v2_split_g_f,823089864,pending,Q001|Q002|Q003,"{""Q001"": ""consensus_estimate_human_primary_cause"", ""Q002"": ""consensus_estimate_co2_warms_planet"", ""Q003"": ""consensus_estimate_net_zero_before_2085""}",consensus_stage_a,consensus_two_stage_interactive_adaptation_v1,G|LP0052|Consensus|stage_a|replicate_1,41a2bf900c0ba5be39a6617f159527840f2ec755e02bb249100d76dbc56cf03e,675efa1486e53a4914248132dda701b834c9e26599d8c4c4d7b41db57bfcf2b0,
G|LP0053|Consensus|stage_a|replicate_1,G-746806713c89ec06e46b4d0107011c0fb2f47c1f,G,target,LP0053,Consensus,consensus_stage_a_estimates,1,google/gemma-4-31B-it,a915285c76ec2492ca9972b074aa33208e800877f103287b873c22be3773ac4e,675efa1486e53a4914248132dda701b834c9e26599d8c4c4d7b41db57bfcf2b0,consensus_two_stage_interactive_adaptation_v1,prompt_compiler_v2_split_g_f,626653418,pending,Q001|Q002|Q003,"{""Q001"": ""consensus_estimate_co2_warms_planet"", ""Q002"": ""consensus_estimate_net_zero_before_2085"", ""Q003"": ""consensus_estimate_human_primary_cause""}",consensus_stage_a,consensus_two_stage_interactive_adaptation_v1,G|LP0053|Consensus|stage_a|replicate_1,a915285c76ec2492ca9972b074aa33208e800877f103287b873c22be3773ac4e,675efa1486e53a4914248132dda701b834c9e26599d8c4c4d7b41db57bfcf2b0,
G|LP0054|Consensus|stage_a|replicate_1,G-c299b48a117fb0db95895c0e135040595e13012c,G,target,LP0054,Consensus,consensus_stage_a_estimates,1,google/gemma-4-31B-it,0213482b2a011559daceea111c5bdd9ed504d54b3263a4e0578a286daab7923b,675efa1486e53a4914248132dda701b834c9e26599d8c4c4d7b41db57bfcf2b0,consensus_two_stage_interactive_adaptation_v1,prompt_compiler_v2_split_g_f,380836338,pending,Q001|Q002|Q003,"{""Q001"": ""consensus_estimate_net_zero_before_2085"", ""Q002"": ""consensus_estimate_co2_warms_planet"", ""Q003"": ""consensus_estimate_human_primary_cause""}",consensus_stage_a,consensus_two_stage_interactive_adaptation_v1,G|LP0054|Consensus|stage_a|replicate_1,0213482b2a011559daceea111c5bdd9ed504d54b3263a4e0578a286daab7923b,675efa1486e53a4914248132dda701b834c9e26599d8c4c4d7b41db57bfcf2b0,
G|LP0055|Consensus|stage_a|replicate_1,G-7fb650acf3ba7019891c97e9b0e09ad69972d28e,G,target,LP0055,Consensus,consensus_stage_a_estimates,1,google/gemma-4-31B-it,ab843982b70229db0fe3846a20e68e592803c3c2884ed3adf272c53c4baec2f5,675efa1486e53a4914248132dda701b834c9e26599d8c4c4d7b41db57bfcf2b0,consensus_two_stage_interactive_adaptation_v1,prompt_compiler_v2_split_g_f,1931940212,pending,Q001|Q002|Q003,"{""Q001"": ""consensus_estimate_human_primary_cause"", ""Q002"": ""consensus_estimate_net_zero_before_2085"", ""Q003"": ""consensus_estimate_co2_warms_planet""}",consensus_stage_a,consensus_two_stage_interactive_adaptation_v1,G|LP0055|Consensus|stage_a|replicate_1,ab843982b70229db0fe3846a20e68e592803c3c2884ed3adf272c53c4baec2f5,675efa1486e53a4914248132dda701b834c9e26599d8c4c4d7b41db57bfcf2b0,
G|LP0056|Consensus|stage_a|replicate_1,G-391af1f938b22bef1d96064599c6f033741014bc,G,target,LP0056,Consensus,consensus_stage_a_estimates,1,google/gemma-4-31B-it,0d0cda86dbfb5649b2ae14e954b643938fdb19e3477c55e791b8adccb8407d0a,675efa1486e53a4914248132dda701b834c9e26599d8c4c4d7b41db57bfcf2b0,consensus_two_stage_interactive_adaptation_v1,prompt_compiler_v2_split_g_f,719851490,pending,Q001|Q002|Q003,"{""Q001"": ""consensus_estimate_co2_warms_planet"", ""Q002"": ""consensus_estimate_human_primary_cause"", ""Q003"": ""consensus_estimate_net_zero_before_2085""}",consensus_stage_a,consensus_two_stage_interactive_adaptation_v1,G|LP0056|Consensus|stage_a|replicate_1,0d0cda86dbfb5649b2ae14e954b643938fdb19e3477c55e791b8adccb8407d0a,675efa1486e53a4914248132dda701b834c9e26599d8c4c4d7b41db57bfcf2b0,
G|LP0057|Consensus|stage_a|replicate_1,G-5aaf5c1f65ff9457e911afd90165b6f0f6e0eab6,G,target,LP0057,Consensus,consensus_stage_a_estimates,1,google/gemma-4-31B-it,090a5335c0476bd1c301827c4a68c5ce0a2e68ce1d56fa11116513d3bd68b00a,675efa1486e53a4914248132dda701b834c9e26599d8c4c4d7b41db57bfcf2b0,consensus_two_stage_interactive_adaptation_v1,prompt_compiler_v2_split_g_f,459164823,pending,Q001|Q002|Q003,"{""Q001"": ""consensus_estimate_net_zero_before_2085"", ""Q002"": ""consensus_estimate_co2_warms_planet"", ""Q003"": ""consensus_estimate_human_primary_cause""}",consensus_stage_a,consensus_two_stage_interactive_adaptation_v1,G|LP0057|Consensus|stage_a|replicate_1,090a5335c0476bd1c301827c4a68c5ce0a2e68ce1d56fa11116513d3bd68b00a,675efa1486e53a4914248132dda701b834c9e26599d8c4c4d7b41db57bfcf2b0,
G|LP0058|Consensus|stage_a|replicate_1,G-cdb7c2519cc61e615f09b8388d4bf256689f09c8,G,target,LP0058,Consensus,consensus_stage_a_estimates,1,google/gemma-4-31B-it,1597cb06e925d697029cf1e0344c927599e74c5107baba7b2888c7fd2c751915,675efa1486e53a4914248132dda701b834c9e26599d8c4c4d7b41db57bfcf2b0,consensus_two_stage_interactive_adaptation_v1,prompt_compiler_v2_split_g_f,943039239,pending,Q001|Q002|Q003,"{""Q001"": ""consensus_estimate_net_zero_before_2085"", ""Q002"": ""consensus_estimate_human_primary_cause"", ""Q003"": ""consensus_estimate_co2_warms_planet""}",consensus_stage_a,consensus_two_stage_interactive_adaptation_v1,G|LP0058|Consensus|stage_a|replicate_1,1597cb06e925d697029cf1e0344c927599e74c5107baba7b2888c7fd2c751915,675efa1486e53a4914248132dda701b834c9e26599d8c4c4d7b41db57bfcf2b0,
G|LP0059|Consensus|stage_a|replicate_1,G-903251601d68093a14e5aa827a05d67dd5a589f3,G,target,LP0059,Consensus,consensus_stage_a_estimates,1,google/gemma-4-31B-it,e23061ccc1c48f9b627f2a46dde15d23b640619896aff8e2dc5f4acf9d505875,675efa1486e53a4914248132dda701b834c9e26599d8c4c4d7b41db57bfcf2b0,consensus_two_stage_interactive_adaptation_v1,prompt_compiler_v2_split_g_f,1036823548,pending,Q001|Q002|Q003,"{""Q001"": ""consensus_estimate_human_primary_cause"", ""Q002"": ""consensus_estimate_net_zero_before_2085"", ""Q003"": ""consensus_estimate_co2_warms_planet""}",consensus_stage_a,consensus_two_stage_interactive_adaptation_v1,G|LP0059|Consensus|stage_a|replicate_1,e23061ccc1c48f9b627f2a46dde15d23b640619896aff8e2dc5f4acf9d505875,675efa1486e53a4914248132dda701b834c9e26599d8c4c4d7b41db57bfcf2b0,
G|LP0060|Consensus|stage_a|replicate_1,G-b5401e4c4d4d97f8381e45919206ade4df241949,G,target,LP0060,Consensus,consensus_stage_a_estimates,1,google/gemma-4-31B-it,a320a583ffff7bd52ed1d7cb4ede2f12e92cb7677ad9a300438499c5706e345e,675efa1486e53a4914248132dda701b834c9e26599d8c4c4d7b41db57bfcf2b0,consensus_two_stage_interactive_adaptation_v1,prompt_compiler_v2_split_g_f,936236179,pending,Q001|Q002|Q003,"{""Q001"": ""consensus_estimate_net_zero_before_2085"", ""Q002"": ""consensus_estimate_co2_warms_planet"", ""Q003"": ""consensus_estimate_human_primary_cause""}",consensus_stage_a,consensus_two_stage_interactive_adaptation_v1,G|LP0060|Consensus|stage_a|replicate_1,a320a583ffff7bd52ed1d7cb4ede2f12e92cb7677ad9a300438499c5706e345e,675efa1486e53a4914248132dda701b834c9e26599d8c4c4d7b41db57bfcf2b0,
G|LP0061|Consensus|stage_a|replicate_1,G-9053cc4b712dfa9c6b85197cc4f179d12ed083e0,G,target,LP0061,Consensus,consensus_stage_a_estimates,1,google/gemma-4-31B-it,926f7e7746a792f486547c57c244cf53f20c8fe563193017337c24c123014679,675efa1486e53a4914248132dda701b834c9e26599d8c4c4d7b41db57bfcf2b0,consensus_two_stage_interactive_adaptation_v1,prompt_compiler_v2_split_g_f,299209525,pending,Q001|Q002|Q003,"{""Q001"": ""consensus_estimate_human_primary_cause"", ""Q002"": ""consensus_estimate_co2_warms_planet"", ""Q003"": ""consensus_estimate_net_zero_before_2085""}",consensus_stage_a,consensus_two_stage_interactive_adaptation_v1,G|LP0061|Consensus|stage_a|replicate_1,926f7e7746a792f486547c57c244cf53f20c8fe563193017337c24c123014679,675efa1486e53a4914248132dda701b834c9e26599d8c4c4d7b41db57bfcf2b0,
G|LP0062|Consensus|stage_a|replicate_1,G-6a4ba8fd216982934539dcd36d13924279a9a196,G,target,LP0062,Consensus,consensus_stage_a_estimates,1,google/gemma-4-31B-it,406087b156ed4f9cbc4fb3cfc92f79af7f2439ef96fc0c7dff8ccb5ce5378849,675efa1486e53a4914248132dda701b834c9e26599d8c4c4d7b41db57bfcf2b0,consensus_two_stage_interactive_adaptation_v1,prompt_compiler_v2_split_g_f,1979765902,pending,Q001|Q002|Q003,"{""Q001"": ""consensus_estimate_human_primary_cause"", ""Q002"": ""consensus_estimate_co2_warms_planet"", ""Q003"": ""consensus_estimate_net_zero_before_2085""}",consensus_stage_a,consensus_two_stage_interactive_adaptation_v1,G|LP0062|Consensus|stage_a|replicate_1,406087b156ed4f9cbc4fb3cfc92f79af7f2439ef96fc0c7dff8ccb5ce5378849,675efa1486e53a4914248132dda701b834c9e26599d8c4c4d7b41db57bfcf2b0,
G|LP0063|Consensus|stage_a|replicate_1,G-787268d020ae88ea37452f22a6285c7194e98d5f,G,target,LP0063,Consensus,consensus_stage_a_estimates,1,google/gemma-4-31B-it,3b723bffc7f2a43679716d02c748a40d7a54280abde6e597c0f75e9ba0aef6de,675efa1486e53a4914248132dda701b834c9e26599d8c4c4d7b41db57bfcf2b0,consensus_two_stage_interactive_adaptation_v1,prompt_compiler_v2_split_g_f,294869644,pending,Q001|Q002|Q003,"{""Q001"": ""consensus_estimate_net_zero_before_2085"", ""Q002"": ""consensus_estimate_co2_warms_planet"", ""Q003"": ""consensus_estimate_human_primary_cause""}",consensus_stage_a,consensus_two_stage_interactive_adaptation_v1,G|LP0063|Consensus|stage_a|replicate_1,3b723bffc7f2a43679716d02c748a40d7a54280abde6e597c0f75e9ba0aef6de,675efa1486e53a4914248132dda701b834c9e26599d8c4c4d7b41db57bfcf2b0,
G|LP0064|Consensus|stage_a|replicate_1,G-249e170a98234a8101832e4b600d3d4d7b023e38,G,target,LP0064,Consensus,consensus_stage_a_estimates,1,google/gemma-4-31B-it,5f4d2c0f598926e9fc64be6c94cb3b0e3dd36e11849ba84abb8d175406ff39b5,675efa1486e53a4914248132dda701b834c9e26599d8c4c4d7b41db57bfcf2b0,consensus_two_stage_interactive_adaptation_v1,prompt_compiler_v2_split_g_f,1633646742,pending,Q001|Q002|Q003,"{""Q001"": ""consensus_estimate_net_zero_before_2085"", ""Q002"": ""consensus_estimate_human_primary_cause"", ""Q003"": ""consensus_estimate_co2_warms_planet""}",consensus_stage_a,consensus_two_stage_interactive_adaptation_v1,G|LP0064|Consensus|stage_a|replicate_1,5f4d2c0f598926e9fc64be6c94cb3b0e3dd36e11849ba84abb8d175406ff39b5,675efa1486e53a4914248132dda701b834c9e26599d8c4c4d7b41db57bfcf2b0,
G|LP0065|Consensus|stage_a|replicate_1,G-108a4d1cccf3e024c353834b71f835100943e8e8,G,target,LP0065,Consensus,consensus_stage_a_estimates,1,google/gemma-4-31B-it,139f6d891e3fb723a0eee717947047675c6c9870ea6dea3da3c4f461f0ae7897,675efa1486e53a4914248132dda701b834c9e26599d8c4c4d7b41db57bfcf2b0,consensus_two_stage_interactive_adaptation_v1,prompt_compiler_v2_split_g_f,1846049373,pending,Q001|Q002|Q003,"{""Q001"": ""consensus_estimate_co2_warms_planet"", ""Q002"": ""consensus_estimate_human_primary_cause"", ""Q003"": ""consensus_estimate_net_zero_before_2085""}",consensus_stage_a,consensus_two_stage_interactive_adaptation_v1,G|LP0065|Consensus|stage_a|replicate_1,139f6d891e3fb723a0eee717947047675c6c9870ea6dea3da3c4f461f0ae7897,675efa1486e53a4914248132dda701b834c9e26599d8c4c4d7b41db57bfcf2b0,
G|LP0066|Consensus|stage_a|replicate_1,G-84d28a7738a70df4271cebbae7957b40ff8bb811,G,target,LP0066,Consensus,consensus_stage_a_estimates,1,google/gemma-4-31B-it,a7dddde907ad9b59107e1a2ee3c104afbf44c831d9e521b031b0e047e1384aea,675efa1486e53a4914248132dda701b834c9e26599d8c4c4d7b41db57bfcf2b0,consensus_two_stage_interactive_adaptation_v1,prompt_compiler_v2_split_g_f,1112285924,pending,Q001|Q002|Q003,"{""Q001"": ""consensus_estimate_net_zero_before_2085"", ""Q002"": ""consensus_estimate_human_primary_cause"", ""Q003"": ""consensus_estimate_co2_warms_planet""}",consensus_stage_a,consensus_two_stage_interactive_adaptation_v1,G|LP0066|Consensus|stage_a|replicate_1,a7dddde907ad9b59107e1a2ee3c104afbf44c831d9e521b031b0e047e1384aea,675efa1486e53a4914248132dda701b834c9e26599d8c4c4d7b41db57bfcf2b0,
G|LP0067|Consensus|stage_a|replicate_1,G-fafc9ab930f0d098abd6ff811d43841c361a9c36,G,target,LP0067,Consensus,consensus_stage_a_estimates,1,google/gemma-4-31B-it,be8f03683f3f92b77632b4d8c062b8394b095bc9367435c20cb1f6ec9539d1a8,675efa1486e53a4914248132dda701b834c9e26599d8c4c4d7b41db57bfcf2b0,consensus_two_stage_interactive_adaptation_v1,prompt_compiler_v2_split_g_f,652871182,pending,Q001|Q002|Q003,"{""Q001"": ""consensus_estimate_net_zero_before_2085"", ""Q002"": ""consensus_estimate_co2_warms_planet"", ""Q003"": ""consensus_estimate_human_primary_cause""}",consensus_stage_a,consensus_two_stage_interactive_adaptation_v1,G|LP0067|Consensus|stage_a|replicate_1,be8f03683f3f92b77632b4d8c062b8394b095bc9367435c20cb1f6ec9539d1a8,675efa1486e53a4914248132dda701b834c9e26599d8c4c4d7b41db57bfcf2b0,
G|LP0068|Consensus|stage_a|replicate_1,G-4fa402596ef1f5ad109b1414adaba45065d74126,G,target,LP0068,Consensus,consensus_stage_a_estimates,1,google/gemma-4-31B-it,6a0946c3653bbe1b53380b07b840ebdfe44b8d2ac8ad99e3661158d7e87a8c65,675efa1486e53a4914248132dda701b834c9e26599d8c4c4d7b41db57bfcf2b0,consensus_two_stage_interactive_adaptation_v1,prompt_compiler_v2_split_g_f,238680673,pending,Q001|Q002|Q003,"{""Q001"": ""consensus_estimate_human_primary_cause"", ""Q002"": ""consensus_estimate_co2_warms_planet"", ""Q003"": ""consensus_estimate_net_zero_before_2085""}",consensus_stage_a,consensus_two_stage_interactive_adaptation_v1,G|LP0068|Consensus|stage_a|replicate_1,6a0946c3653bbe1b53380b07b840ebdfe44b8d2ac8ad99e3661158d7e87a8c65,675efa1486e53a4914248132dda701b834c9e26599d8c4c4d7b41db57bfcf2b0,
G|LP0069|Consensus|stage_a|replicate_1,G-25df53026a52b54675697b4f6d295997e5f13aaf,G,target,LP0069,Consensus,consensus_stage_a_estimates,1,google/gemma-4-31B-it,89a10176d66fa2b78822c8c2ffe4bc7cd22ecd8fef690299aa7d78722946216d,675efa1486e53a4914248132dda701b834c9e26599d8c4c4d7b41db57bfcf2b0,consensus_two_stage_interactive_adaptation_v1,prompt_compiler_v2_split_g_f,907107147,pending,Q001|Q002|Q003,"{""Q001"": ""consensus_estimate_human_primary_cause"", ""Q002"": ""consensus_estimate_co2_warms_planet"", ""Q003"": ""consensus_estimate_net_zero_before_2085""}",consensus_stage_a,consensus_two_stage_interactive_adaptation_v1,G|LP0069|Consensus|stage_a|replicate_1,89a10176d66fa2b78822c8c2ffe4bc7cd22ecd8fef690299aa7d78722946216d,675efa1486e53a4914248132dda701b834c9e26599d8c4c4d7b41db57bfcf2b0,
G|LP0070|Consensus|stage_a|replicate_1,G-8e27dd0d43173cf54846f0cf0eb3188e81f16fd6,G,target,LP0070,Consensus,consensus_stage_a_estimates,1,google/gemma-4-31B-it,987467fe6e1a0eb837837f0db87b97d01da51bdd64ef7d43e60ad34a5f40ba2b,675efa1486e53a4914248132dda701b834c9e26599d8c4c4d7b41db57bfcf2b0,consensus_two_stage_interactive_adaptation_v1,prompt_compiler_v2_split_g_f,1600583441,pending,Q001|Q002|Q003,"{""Q001"": ""consensus_estimate_net_zero_before_2085"", ""Q002"": ""consensus_estimate_co2_warms_planet"", ""Q003"": ""consensus_estimate_human_primary_cause""}",consensus_stage_a,consensus_two_stage_interactive_adaptation_v1,G|LP0070|Consensus|stage_a|replicate_1,987467fe6e1a0eb837837f0db87b97d01da51bdd64ef7d43e60ad34a5f40ba2b,675efa1486e53a4914248132dda701b834c9e26599d8c4c4d7b41db57bfcf2b0,
G|LP0071|Consensus|stage_a|replicate_1,G-d2e05ca12a2f61134aedff4d8fb443ebc7c4cbdb,G,target,LP0071,Consensus,consensus_stage_a_estimates,1,google/gemma-4-31B-it,1d88c6939d3f37ee0f7c69dc93ec221d13769f11da233e1417bc3d20abb983dd,675efa1486e53a4914248132dda701b834c9e26599d8c4c4d7b41db57bfcf2b0,consensus_two_stage_interactive_adaptation_v1,prompt_compiler_v2_split_g_f,1341135448,pending,Q001|Q002|Q003,"{""Q001"": ""consensus_estimate_human_primary_cause"", ""Q002"": ""consensus_estimate_co2_warms_planet"", ""Q003"": ""consensus_estimate_net_zero_before_2085""}",consensus_stage_a,consensus_two_stage_interactive_adaptation_v1,G|LP0071|Consensus|stage_a|replicate_1,1d88c6939d3f37ee0f7c69dc93ec221d13769f11da233e1417bc3d20abb983dd,675efa1486e53a4914248132dda701b834c9e26599d8c4c4d7b41db57bfcf2b0,
G|LP0072|Consensus|stage_a|replicate_1,G-a5f01bc92e030c870c1f48cdc57f6748e462f5c8,G,target,LP0072,Consensus,consensus_stage_a_estimates,1,google/gemma-4-31B-it,db897a0fba1b4376ba3d01250fd074b29678334362c0e475590877236638fb24,675efa1486e53a4914248132dda701b834c9e26599d8c4c4d7b41db57bfcf2b0,consensus_two_stage_interactive_adaptation_v1,prompt_compiler_v2_split_g_f,2044937243,pending,Q001|Q002|Q003,"{""Q001"": ""consensus_estimate_net_zero_before_2085"", ""Q002"": ""consensus_estimate_co2_warms_planet"", ""Q003"": ""consensus_estimate_human_primary_cause""}",consensus_stage_a,consensus_two_stage_interactive_adaptation_v1,G|LP0072|Consensus|stage_a|replicate_1,db897a0fba1b4376ba3d01250fd074b29678334362c0e475590877236638fb24,675efa1486e53a4914248132dda701b834c9e26599d8c4c4d7b41db57bfcf2b0,
G|LP0073|Consensus|stage_a|replicate_1,G-471841c044362d70a5cc31128da1e8f3176020bb,G,target,LP0073,Consensus,consensus_stage_a_estimates,1,google/gemma-4-31B-it,b3865000d2e35ad22cf85169931d429babf0805282bd7291df3096cb5591e950,675efa1486e53a4914248132dda701b834c9e26599d8c4c4d7b41db57bfcf2b0,consensus_two_stage_interactive_adaptation_v1,prompt_compiler_v2_split_g_f,1382461681,pending,Q001|Q002|Q003,"{""Q001"": ""consensus_estimate_co2_warms_planet"", ""Q002"": ""consensus_estimate_net_zero_before_2085"", ""Q003"": ""consensus_estimate_human_primary_cause""}",consensus_stage_a,consensus_two_stage_interactive_adaptation_v1,G|LP0073|Consensus|stage_a|replicate_1,b3865000d2e35ad22cf85169931d429babf0805282bd7291df3096cb5591e950,675efa1486e53a4914248132dda701b834c9e26599d8c4c4d7b41db57bfcf2b0,
G|LP0074|Consensus|stage_a|replicate_1,G-e887a29c5a89fea9a71a040eb9fa2b0226db7731,G,target,LP0074,Consensus,consensus_stage_a_estimates,1,google/gemma-4-31B-it,ed0882d62970336fc62f18d58c36fb70f728c45f3959a81e5272ae60a322d1a6,675efa1486e53a4914248132dda701b834c9e26599d8c4c4d7b41db57bfcf2b0,consensus_two_stage_interactive_adaptation_v1,prompt_compiler_v2_split_g_f,731464677,pending,Q001|Q002|Q003,"{""Q001"": ""consensus_estimate_human_primary_cause"", ""Q002"": ""consensus_estimate_co2_warms_planet"", ""Q003"": ""consensus_estimate_net_zero_before_2085""}",consensus_stage_a,consensus_two_stage_interactive_adaptation_v1,G|LP0074|Consensus|stage_a|replicate_1,ed0882d62970336fc62f18d58c36fb70f728c45f3959a81e5272ae60a322d1a6,675efa1486e53a4914248132dda701b834c9e26599d8c4c4d7b41db57bfcf2b0,
G|LP0075|Consensus|stage_a|replicate_1,G-61eb10773421488fb3451793044ac4e29c319635,G,target,LP0075,Consensus,consensus_stage_a_estimates,1,google/gemma-4-31B-it,eb925ca56550a303dcb9e0c29a75cd6202127cce76e16d1e736a80a898da8144,675efa1486e53a4914248132dda701b834c9e26599d8c4c4d7b41db57bfcf2b0,consensus_two_stage_interactive_adaptation_v1,prompt_compiler_v2_split_g_f,2012703102,pending,Q001|Q002|Q003,"{""Q001"": ""consensus_estimate_human_primary_cause"", ""Q002"": ""consensus_estimate_net_zero_before_2085"", ""Q003"": ""consensus_estimate_co2_warms_planet""}",consensus_stage_a,consensus_two_stage_interactive_adaptation_v1,G|LP0075|Consensus|stage_a|replicate_1,eb925ca56550a303dcb9e0c29a75cd6202127cce76e16d1e736a80a898da8144,675efa1486e53a4914248132dda701b834c9e26599d8c4c4d7b41db57bfcf2b0,
G|LP0076|Consensus|stage_a|replicate_1,G-0b89b0801c58e3a0db0206bffcc58b16f96596b0,G,target,LP0076,Consensus,consensus_stage_a_estimates,1,google/gemma-4-31B-it,4b660d3927fafadccd3e575184632d9374c945ae0832add717afe7fa435b7a06,675efa1486e53a4914248132dda701b834c9e26599d8c4c4d7b41db57bfcf2b0,consensus_two_stage_interactive_adaptation_v1,prompt_compiler_v2_split_g_f,862733472,pending,Q001|Q002|Q003,"{""Q001"": ""consensus_estimate_net_zero_before_2085"", ""Q002"": ""consensus_estimate_human_primary_cause"", ""Q003"": ""consensus_estimate_co2_warms_planet""}",consensus_stage_a,consensus_two_stage_interactive_adaptation_v1,G|LP0076|Consensus|stage_a|replicate_1,4b660d3927fafadccd3e575184632d9374c945ae0832add717afe7fa435b7a06,675efa1486e53a4914248132dda701b834c9e26599d8c4c4d7b41db57bfcf2b0,
G|LP0077|Consensus|stage_a|replicate_1,G-5b34f8b592f85e95f287516df72adc7079c4e13d,G,target,LP0077,Consensus,consensus_stage_a_estimates,1,google/gemma-4-31B-it,6c296837a0607a837eba860757ce317f60bbe6eff88c9086fba0b967a5d01296,675efa1486e53a4914248132dda701b834c9e26599d8c4c4d7b41db57bfcf2b0,consensus_two_stage_interactive_adaptation_v1,prompt_compiler_v2_split_g_f,1231179777,pending,Q001|Q002|Q003,"{""Q001"": ""consensus_estimate_net_zero_before_2085"", ""Q002"": ""consensus_estimate_human_primary_cause"", ""Q003"": ""consensus_estimate_co2_warms_planet""}",consensus_stage_a,consensus_two_stage_interactive_adaptation_v1,G|LP0077|Consensus|stage_a|replicate_1,6c296837a0607a837eba860757ce317f60bbe6eff88c9086fba0b967a5d01296,675efa1486e53a4914248132dda701b834c9e26599d8c4c4d7b41db57bfcf2b0,
G|LP0078|Consensus|stage_a|replicate_1,G-aa5bec08ff69a87f186a4f0eefe19936a3f7d945,G,target,LP0078,Consensus,consensus_stage_a_estimates,1,google/gemma-4-31B-it,4c19744a5a553288f88bb8a5e0c3579b20992f8dc02de48f42b175072f260ce9,675efa1486e53a4914248132dda701b834c9e26599d8c4c4d7b41db57bfcf2b0,consensus_two_stage_interactive_adaptation_v1,prompt_compiler_v2_split_g_f,1411481747,pending,Q001|Q002|Q003,"{""Q001"": ""consensus_estimate_co2_warms_planet"", ""Q002"": ""consensus_estimate_net_zero_before_2085"", ""Q003"": ""consensus_estimate_human_primary_cause""}",consensus_stage_a,consensus_two_stage_interactive_adaptation_v1,G|LP0078|Consensus|stage_a|replicate_1,4c19744a5a553288f88bb8a5e0c3579b20992f8dc02de48f42b175072f260ce9,675efa1486e53a4914248132dda701b834c9e26599d8c4c4d7b41db57bfcf2b0,
G|LP0079|Consensus|stage_a|replicate_1,G-b1d7e4b5ce46e7b796c62053a1738abf6572c49a,G,target,LP0079,Consensus,consensus_stage_a_estimates,1,google/gemma-4-31B-it,2383cc5b902895d63f5f0ba14a0c16f0fd7b95103f510a94b6c74ada88c47557,675efa1486e53a4914248132dda701b834c9e26599d8c4c4d7b41db57bfcf2b0,consensus_two_stage_interactive_adaptation_v1,prompt_compiler_v2_split_g_f,838250789,pending,Q001|Q002|Q003,"{""Q001"": ""consensus_estimate_net_zero_before_2085"", ""Q002"": ""consensus_estimate_co2_warms_planet"", ""Q003"": ""consensus_estimate_human_primary_cause""}",consensus_stage_a,consensus_two_stage_interactive_adaptation_v1,G|LP0079|Consensus|stage_a|replicate_1,2383cc5b902895d63f5f0ba14a0c16f0fd7b95103f510a94b6c74ada88c47557,675efa1486e53a4914248132dda701b834c9e26599d8c4c4d7b41db57bfcf2b0,
G|LP0080|Consensus|stage_a|replicate_1,G-289a76a38e17141ef09eedb0da0d35e8005ddfe2,G,target,LP0080,Consensus,consensus_stage_a_estimates,1,google/gemma-4-31B-it,85e8aba985f6d7c828705151080032eb612d6d7639158bab3291dad8b7376613,675efa1486e53a4914248132dda701b834c9e26599d8c4c4d7b41db57bfcf2b0,consensus_two_stage_interactive_adaptation_v1,prompt_compiler_v2_split_g_f,1598816613,pending,Q001|Q002|Q003,"{""Q001"": ""consensus_estimate_human_primary_cause"", ""Q002"": ""consensus_estimate_co2_warms_planet"", ""Q003"": ""consensus_estimate_net_zero_before_2085""}",consensus_stage_a,consensus_two_stage_interactive_adaptation_v1,G|LP0080|Consensus|stage_a|replicate_1,85e8aba985f6d7c828705151080032eb612d6d7639158bab3291dad8b7376613,675efa1486e53a4914248132dda701b834c9e26599d8c4c4d7b41db57bfcf2b0,
G|LP0081|Consensus|stage_a|replicate_1,G-587e83f8baa545ff1755b03a2b3a0095d7199bea,G,target,LP0081,Consensus,consensus_stage_a_estimates,1,google/gemma-4-31B-it,76aa132447cda0a55439a08a273292e9e9fbc26ebededb754ce55ec3bfc2be6e,675efa1486e53a4914248132dda701b834c9e26599d8c4c4d7b41db57bfcf2b0,consensus_two_stage_interactive_adaptation_v1,prompt_compiler_v2_split_g_f,1805798897,pending,Q001|Q002|Q003,"{""Q001"": ""consensus_estimate_net_zero_before_2085"", ""Q002"": ""consensus_estimate_human_primary_cause"", ""Q003"": ""consensus_estimate_co2_warms_planet""}",consensus_stage_a,consensus_two_stage_interactive_adaptation_v1,G|LP0081|Consensus|stage_a|replicate_1,76aa132447cda0a55439a08a273292e9e9fbc26ebededb754ce55ec3bfc2be6e,675efa1486e53a4914248132dda701b834c9e26599d8c4c4d7b41db57bfcf2b0,
G|LP0082|Consensus|stage_a|replicate_1,G-ac029b4a160d0c2ebd06781fc1ed4a8a46b03caf,G,target,LP0082,Consensus,consensus_stage_a_estimates,1,google/gemma-4-31B-it,3edc64902b1a9b8d90f0e5cfd6f638daeebe08ffcc5673e717fe637edef0a7a2,675efa1486e53a4914248132dda701b834c9e26599d8c4c4d7b41db57bfcf2b0,consensus_two_stage_interactive_adaptation_v1,prompt_compiler_v2_split_g_f,1846690500,pending,Q001|Q002|Q003,"{""Q001"": ""consensus_estimate_co2_warms_planet"", ""Q002"": ""consensus_estimate_human_primary_cause"", ""Q003"": ""consensus_estimate_net_zero_before_2085""}",consensus_stage_a,consensus_two_stage_interactive_adaptation_v1,G|LP0082|Consensus|stage_a|replicate_1,3edc64902b1a9b8d90f0e5cfd6f638daeebe08ffcc5673e717fe637edef0a7a2,675efa1486e53a4914248132dda701b834c9e26599d8c4c4d7b41db57bfcf2b0,
G|LP0083|Consensus|stage_a|replicate_1,G-bf6f95230cc8c59dd17da76a2ff96758735597e5,G,target,LP0083,Consensus,consensus_stage_a_estimates,1,google/gemma-4-31B-it,425287ae143f7526ca2a3e52aa541b55d592126f146ac502685d73f0a878e19d,675efa1486e53a4914248132dda701b834c9e26599d8c4c4d7b41db57bfcf2b0,consensus_two_stage_interactive_adaptation_v1,prompt_compiler_v2_split_g_f,195555302,pending,Q001|Q002|Q003,"{""Q001"": ""consensus_estimate_co2_warms_planet"", ""Q002"": ""consensus_estimate_human_primary_cause"", ""Q003"": ""consensus_estimate_net_zero_before_2085""}",consensus_stage_a,consensus_two_stage_interactive_adaptation_v1,G|LP0083|Consensus|stage_a|replicate_1,425287ae143f7526ca2a3e52aa541b55d592126f146ac502685d73f0a878e19d,675efa1486e53a4914248132dda701b834c9e26599d8c4c4d7b41db57bfcf2b0,
G|LP0084|Consensus|stage_a|replicate_1,G-ec7ce01e08d56635fdb59d241cb6e493f2b92ec7,G,target,LP0084,Consensus,consensus_stage_a_estimates,1,google/gemma-4-31B-it,d637025a6b74d82970a7a5ca820d93d2d97990555790c00bca66e71e9c1386a3,675efa1486e53a4914248132dda701b834c9e26599d8c4c4d7b41db57bfcf2b0,consensus_two_stage_interactive_adaptation_v1,prompt_compiler_v2_split_g_f,1640965748,pending,Q001|Q002|Q003,"{""Q001"": ""consensus_estimate_net_zero_before_2085"", ""Q002"": ""consensus_estimate_human_primary_cause"", ""Q003"": ""consensus_estimate_co2_warms_planet""}",consensus_stage_a,consensus_two_stage_interactive_adaptation_v1,G|LP0084|Consensus|stage_a|replicate_1,d637025a6b74d82970a7a5ca820d93d2d97990555790c00bca66e71e9c1386a3,675efa1486e53a4914248132dda701b834c9e26599d8c4c4d7b41db57bfcf2b0,
G|LP0085|Consensus|stage_a|replicate_1,G-f5121d648137607685115da06e671f1464389dde,G,target,LP0085,Consensus,consensus_stage_a_estimates,1,google/gemma-4-31B-it,f85b9717dc7c7a931a1f0b34912f0005e54b201f94b5eeed8517fd0f95a98ba6,675efa1486e53a4914248132dda701b834c9e26599d8c4c4d7b41db57bfcf2b0,consensus_two_stage_interactive_adaptation_v1,prompt_compiler_v2_split_g_f,1801165634,pending,Q001|Q002|Q003,"{""Q001"": ""consensus_estimate_net_zero_before_2085"", ""Q002"": ""consensus_estimate_co2_warms_planet"", ""Q003"": ""consensus_estimate_human_primary_cause""}",consensus_stage_a,consensus_two_stage_interactive_adaptation_v1,G|LP0085|Consensus|stage_a|replicate_1,f85b9717dc7c7a931a1f0b34912f0005e54b201f94b5eeed8517fd0f95a98ba6,675efa1486e53a4914248132dda701b834c9e26599d8c4c4d7b41db57bfcf2b0,
G|LP0086|Consensus|stage_a|replicate_1,G-0e6348fd006e61de5b68f0ecb6142fe09280f0e8,G,target,LP0086,Consensus,consensus_stage_a_estimates,1,google/gemma-4-31B-it,02149da6bd8ad6a975539f89b3239d683061f78023899afb3564b31679f002b6,675efa1486e53a4914248132dda701b834c9e26599d8c4c4d7b41db57bfcf2b0,consensus_two_stage_interactive_adaptation_v1,prompt_compiler_v2_split_g_f,490009560,pending,Q001|Q002|Q003,"{""Q001"": ""consensus_estimate_human_primary_cause"", ""Q002"": ""consensus_estimate_co2_warms_planet"", ""Q003"": ""consensus_estimate_net_zero_before_2085""}",consensus_stage_a,consensus_two_stage_interactive_adaptation_v1,G|LP0086|Consensus|stage_a|replicate_1,02149da6bd8ad6a975539f89b3239d683061f78023899afb3564b31679f002b6,675efa1486e53a4914248132dda701b834c9e26599d8c4c4d7b41db57bfcf2b0,
G|LP0087|Consensus|stage_a|replicate_1,G-59bcbbb0b28076377959aa36ab9eb286c6b22507,G,target,LP0087,Consensus,consensus_stage_a_estimates,1,google/gemma-4-31B-it,63e7de03b8ab0a554e05c174caf48257a8d0086fbcf073b6558bcf46e99a65bd,675efa1486e53a4914248132dda701b834c9e26599d8c4c4d7b41db57bfcf2b0,consensus_two_stage_interactive_adaptation_v1,prompt_compiler_v2_split_g_f,1710878105,pending,Q001|Q002|Q003,"{""Q001"": ""consensus_estimate_human_primary_cause"", ""Q002"": ""consensus_estimate_co2_warms_planet"", ""Q003"": ""consensus_estimate_net_zero_before_2085""}",consensus_stage_a,consensus_two_stage_interactive_adaptation_v1,G|LP0087|Consensus|stage_a|replicate_1,63e7de03b8ab0a554e05c174caf48257a8d0086fbcf073b6558bcf46e99a65bd,675efa1486e53a4914248132dda701b834c9e26599d8c4c4d7b41db57bfcf2b0,
G|LP0088|Consensus|stage_a|replicate_1,G-2d9d2ded4b07e7561b96e7442228eae859260c9d,G,target,LP0088,Consensus,consensus_stage_a_estimates,1,google/gemma-4-31B-it,c6d3d5dc700f4570cd91a09fca5fb0124c3b1300a09c227664371307b06dd6cd,675efa1486e53a4914248132dda701b834c9e26599d8c4c4d7b41db57bfcf2b0,consensus_two_stage_interactive_adaptation_v1,prompt_compiler_v2_split_g_f,641876785,pending,Q001|Q002|Q003,"{""Q001"": ""consensus_estimate_net_zero_before_2085"", ""Q002"": ""consensus_estimate_human_primary_cause"", ""Q003"": ""consensus_estimate_co2_warms_planet""}",consensus_stage_a,consensus_two_stage_interactive_adaptation_v1,G|LP0088|Consensus|stage_a|replicate_1,c6d3d5dc700f4570cd91a09fca5fb0124c3b1300a09c227664371307b06dd6cd,675efa1486e53a4914248132dda701b834c9e26599d8c4c4d7b41db57bfcf2b0,
G|LP0089|Consensus|stage_a|replicate_1,G-0d0d1f354edca3e48f812599cfc1ee5d09375ce8,G,target,LP0089,Consensus,consensus_stage_a_estimates,1,google/gemma-4-31B-it,6c1b262f4669cb8fe6dcc9b5b2b0b0148692959a824a9a5d2c29efbff2793bbc,675efa1486e53a4914248132dda701b834c9e26599d8c4c4d7b41db57bfcf2b0,consensus_two_stage_interactive_adaptation_v1,prompt_compiler_v2_split_g_f,1761010254,pending,Q001|Q002|Q003,"{""Q001"": ""consensus_estimate_co2_warms_planet"", ""Q002"": ""consensus_estimate_net_zero_before_2085"", ""Q003"": ""consensus_estimate_human_primary_cause""}",consensus_stage_a,consensus_two_stage_interactive_adaptation_v1,G|LP0089|Consensus|stage_a|replicate_1,6c1b262f4669cb8fe6dcc9b5b2b0b0148692959a824a9a5d2c29efbff2793bbc,675efa1486e53a4914248132dda701b834c9e26599d8c4c4d7b41db57bfcf2b0,
G|LP0090|Consensus|stage_a|replicate_1,G-0dc5d0e0e82fd4badb0a9fcba9ce6e441a40e1a9,G,target,LP0090,Consensus,consensus_stage_a_estimates,1,google/gemma-4-31B-it,f8262a766fcb008b11fcf5047619bae1b12afc129e5de0cf1017b307ba3e0079,675efa1486e53a4914248132dda701b834c9e26599d8c4c4d7b41db57bfcf2b0,consensus_two_stage_interactive_adaptation_v1,prompt_compiler_v2_split_g_f,62617212,pending,Q001|Q002|Q003,"{""Q001"": ""consensus_estimate_human_primary_cause"", ""Q002"": ""consensus_estimate_co2_warms_planet"", ""Q003"": ""consensus_estimate_net_zero_before_2085""}",consensus_stage_a,consensus_two_stage_interactive_adaptation_v1,G|LP0090|Consensus|stage_a|replicate_1,f8262a766fcb008b11fcf5047619bae1b12afc129e5de0cf1017b307ba3e0079,675efa1486e53a4914248132dda701b834c9e26599d8c4c4d7b41db57bfcf2b0,
G|LP0091|Consensus|stage_a|replicate_1,G-6b65ae7e07bf19eb2485ad4a070123b30e7538b2,G,target,LP0091,Consensus,consensus_stage_a_estimates,1,google/gemma-4-31B-it,efd6e6ce99163b62020c01282b5b67045412f99d03c28974f84d9bbf7dd7abfb,675efa1486e53a4914248132dda701b834c9e26599d8c4c4d7b41db57bfcf2b0,consensus_two_stage_interactive_adaptation_v1,prompt_compiler_v2_split_g_f,1586132712,pending,Q001|Q002|Q003,"{""Q001"": ""consensus_estimate_net_zero_before_2085"", ""Q002"": ""consensus_estimate_human_primary_cause"", ""Q003"": ""consensus_estimate_co2_warms_planet""}",consensus_stage_a,consensus_two_stage_interactive_adaptation_v1,G|LP0091|Consensus|stage_a|replicate_1,efd6e6ce99163b62020c01282b5b67045412f99d03c28974f84d9bbf7dd7abfb,675efa1486e53a4914248132dda701b834c9e26599d8c4c4d7b41db57bfcf2b0,
G|LP0092|Consensus|stage_a|replicate_1,G-c7b565413699ead05bf6465cadb0fdab0d0c3bd8,G,target,LP0092,Consensus,consensus_stage_a_estimates,1,google/gemma-4-31B-it,bb1ee7755ed6885fd4757a51f323bf42f714f129fbb53ea9cd5ecbf5447599be,675efa1486e53a4914248132dda701b834c9e26599d8c4c4d7b41db57bfcf2b0,consensus_two_stage_interactive_adaptation_v1,prompt_compiler_v2_split_g_f,1174713685,pending,Q001|Q002|Q003,"{""Q001"": ""consensus_estimate_co2_warms_planet"", ""Q002"": ""consensus_estimate_net_zero_before_2085"", ""Q003"": ""consensus_estimate_human_primary_cause""}",consensus_stage_a,consensus_two_stage_interactive_adaptation_v1,G|LP0092|Consensus|stage_a|replicate_1,bb1ee7755ed6885fd4757a51f323bf42f714f129fbb53ea9cd5ecbf5447599be,675efa1486e53a4914248132dda701b834c9e26599d8c4c4d7b41db57bfcf2b0,
G|LP0093|Consensus|stage_a|replicate_1,G-1c73ba8610075ace5fc84f82939d16fe6b47f2d9,G,target,LP0093,Consensus,consensus_stage_a_estimates,1,google/gemma-4-31B-it,bc6d688cc1c444d37a72ca2daff21c08ba7a466b2c6d1ba729698ab5273fec07,675efa1486e53a4914248132dda701b834c9e26599d8c4c4d7b41db57bfcf2b0,consensus_two_stage_interactive_adaptation_v1,prompt_compiler_v2_split_g_f,1223610330,pending,Q001|Q002|Q003,"{""Q001"": ""consensus_estimate_co2_warms_planet"", ""Q002"": ""consensus_estimate_human_primary_cause"", ""Q003"": ""consensus_estimate_net_zero_before_2085""}",consensus_stage_a,consensus_two_stage_interactive_adaptation_v1,G|LP0093|Consensus|stage_a|replicate_1,bc6d688cc1c444d37a72ca2daff21c08ba7a466b2c6d1ba729698ab5273fec07,675efa1486e53a4914248132dda701b834c9e26599d8c4c4d7b41db57bfcf2b0,
G|LP0094|Consensus|stage_a|replicate_1,G-c746279b274b45737f54f356ce794785eaaf6af0,G,target,LP0094,Consensus,consensus_stage_a_estimates,1,google/gemma-4-31B-it,59c27358877953040b1e6a876add4febf9deca80282c31af1bdec99405d4e210,675efa1486e53a4914248132dda701b834c9e26599d8c4c4d7b41db57bfcf2b0,consensus_two_stage_interactive_adaptation_v1,prompt_compiler_v2_split_g_f,903320748,pending,Q001|Q002|Q003,"{""Q001"": ""consensus_estimate_co2_warms_planet"", ""Q002"": ""consensus_estimate_net_zero_before_2085"", ""Q003"": ""consensus_estimate_human_primary_cause""}",consensus_stage_a,consensus_two_stage_interactive_adaptation_v1,G|LP0094|Consensus|stage_a|replicate_1,59c27358877953040b1e6a876add4febf9deca80282c31af1bdec99405d4e210,675efa1486e53a4914248132dda701b834c9e26599d8c4c4d7b41db57bfcf2b0,
G|LP0095|Consensus|stage_a|replicate_1,G-0b7c781c93b6b83b2e50071e4f1f2bc7e82078d2,G,target,LP0095,Consensus,consensus_stage_a_estimates,1,google/gemma-4-31B-it,0b3b93e7ec9e21f539d54c2fd90f931eece7191ba2899ff4007355c932ad3838,675efa1486e53a4914248132dda701b834c9e26599d8c4c4d7b41db57bfcf2b0,consensus_two_stage_interactive_adaptation_v1,prompt_compiler_v2_split_g_f,716154996,pending,Q001|Q002|Q003,"{""Q001"": ""consensus_estimate_co2_warms_planet"", ""Q002"": ""consensus_estimate_net_zero_before_2085"", ""Q003"": ""consensus_estimate_human_primary_cause""}",consensus_stage_a,consensus_two_stage_interactive_adaptation_v1,G|LP0095|Consensus|stage_a|replicate_1,0b3b93e7ec9e21f539d54c2fd90f931eece7191ba2899ff4007355c932ad3838,675efa1486e53a4914248132dda701b834c9e26599d8c4c4d7b41db57bfcf2b0,
G|LP0096|Consensus|stage_a|replicate_1,G-57937198f26e28935b76fd37352ceee7d9a07cf0,G,target,LP0096,Consensus,consensus_stage_a_estimates,1,google/gemma-4-31B-it,15cc6aab593c432f83163b9741f3d8ade022a5c4ecc1b53fc9eb148e529afa43,675efa1486e53a4914248132dda701b834c9e26599d8c4c4d7b41db57bfcf2b0,consensus_two_stage_interactive_adaptation_v1,prompt_compiler_v2_split_g_f,563416006,pending,Q001|Q002|Q003,"{""Q001"": ""consensus_estimate_human_primary_cause"", ""Q002"": ""consensus_estimate_co2_warms_planet"", ""Q003"": ""consensus_estimate_net_zero_before_2085""}",consensus_stage_a,consensus_two_stage_interactive_adaptation_v1,G|LP0096|Consensus|stage_a|replicate_1,15cc6aab593c432f83163b9741f3d8ade022a5c4ecc1b53fc9eb148e529afa43,675efa1486e53a4914248132dda701b834c9e26599d8c4c4d7b41db57bfcf2b0,
G|LP0097|Consensus|stage_a|replicate_1,G-93081eab88aa58cce8f86ea336450a696a16f883,G,target,LP0097,Consensus,consensus_stage_a_estimates,1,google/gemma-4-31B-it,ee11293321f8f44fb9ab1132e7a95eb5c876f7bca308c6d9dc342450a1b79dce,675efa1486e53a4914248132dda701b834c9e26599d8c4c4d7b41db57bfcf2b0,consensus_two_stage_interactive_adaptation_v1,prompt_compiler_v2_split_g_f,783980069,pending,Q001|Q002|Q003,"{""Q001"": ""consensus_estimate_co2_warms_planet"", ""Q002"": ""consensus_estimate_net_zero_before_2085"", ""Q003"": ""consensus_estimate_human_primary_cause""}",consensus_stage_a,consensus_two_stage_interactive_adaptation_v1,G|LP0097|Consensus|stage_a|replicate_1,ee11293321f8f44fb9ab1132e7a95eb5c876f7bca308c6d9dc342450a1b79dce,675efa1486e53a4914248132dda701b834c9e26599d8c4c4d7b41db57bfcf2b0,
G|LP0098|Consensus|stage_a|replicate_1,G-d1692f2e4cfb7e279725c97148ef27ff281f07d3,G,target,LP0098,Consensus,consensus_stage_a_estimates,1,google/gemma-4-31B-it,40b954a87120e7299e2f98747c8d734ffd43ec9dcafb88f0fb5e751e2e0b2b8d,675efa1486e53a4914248132dda701b834c9e26599d8c4c4d7b41db57bfcf2b0,consensus_two_stage_interactive_adaptation_v1,prompt_compiler_v2_split_g_f,1875762310,pending,Q001|Q002|Q003,"{""Q001"": ""consensus_estimate_net_zero_before_2085"", ""Q002"": ""consensus_estimate_co2_warms_planet"", ""Q003"": ""consensus_estimate_human_primary_cause""}",consensus_stage_a,consensus_two_stage_interactive_adaptation_v1,G|LP0098|Consensus|stage_a|replicate_1,40b954a87120e7299e2f98747c8d734ffd43ec9dcafb88f0fb5e751e2e0b2b8d,675efa1486e53a4914248132dda701b834c9e26599d8c4c4d7b41db57bfcf2b0,
G|LP0099|Consensus|stage_a|replicate_1,G-6203f9775418e44dba813ed5b60a7fad38a555f0,G,target,LP0099,Consensus,consensus_stage_a_estimates,1,google/gemma-4-31B-it,765eb935a3fc7dd7810fcba7ebd9cbe360523c0d85baa60281062a23260a10bd,675efa1486e53a4914248132dda701b834c9e26599d8c4c4d7b41db57bfcf2b0,consensus_two_stage_interactive_adaptation_v1,prompt_compiler_v2_split_g_f,404805437,pending,Q001|Q002|Q003,"{""Q001"": ""consensus_estimate_co2_warms_planet"", ""Q002"": ""consensus_estimate_human_primary_cause"", ""Q003"": ""consensus_estimate_net_zero_before_2085""}",consensus_stage_a,consensus_two_stage_interactive_adaptation_v1,G|LP0099|Consensus|stage_a|replicate_1,765eb935a3fc7dd7810fcba7ebd9cbe360523c0d85baa60281062a23260a10bd,675efa1486e53a4914248132dda701b834c9e26599d8c4c4d7b41db57bfcf2b0,
G|LP0100|Consensus|stage_a|replicate_1,G-ec9d6be8de6589989485be81cd0e14269a5874fa,G,target,LP0100,Consensus,consensus_stage_a_estimates,1,google/gemma-4-31B-it,a36537cc29de45bd1ef77def44d24eebfa88c3ef59341b00737620f2e52ea379,675efa1486e53a4914248132dda701b834c9e26599d8c4c4d7b41db57bfcf2b0,consensus_two_stage_interactive_adaptation_v1,prompt_compiler_v2_split_g_f,933257581,pending,Q001|Q002|Q003,"{""Q001"": ""consensus_estimate_net_zero_before_2085"", ""Q002"": ""consensus_estimate_human_primary_cause"", ""Q003"": ""consensus_estimate_co2_warms_planet""}",consensus_stage_a,consensus_two_stage_interactive_adaptation_v1,G|LP0100|Consensus|stage_a|replicate_1,a36537cc29de45bd1ef77def44d24eebfa88c3ef59341b00737620f2e52ea379,675efa1486e53a4914248132dda701b834c9e26599d8c4c4d7b41db57bfcf2b0,
G|LP0101|Consensus|stage_a|replicate_1,G-e08ae86e154150b3504fba6c198683769378695b,G,target,LP0101,Consensus,consensus_stage_a_estimates,1,google/gemma-4-31B-it,d5c033c77b0b552b2b12450315e3d4046e281cc1194bf89da10fd3b1ce6404ae,675efa1486e53a4914248132dda701b834c9e26599d8c4c4d7b41db57bfcf2b0,consensus_two_stage_interactive_adaptation_v1,prompt_compiler_v2_split_g_f,1448550802,pending,Q001|Q002|Q003,"{""Q001"": ""consensus_estimate_human_primary_cause"", ""Q002"": ""consensus_estimate_net_zero_before_2085"", ""Q003"": ""consensus_estimate_co2_warms_planet""}",consensus_stage_a,consensus_two_stage_interactive_adaptation_v1,G|LP0101|Consensus|stage_a|replicate_1,d5c033c77b0b552b2b12450315e3d4046e281cc1194bf89da10fd3b1ce6404ae,675efa1486e53a4914248132dda701b834c9e26599d8c4c4d7b41db57bfcf2b0,
G|LP0102|Consensus|stage_a|replicate_1,G-e67e92bc32219008be53cdb81241380174628bb8,G,target,LP0102,Consensus,consensus_stage_a_estimates,1,google/gemma-4-31B-it,6e56166118929928c5110158cf7ca6ad1d8f8b5b01b038eb5ada085db58dc1ce,675efa1486e53a4914248132dda701b834c9e26599d8c4c4d7b41db57bfcf2b0,consensus_two_stage_interactive_adaptation_v1,prompt_compiler_v2_split_g_f,2132718979,pending,Q001|Q002|Q003,"{""Q001"": ""consensus_estimate_net_zero_before_2085"", ""Q002"": ""consensus_estimate_co2_warms_planet"", ""Q003"": ""consensus_estimate_human_primary_cause""}",consensus_stage_a,consensus_two_stage_interactive_adaptation_v1,G|LP0102|Consensus|stage_a|replicate_1,6e56166118929928c5110158cf7ca6ad1d8f8b5b01b038eb5ada085db58dc1ce,675efa1486e53a4914248132dda701b834c9e26599d8c4c4d7b41db57bfcf2b0,
G|LP0103|Consensus|stage_a|replicate_1,G-ae320631543e419c29c0ac0808b6614ce686c99f,G,target,LP0103,Consensus,consensus_stage_a_estimates,1,google/gemma-4-31B-it,e1adf034a7fe4cb0a0889963839559aedcaf2b09d70e3c31bfe013734f7cb215,675efa1486e53a4914248132dda701b834c9e26599d8c4c4d7b41db57bfcf2b0,consensus_two_stage_interactive_adaptation_v1,prompt_compiler_v2_split_g_f,815943169,pending,Q001|Q002|Q003,"{""Q001"": ""consensus_estimate_human_primary_cause"", ""Q002"": ""consensus_estimate_co2_warms_planet"", ""Q003"": ""consensus_estimate_net_zero_before_2085""}",consensus_stage_a,consensus_two_stage_interactive_adaptation_v1,G|LP0103|Consensus|stage_a|replicate_1,e1adf034a7fe4cb0a0889963839559aedcaf2b09d70e3c31bfe013734f7cb215,675efa1486e53a4914248132dda701b834c9e26599d8c4c4d7b41db57bfcf2b0,
G|LP0104|Consensus|stage_a|replicate_1,G-806cbcd8016c424e358d883b68180cc3c5a0d819,G,target,LP0104,Consensus,consensus_stage_a_estimates,1,google/gemma-4-31B-it,ba0f28ed297e5f7a35c8bc076246b2b051e26bd2cd7da8affaf4ecbdf441d278,675efa1486e53a4914248132dda701b834c9e26599d8c4c4d7b41db57bfcf2b0,consensus_two_stage_interactive_adaptation_v1,prompt_compiler_v2_split_g_f,38124544,pending,Q001|Q002|Q003,"{""Q001"": ""consensus_estimate_human_primary_cause"", ""Q002"": ""consensus_estimate_net_zero_before_2085"", ""Q003"": ""consensus_estimate_co2_warms_planet""}",consensus_stage_a,consensus_two_stage_interactive_adaptation_v1,G|LP0104|Consensus|stage_a|replicate_1,ba0f28ed297e5f7a35c8bc076246b2b051e26bd2cd7da8affaf4ecbdf441d278,675efa1486e53a4914248132dda701b834c9e26599d8c4c4d7b41db57bfcf2b0,
G|LP0105|Consensus|stage_a|replicate_1,G-975150c2926dae57856048888bd4f5939e487728,G,target,LP0105,Consensus,consensus_stage_a_estimates,1,google/gemma-4-31B-it,35002d65bd768810e4ced8fc8fcbd8cc34cec18e426299c89b4f2e03f641c6ff,675efa1486e53a4914248132dda701b834c9e26599d8c4c4d7b41db57bfcf2b0,consensus_two_stage_interactive_adaptation_v1,prompt_compiler_v2_split_g_f,1091588062,pending,Q001|Q002|Q003,"{""Q001"": ""consensus_estimate_human_primary_cause"", ""Q002"": ""consensus_estimate_net_zero_before_2085"", ""Q003"": ""consensus_estimate_co2_warms_planet""}",consensus_stage_a,consensus_two_stage_interactive_adaptation_v1,G|LP0105|Consensus|stage_a|replicate_1,35002d65bd768810e4ced8fc8fcbd8cc34cec18e426299c89b4f2e03f641c6ff,675efa1486e53a4914248132dda701b834c9e26599d8c4c4d7b41db57bfcf2b0,
G|LP0106|Consensus|stage_a|replicate_1,G-e701f5069bdff8d59371a4b73cab778295b245ee,G,target,LP0106,Consensus,consensus_stage_a_estimates,1,google/gemma-4-31B-it,120bcf8317dae6da26f52d391752dea2a0d2ade83796ba3ae983eef7658f6dc7,675efa1486e53a4914248132dda701b834c9e26599d8c4c4d7b41db57bfcf2b0,consensus_two_stage_interactive_adaptation_v1,prompt_compiler_v2_split_g_f,1776542437,pending,Q001|Q002|Q003,"{""Q001"": ""consensus_estimate_human_primary_cause"", ""Q002"": ""consensus_estimate_net_zero_before_2085"", ""Q003"": ""consensus_estimate_co2_warms_planet""}",consensus_stage_a,consensus_two_stage_interactive_adaptation_v1,G|LP0106|Consensus|stage_a|replicate_1,120bcf8317dae6da26f52d391752dea2a0d2ade83796ba3ae983eef7658f6dc7,675efa1486e53a4914248132dda701b834c9e26599d8c4c4d7b41db57bfcf2b0,
G|LP0107|Consensus|stage_a|replicate_1,G-a32151848cc0b1ae30742002f6733a934a145587,G,target,LP0107,Consensus,consensus_stage_a_estimates,1,google/gemma-4-31B-it,8cc816928f12fb58e7262cc48332c693ab7cb9bcf8ca40eb837321a6ddb37637,675efa1486e53a4914248132dda701b834c9e26599d8c4c4d7b41db57bfcf2b0,consensus_two_stage_interactive_adaptation_v1,prompt_compiler_v2_split_g_f,1392727225,pending,Q001|Q002|Q003,"{""Q001"": ""consensus_estimate_net_zero_before_2085"", ""Q002"": ""consensus_estimate_co2_warms_planet"", ""Q003"": ""consensus_estimate_human_primary_cause""}",consensus_stage_a,consensus_two_stage_interactive_adaptation_v1,G|LP0107|Consensus|stage_a|replicate_1,8cc816928f12fb58e7262cc48332c693ab7cb9bcf8ca40eb837321a6ddb37637,675efa1486e53a4914248132dda701b834c9e26599d8c4c4d7b41db57bfcf2b0,
G|LP0108|Consensus|stage_a|replicate_1,G-83f21a2b07b8c4a24750e474ce55330e13e798b7,G,target,LP0108,Consensus,consensus_stage_a_estimates,1,google/gemma-4-31B-it,f7c0717ef78eb77e834036fb86bc5e47115673883f48e0a32aaf77e372b8a2f8,675efa1486e53a4914248132dda701b834c9e26599d8c4c4d7b41db57bfcf2b0,consensus_two_stage_interactive_adaptation_v1,prompt_compiler_v2_split_g_f,261945594,pending,Q001|Q002|Q003,"{""Q001"": ""consensus_estimate_human_primary_cause"", ""Q002"": ""consensus_estimate_co2_warms_planet"", ""Q003"": ""consensus_estimate_net_zero_before_2085""}",consensus_stage_a,consensus_two_stage_interactive_adaptation_v1,G|LP0108|Consensus|stage_a|replicate_1,f7c0717ef78eb77e834036fb86bc5e47115673883f48e0a32aaf77e372b8a2f8,675efa1486e53a4914248132dda701b834c9e26599d8c4c4d7b41db57bfcf2b0,
G|LP0109|Consensus|stage_a|replicate_1,G-0e197c6d56d90214d15ed1cb2cc2fb146c5411c6,G,target,LP0109,Consensus,consensus_stage_a_estimates,1,google/gemma-4-31B-it,cebb8e65e0fe9eef215cdb8c88431286f1ae51ed29ce33873d9b3043c8b106d2,675efa1486e53a4914248132dda701b834c9e26599d8c4c4d7b41db57bfcf2b0,consensus_two_stage_interactive_adaptation_v1,prompt_compiler_v2_split_g_f,1930164974,pending,Q001|Q002|Q003,"{""Q001"": ""consensus_estimate_co2_warms_planet"", ""Q002"": ""consensus_estimate_net_zero_before_2085"", ""Q003"": ""consensus_estimate_human_primary_cause""}",consensus_stage_a,consensus_two_stage_interactive_adaptation_v1,G|LP0109|Consensus|stage_a|replicate_1,cebb8e65e0fe9eef215cdb8c88431286f1ae51ed29ce33873d9b3043c8b106d2,675efa1486e53a4914248132dda701b834c9e26599d8c4c4d7b41db57bfcf2b0,
G|LP0110|Consensus|stage_a|replicate_1,G-9ca9a6b66d28a130c8c1feff8d66865072207c2b,G,target,LP0110,Consensus,consensus_stage_a_estimates,1,google/gemma-4-31B-it,4939bde33e38f635065939ba27cf4021418685fb409f68dd115a2d2b78e6cc48,675efa1486e53a4914248132dda701b834c9e26599d8c4c4d7b41db57bfcf2b0,consensus_two_stage_interactive_adaptation_v1,prompt_compiler_v2_split_g_f,645656223,pending,Q001|Q002|Q003,"{""Q001"": ""consensus_estimate_co2_warms_planet"", ""Q002"": ""consensus_estimate_human_primary_cause"", ""Q003"": ""consensus_estimate_net_zero_before_2085""}",consensus_stage_a,consensus_two_stage_interactive_adaptation_v1,G|LP0110|Consensus|stage_a|replicate_1,4939bde33e38f635065939ba27cf4021418685fb409f68dd115a2d2b78e6cc48,675efa1486e53a4914248132dda701b834c9e26599d8c4c4d7b41db57bfcf2b0,
G|LP0111|Consensus|stage_a|replicate_1,G-ad0a9247babe7b74c0c9997ca34f665b5d60409f,G,target,LP0111,Consensus,consensus_stage_a_estimates,1,google/gemma-4-31B-it,b8f3bf5f4c29a8a8fd0fc6720cd57bd5b965cf99c7aed3c4ef1bb2ac3923962a,675efa1486e53a4914248132dda701b834c9e26599d8c4c4d7b41db57bfcf2b0,consensus_two_stage_interactive_adaptation_v1,prompt_compiler_v2_split_g_f,349413382,pending,Q001|Q002|Q003,"{""Q001"": ""consensus_estimate_net_zero_before_2085"", ""Q002"": ""consensus_estimate_co2_warms_planet"", ""Q003"": ""consensus_estimate_human_primary_cause""}",consensus_stage_a,consensus_two_stage_interactive_adaptation_v1,G|LP0111|Consensus|stage_a|replicate_1,b8f3bf5f4c29a8a8fd0fc6720cd57bd5b965cf99c7aed3c4ef1bb2ac3923962a,675efa1486e53a4914248132dda701b834c9e26599d8c4c4d7b41db57bfcf2b0,
G|LP0112|Consensus|stage_a|replicate_1,G-3dea353e77c1de0d53aed4421f704e019365b176,G,target,LP0112,Consensus,consensus_stage_a_estimates,1,google/gemma-4-31B-it,75fc10e25e56def7d89d48db5418537a0c4558060355bacaca93e6e935b5e056,675efa1486e53a4914248132dda701b834c9e26599d8c4c4d7b41db57bfcf2b0,consensus_two_stage_interactive_adaptation_v1,prompt_compiler_v2_split_g_f,1939228810,pending,Q001|Q002|Q003,"{""Q001"": ""consensus_estimate_human_primary_cause"", ""Q002"": ""consensus_estimate_net_zero_before_2085"", ""Q003"": ""consensus_estimate_co2_warms_planet""}",consensus_stage_a,consensus_two_stage_interactive_adaptation_v1,G|LP0112|Consensus|stage_a|replicate_1,75fc10e25e56def7d89d48db5418537a0c4558060355bacaca93e6e935b5e056,675efa1486e53a4914248132dda701b834c9e26599d8c4c4d7b41db57bfcf2b0,
G|LP0113|Consensus|stage_a|replicate_1,G-56a17fa962b2a816c748f0f81bcb21864c3aa1be,G,target,LP0113,Consensus,consensus_stage_a_estimates,1,google/gemma-4-31B-it,d281ec66a0c1a650222531fb5881960f4c2135603230f7e78491537f5828d5af,675efa1486e53a4914248132dda701b834c9e26599d8c4c4d7b41db57bfcf2b0,consensus_two_stage_interactive_adaptation_v1,prompt_compiler_v2_split_g_f,267757418,pending,Q001|Q002|Q003,"{""Q001"": ""consensus_estimate_human_primary_cause"", ""Q002"": ""consensus_estimate_net_zero_before_2085"", ""Q003"": ""consensus_estimate_co2_warms_planet""}",consensus_stage_a,consensus_two_stage_interactive_adaptation_v1,G|LP0113|Consensus|stage_a|replicate_1,d281ec66a0c1a650222531fb5881960f4c2135603230f7e78491537f5828d5af,675efa1486e53a4914248132dda701b834c9e26599d8c4c4d7b41db57bfcf2b0,
G|LP0114|Consensus|stage_a|replicate_1,G-419a52b646e0e31bb3fe422880dfe70f6fad555e,G,target,LP0114,Consensus,consensus_stage_a_estimates,1,google/gemma-4-31B-it,3b1139295fb4c9419f010f13d0cc808453d145ccb817c55fc8c2d5e0df98d1b1,675efa1486e53a4914248132dda701b834c9e26599d8c4c4d7b41db57bfcf2b0,consensus_two_stage_interactive_adaptation_v1,prompt_compiler_v2_split_g_f,1242925192,pending,Q001|Q002|Q003,"{""Q001"": ""consensus_estimate_net_zero_before_2085"", ""Q002"": ""consensus_estimate_co2_warms_planet"", ""Q003"": ""consensus_estimate_human_primary_cause""}",consensus_stage_a,consensus_two_stage_interactive_adaptation_v1,G|LP0114|Consensus|stage_a|replicate_1,3b1139295fb4c9419f010f13d0cc808453d145ccb817c55fc8c2d5e0df98d1b1,675efa1486e53a4914248132dda701b834c9e26599d8c4c4d7b41db57bfcf2b0,
G|LP0115|Consensus|stage_a|replicate_1,G-506975ea0c48ee9559a1331335f8ed26fcd18f93,G,target,LP0115,Consensus,consensus_stage_a_estimates,1,google/gemma-4-31B-it,340616bb3687a4484e268440007276e28656d1da4a70db4c73c4a1eca4d2faa2,675efa1486e53a4914248132dda701b834c9e26599d8c4c4d7b41db57bfcf2b0,consensus_two_stage_interactive_adaptation_v1,prompt_compiler_v2_split_g_f,756800106,pending,Q001|Q002|Q003,"{""Q001"": ""consensus_estimate_human_primary_cause"", ""Q002"": ""consensus_estimate_net_zero_before_2085"", ""Q003"": ""consensus_estimate_co2_warms_planet""}",consensus_stage_a,consensus_two_stage_interactive_adaptation_v1,G|LP0115|Consensus|stage_a|replicate_1,340616bb3687a4484e268440007276e28656d1da4a70db4c73c4a1eca4d2faa2,675efa1486e53a4914248132dda701b834c9e26599d8c4c4d7b41db57bfcf2b0,
G|LP0116|Consensus|stage_a|replicate_1,G-2ab98d163f39e90ce0d334168cd4bb765b89ad36,G,target,LP0116,Consensus,consensus_stage_a_estimates,1,google/gemma-4-31B-it,e2ad649f2811281253c25e36fb5cb96f413562936b7894919ab94a6e1109d8fd,675efa1486e53a4914248132dda701b834c9e26599d8c4c4d7b41db57bfcf2b0,consensus_two_stage_interactive_adaptation_v1,prompt_compiler_v2_split_g_f,346882873,pending,Q001|Q002|Q003,"{""Q001"": ""consensus_estimate_human_primary_cause"", ""Q002"": ""consensus_estimate_net_zero_before_2085"", ""Q003"": ""consensus_estimate_co2_warms_planet""}",consensus_stage_a,consensus_two_stage_interactive_adaptation_v1,G|LP0116|Consensus|stage_a|replicate_1,e2ad649f2811281253c25e36fb5cb96f413562936b7894919ab94a6e1109d8fd,675efa1486e53a4914248132dda701b834c9e26599d8c4c4d7b41db57bfcf2b0,
G|LP0117|Consensus|stage_a|replicate_1,G-a5477e42cb5a437798f71e2b7716d770e00320eb,G,target,LP0117,Consensus,consensus_stage_a_estimates,1,google/gemma-4-31B-it,e3282f02847b4051e812973dedde054e71c6b25d187624478688e0fe7a19c20a,675efa1486e53a4914248132dda701b834c9e26599d8c4c4d7b41db57bfcf2b0,consensus_two_stage_interactive_adaptation_v1,prompt_compiler_v2_split_g_f,367607807,pending,Q001|Q002|Q003,"{""Q001"": ""consensus_estimate_human_primary_cause"", ""Q002"": ""consensus_estimate_net_zero_before_2085"", ""Q003"": ""consensus_estimate_co2_warms_planet""}",consensus_stage_a,consensus_two_stage_interactive_adaptation_v1,G|LP0117|Consensus|stage_a|replicate_1,e3282f02847b4051e812973dedde054e71c6b25d187624478688e0fe7a19c20a,675efa1486e53a4914248132dda701b834c9e26599d8c4c4d7b41db57bfcf2b0,
G|LP0118|Consensus|stage_a|replicate_1,G-c519710eed5eb97500299ab855e13c520124d2bf,G,target,LP0118,Consensus,consensus_stage_a_estimates,1,google/gemma-4-31B-it,76fbab237950ac804af79335d462fcc35899f38f9b41962dfe9da8aee049396c,675efa1486e53a4914248132dda701b834c9e26599d8c4c4d7b41db57bfcf2b0,consensus_two_stage_interactive_adaptation_v1,prompt_compiler_v2_split_g_f,2006031253,pending,Q001|Q002|Q003,"{""Q001"": ""consensus_estimate_human_primary_cause"", ""Q002"": ""consensus_estimate_net_zero_before_2085"", ""Q003"": ""consensus_estimate_co2_warms_planet""}",consensus_stage_a,consensus_two_stage_interactive_adaptation_v1,G|LP0118|Consensus|stage_a|replicate_1,76fbab237950ac804af79335d462fcc35899f38f9b41962dfe9da8aee049396c,675efa1486e53a4914248132dda701b834c9e26599d8c4c4d7b41db57bfcf2b0,
G|LP0119|Consensus|stage_a|replicate_1,G-28053d9c575d8de1ff2dfa44d369ec799e419739,G,target,LP0119,Consensus,consensus_stage_a_estimates,1,google/gemma-4-31B-it,29e9f6d30bef016b64a46968b01f47479f3a5b124f2821a4c5905563523f21f7,675efa1486e53a4914248132dda701b834c9e26599d8c4c4d7b41db57bfcf2b0,consensus_two_stage_interactive_adaptation_v1,prompt_compiler_v2_split_g_f,661129498,pending,Q001|Q002|Q003,"{""Q001"": ""consensus_estimate_co2_warms_planet"", ""Q002"": ""consensus_estimate_human_primary_cause"", ""Q003"": ""consensus_estimate_net_zero_before_2085""}",consensus_stage_a,consensus_two_stage_interactive_adaptation_v1,G|LP0119|Consensus|stage_a|replicate_1,29e9f6d30bef016b64a46968b01f47479f3a5b124f2821a4c5905563523f21f7,675efa1486e53a4914248132dda701b834c9e26599d8c4c4d7b41db57bfcf2b0,
G|LP0120|Consensus|stage_a|replicate_1,G-760c749b832c43ba7772b841014de0c8a4655b93,G,target,LP0120,Consensus,consensus_stage_a_estimates,1,google/gemma-4-31B-it,8121e7308b5b96657e4718fdeb06a3941654fb487a87881d5a550b40eb8afaf6,675efa1486e53a4914248132dda701b834c9e26599d8c4c4d7b41db57bfcf2b0,consensus_two_stage_interactive_adaptation_v1,prompt_compiler_v2_split_g_f,1866804466,pending,Q001|Q002|Q003,"{""Q001"": ""consensus_estimate_net_zero_before_2085"", ""Q002"": ""consensus_estimate_human_primary_cause"", ""Q003"": ""consensus_estimate_co2_warms_planet""}",consensus_stage_a,consensus_two_stage_interactive_adaptation_v1,G|LP0120|Consensus|stage_a|replicate_1,8121e7308b5b96657e4718fdeb06a3941654fb487a87881d5a550b40eb8afaf6,675efa1486e53a4914248132dda701b834c9e26599d8c4c4d7b41db57bfcf2b0,
G|LP0121|Consensus|stage_a|replicate_1,G-68ea4a0fa94a5ddc80a7b211bc14995b911ece90,G,target,LP0121,Consensus,consensus_stage_a_estimates,1,google/gemma-4-31B-it,5c1c9102022b66fbbe2758ef4e4dbb5eceb92f154fa3e09233e0fbbc2c4f9ccc,675efa1486e53a4914248132dda701b834c9e26599d8c4c4d7b41db57bfcf2b0,consensus_two_stage_interactive_adaptation_v1,prompt_compiler_v2_split_g_f,2065625596,pending,Q001|Q002|Q003,"{""Q001"": ""consensus_estimate_net_zero_before_2085"", ""Q002"": ""consensus_estimate_human_primary_cause"", ""Q003"": ""consensus_estimate_co2_warms_planet""}",consensus_stage_a,consensus_two_stage_interactive_adaptation_v1,G|LP0121|Consensus|stage_a|replicate_1,5c1c9102022b66fbbe2758ef4e4dbb5eceb92f154fa3e09233e0fbbc2c4f9ccc,675efa1486e53a4914248132dda701b834c9e26599d8c4c4d7b41db57bfcf2b0,
G|LP0122|Consensus|stage_a|replicate_1,G-16148a0186443edeb571f42ac697aa5debacfacf,G,target,LP0122,Consensus,consensus_stage_a_estimates,1,google/gemma-4-31B-it,f8f8977e910771b7e88961d694f453110b90f78208b47f0ceee28ee5da4ffeff,675efa1486e53a4914248132dda701b834c9e26599d8c4c4d7b41db57bfcf2b0,consensus_two_stage_interactive_adaptation_v1,prompt_compiler_v2_split_g_f,846025441,pending,Q001|Q002|Q003,"{""Q001"": ""consensus_estimate_co2_warms_planet"", ""Q002"": ""consensus_estimate_human_primary_cause"", ""Q003"": ""consensus_estimate_net_zero_before_2085""}",consensus_stage_a,consensus_two_stage_interactive_adaptation_v1,G|LP0122|Consensus|stage_a|replicate_1,f8f8977e910771b7e88961d694f453110b90f78208b47f0ceee28ee5da4ffeff,675efa1486e53a4914248132dda701b834c9e26599d8c4c4d7b41db57bfcf2b0,
G|LP0123|Consensus|stage_a|replicate_1,G-b74ae8ee2d105a68a2d4d8ba9d2d022823e6e586,G,target,LP0123,Consensus,consensus_stage_a_estimates,1,google/gemma-4-31B-it,632dfffece9f81fe5e2ca6f512889540a21b556708294fd0f5f30592298c60b3,675efa1486e53a4914248132dda701b834c9e26599d8c4c4d7b41db57bfcf2b0,consensus_two_stage_interactive_adaptation_v1,prompt_compiler_v2_split_g_f,463875143,pending,Q001|Q002|Q003,"{""Q001"": ""consensus_estimate_net_zero_before_2085"", ""Q002"": ""consensus_estimate_human_primary_cause"", ""Q003"": ""consensus_estimate_co2_warms_planet""}",consensus_stage_a,consensus_two_stage_interactive_adaptation_v1,G|LP0123|Consensus|stage_a|replicate_1,632dfffece9f81fe5e2ca6f512889540a21b556708294fd0f5f30592298c60b3,675efa1486e53a4914248132dda701b834c9e26599d8c4c4d7b41db57bfcf2b0,
G|LP0124|Consensus|stage_a|replicate_1,G-de957e068f7ef285bc02917d4d1ab6143124debc,G,target,LP0124,Consensus,consensus_stage_a_estimates,1,google/gemma-4-31B-it,9ab63fa6450a88d5697ecde6c7b12bcb63e368ef86c56ee9d50ecf84c254c2ae,675efa1486e53a4914248132dda701b834c9e26599d8c4c4d7b41db57bfcf2b0,consensus_two_stage_interactive_adaptation_v1,prompt_compiler_v2_split_g_f,1286205077,pending,Q001|Q002|Q003,"{""Q001"": ""consensus_estimate_net_zero_before_2085"", ""Q002"": ""consensus_estimate_co2_warms_planet"", ""Q003"": ""consensus_estimate_human_primary_cause""}",consensus_stage_a,consensus_two_stage_interactive_adaptation_v1,G|LP0124|Consensus|stage_a|replicate_1,9ab63fa6450a88d5697ecde6c7b12bcb63e368ef86c56ee9d50ecf84c254c2ae,675efa1486e53a4914248132dda701b834c9e26599d8c4c4d7b41db57bfcf2b0,
G|LP0125|Consensus|stage_a|replicate_1,G-3e77810a36e35d463719cacefa50f403e7d56793,G,target,LP0125,Consensus,consensus_stage_a_estimates,1,google/gemma-4-31B-it,c9f0b5c439b3b7b298e28707b6e3b6971632a1923f54cb874ed5224928576ef6,675efa1486e53a4914248132dda701b834c9e26599d8c4c4d7b41db57bfcf2b0,consensus_two_stage_interactive_adaptation_v1,prompt_compiler_v2_split_g_f,869424987,pending,Q001|Q002|Q003,"{""Q001"": ""consensus_estimate_net_zero_before_2085"", ""Q002"": ""consensus_estimate_human_primary_cause"", ""Q003"": ""consensus_estimate_co2_warms_planet""}",consensus_stage_a,consensus_two_stage_interactive_adaptation_v1,G|LP0125|Consensus|stage_a|replicate_1,c9f0b5c439b3b7b298e28707b6e3b6971632a1923f54cb874ed5224928576ef6,675efa1486e53a4914248132dda701b834c9e26599d8c4c4d7b41db57bfcf2b0,
G|LP0126|Consensus|stage_a|replicate_1,G-f8c70a1b42efd430eeae871d1de553aa12c03e31,G,target,LP0126,Consensus,consensus_stage_a_estimates,1,google/gemma-4-31B-it,0edc06189615ebf72efc9028791595171c57a02a10c074b4e232a891532b4b0f,675efa1486e53a4914248132dda701b834c9e26599d8c4c4d7b41db57bfcf2b0,consensus_two_stage_interactive_adaptation_v1,prompt_compiler_v2_split_g_f,880666730,pending,Q001|Q002|Q003,"{""Q001"": ""consensus_estimate_human_primary_cause"", ""Q002"": ""consensus_estimate_co2_warms_planet"", ""Q003"": ""consensus_estimate_net_zero_before_2085""}",consensus_stage_a,consensus_two_stage_interactive_adaptation_v1,G|LP0126|Consensus|stage_a|replicate_1,0edc06189615ebf72efc9028791595171c57a02a10c074b4e232a891532b4b0f,675efa1486e53a4914248132dda701b834c9e26599d8c4c4d7b41db57bfcf2b0,
G|LP0127|Consensus|stage_a|replicate_1,G-b0306cd975cbfa7446f98ddc72ae96b09b8b71c2,G,target,LP0127,Consensus,consensus_stage_a_estimates,1,google/gemma-4-31B-it,67f2907a0e3ca686d1c5cc7285fb8b4d9333c60498042f31831356ce83670924,675efa1486e53a4914248132dda701b834c9e26599d8c4c4d7b41db57bfcf2b0,consensus_two_stage_interactive_adaptation_v1,prompt_compiler_v2_split_g_f,1445778473,pending,Q001|Q002|Q003,"{""Q001"": ""consensus_estimate_co2_warms_planet"", ""Q002"": ""consensus_estimate_net_zero_before_2085"", ""Q003"": ""consensus_estimate_human_primary_cause""}",consensus_stage_a,consensus_two_stage_interactive_adaptation_v1,G|LP0127|Consensus|stage_a|replicate_1,67f2907a0e3ca686d1c5cc7285fb8b4d9333c60498042f31831356ce83670924,675efa1486e53a4914248132dda701b834c9e26599d8c4c4d7b41db57bfcf2b0,
G|LP0128|Consensus|stage_a|replicate_1,G-6d9e8a5d41b8dee0e7fab9f09aeaa61c6f4f6709,G,target,LP0128,Consensus,consensus_stage_a_estimates,1,google/gemma-4-31B-it,9bebb1f8e792a9412f8547748345c05a8f111b90217ac42acd0df004afb6e7ee,675efa1486e53a4914248132dda701b834c9e26599d8c4c4d7b41db57bfcf2b0,consensus_two_stage_interactive_adaptation_v1,prompt_compiler_v2_split_g_f,485880732,pending,Q001|Q002|Q003,"{""Q001"": ""consensus_estimate_net_zero_before_2085"", ""Q002"": ""consensus_estimate_co2_warms_planet"", ""Q003"": ""consensus_estimate_human_primary_cause""}",consensus_stage_a,consensus_two_stage_interactive_adaptation_v1,G|LP0128|Consensus|stage_a|replicate_1,9bebb1f8e792a9412f8547748345c05a8f111b90217ac42acd0df004afb6e7ee,675efa1486e53a4914248132dda701b834c9e26599d8c4c4d7b41db57bfcf2b0,
G|LP0129|Consensus|stage_a|replicate_1,G-735fb5bba3d535344bfc7f4696ab2fe28ffc8ae4,G,target,LP0129,Consensus,consensus_stage_a_estimates,1,google/gemma-4-31B-it,dda8be08d69cab3c816cf174838b84458c8d729cde4e477a73882278977398b6,675efa1486e53a4914248132dda701b834c9e26599d8c4c4d7b41db57bfcf2b0,consensus_two_stage_interactive_adaptation_v1,prompt_compiler_v2_split_g_f,177512621,pending,Q001|Q002|Q003,"{""Q001"": ""consensus_estimate_human_primary_cause"", ""Q002"": ""consensus_estimate_net_zero_before_2085"", ""Q003"": ""consensus_estimate_co2_warms_planet""}",consensus_stage_a,consensus_two_stage_interactive_adaptation_v1,G|LP0129|Consensus|stage_a|replicate_1,dda8be08d69cab3c816cf174838b84458c8d729cde4e477a73882278977398b6,675efa1486e53a4914248132dda701b834c9e26599d8c4c4d7b41db57bfcf2b0,
G|LP0130|Consensus|stage_a|replicate_1,G-5219bab96a656fc8115031e4e039f9420441df1d,G,target,LP0130,Consensus,consensus_stage_a_estimates,1,google/gemma-4-31B-it,08c7430b48c19fc6191fcc7bce3e6f25d3596f67ebe577614047668cf26ba85a,675efa1486e53a4914248132dda701b834c9e26599d8c4c4d7b41db57bfcf2b0,consensus_two_stage_interactive_adaptation_v1,prompt_compiler_v2_split_g_f,244901180,pending,Q001|Q002|Q003,"{""Q001"": ""consensus_estimate_co2_warms_planet"", ""Q002"": ""consensus_estimate_human_primary_cause"", ""Q003"": ""consensus_estimate_net_zero_before_2085""}",consensus_stage_a,consensus_two_stage_interactive_adaptation_v1,G|LP0130|Consensus|stage_a|replicate_1,08c7430b48c19fc6191fcc7bce3e6f25d3596f67ebe577614047668cf26ba85a,675efa1486e53a4914248132dda701b834c9e26599d8c4c4d7b41db57bfcf2b0,
G|LP0131|Consensus|stage_a|replicate_1,G-9cae150bece4261b61cbf85f7e986286752ac495,G,target,LP0131,Consensus,consensus_stage_a_estimates,1,google/gemma-4-31B-it,99503824a2f21b5e1d36c4ed4bacbec041f3e448b2783bf1bab1d1f1e795f72d,675efa1486e53a4914248132dda701b834c9e26599d8c4c4d7b41db57bfcf2b0,consensus_two_stage_interactive_adaptation_v1,prompt_compiler_v2_split_g_f,641749045,pending,Q001|Q002|Q003,"{""Q001"": ""consensus_estimate_human_primary_cause"", ""Q002"": ""consensus_estimate_co2_warms_planet"", ""Q003"": ""consensus_estimate_net_zero_before_2085""}",consensus_stage_a,consensus_two_stage_interactive_adaptation_v1,G|LP0131|Consensus|stage_a|replicate_1,99503824a2f21b5e1d36c4ed4bacbec041f3e448b2783bf1bab1d1f1e795f72d,675efa1486e53a4914248132dda701b834c9e26599d8c4c4d7b41db57bfcf2b0,
G|LP0132|Consensus|stage_a|replicate_1,G-64a51c0f1a53ea40c1806b34e8474d6a717d09ba,G,target,LP0132,Consensus,consensus_stage_a_estimates,1,google/gemma-4-31B-it,f83f3a80475c003d479a79dc0a08c6cc3ca1df1885b564fbc3ee0ad1c30ddf62,675efa1486e53a4914248132dda701b834c9e26599d8c4c4d7b41db57bfcf2b0,consensus_two_stage_interactive_adaptation_v1,prompt_compiler_v2_split_g_f,1671307871,pending,Q001|Q002|Q003,"{""Q001"": ""consensus_estimate_human_primary_cause"", ""Q002"": ""consensus_estimate_net_zero_before_2085"", ""Q003"": ""consensus_estimate_co2_warms_planet""}",consensus_stage_a,consensus_two_stage_interactive_adaptation_v1,G|LP0132|Consensus|stage_a|replicate_1,f83f3a80475c003d479a79dc0a08c6cc3ca1df1885b564fbc3ee0ad1c30ddf62,675efa1486e53a4914248132dda701b834c9e26599d8c4c4d7b41db57bfcf2b0,
G|LP0133|Consensus|stage_a|replicate_1,G-ef5cc5d8e0ca260b903948f7fbd648168bbd972a,G,target,LP0133,Consensus,consensus_stage_a_estimates,1,google/gemma-4-31B-it,214277d55e80b2fc24c190b28f52a63e6318d52cee8459781fd5b2fa33e54ce6,675efa1486e53a4914248132dda701b834c9e26599d8c4c4d7b41db57bfcf2b0,consensus_two_stage_interactive_adaptation_v1,prompt_compiler_v2_split_g_f,1065595328,pending,Q001|Q002|Q003,"{""Q001"": ""consensus_estimate_co2_warms_planet"", ""Q002"": ""consensus_estimate_human_primary_cause"", ""Q003"": ""consensus_estimate_net_zero_before_2085""}",consensus_stage_a,consensus_two_stage_interactive_adaptation_v1,G|LP0133|Consensus|stage_a|replicate_1,214277d55e80b2fc24c190b28f52a63e6318d52cee8459781fd5b2fa33e54ce6,675efa1486e53a4914248132dda701b834c9e26599d8c4c4d7b41db57bfcf2b0,
G|LP0134|Consensus|stage_a|replicate_1,G-6ca11d65a214396656d97e91584738ca0a52e91c,G,target,LP0134,Consensus,consensus_stage_a_estimates,1,google/gemma-4-31B-it,ce4e23447553630798e8cca16d718910a2062c1bc89cd3bf34c0fe51ccf1ded8,675efa1486e53a4914248132dda701b834c9e26599d8c4c4d7b41db57bfcf2b0,consensus_two_stage_interactive_adaptation_v1,prompt_compiler_v2_split_g_f,2069263410,pending,Q001|Q002|Q003,"{""Q001"": ""consensus_estimate_human_primary_cause"", ""Q002"": ""consensus_estimate_net_zero_before_2085"", ""Q003"": ""consensus_estimate_co2_warms_planet""}",consensus_stage_a,consensus_two_stage_interactive_adaptation_v1,G|LP0134|Consensus|stage_a|replicate_1,ce4e23447553630798e8cca16d718910a2062c1bc89cd3bf34c0fe51ccf1ded8,675efa1486e53a4914248132dda701b834c9e26599d8c4c4d7b41db57bfcf2b0,
G|LP0135|Consensus|stage_a|replicate_1,G-97933cd253a36f957f176e8411506df7cabb3e54,G,target,LP0135,Consensus,consensus_stage_a_estimates,1,google/gemma-4-31B-it,7099f0004b0b8214cf0c77e2eb49295876301066872f96b4854d5c79527bc061,675efa1486e53a4914248132dda701b834c9e26599d8c4c4d7b41db57bfcf2b0,consensus_two_stage_interactive_adaptation_v1,prompt_compiler_v2_split_g_f,46786876,pending,Q001|Q002|Q003,"{""Q001"": ""consensus_estimate_human_primary_cause"", ""Q002"": ""consensus_estimate_co2_warms_planet"", ""Q003"": ""consensus_estimate_net_zero_before_2085""}",consensus_stage_a,consensus_two_stage_interactive_adaptation_v1,G|LP0135|Consensus|stage_a|replicate_1,7099f0004b0b8214cf0c77e2eb49295876301066872f96b4854d5c79527bc061,675efa1486e53a4914248132dda701b834c9e26599d8c4c4d7b41db57bfcf2b0,
G|LP0136|Consensus|stage_a|replicate_1,G-02ceae500aae7593b21c1155d203f5ed4fb3707c,G,target,LP0136,Consensus,consensus_stage_a_estimates,1,google/gemma-4-31B-it,880386c1e1bcf540daa63686f11aef1cd459383ad1028288232f8e1ac6f6a2a9,675efa1486e53a4914248132dda701b834c9e26599d8c4c4d7b41db57bfcf2b0,consensus_two_stage_interactive_adaptation_v1,prompt_compiler_v2_split_g_f,273404467,pending,Q001|Q002|Q003,"{""Q001"": ""consensus_estimate_human_primary_cause"", ""Q002"": ""consensus_estimate_net_zero_before_2085"", ""Q003"": ""consensus_estimate_co2_warms_planet""}",consensus_stage_a,consensus_two_stage_interactive_adaptation_v1,G|LP0136|Consensus|stage_a|replicate_1,880386c1e1bcf540daa63686f11aef1cd459383ad1028288232f8e1ac6f6a2a9,675efa1486e53a4914248132dda701b834c9e26599d8c4c4d7b41db57bfcf2b0,
G|LP0137|Consensus|stage_a|replicate_1,G-ff851ce6c45c6c4d7960974f3edcd9c0fdb317d7,G,target,LP0137,Consensus,consensus_stage_a_estimates,1,google/gemma-4-31B-it,613be4e62c5a777bc12a32c8fe18a16a126e86eb4f939819d509c477e4f45127,675efa1486e53a4914248132dda701b834c9e26599d8c4c4d7b41db57bfcf2b0,consensus_two_stage_interactive_adaptation_v1,prompt_compiler_v2_split_g_f,1130800670,pending,Q001|Q002|Q003,"{""Q001"": ""consensus_estimate_human_primary_cause"", ""Q002"": ""consensus_estimate_net_zero_before_2085"", ""Q003"": ""consensus_estimate_co2_warms_planet""}",consensus_stage_a,consensus_two_stage_interactive_adaptation_v1,G|LP0137|Consensus|stage_a|replicate_1,613be4e62c5a777bc12a32c8fe18a16a126e86eb4f939819d509c477e4f45127,675efa1486e53a4914248132dda701b834c9e26599d8c4c4d7b41db57bfcf2b0,
G|LP0138|Consensus|stage_a|replicate_1,G-b17bba2dae4dfb7f1b2a2d4c8ec40a47a065d508,G,target,LP0138,Consensus,consensus_stage_a_estimates,1,google/gemma-4-31B-it,7c8cec00419329a2ec932c4aa2f602440b83e823a2ad5bdc534360493fb72fbf,675efa1486e53a4914248132dda701b834c9e26599d8c4c4d7b41db57bfcf2b0,consensus_two_stage_interactive_adaptation_v1,prompt_compiler_v2_split_g_f,289763293,pending,Q001|Q002|Q003,"{""Q001"": ""consensus_estimate_net_zero_before_2085"", ""Q002"": ""consensus_estimate_co2_warms_planet"", ""Q003"": ""consensus_estimate_human_primary_cause""}",consensus_stage_a,consensus_two_stage_interactive_adaptation_v1,G|LP0138|Consensus|stage_a|replicate_1,7c8cec00419329a2ec932c4aa2f602440b83e823a2ad5bdc534360493fb72fbf,675efa1486e53a4914248132dda701b834c9e26599d8c4c4d7b41db57bfcf2b0,
G|LP0139|Consensus|stage_a|replicate_1,G-7e32420c8d5a764220a7bd807a57a7db5dc52a06,G,target,LP0139,Consensus,consensus_stage_a_estimates,1,google/gemma-4-31B-it,fe99dea37fb921c6c41f32a3d73f702a64acdae00bade434ec35405c60e0c6b3,675efa1486e53a4914248132dda701b834c9e26599d8c4c4d7b41db57bfcf2b0,consensus_two_stage_interactive_adaptation_v1,prompt_compiler_v2_split_g_f,163510877,pending,Q001|Q002|Q003,"{""Q001"": ""consensus_estimate_net_zero_before_2085"", ""Q002"": ""consensus_estimate_human_primary_cause"", ""Q003"": ""consensus_estimate_co2_warms_planet""}",consensus_stage_a,consensus_two_stage_interactive_adaptation_v1,G|LP0139|Consensus|stage_a|replicate_1,fe99dea37fb921c6c41f32a3d73f702a64acdae00bade434ec35405c60e0c6b3,675efa1486e53a4914248132dda701b834c9e26599d8c4c4d7b41db57bfcf2b0,
G|LP0140|Consensus|stage_a|replicate_1,G-cc8fcaed72b4911bd4e6b624e8804c77d8764f35,G,target,LP0140,Consensus,consensus_stage_a_estimates,1,google/gemma-4-31B-it,1d9f3a3c280bf2fd2ea44d1e2e60b9d2581ca6f9d8a7c00a33c684eebe8ad58a,675efa1486e53a4914248132dda701b834c9e26599d8c4c4d7b41db57bfcf2b0,consensus_two_stage_interactive_adaptation_v1,prompt_compiler_v2_split_g_f,198452985,pending,Q001|Q002|Q003,"{""Q001"": ""consensus_estimate_net_zero_before_2085"", ""Q002"": ""consensus_estimate_co2_warms_planet"", ""Q003"": ""consensus_estimate_human_primary_cause""}",consensus_stage_a,consensus_two_stage_interactive_adaptation_v1,G|LP0140|Consensus|stage_a|replicate_1,1d9f3a3c280bf2fd2ea44d1e2e60b9d2581ca6f9d8a7c00a33c684eebe8ad58a,675efa1486e53a4914248132dda701b834c9e26599d8c4c4d7b41db57bfcf2b0,
G|LP0141|Consensus|stage_a|replicate_1,G-3c637b663efc447667d22c935bbe7bb7d2fcb59d,G,target,LP0141,Consensus,consensus_stage_a_estimates,1,google/gemma-4-31B-it,d117127a50e8e302ea948b10159152f6d7f22e48375e48a35a754c7b955bc9c1,675efa1486e53a4914248132dda701b834c9e26599d8c4c4d7b41db57bfcf2b0,consensus_two_stage_interactive_adaptation_v1,prompt_compiler_v2_split_g_f,935541571,pending,Q001|Q002|Q003,"{""Q001"": ""consensus_estimate_co2_warms_planet"", ""Q002"": ""consensus_estimate_net_zero_before_2085"", ""Q003"": ""consensus_estimate_human_primary_cause""}",consensus_stage_a,consensus_two_stage_interactive_adaptation_v1,G|LP0141|Consensus|stage_a|replicate_1,d117127a50e8e302ea948b10159152f6d7f22e48375e48a35a754c7b955bc9c1,675efa1486e53a4914248132dda701b834c9e26599d8c4c4d7b41db57bfcf2b0,
G|LP0142|Consensus|stage_a|replicate_1,G-2cf4a738f82e85681fb20e574ed4ede1ba7359f0,G,target,LP0142,Consensus,consensus_stage_a_estimates,1,google/gemma-4-31B-it,6287fac70e0a68d31332654efdfeaff34f013acf0d77b63a4e9d643035393be9,675efa1486e53a4914248132dda701b834c9e26599d8c4c4d7b41db57bfcf2b0,consensus_two_stage_interactive_adaptation_v1,prompt_compiler_v2_split_g_f,1377293274,pending,Q001|Q002|Q003,"{""Q001"": ""consensus_estimate_co2_warms_planet"", ""Q002"": ""consensus_estimate_net_zero_before_2085"", ""Q003"": ""consensus_estimate_human_primary_cause""}",consensus_stage_a,consensus_two_stage_interactive_adaptation_v1,G|LP0142|Consensus|stage_a|replicate_1,6287fac70e0a68d31332654efdfeaff34f013acf0d77b63a4e9d643035393be9,675efa1486e53a4914248132dda701b834c9e26599d8c4c4d7b41db57bfcf2b0,
G|LP0143|Consensus|stage_a|replicate_1,G-4c3462ae110eecfd8ac362bdf05dbda1865e7eae,G,target,LP0143,Consensus,consensus_stage_a_estimates,1,google/gemma-4-31B-it,7b4107b02d4e8043828c93b6a0c45dcc9b0d5e2dcfa410a16340d32f743d58cb,675efa1486e53a4914248132dda701b834c9e26599d8c4c4d7b41db57bfcf2b0,consensus_two_stage_interactive_adaptation_v1,prompt_compiler_v2_split_g_f,695710298,pending,Q001|Q002|Q003,"{""Q001"": ""consensus_estimate_net_zero_before_2085"", ""Q002"": ""consensus_estimate_co2_warms_planet"", ""Q003"": ""consensus_estimate_human_primary_cause""}",consensus_stage_a,consensus_two_stage_interactive_adaptation_v1,G|LP0143|Consensus|stage_a|replicate_1,7b4107b02d4e8043828c93b6a0c45dcc9b0d5e2dcfa410a16340d32f743d58cb,675efa1486e53a4914248132dda701b834c9e26599d8c4c4d7b41db57bfcf2b0,
G|LP0144|Consensus|stage_a|replicate_1,G-a919561a45d3485b0c40e45d61a3a196e290d987,G,target,LP0144,Consensus,consensus_stage_a_estimates,1,google/gemma-4-31B-it,3293deb6102c3a3b881e22b291716a66f8adb175670a1a6dadfeb25d673b5e25,675efa1486e53a4914248132dda701b834c9e26599d8c4c4d7b41db57bfcf2b0,consensus_two_stage_interactive_adaptation_v1,prompt_compiler_v2_split_g_f,403043474,pending,Q001|Q002|Q003,"{""Q001"": ""consensus_estimate_co2_warms_planet"", ""Q002"": ""consensus_estimate_net_zero_before_2085"", ""Q003"": ""consensus_estimate_human_primary_cause""}",consensus_stage_a,consensus_two_stage_interactive_adaptation_v1,G|LP0144|Consensus|stage_a|replicate_1,3293deb6102c3a3b881e22b291716a66f8adb175670a1a6dadfeb25d673b5e25,675efa1486e53a4914248132dda701b834c9e26599d8c4c4d7b41db57bfcf2b0,
G|LP0145|Consensus|stage_a|replicate_1,G-1f2e81f771d2b08e9fcbf0aca8817263f6332d68,G,target,LP0145,Consensus,consensus_stage_a_estimates,1,google/gemma-4-31B-it,9b341dc1473567b2d83b0a70b7e3280e54ed7f078ca57eda362cd8202056a498,675efa1486e53a4914248132dda701b834c9e26599d8c4c4d7b41db57bfcf2b0,consensus_two_stage_interactive_adaptation_v1,prompt_compiler_v2_split_g_f,808432765,pending,Q001|Q002|Q003,"{""Q001"": ""consensus_estimate_net_zero_before_2085"", ""Q002"": ""consensus_estimate_human_primary_cause"", ""Q003"": ""consensus_estimate_co2_warms_planet""}",consensus_stage_a,consensus_two_stage_interactive_adaptation_v1,G|LP0145|Consensus|stage_a|replicate_1,9b341dc1473567b2d83b0a70b7e3280e54ed7f078ca57eda362cd8202056a498,675efa1486e53a4914248132dda701b834c9e26599d8c4c4d7b41db57bfcf2b0,
G|LP0146|Consensus|stage_a|replicate_1,G-a26f185e80c9e21a719447d72d92c633bddbb79a,G,target,LP0146,Consensus,consensus_stage_a_estimates,1,google/gemma-4-31B-it,f571b20891e84427dd5b649261560ef9a2120cc92833ddf928fbaa34a5884d4c,675efa1486e53a4914248132dda701b834c9e26599d8c4c4d7b41db57bfcf2b0,consensus_two_stage_interactive_adaptation_v1,prompt_compiler_v2_split_g_f,1168642777,pending,Q001|Q002|Q003,"{""Q001"": ""consensus_estimate_human_primary_cause"", ""Q002"": ""consensus_estimate_net_zero_before_2085"", ""Q003"": ""consensus_estimate_co2_warms_planet""}",consensus_stage_a,consensus_two_stage_interactive_adaptation_v1,G|LP0146|Consensus|stage_a|replicate_1,f571b20891e84427dd5b649261560ef9a2120cc92833ddf928fbaa34a5884d4c,675efa1486e53a4914248132dda701b834c9e26599d8c4c4d7b41db57bfcf2b0,
G|LP0147|Consensus|stage_a|replicate_1,G-d056aba10d4157215822f60ac5cda9c6270cc6da,G,target,LP0147,Consensus,consensus_stage_a_estimates,1,google/gemma-4-31B-it,89a6e14fd14d66a12aadd75032a79df6af128a58bc35f299db3258bebba7c36e,675efa1486e53a4914248132dda701b834c9e26599d8c4c4d7b41db57bfcf2b0,consensus_two_stage_interactive_adaptation_v1,prompt_compiler_v2_split_g_f,770616934,pending,Q001|Q002|Q003,"{""Q001"": ""consensus_estimate_co2_warms_planet"", ""Q002"": ""consensus_estimate_net_zero_before_2085"", ""Q003"": ""consensus_estimate_human_primary_cause""}",consensus_stage_a,consensus_two_stage_interactive_adaptation_v1,G|LP0147|Consensus|stage_a|replicate_1,89a6e14fd14d66a12aadd75032a79df6af128a58bc35f299db3258bebba7c36e,675efa1486e53a4914248132dda701b834c9e26599d8c4c4d7b41db57bfcf2b0,
G|LP0148|Consensus|stage_a|replicate_1,G-ed13105e5774f50dcfed68497e626c5be8118b0a,G,target,LP0148,Consensus,consensus_stage_a_estimates,1,google/gemma-4-31B-it,40ced433200938fb94da485f581c5356a8dc6a68dad0f860bc798028bc71b0e7,675efa1486e53a4914248132dda701b834c9e26599d8c4c4d7b41db57bfcf2b0,consensus_two_stage_interactive_adaptation_v1,prompt_compiler_v2_split_g_f,832247245,pending,Q001|Q002|Q003,"{""Q001"": ""consensus_estimate_co2_warms_planet"", ""Q002"": ""consensus_estimate_human_primary_cause"", ""Q003"": ""consensus_estimate_net_zero_before_2085""}",consensus_stage_a,consensus_two_stage_interactive_adaptation_v1,G|LP0148|Consensus|stage_a|replicate_1,40ced433200938fb94da485f581c5356a8dc6a68dad0f860bc798028bc71b0e7,675efa1486e53a4914248132dda701b834c9e26599d8c4c4d7b41db57bfcf2b0,
G|LP0149|Consensus|stage_a|replicate_1,G-e0ea78a666368bdc70b43beee0d38966e77263fb,G,target,LP0149,Consensus,consensus_stage_a_estimates,1,google/gemma-4-31B-it,eea2d5137493533de1915c3dac9e302c24e5dbf2072bbd0355f48360b2d6b479,675efa1486e53a4914248132dda701b834c9e26599d8c4c4d7b41db57bfcf2b0,consensus_two_stage_interactive_adaptation_v1,prompt_compiler_v2_split_g_f,671841580,pending,Q001|Q002|Q003,"{""Q001"": ""consensus_estimate_human_primary_cause"", ""Q002"": ""consensus_estimate_co2_warms_planet"", ""Q003"": ""consensus_estimate_net_zero_before_2085""}",consensus_stage_a,consensus_two_stage_interactive_adaptation_v1,G|LP0149|Consensus|stage_a|replicate_1,eea2d5137493533de1915c3dac9e302c24e5dbf2072bbd0355f48360b2d6b479,675efa1486e53a4914248132dda701b834c9e26599d8c4c4d7b41db57bfcf2b0,
G|LP0150|Consensus|stage_a|replicate_1,G-252dbf3bf344343948df6a191a951e40bdcfd888,G,target,LP0150,Consensus,consensus_stage_a_estimates,1,google/gemma-4-31B-it,1cd8adbb9c5f98d3ba71c75c732f094e8a33490465d981adddec23ab2cd78422,675efa1486e53a4914248132dda701b834c9e26599d8c4c4d7b41db57bfcf2b0,consensus_two_stage_interactive_adaptation_v1,prompt_compiler_v2_split_g_f,1033876145,pending,Q001|Q002|Q003,"{""Q001"": ""consensus_estimate_net_zero_before_2085"", ""Q002"": ""consensus_estimate_human_primary_cause"", ""Q003"": ""consensus_estimate_co2_warms_planet""}",consensus_stage_a,consensus_two_stage_interactive_adaptation_v1,G|LP0150|Consensus|stage_a|replicate_1,1cd8adbb9c5f98d3ba71c75c732f094e8a33490465d981adddec23ab2cd78422,675efa1486e53a4914248132dda701b834c9e26599d8c4c4d7b41db57bfcf2b0,
G|LP0151|Consensus|stage_a|replicate_1,G-eeea8e94ac3242d7da86f5e6e573d73858df9cff,G,target,LP0151,Consensus,consensus_stage_a_estimates,1,google/gemma-4-31B-it,1a5e366488d96db913efc9e5ec153f0423f4183d2184a3b1488908279e2ef25c,675efa1486e53a4914248132dda701b834c9e26599d8c4c4d7b41db57bfcf2b0,consensus_two_stage_interactive_adaptation_v1,prompt_compiler_v2_split_g_f,168255492,pending,Q001|Q002|Q003,"{""Q001"": ""consensus_estimate_co2_warms_planet"", ""Q002"": ""consensus_estimate_human_primary_cause"", ""Q003"": ""consensus_estimate_net_zero_before_2085""}",consensus_stage_a,consensus_two_stage_interactive_adaptation_v1,G|LP0151|Consensus|stage_a|replicate_1,1a5e366488d96db913efc9e5ec153f0423f4183d2184a3b1488908279e2ef25c,675efa1486e53a4914248132dda701b834c9e26599d8c4c4d7b41db57bfcf2b0,
G|LP0152|Consensus|stage_a|replicate_1,G-e9227cd132b13f1ddce2ec36273bc9582ba06067,G,target,LP0152,Consensus,consensus_stage_a_estimates,1,google/gemma-4-31B-it,e916e030054ab2414cd4339d347da3cb6b6fe00668ad7f731cd5f96786b63282,675efa1486e53a4914248132dda701b834c9e26599d8c4c4d7b41db57bfcf2b0,consensus_two_stage_interactive_adaptation_v1,prompt_compiler_v2_split_g_f,83245251,pending,Q001|Q002|Q003,"{""Q001"": ""consensus_estimate_human_primary_cause"", ""Q002"": ""consensus_estimate_co2_warms_planet"", ""Q003"": ""consensus_estimate_net_zero_before_2085""}",consensus_stage_a,consensus_two_stage_interactive_adaptation_v1,G|LP0152|Consensus|stage_a|replicate_1,e916e030054ab2414cd4339d347da3cb6b6fe00668ad7f731cd5f96786b63282,675efa1486e53a4914248132dda701b834c9e26599d8c4c4d7b41db57bfcf2b0,
G|LP0153|Consensus|stage_a|replicate_1,G-4871362bd8922d66362c42aaca5a38b1421d3a73,G,target,LP0153,Consensus,consensus_stage_a_estimates,1,google/gemma-4-31B-it,375d7f1155ab581e986a890897d9cae842f6dd8d107c0996d7441baf80e1ebd1,675efa1486e53a4914248132dda701b834c9e26599d8c4c4d7b41db57bfcf2b0,consensus_two_stage_interactive_adaptation_v1,prompt_compiler_v2_split_g_f,1769249214,pending,Q001|Q002|Q003,"{""Q001"": ""consensus_estimate_human_primary_cause"", ""Q002"": ""consensus_estimate_co2_warms_planet"", ""Q003"": ""consensus_estimate_net_zero_before_2085""}",consensus_stage_a,consensus_two_stage_interactive_adaptation_v1,G|LP0153|Consensus|stage_a|replicate_1,375d7f1155ab581e986a890897d9cae842f6dd8d107c0996d7441baf80e1ebd1,675efa1486e53a4914248132dda701b834c9e26599d8c4c4d7b41db57bfcf2b0,
G|LP0154|Consensus|stage_a|replicate_1,G-e91510925451bdfe74230c0dedb40fa6a45931b8,G,target,LP0154,Consensus,consensus_stage_a_estimates,1,google/gemma-4-31B-it,94adb0bd35b3a0be65be5c30f3ade04a6d87c5c1cff92e54d5094878f3dca2e5,675efa1486e53a4914248132dda701b834c9e26599d8c4c4d7b41db57bfcf2b0,consensus_two_stage_interactive_adaptation_v1,prompt_compiler_v2_split_g_f,645652262,pending,Q001|Q002|Q003,"{""Q001"": ""consensus_estimate_net_zero_before_2085"", ""Q002"": ""consensus_estimate_human_primary_cause"", ""Q003"": ""consensus_estimate_co2_warms_planet""}",consensus_stage_a,consensus_two_stage_interactive_adaptation_v1,G|LP0154|Consensus|stage_a|replicate_1,94adb0bd35b3a0be65be5c30f3ade04a6d87c5c1cff92e54d5094878f3dca2e5,675efa1486e53a4914248132dda701b834c9e26599d8c4c4d7b41db57bfcf2b0,
G|LP0155|Consensus|stage_a|replicate_1,G-6f4f8f3eb9c8980ae4a0877068540da6f57bedc6,G,target,LP0155,Consensus,consensus_stage_a_estimates,1,google/gemma-4-31B-it,b1e7fa15f0ccd1ba08c70975a36ad8b9d30a5e0f300ca397091c3fadaa86a592,675efa1486e53a4914248132dda701b834c9e26599d8c4c4d7b41db57bfcf2b0,consensus_two_stage_interactive_adaptation_v1,prompt_compiler_v2_split_g_f,409450121,pending,Q001|Q002|Q003,"{""Q001"": ""consensus_estimate_co2_warms_planet"", ""Q002"": ""consensus_estimate_net_zero_before_2085"", ""Q003"": ""consensus_estimate_human_primary_cause""}",consensus_stage_a,consensus_two_stage_interactive_adaptation_v1,G|LP0155|Consensus|stage_a|replicate_1,b1e7fa15f0ccd1ba08c70975a36ad8b9d30a5e0f300ca397091c3fadaa86a592,675efa1486e53a4914248132dda701b834c9e26599d8c4c4d7b41db57bfcf2b0,
G|LP0156|Consensus|stage_a|replicate_1,G-7a5d9ecf988c89edc46b32dc4ff931f1162c7c59,G,target,LP0156,Consensus,consensus_stage_a_estimates,1,google/gemma-4-31B-it,51e44f92bd875e43db1cc0ce686edc3d150ab5b047312db5610a0695cfaaa496,675efa1486e53a4914248132dda701b834c9e26599d8c4c4d7b41db57bfcf2b0,consensus_two_stage_interactive_adaptation_v1,prompt_compiler_v2_split_g_f,222807950,pending,Q001|Q002|Q003,"{""Q001"": ""consensus_estimate_human_primary_cause"", ""Q002"": ""consensus_estimate_co2_warms_planet"", ""Q003"": ""consensus_estimate_net_zero_before_2085""}",consensus_stage_a,consensus_two_stage_interactive_adaptation_v1,G|LP0156|Consensus|stage_a|replicate_1,51e44f92bd875e43db1cc0ce686edc3d150ab5b047312db5610a0695cfaaa496,675efa1486e53a4914248132dda701b834c9e26599d8c4c4d7b41db57bfcf2b0,
G|LP0157|Consensus|stage_a|replicate_1,G-19fb7671e946c7ec098ca98e873aeb5ddec9c471,G,target,LP0157,Consensus,consensus_stage_a_estimates,1,google/gemma-4-31B-it,778068c79286a75baa2950fc78ce9b9fb5e03cad10c7a7efbc3f9b91f3422194,675efa1486e53a4914248132dda701b834c9e26599d8c4c4d7b41db57bfcf2b0,consensus_two_stage_interactive_adaptation_v1,prompt_compiler_v2_split_g_f,490583248,pending,Q001|Q002|Q003,"{""Q001"": ""consensus_estimate_human_primary_cause"", ""Q002"": ""consensus_estimate_net_zero_before_2085"", ""Q003"": ""consensus_estimate_co2_warms_planet""}",consensus_stage_a,consensus_two_stage_interactive_adaptation_v1,G|LP0157|Consensus|stage_a|replicate_1,778068c79286a75baa2950fc78ce9b9fb5e03cad10c7a7efbc3f9b91f3422194,675efa1486e53a4914248132dda701b834c9e26599d8c4c4d7b41db57bfcf2b0,
G|LP0158|Consensus|stage_a|replicate_1,G-f39dc7461e9b5d14580c8cd57a28e1caf1ee6c2a,G,target,LP0158,Consensus,consensus_stage_a_estimates,1,google/gemma-4-31B-it,5f8e8dc16a8226a650cf1e63f50c437dd22a8b1e505811013852456a10e77368,675efa1486e53a4914248132dda701b834c9e26599d8c4c4d7b41db57bfcf2b0,consensus_two_stage_interactive_adaptation_v1,prompt_compiler_v2_split_g_f,97971108,pending,Q001|Q002|Q003,"{""Q001"": ""consensus_estimate_net_zero_before_2085"", ""Q002"": ""consensus_estimate_human_primary_cause"", ""Q003"": ""consensus_estimate_co2_warms_planet""}",consensus_stage_a,consensus_two_stage_interactive_adaptation_v1,G|LP0158|Consensus|stage_a|replicate_1,5f8e8dc16a8226a650cf1e63f50c437dd22a8b1e505811013852456a10e77368,675efa1486e53a4914248132dda701b834c9e26599d8c4c4d7b41db57bfcf2b0,
G|LP0159|Consensus|stage_a|replicate_1,G-a3b1fc883f0e12575715b443852f0f387594a0f8,G,target,LP0159,Consensus,consensus_stage_a_estimates,1,google/gemma-4-31B-it,59a370f57cad9677da0879e8cccf0be2ddb449bdcd867b67510f75bf6754b73a,675efa1486e53a4914248132dda701b834c9e26599d8c4c4d7b41db57bfcf2b0,consensus_two_stage_interactive_adaptation_v1,prompt_compiler_v2_split_g_f,108137322,pending,Q001|Q002|Q003,"{""Q001"": ""consensus_estimate_net_zero_before_2085"", ""Q002"": ""consensus_estimate_human_primary_cause"", ""Q003"": ""consensus_estimate_co2_warms_planet""}",consensus_stage_a,consensus_two_stage_interactive_adaptation_v1,G|LP0159|Consensus|stage_a|replicate_1,59a370f57cad9677da0879e8cccf0be2ddb449bdcd867b67510f75bf6754b73a,675efa1486e53a4914248132dda701b834c9e26599d8c4c4d7b41db57bfcf2b0,
G|LP0160|Consensus|stage_a|replicate_1,G-e29be39f36e0c22600f23612936d8afd8ed62510,G,target,LP0160,Consensus,consensus_stage_a_estimates,1,google/gemma-4-31B-it,91764007c0efe9714c0776ab6fd9d8dc4802cb85f3d778dc9cc506258e6a50d7,675efa1486e53a4914248132dda701b834c9e26599d8c4c4d7b41db57bfcf2b0,consensus_two_stage_interactive_adaptation_v1,prompt_compiler_v2_split_g_f,2081982823,pending,Q001|Q002|Q003,"{""Q001"": ""consensus_estimate_net_zero_before_2085"", ""Q002"": ""consensus_estimate_co2_warms_planet"", ""Q003"": ""consensus_estimate_human_primary_cause""}",consensus_stage_a,consensus_two_stage_interactive_adaptation_v1,G|LP0160|Consensus|stage_a|replicate_1,91764007c0efe9714c0776ab6fd9d8dc4802cb85f3d778dc9cc506258e6a50d7,675efa1486e53a4914248132dda701b834c9e26599d8c4c4d7b41db57bfcf2b0,
G|LP0161|Consensus|stage_a|replicate_1,G-9b3d5fbea1ce04f4d7bad7e5946d2f49b8cb85ed,G,target,LP0161,Consensus,consensus_stage_a_estimates,1,google/gemma-4-31B-it,88304f381e43c6d5b4427ee940efeb0306a4117910f642cf51ced3628b9458fb,675efa1486e53a4914248132dda701b834c9e26599d8c4c4d7b41db57bfcf2b0,consensus_two_stage_interactive_adaptation_v1,prompt_compiler_v2_split_g_f,1481163891,pending,Q001|Q002|Q003,"{""Q001"": ""consensus_estimate_co2_warms_planet"", ""Q002"": ""consensus_estimate_human_primary_cause"", ""Q003"": ""consensus_estimate_net_zero_before_2085""}",consensus_stage_a,consensus_two_stage_interactive_adaptation_v1,G|LP0161|Consensus|stage_a|replicate_1,88304f381e43c6d5b4427ee940efeb0306a4117910f642cf51ced3628b9458fb,675efa1486e53a4914248132dda701b834c9e26599d8c4c4d7b41db57bfcf2b0,
G|LP0162|Consensus|stage_a|replicate_1,G-a0c2767a400806b92d37b590368e016dba8a7225,G,target,LP0162,Consensus,consensus_stage_a_estimates,1,google/gemma-4-31B-it,978d76a7129ae70d1e61d22e40cde88067d1f126481ae4c1984d7ab88afb94b6,675efa1486e53a4914248132dda701b834c9e26599d8c4c4d7b41db57bfcf2b0,consensus_two_stage_interactive_adaptation_v1,prompt_compiler_v2_split_g_f,26014640,pending,Q001|Q002|Q003,"{""Q001"": ""consensus_estimate_net_zero_before_2085"", ""Q002"": ""consensus_estimate_co2_warms_planet"", ""Q003"": ""consensus_estimate_human_primary_cause""}",consensus_stage_a,consensus_two_stage_interactive_adaptation_v1,G|LP0162|Consensus|stage_a|replicate_1,978d76a7129ae70d1e61d22e40cde88067d1f126481ae4c1984d7ab88afb94b6,675efa1486e53a4914248132dda701b834c9e26599d8c4c4d7b41db57bfcf2b0,
G|LP0163|Consensus|stage_a|replicate_1,G-b990d1554988004ac1b3dc7dd1f924db8078d58b,G,target,LP0163,Consensus,consensus_stage_a_estimates,1,google/gemma-4-31B-it,38c8981985413fd2a897772eb20c45440a04419f53ca2d661a936783651a6746,675efa1486e53a4914248132dda701b834c9e26599d8c4c4d7b41db57bfcf2b0,consensus_two_stage_interactive_adaptation_v1,prompt_compiler_v2_split_g_f,1017750263,pending,Q001|Q002|Q003,"{""Q001"": ""consensus_estimate_human_primary_cause"", ""Q002"": ""consensus_estimate_co2_warms_planet"", ""Q003"": ""consensus_estimate_net_zero_before_2085""}",consensus_stage_a,consensus_two_stage_interactive_adaptation_v1,G|LP0163|Consensus|stage_a|replicate_1,38c8981985413fd2a897772eb20c45440a04419f53ca2d661a936783651a6746,675efa1486e53a4914248132dda701b834c9e26599d8c4c4d7b41db57bfcf2b0,
G|LP0164|Consensus|stage_a|replicate_1,G-d58bbd16b364fb917d7baa4bd2234b16f17cc898,G,target,LP0164,Consensus,consensus_stage_a_estimates,1,google/gemma-4-31B-it,67912b731ffbf1acb641a995879bcb636d24fa52b5fa360179c464af9d423958,675efa1486e53a4914248132dda701b834c9e26599d8c4c4d7b41db57bfcf2b0,consensus_two_stage_interactive_adaptation_v1,prompt_compiler_v2_split_g_f,1585214913,pending,Q001|Q002|Q003,"{""Q001"": ""consensus_estimate_human_primary_cause"", ""Q002"": ""consensus_estimate_net_zero_before_2085"", ""Q003"": ""consensus_estimate_co2_warms_planet""}",consensus_stage_a,consensus_two_stage_interactive_adaptation_v1,G|LP0164|Consensus|stage_a|replicate_1,67912b731ffbf1acb641a995879bcb636d24fa52b5fa360179c464af9d423958,675efa1486e53a4914248132dda701b834c9e26599d8c4c4d7b41db57bfcf2b0,
G|LP0165|Consensus|stage_a|replicate_1,G-a92ffc6cfa0f6e453c027a01c8238756f6a35864,G,target,LP0165,Consensus,consensus_stage_a_estimates,1,google/gemma-4-31B-it,d5d3cfe26cefa12747befe52be34176ec5c7f94185138d03125f9a13acec8b87,675efa1486e53a4914248132dda701b834c9e26599d8c4c4d7b41db57bfcf2b0,consensus_two_stage_interactive_adaptation_v1,prompt_compiler_v2_split_g_f,1282369313,pending,Q001|Q002|Q003,"{""Q001"": ""consensus_estimate_co2_warms_planet"", ""Q002"": ""consensus_estimate_human_primary_cause"", ""Q003"": ""consensus_estimate_net_zero_before_2085""}",consensus_stage_a,consensus_two_stage_interactive_adaptation_v1,G|LP0165|Consensus|stage_a|replicate_1,d5d3cfe26cefa12747befe52be34176ec5c7f94185138d03125f9a13acec8b87,675efa1486e53a4914248132dda701b834c9e26599d8c4c4d7b41db57bfcf2b0,
G|LP0166|Consensus|stage_a|replicate_1,G-b37094bb9955a0f16cb3c300e29345d1fe476de6,G,target,LP0166,Consensus,consensus_stage_a_estimates,1,google/gemma-4-31B-it,892245f88a3b58d9f1b84c249e24a22731e9e034dc10c959a317fab742ed2d79,675efa1486e53a4914248132dda701b834c9e26599d8c4c4d7b41db57bfcf2b0,consensus_two_stage_interactive_adaptation_v1,prompt_compiler_v2_split_g_f,3590763,pending,Q001|Q002|Q003,"{""Q001"": ""consensus_estimate_net_zero_before_2085"", ""Q002"": ""consensus_estimate_human_primary_cause"", ""Q003"": ""consensus_estimate_co2_warms_planet""}",consensus_stage_a,consensus_two_stage_interactive_adaptation_v1,G|LP0166|Consensus|stage_a|replicate_1,892245f88a3b58d9f1b84c249e24a22731e9e034dc10c959a317fab742ed2d79,675efa1486e53a4914248132dda701b834c9e26599d8c4c4d7b41db57bfcf2b0,
G|LP0167|Consensus|stage_a|replicate_1,G-a64d74d3005101cabc7a3683eb97e83727ebb1d9,G,target,LP0167,Consensus,consensus_stage_a_estimates,1,google/gemma-4-31B-it,eb92e1dbf65b1e25843348e5e02f8cf30ea58c6503a417c14e0ab3160769941a,675efa1486e53a4914248132dda701b834c9e26599d8c4c4d7b41db57bfcf2b0,consensus_two_stage_interactive_adaptation_v1,prompt_compiler_v2_split_g_f,1290529650,pending,Q001|Q002|Q003,"{""Q001"": ""consensus_estimate_co2_warms_planet"", ""Q002"": ""consensus_estimate_human_primary_cause"", ""Q003"": ""consensus_estimate_net_zero_before_2085""}",consensus_stage_a,consensus_two_stage_interactive_adaptation_v1,G|LP0167|Consensus|stage_a|replicate_1,eb92e1dbf65b1e25843348e5e02f8cf30ea58c6503a417c14e0ab3160769941a,675efa1486e53a4914248132dda701b834c9e26599d8c4c4d7b41db57bfcf2b0,
G|LP0168|Consensus|stage_a|replicate_1,G-0443cae919ed69c3263921d388db3d84a809e1d7,G,target,LP0168,Consensus,consensus_stage_a_estimates,1,google/gemma-4-31B-it,0f9ef818c742acd907b9ea701fbcbdb739521a5eb8bfaf33f9f733cd029c8a52,675efa1486e53a4914248132dda701b834c9e26599d8c4c4d7b41db57bfcf2b0,consensus_two_stage_interactive_adaptation_v1,prompt_compiler_v2_split_g_f,578092949,pending,Q001|Q002|Q003,"{""Q001"": ""consensus_estimate_net_zero_before_2085"", ""Q002"": ""consensus_estimate_co2_warms_planet"", ""Q003"": ""consensus_estimate_human_primary_cause""}",consensus_stage_a,consensus_two_stage_interactive_adaptation_v1,G|LP0168|Consensus|stage_a|replicate_1,0f9ef818c742acd907b9ea701fbcbdb739521a5eb8bfaf33f9f733cd029c8a52,675efa1486e53a4914248132dda701b834c9e26599d8c4c4d7b41db57bfcf2b0,
G|LP0169|Consensus|stage_a|replicate_1,G-ff1242ad38586f75ce5d317280bfb130ef985b37,G,target,LP0169,Consensus,consensus_stage_a_estimates,1,google/gemma-4-31B-it,7a8b72b80f8b16b23ae324720cc2766c350a52c731f8d73ae7376aebc6e2021e,675efa1486e53a4914248132dda701b834c9e26599d8c4c4d7b41db57bfcf2b0,consensus_two_stage_interactive_adaptation_v1,prompt_compiler_v2_split_g_f,914158803,pending,Q001|Q002|Q003,"{""Q001"": ""consensus_estimate_net_zero_before_2085"", ""Q002"": ""consensus_estimate_co2_warms_planet"", ""Q003"": ""consensus_estimate_human_primary_cause""}",consensus_stage_a,consensus_two_stage_interactive_adaptation_v1,G|LP0169|Consensus|stage_a|replicate_1,7a8b72b80f8b16b23ae324720cc2766c350a52c731f8d73ae7376aebc6e2021e,675efa1486e53a4914248132dda701b834c9e26599d8c4c4d7b41db57bfcf2b0,
G|LP0170|Consensus|stage_a|replicate_1,G-1609fffb50ad5e54010449ccd7e3900d442e8f91,G,target,LP0170,Consensus,consensus_stage_a_estimates,1,google/gemma-4-31B-it,ee25663b4e9f230a9cca2df5fc0b049574f4dd438fc9fb16c6ac5e606d1517cc,675efa1486e53a4914248132dda701b834c9e26599d8c4c4d7b41db57bfcf2b0,consensus_two_stage_interactive_adaptation_v1,prompt_compiler_v2_split_g_f,2093047370,pending,Q001|Q002|Q003,"{""Q001"": ""consensus_estimate_human_primary_cause"", ""Q002"": ""consensus_estimate_net_zero_before_2085"", ""Q003"": ""consensus_estimate_co2_warms_planet""}",consensus_stage_a,consensus_two_stage_interactive_adaptation_v1,G|LP0170|Consensus|stage_a|replicate_1,ee25663b4e9f230a9cca2df5fc0b049574f4dd438fc9fb16c6ac5e606d1517cc,675efa1486e53a4914248132dda701b834c9e26599d8c4c4d7b41db57bfcf2b0,
G|LP0171|Consensus|stage_a|replicate_1,G-d87869fb091045688440fcb424a66d9d540f901d,G,target,LP0171,Consensus,consensus_stage_a_estimates,1,google/gemma-4-31B-it,44acd1fb96a5289816aeb52fbc6377bb928e7d7cf83110094e59d8c149b841ec,675efa1486e53a4914248132dda701b834c9e26599d8c4c4d7b41db57bfcf2b0,consensus_two_stage_interactive_adaptation_v1,prompt_compiler_v2_split_g_f,973150561,pending,Q001|Q002|Q003,"{""Q001"": ""consensus_estimate_co2_warms_planet"", ""Q002"": ""consensus_estimate_net_zero_before_2085"", ""Q003"": ""consensus_estimate_human_primary_cause""}",consensus_stage_a,consensus_two_stage_interactive_adaptation_v1,G|LP0171|Consensus|stage_a|replicate_1,44acd1fb96a5289816aeb52fbc6377bb928e7d7cf83110094e59d8c149b841ec,675efa1486e53a4914248132dda701b834c9e26599d8c4c4d7b41db57bfcf2b0,
G|LP0172|Consensus|stage_a|replicate_1,G-e924896e8b9f732670666c9acbf04980764aae86,G,target,LP0172,Consensus,consensus_stage_a_estimates,1,google/gemma-4-31B-it,036646a7fc567d2ef6994dc563615b81fc04434928351f6334d56ff802f18739,675efa1486e53a4914248132dda701b834c9e26599d8c4c4d7b41db57bfcf2b0,consensus_two_stage_interactive_adaptation_v1,prompt_compiler_v2_split_g_f,1575519750,pending,Q001|Q002|Q003,"{""Q001"": ""consensus_estimate_human_primary_cause"", ""Q002"": ""consensus_estimate_net_zero_before_2085"", ""Q003"": ""consensus_estimate_co2_warms_planet""}",consensus_stage_a,consensus_two_stage_interactive_adaptation_v1,G|LP0172|Consensus|stage_a|replicate_1,036646a7fc567d2ef6994dc563615b81fc04434928351f6334d56ff802f18739,675efa1486e53a4914248132dda701b834c9e26599d8c4c4d7b41db57bfcf2b0,
G|LP0173|Consensus|stage_a|replicate_1,G-23f6668aea5f79b6112e51ceeedd050b86327a36,G,target,LP0173,Consensus,consensus_stage_a_estimates,1,google/gemma-4-31B-it,41c2c371025858ff916bf64a4eeb1c5293ca33d2d22cf43ee3d1ace93e81b9ea,675efa1486e53a4914248132dda701b834c9e26599d8c4c4d7b41db57bfcf2b0,consensus_two_stage_interactive_adaptation_v1,prompt_compiler_v2_split_g_f,843859660,pending,Q001|Q002|Q003,"{""Q001"": ""consensus_estimate_net_zero_before_2085"", ""Q002"": ""consensus_estimate_human_primary_cause"", ""Q003"": ""consensus_estimate_co2_warms_planet""}",consensus_stage_a,consensus_two_stage_interactive_adaptation_v1,G|LP0173|Consensus|stage_a|replicate_1,41c2c371025858ff916bf64a4eeb1c5293ca33d2d22cf43ee3d1ace93e81b9ea,675efa1486e53a4914248132dda701b834c9e26599d8c4c4d7b41db57bfcf2b0,
G|LP0174|Consensus|stage_a|replicate_1,G-7d974494ae3c0e1c1be63ccf174c14f36dfa7f35,G,target,LP0174,Consensus,consensus_stage_a_estimates,1,google/gemma-4-31B-it,4220efc367afb0cb95cfcb2f59c3074cae91d0621602cad676940e2a145c2f6a,675efa1486e53a4914248132dda701b834c9e26599d8c4c4d7b41db57bfcf2b0,consensus_two_stage_interactive_adaptation_v1,prompt_compiler_v2_split_g_f,694851399,pending,Q001|Q002|Q003,"{""Q001"": ""consensus_estimate_net_zero_before_2085"", ""Q002"": ""consensus_estimate_co2_warms_planet"", ""Q003"": ""consensus_estimate_human_primary_cause""}",consensus_stage_a,consensus_two_stage_interactive_adaptation_v1,G|LP0174|Consensus|stage_a|replicate_1,4220efc367afb0cb95cfcb2f59c3074cae91d0621602cad676940e2a145c2f6a,675efa1486e53a4914248132dda701b834c9e26599d8c4c4d7b41db57bfcf2b0,
G|LP0175|Consensus|stage_a|replicate_1,G-6dd08e5dff0c255b563f07b71b80fca119528e3c,G,target,LP0175,Consensus,consensus_stage_a_estimates,1,google/gemma-4-31B-it,72bb8b270165cc0bdefe9512c061ff5f1b7ebb4222e848104dc0bab62aa907d3,675efa1486e53a4914248132dda701b834c9e26599d8c4c4d7b41db57bfcf2b0,consensus_two_stage_interactive_adaptation_v1,prompt_compiler_v2_split_g_f,1521304088,pending,Q001|Q002|Q003,"{""Q001"": ""consensus_estimate_co2_warms_planet"", ""Q002"": ""consensus_estimate_human_primary_cause"", ""Q003"": ""consensus_estimate_net_zero_before_2085""}",consensus_stage_a,consensus_two_stage_interactive_adaptation_v1,G|LP0175|Consensus|stage_a|replicate_1,72bb8b270165cc0bdefe9512c061ff5f1b7ebb4222e848104dc0bab62aa907d3,675efa1486e53a4914248132dda701b834c9e26599d8c4c4d7b41db57bfcf2b0,
G|LP0176|Consensus|stage_a|replicate_1,G-4159e6baab9130aba6fadddcc3701a31b4cf23bb,G,target,LP0176,Consensus,consensus_stage_a_estimates,1,google/gemma-4-31B-it,378cc19d52153b386c834da82e467ba63436a94b3df325edc81a0d7e9a97caa0,675efa1486e53a4914248132dda701b834c9e26599d8c4c4d7b41db57bfcf2b0,consensus_two_stage_interactive_adaptation_v1,prompt_compiler_v2_split_g_f,776273441,pending,Q001|Q002|Q003,"{""Q001"": ""consensus_estimate_net_zero_before_2085"", ""Q002"": ""consensus_estimate_co2_warms_planet"", ""Q003"": ""consensus_estimate_human_primary_cause""}",consensus_stage_a,consensus_two_stage_interactive_adaptation_v1,G|LP0176|Consensus|stage_a|replicate_1,378cc19d52153b386c834da82e467ba63436a94b3df325edc81a0d7e9a97caa0,675efa1486e53a4914248132dda701b834c9e26599d8c4c4d7b41db57bfcf2b0,
G|LP0177|Consensus|stage_a|replicate_1,G-ce0cf9f738345fe4e9fc9b189d1d58bdd70c08ab,G,target,LP0177,Consensus,consensus_stage_a_estimates,1,google/gemma-4-31B-it,3bae4669800dc9acae0ac72c07a6a4b5eb90c7a9196d89013372885439528750,675efa1486e53a4914248132dda701b834c9e26599d8c4c4d7b41db57bfcf2b0,consensus_two_stage_interactive_adaptation_v1,prompt_compiler_v2_split_g_f,1414419413,pending,Q001|Q002|Q003,"{""Q001"": ""consensus_estimate_net_zero_before_2085"", ""Q002"": ""consensus_estimate_co2_warms_planet"", ""Q003"": ""consensus_estimate_human_primary_cause""}",consensus_stage_a,consensus_two_stage_interactive_adaptation_v1,G|LP0177|Consensus|stage_a|replicate_1,3bae4669800dc9acae0ac72c07a6a4b5eb90c7a9196d89013372885439528750,675efa1486e53a4914248132dda701b834c9e26599d8c4c4d7b41db57bfcf2b0,
G|LP0178|Consensus|stage_a|replicate_1,G-a4aaf16a534738f966486de1980f1cd84f9b17f4,G,target,LP0178,Consensus,consensus_stage_a_estimates,1,google/gemma-4-31B-it,9b518ea84624072bbe20d1e81e7fdf3d7121eb4a1b056afb0fd6fff2929ca7ad,675efa1486e53a4914248132dda701b834c9e26599d8c4c4d7b41db57bfcf2b0,consensus_two_stage_interactive_adaptation_v1,prompt_compiler_v2_split_g_f,480058320,pending,Q001|Q002|Q003,"{""Q001"": ""consensus_estimate_human_primary_cause"", ""Q002"": ""consensus_estimate_net_zero_before_2085"", ""Q003"": ""consensus_estimate_co2_warms_planet""}",consensus_stage_a,consensus_two_stage_interactive_adaptation_v1,G|LP0178|Consensus|stage_a|replicate_1,9b518ea84624072bbe20d1e81e7fdf3d7121eb4a1b056afb0fd6fff2929ca7ad,675efa1486e53a4914248132dda701b834c9e26599d8c4c4d7b41db57bfcf2b0,
G|LP0179|Consensus|stage_a|replicate_1,G-5086fd8acc907f0cb8abfb31bd1455f5cf48e29a,G,target,LP0179,Consensus,consensus_stage_a_estimates,1,google/gemma-4-31B-it,1b89ab8ca5806eb8b70cf91cb85ecc5783733f48a800f1f275242c32b028afbe,675efa1486e53a4914248132dda701b834c9e26599d8c4c4d7b41db57bfcf2b0,consensus_two_stage_interactive_adaptation_v1,prompt_compiler_v2_split_g_f,1839102498,pending,Q001|Q002|Q003,"{""Q001"": ""consensus_estimate_net_zero_before_2085"", ""Q002"": ""consensus_estimate_human_primary_cause"", ""Q003"": ""consensus_estimate_co2_warms_planet""}",consensus_stage_a,consensus_two_stage_interactive_adaptation_v1,G|LP0179|Consensus|stage_a|replicate_1,1b89ab8ca5806eb8b70cf91cb85ecc5783733f48a800f1f275242c32b028afbe,675efa1486e53a4914248132dda701b834c9e26599d8c4c4d7b41db57bfcf2b0,
G|LP0180|Consensus|stage_a|replicate_1,G-8413a73e4d36d0b8d0a4b22fb621c8836386ab7f,G,target,LP0180,Consensus,consensus_stage_a_estimates,1,google/gemma-4-31B-it,c0a0e16183ab6333eccd5c48d67e58c14c769821623c53ea48b92ec3fcf0b627,675efa1486e53a4914248132dda701b834c9e26599d8c4c4d7b41db57bfcf2b0,consensus_two_stage_interactive_adaptation_v1,prompt_compiler_v2_split_g_f,1432231734,pending,Q001|Q002|Q003,"{""Q001"": ""consensus_estimate_co2_warms_planet"", ""Q002"": ""consensus_estimate_human_primary_cause"", ""Q003"": ""consensus_estimate_net_zero_before_2085""}",consensus_stage_a,consensus_two_stage_interactive_adaptation_v1,G|LP0180|Consensus|stage_a|replicate_1,c0a0e16183ab6333eccd5c48d67e58c14c769821623c53ea48b92ec3fcf0b627,675efa1486e53a4914248132dda701b834c9e26599d8c4c4d7b41db57bfcf2b0,
G|LP0181|Consensus|stage_a|replicate_1,G-fca2715dbcef9908bbbab8ca59b72b2059dc895d,G,target,LP0181,Consensus,consensus_stage_a_estimates,1,google/gemma-4-31B-it,18b0a7d6ccbef49467260ae538ee350a9ca6cf580f0522a26303c48cd299809e,675efa1486e53a4914248132dda701b834c9e26599d8c4c4d7b41db57bfcf2b0,consensus_two_stage_interactive_adaptation_v1,prompt_compiler_v2_split_g_f,909409223,pending,Q001|Q002|Q003,"{""Q001"": ""consensus_estimate_human_primary_cause"", ""Q002"": ""consensus_estimate_co2_warms_planet"", ""Q003"": ""consensus_estimate_net_zero_before_2085""}",consensus_stage_a,consensus_two_stage_interactive_adaptation_v1,G|LP0181|Consensus|stage_a|replicate_1,18b0a7d6ccbef49467260ae538ee350a9ca6cf580f0522a26303c48cd299809e,675efa1486e53a4914248132dda701b834c9e26599d8c4c4d7b41db57bfcf2b0,
G|LP0182|Consensus|stage_a|replicate_1,G-9b9eafeeb1130b739cdcdcc6cc369d34ada901da,G,target,LP0182,Consensus,consensus_stage_a_estimates,1,google/gemma-4-31B-it,1de897c892bc16e17efab2cd617b888f46064bfc3f16171ee07d0002bb92fc47,675efa1486e53a4914248132dda701b834c9e26599d8c4c4d7b41db57bfcf2b0,consensus_two_stage_interactive_adaptation_v1,prompt_compiler_v2_split_g_f,1750100818,pending,Q001|Q002|Q003,"{""Q001"": ""consensus_estimate_co2_warms_planet"", ""Q002"": ""consensus_estimate_net_zero_before_2085"", ""Q003"": ""consensus_estimate_human_primary_cause""}",consensus_stage_a,consensus_two_stage_interactive_adaptation_v1,G|LP0182|Consensus|stage_a|replicate_1,1de897c892bc16e17efab2cd617b888f46064bfc3f16171ee07d0002bb92fc47,675efa1486e53a4914248132dda701b834c9e26599d8c4c4d7b41db57bfcf2b0,
G|LP0183|Consensus|stage_a|replicate_1,G-77d2d3f59769bad5a708f837c47f4641470b118a,G,target,LP0183,Consensus,consensus_stage_a_estimates,1,google/gemma-4-31B-it,d6ad81e50369eb10db4da77dc010550b0f973ce6c323d8e7b55ffcfcbaf08d60,675efa1486e53a4914248132dda701b834c9e26599d8c4c4d7b41db57bfcf2b0,consensus_two_stage_interactive_adaptation_v1,prompt_compiler_v2_split_g_f,118448834,pending,Q001|Q002|Q003,"{""Q001"": ""consensus_estimate_human_primary_cause"", ""Q002"": ""consensus_estimate_co2_warms_planet"", ""Q003"": ""consensus_estimate_net_zero_before_2085""}",consensus_stage_a,consensus_two_stage_interactive_adaptation_v1,G|LP0183|Consensus|stage_a|replicate_1,d6ad81e50369eb10db4da77dc010550b0f973ce6c323d8e7b55ffcfcbaf08d60,675efa1486e53a4914248132dda701b834c9e26599d8c4c4d7b41db57bfcf2b0,
G|LP0184|Consensus|stage_a|replicate_1,G-c38ea6cfedf4f3c9b8272317647317c1cff82366,G,target,LP0184,Consensus,consensus_stage_a_estimates,1,google/gemma-4-31B-it,e13d878bac1161dc3aecb6d5987f19dc086c21a1475cb33c9cc6dc5602b776f5,675efa1486e53a4914248132dda701b834c9e26599d8c4c4d7b41db57bfcf2b0,consensus_two_stage_interactive_adaptation_v1,prompt_compiler_v2_split_g_f,1964130667,pending,Q001|Q002|Q003,"{""Q001"": ""consensus_estimate_co2_warms_planet"", ""Q002"": ""consensus_estimate_net_zero_before_2085"", ""Q003"": ""consensus_estimate_human_primary_cause""}",consensus_stage_a,consensus_two_stage_interactive_adaptation_v1,G|LP0184|Consensus|stage_a|replicate_1,e13d878bac1161dc3aecb6d5987f19dc086c21a1475cb33c9cc6dc5602b776f5,675efa1486e53a4914248132dda701b834c9e26599d8c4c4d7b41db57bfcf2b0,
G|LP0185|Consensus|stage_a|replicate_1,G-5d952fc05b12d0479d8292e7be7389f93bc5a5df,G,target,LP0185,Consensus,consensus_stage_a_estimates,1,google/gemma-4-31B-it,f1459802a186523aa91b43f711c5d9f3c3b89b2361b06201520744a98bc3b106,675efa1486e53a4914248132dda701b834c9e26599d8c4c4d7b41db57bfcf2b0,consensus_two_stage_interactive_adaptation_v1,prompt_compiler_v2_split_g_f,373108681,pending,Q001|Q002|Q003,"{""Q001"": ""consensus_estimate_net_zero_before_2085"", ""Q002"": ""consensus_estimate_co2_warms_planet"", ""Q003"": ""consensus_estimate_human_primary_cause""}",consensus_stage_a,consensus_two_stage_interactive_adaptation_v1,G|LP0185|Consensus|stage_a|replicate_1,f1459802a186523aa91b43f711c5d9f3c3b89b2361b06201520744a98bc3b106,675efa1486e53a4914248132dda701b834c9e26599d8c4c4d7b41db57bfcf2b0,
G|LP0186|Consensus|stage_a|replicate_1,G-cd6d0d7505ad0a0fb84ca6e39710362e7c207aa9,G,target,LP0186,Consensus,consensus_stage_a_estimates,1,google/gemma-4-31B-it,dc251251ea9f7bc6e7b34a66b9d949ea7d1893d22100231d8b5cb68b066077a0,675efa1486e53a4914248132dda701b834c9e26599d8c4c4d7b41db57bfcf2b0,consensus_two_stage_interactive_adaptation_v1,prompt_compiler_v2_split_g_f,545727740,pending,Q001|Q002|Q003,"{""Q001"": ""consensus_estimate_co2_warms_planet"", ""Q002"": ""consensus_estimate_human_primary_cause"", ""Q003"": ""consensus_estimate_net_zero_before_2085""}",consensus_stage_a,consensus_two_stage_interactive_adaptation_v1,G|LP0186|Consensus|stage_a|replicate_1,dc251251ea9f7bc6e7b34a66b9d949ea7d1893d22100231d8b5cb68b066077a0,675efa1486e53a4914248132dda701b834c9e26599d8c4c4d7b41db57bfcf2b0,
G|LP0187|Consensus|stage_a|replicate_1,G-bc8b84d518e34d8abc341904b4a4f92a15c92cdd,G,target,LP0187,Consensus,consensus_stage_a_estimates,1,google/gemma-4-31B-it,2c99025f90f68ce553f3506fffd43c9e1159d839dea793d8d108b75e007e68c6,675efa1486e53a4914248132dda701b834c9e26599d8c4c4d7b41db57bfcf2b0,consensus_two_stage_interactive_adaptation_v1,prompt_compiler_v2_split_g_f,301618999,pending,Q001|Q002|Q003,"{""Q001"": ""consensus_estimate_co2_warms_planet"", ""Q002"": ""consensus_estimate_human_primary_cause"", ""Q003"": ""consensus_estimate_net_zero_before_2085""}",consensus_stage_a,consensus_two_stage_interactive_adaptation_v1,G|LP0187|Consensus|stage_a|replicate_1,2c99025f90f68ce553f3506fffd43c9e1159d839dea793d8d108b75e007e68c6,675efa1486e53a4914248132dda701b834c9e26599d8c4c4d7b41db57bfcf2b0,
G|LP0188|Consensus|stage_a|replicate_1,G-570725b8bad8adcb0b78fcfaa6d70a1030f663b5,G,target,LP0188,Consensus,consensus_stage_a_estimates,1,google/gemma-4-31B-it,feb946a686296d4fa927bd5171fe5baa24cc096ec12e7bafd99f1bbfbe5d9332,675efa1486e53a4914248132dda701b834c9e26599d8c4c4d7b41db57bfcf2b0,consensus_two_stage_interactive_adaptation_v1,prompt_compiler_v2_split_g_f,1759967549,pending,Q001|Q002|Q003,"{""Q001"": ""consensus_estimate_net_zero_before_2085"", ""Q002"": ""consensus_estimate_co2_warms_planet"", ""Q003"": ""consensus_estimate_human_primary_cause""}",consensus_stage_a,consensus_two_stage_interactive_adaptation_v1,G|LP0188|Consensus|stage_a|replicate_1,feb946a686296d4fa927bd5171fe5baa24cc096ec12e7bafd99f1bbfbe5d9332,675efa1486e53a4914248132dda701b834c9e26599d8c4c4d7b41db57bfcf2b0,
G|LP0189|Consensus|stage_a|replicate_1,G-aad10c942db07c23b44c5deae7a8ad44d881911a,G,target,LP0189,Consensus,consensus_stage_a_estimates,1,google/gemma-4-31B-it,5d30c68d998e44b991db474f8e1a8243eae5c3af585dd65207e229a9d9f9ee70,675efa1486e53a4914248132dda701b834c9e26599d8c4c4d7b41db57bfcf2b0,consensus_two_stage_interactive_adaptation_v1,prompt_compiler_v2_split_g_f,55743822,pending,Q001|Q002|Q003,"{""Q001"": ""consensus_estimate_co2_warms_planet"", ""Q002"": ""consensus_estimate_human_primary_cause"", ""Q003"": ""consensus_estimate_net_zero_before_2085""}",consensus_stage_a,consensus_two_stage_interactive_adaptation_v1,G|LP0189|Consensus|stage_a|replicate_1,5d30c68d998e44b991db474f8e1a8243eae5c3af585dd65207e229a9d9f9ee70,675efa1486e53a4914248132dda701b834c9e26599d8c4c4d7b41db57bfcf2b0,
G|LP0190|Consensus|stage_a|replicate_1,G-47d6775863dd6053a723f3a4243347d8c026ad89,G,target,LP0190,Consensus,consensus_stage_a_estimates,1,google/gemma-4-31B-it,a81c342c2ca2ae2103b43b7937c816c35928552f4c04d8644b37fca006fd097e,675efa1486e53a4914248132dda701b834c9e26599d8c4c4d7b41db57bfcf2b0,consensus_two_stage_interactive_adaptation_v1,prompt_compiler_v2_split_g_f,1938444036,pending,Q001|Q002|Q003,"{""Q001"": ""consensus_estimate_human_primary_cause"", ""Q002"": ""consensus_estimate_co2_warms_planet"", ""Q003"": ""consensus_estimate_net_zero_before_2085""}",consensus_stage_a,consensus_two_stage_interactive_adaptation_v1,G|LP0190|Consensus|stage_a|replicate_1,a81c342c2ca2ae2103b43b7937c816c35928552f4c04d8644b37fca006fd097e,675efa1486e53a4914248132dda701b834c9e26599d8c4c4d7b41db57bfcf2b0,
G|LP0191|Consensus|stage_a|replicate_1,G-96fd35e5e55ae3c85542b6a2fd006b98936aa09d,G,target,LP0191,Consensus,consensus_stage_a_estimates,1,google/gemma-4-31B-it,e32bd88f16d51505f371e0a890f4ab855e9203c281f11008d6efaadff3fedccb,675efa1486e53a4914248132dda701b834c9e26599d8c4c4d7b41db57bfcf2b0,consensus_two_stage_interactive_adaptation_v1,prompt_compiler_v2_split_g_f,324358038,pending,Q001|Q002|Q003,"{""Q001"": ""consensus_estimate_net_zero_before_2085"", ""Q002"": ""consensus_estimate_co2_warms_planet"", ""Q003"": ""consensus_estimate_human_primary_cause""}",consensus_stage_a,consensus_two_stage_interactive_adaptation_v1,G|LP0191|Consensus|stage_a|replicate_1,e32bd88f16d51505f371e0a890f4ab855e9203c281f11008d6efaadff3fedccb,675efa1486e53a4914248132dda701b834c9e26599d8c4c4d7b41db57bfcf2b0,
G|LP0192|Consensus|stage_a|replicate_1,G-33a29e509dfacc043c8b1eed4d2b6ae72016e9fb,G,target,LP0192,Consensus,consensus_stage_a_estimates,1,google/gemma-4-31B-it,2f3126d08cd866478a6fb20a4fe10625d079d1cf4ba0a83ef96be87c89226235,675efa1486e53a4914248132dda701b834c9e26599d8c4c4d7b41db57bfcf2b0,consensus_two_stage_interactive_adaptation_v1,prompt_compiler_v2_split_g_f,88082598,pending,Q001|Q002|Q003,"{""Q001"": ""consensus_estimate_co2_warms_planet"", ""Q002"": ""consensus_estimate_net_zero_before_2085"", ""Q003"": ""consensus_estimate_human_primary_cause""}",consensus_stage_a,consensus_two_stage_interactive_adaptation_v1,G|LP0192|Consensus|stage_a|replicate_1,2f3126d08cd866478a6fb20a4fe10625d079d1cf4ba0a83ef96be87c89226235,675efa1486e53a4914248132dda701b834c9e26599d8c4c4d7b41db57bfcf2b0,
G|LP0193|Consensus|stage_a|replicate_1,G-3603ed14037421a0c8828a81d0e1c99e1e5fcb81,G,target,LP0193,Consensus,consensus_stage_a_estimates,1,google/gemma-4-31B-it,136f3c488c465c1a298e6abe301ffd6075cab20f80960e31c7dc1f5cbb1ab9d8,675efa1486e53a4914248132dda701b834c9e26599d8c4c4d7b41db57bfcf2b0,consensus_two_stage_interactive_adaptation_v1,prompt_compiler_v2_split_g_f,1870396360,pending,Q001|Q002|Q003,"{""Q001"": ""consensus_estimate_co2_warms_planet"", ""Q002"": ""consensus_estimate_human_primary_cause"", ""Q003"": ""consensus_estimate_net_zero_before_2085""}",consensus_stage_a,consensus_two_stage_interactive_adaptation_v1,G|LP0193|Consensus|stage_a|replicate_1,136f3c488c465c1a298e6abe301ffd6075cab20f80960e31c7dc1f5cbb1ab9d8,675efa1486e53a4914248132dda701b834c9e26599d8c4c4d7b41db57bfcf2b0,
G|LP0194|Consensus|stage_a|replicate_1,G-4cc01f1d5b72eb908397b1bd129046eea12c1b96,G,target,LP0194,Consensus,consensus_stage_a_estimates,1,google/gemma-4-31B-it,3973f168aa6317d3d30c1eb0b473eda0bc37abd4851325a0d94313d7b2f678e9,675efa1486e53a4914248132dda701b834c9e26599d8c4c4d7b41db57bfcf2b0,consensus_two_stage_interactive_adaptation_v1,prompt_compiler_v2_split_g_f,1962093003,pending,Q001|Q002|Q003,"{""Q001"": ""consensus_estimate_human_primary_cause"", ""Q002"": ""consensus_estimate_net_zero_before_2085"", ""Q003"": ""consensus_estimate_co2_warms_planet""}",consensus_stage_a,consensus_two_stage_interactive_adaptation_v1,G|LP0194|Consensus|stage_a|replicate_1,3973f168aa6317d3d30c1eb0b473eda0bc37abd4851325a0d94313d7b2f678e9,675efa1486e53a4914248132dda701b834c9e26599d8c4c4d7b41db57bfcf2b0,
G|LP0195|Consensus|stage_a|replicate_1,G-cb1c792de2f3d538fdbf21cec56b3236c07d853a,G,target,LP0195,Consensus,consensus_stage_a_estimates,1,google/gemma-4-31B-it,b739ab0360561ae9145d1c13acf45df53c649144b2a8e5e2ced34a36fd872222,675efa1486e53a4914248132dda701b834c9e26599d8c4c4d7b41db57bfcf2b0,consensus_two_stage_interactive_adaptation_v1,prompt_compiler_v2_split_g_f,2032977814,pending,Q001|Q002|Q003,"{""Q001"": ""consensus_estimate_co2_warms_planet"", ""Q002"": ""consensus_estimate_human_primary_cause"", ""Q003"": ""consensus_estimate_net_zero_before_2085""}",consensus_stage_a,consensus_two_stage_interactive_adaptation_v1,G|LP0195|Consensus|stage_a|replicate_1,b739ab0360561ae9145d1c13acf45df53c649144b2a8e5e2ced34a36fd872222,675efa1486e53a4914248132dda701b834c9e26599d8c4c4d7b41db57bfcf2b0,
G|LP0196|Consensus|stage_a|replicate_1,G-7d90ad8489d84a67039327b49042afe48cfeccef,G,target,LP0196,Consensus,consensus_stage_a_estimates,1,google/gemma-4-31B-it,8605b00e32f1e65d1c7d5a231993d2ab5258c431451601ab39a1aaaeb0ec0a34,675efa1486e53a4914248132dda701b834c9e26599d8c4c4d7b41db57bfcf2b0,consensus_two_stage_interactive_adaptation_v1,prompt_compiler_v2_split_g_f,83469682,pending,Q001|Q002|Q003,"{""Q001"": ""consensus_estimate_co2_warms_planet"", ""Q002"": ""consensus_estimate_human_primary_cause"", ""Q003"": ""consensus_estimate_net_zero_before_2085""}",consensus_stage_a,consensus_two_stage_interactive_adaptation_v1,G|LP0196|Consensus|stage_a|replicate_1,8605b00e32f1e65d1c7d5a231993d2ab5258c431451601ab39a1aaaeb0ec0a34,675efa1486e53a4914248132dda701b834c9e26599d8c4c4d7b41db57bfcf2b0,
G|LP0197|Consensus|stage_a|replicate_1,G-5d0c361b6451e507c117a04f3baac89f39ae12e4,G,target,LP0197,Consensus,consensus_stage_a_estimates,1,google/gemma-4-31B-it,af555cf6d980ae42ae415f13cb954ac3e50c2070fadfab675d74601e17eb86d4,675efa1486e53a4914248132dda701b834c9e26599d8c4c4d7b41db57bfcf2b0,consensus_two_stage_interactive_adaptation_v1,prompt_compiler_v2_split_g_f,510284095,pending,Q001|Q002|Q003,"{""Q001"": ""consensus_estimate_net_zero_before_2085"", ""Q002"": ""consensus_estimate_human_primary_cause"", ""Q003"": ""consensus_estimate_co2_warms_planet""}",consensus_stage_a,consensus_two_stage_interactive_adaptation_v1,G|LP0197|Consensus|stage_a|replicate_1,af555cf6d980ae42ae415f13cb954ac3e50c2070fadfab675d74601e17eb86d4,675efa1486e53a4914248132dda701b834c9e26599d8c4c4d7b41db57bfcf2b0,
G|LP0198|Consensus|stage_a|replicate_1,G-b88c3c01f6457e263fd757070e773a39de9be477,G,target,LP0198,Consensus,consensus_stage_a_estimates,1,google/gemma-4-31B-it,30b487ad90e6a06714e1a7f26777e02aecb901149130bad1923a555639608c19,675efa1486e53a4914248132dda701b834c9e26599d8c4c4d7b41db57bfcf2b0,consensus_two_stage_interactive_adaptation_v1,prompt_compiler_v2_split_g_f,1734211116,pending,Q001|Q002|Q003,"{""Q001"": ""consensus_estimate_co2_warms_planet"", ""Q002"": ""consensus_estimate_human_primary_cause"", ""Q003"": ""consensus_estimate_net_zero_before_2085""}",consensus_stage_a,consensus_two_stage_interactive_adaptation_v1,G|LP0198|Consensus|stage_a|replicate_1,30b487ad90e6a06714e1a7f26777e02aecb901149130bad1923a555639608c19,675efa1486e53a4914248132dda701b834c9e26599d8c4c4d7b41db57bfcf2b0,
G|LP0199|Consensus|stage_a|replicate_1,G-0f40a295cd2c5016f9820bc35e76287fd31f689b,G,target,LP0199,Consensus,consensus_stage_a_estimates,1,google/gemma-4-31B-it,07310ae3a4603572996fb897c2b79737ee180f89ba798a59a103d56b872b5820,675efa1486e53a4914248132dda701b834c9e26599d8c4c4d7b41db57bfcf2b0,consensus_two_stage_interactive_adaptation_v1,prompt_compiler_v2_split_g_f,1806538049,pending,Q001|Q002|Q003,"{""Q001"": ""consensus_estimate_net_zero_before_2085"", ""Q002"": ""consensus_estimate_human_primary_cause"", ""Q003"": ""consensus_estimate_co2_warms_planet""}",consensus_stage_a,consensus_two_stage_interactive_adaptation_v1,G|LP0199|Consensus|stage_a|replicate_1,07310ae3a4603572996fb897c2b79737ee180f89ba798a59a103d56b872b5820,675efa1486e53a4914248132dda701b834c9e26599d8c4c4d7b41db57bfcf2b0,
G|LP0200|Consensus|stage_a|replicate_1,G-4fd778be7cbcecc105b63b30b69f3ca9c76ebfa8,G,target,LP0200,Consensus,consensus_stage_a_estimates,1,google/gemma-4-31B-it,12ff14587360704d15d352f5ea84a29e16e98a84873713a4c188d08917f07bb4,675efa1486e53a4914248132dda701b834c9e26599d8c4c4d7b41db57bfcf2b0,consensus_two_stage_interactive_adaptation_v1,prompt_compiler_v2_split_g_f,476831295,pending,Q001|Q002|Q003,"{""Q001"": ""consensus_estimate_co2_warms_planet"", ""Q002"": ""consensus_estimate_human_primary_cause"", ""Q003"": ""consensus_estimate_net_zero_before_2085""}",consensus_stage_a,consensus_two_stage_interactive_adaptation_v1,G|LP0200|Consensus|stage_a|replicate_1,12ff14587360704d15d352f5ea84a29e16e98a84873713a4c188d08917f07bb4,675efa1486e53a4914248132dda701b834c9e26599d8c4c4d7b41db57bfcf2b0,
G|LP0201|Consensus|stage_a|replicate_1,G-91bd0c698540786e5adbbee2c370c612cd8947ae,G,target,LP0201,Consensus,consensus_stage_a_estimates,1,google/gemma-4-31B-it,c7663a9e725311e6617bbe5980feaedbe85a8dcdb8a08b7a9bc1c40ccbe87036,675efa1486e53a4914248132dda701b834c9e26599d8c4c4d7b41db57bfcf2b0,consensus_two_stage_interactive_adaptation_v1,prompt_compiler_v2_split_g_f,683315523,pending,Q001|Q002|Q003,"{""Q001"": ""consensus_estimate_co2_warms_planet"", ""Q002"": ""consensus_estimate_human_primary_cause"", ""Q003"": ""consensus_estimate_net_zero_before_2085""}",consensus_stage_a,consensus_two_stage_interactive_adaptation_v1,G|LP0201|Consensus|stage_a|replicate_1,c7663a9e725311e6617bbe5980feaedbe85a8dcdb8a08b7a9bc1c40ccbe87036,675efa1486e53a4914248132dda701b834c9e26599d8c4c4d7b41db57bfcf2b0,
G|LP0202|Consensus|stage_a|replicate_1,G-9b2666d00e4c72cc54168eed59dfa7c23a7a6d00,G,target,LP0202,Consensus,consensus_stage_a_estimates,1,google/gemma-4-31B-it,41f7900a969dec26fb3626e18534597dd2729303fe2e5a3355915257f2791b18,675efa1486e53a4914248132dda701b834c9e26599d8c4c4d7b41db57bfcf2b0,consensus_two_stage_interactive_adaptation_v1,prompt_compiler_v2_split_g_f,1150894190,pending,Q001|Q002|Q003,"{""Q001"": ""consensus_estimate_net_zero_before_2085"", ""Q002"": ""consensus_estimate_human_primary_cause"", ""Q003"": ""consensus_estimate_co2_warms_planet""}",consensus_stage_a,consensus_two_stage_interactive_adaptation_v1,G|LP0202|Consensus|stage_a|replicate_1,41f7900a969dec26fb3626e18534597dd2729303fe2e5a3355915257f2791b18,675efa1486e53a4914248132dda701b834c9e26599d8c4c4d7b41db57bfcf2b0,
G|LP0203|Consensus|stage_a|replicate_1,G-a81213583c4cff383c209fdfdb00458d31821a7b,G,target,LP0203,Consensus,consensus_stage_a_estimates,1,google/gemma-4-31B-it,c398cf7f6ba561c940fa1e30f17db71b98a27da33f8ec91b9c7d94e601e87633,675efa1486e53a4914248132dda701b834c9e26599d8c4c4d7b41db57bfcf2b0,consensus_two_stage_interactive_adaptation_v1,prompt_compiler_v2_split_g_f,208741867,pending,Q001|Q002|Q003,"{""Q001"": ""consensus_estimate_human_primary_cause"", ""Q002"": ""consensus_estimate_co2_warms_planet"", ""Q003"": ""consensus_estimate_net_zero_before_2085""}",consensus_stage_a,consensus_two_stage_interactive_adaptation_v1,G|LP0203|Consensus|stage_a|replicate_1,c398cf7f6ba561c940fa1e30f17db71b98a27da33f8ec91b9c7d94e601e87633,675efa1486e53a4914248132dda701b834c9e26599d8c4c4d7b41db57bfcf2b0,
G|LP0204|Consensus|stage_a|replicate_1,G-721509db1a7000ac2539414cb422abd0cf911ef7,G,target,LP0204,Consensus,consensus_stage_a_estimates,1,google/gemma-4-31B-it,d0a26cad103bf0970abfbe97097017f56d42aacf230dd246e600af3f369e4473,675efa1486e53a4914248132dda701b834c9e26599d8c4c4d7b41db57bfcf2b0,consensus_two_stage_interactive_adaptation_v1,prompt_compiler_v2_split_g_f,2124026979,pending,Q001|Q002|Q003,"{""Q001"": ""consensus_estimate_human_primary_cause"", ""Q002"": ""consensus_estimate_net_zero_before_2085"", ""Q003"": ""consensus_estimate_co2_warms_planet""}",consensus_stage_a,consensus_two_stage_interactive_adaptation_v1,G|LP0204|Consensus|stage_a|replicate_1,d0a26cad103bf0970abfbe97097017f56d42aacf230dd246e600af3f369e4473,675efa1486e53a4914248132dda701b834c9e26599d8c4c4d7b41db57bfcf2b0,
G|LP0205|Consensus|stage_a|replicate_1,G-4c3917df768e1905056e5907451eebe7672101a2,G,target,LP0205,Consensus,consensus_stage_a_estimates,1,google/gemma-4-31B-it,49e058302ef08c569eac22d471092c19752454af3acf68d62431aed9ce4fff17,675efa1486e53a4914248132dda701b834c9e26599d8c4c4d7b41db57bfcf2b0,consensus_two_stage_interactive_adaptation_v1,prompt_compiler_v2_split_g_f,251676869,pending,Q001|Q002|Q003,"{""Q001"": ""consensus_estimate_human_primary_cause"", ""Q002"": ""consensus_estimate_co2_warms_planet"", ""Q003"": ""consensus_estimate_net_zero_before_2085""}",consensus_stage_a,consensus_two_stage_interactive_adaptation_v1,G|LP0205|Consensus|stage_a|replicate_1,49e058302ef08c569eac22d471092c19752454af3acf68d62431aed9ce4fff17,675efa1486e53a4914248132dda701b834c9e26599d8c4c4d7b41db57bfcf2b0,
G|LP0206|Consensus|stage_a|replicate_1,G-cf744e92153649f3b023e7b2bd6e6eb3850a7636,G,target,LP0206,Consensus,consensus_stage_a_estimates,1,google/gemma-4-31B-it,f33b8a87cf7c683db5ebdaee64039524381b65cb6a6053f2db71b7abdc21a1cb,675efa1486e53a4914248132dda701b834c9e26599d8c4c4d7b41db57bfcf2b0,consensus_two_stage_interactive_adaptation_v1,prompt_compiler_v2_split_g_f,874440474,pending,Q001|Q002|Q003,"{""Q001"": ""consensus_estimate_human_primary_cause"", ""Q002"": ""consensus_estimate_net_zero_before_2085"", ""Q003"": ""consensus_estimate_co2_warms_planet""}",consensus_stage_a,consensus_two_stage_interactive_adaptation_v1,G|LP0206|Consensus|stage_a|replicate_1,f33b8a87cf7c683db5ebdaee64039524381b65cb6a6053f2db71b7abdc21a1cb,675efa1486e53a4914248132dda701b834c9e26599d8c4c4d7b41db57bfcf2b0,
G|LP0207|Consensus|stage_a|replicate_1,G-974365fb5a02f5c0dc93a84498b080a0a87b8ed4,G,target,LP0207,Consensus,consensus_stage_a_estimates,1,google/gemma-4-31B-it,d948056b726239b810c3393973516e9b490c527d4496653246423a38f6fc6ba6,675efa1486e53a4914248132dda701b834c9e26599d8c4c4d7b41db57bfcf2b0,consensus_two_stage_interactive_adaptation_v1,prompt_compiler_v2_split_g_f,143245753,pending,Q001|Q002|Q003,"{""Q001"": ""consensus_estimate_net_zero_before_2085"", ""Q002"": ""consensus_estimate_human_primary_cause"", ""Q003"": ""consensus_estimate_co2_warms_planet""}",consensus_stage_a,consensus_two_stage_interactive_adaptation_v1,G|LP0207|Consensus|stage_a|replicate_1,d948056b726239b810c3393973516e9b490c527d4496653246423a38f6fc6ba6,675efa1486e53a4914248132dda701b834c9e26599d8c4c4d7b41db57bfcf2b0,
G|LP0208|Consensus|stage_a|replicate_1,G-8b4114c0c4e5babde3e99c14f0270d1e947fc527,G,target,LP0208,Consensus,consensus_stage_a_estimates,1,google/gemma-4-31B-it,10fc5a46d89fff35a033485b9ea3896afa7440360e7dd8f696e0ce18a7457c58,675efa1486e53a4914248132dda701b834c9e26599d8c4c4d7b41db57bfcf2b0,consensus_two_stage_interactive_adaptation_v1,prompt_compiler_v2_split_g_f,1533535296,pending,Q001|Q002|Q003,"{""Q001"": ""consensus_estimate_co2_warms_planet"", ""Q002"": ""consensus_estimate_net_zero_before_2085"", ""Q003"": ""consensus_estimate_human_primary_cause""}",consensus_stage_a,consensus_two_stage_interactive_adaptation_v1,G|LP0208|Consensus|stage_a|replicate_1,10fc5a46d89fff35a033485b9ea3896afa7440360e7dd8f696e0ce18a7457c58,675efa1486e53a4914248132dda701b834c9e26599d8c4c4d7b41db57bfcf2b0,
G|LP0209|Consensus|stage_a|replicate_1,G-8f5566c54498e45885e4d7946a064142fefab2ac,G,target,LP0209,Consensus,consensus_stage_a_estimates,1,google/gemma-4-31B-it,71910840d74777fb084ab50e530bf2d8cb31f8e12e7e12daa8fea669447dcddd,675efa1486e53a4914248132dda701b834c9e26599d8c4c4d7b41db57bfcf2b0,consensus_two_stage_interactive_adaptation_v1,prompt_compiler_v2_split_g_f,1665380836,pending,Q001|Q002|Q003,"{""Q001"": ""consensus_estimate_co2_warms_planet"", ""Q002"": ""consensus_estimate_net_zero_before_2085"", ""Q003"": ""consensus_estimate_human_primary_cause""}",consensus_stage_a,consensus_two_stage_interactive_adaptation_v1,G|LP0209|Consensus|stage_a|replicate_1,71910840d74777fb084ab50e530bf2d8cb31f8e12e7e12daa8fea669447dcddd,675efa1486e53a4914248132dda701b834c9e26599d8c4c4d7b41db57bfcf2b0,
G|LP0210|Consensus|stage_a|replicate_1,G-a465b4bc80884047f40287a89447fce228a89b4e,G,target,LP0210,Consensus,consensus_stage_a_estimates,1,google/gemma-4-31B-it,0a5efc564caa42853ec7ad2aba7d90e3520ec49c6fa431ee0a6d1ebd98e163b3,675efa1486e53a4914248132dda701b834c9e26599d8c4c4d7b41db57bfcf2b0,consensus_two_stage_interactive_adaptation_v1,prompt_compiler_v2_split_g_f,1230219714,pending,Q001|Q002|Q003,"{""Q001"": ""consensus_estimate_net_zero_before_2085"", ""Q002"": ""consensus_estimate_human_primary_cause"", ""Q003"": ""consensus_estimate_co2_warms_planet""}",consensus_stage_a,consensus_two_stage_interactive_adaptation_v1,G|LP0210|Consensus|stage_a|replicate_1,0a5efc564caa42853ec7ad2aba7d90e3520ec49c6fa431ee0a6d1ebd98e163b3,675efa1486e53a4914248132dda701b834c9e26599d8c4c4d7b41db57bfcf2b0,
G|LP0211|Consensus|stage_a|replicate_1,G-caf199f352ad5056df5a87685b7aaa76a8922a87,G,target,LP0211,Consensus,consensus_stage_a_estimates,1,google/gemma-4-31B-it,40c2f2a0def2f14caf9721324e93c813c6d735cd519b4b6f21645e7ce88a4d94,675efa1486e53a4914248132dda701b834c9e26599d8c4c4d7b41db57bfcf2b0,consensus_two_stage_interactive_adaptation_v1,prompt_compiler_v2_split_g_f,1754301503,pending,Q001|Q002|Q003,"{""Q001"": ""consensus_estimate_co2_warms_planet"", ""Q002"": ""consensus_estimate_human_primary_cause"", ""Q003"": ""consensus_estimate_net_zero_before_2085""}",consensus_stage_a,consensus_two_stage_interactive_adaptation_v1,G|LP0211|Consensus|stage_a|replicate_1,40c2f2a0def2f14caf9721324e93c813c6d735cd519b4b6f21645e7ce88a4d94,675efa1486e53a4914248132dda701b834c9e26599d8c4c4d7b41db57bfcf2b0,
G|LP0212|Consensus|stage_a|replicate_1,G-64a9ccb5d8da717e0ecd289d717d24aa2f1662cb,G,target,LP0212,Consensus,consensus_stage_a_estimates,1,google/gemma-4-31B-it,7bd302a31063ad37f9942abee3c05dd3c609f996c9baa83c8fc5075b899e476f,675efa1486e53a4914248132dda701b834c9e26599d8c4c4d7b41db57bfcf2b0,consensus_two_stage_interactive_adaptation_v1,prompt_compiler_v2_split_g_f,573442795,pending,Q001|Q002|Q003,"{""Q001"": ""consensus_estimate_human_primary_cause"", ""Q002"": ""consensus_estimate_net_zero_before_2085"", ""Q003"": ""consensus_estimate_co2_warms_planet""}",consensus_stage_a,consensus_two_stage_interactive_adaptation_v1,G|LP0212|Consensus|stage_a|replicate_1,7bd302a31063ad37f9942abee3c05dd3c609f996c9baa83c8fc5075b899e476f,675efa1486e53a4914248132dda701b834c9e26599d8c4c4d7b41db57bfcf2b0,
G|LP0213|Consensus|stage_a|replicate_1,G-b0124460acf7b17b2c1792f569bd1acdbc732f40,G,target,LP0213,Consensus,consensus_stage_a_estimates,1,google/gemma-4-31B-it,6be1ab42c8cdc9932fb882bd2cd9ca00fd8fed8d4d8f7950a8290f244352b8bf,675efa1486e53a4914248132dda701b834c9e26599d8c4c4d7b41db57bfcf2b0,consensus_two_stage_interactive_adaptation_v1,prompt_compiler_v2_split_g_f,219953727,pending,Q001|Q002|Q003,"{""Q001"": ""consensus_estimate_net_zero_before_2085"", ""Q002"": ""consensus_estimate_co2_warms_planet"", ""Q003"": ""consensus_estimate_human_primary_cause""}",consensus_stage_a,consensus_two_stage_interactive_adaptation_v1,G|LP0213|Consensus|stage_a|replicate_1,6be1ab42c8cdc9932fb882bd2cd9ca00fd8fed8d4d8f7950a8290f244352b8bf,675efa1486e53a4914248132dda701b834c9e26599d8c4c4d7b41db57bfcf2b0,
G|LP0214|Consensus|stage_a|replicate_1,G-3d6e5c0d7cd41b3accbc611f82446101e24e8917,G,target,LP0214,Consensus,consensus_stage_a_estimates,1,google/gemma-4-31B-it,9365bb39f56ec55214fe41fab0d477b71685c537d42064d49e2896ca35206022,675efa1486e53a4914248132dda701b834c9e26599d8c4c4d7b41db57bfcf2b0,consensus_two_stage_interactive_adaptation_v1,prompt_compiler_v2_split_g_f,2008077141,pending,Q001|Q002|Q003,"{""Q001"": ""consensus_estimate_human_primary_cause"", ""Q002"": ""consensus_estimate_co2_warms_planet"", ""Q003"": ""consensus_estimate_net_zero_before_2085""}",consensus_stage_a,consensus_two_stage_interactive_adaptation_v1,G|LP0214|Consensus|stage_a|replicate_1,9365bb39f56ec55214fe41fab0d477b71685c537d42064d49e2896ca35206022,675efa1486e53a4914248132dda701b834c9e26599d8c4c4d7b41db57bfcf2b0,
G|LP0215|Consensus|stage_a|replicate_1,G-aee4506bf42ee3d71bbd8ddc679d2ab81ad09cb1,G,target,LP0215,Consensus,consensus_stage_a_estimates,1,google/gemma-4-31B-it,1fe338a00a7ec563224f012d86208f4756cbc71cc7a9e93d88dadad8a4d22e5c,675efa1486e53a4914248132dda701b834c9e26599d8c4c4d7b41db57bfcf2b0,consensus_two_stage_interactive_adaptation_v1,prompt_compiler_v2_split_g_f,1375175857,pending,Q001|Q002|Q003,"{""Q001"": ""consensus_estimate_co2_warms_planet"", ""Q002"": ""consensus_estimate_net_zero_before_2085"", ""Q003"": ""consensus_estimate_human_primary_cause""}",consensus_stage_a,consensus_two_stage_interactive_adaptation_v1,G|LP0215|Consensus|stage_a|replicate_1,1fe338a00a7ec563224f012d86208f4756cbc71cc7a9e93d88dadad8a4d22e5c,675efa1486e53a4914248132dda701b834c9e26599d8c4c4d7b41db57bfcf2b0,
G|LP0216|Consensus|stage_a|replicate_1,G-a2e49c939176d9dd0e01a961cb3423a6ae4ae871,G,target,LP0216,Consensus,consensus_stage_a_estimates,1,google/gemma-4-31B-it,69784a4e163d088fe2248b69c0dc4264304d31aed2eb6781e61bd44da0941528,675efa1486e53a4914248132dda701b834c9e26599d8c4c4d7b41db57bfcf2b0,consensus_two_stage_interactive_adaptation_v1,prompt_compiler_v2_split_g_f,1463816966,pending,Q001|Q002|Q003,"{""Q001"": ""consensus_estimate_net_zero_before_2085"", ""Q002"": ""consensus_estimate_human_primary_cause"", ""Q003"": ""consensus_estimate_co2_warms_planet""}",consensus_stage_a,consensus_two_stage_interactive_adaptation_v1,G|LP0216|Consensus|stage_a|replicate_1,69784a4e163d088fe2248b69c0dc4264304d31aed2eb6781e61bd44da0941528,675efa1486e53a4914248132dda701b834c9e26599d8c4c4d7b41db57bfcf2b0,
G|LP0217|Consensus|stage_a|replicate_1,G-d18bd4c36528f4b447ab2406bcc174c0145c2e59,G,target,LP0217,Consensus,consensus_stage_a_estimates,1,google/gemma-4-31B-it,ac2e0d4d3dba21aaea0d6bfbae565a99141b183c98778bd68398d9e74984a96d,675efa1486e53a4914248132dda701b834c9e26599d8c4c4d7b41db57bfcf2b0,consensus_two_stage_interactive_adaptation_v1,prompt_compiler_v2_split_g_f,138452542,pending,Q001|Q002|Q003,"{""Q001"": ""consensus_estimate_co2_warms_planet"", ""Q002"": ""consensus_estimate_human_primary_cause"", ""Q003"": ""consensus_estimate_net_zero_before_2085""}",consensus_stage_a,consensus_two_stage_interactive_adaptation_v1,G|LP0217|Consensus|stage_a|replicate_1,ac2e0d4d3dba21aaea0d6bfbae565a99141b183c98778bd68398d9e74984a96d,675efa1486e53a4914248132dda701b834c9e26599d8c4c4d7b41db57bfcf2b0,
G|LP0218|Consensus|stage_a|replicate_1,G-e1965c14af031d7d986059307a445911722775c3,G,target,LP0218,Consensus,consensus_stage_a_estimates,1,google/gemma-4-31B-it,0b1ec3e6ded82502f97b2da69ec12e0875eb381b44668b1d826661e00143de25,675efa1486e53a4914248132dda701b834c9e26599d8c4c4d7b41db57bfcf2b0,consensus_two_stage_interactive_adaptation_v1,prompt_compiler_v2_split_g_f,1915737513,pending,Q001|Q002|Q003,"{""Q001"": ""consensus_estimate_net_zero_before_2085"", ""Q002"": ""consensus_estimate_co2_warms_planet"", ""Q003"": ""consensus_estimate_human_primary_cause""}",consensus_stage_a,consensus_two_stage_interactive_adaptation_v1,G|LP0218|Consensus|stage_a|replicate_1,0b1ec3e6ded82502f97b2da69ec12e0875eb381b44668b1d826661e00143de25,675efa1486e53a4914248132dda701b834c9e26599d8c4c4d7b41db57bfcf2b0,
G|LP0219|Consensus|stage_a|replicate_1,G-2d431a403801dae73b306e7c38f9da61fb32f7da,G,target,LP0219,Consensus,consensus_stage_a_estimates,1,google/gemma-4-31B-it,ee08f8a067902dcdf1efda09f5193ad7ae1f711b1705397cbf4c0aedb6bda20b,675efa1486e53a4914248132dda701b834c9e26599d8c4c4d7b41db57bfcf2b0,consensus_two_stage_interactive_adaptation_v1,prompt_compiler_v2_split_g_f,310906728,pending,Q001|Q002|Q003,"{""Q001"": ""consensus_estimate_co2_warms_planet"", ""Q002"": ""consensus_estimate_human_primary_cause"", ""Q003"": ""consensus_estimate_net_zero_before_2085""}",consensus_stage_a,consensus_two_stage_interactive_adaptation_v1,G|LP0219|Consensus|stage_a|replicate_1,ee08f8a067902dcdf1efda09f5193ad7ae1f711b1705397cbf4c0aedb6bda20b,675efa1486e53a4914248132dda701b834c9e26599d8c4c4d7b41db57bfcf2b0,
G|LP0220|Consensus|stage_a|replicate_1,G-c15c49093073bdd0bc2300dd14e30457a4fd3142,G,target,LP0220,Consensus,consensus_stage_a_estimates,1,google/gemma-4-31B-it,ea3ea7d4d2ac7e44d4fbe5571cf1a38ec377bfdd0cf7daba3384f776fa9405e3,675efa1486e53a4914248132dda701b834c9e26599d8c4c4d7b41db57bfcf2b0,consensus_two_stage_interactive_adaptation_v1,prompt_compiler_v2_split_g_f,858542053,pending,Q001|Q002|Q003,"{""Q001"": ""consensus_estimate_co2_warms_planet"", ""Q002"": ""consensus_estimate_human_primary_cause"", ""Q003"": ""consensus_estimate_net_zero_before_2085""}",consensus_stage_a,consensus_two_stage_interactive_adaptation_v1,G|LP0220|Consensus|stage_a|replicate_1,ea3ea7d4d2ac7e44d4fbe5571cf1a38ec377bfdd0cf7daba3384f776fa9405e3,675efa1486e53a4914248132dda701b834c9e26599d8c4c4d7b41db57bfcf2b0,
G|LP0221|Consensus|stage_a|replicate_1,G-1efe15cfb693bd03cd63b755adced7d3a1b11ef4,G,target,LP0221,Consensus,consensus_stage_a_estimates,1,google/gemma-4-31B-it,319dcf46809396d4b96f2aa0f824cb059521aebf383c5fd130ca7fd6688caed7,675efa1486e53a4914248132dda701b834c9e26599d8c4c4d7b41db57bfcf2b0,consensus_two_stage_interactive_adaptation_v1,prompt_compiler_v2_split_g_f,1955588258,pending,Q001|Q002|Q003,"{""Q001"": ""consensus_estimate_net_zero_before_2085"", ""Q002"": ""consensus_estimate_human_primary_cause"", ""Q003"": ""consensus_estimate_co2_warms_planet""}",consensus_stage_a,consensus_two_stage_interactive_adaptation_v1,G|LP0221|Consensus|stage_a|replicate_1,319dcf46809396d4b96f2aa0f824cb059521aebf383c5fd130ca7fd6688caed7,675efa1486e53a4914248132dda701b834c9e26599d8c4c4d7b41db57bfcf2b0,
G|LP0222|Consensus|stage_a|replicate_1,G-6b28986c13e4eb078bcdc89378df3743a570e795,G,target,LP0222,Consensus,consensus_stage_a_estimates,1,google/gemma-4-31B-it,7eabf27132a4a9e8fe956d0e0cb7b645566c14b1f30353cc4e55bed57ad2f243,675efa1486e53a4914248132dda701b834c9e26599d8c4c4d7b41db57bfcf2b0,consensus_two_stage_interactive_adaptation_v1,prompt_compiler_v2_split_g_f,1781930976,pending,Q001|Q002|Q003,"{""Q001"": ""consensus_estimate_human_primary_cause"", ""Q002"": ""consensus_estimate_co2_warms_planet"", ""Q003"": ""consensus_estimate_net_zero_before_2085""}",consensus_stage_a,consensus_two_stage_interactive_adaptation_v1,G|LP0222|Consensus|stage_a|replicate_1,7eabf27132a4a9e8fe956d0e0cb7b645566c14b1f30353cc4e55bed57ad2f243,675efa1486e53a4914248132dda701b834c9e26599d8c4c4d7b41db57bfcf2b0,
G|LP0223|Consensus|stage_a|replicate_1,G-6112a29094c00aa414a4704e50c37b36691c9574,G,target,LP0223,Consensus,consensus_stage_a_estimates,1,google/gemma-4-31B-it,bf169bdfc7167a6fd8956cccd981246fcf5cc6d83ae60729ad0b15898144b357,675efa1486e53a4914248132dda701b834c9e26599d8c4c4d7b41db57bfcf2b0,consensus_two_stage_interactive_adaptation_v1,prompt_compiler_v2_split_g_f,1457868742,pending,Q001|Q002|Q003,"{""Q001"": ""consensus_estimate_co2_warms_planet"", ""Q002"": ""consensus_estimate_human_primary_cause"", ""Q003"": ""consensus_estimate_net_zero_before_2085""}",consensus_stage_a,consensus_two_stage_interactive_adaptation_v1,G|LP0223|Consensus|stage_a|replicate_1,bf169bdfc7167a6fd8956cccd981246fcf5cc6d83ae60729ad0b15898144b357,675efa1486e53a4914248132dda701b834c9e26599d8c4c4d7b41db57bfcf2b0,
G|LP0224|Consensus|stage_a|replicate_1,G-7e308dc006ecf4a47bd4d1a75997d3fc2a34e7dc,G,target,LP0224,Consensus,consensus_stage_a_estimates,1,google/gemma-4-31B-it,bf86a09c01fc18236c76a38db102bcd89f6e2e4a277e75a9550f62e07e1b65f7,675efa1486e53a4914248132dda701b834c9e26599d8c4c4d7b41db57bfcf2b0,consensus_two_stage_interactive_adaptation_v1,prompt_compiler_v2_split_g_f,55447590,pending,Q001|Q002|Q003,"{""Q001"": ""consensus_estimate_human_primary_cause"", ""Q002"": ""consensus_estimate_co2_warms_planet"", ""Q003"": ""consensus_estimate_net_zero_before_2085""}",consensus_stage_a,consensus_two_stage_interactive_adaptation_v1,G|LP0224|Consensus|stage_a|replicate_1,bf86a09c01fc18236c76a38db102bcd89f6e2e4a277e75a9550f62e07e1b65f7,675efa1486e53a4914248132dda701b834c9e26599d8c4c4d7b41db57bfcf2b0,
G|LP0225|Consensus|stage_a|replicate_1,G-984ac0f0830240319f62c620fa7ea38568774089,G,target,LP0225,Consensus,consensus_stage_a_estimates,1,google/gemma-4-31B-it,9e0e19d0b2bc9cd857d7903329003a38e84bdd8fb9523131476296d584516632,675efa1486e53a4914248132dda701b834c9e26599d8c4c4d7b41db57bfcf2b0,consensus_two_stage_interactive_adaptation_v1,prompt_compiler_v2_split_g_f,865583636,pending,Q001|Q002|Q003,"{""Q001"": ""consensus_estimate_net_zero_before_2085"", ""Q002"": ""consensus_estimate_co2_warms_planet"", ""Q003"": ""consensus_estimate_human_primary_cause""}",consensus_stage_a,consensus_two_stage_interactive_adaptation_v1,G|LP0225|Consensus|stage_a|replicate_1,9e0e19d0b2bc9cd857d7903329003a38e84bdd8fb9523131476296d584516632,675efa1486e53a4914248132dda701b834c9e26599d8c4c4d7b41db57bfcf2b0,
G|LP0226|Consensus|stage_a|replicate_1,G-b615fa9dfc8c0cfaff13715b9e319117e86f5cf9,G,target,LP0226,Consensus,consensus_stage_a_estimates,1,google/gemma-4-31B-it,0b77ae2ee184348f79b37556d350cdaaa61d03078d8448e86f302145542870ec,675efa1486e53a4914248132dda701b834c9e26599d8c4c4d7b41db57bfcf2b0,consensus_two_stage_interactive_adaptation_v1,prompt_compiler_v2_split_g_f,1756889656,pending,Q001|Q002|Q003,"{""Q001"": ""consensus_estimate_co2_warms_planet"", ""Q002"": ""consensus_estimate_net_zero_before_2085"", ""Q003"": ""consensus_estimate_human_primary_cause""}",consensus_stage_a,consensus_two_stage_interactive_adaptation_v1,G|LP0226|Consensus|stage_a|replicate_1,0b77ae2ee184348f79b37556d350cdaaa61d03078d8448e86f302145542870ec,675efa1486e53a4914248132dda701b834c9e26599d8c4c4d7b41db57bfcf2b0,
G|LP0227|Consensus|stage_a|replicate_1,G-826b2198728f0ccbfb694960ac63e17c314828eb,G,target,LP0227,Consensus,consensus_stage_a_estimates,1,google/gemma-4-31B-it,5d467d19d41ed9961441e4bc5d7ef190ba375a638ddd8df74cf9b24243ea84ff,675efa1486e53a4914248132dda701b834c9e26599d8c4c4d7b41db57bfcf2b0,consensus_two_stage_interactive_adaptation_v1,prompt_compiler_v2_split_g_f,2003128317,pending,Q001|Q002|Q003,"{""Q001"": ""consensus_estimate_human_primary_cause"", ""Q002"": ""consensus_estimate_net_zero_before_2085"", ""Q003"": ""consensus_estimate_co2_warms_planet""}",consensus_stage_a,consensus_two_stage_interactive_adaptation_v1,G|LP0227|Consensus|stage_a|replicate_1,5d467d19d41ed9961441e4bc5d7ef190ba375a638ddd8df74cf9b24243ea84ff,675efa1486e53a4914248132dda701b834c9e26599d8c4c4d7b41db57bfcf2b0,
G|LP0228|Consensus|stage_a|replicate_1,G-22b08ac5cc7c9d12edc2b1848ea545cf2ea07701,G,target,LP0228,Consensus,consensus_stage_a_estimates,1,google/gemma-4-31B-it,5a5366c24cf6e3ea46089e1c4b0da06b7081efdc7d25460e56bee133b128f667,675efa1486e53a4914248132dda701b834c9e26599d8c4c4d7b41db57bfcf2b0,consensus_two_stage_interactive_adaptation_v1,prompt_compiler_v2_split_g_f,299741854,pending,Q001|Q002|Q003,"{""Q001"": ""consensus_estimate_net_zero_before_2085"", ""Q002"": ""consensus_estimate_co2_warms_planet"", ""Q003"": ""consensus_estimate_human_primary_cause""}",consensus_stage_a,consensus_two_stage_interactive_adaptation_v1,G|LP0228|Consensus|stage_a|replicate_1,5a5366c24cf6e3ea46089e1c4b0da06b7081efdc7d25460e56bee133b128f667,675efa1486e53a4914248132dda701b834c9e26599d8c4c4d7b41db57bfcf2b0,
G|LP0229|Consensus|stage_a|replicate_1,G-2f37160e6038aaf3f0d76001ec678b1bbf48cc24,G,target,LP0229,Consensus,consensus_stage_a_estimates,1,google/gemma-4-31B-it,c0d1c40892cf0a7107a795f5fdbb2a1e9d1d6dc48bbd8d6ea20ca3771305e83a,675efa1486e53a4914248132dda701b834c9e26599d8c4c4d7b41db57bfcf2b0,consensus_two_stage_interactive_adaptation_v1,prompt_compiler_v2_split_g_f,1051121424,pending,Q001|Q002|Q003,"{""Q001"": ""consensus_estimate_net_zero_before_2085"", ""Q002"": ""consensus_estimate_co2_warms_planet"", ""Q003"": ""consensus_estimate_human_primary_cause""}",consensus_stage_a,consensus_two_stage_interactive_adaptation_v1,G|LP0229|Consensus|stage_a|replicate_1,c0d1c40892cf0a7107a795f5fdbb2a1e9d1d6dc48bbd8d6ea20ca3771305e83a,675efa1486e53a4914248132dda701b834c9e26599d8c4c4d7b41db57bfcf2b0,
G|LP0230|Consensus|stage_a|replicate_1,G-bf54cd2a5c159d3a35aaf69f239204373ff22d69,G,target,LP0230,Consensus,consensus_stage_a_estimates,1,google/gemma-4-31B-it,d4915df38071983ae8de88d3a16d3623855bfaf847385e92d9d1fb696f355686,675efa1486e53a4914248132dda701b834c9e26599d8c4c4d7b41db57bfcf2b0,consensus_two_stage_interactive_adaptation_v1,prompt_compiler_v2_split_g_f,1522481041,pending,Q001|Q002|Q003,"{""Q001"": ""consensus_estimate_human_primary_cause"", ""Q002"": ""consensus_estimate_co2_warms_planet"", ""Q003"": ""consensus_estimate_net_zero_before_2085""}",consensus_stage_a,consensus_two_stage_interactive_adaptation_v1,G|LP0230|Consensus|stage_a|replicate_1,d4915df38071983ae8de88d3a16d3623855bfaf847385e92d9d1fb696f355686,675efa1486e53a4914248132dda701b834c9e26599d8c4c4d7b41db57bfcf2b0,
G|LP0231|Consensus|stage_a|replicate_1,G-8a19b5f45123533787dab7fb9cfcf263ba6e9acc,G,target,LP0231,Consensus,consensus_stage_a_estimates,1,google/gemma-4-31B-it,59229fe9b2548b149db91344dc4655055f5e8b43f63a878a74f48e5a513e50a7,675efa1486e53a4914248132dda701b834c9e26599d8c4c4d7b41db57bfcf2b0,consensus_two_stage_interactive_adaptation_v1,prompt_compiler_v2_split_g_f,1700183841,pending,Q001|Q002|Q003,"{""Q001"": ""consensus_estimate_net_zero_before_2085"", ""Q002"": ""consensus_estimate_co2_warms_planet"", ""Q003"": ""consensus_estimate_human_primary_cause""}",consensus_stage_a,consensus_two_stage_interactive_adaptation_v1,G|LP0231|Consensus|stage_a|replicate_1,59229fe9b2548b149db91344dc4655055f5e8b43f63a878a74f48e5a513e50a7,675efa1486e53a4914248132dda701b834c9e26599d8c4c4d7b41db57bfcf2b0,
G|LP0232|Consensus|stage_a|replicate_1,G-86c302c8ef709b8c7ebf9c8ca141408ee062b999,G,target,LP0232,Consensus,consensus_stage_a_estimates,1,google/gemma-4-31B-it,3f959aea4751b895c3b2898b49a857d29345f4a5975e601f2886c78b1317c6f8,675efa1486e53a4914248132dda701b834c9e26599d8c4c4d7b41db57bfcf2b0,consensus_two_stage_interactive_adaptation_v1,prompt_compiler_v2_split_g_f,2096537887,pending,Q001|Q002|Q003,"{""Q001"": ""consensus_estimate_co2_warms_planet"", ""Q002"": ""consensus_estimate_net_zero_before_2085"", ""Q003"": ""consensus_estimate_human_primary_cause""}",consensus_stage_a,consensus_two_stage_interactive_adaptation_v1,G|LP0232|Consensus|stage_a|replicate_1,3f959aea4751b895c3b2898b49a857d29345f4a5975e601f2886c78b1317c6f8,675efa1486e53a4914248132dda701b834c9e26599d8c4c4d7b41db57bfcf2b0,
G|LP0233|Consensus|stage_a|replicate_1,G-8dbeb254b5665cf48056b249d7d374ca50da013a,G,target,LP0233,Consensus,consensus_stage_a_estimates,1,google/gemma-4-31B-it,95f83b078faee8d4771efd2138346f1f7c6976b7763b9f1221671c1910336e43,675efa1486e53a4914248132dda701b834c9e26599d8c4c4d7b41db57bfcf2b0,consensus_two_stage_interactive_adaptation_v1,prompt_compiler_v2_split_g_f,1357103519,pending,Q001|Q002|Q003,"{""Q001"": ""consensus_estimate_human_primary_cause"", ""Q002"": ""consensus_estimate_net_zero_before_2085"", ""Q003"": ""consensus_estimate_co2_warms_planet""}",consensus_stage_a,consensus_two_stage_interactive_adaptation_v1,G|LP0233|Consensus|stage_a|replicate_1,95f83b078faee8d4771efd2138346f1f7c6976b7763b9f1221671c1910336e43,675efa1486e53a4914248132dda701b834c9e26599d8c4c4d7b41db57bfcf2b0,
G|LP0234|Consensus|stage_a|replicate_1,G-6f304cfaae3d977e9eb2e25555b5b680979da88d,G,target,LP0234,Consensus,consensus_stage_a_estimates,1,google/gemma-4-31B-it,f5ac67e98df6503ac59c73bf9787be0960061e03b78ed4e54013e17780315c05,675efa1486e53a4914248132dda701b834c9e26599d8c4c4d7b41db57bfcf2b0,consensus_two_stage_interactive_adaptation_v1,prompt_compiler_v2_split_g_f,211693941,pending,Q001|Q002|Q003,"{""Q001"": ""consensus_estimate_human_primary_cause"", ""Q002"": ""consensus_estimate_net_zero_before_2085"", ""Q003"": ""consensus_estimate_co2_warms_planet""}",consensus_stage_a,consensus_two_stage_interactive_adaptation_v1,G|LP0234|Consensus|stage_a|replicate_1,f5ac67e98df6503ac59c73bf9787be0960061e03b78ed4e54013e17780315c05,675efa1486e53a4914248132dda701b834c9e26599d8c4c4d7b41db57bfcf2b0,
G|LP0235|Consensus|stage_a|replicate_1,G-ccf1218d0f7e0f702a608b1d39cd9b369d9af10a,G,target,LP0235,Consensus,consensus_stage_a_estimates,1,google/gemma-4-31B-it,f5df54e7b30d3e50208f5c1a1e1aa5bd6ab9e4040c84d51b5770d13365300248,675efa1486e53a4914248132dda701b834c9e26599d8c4c4d7b41db57bfcf2b0,consensus_two_stage_interactive_adaptation_v1,prompt_compiler_v2_split_g_f,694178445,pending,Q001|Q002|Q003,"{""Q001"": ""consensus_estimate_human_primary_cause"", ""Q002"": ""consensus_estimate_co2_warms_planet"", ""Q003"": ""consensus_estimate_net_zero_before_2085""}",consensus_stage_a,consensus_two_stage_interactive_adaptation_v1,G|LP0235|Consensus|stage_a|replicate_1,f5df54e7b30d3e50208f5c1a1e1aa5bd6ab9e4040c84d51b5770d13365300248,675efa1486e53a4914248132dda701b834c9e26599d8c4c4d7b41db57bfcf2b0,
G|LP0236|Consensus|stage_a|replicate_1,G-2752edb1918872771bd0cccefbf771cac4bce91c,G,target,LP0236,Consensus,consensus_stage_a_estimates,1,google/gemma-4-31B-it,a817a3e9a5d431cbdd8d854edc77c472f91feca5eea6a10faf374318d52b4d1c,675efa1486e53a4914248132dda701b834c9e26599d8c4c4d7b41db57bfcf2b0,consensus_two_stage_interactive_adaptation_v1,prompt_compiler_v2_split_g_f,1613647322,pending,Q001|Q002|Q003,"{""Q001"": ""consensus_estimate_net_zero_before_2085"", ""Q002"": ""consensus_estimate_co2_warms_planet"", ""Q003"": ""consensus_estimate_human_primary_cause""}",consensus_stage_a,consensus_two_stage_interactive_adaptation_v1,G|LP0236|Consensus|stage_a|replicate_1,a817a3e9a5d431cbdd8d854edc77c472f91feca5eea6a10faf374318d52b4d1c,675efa1486e53a4914248132dda701b834c9e26599d8c4c4d7b41db57bfcf2b0,
G|LP0237|Consensus|stage_a|replicate_1,G-352959b62a5f867f0db4dc7f06f6663706a686ff,G,target,LP0237,Consensus,consensus_stage_a_estimates,1,google/gemma-4-31B-it,72988cbbd270bc3393f5668487cd51b0377b1a7086f7f03aaf39ad95a69d199d,675efa1486e53a4914248132dda701b834c9e26599d8c4c4d7b41db57bfcf2b0,consensus_two_stage_interactive_adaptation_v1,prompt_compiler_v2_split_g_f,347224556,pending,Q001|Q002|Q003,"{""Q001"": ""consensus_estimate_human_primary_cause"", ""Q002"": ""consensus_estimate_net_zero_before_2085"", ""Q003"": ""consensus_estimate_co2_warms_planet""}",consensus_stage_a,consensus_two_stage_interactive_adaptation_v1,G|LP0237|Consensus|stage_a|replicate_1,72988cbbd270bc3393f5668487cd51b0377b1a7086f7f03aaf39ad95a69d199d,675efa1486e53a4914248132dda701b834c9e26599d8c4c4d7b41db57bfcf2b0,
G|LP0238|Consensus|stage_a|replicate_1,G-849ba79d2e3da0cf6cbe872ba509b481f71438ae,G,target,LP0238,Consensus,consensus_stage_a_estimates,1,google/gemma-4-31B-it,91cf823f54cbf5644d4f2d3a9c48886d792f2bc825f64313284ac9314ebcae73,675efa1486e53a4914248132dda701b834c9e26599d8c4c4d7b41db57bfcf2b0,consensus_two_stage_interactive_adaptation_v1,prompt_compiler_v2_split_g_f,930410507,pending,Q001|Q002|Q003,"{""Q001"": ""consensus_estimate_net_zero_before_2085"", ""Q002"": ""consensus_estimate_human_primary_cause"", ""Q003"": ""consensus_estimate_co2_warms_planet""}",consensus_stage_a,consensus_two_stage_interactive_adaptation_v1,G|LP0238|Consensus|stage_a|replicate_1,91cf823f54cbf5644d4f2d3a9c48886d792f2bc825f64313284ac9314ebcae73,675efa1486e53a4914248132dda701b834c9e26599d8c4c4d7b41db57bfcf2b0,
G|LP0239|Consensus|stage_a|replicate_1,G-b997750def02e62b6ce810fb40e723e6aa506730,G,target,LP0239,Consensus,consensus_stage_a_estimates,1,google/gemma-4-31B-it,252e62e217124a379cd8e280d43fd0f52dfbadb1bfd0578d4b514a61cbcfc8a3,675efa1486e53a4914248132dda701b834c9e26599d8c4c4d7b41db57bfcf2b0,consensus_two_stage_interactive_adaptation_v1,prompt_compiler_v2_split_g_f,1647431753,pending,Q001|Q002|Q003,"{""Q001"": ""consensus_estimate_co2_warms_planet"", ""Q002"": ""consensus_estimate_net_zero_before_2085"", ""Q003"": ""consensus_estimate_human_primary_cause""}",consensus_stage_a,consensus_two_stage_interactive_adaptation_v1,G|LP0239|Consensus|stage_a|replicate_1,252e62e217124a379cd8e280d43fd0f52dfbadb1bfd0578d4b514a61cbcfc8a3,675efa1486e53a4914248132dda701b834c9e26599d8c4c4d7b41db57bfcf2b0,
G|LP0240|Consensus|stage_a|replicate_1,G-1d790a067df6948dcb0b9d19b1496b98feb34fff,G,target,LP0240,Consensus,consensus_stage_a_estimates,1,google/gemma-4-31B-it,5f44e1d3e89ffeec00a25c3ba9a27a644efeb8ca5847dacefdd16f8167f5c66d,675efa1486e53a4914248132dda701b834c9e26599d8c4c4d7b41db57bfcf2b0,consensus_two_stage_interactive_adaptation_v1,prompt_compiler_v2_split_g_f,954771610,pending,Q001|Q002|Q003,"{""Q001"": ""consensus_estimate_net_zero_before_2085"", ""Q002"": ""consensus_estimate_co2_warms_planet"", ""Q003"": ""consensus_estimate_human_primary_cause""}",consensus_stage_a,consensus_two_stage_interactive_adaptation_v1,G|LP0240|Consensus|stage_a|replicate_1,5f44e1d3e89ffeec00a25c3ba9a27a644efeb8ca5847dacefdd16f8167f5c66d,675efa1486e53a4914248132dda701b834c9e26599d8c4c4d7b41db57bfcf2b0,
G|LP0241|Consensus|stage_a|replicate_1,G-e533b356d8290baf9b1df7833765fa6065aee5e9,G,target,LP0241,Consensus,consensus_stage_a_estimates,1,google/gemma-4-31B-it,9513c12022402ddc9f15a35a6e767193babad4386a52a8924f79bdf86475096a,675efa1486e53a4914248132dda701b834c9e26599d8c4c4d7b41db57bfcf2b0,consensus_two_stage_interactive_adaptation_v1,prompt_compiler_v2_split_g_f,579891808,pending,Q001|Q002|Q003,"{""Q001"": ""consensus_estimate_co2_warms_planet"", ""Q002"": ""consensus_estimate_human_primary_cause"", ""Q003"": ""consensus_estimate_net_zero_before_2085""}",consensus_stage_a,consensus_two_stage_interactive_adaptation_v1,G|LP0241|Consensus|stage_a|replicate_1,9513c12022402ddc9f15a35a6e767193babad4386a52a8924f79bdf86475096a,675efa1486e53a4914248132dda701b834c9e26599d8c4c4d7b41db57bfcf2b0,
G|LP0242|Consensus|stage_a|replicate_1,G-6a36eaac0866b13133804ff283d052f72779bb85,G,target,LP0242,Consensus,consensus_stage_a_estimates,1,google/gemma-4-31B-it,20d1b8c8397e1d4311048b3f8dec52687385bfb7fc983ddf017d4b28ec8dbc6b,675efa1486e53a4914248132dda701b834c9e26599d8c4c4d7b41db57bfcf2b0,consensus_two_stage_interactive_adaptation_v1,prompt_compiler_v2_split_g_f,1557431946,pending,Q001|Q002|Q003,"{""Q001"": ""consensus_estimate_human_primary_cause"", ""Q002"": ""consensus_estimate_net_zero_before_2085"", ""Q003"": ""consensus_estimate_co2_warms_planet""}",consensus_stage_a,consensus_two_stage_interactive_adaptation_v1,G|LP0242|Consensus|stage_a|replicate_1,20d1b8c8397e1d4311048b3f8dec52687385bfb7fc983ddf017d4b28ec8dbc6b,675efa1486e53a4914248132dda701b834c9e26599d8c4c4d7b41db57bfcf2b0,
G|LP0243|Consensus|stage_a|replicate_1,G-ff94595d4e02109e9cbea8e38da12fc6dfb81d6d,G,target,LP0243,Consensus,consensus_stage_a_estimates,1,google/gemma-4-31B-it,5a7f7e94b7a9592439f1c3a118a25192201d29636680020582b46e4e6c6ed3ec,675efa1486e53a4914248132dda701b834c9e26599d8c4c4d7b41db57bfcf2b0,consensus_two_stage_interactive_adaptation_v1,prompt_compiler_v2_split_g_f,1294648156,pending,Q001|Q002|Q003,"{""Q001"": ""consensus_estimate_net_zero_before_2085"", ""Q002"": ""consensus_estimate_human_primary_cause"", ""Q003"": ""consensus_estimate_co2_warms_planet""}",consensus_stage_a,consensus_two_stage_interactive_adaptation_v1,G|LP0243|Consensus|stage_a|replicate_1,5a7f7e94b7a9592439f1c3a118a25192201d29636680020582b46e4e6c6ed3ec,675efa1486e53a4914248132dda701b834c9e26599d8c4c4d7b41db57bfcf2b0,
G|LP0244|Consensus|stage_a|replicate_1,G-6a343aa1197512995ed0076a0f4d52460be29ac4,G,target,LP0244,Consensus,consensus_stage_a_estimates,1,google/gemma-4-31B-it,3a9900ade837b2f38a8dbe6c8cf116a5fa386e4a24e37e7043a364f01167e0a9,675efa1486e53a4914248132dda701b834c9e26599d8c4c4d7b41db57bfcf2b0,consensus_two_stage_interactive_adaptation_v1,prompt_compiler_v2_split_g_f,1843234780,pending,Q001|Q002|Q003,"{""Q001"": ""consensus_estimate_co2_warms_planet"", ""Q002"": ""consensus_estimate_net_zero_before_2085"", ""Q003"": ""consensus_estimate_human_primary_cause""}",consensus_stage_a,consensus_two_stage_interactive_adaptation_v1,G|LP0244|Consensus|stage_a|replicate_1,3a9900ade837b2f38a8dbe6c8cf116a5fa386e4a24e37e7043a364f01167e0a9,675efa1486e53a4914248132dda701b834c9e26599d8c4c4d7b41db57bfcf2b0,
G|LP0245|Consensus|stage_a|replicate_1,G-4784f58130f62a2a24e0a0ad7a6d75a2bf34588e,G,target,LP0245,Consensus,consensus_stage_a_estimates,1,google/gemma-4-31B-it,f2ea285b5335c145d059faba8e616f6b64413ed7cdc666d6218c38b03789c9fa,675efa1486e53a4914248132dda701b834c9e26599d8c4c4d7b41db57bfcf2b0,consensus_two_stage_interactive_adaptation_v1,prompt_compiler_v2_split_g_f,1073747245,pending,Q001|Q002|Q003,"{""Q001"": ""consensus_estimate_net_zero_before_2085"", ""Q002"": ""consensus_estimate_human_primary_cause"", ""Q003"": ""consensus_estimate_co2_warms_planet""}",consensus_stage_a,consensus_two_stage_interactive_adaptation_v1,G|LP0245|Consensus|stage_a|replicate_1,f2ea285b5335c145d059faba8e616f6b64413ed7cdc666d6218c38b03789c9fa,675efa1486e53a4914248132dda701b834c9e26599d8c4c4d7b41db57bfcf2b0,
G|LP0246|Consensus|stage_a|replicate_1,G-118104c20f20159ce4b4a982591bf3b30622e4b6,G,target,LP0246,Consensus,consensus_stage_a_estimates,1,google/gemma-4-31B-it,121264452f41d48a5e7c0e71c2d080a947150e09050bd5f8db4d3fe85971e132,675efa1486e53a4914248132dda701b834c9e26599d8c4c4d7b41db57bfcf2b0,consensus_two_stage_interactive_adaptation_v1,prompt_compiler_v2_split_g_f,841096992,pending,Q001|Q002|Q003,"{""Q001"": ""consensus_estimate_net_zero_before_2085"", ""Q002"": ""consensus_estimate_co2_warms_planet"", ""Q003"": ""consensus_estimate_human_primary_cause""}",consensus_stage_a,consensus_two_stage_interactive_adaptation_v1,G|LP0246|Consensus|stage_a|replicate_1,121264452f41d48a5e7c0e71c2d080a947150e09050bd5f8db4d3fe85971e132,675efa1486e53a4914248132dda701b834c9e26599d8c4c4d7b41db57bfcf2b0,
G|LP0247|Consensus|stage_a|replicate_1,G-b0e87a966969aaf2579e259e875e38966c8a132c,G,target,LP0247,Consensus,consensus_stage_a_estimates,1,google/gemma-4-31B-it,d8414afa020b94a9f184f311502441cd22667efd9d3830a3df4602d34cf1e8f2,675efa1486e53a4914248132dda701b834c9e26599d8c4c4d7b41db57bfcf2b0,consensus_two_stage_interactive_adaptation_v1,prompt_compiler_v2_split_g_f,1262133281,pending,Q001|Q002|Q003,"{""Q001"": ""consensus_estimate_co2_warms_planet"", ""Q002"": ""consensus_estimate_net_zero_before_2085"", ""Q003"": ""consensus_estimate_human_primary_cause""}",consensus_stage_a,consensus_two_stage_interactive_adaptation_v1,G|LP0247|Consensus|stage_a|replicate_1,d8414afa020b94a9f184f311502441cd22667efd9d3830a3df4602d34cf1e8f2,675efa1486e53a4914248132dda701b834c9e26599d8c4c4d7b41db57bfcf2b0,
G|LP0248|Consensus|stage_a|replicate_1,G-eef0ddd4572c300e0a3642c69b15960e70e19c0c,G,target,LP0248,Consensus,consensus_stage_a_estimates,1,google/gemma-4-31B-it,453f749d21705397b1c192a98aafd1b3169f7c7764c6c74aa22fbeded73a969c,675efa1486e53a4914248132dda701b834c9e26599d8c4c4d7b41db57bfcf2b0,consensus_two_stage_interactive_adaptation_v1,prompt_compiler_v2_split_g_f,890104762,pending,Q001|Q002|Q003,"{""Q001"": ""consensus_estimate_co2_warms_planet"", ""Q002"": ""consensus_estimate_human_primary_cause"", ""Q003"": ""consensus_estimate_net_zero_before_2085""}",consensus_stage_a,consensus_two_stage_interactive_adaptation_v1,G|LP0248|Consensus|stage_a|replicate_1,453f749d21705397b1c192a98aafd1b3169f7c7764c6c74aa22fbeded73a969c,675efa1486e53a4914248132dda701b834c9e26599d8c4c4d7b41db57bfcf2b0,
G|LP0249|Consensus|stage_a|replicate_1,G-ce7c05fbf1d4a6b856a34072a32782e8bb44e156,G,target,LP0249,Consensus,consensus_stage_a_estimates,1,google/gemma-4-31B-it,1c4a836626929a377a6870abe07fe295c2a1ea61f0ddbee5f06cef4c211ededc,675efa1486e53a4914248132dda701b834c9e26599d8c4c4d7b41db57bfcf2b0,consensus_two_stage_interactive_adaptation_v1,prompt_compiler_v2_split_g_f,248296115,pending,Q001|Q002|Q003,"{""Q001"": ""consensus_estimate_human_primary_cause"", ""Q002"": ""consensus_estimate_net_zero_before_2085"", ""Q003"": ""consensus_estimate_co2_warms_planet""}",consensus_stage_a,consensus_two_stage_interactive_adaptation_v1,G|LP0249|Consensus|stage_a|replicate_1,1c4a836626929a377a6870abe07fe295c2a1ea61f0ddbee5f06cef4c211ededc,675efa1486e53a4914248132dda701b834c9e26599d8c4c4d7b41db57bfcf2b0,
G|LP0250|Consensus|stage_a|replicate_1,G-cd61de01e368a5cb2e480ec21e794ee54e4f7e62,G,target,LP0250,Consensus,consensus_stage_a_estimates,1,google/gemma-4-31B-it,eec4ffaebab1e15d3e2ca03ec079567b34e37933ffa90d82b6e8c1fc68bdb3c7,675efa1486e53a4914248132dda701b834c9e26599d8c4c4d7b41db57bfcf2b0,consensus_two_stage_interactive_adaptation_v1,prompt_compiler_v2_split_g_f,2116837841,pending,Q001|Q002|Q003,"{""Q001"": ""consensus_estimate_net_zero_before_2085"", ""Q002"": ""consensus_estimate_co2_warms_planet"", ""Q003"": ""consensus_estimate_human_primary_cause""}",consensus_stage_a,consensus_two_stage_interactive_adaptation_v1,G|LP0250|Consensus|stage_a|replicate_1,eec4ffaebab1e15d3e2ca03ec079567b34e37933ffa90d82b6e8c1fc68bdb3c7,675efa1486e53a4914248132dda701b834c9e26599d8c4c4d7b41db57bfcf2b0,
G|LP0251|Consensus|stage_a|replicate_1,G-db819d045c344d39713bcd30cfa75b783176ff7b,G,target,LP0251,Consensus,consensus_stage_a_estimates,1,google/gemma-4-31B-it,6129a9ee9296b1e4f37504eb7af65c300b59ea2d5906604cb10cda578f689383,675efa1486e53a4914248132dda701b834c9e26599d8c4c4d7b41db57bfcf2b0,consensus_two_stage_interactive_adaptation_v1,prompt_compiler_v2_split_g_f,322406213,pending,Q001|Q002|Q003,"{""Q001"": ""consensus_estimate_human_primary_cause"", ""Q002"": ""consensus_estimate_net_zero_before_2085"", ""Q003"": ""consensus_estimate_co2_warms_planet""}",consensus_stage_a,consensus_two_stage_interactive_adaptation_v1,G|LP0251|Consensus|stage_a|replicate_1,6129a9ee9296b1e4f37504eb7af65c300b59ea2d5906604cb10cda578f689383,675efa1486e53a4914248132dda701b834c9e26599d8c4c4d7b41db57bfcf2b0,
G|LP0252|Consensus|stage_a|replicate_1,G-fce986da323485d313c1771e90094ccbf1e4bb3b,G,target,LP0252,Consensus,consensus_stage_a_estimates,1,google/gemma-4-31B-it,2ba3a0abc633a955b75fb15c3e1343327356172c20c7dc7afbf74a5b7aa352ed,675efa1486e53a4914248132dda701b834c9e26599d8c4c4d7b41db57bfcf2b0,consensus_two_stage_interactive_adaptation_v1,prompt_compiler_v2_split_g_f,738694027,pending,Q001|Q002|Q003,"{""Q001"": ""consensus_estimate_net_zero_before_2085"", ""Q002"": ""consensus_estimate_human_primary_cause"", ""Q003"": ""consensus_estimate_co2_warms_planet""}",consensus_stage_a,consensus_two_stage_interactive_adaptation_v1,G|LP0252|Consensus|stage_a|replicate_1,2ba3a0abc633a955b75fb15c3e1343327356172c20c7dc7afbf74a5b7aa352ed,675efa1486e53a4914248132dda701b834c9e26599d8c4c4d7b41db57bfcf2b0,
G|LP0253|Consensus|stage_a|replicate_1,G-fc66a0fd2ff45c3981422d2785b294cfe0a33321,G,target,LP0253,Consensus,consensus_stage_a_estimates,1,google/gemma-4-31B-it,55277392e4cfca6e5515af357b5f7c9e7ca93bc09411832fa081c406d5abc157,675efa1486e53a4914248132dda701b834c9e26599d8c4c4d7b41db57bfcf2b0,consensus_two_stage_interactive_adaptation_v1,prompt_compiler_v2_split_g_f,683777591,pending,Q001|Q002|Q003,"{""Q001"": ""consensus_estimate_human_primary_cause"", ""Q002"": ""consensus_estimate_co2_warms_planet"", ""Q003"": ""consensus_estimate_net_zero_before_2085""}",consensus_stage_a,consensus_two_stage_interactive_adaptation_v1,G|LP0253|Consensus|stage_a|replicate_1,55277392e4cfca6e5515af357b5f7c9e7ca93bc09411832fa081c406d5abc157,675efa1486e53a4914248132dda701b834c9e26599d8c4c4d7b41db57bfcf2b0,
G|LP0254|Consensus|stage_a|replicate_1,G-cb4db2e9cbd53be2200c869f345b56eaca9585a7,G,target,LP0254,Consensus,consensus_stage_a_estimates,1,google/gemma-4-31B-it,791d2198752b1284cad852ccac0ca14916809eb72416462df7b63eaa074068f8,675efa1486e53a4914248132dda701b834c9e26599d8c4c4d7b41db57bfcf2b0,consensus_two_stage_interactive_adaptation_v1,prompt_compiler_v2_split_g_f,1651548600,pending,Q001|Q002|Q003,"{""Q001"": ""consensus_estimate_human_primary_cause"", ""Q002"": ""consensus_estimate_co2_warms_planet"", ""Q003"": ""consensus_estimate_net_zero_before_2085""}",consensus_stage_a,consensus_two_stage_interactive_adaptation_v1,G|LP0254|Consensus|stage_a|replicate_1,791d2198752b1284cad852ccac0ca14916809eb72416462df7b63eaa074068f8,675efa1486e53a4914248132dda701b834c9e26599d8c4c4d7b41db57bfcf2b0,
G|LP0255|Consensus|stage_a|replicate_1,G-00514e25930b58ef9967342ef608afeea81c7450,G,target,LP0255,Consensus,consensus_stage_a_estimates,1,google/gemma-4-31B-it,e74ed13eb934d85d342256b3a437ef30c6b72c16ffe884778e7e927584df5b63,675efa1486e53a4914248132dda701b834c9e26599d8c4c4d7b41db57bfcf2b0,consensus_two_stage_interactive_adaptation_v1,prompt_compiler_v2_split_g_f,330167610,pending,Q001|Q002|Q003,"{""Q001"": ""consensus_estimate_net_zero_before_2085"", ""Q002"": ""consensus_estimate_co2_warms_planet"", ""Q003"": ""consensus_estimate_human_primary_cause""}",consensus_stage_a,consensus_two_stage_interactive_adaptation_v1,G|LP0255|Consensus|stage_a|replicate_1,e74ed13eb934d85d342256b3a437ef30c6b72c16ffe884778e7e927584df5b63,675efa1486e53a4914248132dda701b834c9e26599d8c4c4d7b41db57bfcf2b0,
G|LP0256|Consensus|stage_a|replicate_1,G-5da42a2630d709bebd2cd3ac2b9a8c4ec79c6e6b,G,target,LP0256,Consensus,consensus_stage_a_estimates,1,google/gemma-4-31B-it,f3e1548bd606c4ab42de411b1aa99ea16cecf6c7b3734d7ac847d6894ef65968,675efa1486e53a4914248132dda701b834c9e26599d8c4c4d7b41db57bfcf2b0,consensus_two_stage_interactive_adaptation_v1,prompt_compiler_v2_split_g_f,1813995019,pending,Q001|Q002|Q003,"{""Q001"": ""consensus_estimate_co2_warms_planet"", ""Q002"": ""consensus_estimate_human_primary_cause"", ""Q003"": ""consensus_estimate_net_zero_before_2085""}",consensus_stage_a,consensus_two_stage_interactive_adaptation_v1,G|LP0256|Consensus|stage_a|replicate_1,f3e1548bd606c4ab42de411b1aa99ea16cecf6c7b3734d7ac847d6894ef65968,675efa1486e53a4914248132dda701b834c9e26599d8c4c4d7b41db57bfcf2b0,
G|LP0257|Consensus|stage_a|replicate_1,G-76424e9769dcede16569b073dfeb33b0b01ed223,G,target,LP0257,Consensus,consensus_stage_a_estimates,1,google/gemma-4-31B-it,79924761c50d8cb4eaea79096b54194c0e392bf8e3038bc7266ee92b56e5306d,675efa1486e53a4914248132dda701b834c9e26599d8c4c4d7b41db57bfcf2b0,consensus_two_stage_interactive_adaptation_v1,prompt_compiler_v2_split_g_f,1449233169,pending,Q001|Q002|Q003,"{""Q001"": ""consensus_estimate_net_zero_before_2085"", ""Q002"": ""consensus_estimate_co2_warms_planet"", ""Q003"": ""consensus_estimate_human_primary_cause""}",consensus_stage_a,consensus_two_stage_interactive_adaptation_v1,G|LP0257|Consensus|stage_a|replicate_1,79924761c50d8cb4eaea79096b54194c0e392bf8e3038bc7266ee92b56e5306d,675efa1486e53a4914248132dda701b834c9e26599d8c4c4d7b41db57bfcf2b0,
G|LP0258|Consensus|stage_a|replicate_1,G-a8c224bdf5e909e68b52c439eda0f5f4f05a2d27,G,target,LP0258,Consensus,consensus_stage_a_estimates,1,google/gemma-4-31B-it,39d5758cec8a63045e43fc37a83889f7d5ddb6b674ff573ef4949477a9741814,675efa1486e53a4914248132dda701b834c9e26599d8c4c4d7b41db57bfcf2b0,consensus_two_stage_interactive_adaptation_v1,prompt_compiler_v2_split_g_f,1198347108,pending,Q001|Q002|Q003,"{""Q001"": ""consensus_estimate_human_primary_cause"", ""Q002"": ""consensus_estimate_net_zero_before_2085"", ""Q003"": ""consensus_estimate_co2_warms_planet""}",consensus_stage_a,consensus_two_stage_interactive_adaptation_v1,G|LP0258|Consensus|stage_a|replicate_1,39d5758cec8a63045e43fc37a83889f7d5ddb6b674ff573ef4949477a9741814,675efa1486e53a4914248132dda701b834c9e26599d8c4c4d7b41db57bfcf2b0,
G|LP0259|Consensus|stage_a|replicate_1,G-094593b7fec6ee531954428369221146f5131895,G,target,LP0259,Consensus,consensus_stage_a_estimates,1,google/gemma-4-31B-it,64346ebd2774d7324ea38a2ae0f3d62b6f7bbe2ff20a1124cf7d37a430818bd0,675efa1486e53a4914248132dda701b834c9e26599d8c4c4d7b41db57bfcf2b0,consensus_two_stage_interactive_adaptation_v1,prompt_compiler_v2_split_g_f,290592195,pending,Q001|Q002|Q003,"{""Q001"": ""consensus_estimate_co2_warms_planet"", ""Q002"": ""consensus_estimate_human_primary_cause"", ""Q003"": ""consensus_estimate_net_zero_before_2085""}",consensus_stage_a,consensus_two_stage_interactive_adaptation_v1,G|LP0259|Consensus|stage_a|replicate_1,64346ebd2774d7324ea38a2ae0f3d62b6f7bbe2ff20a1124cf7d37a430818bd0,675efa1486e53a4914248132dda701b834c9e26599d8c4c4d7b41db57bfcf2b0,
G|LP0260|Consensus|stage_a|replicate_1,G-7fe1950d9d198a7c27437909dd413e38564752bb,G,target,LP0260,Consensus,consensus_stage_a_estimates,1,google/gemma-4-31B-it,a0d4fd2e9d366327b89130101de0144223a278620c7359513684a064485eed8e,675efa1486e53a4914248132dda701b834c9e26599d8c4c4d7b41db57bfcf2b0,consensus_two_stage_interactive_adaptation_v1,prompt_compiler_v2_split_g_f,484226201,pending,Q001|Q002|Q003,"{""Q001"": ""consensus_estimate_co2_warms_planet"", ""Q002"": ""consensus_estimate_net_zero_before_2085"", ""Q003"": ""consensus_estimate_human_primary_cause""}",consensus_stage_a,consensus_two_stage_interactive_adaptation_v1,G|LP0260|Consensus|stage_a|replicate_1,a0d4fd2e9d366327b89130101de0144223a278620c7359513684a064485eed8e,675efa1486e53a4914248132dda701b834c9e26599d8c4c4d7b41db57bfcf2b0,
G|LP0261|Consensus|stage_a|replicate_1,G-27c6280acd3c98a733bbe47fead5592942aca26e,G,target,LP0261,Consensus,consensus_stage_a_estimates,1,google/gemma-4-31B-it,85172e50994ec78c936b35bd8907cc316598b650a3359012416e9eac3a5df2d6,675efa1486e53a4914248132dda701b834c9e26599d8c4c4d7b41db57bfcf2b0,consensus_two_stage_interactive_adaptation_v1,prompt_compiler_v2_split_g_f,482928829,pending,Q001|Q002|Q003,"{""Q001"": ""consensus_estimate_net_zero_before_2085"", ""Q002"": ""consensus_estimate_co2_warms_planet"", ""Q003"": ""consensus_estimate_human_primary_cause""}",consensus_stage_a,consensus_two_stage_interactive_adaptation_v1,G|LP0261|Consensus|stage_a|replicate_1,85172e50994ec78c936b35bd8907cc316598b650a3359012416e9eac3a5df2d6,675efa1486e53a4914248132dda701b834c9e26599d8c4c4d7b41db57bfcf2b0,
G|LP0262|Consensus|stage_a|replicate_1,G-6f2ec93eb09e3383b698bf56c0d91c401573c059,G,target,LP0262,Consensus,consensus_stage_a_estimates,1,google/gemma-4-31B-it,25e5968bff1a1250839abcfdf8d1964f6c61d8a7780ad2ce004c1c3c80bb4b9e,675efa1486e53a4914248132dda701b834c9e26599d8c4c4d7b41db57bfcf2b0,consensus_two_stage_interactive_adaptation_v1,prompt_compiler_v2_split_g_f,251381250,pending,Q001|Q002|Q003,"{""Q001"": ""consensus_estimate_net_zero_before_2085"", ""Q002"": ""consensus_estimate_co2_warms_planet"", ""Q003"": ""consensus_estimate_human_primary_cause""}",consensus_stage_a,consensus_two_stage_interactive_adaptation_v1,G|LP0262|Consensus|stage_a|replicate_1,25e5968bff1a1250839abcfdf8d1964f6c61d8a7780ad2ce004c1c3c80bb4b9e,675efa1486e53a4914248132dda701b834c9e26599d8c4c4d7b41db57bfcf2b0,
G|LP0263|Consensus|stage_a|replicate_1,G-ad21bf1aa3e52bdbfdcd7d580bc1f6bf2f4f97bd,G,target,LP0263,Consensus,consensus_stage_a_estimates,1,google/gemma-4-31B-it,d34763ef20c723d73a0872d7722ff1bbbb6734f2ee7aace33a5a3b9d63a7c21e,675efa1486e53a4914248132dda701b834c9e26599d8c4c4d7b41db57bfcf2b0,consensus_two_stage_interactive_adaptation_v1,prompt_compiler_v2_split_g_f,2116594194,pending,Q001|Q002|Q003,"{""Q001"": ""consensus_estimate_net_zero_before_2085"", ""Q002"": ""consensus_estimate_co2_warms_planet"", ""Q003"": ""consensus_estimate_human_primary_cause""}",consensus_stage_a,consensus_two_stage_interactive_adaptation_v1,G|LP0263|Consensus|stage_a|replicate_1,d34763ef20c723d73a0872d7722ff1bbbb6734f2ee7aace33a5a3b9d63a7c21e,675efa1486e53a4914248132dda701b834c9e26599d8c4c4d7b41db57bfcf2b0,
G|LP0264|Consensus|stage_a|replicate_1,G-b304868f6f112e6e1a0458bce38324b6d15db204,G,target,LP0264,Consensus,consensus_stage_a_estimates,1,google/gemma-4-31B-it,73118f91ced32e34d2d35be6a3c2052ba5fae206ac39abb98ba47d56202a5b64,675efa1486e53a4914248132dda701b834c9e26599d8c4c4d7b41db57bfcf2b0,consensus_two_stage_interactive_adaptation_v1,prompt_compiler_v2_split_g_f,1427782543,pending,Q001|Q002|Q003,"{""Q001"": ""consensus_estimate_co2_warms_planet"", ""Q002"": ""consensus_estimate_net_zero_before_2085"", ""Q003"": ""consensus_estimate_human_primary_cause""}",consensus_stage_a,consensus_two_stage_interactive_adaptation_v1,G|LP0264|Consensus|stage_a|replicate_1,73118f91ced32e34d2d35be6a3c2052ba5fae206ac39abb98ba47d56202a5b64,675efa1486e53a4914248132dda701b834c9e26599d8c4c4d7b41db57bfcf2b0,
G|LP0265|Consensus|stage_a|replicate_1,G-f4165641321d62c8b9f0e33940de812e03c30693,G,target,LP0265,Consensus,consensus_stage_a_estimates,1,google/gemma-4-31B-it,4b5e9381ddc745a2a45cb04a5cfaeb8d4425e19f4f4efe3f2e9b0b890485ade1,675efa1486e53a4914248132dda701b834c9e26599d8c4c4d7b41db57bfcf2b0,consensus_two_stage_interactive_adaptation_v1,prompt_compiler_v2_split_g_f,441061198,pending,Q001|Q002|Q003,"{""Q001"": ""consensus_estimate_co2_warms_planet"", ""Q002"": ""consensus_estimate_human_primary_cause"", ""Q003"": ""consensus_estimate_net_zero_before_2085""}",consensus_stage_a,consensus_two_stage_interactive_adaptation_v1,G|LP0265|Consensus|stage_a|replicate_1,4b5e9381ddc745a2a45cb04a5cfaeb8d4425e19f4f4efe3f2e9b0b890485ade1,675efa1486e53a4914248132dda701b834c9e26599d8c4c4d7b41db57bfcf2b0,
G|LP0266|Consensus|stage_a|replicate_1,G-09e2db99e8ed1cf98d70a9862cca20e6234c7938,G,target,LP0266,Consensus,consensus_stage_a_estimates,1,google/gemma-4-31B-it,f611612acb4edbe327b2ebc607ce0a7476fe47a1c4f98a032afd7862c6f9107c,675efa1486e53a4914248132dda701b834c9e26599d8c4c4d7b41db57bfcf2b0,consensus_two_stage_interactive_adaptation_v1,prompt_compiler_v2_split_g_f,2092094508,pending,Q001|Q002|Q003,"{""Q001"": ""consensus_estimate_human_primary_cause"", ""Q002"": ""consensus_estimate_net_zero_before_2085"", ""Q003"": ""consensus_estimate_co2_warms_planet""}",consensus_stage_a,consensus_two_stage_interactive_adaptation_v1,G|LP0266|Consensus|stage_a|replicate_1,f611612acb4edbe327b2ebc607ce0a7476fe47a1c4f98a032afd7862c6f9107c,675efa1486e53a4914248132dda701b834c9e26599d8c4c4d7b41db57bfcf2b0,
G|LP0267|Consensus|stage_a|replicate_1,G-3ee92df91e113fb2e85a043e1df7d74d4dd3796e,G,target,LP0267,Consensus,consensus_stage_a_estimates,1,google/gemma-4-31B-it,a3adcde426c111a1428cd5e7f7178d64d015c0843ba5a0ad35429998b55427d9,675efa1486e53a4914248132dda701b834c9e26599d8c4c4d7b41db57bfcf2b0,consensus_two_stage_interactive_adaptation_v1,prompt_compiler_v2_split_g_f,467901349,pending,Q001|Q002|Q003,"{""Q001"": ""consensus_estimate_co2_warms_planet"", ""Q002"": ""consensus_estimate_human_primary_cause"", ""Q003"": ""consensus_estimate_net_zero_before_2085""}",consensus_stage_a,consensus_two_stage_interactive_adaptation_v1,G|LP0267|Consensus|stage_a|replicate_1,a3adcde426c111a1428cd5e7f7178d64d015c0843ba5a0ad35429998b55427d9,675efa1486e53a4914248132dda701b834c9e26599d8c4c4d7b41db57bfcf2b0,
G|LP0268|Consensus|stage_a|replicate_1,G-8c2318ac2c968a249aa61635ae0c8a5beb05304d,G,target,LP0268,Consensus,consensus_stage_a_estimates,1,google/gemma-4-31B-it,9ae499833628110a492cf5bca3ea828a7b88aedeafbebac1ff43901d87caf3c7,675efa1486e53a4914248132dda701b834c9e26599d8c4c4d7b41db57bfcf2b0,consensus_two_stage_interactive_adaptation_v1,prompt_compiler_v2_split_g_f,1155316606,pending,Q001|Q002|Q003,"{""Q001"": ""consensus_estimate_human_primary_cause"", ""Q002"": ""consensus_estimate_co2_warms_planet"", ""Q003"": ""consensus_estimate_net_zero_before_2085""}",consensus_stage_a,consensus_two_stage_interactive_adaptation_v1,G|LP0268|Consensus|stage_a|replicate_1,9ae499833628110a492cf5bca3ea828a7b88aedeafbebac1ff43901d87caf3c7,675efa1486e53a4914248132dda701b834c9e26599d8c4c4d7b41db57bfcf2b0,
G|LP0269|Consensus|stage_a|replicate_1,G-c38ab1e2904061669a090947fc2fa84b46a6ffc7,G,target,LP0269,Consensus,consensus_stage_a_estimates,1,google/gemma-4-31B-it,c284492c6b1cf39235f9ec4aaa04aa58c13a8a872aa0b9bae33f2221529eed3d,675efa1486e53a4914248132dda701b834c9e26599d8c4c4d7b41db57bfcf2b0,consensus_two_stage_interactive_adaptation_v1,prompt_compiler_v2_split_g_f,391497006,pending,Q001|Q002|Q003,"{""Q001"": ""consensus_estimate_net_zero_before_2085"", ""Q002"": ""consensus_estimate_co2_warms_planet"", ""Q003"": ""consensus_estimate_human_primary_cause""}",consensus_stage_a,consensus_two_stage_interactive_adaptation_v1,G|LP0269|Consensus|stage_a|replicate_1,c284492c6b1cf39235f9ec4aaa04aa58c13a8a872aa0b9bae33f2221529eed3d,675efa1486e53a4914248132dda701b834c9e26599d8c4c4d7b41db57bfcf2b0,
G|LP0270|Consensus|stage_a|replicate_1,G-48256dc3e6d1af9e4c047881fbd541289a7e0534,G,target,LP0270,Consensus,consensus_stage_a_estimates,1,google/gemma-4-31B-it,50680ce8c1b4d6cbfd320a9b0e1c24da01a6fd3bed52b9eb352dc86267732fa6,675efa1486e53a4914248132dda701b834c9e26599d8c4c4d7b41db57bfcf2b0,consensus_two_stage_interactive_adaptation_v1,prompt_compiler_v2_split_g_f,1998359334,pending,Q001|Q002|Q003,"{""Q001"": ""consensus_estimate_human_primary_cause"", ""Q002"": ""consensus_estimate_net_zero_before_2085"", ""Q003"": ""consensus_estimate_co2_warms_planet""}",consensus_stage_a,consensus_two_stage_interactive_adaptation_v1,G|LP0270|Consensus|stage_a|replicate_1,50680ce8c1b4d6cbfd320a9b0e1c24da01a6fd3bed52b9eb352dc86267732fa6,675efa1486e53a4914248132dda701b834c9e26599d8c4c4d7b41db57bfcf2b0,
G|LP0271|Consensus|stage_a|replicate_1,G-f386e5673837ab29b8d722d7576474d44cbd3a1b,G,target,LP0271,Consensus,consensus_stage_a_estimates,1,google/gemma-4-31B-it,c6e2dcb7485b135707e22844e6d05a8bee29756e7afeb967e0398a922be6a104,675efa1486e53a4914248132dda701b834c9e26599d8c4c4d7b41db57bfcf2b0,consensus_two_stage_interactive_adaptation_v1,prompt_compiler_v2_split_g_f,524645883,pending,Q001|Q002|Q003,"{""Q001"": ""consensus_estimate_net_zero_before_2085"", ""Q002"": ""consensus_estimate_human_primary_cause"", ""Q003"": ""consensus_estimate_co2_warms_planet""}",consensus_stage_a,consensus_two_stage_interactive_adaptation_v1,G|LP0271|Consensus|stage_a|replicate_1,c6e2dcb7485b135707e22844e6d05a8bee29756e7afeb967e0398a922be6a104,675efa1486e53a4914248132dda701b834c9e26599d8c4c4d7b41db57bfcf2b0,
G|LP0272|Consensus|stage_a|replicate_1,G-f2f57e1c5756d3ccd3eada7110ae7b8657efd1f3,G,target,LP0272,Consensus,consensus_stage_a_estimates,1,google/gemma-4-31B-it,e3f3c2d99e64562de373505fd58141d3887a68620a8a5aebce8c072f2241ea7c,675efa1486e53a4914248132dda701b834c9e26599d8c4c4d7b41db57bfcf2b0,consensus_two_stage_interactive_adaptation_v1,prompt_compiler_v2_split_g_f,1027723272,pending,Q001|Q002|Q003,"{""Q001"": ""consensus_estimate_human_primary_cause"", ""Q002"": ""consensus_estimate_net_zero_before_2085"", ""Q003"": ""consensus_estimate_co2_warms_planet""}",consensus_stage_a,consensus_two_stage_interactive_adaptation_v1,G|LP0272|Consensus|stage_a|replicate_1,e3f3c2d99e64562de373505fd58141d3887a68620a8a5aebce8c072f2241ea7c,675efa1486e53a4914248132dda701b834c9e26599d8c4c4d7b41db57bfcf2b0,
G|LP0273|Consensus|stage_a|replicate_1,G-51913d5c0076ac3666f76e128ca7f556dd5ec5ba,G,target,LP0273,Consensus,consensus_stage_a_estimates,1,google/gemma-4-31B-it,f6d3fc88507ecd10dda3b7733fad2008655359a96d47da85c9857a1fc43f8601,675efa1486e53a4914248132dda701b834c9e26599d8c4c4d7b41db57bfcf2b0,consensus_two_stage_interactive_adaptation_v1,prompt_compiler_v2_split_g_f,597239535,pending,Q001|Q002|Q003,"{""Q001"": ""consensus_estimate_co2_warms_planet"", ""Q002"": ""consensus_estimate_net_zero_before_2085"", ""Q003"": ""consensus_estimate_human_primary_cause""}",consensus_stage_a,consensus_two_stage_interactive_adaptation_v1,G|LP0273|Consensus|stage_a|replicate_1,f6d3fc88507ecd10dda3b7733fad2008655359a96d47da85c9857a1fc43f8601,675efa1486e53a4914248132dda701b834c9e26599d8c4c4d7b41db57bfcf2b0,
G|LP0274|Consensus|stage_a|replicate_1,G-e103e3b9e526f8839915c2fcdb5c1df61182d7e7,G,target,LP0274,Consensus,consensus_stage_a_estimates,1,google/gemma-4-31B-it,9112769aa467b66e4505b8c8f64fb32ba4c33b44017a0a0ca566c37f5138d00b,675efa1486e53a4914248132dda701b834c9e26599d8c4c4d7b41db57bfcf2b0,consensus_two_stage_interactive_adaptation_v1,prompt_compiler_v2_split_g_f,657375226,pending,Q001|Q002|Q003,"{""Q001"": ""consensus_estimate_human_primary_cause"", ""Q002"": ""consensus_estimate_co2_warms_planet"", ""Q003"": ""consensus_estimate_net_zero_before_2085""}",consensus_stage_a,consensus_two_stage_interactive_adaptation_v1,G|LP0274|Consensus|stage_a|replicate_1,9112769aa467b66e4505b8c8f64fb32ba4c33b44017a0a0ca566c37f5138d00b,675efa1486e53a4914248132dda701b834c9e26599d8c4c4d7b41db57bfcf2b0,
G|LP0275|Consensus|stage_a|replicate_1,G-90a2c313fd9c64ebd7f6a35f97c7ac612c507fd4,G,target,LP0275,Consensus,consensus_stage_a_estimates,1,google/gemma-4-31B-it,1881b39148525c96fb5de65cb4c124cc0d9a2956145132f4cc9489e54e117034,675efa1486e53a4914248132dda701b834c9e26599d8c4c4d7b41db57bfcf2b0,consensus_two_stage_interactive_adaptation_v1,prompt_compiler_v2_split_g_f,518122261,pending,Q001|Q002|Q003,"{""Q001"": ""consensus_estimate_net_zero_before_2085"", ""Q002"": ""consensus_estimate_human_primary_cause"", ""Q003"": ""consensus_estimate_co2_warms_planet""}",consensus_stage_a,consensus_two_stage_interactive_adaptation_v1,G|LP0275|Consensus|stage_a|replicate_1,1881b39148525c96fb5de65cb4c124cc0d9a2956145132f4cc9489e54e117034,675efa1486e53a4914248132dda701b834c9e26599d8c4c4d7b41db57bfcf2b0,
G|LP0276|Consensus|stage_a|replicate_1,G-4c4a3238d4dd8be41b515db4151145094e81dd70,G,target,LP0276,Consensus,consensus_stage_a_estimates,1,google/gemma-4-31B-it,344f7dfb833c09d2940907978684d4d804f17cda9e834484d1d739d1f1164072,675efa1486e53a4914248132dda701b834c9e26599d8c4c4d7b41db57bfcf2b0,consensus_two_stage_interactive_adaptation_v1,prompt_compiler_v2_split_g_f,1836183638,pending,Q001|Q002|Q003,"{""Q001"": ""consensus_estimate_net_zero_before_2085"", ""Q002"": ""consensus_estimate_human_primary_cause"", ""Q003"": ""consensus_estimate_co2_warms_planet""}",consensus_stage_a,consensus_two_stage_interactive_adaptation_v1,G|LP0276|Consensus|stage_a|replicate_1,344f7dfb833c09d2940907978684d4d804f17cda9e834484d1d739d1f1164072,675efa1486e53a4914248132dda701b834c9e26599d8c4c4d7b41db57bfcf2b0,
G|LP0277|Consensus|stage_a|replicate_1,G-7bbf7a241f60eb73aec56e4ab813c53af8debf04,G,target,LP0277,Consensus,consensus_stage_a_estimates,1,google/gemma-4-31B-it,805c40f11946de44c919e8fd3047274960f5deb929371e01a71e7e5dcf8d17cd,675efa1486e53a4914248132dda701b834c9e26599d8c4c4d7b41db57bfcf2b0,consensus_two_stage_interactive_adaptation_v1,prompt_compiler_v2_split_g_f,383770557,pending,Q001|Q002|Q003,"{""Q001"": ""consensus_estimate_human_primary_cause"", ""Q002"": ""consensus_estimate_co2_warms_planet"", ""Q003"": ""consensus_estimate_net_zero_before_2085""}",consensus_stage_a,consensus_two_stage_interactive_adaptation_v1,G|LP0277|Consensus|stage_a|replicate_1,805c40f11946de44c919e8fd3047274960f5deb929371e01a71e7e5dcf8d17cd,675efa1486e53a4914248132dda701b834c9e26599d8c4c4d7b41db57bfcf2b0,
G|LP0278|Consensus|stage_a|replicate_1,G-04a7d790c770f2feda3e3b9a9da5dedfc2bf3b2a,G,target,LP0278,Consensus,consensus_stage_a_estimates,1,google/gemma-4-31B-it,0571b178134f65ea68163a0dd4920b5a39db4bccdb6aee5dd1b376f4f15584ab,675efa1486e53a4914248132dda701b834c9e26599d8c4c4d7b41db57bfcf2b0,consensus_two_stage_interactive_adaptation_v1,prompt_compiler_v2_split_g_f,1354801695,pending,Q001|Q002|Q003,"{""Q001"": ""consensus_estimate_net_zero_before_2085"", ""Q002"": ""consensus_estimate_co2_warms_planet"", ""Q003"": ""consensus_estimate_human_primary_cause""}",consensus_stage_a,consensus_two_stage_interactive_adaptation_v1,G|LP0278|Consensus|stage_a|replicate_1,0571b178134f65ea68163a0dd4920b5a39db4bccdb6aee5dd1b376f4f15584ab,675efa1486e53a4914248132dda701b834c9e26599d8c4c4d7b41db57bfcf2b0,
G|LP0279|Consensus|stage_a|replicate_1,G-5d839bfb17d80e320e3cae6372a6aa0531b3be1f,G,target,LP0279,Consensus,consensus_stage_a_estimates,1,google/gemma-4-31B-it,32a3a797858f07606bbcb0b3be5a4f2e06569bb89a28c7bc4dbafdcf562b7803,675efa1486e53a4914248132dda701b834c9e26599d8c4c4d7b41db57bfcf2b0,consensus_two_stage_interactive_adaptation_v1,prompt_compiler_v2_split_g_f,1390364201,pending,Q001|Q002|Q003,"{""Q001"": ""consensus_estimate_net_zero_before_2085"", ""Q002"": ""consensus_estimate_human_primary_cause"", ""Q003"": ""consensus_estimate_co2_warms_planet""}",consensus_stage_a,consensus_two_stage_interactive_adaptation_v1,G|LP0279|Consensus|stage_a|replicate_1,32a3a797858f07606bbcb0b3be5a4f2e06569bb89a28c7bc4dbafdcf562b7803,675efa1486e53a4914248132dda701b834c9e26599d8c4c4d7b41db57bfcf2b0,
G|LP0280|Consensus|stage_a|replicate_1,G-3d7b62f299abc11f6dc81b18d7590fc81a6b12ec,G,target,LP0280,Consensus,consensus_stage_a_estimates,1,google/gemma-4-31B-it,3add6a4be1982ff51692b7e3570861392eac6caba3f522bdcd46fab8bfdbb442,675efa1486e53a4914248132dda701b834c9e26599d8c4c4d7b41db57bfcf2b0,consensus_two_stage_interactive_adaptation_v1,prompt_compiler_v2_split_g_f,346195717,pending,Q001|Q002|Q003,"{""Q001"": ""consensus_estimate_human_primary_cause"", ""Q002"": ""consensus_estimate_net_zero_before_2085"", ""Q003"": ""consensus_estimate_co2_warms_planet""}",consensus_stage_a,consensus_two_stage_interactive_adaptation_v1,G|LP0280|Consensus|stage_a|replicate_1,3add6a4be1982ff51692b7e3570861392eac6caba3f522bdcd46fab8bfdbb442,675efa1486e53a4914248132dda701b834c9e26599d8c4c4d7b41db57bfcf2b0,
G|LP0281|Consensus|stage_a|replicate_1,G-9dabf736f4d7cbd55ad53797333040480982c158,G,target,LP0281,Consensus,consensus_stage_a_estimates,1,google/gemma-4-31B-it,febb8702ca51cdff80ef57daa565a8c8eceff58e65379ea5840f1324b5abc3a2,675efa1486e53a4914248132dda701b834c9e26599d8c4c4d7b41db57bfcf2b0,consensus_two_stage_interactive_adaptation_v1,prompt_compiler_v2_split_g_f,808434245,pending,Q001|Q002|Q003,"{""Q001"": ""consensus_estimate_net_zero_before_2085"", ""Q002"": ""consensus_estimate_human_primary_cause"", ""Q003"": ""consensus_estimate_co2_warms_planet""}",consensus_stage_a,consensus_two_stage_interactive_adaptation_v1,G|LP0281|Consensus|stage_a|replicate_1,febb8702ca51cdff80ef57daa565a8c8eceff58e65379ea5840f1324b5abc3a2,675efa1486e53a4914248132dda701b834c9e26599d8c4c4d7b41db57bfcf2b0,
G|LP0282|Consensus|stage_a|replicate_1,G-f6700ad04126353e806180e1a2551c656083a607,G,target,LP0282,Consensus,consensus_stage_a_estimates,1,google/gemma-4-31B-it,02a964804f6c03483ff4400f36d7dc2cb6a22ac97c4caa155fd26222d7fcd46b,675efa1486e53a4914248132dda701b834c9e26599d8c4c4d7b41db57bfcf2b0,consensus_two_stage_interactive_adaptation_v1,prompt_compiler_v2_split_g_f,772164322,pending,Q001|Q002|Q003,"{""Q001"": ""consensus_estimate_human_primary_cause"", ""Q002"": ""consensus_estimate_net_zero_before_2085"", ""Q003"": ""consensus_estimate_co2_warms_planet""}",consensus_stage_a,consensus_two_stage_interactive_adaptation_v1,G|LP0282|Consensus|stage_a|replicate_1,02a964804f6c03483ff4400f36d7dc2cb6a22ac97c4caa155fd26222d7fcd46b,675efa1486e53a4914248132dda701b834c9e26599d8c4c4d7b41db57bfcf2b0,
G|LP0283|Consensus|stage_a|replicate_1,G-648d90f4794b97974cb8cdf615dc9b9f8c02b01b,G,target,LP0283,Consensus,consensus_stage_a_estimates,1,google/gemma-4-31B-it,b065cee794f7497efa007e71504c7dde65dd0eb58c99bf8e00262f72c272f025,675efa1486e53a4914248132dda701b834c9e26599d8c4c4d7b41db57bfcf2b0,consensus_two_stage_interactive_adaptation_v1,prompt_compiler_v2_split_g_f,1114028417,pending,Q001|Q002|Q003,"{""Q001"": ""consensus_estimate_human_primary_cause"", ""Q002"": ""consensus_estimate_co2_warms_planet"", ""Q003"": ""consensus_estimate_net_zero_before_2085""}",consensus_stage_a,consensus_two_stage_interactive_adaptation_v1,G|LP0283|Consensus|stage_a|replicate_1,b065cee794f7497efa007e71504c7dde65dd0eb58c99bf8e00262f72c272f025,675efa1486e53a4914248132dda701b834c9e26599d8c4c4d7b41db57bfcf2b0,
G|LP0284|Consensus|stage_a|replicate_1,G-95d383885e585a114eff58cba35ca79622259296,G,target,LP0284,Consensus,consensus_stage_a_estimates,1,google/gemma-4-31B-it,7c504507ebae6ca3e9f68120546d8dc312d1ff84946e50b8d3c9a6a9eca54cb4,675efa1486e53a4914248132dda701b834c9e26599d8c4c4d7b41db57bfcf2b0,consensus_two_stage_interactive_adaptation_v1,prompt_compiler_v2_split_g_f,167731492,pending,Q001|Q002|Q003,"{""Q001"": ""consensus_estimate_net_zero_before_2085"", ""Q002"": ""consensus_estimate_human_primary_cause"", ""Q003"": ""consensus_estimate_co2_warms_planet""}",consensus_stage_a,consensus_two_stage_interactive_adaptation_v1,G|LP0284|Consensus|stage_a|replicate_1,7c504507ebae6ca3e9f68120546d8dc312d1ff84946e50b8d3c9a6a9eca54cb4,675efa1486e53a4914248132dda701b834c9e26599d8c4c4d7b41db57bfcf2b0,
G|LP0285|Consensus|stage_a|replicate_1,G-b105eb01367814fb56cef31a71b3c74fa4b2b592,G,target,LP0285,Consensus,consensus_stage_a_estimates,1,google/gemma-4-31B-it,4b3debd3b0192d0b41c055da12e21dcddaf4b1fabbf2aee64982ce04b167fe06,675efa1486e53a4914248132dda701b834c9e26599d8c4c4d7b41db57bfcf2b0,consensus_two_stage_interactive_adaptation_v1,prompt_compiler_v2_split_g_f,411298560,pending,Q001|Q002|Q003,"{""Q001"": ""consensus_estimate_net_zero_before_2085"", ""Q002"": ""consensus_estimate_co2_warms_planet"", ""Q003"": ""consensus_estimate_human_primary_cause""}",consensus_stage_a,consensus_two_stage_interactive_adaptation_v1,G|LP0285|Consensus|stage_a|replicate_1,4b3debd3b0192d0b41c055da12e21dcddaf4b1fabbf2aee64982ce04b167fe06,675efa1486e53a4914248132dda701b834c9e26599d8c4c4d7b41db57bfcf2b0,
G|LP0286|Consensus|stage_a|replicate_1,G-205642b1c22d5223ed53337ac505ac2a8ea26e8c,G,target,LP0286,Consensus,consensus_stage_a_estimates,1,google/gemma-4-31B-it,7780c34e4f64b3d01f4d647d29129b16c93667bedb7494502caa26aeae4bb7c9,675efa1486e53a4914248132dda701b834c9e26599d8c4c4d7b41db57bfcf2b0,consensus_two_stage_interactive_adaptation_v1,prompt_compiler_v2_split_g_f,47830919,pending,Q001|Q002|Q003,"{""Q001"": ""consensus_estimate_co2_warms_planet"", ""Q002"": ""consensus_estimate_human_primary_cause"", ""Q003"": ""consensus_estimate_net_zero_before_2085""}",consensus_stage_a,consensus_two_stage_interactive_adaptation_v1,G|LP0286|Consensus|stage_a|replicate_1,7780c34e4f64b3d01f4d647d29129b16c93667bedb7494502caa26aeae4bb7c9,675efa1486e53a4914248132dda701b834c9e26599d8c4c4d7b41db57bfcf2b0,
G|LP0287|Consensus|stage_a|replicate_1,G-bd7de8ad10862ed6ac56df5ec70dcfdbe73aa8bf,G,target,LP0287,Consensus,consensus_stage_a_estimates,1,google/gemma-4-31B-it,6d737b70edd00b71ff68966a698922896f3c0cb66a4df16dde6d8c687a290779,675efa1486e53a4914248132dda701b834c9e26599d8c4c4d7b41db57bfcf2b0,consensus_two_stage_interactive_adaptation_v1,prompt_compiler_v2_split_g_f,193069107,pending,Q001|Q002|Q003,"{""Q001"": ""consensus_estimate_human_primary_cause"", ""Q002"": ""consensus_estimate_net_zero_before_2085"", ""Q003"": ""consensus_estimate_co2_warms_planet""}",consensus_stage_a,consensus_two_stage_interactive_adaptation_v1,G|LP0287|Consensus|stage_a|replicate_1,6d737b70edd00b71ff68966a698922896f3c0cb66a4df16dde6d8c687a290779,675efa1486e53a4914248132dda701b834c9e26599d8c4c4d7b41db57bfcf2b0,
G|LP0288|Consensus|stage_a|replicate_1,G-4d9f70b5529b1e1f8bae3526a31fe8b7105ac59d,G,target,LP0288,Consensus,consensus_stage_a_estimates,1,google/gemma-4-31B-it,27c3f79a73893b348de4875564fa468cf81fadc658d0f0617bdd692fd84445eb,675efa1486e53a4914248132dda701b834c9e26599d8c4c4d7b41db57bfcf2b0,consensus_two_stage_interactive_adaptation_v1,prompt_compiler_v2_split_g_f,1843003274,pending,Q001|Q002|Q003,"{""Q001"": ""consensus_estimate_human_primary_cause"", ""Q002"": ""consensus_estimate_net_zero_before_2085"", ""Q003"": ""consensus_estimate_co2_warms_planet""}",consensus_stage_a,consensus_two_stage_interactive_adaptation_v1,G|LP0288|Consensus|stage_a|replicate_1,27c3f79a73893b348de4875564fa468cf81fadc658d0f0617bdd692fd84445eb,675efa1486e53a4914248132dda701b834c9e26599d8c4c4d7b41db57bfcf2b0,
G|LP0289|Consensus|stage_a|replicate_1,G-f419739ae0c4f12b0bdf2bc6ff923ab6c5b77f93,G,target,LP0289,Consensus,consensus_stage_a_estimates,1,google/gemma-4-31B-it,132db79fbe6ab6170a7dda1d257364c57a6d95f39aaa91b217a6a5c865e53087,675efa1486e53a4914248132dda701b834c9e26599d8c4c4d7b41db57bfcf2b0,consensus_two_stage_interactive_adaptation_v1,prompt_compiler_v2_split_g_f,1224202340,pending,Q001|Q002|Q003,"{""Q001"": ""consensus_estimate_net_zero_before_2085"", ""Q002"": ""consensus_estimate_co2_warms_planet"", ""Q003"": ""consensus_estimate_human_primary_cause""}",consensus_stage_a,consensus_two_stage_interactive_adaptation_v1,G|LP0289|Consensus|stage_a|replicate_1,132db79fbe6ab6170a7dda1d257364c57a6d95f39aaa91b217a6a5c865e53087,675efa1486e53a4914248132dda701b834c9e26599d8c4c4d7b41db57bfcf2b0,
G|LP0290|Consensus|stage_a|replicate_1,G-0b96b6cabee38ceddc801b24b91b3e30a3d1c1f3,G,target,LP0290,Consensus,consensus_stage_a_estimates,1,google/gemma-4-31B-it,4091be652f5d39672f31613940fdf96efcd1d703ff9e5e86665035ff55b79026,675efa1486e53a4914248132dda701b834c9e26599d8c4c4d7b41db57bfcf2b0,consensus_two_stage_interactive_adaptation_v1,prompt_compiler_v2_split_g_f,1443953282,pending,Q001|Q002|Q003,"{""Q001"": ""consensus_estimate_co2_warms_planet"", ""Q002"": ""consensus_estimate_human_primary_cause"", ""Q003"": ""consensus_estimate_net_zero_before_2085""}",consensus_stage_a,consensus_two_stage_interactive_adaptation_v1,G|LP0290|Consensus|stage_a|replicate_1,4091be652f5d39672f31613940fdf96efcd1d703ff9e5e86665035ff55b79026,675efa1486e53a4914248132dda701b834c9e26599d8c4c4d7b41db57bfcf2b0,
G|LP0291|Consensus|stage_a|replicate_1,G-d8d9df10b420a0cf8a80a962445a3b377b57a4d6,G,target,LP0291,Consensus,consensus_stage_a_estimates,1,google/gemma-4-31B-it,03f54807dca3d7c18954de381e48193038622144da6a3f03ef9618578eb9847c,675efa1486e53a4914248132dda701b834c9e26599d8c4c4d7b41db57bfcf2b0,consensus_two_stage_interactive_adaptation_v1,prompt_compiler_v2_split_g_f,1708416755,pending,Q001|Q002|Q003,"{""Q001"": ""consensus_estimate_human_primary_cause"", ""Q002"": ""consensus_estimate_co2_warms_planet"", ""Q003"": ""consensus_estimate_net_zero_before_2085""}",consensus_stage_a,consensus_two_stage_interactive_adaptation_v1,G|LP0291|Consensus|stage_a|replicate_1,03f54807dca3d7c18954de381e48193038622144da6a3f03ef9618578eb9847c,675efa1486e53a4914248132dda701b834c9e26599d8c4c4d7b41db57bfcf2b0,
G|LP0292|Consensus|stage_a|replicate_1,G-164b72278f74ee2a521bb0d9c9a5f3915de430d7,G,target,LP0292,Consensus,consensus_stage_a_estimates,1,google/gemma-4-31B-it,b447b24c88a57290cadd162a4cf9ec28f6414b19ccb029c64267d8f1ddfd4e28,675efa1486e53a4914248132dda701b834c9e26599d8c4c4d7b41db57bfcf2b0,consensus_two_stage_interactive_adaptation_v1,prompt_compiler_v2_split_g_f,1007407737,pending,Q001|Q002|Q003,"{""Q001"": ""consensus_estimate_co2_warms_planet"", ""Q002"": ""consensus_estimate_human_primary_cause"", ""Q003"": ""consensus_estimate_net_zero_before_2085""}",consensus_stage_a,consensus_two_stage_interactive_adaptation_v1,G|LP0292|Consensus|stage_a|replicate_1,b447b24c88a57290cadd162a4cf9ec28f6414b19ccb029c64267d8f1ddfd4e28,675efa1486e53a4914248132dda701b834c9e26599d8c4c4d7b41db57bfcf2b0,
G|LP0293|Consensus|stage_a|replicate_1,G-67f2cb2ce0059b36032d42db8e636f2a5168cdb6,G,target,LP0293,Consensus,consensus_stage_a_estimates,1,google/gemma-4-31B-it,ef58668da70ddf521aeb1cf9502768e1cf505e9f357a0e4dfa04fcc89cb67cdb,675efa1486e53a4914248132dda701b834c9e26599d8c4c4d7b41db57bfcf2b0,consensus_two_stage_interactive_adaptation_v1,prompt_compiler_v2_split_g_f,803942801,pending,Q001|Q002|Q003,"{""Q001"": ""consensus_estimate_net_zero_before_2085"", ""Q002"": ""consensus_estimate_human_primary_cause"", ""Q003"": ""consensus_estimate_co2_warms_planet""}",consensus_stage_a,consensus_two_stage_interactive_adaptation_v1,G|LP0293|Consensus|stage_a|replicate_1,ef58668da70ddf521aeb1cf9502768e1cf505e9f357a0e4dfa04fcc89cb67cdb,675efa1486e53a4914248132dda701b834c9e26599d8c4c4d7b41db57bfcf2b0,
G|LP0294|Consensus|stage_a|replicate_1,G-c6f7180bba6a007655a09ea93b39c782e205b450,G,target,LP0294,Consensus,consensus_stage_a_estimates,1,google/gemma-4-31B-it,16ef202b78a33a2ee66daefc5f8a6ae08f7709116cc862444771fe590e1070b1,675efa1486e53a4914248132dda701b834c9e26599d8c4c4d7b41db57bfcf2b0,consensus_two_stage_interactive_adaptation_v1,prompt_compiler_v2_split_g_f,1213739152,pending,Q001|Q002|Q003,"{""Q001"": ""consensus_estimate_net_zero_before_2085"", ""Q002"": ""consensus_estimate_co2_warms_planet"", ""Q003"": ""consensus_estimate_human_primary_cause""}",consensus_stage_a,consensus_two_stage_interactive_adaptation_v1,G|LP0294|Consensus|stage_a|replicate_1,16ef202b78a33a2ee66daefc5f8a6ae08f7709116cc862444771fe590e1070b1,675efa1486e53a4914248132dda701b834c9e26599d8c4c4d7b41db57bfcf2b0,
G|LP0295|Consensus|stage_a|replicate_1,G-b4d77f739c219b77173f68d85d3216afaa25d57d,G,target,LP0295,Consensus,consensus_stage_a_estimates,1,google/gemma-4-31B-it,15389b20b401f57f3dfa2229a848b7572c0c426327ef3f55491605611d9c4f2d,675efa1486e53a4914248132dda701b834c9e26599d8c4c4d7b41db57bfcf2b0,consensus_two_stage_interactive_adaptation_v1,prompt_compiler_v2_split_g_f,97557089,pending,Q001|Q002|Q003,"{""Q001"": ""consensus_estimate_co2_warms_planet"", ""Q002"": ""consensus_estimate_net_zero_before_2085"", ""Q003"": ""consensus_estimate_human_primary_cause""}",consensus_stage_a,consensus_two_stage_interactive_adaptation_v1,G|LP0295|Consensus|stage_a|replicate_1,15389b20b401f57f3dfa2229a848b7572c0c426327ef3f55491605611d9c4f2d,675efa1486e53a4914248132dda701b834c9e26599d8c4c4d7b41db57bfcf2b0,
G|LP0296|Consensus|stage_a|replicate_1,G-25f9a7818f35ab0c5d5ead8ea67d91fc5741398b,G,target,LP0296,Consensus,consensus_stage_a_estimates,1,google/gemma-4-31B-it,1a7b40180f6c1bfe668fe45bdfee3b2d126e6952516f5388da40554a56ac13aa,675efa1486e53a4914248132dda701b834c9e26599d8c4c4d7b41db57bfcf2b0,consensus_two_stage_interactive_adaptation_v1,prompt_compiler_v2_split_g_f,1529412111,pending,Q001|Q002|Q003,"{""Q001"": ""consensus_estimate_human_primary_cause"", ""Q002"": ""consensus_estimate_net_zero_before_2085"", ""Q003"": ""consensus_estimate_co2_warms_planet""}",consensus_stage_a,consensus_two_stage_interactive_adaptation_v1,G|LP0296|Consensus|stage_a|replicate_1,1a7b40180f6c1bfe668fe45bdfee3b2d126e6952516f5388da40554a56ac13aa,675efa1486e53a4914248132dda701b834c9e26599d8c4c4d7b41db57bfcf2b0,
G|LP0297|Consensus|stage_a|replicate_1,G-d278adb909817da45ec0bfbea17582c8aaf39bee,G,target,LP0297,Consensus,consensus_stage_a_estimates,1,google/gemma-4-31B-it,317cbc7b7336a1244732d3a1c6171a47d2ea58a2e5870d8196d6b3312b237c91,675efa1486e53a4914248132dda701b834c9e26599d8c4c4d7b41db57bfcf2b0,consensus_two_stage_interactive_adaptation_v1,prompt_compiler_v2_split_g_f,779278617,pending,Q001|Q002|Q003,"{""Q001"": ""consensus_estimate_net_zero_before_2085"", ""Q002"": ""consensus_estimate_co2_warms_planet"", ""Q003"": ""consensus_estimate_human_primary_cause""}",consensus_stage_a,consensus_two_stage_interactive_adaptation_v1,G|LP0297|Consensus|stage_a|replicate_1,317cbc7b7336a1244732d3a1c6171a47d2ea58a2e5870d8196d6b3312b237c91,675efa1486e53a4914248132dda701b834c9e26599d8c4c4d7b41db57bfcf2b0,
G|LP0298|Consensus|stage_a|replicate_1,G-710993097ba629f3a135c66c5842cabb660da085,G,target,LP0298,Consensus,consensus_stage_a_estimates,1,google/gemma-4-31B-it,e6cecb831412302caa2cd11c6e69acf5af37cee32d0c2723aaf658e6e17b1913,675efa1486e53a4914248132dda701b834c9e26599d8c4c4d7b41db57bfcf2b0,consensus_two_stage_interactive_adaptation_v1,prompt_compiler_v2_split_g_f,1572425735,pending,Q001|Q002|Q003,"{""Q001"": ""consensus_estimate_net_zero_before_2085"", ""Q002"": ""consensus_estimate_co2_warms_planet"", ""Q003"": ""consensus_estimate_human_primary_cause""}",consensus_stage_a,consensus_two_stage_interactive_adaptation_v1,G|LP0298|Consensus|stage_a|replicate_1,e6cecb831412302caa2cd11c6e69acf5af37cee32d0c2723aaf658e6e17b1913,675efa1486e53a4914248132dda701b834c9e26599d8c4c4d7b41db57bfcf2b0,
G|LP0299|Consensus|stage_a|replicate_1,G-6ffb3f19f3696744652abb4039aee6c1f64455b8,G,target,LP0299,Consensus,consensus_stage_a_estimates,1,google/gemma-4-31B-it,dd3d9892a2bfbd38b11a01e146385f9284dc23754721be4ec376dd995624819c,675efa1486e53a4914248132dda701b834c9e26599d8c4c4d7b41db57bfcf2b0,consensus_two_stage_interactive_adaptation_v1,prompt_compiler_v2_split_g_f,1398793593,pending,Q001|Q002|Q003,"{""Q001"": ""consensus_estimate_human_primary_cause"", ""Q002"": ""consensus_estimate_net_zero_before_2085"", ""Q003"": ""consensus_estimate_co2_warms_planet""}",consensus_stage_a,consensus_two_stage_interactive_adaptation_v1,G|LP0299|Consensus|stage_a|replicate_1,dd3d9892a2bfbd38b11a01e146385f9284dc23754721be4ec376dd995624819c,675efa1486e53a4914248132dda701b834c9e26599d8c4c4d7b41db57bfcf2b0,
G|LP0300|Consensus|stage_a|replicate_1,G-c4463482d0000da31ea01d868d798edc6a04d1a5,G,target,LP0300,Consensus,consensus_stage_a_estimates,1,google/gemma-4-31B-it,31d911d1d1b44dc6e994338b7485847a53fc99c7eee2d4e873d6b3a77451fa34,675efa1486e53a4914248132dda701b834c9e26599d8c4c4d7b41db57bfcf2b0,consensus_two_stage_interactive_adaptation_v1,prompt_compiler_v2_split_g_f,1485600427,pending,Q001|Q002|Q003,"{""Q001"": ""consensus_estimate_co2_warms_planet"", ""Q002"": ""consensus_estimate_human_primary_cause"", ""Q003"": ""consensus_estimate_net_zero_before_2085""}",consensus_stage_a,consensus_two_stage_interactive_adaptation_v1,G|LP0300|Consensus|stage_a|replicate_1,31d911d1d1b44dc6e994338b7485847a53fc99c7eee2d4e873d6b3a77451fa34,675efa1486e53a4914248132dda701b834c9e26599d8c4c4d7b41db57bfcf2b0,
G|LP0301|Consensus|stage_a|replicate_1,G-70fd4edd48a6a781fc4e9c9d630b5ebfd7534ac8,G,target,LP0301,Consensus,consensus_stage_a_estimates,1,google/gemma-4-31B-it,931b0e9cbbefa13cea3fdf98de6f8b80d7178226ab56881f5d3999f62be1bd55,675efa1486e53a4914248132dda701b834c9e26599d8c4c4d7b41db57bfcf2b0,consensus_two_stage_interactive_adaptation_v1,prompt_compiler_v2_split_g_f,715212093,pending,Q001|Q002|Q003,"{""Q001"": ""consensus_estimate_net_zero_before_2085"", ""Q002"": ""consensus_estimate_co2_warms_planet"", ""Q003"": ""consensus_estimate_human_primary_cause""}",consensus_stage_a,consensus_two_stage_interactive_adaptation_v1,G|LP0301|Consensus|stage_a|replicate_1,931b0e9cbbefa13cea3fdf98de6f8b80d7178226ab56881f5d3999f62be1bd55,675efa1486e53a4914248132dda701b834c9e26599d8c4c4d7b41db57bfcf2b0,
G|LP0302|Consensus|stage_a|replicate_1,G-7b8ccf8923a4fdc535addfa21af4c22d2542aa41,G,target,LP0302,Consensus,consensus_stage_a_estimates,1,google/gemma-4-31B-it,526d97795ae02b63ad3e958ac52920e9f193d1efff8c756be1adb71eafae4e87,675efa1486e53a4914248132dda701b834c9e26599d8c4c4d7b41db57bfcf2b0,consensus_two_stage_interactive_adaptation_v1,prompt_compiler_v2_split_g_f,448699609,pending,Q001|Q002|Q003,"{""Q001"": ""consensus_estimate_human_primary_cause"", ""Q002"": ""consensus_estimate_co2_warms_planet"", ""Q003"": ""consensus_estimate_net_zero_before_2085""}",consensus_stage_a,consensus_two_stage_interactive_adaptation_v1,G|LP0302|Consensus|stage_a|replicate_1,526d97795ae02b63ad3e958ac52920e9f193d1efff8c756be1adb71eafae4e87,675efa1486e53a4914248132dda701b834c9e26599d8c4c4d7b41db57bfcf2b0,
G|LP0303|Consensus|stage_a|replicate_1,G-6db6b63e972692090b9f54a2306113613ae123bb,G,target,LP0303,Consensus,consensus_stage_a_estimates,1,google/gemma-4-31B-it,28b9017616eaca1064c7aaae6ff73f01461678ecc78bc82df8f72421b61f9dac,675efa1486e53a4914248132dda701b834c9e26599d8c4c4d7b41db57bfcf2b0,consensus_two_stage_interactive_adaptation_v1,prompt_compiler_v2_split_g_f,1922301575,pending,Q001|Q002|Q003,"{""Q001"": ""consensus_estimate_net_zero_before_2085"", ""Q002"": ""consensus_estimate_human_primary_cause"", ""Q003"": ""consensus_estimate_co2_warms_planet""}",consensus_stage_a,consensus_two_stage_interactive_adaptation_v1,G|LP0303|Consensus|stage_a|replicate_1,28b9017616eaca1064c7aaae6ff73f01461678ecc78bc82df8f72421b61f9dac,675efa1486e53a4914248132dda701b834c9e26599d8c4c4d7b41db57bfcf2b0,
G|LP0304|Consensus|stage_a|replicate_1,G-8865985c63635b979546b791c18d71c6a0bca27d,G,target,LP0304,Consensus,consensus_stage_a_estimates,1,google/gemma-4-31B-it,5ec6beaf9ff4663e4c1b27ebb797e2a1861434f2beb567e6f45feed385607814,675efa1486e53a4914248132dda701b834c9e26599d8c4c4d7b41db57bfcf2b0,consensus_two_stage_interactive_adaptation_v1,prompt_compiler_v2_split_g_f,1949207633,pending,Q001|Q002|Q003,"{""Q001"": ""consensus_estimate_human_primary_cause"", ""Q002"": ""consensus_estimate_co2_warms_planet"", ""Q003"": ""consensus_estimate_net_zero_before_2085""}",consensus_stage_a,consensus_two_stage_interactive_adaptation_v1,G|LP0304|Consensus|stage_a|replicate_1,5ec6beaf9ff4663e4c1b27ebb797e2a1861434f2beb567e6f45feed385607814,675efa1486e53a4914248132dda701b834c9e26599d8c4c4d7b41db57bfcf2b0,
G|LP0305|Consensus|stage_a|replicate_1,G-9ef756e311a11a1cfe16ff477833065badddf10e,G,target,LP0305,Consensus,consensus_stage_a_estimates,1,google/gemma-4-31B-it,a5c1605ffd2cbca39b35367ed7c51ed3ec9aae389303447a71c320f2c420dc47,675efa1486e53a4914248132dda701b834c9e26599d8c4c4d7b41db57bfcf2b0,consensus_two_stage_interactive_adaptation_v1,prompt_compiler_v2_split_g_f,1334822884,pending,Q001|Q002|Q003,"{""Q001"": ""consensus_estimate_human_primary_cause"", ""Q002"": ""consensus_estimate_net_zero_before_2085"", ""Q003"": ""consensus_estimate_co2_warms_planet""}",consensus_stage_a,consensus_two_stage_interactive_adaptation_v1,G|LP0305|Consensus|stage_a|replicate_1,a5c1605ffd2cbca39b35367ed7c51ed3ec9aae389303447a71c320f2c420dc47,675efa1486e53a4914248132dda701b834c9e26599d8c4c4d7b41db57bfcf2b0,
G|LP0306|Consensus|stage_a|replicate_1,G-7a2ecd8574e749b113a43a66ec8a1ddff993a669,G,target,LP0306,Consensus,consensus_stage_a_estimates,1,google/gemma-4-31B-it,1f1b2be0f23113ada7a2f2a866be5c8162841db433b388e4828232b0207b65ed,675efa1486e53a4914248132dda701b834c9e26599d8c4c4d7b41db57bfcf2b0,consensus_two_stage_interactive_adaptation_v1,prompt_compiler_v2_split_g_f,1766122685,pending,Q001|Q002|Q003,"{""Q001"": ""consensus_estimate_net_zero_before_2085"", ""Q002"": ""consensus_estimate_human_primary_cause"", ""Q003"": ""consensus_estimate_co2_warms_planet""}",consensus_stage_a,consensus_two_stage_interactive_adaptation_v1,G|LP0306|Consensus|stage_a|replicate_1,1f1b2be0f23113ada7a2f2a866be5c8162841db433b388e4828232b0207b65ed,675efa1486e53a4914248132dda701b834c9e26599d8c4c4d7b41db57bfcf2b0,
G|LP0307|Consensus|stage_a|replicate_1,G-ecad1c63873155b7c0e649b4a4146b58b910b79d,G,target,LP0307,Consensus,consensus_stage_a_estimates,1,google/gemma-4-31B-it,10df49f72f12e48d32bbbc2c55fb1fb70aae86a4964fbd4c1d7794d798ef8ef1,675efa1486e53a4914248132dda701b834c9e26599d8c4c4d7b41db57bfcf2b0,consensus_two_stage_interactive_adaptation_v1,prompt_compiler_v2_split_g_f,1619758721,pending,Q001|Q002|Q003,"{""Q001"": ""consensus_estimate_co2_warms_planet"", ""Q002"": ""consensus_estimate_net_zero_before_2085"", ""Q003"": ""consensus_estimate_human_primary_cause""}",consensus_stage_a,consensus_two_stage_interactive_adaptation_v1,G|LP0307|Consensus|stage_a|replicate_1,10df49f72f12e48d32bbbc2c55fb1fb70aae86a4964fbd4c1d7794d798ef8ef1,675efa1486e53a4914248132dda701b834c9e26599d8c4c4d7b41db57bfcf2b0,
G|LP0308|Consensus|stage_a|replicate_1,G-365c49fe5c647cf7e7f34bd45e0b9cad71b8c364,G,target,LP0308,Consensus,consensus_stage_a_estimates,1,google/gemma-4-31B-it,c13fe5eecfe54d9565364eacf9a4ab4cf0c2e5109074871e56783d6621a19d35,675efa1486e53a4914248132dda701b834c9e26599d8c4c4d7b41db57bfcf2b0,consensus_two_stage_interactive_adaptation_v1,prompt_compiler_v2_split_g_f,1226641652,pending,Q001|Q002|Q003,"{""Q001"": ""consensus_estimate_human_primary_cause"", ""Q002"": ""consensus_estimate_net_zero_before_2085"", ""Q003"": ""consensus_estimate_co2_warms_planet""}",consensus_stage_a,consensus_two_stage_interactive_adaptation_v1,G|LP0308|Consensus|stage_a|replicate_1,c13fe5eecfe54d9565364eacf9a4ab4cf0c2e5109074871e56783d6621a19d35,675efa1486e53a4914248132dda701b834c9e26599d8c4c4d7b41db57bfcf2b0,
G|LP0309|Consensus|stage_a|replicate_1,G-c6cda928ff489bec33a9d3da265286be4e9a7dfe,G,target,LP0309,Consensus,consensus_stage_a_estimates,1,google/gemma-4-31B-it,352591e56451e8741f0a8e59d9de7c45aabcad82b940efbca160cbce43a16141,675efa1486e53a4914248132dda701b834c9e26599d8c4c4d7b41db57bfcf2b0,consensus_two_stage_interactive_adaptation_v1,prompt_compiler_v2_split_g_f,216264257,pending,Q001|Q002|Q003,"{""Q001"": ""consensus_estimate_co2_warms_planet"", ""Q002"": ""consensus_estimate_net_zero_before_2085"", ""Q003"": ""consensus_estimate_human_primary_cause""}",consensus_stage_a,consensus_two_stage_interactive_adaptation_v1,G|LP0309|Consensus|stage_a|replicate_1,352591e56451e8741f0a8e59d9de7c45aabcad82b940efbca160cbce43a16141,675efa1486e53a4914248132dda701b834c9e26599d8c4c4d7b41db57bfcf2b0,
G|LP0310|Consensus|stage_a|replicate_1,G-657675d2baf30dd60c60af7cf3f42e569ff69442,G,target,LP0310,Consensus,consensus_stage_a_estimates,1,google/gemma-4-31B-it,9461986e56631d6bcc8cecf2f1a73667910281af150f1955586eac86c2131507,675efa1486e53a4914248132dda701b834c9e26599d8c4c4d7b41db57bfcf2b0,consensus_two_stage_interactive_adaptation_v1,prompt_compiler_v2_split_g_f,98564477,pending,Q001|Q002|Q003,"{""Q001"": ""consensus_estimate_net_zero_before_2085"", ""Q002"": ""consensus_estimate_co2_warms_planet"", ""Q003"": ""consensus_estimate_human_primary_cause""}",consensus_stage_a,consensus_two_stage_interactive_adaptation_v1,G|LP0310|Consensus|stage_a|replicate_1,9461986e56631d6bcc8cecf2f1a73667910281af150f1955586eac86c2131507,675efa1486e53a4914248132dda701b834c9e26599d8c4c4d7b41db57bfcf2b0,
G|LP0311|Consensus|stage_a|replicate_1,G-c1ff5ae479bb9822a803bc31c88d73152a918a51,G,target,LP0311,Consensus,consensus_stage_a_estimates,1,google/gemma-4-31B-it,8b9d0e62ad7db4431d56e89e3c97f39eea1a8220379b74e272636bbac8de4eb7,675efa1486e53a4914248132dda701b834c9e26599d8c4c4d7b41db57bfcf2b0,consensus_two_stage_interactive_adaptation_v1,prompt_compiler_v2_split_g_f,2109361645,pending,Q001|Q002|Q003,"{""Q001"": ""consensus_estimate_co2_warms_planet"", ""Q002"": ""consensus_estimate_net_zero_before_2085"", ""Q003"": ""consensus_estimate_human_primary_cause""}",consensus_stage_a,consensus_two_stage_interactive_adaptation_v1,G|LP0311|Consensus|stage_a|replicate_1,8b9d0e62ad7db4431d56e89e3c97f39eea1a8220379b74e272636bbac8de4eb7,675efa1486e53a4914248132dda701b834c9e26599d8c4c4d7b41db57bfcf2b0,
G|LP0312|Consensus|stage_a|replicate_1,G-1236b5717474e00aeda306ae313d4c64eda2b601,G,target,LP0312,Consensus,consensus_stage_a_estimates,1,google/gemma-4-31B-it,6321d679c7d83c9464d95ee25b7280184f89a69de732dca61909f3019cd5997b,675efa1486e53a4914248132dda701b834c9e26599d8c4c4d7b41db57bfcf2b0,consensus_two_stage_interactive_adaptation_v1,prompt_compiler_v2_split_g_f,417483501,pending,Q001|Q002|Q003,"{""Q001"": ""consensus_estimate_human_primary_cause"", ""Q002"": ""consensus_estimate_co2_warms_planet"", ""Q003"": ""consensus_estimate_net_zero_before_2085""}",consensus_stage_a,consensus_two_stage_interactive_adaptation_v1,G|LP0312|Consensus|stage_a|replicate_1,6321d679c7d83c9464d95ee25b7280184f89a69de732dca61909f3019cd5997b,675efa1486e53a4914248132dda701b834c9e26599d8c4c4d7b41db57bfcf2b0,
G|LP0313|Consensus|stage_a|replicate_1,G-a0a8b0352a0908f434d7440df3aa4058d4a1f921,G,target,LP0313,Consensus,consensus_stage_a_estimates,1,google/gemma-4-31B-it,6e4b261f84fbf2f2d4c323eabcaec4f49575690997154b2747773143a775e11e,675efa1486e53a4914248132dda701b834c9e26599d8c4c4d7b41db57bfcf2b0,consensus_two_stage_interactive_adaptation_v1,prompt_compiler_v2_split_g_f,1801087328,pending,Q001|Q002|Q003,"{""Q001"": ""consensus_estimate_co2_warms_planet"", ""Q002"": ""consensus_estimate_net_zero_before_2085"", ""Q003"": ""consensus_estimate_human_primary_cause""}",consensus_stage_a,consensus_two_stage_interactive_adaptation_v1,G|LP0313|Consensus|stage_a|replicate_1,6e4b261f84fbf2f2d4c323eabcaec4f49575690997154b2747773143a775e11e,675efa1486e53a4914248132dda701b834c9e26599d8c4c4d7b41db57bfcf2b0,
G|LP0314|Consensus|stage_a|replicate_1,G-0eaa057494c4fdd757edf4d5af2c7de68ed18207,G,target,LP0314,Consensus,consensus_stage_a_estimates,1,google/gemma-4-31B-it,cff5c1824d36c90bfd22e5333727ec111a3959dc4f691b99df46a328118b5e34,675efa1486e53a4914248132dda701b834c9e26599d8c4c4d7b41db57bfcf2b0,consensus_two_stage_interactive_adaptation_v1,prompt_compiler_v2_split_g_f,840501440,pending,Q001|Q002|Q003,"{""Q001"": ""consensus_estimate_net_zero_before_2085"", ""Q002"": ""consensus_estimate_human_primary_cause"", ""Q003"": ""consensus_estimate_co2_warms_planet""}",consensus_stage_a,consensus_two_stage_interactive_adaptation_v1,G|LP0314|Consensus|stage_a|replicate_1,cff5c1824d36c90bfd22e5333727ec111a3959dc4f691b99df46a328118b5e34,675efa1486e53a4914248132dda701b834c9e26599d8c4c4d7b41db57bfcf2b0,
G|LP0315|Consensus|stage_a|replicate_1,G-2680805a49adff8faded8da1816987db58ef3eab,G,target,LP0315,Consensus,consensus_stage_a_estimates,1,google/gemma-4-31B-it,40ed6090c77b3b14bf216e0f8afb7c5fd618cfc86f36d66a078dae7c6178b74b,675efa1486e53a4914248132dda701b834c9e26599d8c4c4d7b41db57bfcf2b0,consensus_two_stage_interactive_adaptation_v1,prompt_compiler_v2_split_g_f,380567620,pending,Q001|Q002|Q003,"{""Q001"": ""consensus_estimate_human_primary_cause"", ""Q002"": ""consensus_estimate_net_zero_before_2085"", ""Q003"": ""consensus_estimate_co2_warms_planet""}",consensus_stage_a,consensus_two_stage_interactive_adaptation_v1,G|LP0315|Consensus|stage_a|replicate_1,40ed6090c77b3b14bf216e0f8afb7c5fd618cfc86f36d66a078dae7c6178b74b,675efa1486e53a4914248132dda701b834c9e26599d8c4c4d7b41db57bfcf2b0,
G|LP0316|Consensus|stage_a|replicate_1,G-66ff2ff10907435325055b9c3eb1a021c42d715f,G,target,LP0316,Consensus,consensus_stage_a_estimates,1,google/gemma-4-31B-it,a0da274038f2c15dbd57db8188bcfc7193a572dc04499dc211e0f42fb6a35f06,675efa1486e53a4914248132dda701b834c9e26599d8c4c4d7b41db57bfcf2b0,consensus_two_stage_interactive_adaptation_v1,prompt_compiler_v2_split_g_f,1459987254,pending,Q001|Q002|Q003,"{""Q001"": ""consensus_estimate_co2_warms_planet"", ""Q002"": ""consensus_estimate_net_zero_before_2085"", ""Q003"": ""consensus_estimate_human_primary_cause""}",consensus_stage_a,consensus_two_stage_interactive_adaptation_v1,G|LP0316|Consensus|stage_a|replicate_1,a0da274038f2c15dbd57db8188bcfc7193a572dc04499dc211e0f42fb6a35f06,675efa1486e53a4914248132dda701b834c9e26599d8c4c4d7b41db57bfcf2b0,
G|LP0317|Consensus|stage_a|replicate_1,G-f7b369d478ba1c44a1d7ab9c19de09aade9211e3,G,target,LP0317,Consensus,consensus_stage_a_estimates,1,google/gemma-4-31B-it,60b54621c7dfbabdc78f29fdd92d79e10a1872ec613e4546083f6ee1bc61360c,675efa1486e53a4914248132dda701b834c9e26599d8c4c4d7b41db57bfcf2b0,consensus_two_stage_interactive_adaptation_v1,prompt_compiler_v2_split_g_f,1746989040,pending,Q001|Q002|Q003,"{""Q001"": ""consensus_estimate_net_zero_before_2085"", ""Q002"": ""consensus_estimate_human_primary_cause"", ""Q003"": ""consensus_estimate_co2_warms_planet""}",consensus_stage_a,consensus_two_stage_interactive_adaptation_v1,G|LP0317|Consensus|stage_a|replicate_1,60b54621c7dfbabdc78f29fdd92d79e10a1872ec613e4546083f6ee1bc61360c,675efa1486e53a4914248132dda701b834c9e26599d8c4c4d7b41db57bfcf2b0,
G|LP0318|Consensus|stage_a|replicate_1,G-5bb52e1e8dd68103eb3bd863d0bd7d8e06178ef8,G,target,LP0318,Consensus,consensus_stage_a_estimates,1,google/gemma-4-31B-it,1e02fbbcf0aa601cb46c7252869718a3474c77f02f12fc96588ba9a2c66196c9,675efa1486e53a4914248132dda701b834c9e26599d8c4c4d7b41db57bfcf2b0,consensus_two_stage_interactive_adaptation_v1,prompt_compiler_v2_split_g_f,1161878849,pending,Q001|Q002|Q003,"{""Q001"": ""consensus_estimate_net_zero_before_2085"", ""Q002"": ""consensus_estimate_co2_warms_planet"", ""Q003"": ""consensus_estimate_human_primary_cause""}",consensus_stage_a,consensus_two_stage_interactive_adaptation_v1,G|LP0318|Consensus|stage_a|replicate_1,1e02fbbcf0aa601cb46c7252869718a3474c77f02f12fc96588ba9a2c66196c9,675efa1486e53a4914248132dda701b834c9e26599d8c4c4d7b41db57bfcf2b0,
G|LP0319|Consensus|stage_a|replicate_1,G-73a1a9ff501ca96c0fb04deab521e2c8852b94fc,G,target,LP0319,Consensus,consensus_stage_a_estimates,1,google/gemma-4-31B-it,bde5fb2008a99dde35d28374414237f10c30c6c58b413ebd4d0960f8c9e29ded,675efa1486e53a4914248132dda701b834c9e26599d8c4c4d7b41db57bfcf2b0,consensus_two_stage_interactive_adaptation_v1,prompt_compiler_v2_split_g_f,929037676,pending,Q001|Q002|Q003,"{""Q001"": ""consensus_estimate_net_zero_before_2085"", ""Q002"": ""consensus_estimate_human_primary_cause"", ""Q003"": ""consensus_estimate_co2_warms_planet""}",consensus_stage_a,consensus_two_stage_interactive_adaptation_v1,G|LP0319|Consensus|stage_a|replicate_1,bde5fb2008a99dde35d28374414237f10c30c6c58b413ebd4d0960f8c9e29ded,675efa1486e53a4914248132dda701b834c9e26599d8c4c4d7b41db57bfcf2b0,
G|LP0320|Consensus|stage_a|replicate_1,G-0a8a9ad4535a6ee2980442c14bd8898b756a6ebb,G,target,LP0320,Consensus,consensus_stage_a_estimates,1,google/gemma-4-31B-it,3ceac07789c4b374f474155ec0bb081a81eeb29fedb01e24fe16217bfcd83f41,675efa1486e53a4914248132dda701b834c9e26599d8c4c4d7b41db57bfcf2b0,consensus_two_stage_interactive_adaptation_v1,prompt_compiler_v2_split_g_f,1752147082,pending,Q001|Q002|Q003,"{""Q001"": ""consensus_estimate_net_zero_before_2085"", ""Q002"": ""consensus_estimate_co2_warms_planet"", ""Q003"": ""consensus_estimate_human_primary_cause""}",consensus_stage_a,consensus_two_stage_interactive_adaptation_v1,G|LP0320|Consensus|stage_a|replicate_1,3ceac07789c4b374f474155ec0bb081a81eeb29fedb01e24fe16217bfcd83f41,675efa1486e53a4914248132dda701b834c9e26599d8c4c4d7b41db57bfcf2b0,
G|LP0321|Consensus|stage_a|replicate_1,G-ce48ed922c1b5b1e5689dc5a4f1808293cd2e2a3,G,target,LP0321,Consensus,consensus_stage_a_estimates,1,google/gemma-4-31B-it,6e7b4fb2154da35b972943ba1afa1338b68db679575bb1e436c4276092e004fb,675efa1486e53a4914248132dda701b834c9e26599d8c4c4d7b41db57bfcf2b0,consensus_two_stage_interactive_adaptation_v1,prompt_compiler_v2_split_g_f,1219311173,pending,Q001|Q002|Q003,"{""Q001"": ""consensus_estimate_co2_warms_planet"", ""Q002"": ""consensus_estimate_net_zero_before_2085"", ""Q003"": ""consensus_estimate_human_primary_cause""}",consensus_stage_a,consensus_two_stage_interactive_adaptation_v1,G|LP0321|Consensus|stage_a|replicate_1,6e7b4fb2154da35b972943ba1afa1338b68db679575bb1e436c4276092e004fb,675efa1486e53a4914248132dda701b834c9e26599d8c4c4d7b41db57bfcf2b0,
G|LP0322|Consensus|stage_a|replicate_1,G-d15a781322fd99c81e05e4addc7a7ff1cdc08881,G,target,LP0322,Consensus,consensus_stage_a_estimates,1,google/gemma-4-31B-it,1d95c027ff4ee4b65befa5dd9c766314234d93c77b01dbb2c4a98978d9d50eeb,675efa1486e53a4914248132dda701b834c9e26599d8c4c4d7b41db57bfcf2b0,consensus_two_stage_interactive_adaptation_v1,prompt_compiler_v2_split_g_f,1169328625,pending,Q001|Q002|Q003,"{""Q001"": ""consensus_estimate_human_primary_cause"", ""Q002"": ""consensus_estimate_co2_warms_planet"", ""Q003"": ""consensus_estimate_net_zero_before_2085""}",consensus_stage_a,consensus_two_stage_interactive_adaptation_v1,G|LP0322|Consensus|stage_a|replicate_1,1d95c027ff4ee4b65befa5dd9c766314234d93c77b01dbb2c4a98978d9d50eeb,675efa1486e53a4914248132dda701b834c9e26599d8c4c4d7b41db57bfcf2b0,
G|LP0323|Consensus|stage_a|replicate_1,G-eef861fdeb3e95570920c57b75492c0a998b3521,G,target,LP0323,Consensus,consensus_stage_a_estimates,1,google/gemma-4-31B-it,8fa659027d3c6b87f68102489e0f968a383b97aae8bdf8b930a1a8ffe1e9ec2d,675efa1486e53a4914248132dda701b834c9e26599d8c4c4d7b41db57bfcf2b0,consensus_two_stage_interactive_adaptation_v1,prompt_compiler_v2_split_g_f,1227839830,pending,Q001|Q002|Q003,"{""Q001"": ""consensus_estimate_co2_warms_planet"", ""Q002"": ""consensus_estimate_net_zero_before_2085"", ""Q003"": ""consensus_estimate_human_primary_cause""}",consensus_stage_a,consensus_two_stage_interactive_adaptation_v1,G|LP0323|Consensus|stage_a|replicate_1,8fa659027d3c6b87f68102489e0f968a383b97aae8bdf8b930a1a8ffe1e9ec2d,675efa1486e53a4914248132dda701b834c9e26599d8c4c4d7b41db57bfcf2b0,
G|LP0324|Consensus|stage_a|replicate_1,G-02ae2276e50d7be93d86b03dd34cdd05168c7174,G,target,LP0324,Consensus,consensus_stage_a_estimates,1,google/gemma-4-31B-it,023ecd06813bfd9bca7e6101f84410a588b5303db678ef690b977393c3b0d63f,675efa1486e53a4914248132dda701b834c9e26599d8c4c4d7b41db57bfcf2b0,consensus_two_stage_interactive_adaptation_v1,prompt_compiler_v2_split_g_f,1785315542,pending,Q001|Q002|Q003,"{""Q001"": ""consensus_estimate_co2_warms_planet"", ""Q002"": ""consensus_estimate_human_primary_cause"", ""Q003"": ""consensus_estimate_net_zero_before_2085""}",consensus_stage_a,consensus_two_stage_interactive_adaptation_v1,G|LP0324|Consensus|stage_a|replicate_1,023ecd06813bfd9bca7e6101f84410a588b5303db678ef690b977393c3b0d63f,675efa1486e53a4914248132dda701b834c9e26599d8c4c4d7b41db57bfcf2b0,
G|LP0325|Consensus|stage_a|replicate_1,G-bcc27ff0a01bcfdbed22044bec88fbbd61161c3d,G,target,LP0325,Consensus,consensus_stage_a_estimates,1,google/gemma-4-31B-it,073b446d7a944b1341181581db3c028a65534ccf2dbc85beba9b5723e2cfe4dc,675efa1486e53a4914248132dda701b834c9e26599d8c4c4d7b41db57bfcf2b0,consensus_two_stage_interactive_adaptation_v1,prompt_compiler_v2_split_g_f,429969343,pending,Q001|Q002|Q003,"{""Q001"": ""consensus_estimate_human_primary_cause"", ""Q002"": ""consensus_estimate_net_zero_before_2085"", ""Q003"": ""consensus_estimate_co2_warms_planet""}",consensus_stage_a,consensus_two_stage_interactive_adaptation_v1,G|LP0325|Consensus|stage_a|replicate_1,073b446d7a944b1341181581db3c028a65534ccf2dbc85beba9b5723e2cfe4dc,675efa1486e53a4914248132dda701b834c9e26599d8c4c4d7b41db57bfcf2b0,
G|LP0326|Consensus|stage_a|replicate_1,G-4b2a6f262facd7650d22f762219730563fa3e41a,G,target,LP0326,Consensus,consensus_stage_a_estimates,1,google/gemma-4-31B-it,527ecfa831fe9f4626723348d9941942120723a2ed450a35415ecb28dabc9d36,675efa1486e53a4914248132dda701b834c9e26599d8c4c4d7b41db57bfcf2b0,consensus_two_stage_interactive_adaptation_v1,prompt_compiler_v2_split_g_f,1174517170,pending,Q001|Q002|Q003,"{""Q001"": ""consensus_estimate_co2_warms_planet"", ""Q002"": ""consensus_estimate_human_primary_cause"", ""Q003"": ""consensus_estimate_net_zero_before_2085""}",consensus_stage_a,consensus_two_stage_interactive_adaptation_v1,G|LP0326|Consensus|stage_a|replicate_1,527ecfa831fe9f4626723348d9941942120723a2ed450a35415ecb28dabc9d36,675efa1486e53a4914248132dda701b834c9e26599d8c4c4d7b41db57bfcf2b0,
G|LP0327|Consensus|stage_a|replicate_1,G-6f24c0a179d1b1336fbf02e7fa932b6493b25a63,G,target,LP0327,Consensus,consensus_stage_a_estimates,1,google/gemma-4-31B-it,e40b8d6e5fb636d5221d3505af17873489e357b9553e34f7e71a7d4fa2012df3,675efa1486e53a4914248132dda701b834c9e26599d8c4c4d7b41db57bfcf2b0,consensus_two_stage_interactive_adaptation_v1,prompt_compiler_v2_split_g_f,1478177399,pending,Q001|Q002|Q003,"{""Q001"": ""consensus_estimate_human_primary_cause"", ""Q002"": ""consensus_estimate_net_zero_before_2085"", ""Q003"": ""consensus_estimate_co2_warms_planet""}",consensus_stage_a,consensus_two_stage_interactive_adaptation_v1,G|LP0327|Consensus|stage_a|replicate_1,e40b8d6e5fb636d5221d3505af17873489e357b9553e34f7e71a7d4fa2012df3,675efa1486e53a4914248132dda701b834c9e26599d8c4c4d7b41db57bfcf2b0,
G|LP0328|Consensus|stage_a|replicate_1,G-48fe1b8e741a265301d6ea574c62db4c34c3666a,G,target,LP0328,Consensus,consensus_stage_a_estimates,1,google/gemma-4-31B-it,e936e4e3a5de73f7bd302ccd86947145a0b17089c0590d7e4737512ca23a5e24,675efa1486e53a4914248132dda701b834c9e26599d8c4c4d7b41db57bfcf2b0,consensus_two_stage_interactive_adaptation_v1,prompt_compiler_v2_split_g_f,102129009,pending,Q001|Q002|Q003,"{""Q001"": ""consensus_estimate_net_zero_before_2085"", ""Q002"": ""consensus_estimate_co2_warms_planet"", ""Q003"": ""consensus_estimate_human_primary_cause""}",consensus_stage_a,consensus_two_stage_interactive_adaptation_v1,G|LP0328|Consensus|stage_a|replicate_1,e936e4e3a5de73f7bd302ccd86947145a0b17089c0590d7e4737512ca23a5e24,675efa1486e53a4914248132dda701b834c9e26599d8c4c4d7b41db57bfcf2b0,
G|LP0329|Consensus|stage_a|replicate_1,G-e8dbad8565c8265a44c41ca7a8483ba78b6ea685,G,target,LP0329,Consensus,consensus_stage_a_estimates,1,google/gemma-4-31B-it,1f4badaaa9a06d36063a293a29c8ee3baec08da28e5af58f1e684b5ba1f2cb6a,675efa1486e53a4914248132dda701b834c9e26599d8c4c4d7b41db57bfcf2b0,consensus_two_stage_interactive_adaptation_v1,prompt_compiler_v2_split_g_f,931103080,pending,Q001|Q002|Q003,"{""Q001"": ""consensus_estimate_human_primary_cause"", ""Q002"": ""consensus_estimate_co2_warms_planet"", ""Q003"": ""consensus_estimate_net_zero_before_2085""}",consensus_stage_a,consensus_two_stage_interactive_adaptation_v1,G|LP0329|Consensus|stage_a|replicate_1,1f4badaaa9a06d36063a293a29c8ee3baec08da28e5af58f1e684b5ba1f2cb6a,675efa1486e53a4914248132dda701b834c9e26599d8c4c4d7b41db57bfcf2b0,
G|LP0330|Consensus|stage_a|replicate_1,G-fd0c8801720e35123ef9c7cc5bea08a35eafe3cc,G,target,LP0330,Consensus,consensus_stage_a_estimates,1,google/gemma-4-31B-it,f876ca9be8000a803b96e2a7620125657c7ffa849a2ef2cdacd309e6c70a8cdc,675efa1486e53a4914248132dda701b834c9e26599d8c4c4d7b41db57bfcf2b0,consensus_two_stage_interactive_adaptation_v1,prompt_compiler_v2_split_g_f,1814512920,pending,Q001|Q002|Q003,"{""Q001"": ""consensus_estimate_human_primary_cause"", ""Q002"": ""consensus_estimate_net_zero_before_2085"", ""Q003"": ""consensus_estimate_co2_warms_planet""}",consensus_stage_a,consensus_two_stage_interactive_adaptation_v1,G|LP0330|Consensus|stage_a|replicate_1,f876ca9be8000a803b96e2a7620125657c7ffa849a2ef2cdacd309e6c70a8cdc,675efa1486e53a4914248132dda701b834c9e26599d8c4c4d7b41db57bfcf2b0,
G|LP0331|Consensus|stage_a|replicate_1,G-6e916e1e0a12e252c10bfafe407e226709c37ee7,G,target,LP0331,Consensus,consensus_stage_a_estimates,1,google/gemma-4-31B-it,77d37a2048f6dc3209af447b8cfc274fdd9af93484910bc02e1aaa8de7e5b103,675efa1486e53a4914248132dda701b834c9e26599d8c4c4d7b41db57bfcf2b0,consensus_two_stage_interactive_adaptation_v1,prompt_compiler_v2_split_g_f,1731575439,pending,Q001|Q002|Q003,"{""Q001"": ""consensus_estimate_net_zero_before_2085"", ""Q002"": ""consensus_estimate_human_primary_cause"", ""Q003"": ""consensus_estimate_co2_warms_planet""}",consensus_stage_a,consensus_two_stage_interactive_adaptation_v1,G|LP0331|Consensus|stage_a|replicate_1,77d37a2048f6dc3209af447b8cfc274fdd9af93484910bc02e1aaa8de7e5b103,675efa1486e53a4914248132dda701b834c9e26599d8c4c4d7b41db57bfcf2b0,
G|LP0332|Consensus|stage_a|replicate_1,G-4b1119aa18f24a2a91781804b021217e537e41dc,G,target,LP0332,Consensus,consensus_stage_a_estimates,1,google/gemma-4-31B-it,331f0e1983efd86fb5fe1affd9b6814033ba209be69984062f58e65d27fd2194,675efa1486e53a4914248132dda701b834c9e26599d8c4c4d7b41db57bfcf2b0,consensus_two_stage_interactive_adaptation_v1,prompt_compiler_v2_split_g_f,789871999,pending,Q001|Q002|Q003,"{""Q001"": ""consensus_estimate_net_zero_before_2085"", ""Q002"": ""consensus_estimate_human_primary_cause"", ""Q003"": ""consensus_estimate_co2_warms_planet""}",consensus_stage_a,consensus_two_stage_interactive_adaptation_v1,G|LP0332|Consensus|stage_a|replicate_1,331f0e1983efd86fb5fe1affd9b6814033ba209be69984062f58e65d27fd2194,675efa1486e53a4914248132dda701b834c9e26599d8c4c4d7b41db57bfcf2b0,
G|LP0333|Consensus|stage_a|replicate_1,G-7ac11fcb197da6da1ad7f6ee3ac0a0f9027ac031,G,target,LP0333,Consensus,consensus_stage_a_estimates,1,google/gemma-4-31B-it,d15171e5b90c40a7a4ef94456414433ccd7732a27122a9e9d49cecc42e6d228c,675efa1486e53a4914248132dda701b834c9e26599d8c4c4d7b41db57bfcf2b0,consensus_two_stage_interactive_adaptation_v1,prompt_compiler_v2_split_g_f,251651698,pending,Q001|Q002|Q003,"{""Q001"": ""consensus_estimate_human_primary_cause"", ""Q002"": ""consensus_estimate_co2_warms_planet"", ""Q003"": ""consensus_estimate_net_zero_before_2085""}",consensus_stage_a,consensus_two_stage_interactive_adaptation_v1,G|LP0333|Consensus|stage_a|replicate_1,d15171e5b90c40a7a4ef94456414433ccd7732a27122a9e9d49cecc42e6d228c,675efa1486e53a4914248132dda701b834c9e26599d8c4c4d7b41db57bfcf2b0,
G|LP0334|Consensus|stage_a|replicate_1,G-163f4248d5c73881c795c77510ea134e43d2e4e3,G,target,LP0334,Consensus,consensus_stage_a_estimates,1,google/gemma-4-31B-it,5642aaa897d11e92fabcdf9ae92a67f1fa5562d284bce15b7ac1f36653fc4809,675efa1486e53a4914248132dda701b834c9e26599d8c4c4d7b41db57bfcf2b0,consensus_two_stage_interactive_adaptation_v1,prompt_compiler_v2_split_g_f,38124819,pending,Q001|Q002|Q003,"{""Q001"": ""consensus_estimate_net_zero_before_2085"", ""Q002"": ""consensus_estimate_human_primary_cause"", ""Q003"": ""consensus_estimate_co2_warms_planet""}",consensus_stage_a,consensus_two_stage_interactive_adaptation_v1,G|LP0334|Consensus|stage_a|replicate_1,5642aaa897d11e92fabcdf9ae92a67f1fa5562d284bce15b7ac1f36653fc4809,675efa1486e53a4914248132dda701b834c9e26599d8c4c4d7b41db57bfcf2b0,
G|LP0335|Consensus|stage_a|replicate_1,G-8568e87b91697f368c9c3f4be134998de2823772,G,target,LP0335,Consensus,consensus_stage_a_estimates,1,google/gemma-4-31B-it,0902c115385cef30a62cb45c1a170bfac77c693f5c341cbea653cedc9ad9a0df,675efa1486e53a4914248132dda701b834c9e26599d8c4c4d7b41db57bfcf2b0,consensus_two_stage_interactive_adaptation_v1,prompt_compiler_v2_split_g_f,473649199,pending,Q001|Q002|Q003,"{""Q001"": ""consensus_estimate_net_zero_before_2085"", ""Q002"": ""consensus_estimate_co2_warms_planet"", ""Q003"": ""consensus_estimate_human_primary_cause""}",consensus_stage_a,consensus_two_stage_interactive_adaptation_v1,G|LP0335|Consensus|stage_a|replicate_1,0902c115385cef30a62cb45c1a170bfac77c693f5c341cbea653cedc9ad9a0df,675efa1486e53a4914248132dda701b834c9e26599d8c4c4d7b41db57bfcf2b0,
G|LP0336|Consensus|stage_a|replicate_1,G-ac4a27a60210b349946874f7acfefebc861c122e,G,target,LP0336,Consensus,consensus_stage_a_estimates,1,google/gemma-4-31B-it,c9ad0d3f2485ef31258d74a27f07bd08893de9704425f0783330b70b88cfa7f5,675efa1486e53a4914248132dda701b834c9e26599d8c4c4d7b41db57bfcf2b0,consensus_two_stage_interactive_adaptation_v1,prompt_compiler_v2_split_g_f,1520763543,pending,Q001|Q002|Q003,"{""Q001"": ""consensus_estimate_co2_warms_planet"", ""Q002"": ""consensus_estimate_human_primary_cause"", ""Q003"": ""consensus_estimate_net_zero_before_2085""}",consensus_stage_a,consensus_two_stage_interactive_adaptation_v1,G|LP0336|Consensus|stage_a|replicate_1,c9ad0d3f2485ef31258d74a27f07bd08893de9704425f0783330b70b88cfa7f5,675efa1486e53a4914248132dda701b834c9e26599d8c4c4d7b41db57bfcf2b0,
G|LP0337|Consensus|stage_a|replicate_1,G-bc61186398e22edc27eeb9e41d42aa5a5128ac86,G,target,LP0337,Consensus,consensus_stage_a_estimates,1,google/gemma-4-31B-it,e4dfb254848d2c618a53e54b9ec2794601b61acfcf10299e1d0918dce68c9503,675efa1486e53a4914248132dda701b834c9e26599d8c4c4d7b41db57bfcf2b0,consensus_two_stage_interactive_adaptation_v1,prompt_compiler_v2_split_g_f,295985062,pending,Q001|Q002|Q003,"{""Q001"": ""consensus_estimate_co2_warms_planet"", ""Q002"": ""consensus_estimate_net_zero_before_2085"", ""Q003"": ""consensus_estimate_human_primary_cause""}",consensus_stage_a,consensus_two_stage_interactive_adaptation_v1,G|LP0337|Consensus|stage_a|replicate_1,e4dfb254848d2c618a53e54b9ec2794601b61acfcf10299e1d0918dce68c9503,675efa1486e53a4914248132dda701b834c9e26599d8c4c4d7b41db57bfcf2b0,
G|LP0338|Consensus|stage_a|replicate_1,G-6e9c4549b4e3f880ebf27458a3f5503c29d33262,G,target,LP0338,Consensus,consensus_stage_a_estimates,1,google/gemma-4-31B-it,d0e1877f2c1c36737604b49bbe108884227bbf5a5b6d3eace17a47c6d97e5b37,675efa1486e53a4914248132dda701b834c9e26599d8c4c4d7b41db57bfcf2b0,consensus_two_stage_interactive_adaptation_v1,prompt_compiler_v2_split_g_f,303858453,pending,Q001|Q002|Q003,"{""Q001"": ""consensus_estimate_co2_warms_planet"", ""Q002"": ""consensus_estimate_human_primary_cause"", ""Q003"": ""consensus_estimate_net_zero_before_2085""}",consensus_stage_a,consensus_two_stage_interactive_adaptation_v1,G|LP0338|Consensus|stage_a|replicate_1,d0e1877f2c1c36737604b49bbe108884227bbf5a5b6d3eace17a47c6d97e5b37,675efa1486e53a4914248132dda701b834c9e26599d8c4c4d7b41db57bfcf2b0,
G|LP0339|Consensus|stage_a|replicate_1,G-0951186a64a90b3cfc7c01438af243d67ad067f9,G,target,LP0339,Consensus,consensus_stage_a_estimates,1,google/gemma-4-31B-it,4f78d0b04a1fa13d3341c0acb0e8a62cabe8e2f91d140456cf4498ecf1a622a5,675efa1486e53a4914248132dda701b834c9e26599d8c4c4d7b41db57bfcf2b0,consensus_two_stage_interactive_adaptation_v1,prompt_compiler_v2_split_g_f,2001419280,pending,Q001|Q002|Q003,"{""Q001"": ""consensus_estimate_human_primary_cause"", ""Q002"": ""consensus_estimate_co2_warms_planet"", ""Q003"": ""consensus_estimate_net_zero_before_2085""}",consensus_stage_a,consensus_two_stage_interactive_adaptation_v1,G|LP0339|Consensus|stage_a|replicate_1,4f78d0b04a1fa13d3341c0acb0e8a62cabe8e2f91d140456cf4498ecf1a622a5,675efa1486e53a4914248132dda701b834c9e26599d8c4c4d7b41db57bfcf2b0,
G|LP0340|Consensus|stage_a|replicate_1,G-d19fde85f2f7c2cf04667699d4b40bef90ba6a0d,G,target,LP0340,Consensus,consensus_stage_a_estimates,1,google/gemma-4-31B-it,6de22ac670802d8c1abd47f56a001a739823b285be591daf51699ae111a56a55,675efa1486e53a4914248132dda701b834c9e26599d8c4c4d7b41db57bfcf2b0,consensus_two_stage_interactive_adaptation_v1,prompt_compiler_v2_split_g_f,372735966,pending,Q001|Q002|Q003,"{""Q001"": ""consensus_estimate_human_primary_cause"", ""Q002"": ""consensus_estimate_net_zero_before_2085"", ""Q003"": ""consensus_estimate_co2_warms_planet""}",consensus_stage_a,consensus_two_stage_interactive_adaptation_v1,G|LP0340|Consensus|stage_a|replicate_1,6de22ac670802d8c1abd47f56a001a739823b285be591daf51699ae111a56a55,675efa1486e53a4914248132dda701b834c9e26599d8c4c4d7b41db57bfcf2b0,
G|LP0341|Consensus|stage_a|replicate_1,G-d1fb7ee7906780e8bb5ea6535694e88c511c5dbb,G,target,LP0341,Consensus,consensus_stage_a_estimates,1,google/gemma-4-31B-it,52d9b6a666c9b83ab947f0251e834fe7dd90a8b683de6b6dfb6dc7c44b726d72,675efa1486e53a4914248132dda701b834c9e26599d8c4c4d7b41db57bfcf2b0,consensus_two_stage_interactive_adaptation_v1,prompt_compiler_v2_split_g_f,878608058,pending,Q001|Q002|Q003,"{""Q001"": ""consensus_estimate_human_primary_cause"", ""Q002"": ""consensus_estimate_net_zero_before_2085"", ""Q003"": ""consensus_estimate_co2_warms_planet""}",consensus_stage_a,consensus_two_stage_interactive_adaptation_v1,G|LP0341|Consensus|stage_a|replicate_1,52d9b6a666c9b83ab947f0251e834fe7dd90a8b683de6b6dfb6dc7c44b726d72,675efa1486e53a4914248132dda701b834c9e26599d8c4c4d7b41db57bfcf2b0,
G|LP0342|Consensus|stage_a|replicate_1,G-a557b600b946aba128bbc5126b8cb34396e211c6,G,target,LP0342,Consensus,consensus_stage_a_estimates,1,google/gemma-4-31B-it,6fc87b4f0df71035f8f4f64872aef7cd55bdf4a9675ed319e247daae0d840ae7,675efa1486e53a4914248132dda701b834c9e26599d8c4c4d7b41db57bfcf2b0,consensus_two_stage_interactive_adaptation_v1,prompt_compiler_v2_split_g_f,66459557,pending,Q001|Q002|Q003,"{""Q001"": ""consensus_estimate_co2_warms_planet"", ""Q002"": ""consensus_estimate_human_primary_cause"", ""Q003"": ""consensus_estimate_net_zero_before_2085""}",consensus_stage_a,consensus_two_stage_interactive_adaptation_v1,G|LP0342|Consensus|stage_a|replicate_1,6fc87b4f0df71035f8f4f64872aef7cd55bdf4a9675ed319e247daae0d840ae7,675efa1486e53a4914248132dda701b834c9e26599d8c4c4d7b41db57bfcf2b0,
G|LP0343|Consensus|stage_a|replicate_1,G-ecea77334e51b948c90418aebcbe6d0c3713649f,G,target,LP0343,Consensus,consensus_stage_a_estimates,1,google/gemma-4-31B-it,777b50549dfb9c287f0d3114e87f2bea526f4432caf075ab7136f692af75b026,675efa1486e53a4914248132dda701b834c9e26599d8c4c4d7b41db57bfcf2b0,consensus_two_stage_interactive_adaptation_v1,prompt_compiler_v2_split_g_f,673621938,pending,Q001|Q002|Q003,"{""Q001"": ""consensus_estimate_co2_warms_planet"", ""Q002"": ""consensus_estimate_net_zero_before_2085"", ""Q003"": ""consensus_estimate_human_primary_cause""}",consensus_stage_a,consensus_two_stage_interactive_adaptation_v1,G|LP0343|Consensus|stage_a|replicate_1,777b50549dfb9c287f0d3114e87f2bea526f4432caf075ab7136f692af75b026,675efa1486e53a4914248132dda701b834c9e26599d8c4c4d7b41db57bfcf2b0,
G|LP0344|Consensus|stage_a|replicate_1,G-63ba9b2f41c385fe62363231e4d75abc2622df38,G,target,LP0344,Consensus,consensus_stage_a_estimates,1,google/gemma-4-31B-it,27f9585a992a37a3aff982cd2d881b02e7a8474df720b90127953686b04e1bc9,675efa1486e53a4914248132dda701b834c9e26599d8c4c4d7b41db57bfcf2b0,consensus_two_stage_interactive_adaptation_v1,prompt_compiler_v2_split_g_f,154713182,pending,Q001|Q002|Q003,"{""Q001"": ""consensus_estimate_net_zero_before_2085"", ""Q002"": ""consensus_estimate_co2_warms_planet"", ""Q003"": ""consensus_estimate_human_primary_cause""}",consensus_stage_a,consensus_two_stage_interactive_adaptation_v1,G|LP0344|Consensus|stage_a|replicate_1,27f9585a992a37a3aff982cd2d881b02e7a8474df720b90127953686b04e1bc9,675efa1486e53a4914248132dda701b834c9e26599d8c4c4d7b41db57bfcf2b0,
G|LP0345|Consensus|stage_a|replicate_1,G-5dbff5d1a37153904a971c47a6f40fbcb2a299f7,G,target,LP0345,Consensus,consensus_stage_a_estimates,1,google/gemma-4-31B-it,2b86cfae609d89adbd2abadd0dc80b784918a8374823d731f6471609c2c9a457,675efa1486e53a4914248132dda701b834c9e26599d8c4c4d7b41db57bfcf2b0,consensus_two_stage_interactive_adaptation_v1,prompt_compiler_v2_split_g_f,1592868660,pending,Q001|Q002|Q003,"{""Q001"": ""consensus_estimate_co2_warms_planet"", ""Q002"": ""consensus_estimate_net_zero_before_2085"", ""Q003"": ""consensus_estimate_human_primary_cause""}",consensus_stage_a,consensus_two_stage_interactive_adaptation_v1,G|LP0345|Consensus|stage_a|replicate_1,2b86cfae609d89adbd2abadd0dc80b784918a8374823d731f6471609c2c9a457,675efa1486e53a4914248132dda701b834c9e26599d8c4c4d7b41db57bfcf2b0,
G|LP0346|Consensus|stage_a|replicate_1,G-5b45a1adeb35d2e543559d3048e1eaf46c8a0919,G,target,LP0346,Consensus,consensus_stage_a_estimates,1,google/gemma-4-31B-it,c79d956413456918baa814770badd013fb8567a87662cf103c5810d0c82b3eae,675efa1486e53a4914248132dda701b834c9e26599d8c4c4d7b41db57bfcf2b0,consensus_two_stage_interactive_adaptation_v1,prompt_compiler_v2_split_g_f,566302274,pending,Q001|Q002|Q003,"{""Q001"": ""consensus_estimate_net_zero_before_2085"", ""Q002"": ""consensus_estimate_human_primary_cause"", ""Q003"": ""consensus_estimate_co2_warms_planet""}",consensus_stage_a,consensus_two_stage_interactive_adaptation_v1,G|LP0346|Consensus|stage_a|replicate_1,c79d956413456918baa814770badd013fb8567a87662cf103c5810d0c82b3eae,675efa1486e53a4914248132dda701b834c9e26599d8c4c4d7b41db57bfcf2b0,
G|LP0347|Consensus|stage_a|replicate_1,G-9fe85d56704aa1f749da554321d5542d0534928b,G,target,LP0347,Consensus,consensus_stage_a_estimates,1,google/gemma-4-31B-it,bf4e9223c6c84f6d7f3d5dbabf61e46e081b20765218fe84b80ce314c3979671,675efa1486e53a4914248132dda701b834c9e26599d8c4c4d7b41db57bfcf2b0,consensus_two_stage_interactive_adaptation_v1,prompt_compiler_v2_split_g_f,807099558,pending,Q001|Q002|Q003,"{""Q001"": ""consensus_estimate_human_primary_cause"", ""Q002"": ""consensus_estimate_co2_warms_planet"", ""Q003"": ""consensus_estimate_net_zero_before_2085""}",consensus_stage_a,consensus_two_stage_interactive_adaptation_v1,G|LP0347|Consensus|stage_a|replicate_1,bf4e9223c6c84f6d7f3d5dbabf61e46e081b20765218fe84b80ce314c3979671,675efa1486e53a4914248132dda701b834c9e26599d8c4c4d7b41db57bfcf2b0,
G|LP0348|Consensus|stage_a|replicate_1,G-7ca44a9e7cc687b61afd5039add4600dd463d4d3,G,target,LP0348,Consensus,consensus_stage_a_estimates,1,google/gemma-4-31B-it,d3fd5fc46d9f889c9266454e4e92bec56f6e4f4a3a55f170a64715733747aecc,675efa1486e53a4914248132dda701b834c9e26599d8c4c4d7b41db57bfcf2b0,consensus_two_stage_interactive_adaptation_v1,prompt_compiler_v2_split_g_f,1980701940,pending,Q001|Q002|Q003,"{""Q001"": ""consensus_estimate_net_zero_before_2085"", ""Q002"": ""consensus_estimate_human_primary_cause"", ""Q003"": ""consensus_estimate_co2_warms_planet""}",consensus_stage_a,consensus_two_stage_interactive_adaptation_v1,G|LP0348|Consensus|stage_a|replicate_1,d3fd5fc46d9f889c9266454e4e92bec56f6e4f4a3a55f170a64715733747aecc,675efa1486e53a4914248132dda701b834c9e26599d8c4c4d7b41db57bfcf2b0,
G|LP0349|Consensus|stage_a|replicate_1,G-ce8d1a37f61b63abab36ddd46d4fc0bc8829607b,G,target,LP0349,Consensus,consensus_stage_a_estimates,1,google/gemma-4-31B-it,ff0be73f0bb29b29c841eac60c1ee98eb2aa5492e5a4d51fee8716f507be360f,675efa1486e53a4914248132dda701b834c9e26599d8c4c4d7b41db57bfcf2b0,consensus_two_stage_interactive_adaptation_v1,prompt_compiler_v2_split_g_f,322279454,pending,Q001|Q002|Q003,"{""Q001"": ""consensus_estimate_co2_warms_planet"", ""Q002"": ""consensus_estimate_human_primary_cause"", ""Q003"": ""consensus_estimate_net_zero_before_2085""}",consensus_stage_a,consensus_two_stage_interactive_adaptation_v1,G|LP0349|Consensus|stage_a|replicate_1,ff0be73f0bb29b29c841eac60c1ee98eb2aa5492e5a4d51fee8716f507be360f,675efa1486e53a4914248132dda701b834c9e26599d8c4c4d7b41db57bfcf2b0,
G|LP0350|Consensus|stage_a|replicate_1,G-7f72b5093b208caecb3989a26e99dd5069b9c622,G,target,LP0350,Consensus,consensus_stage_a_estimates,1,google/gemma-4-31B-it,6d5cbede17a3c58b0ff1c9959f85e7e7c0fd374fbf74c75635b4773f36626a5b,675efa1486e53a4914248132dda701b834c9e26599d8c4c4d7b41db57bfcf2b0,consensus_two_stage_interactive_adaptation_v1,prompt_compiler_v2_split_g_f,973469378,pending,Q001|Q002|Q003,"{""Q001"": ""consensus_estimate_human_primary_cause"", ""Q002"": ""consensus_estimate_co2_warms_planet"", ""Q003"": ""consensus_estimate_net_zero_before_2085""}",consensus_stage_a,consensus_two_stage_interactive_adaptation_v1,G|LP0350|Consensus|stage_a|replicate_1,6d5cbede17a3c58b0ff1c9959f85e7e7c0fd374fbf74c75635b4773f36626a5b,675efa1486e53a4914248132dda701b834c9e26599d8c4c4d7b41db57bfcf2b0,
G|LP0351|Consensus|stage_a|replicate_1,G-08a674534d5f22f51f0789686bebeb7f2c312f53,G,target,LP0351,Consensus,consensus_stage_a_estimates,1,google/gemma-4-31B-it,b7a808c5301e01a18261763c8cc31909c0bf51611335037042ca24b0437bec0d,675efa1486e53a4914248132dda701b834c9e26599d8c4c4d7b41db57bfcf2b0,consensus_two_stage_interactive_adaptation_v1,prompt_compiler_v2_split_g_f,1588333467,pending,Q001|Q002|Q003,"{""Q001"": ""consensus_estimate_human_primary_cause"", ""Q002"": ""consensus_estimate_net_zero_before_2085"", ""Q003"": ""consensus_estimate_co2_warms_planet""}",consensus_stage_a,consensus_two_stage_interactive_adaptation_v1,G|LP0351|Consensus|stage_a|replicate_1,b7a808c5301e01a18261763c8cc31909c0bf51611335037042ca24b0437bec0d,675efa1486e53a4914248132dda701b834c9e26599d8c4c4d7b41db57bfcf2b0,
G|LP0352|Consensus|stage_a|replicate_1,G-bf6fccc5aaa705b367494fe5b782564d4ca4129d,G,target,LP0352,Consensus,consensus_stage_a_estimates,1,google/gemma-4-31B-it,ffd28d3a147c4d7b4b5c5972153c458d0e86fe8da336db5afa0c49179c00aeda,675efa1486e53a4914248132dda701b834c9e26599d8c4c4d7b41db57bfcf2b0,consensus_two_stage_interactive_adaptation_v1,prompt_compiler_v2_split_g_f,696688449,pending,Q001|Q002|Q003,"{""Q001"": ""consensus_estimate_human_primary_cause"", ""Q002"": ""consensus_estimate_net_zero_before_2085"", ""Q003"": ""consensus_estimate_co2_warms_planet""}",consensus_stage_a,consensus_two_stage_interactive_adaptation_v1,G|LP0352|Consensus|stage_a|replicate_1,ffd28d3a147c4d7b4b5c5972153c458d0e86fe8da336db5afa0c49179c00aeda,675efa1486e53a4914248132dda701b834c9e26599d8c4c4d7b41db57bfcf2b0,
G|LP0353|Consensus|stage_a|replicate_1,G-cf95543e57b23ad5c6bb479461c8bc641f86d3d2,G,target,LP0353,Consensus,consensus_stage_a_estimates,1,google/gemma-4-31B-it,190970c7296ba4c66eaf7344de17238b301cb31527b102ad1ece5885baac3f0d,675efa1486e53a4914248132dda701b834c9e26599d8c4c4d7b41db57bfcf2b0,consensus_two_stage_interactive_adaptation_v1,prompt_compiler_v2_split_g_f,1994187604,pending,Q001|Q002|Q003,"{""Q001"": ""consensus_estimate_net_zero_before_2085"", ""Q002"": ""consensus_estimate_human_primary_cause"", ""Q003"": ""consensus_estimate_co2_warms_planet""}",consensus_stage_a,consensus_two_stage_interactive_adaptation_v1,G|LP0353|Consensus|stage_a|replicate_1,190970c7296ba4c66eaf7344de17238b301cb31527b102ad1ece5885baac3f0d,675efa1486e53a4914248132dda701b834c9e26599d8c4c4d7b41db57bfcf2b0,
G|LP0354|Consensus|stage_a|replicate_1,G-f27b165967f5a4b52504e4b61e1b3fb9f207a6ee,G,target,LP0354,Consensus,consensus_stage_a_estimates,1,google/gemma-4-31B-it,14625e71da7706d5f3cef912faacfbcb0c5a4c4d51e904dbef8b0eac533d1a44,675efa1486e53a4914248132dda701b834c9e26599d8c4c4d7b41db57bfcf2b0,consensus_two_stage_interactive_adaptation_v1,prompt_compiler_v2_split_g_f,1290522987,pending,Q001|Q002|Q003,"{""Q001"": ""consensus_estimate_human_primary_cause"", ""Q002"": ""consensus_estimate_net_zero_before_2085"", ""Q003"": ""consensus_estimate_co2_warms_planet""}",consensus_stage_a,consensus_two_stage_interactive_adaptation_v1,G|LP0354|Consensus|stage_a|replicate_1,14625e71da7706d5f3cef912faacfbcb0c5a4c4d51e904dbef8b0eac533d1a44,675efa1486e53a4914248132dda701b834c9e26599d8c4c4d7b41db57bfcf2b0,
G|LP0355|Consensus|stage_a|replicate_1,G-ed9c0c3e0ab8101e1a3889183ac875ce096e8555,G,target,LP0355,Consensus,consensus_stage_a_estimates,1,google/gemma-4-31B-it,bed558ec6896dfc5d12857a54acb3b343c1e8bfbe23eb37ebeb19af78704f2af,675efa1486e53a4914248132dda701b834c9e26599d8c4c4d7b41db57bfcf2b0,consensus_two_stage_interactive_adaptation_v1,prompt_compiler_v2_split_g_f,1710237853,pending,Q001|Q002|Q003,"{""Q001"": ""consensus_estimate_co2_warms_planet"", ""Q002"": ""consensus_estimate_human_primary_cause"", ""Q003"": ""consensus_estimate_net_zero_before_2085""}",consensus_stage_a,consensus_two_stage_interactive_adaptation_v1,G|LP0355|Consensus|stage_a|replicate_1,bed558ec6896dfc5d12857a54acb3b343c1e8bfbe23eb37ebeb19af78704f2af,675efa1486e53a4914248132dda701b834c9e26599d8c4c4d7b41db57bfcf2b0,
G|LP0356|Consensus|stage_a|replicate_1,G-ffae685830efc8bc22a0a69a8f8738ceeb69c896,G,target,LP0356,Consensus,consensus_stage_a_estimates,1,google/gemma-4-31B-it,fc0b086b4a6d17ac7151428b8e2f33b05f6594585f898bb325d3a342b358b970,675efa1486e53a4914248132dda701b834c9e26599d8c4c4d7b41db57bfcf2b0,consensus_two_stage_interactive_adaptation_v1,prompt_compiler_v2_split_g_f,810326384,pending,Q001|Q002|Q003,"{""Q001"": ""consensus_estimate_human_primary_cause"", ""Q002"": ""consensus_estimate_co2_warms_planet"", ""Q003"": ""consensus_estimate_net_zero_before_2085""}",consensus_stage_a,consensus_two_stage_interactive_adaptation_v1,G|LP0356|Consensus|stage_a|replicate_1,fc0b086b4a6d17ac7151428b8e2f33b05f6594585f898bb325d3a342b358b970,675efa1486e53a4914248132dda701b834c9e26599d8c4c4d7b41db57bfcf2b0,
G|LP0357|Consensus|stage_a|replicate_1,G-67ebfbc24ba1c096578c83fc790b11fe8a86916f,G,target,LP0357,Consensus,consensus_stage_a_estimates,1,google/gemma-4-31B-it,6b3c32980d4d52d0c12980046d27ff0ec319dcc717fafbea7ae1f30fbc993361,675efa1486e53a4914248132dda701b834c9e26599d8c4c4d7b41db57bfcf2b0,consensus_two_stage_interactive_adaptation_v1,prompt_compiler_v2_split_g_f,460961820,pending,Q001|Q002|Q003,"{""Q001"": ""consensus_estimate_human_primary_cause"", ""Q002"": ""consensus_estimate_co2_warms_planet"", ""Q003"": ""consensus_estimate_net_zero_before_2085""}",consensus_stage_a,consensus_two_stage_interactive_adaptation_v1,G|LP0357|Consensus|stage_a|replicate_1,6b3c32980d4d52d0c12980046d27ff0ec319dcc717fafbea7ae1f30fbc993361,675efa1486e53a4914248132dda701b834c9e26599d8c4c4d7b41db57bfcf2b0,
G|LP0358|Consensus|stage_a|replicate_1,G-f26fe9ecd8c96e840b3e90d58771701ffa0b0af3,G,target,LP0358,Consensus,consensus_stage_a_estimates,1,google/gemma-4-31B-it,538e1850854944be8376e1ad92032ce1e3eecc4f81ab037d2449e7b036f1ae83,675efa1486e53a4914248132dda701b834c9e26599d8c4c4d7b41db57bfcf2b0,consensus_two_stage_interactive_adaptation_v1,prompt_compiler_v2_split_g_f,1034502753,pending,Q001|Q002|Q003,"{""Q001"": ""consensus_estimate_human_primary_cause"", ""Q002"": ""consensus_estimate_co2_warms_planet"", ""Q003"": ""consensus_estimate_net_zero_before_2085""}",consensus_stage_a,consensus_two_stage_interactive_adaptation_v1,G|LP0358|Consensus|stage_a|replicate_1,538e1850854944be8376e1ad92032ce1e3eecc4f81ab037d2449e7b036f1ae83,675efa1486e53a4914248132dda701b834c9e26599d8c4c4d7b41db57bfcf2b0,
G|LP0359|Consensus|stage_a|replicate_1,G-8d6704add6c089fe88584ec4c0cff0075027d3d4,G,target,LP0359,Consensus,consensus_stage_a_estimates,1,google/gemma-4-31B-it,449253c48e584ee1742953e5d3191afa88e06394bba3b12f550c8d55c38864c1,675efa1486e53a4914248132dda701b834c9e26599d8c4c4d7b41db57bfcf2b0,consensus_two_stage_interactive_adaptation_v1,prompt_compiler_v2_split_g_f,1905169243,pending,Q001|Q002|Q003,"{""Q001"": ""consensus_estimate_co2_warms_planet"", ""Q002"": ""consensus_estimate_human_primary_cause"", ""Q003"": ""consensus_estimate_net_zero_before_2085""}",consensus_stage_a,consensus_two_stage_interactive_adaptation_v1,G|LP0359|Consensus|stage_a|replicate_1,449253c48e584ee1742953e5d3191afa88e06394bba3b12f550c8d55c38864c1,675efa1486e53a4914248132dda701b834c9e26599d8c4c4d7b41db57bfcf2b0,
G|LP0360|Consensus|stage_a|replicate_1,G-14ca1aa03cb2de8770c825f5afa3c1abfc675954,G,target,LP0360,Consensus,consensus_stage_a_estimates,1,google/gemma-4-31B-it,c5e998032aec02d0e36de331cdfd84a6f1ff054ff7ca2d58aaaeab78ea56a3b9,675efa1486e53a4914248132dda701b834c9e26599d8c4c4d7b41db57bfcf2b0,consensus_two_stage_interactive_adaptation_v1,prompt_compiler_v2_split_g_f,1715934151,pending,Q001|Q002|Q003,"{""Q001"": ""consensus_estimate_human_primary_cause"", ""Q002"": ""consensus_estimate_co2_warms_planet"", ""Q003"": ""consensus_estimate_net_zero_before_2085""}",consensus_stage_a,consensus_two_stage_interactive_adaptation_v1,G|LP0360|Consensus|stage_a|replicate_1,c5e998032aec02d0e36de331cdfd84a6f1ff054ff7ca2d58aaaeab78ea56a3b9,675efa1486e53a4914248132dda701b834c9e26599d8c4c4d7b41db57bfcf2b0,
G|LP0361|Consensus|stage_a|replicate_1,G-405c7cfc205fbee7fcbdd04fb914504fb4eafac9,G,target,LP0361,Consensus,consensus_stage_a_estimates,1,google/gemma-4-31B-it,0890ba31e4b8ff6619f876aedadb175f94fe3a251ed51e4cdf9a89fbdf5c3aff,675efa1486e53a4914248132dda701b834c9e26599d8c4c4d7b41db57bfcf2b0,consensus_two_stage_interactive_adaptation_v1,prompt_compiler_v2_split_g_f,555268320,pending,Q001|Q002|Q003,"{""Q001"": ""consensus_estimate_net_zero_before_2085"", ""Q002"": ""consensus_estimate_co2_warms_planet"", ""Q003"": ""consensus_estimate_human_primary_cause""}",consensus_stage_a,consensus_two_stage_interactive_adaptation_v1,G|LP0361|Consensus|stage_a|replicate_1,0890ba31e4b8ff6619f876aedadb175f94fe3a251ed51e4cdf9a89fbdf5c3aff,675efa1486e53a4914248132dda701b834c9e26599d8c4c4d7b41db57bfcf2b0,
G|LP0362|Consensus|stage_a|replicate_1,G-5106a5207aa7636793c63588aa88d9ceb39c84ca,G,target,LP0362,Consensus,consensus_stage_a_estimates,1,google/gemma-4-31B-it,af8581a531af9373d0c2216922ee29a71e76e5318d0dd96e2212e54a2b747586,675efa1486e53a4914248132dda701b834c9e26599d8c4c4d7b41db57bfcf2b0,consensus_two_stage_interactive_adaptation_v1,prompt_compiler_v2_split_g_f,481602985,pending,Q001|Q002|Q003,"{""Q001"": ""consensus_estimate_co2_warms_planet"", ""Q002"": ""consensus_estimate_net_zero_before_2085"", ""Q003"": ""consensus_estimate_human_primary_cause""}",consensus_stage_a,consensus_two_stage_interactive_adaptation_v1,G|LP0362|Consensus|stage_a|replicate_1,af8581a531af9373d0c2216922ee29a71e76e5318d0dd96e2212e54a2b747586,675efa1486e53a4914248132dda701b834c9e26599d8c4c4d7b41db57bfcf2b0,
G|LP0363|Consensus|stage_a|replicate_1,G-e7b87beff9356ea7531631fad11df4f6e3b568ab,G,target,LP0363,Consensus,consensus_stage_a_estimates,1,google/gemma-4-31B-it,a8d78d10f374f582b24e1b5589dd78257be18feda046f56f8db71f588b445cfe,675efa1486e53a4914248132dda701b834c9e26599d8c4c4d7b41db57bfcf2b0,consensus_two_stage_interactive_adaptation_v1,prompt_compiler_v2_split_g_f,1218864778,pending,Q001|Q002|Q003,"{""Q001"": ""consensus_estimate_net_zero_before_2085"", ""Q002"": ""consensus_estimate_human_primary_cause"", ""Q003"": ""consensus_estimate_co2_warms_planet""}",consensus_stage_a,consensus_two_stage_interactive_adaptation_v1,G|LP0363|Consensus|stage_a|replicate_1,a8d78d10f374f582b24e1b5589dd78257be18feda046f56f8db71f588b445cfe,675efa1486e53a4914248132dda701b834c9e26599d8c4c4d7b41db57bfcf2b0,
G|LP0364|Consensus|stage_a|replicate_1,G-72474451f460ba80d3903905797b5da9395ee023,G,target,LP0364,Consensus,consensus_stage_a_estimates,1,google/gemma-4-31B-it,4c310b22ce4473c5980eb178a51af8672468812ec604bf474a2eb98bda010918,675efa1486e53a4914248132dda701b834c9e26599d8c4c4d7b41db57bfcf2b0,consensus_two_stage_interactive_adaptation_v1,prompt_compiler_v2_split_g_f,1492075301,pending,Q001|Q002|Q003,"{""Q001"": ""consensus_estimate_human_primary_cause"", ""Q002"": ""consensus_estimate_net_zero_before_2085"", ""Q003"": ""consensus_estimate_co2_warms_planet""}",consensus_stage_a,consensus_two_stage_interactive_adaptation_v1,G|LP0364|Consensus|stage_a|replicate_1,4c310b22ce4473c5980eb178a51af8672468812ec604bf474a2eb98bda010918,675efa1486e53a4914248132dda701b834c9e26599d8c4c4d7b41db57bfcf2b0,
G|LP0365|Consensus|stage_a|replicate_1,G-b4377ea4bd02c1af4a31bf08692f7825605ebf5c,G,target,LP0365,Consensus,consensus_stage_a_estimates,1,google/gemma-4-31B-it,9f23440edd4d454357568b4e184e67d9591c1160eaa5f276c02a858b59199de5,675efa1486e53a4914248132dda701b834c9e26599d8c4c4d7b41db57bfcf2b0,consensus_two_stage_interactive_adaptation_v1,prompt_compiler_v2_split_g_f,628211451,pending,Q001|Q002|Q003,"{""Q001"": ""consensus_estimate_human_primary_cause"", ""Q002"": ""consensus_estimate_net_zero_before_2085"", ""Q003"": ""consensus_estimate_co2_warms_planet""}",consensus_stage_a,consensus_two_stage_interactive_adaptation_v1,G|LP0365|Consensus|stage_a|replicate_1,9f23440edd4d454357568b4e184e67d9591c1160eaa5f276c02a858b59199de5,675efa1486e53a4914248132dda701b834c9e26599d8c4c4d7b41db57bfcf2b0,
G|LP0366|Consensus|stage_a|replicate_1,G-96f4c6660062d1e45aeb4aee8eba5e643c41742f,G,target,LP0366,Consensus,consensus_stage_a_estimates,1,google/gemma-4-31B-it,76a81a167426c64c62cde0b8ae926b25df6d0a461cba0255db451072a0c40ace,675efa1486e53a4914248132dda701b834c9e26599d8c4c4d7b41db57bfcf2b0,consensus_two_stage_interactive_adaptation_v1,prompt_compiler_v2_split_g_f,776756914,pending,Q001|Q002|Q003,"{""Q001"": ""consensus_estimate_co2_warms_planet"", ""Q002"": ""consensus_estimate_human_primary_cause"", ""Q003"": ""consensus_estimate_net_zero_before_2085""}",consensus_stage_a,consensus_two_stage_interactive_adaptation_v1,G|LP0366|Consensus|stage_a|replicate_1,76a81a167426c64c62cde0b8ae926b25df6d0a461cba0255db451072a0c40ace,675efa1486e53a4914248132dda701b834c9e26599d8c4c4d7b41db57bfcf2b0,
G|LP0367|Consensus|stage_a|replicate_1,G-5b74e731b45324e48729b8fc8d27d473f7f1f077,G,target,LP0367,Consensus,consensus_stage_a_estimates,1,google/gemma-4-31B-it,5258e11d6ddc7df05ea32a06e0187325fd36a9a57b446d3396508b4e795922da,675efa1486e53a4914248132dda701b834c9e26599d8c4c4d7b41db57bfcf2b0,consensus_two_stage_interactive_adaptation_v1,prompt_compiler_v2_split_g_f,1799156552,pending,Q001|Q002|Q003,"{""Q001"": ""consensus_estimate_co2_warms_planet"", ""Q002"": ""consensus_estimate_net_zero_before_2085"", ""Q003"": ""consensus_estimate_human_primary_cause""}",consensus_stage_a,consensus_two_stage_interactive_adaptation_v1,G|LP0367|Consensus|stage_a|replicate_1,5258e11d6ddc7df05ea32a06e0187325fd36a9a57b446d3396508b4e795922da,675efa1486e53a4914248132dda701b834c9e26599d8c4c4d7b41db57bfcf2b0,
G|LP0368|Consensus|stage_a|replicate_1,G-d6f0d06170c3ffb3d4a93e6e3cffb9dc00c327f2,G,target,LP0368,Consensus,consensus_stage_a_estimates,1,google/gemma-4-31B-it,0cb14f37642911bc216b666d97e159d7452788f5c4cc73c6229156356a56a1d2,675efa1486e53a4914248132dda701b834c9e26599d8c4c4d7b41db57bfcf2b0,consensus_two_stage_interactive_adaptation_v1,prompt_compiler_v2_split_g_f,514171001,pending,Q001|Q002|Q003,"{""Q001"": ""consensus_estimate_human_primary_cause"", ""Q002"": ""consensus_estimate_co2_warms_planet"", ""Q003"": ""consensus_estimate_net_zero_before_2085""}",consensus_stage_a,consensus_two_stage_interactive_adaptation_v1,G|LP0368|Consensus|stage_a|replicate_1,0cb14f37642911bc216b666d97e159d7452788f5c4cc73c6229156356a56a1d2,675efa1486e53a4914248132dda701b834c9e26599d8c4c4d7b41db57bfcf2b0,
G|LP0369|Consensus|stage_a|replicate_1,G-067b7778cdca3c689948b549a202a3fec6b60149,G,target,LP0369,Consensus,consensus_stage_a_estimates,1,google/gemma-4-31B-it,e1870d240d3a5e6f70f1a37848857b4a167b5c2ec18f118f3eb87f10ce08e42a,675efa1486e53a4914248132dda701b834c9e26599d8c4c4d7b41db57bfcf2b0,consensus_two_stage_interactive_adaptation_v1,prompt_compiler_v2_split_g_f,1522608985,pending,Q001|Q002|Q003,"{""Q001"": ""consensus_estimate_net_zero_before_2085"", ""Q002"": ""consensus_estimate_co2_warms_planet"", ""Q003"": ""consensus_estimate_human_primary_cause""}",consensus_stage_a,consensus_two_stage_interactive_adaptation_v1,G|LP0369|Consensus|stage_a|replicate_1,e1870d240d3a5e6f70f1a37848857b4a167b5c2ec18f118f3eb87f10ce08e42a,675efa1486e53a4914248132dda701b834c9e26599d8c4c4d7b41db57bfcf2b0,
G|LP0370|Consensus|stage_a|replicate_1,G-5f0fa701881a03d9a7531a1ac5318137a0706ff5,G,target,LP0370,Consensus,consensus_stage_a_estimates,1,google/gemma-4-31B-it,838daa81a76c32e7f651964245991a7d1978313e9e90028ef63fc5a7078a5a33,675efa1486e53a4914248132dda701b834c9e26599d8c4c4d7b41db57bfcf2b0,consensus_two_stage_interactive_adaptation_v1,prompt_compiler_v2_split_g_f,1178161629,pending,Q001|Q002|Q003,"{""Q001"": ""consensus_estimate_co2_warms_planet"", ""Q002"": ""consensus_estimate_human_primary_cause"", ""Q003"": ""consensus_estimate_net_zero_before_2085""}",consensus_stage_a,consensus_two_stage_interactive_adaptation_v1,G|LP0370|Consensus|stage_a|replicate_1,838daa81a76c32e7f651964245991a7d1978313e9e90028ef63fc5a7078a5a33,675efa1486e53a4914248132dda701b834c9e26599d8c4c4d7b41db57bfcf2b0,
G|LP0371|Consensus|stage_a|replicate_1,G-56d330d5343350a942a1fc0e194e6cb60b6f8297,G,target,LP0371,Consensus,consensus_stage_a_estimates,1,google/gemma-4-31B-it,f61b4942c36feb777983a76fedd4134967ae4042f3dcd3edfcebdc99d22ea42a,675efa1486e53a4914248132dda701b834c9e26599d8c4c4d7b41db57bfcf2b0,consensus_two_stage_interactive_adaptation_v1,prompt_compiler_v2_split_g_f,1641656916,pending,Q001|Q002|Q003,"{""Q001"": ""consensus_estimate_net_zero_before_2085"", ""Q002"": ""consensus_estimate_co2_warms_planet"", ""Q003"": ""consensus_estimate_human_primary_cause""}",consensus_stage_a,consensus_two_stage_interactive_adaptation_v1,G|LP0371|Consensus|stage_a|replicate_1,f61b4942c36feb777983a76fedd4134967ae4042f3dcd3edfcebdc99d22ea42a,675efa1486e53a4914248132dda701b834c9e26599d8c4c4d7b41db57bfcf2b0,
G|LP0372|Consensus|stage_a|replicate_1,G-e467762f950033543e1386b0f864820af7d39fbf,G,target,LP0372,Consensus,consensus_stage_a_estimates,1,google/gemma-4-31B-it,9cafd04c32ed3fe1dc543458c03ed3e3b28f4f555ec87f15e415a60cf5077108,675efa1486e53a4914248132dda701b834c9e26599d8c4c4d7b41db57bfcf2b0,consensus_two_stage_interactive_adaptation_v1,prompt_compiler_v2_split_g_f,1573855158,pending,Q001|Q002|Q003,"{""Q001"": ""consensus_estimate_human_primary_cause"", ""Q002"": ""consensus_estimate_co2_warms_planet"", ""Q003"": ""consensus_estimate_net_zero_before_2085""}",consensus_stage_a,consensus_two_stage_interactive_adaptation_v1,G|LP0372|Consensus|stage_a|replicate_1,9cafd04c32ed3fe1dc543458c03ed3e3b28f4f555ec87f15e415a60cf5077108,675efa1486e53a4914248132dda701b834c9e26599d8c4c4d7b41db57bfcf2b0,
G|LP0373|Consensus|stage_a|replicate_1,G-885711cc3a5ad1b9c3890f0d33ecf50e111974c7,G,target,LP0373,Consensus,consensus_stage_a_estimates,1,google/gemma-4-31B-it,515817f3b20d51b3f18e2edd309edf2f552b9400ff88ff46d1784f6b9a6429c3,675efa1486e53a4914248132dda701b834c9e26599d8c4c4d7b41db57bfcf2b0,consensus_two_stage_interactive_adaptation_v1,prompt_compiler_v2_split_g_f,1258878291,pending,Q001|Q002|Q003,"{""Q001"": ""consensus_estimate_co2_warms_planet"", ""Q002"": ""consensus_estimate_human_primary_cause"", ""Q003"": ""consensus_estimate_net_zero_before_2085""}",consensus_stage_a,consensus_two_stage_interactive_adaptation_v1,G|LP0373|Consensus|stage_a|replicate_1,515817f3b20d51b3f18e2edd309edf2f552b9400ff88ff46d1784f6b9a6429c3,675efa1486e53a4914248132dda701b834c9e26599d8c4c4d7b41db57bfcf2b0,
G|LP0374|Consensus|stage_a|replicate_1,G-6ce174e2576d4cc73afe57d73bba45925547228d,G,target,LP0374,Consensus,consensus_stage_a_estimates,1,google/gemma-4-31B-it,017f01fe410e57b4c6ae8881d0804ad9aaa1d535c1c87a2d42e0808538884805,675efa1486e53a4914248132dda701b834c9e26599d8c4c4d7b41db57bfcf2b0,consensus_two_stage_interactive_adaptation_v1,prompt_compiler_v2_split_g_f,825243277,pending,Q001|Q002|Q003,"{""Q001"": ""consensus_estimate_human_primary_cause"", ""Q002"": ""consensus_estimate_net_zero_before_2085"", ""Q003"": ""consensus_estimate_co2_warms_planet""}",consensus_stage_a,consensus_two_stage_interactive_adaptation_v1,G|LP0374|Consensus|stage_a|replicate_1,017f01fe410e57b4c6ae8881d0804ad9aaa1d535c1c87a2d42e0808538884805,675efa1486e53a4914248132dda701b834c9e26599d8c4c4d7b41db57bfcf2b0,
G|LP0375|Consensus|stage_a|replicate_1,G-02a4c35210dd5f8eaa437dbe1335f82364ca8b3b,G,target,LP0375,Consensus,consensus_stage_a_estimates,1,google/gemma-4-31B-it,138952e6841eb5f963895e0877baf48637726cb6a7e667128fbb8feb2eeb31c8,675efa1486e53a4914248132dda701b834c9e26599d8c4c4d7b41db57bfcf2b0,consensus_two_stage_interactive_adaptation_v1,prompt_compiler_v2_split_g_f,371648050,pending,Q001|Q002|Q003,"{""Q001"": ""consensus_estimate_co2_warms_planet"", ""Q002"": ""consensus_estimate_human_primary_cause"", ""Q003"": ""consensus_estimate_net_zero_before_2085""}",consensus_stage_a,consensus_two_stage_interactive_adaptation_v1,G|LP0375|Consensus|stage_a|replicate_1,138952e6841eb5f963895e0877baf48637726cb6a7e667128fbb8feb2eeb31c8,675efa1486e53a4914248132dda701b834c9e26599d8c4c4d7b41db57bfcf2b0,
G|LP0376|Consensus|stage_a|replicate_1,G-9950689776ee44002212a700f4c45d823091fc80,G,target,LP0376,Consensus,consensus_stage_a_estimates,1,google/gemma-4-31B-it,41b7fc7b87e7267fbc94a82e492f5fe78d0bdd0949ee289259dba006261b1b79,675efa1486e53a4914248132dda701b834c9e26599d8c4c4d7b41db57bfcf2b0,consensus_two_stage_interactive_adaptation_v1,prompt_compiler_v2_split_g_f,697242929,pending,Q001|Q002|Q003,"{""Q001"": ""consensus_estimate_net_zero_before_2085"", ""Q002"": ""consensus_estimate_co2_warms_planet"", ""Q003"": ""consensus_estimate_human_primary_cause""}",consensus_stage_a,consensus_two_stage_interactive_adaptation_v1,G|LP0376|Consensus|stage_a|replicate_1,41b7fc7b87e7267fbc94a82e492f5fe78d0bdd0949ee289259dba006261b1b79,675efa1486e53a4914248132dda701b834c9e26599d8c4c4d7b41db57bfcf2b0,
G|LP0377|Consensus|stage_a|replicate_1,G-0b74b08a5d9b18b7ce146160125d1a5ee6e9802b,G,target,LP0377,Consensus,consensus_stage_a_estimates,1,google/gemma-4-31B-it,567241bcdf30ed8a5bfc9f5a97219947db16c728c42b07e5bc1660d825023121,675efa1486e53a4914248132dda701b834c9e26599d8c4c4d7b41db57bfcf2b0,consensus_two_stage_interactive_adaptation_v1,prompt_compiler_v2_split_g_f,1954838987,pending,Q001|Q002|Q003,"{""Q001"": ""consensus_estimate_co2_warms_planet"", ""Q002"": ""consensus_estimate_human_primary_cause"", ""Q003"": ""consensus_estimate_net_zero_before_2085""}",consensus_stage_a,consensus_two_stage_interactive_adaptation_v1,G|LP0377|Consensus|stage_a|replicate_1,567241bcdf30ed8a5bfc9f5a97219947db16c728c42b07e5bc1660d825023121,675efa1486e53a4914248132dda701b834c9e26599d8c4c4d7b41db57bfcf2b0,
G|LP0378|Consensus|stage_a|replicate_1,G-95e8f7c26e588a4d01e7e4909db7d46f3e569e90,G,target,LP0378,Consensus,consensus_stage_a_estimates,1,google/gemma-4-31B-it,2e7c81fd8270acac8a3697602fe2f1d7c7adfad133818b6f6e6e31e8288c28e6,675efa1486e53a4914248132dda701b834c9e26599d8c4c4d7b41db57bfcf2b0,consensus_two_stage_interactive_adaptation_v1,prompt_compiler_v2_split_g_f,438991316,pending,Q001|Q002|Q003,"{""Q001"": ""consensus_estimate_net_zero_before_2085"", ""Q002"": ""consensus_estimate_human_primary_cause"", ""Q003"": ""consensus_estimate_co2_warms_planet""}",consensus_stage_a,consensus_two_stage_interactive_adaptation_v1,G|LP0378|Consensus|stage_a|replicate_1,2e7c81fd8270acac8a3697602fe2f1d7c7adfad133818b6f6e6e31e8288c28e6,675efa1486e53a4914248132dda701b834c9e26599d8c4c4d7b41db57bfcf2b0,
G|LP0379|Consensus|stage_a|replicate_1,G-a0713e116ae50878ab415673f59ce68d7d0545f5,G,target,LP0379,Consensus,consensus_stage_a_estimates,1,google/gemma-4-31B-it,5a5dc2a61ae7c65dcf98aaf156d9fbd110026d898600ef1972fc6e47480fd6a4,675efa1486e53a4914248132dda701b834c9e26599d8c4c4d7b41db57bfcf2b0,consensus_two_stage_interactive_adaptation_v1,prompt_compiler_v2_split_g_f,734495901,pending,Q001|Q002|Q003,"{""Q001"": ""consensus_estimate_net_zero_before_2085"", ""Q002"": ""consensus_estimate_human_primary_cause"", ""Q003"": ""consensus_estimate_co2_warms_planet""}",consensus_stage_a,consensus_two_stage_interactive_adaptation_v1,G|LP0379|Consensus|stage_a|replicate_1,5a5dc2a61ae7c65dcf98aaf156d9fbd110026d898600ef1972fc6e47480fd6a4,675efa1486e53a4914248132dda701b834c9e26599d8c4c4d7b41db57bfcf2b0,
G|LP0380|Consensus|stage_a|replicate_1,G-24a1613c4b7dd1a738dbb4f875cc97cc41ac2539,G,target,LP0380,Consensus,consensus_stage_a_estimates,1,google/gemma-4-31B-it,469adafabdc69c0bf99e560d6f9599d96a6604c08b85a8a9ebcd53f47b51b446,675efa1486e53a4914248132dda701b834c9e26599d8c4c4d7b41db57bfcf2b0,consensus_two_stage_interactive_adaptation_v1,prompt_compiler_v2_split_g_f,348165152,pending,Q001|Q002|Q003,"{""Q001"": ""consensus_estimate_net_zero_before_2085"", ""Q002"": ""consensus_estimate_co2_warms_planet"", ""Q003"": ""consensus_estimate_human_primary_cause""}",consensus_stage_a,consensus_two_stage_interactive_adaptation_v1,G|LP0380|Consensus|stage_a|replicate_1,469adafabdc69c0bf99e560d6f9599d96a6604c08b85a8a9ebcd53f47b51b446,675efa1486e53a4914248132dda701b834c9e26599d8c4c4d7b41db57bfcf2b0,
G|LP0381|Consensus|stage_a|replicate_1,G-b412a8ee83bd65c69a5dbc1a5644e66b74451115,G,target,LP0381,Consensus,consensus_stage_a_estimates,1,google/gemma-4-31B-it,6e71db865bfe8cb154676a6e4fc3a6823a3a4526e1558fb2aa121a959d201708,675efa1486e53a4914248132dda701b834c9e26599d8c4c4d7b41db57bfcf2b0,consensus_two_stage_interactive_adaptation_v1,prompt_compiler_v2_split_g_f,1810020261,pending,Q001|Q002|Q003,"{""Q001"": ""consensus_estimate_net_zero_before_2085"", ""Q002"": ""consensus_estimate_co2_warms_planet"", ""Q003"": ""consensus_estimate_human_primary_cause""}",consensus_stage_a,consensus_two_stage_interactive_adaptation_v1,G|LP0381|Consensus|stage_a|replicate_1,6e71db865bfe8cb154676a6e4fc3a6823a3a4526e1558fb2aa121a959d201708,675efa1486e53a4914248132dda701b834c9e26599d8c4c4d7b41db57bfcf2b0,
G|LP0382|Consensus|stage_a|replicate_1,G-685e1a4f95e25345a722252f613a5313c1e86c16,G,target,LP0382,Consensus,consensus_stage_a_estimates,1,google/gemma-4-31B-it,cecc8db45218a08f0b7dd8f651f50ea2827b0c6a650bac080c04091a60a7a1bb,675efa1486e53a4914248132dda701b834c9e26599d8c4c4d7b41db57bfcf2b0,consensus_two_stage_interactive_adaptation_v1,prompt_compiler_v2_split_g_f,1721665509,pending,Q001|Q002|Q003,"{""Q001"": ""consensus_estimate_human_primary_cause"", ""Q002"": ""consensus_estimate_co2_warms_planet"", ""Q003"": ""consensus_estimate_net_zero_before_2085""}",consensus_stage_a,consensus_two_stage_interactive_adaptation_v1,G|LP0382|Consensus|stage_a|replicate_1,cecc8db45218a08f0b7dd8f651f50ea2827b0c6a650bac080c04091a60a7a1bb,675efa1486e53a4914248132dda701b834c9e26599d8c4c4d7b41db57bfcf2b0,
G|LP0383|Consensus|stage_a|replicate_1,G-7310e8c6d64f35f80b6d7767f4d5f9b682e1699b,G,target,LP0383,Consensus,consensus_stage_a_estimates,1,google/gemma-4-31B-it,d93eff699beab5edabf406e860431564743d6942ce1d349acaa786ce6e138630,675efa1486e53a4914248132dda701b834c9e26599d8c4c4d7b41db57bfcf2b0,consensus_two_stage_interactive_adaptation_v1,prompt_compiler_v2_split_g_f,1014040455,pending,Q001|Q002|Q003,"{""Q001"": ""consensus_estimate_co2_warms_planet"", ""Q002"": ""consensus_estimate_human_primary_cause"", ""Q003"": ""consensus_estimate_net_zero_before_2085""}",consensus_stage_a,consensus_two_stage_interactive_adaptation_v1,G|LP0383|Consensus|stage_a|replicate_1,d93eff699beab5edabf406e860431564743d6942ce1d349acaa786ce6e138630,675efa1486e53a4914248132dda701b834c9e26599d8c4c4d7b41db57bfcf2b0,
G|LP0384|Consensus|stage_a|replicate_1,G-8a62c7fadd291c6dfb829013e8be64e982deeb59,G,target,LP0384,Consensus,consensus_stage_a_estimates,1,google/gemma-4-31B-it,c60f7ee72408411a9cf2e87054d475823665ea5730cb1db62bf231f8e0300203,675efa1486e53a4914248132dda701b834c9e26599d8c4c4d7b41db57bfcf2b0,consensus_two_stage_interactive_adaptation_v1,prompt_compiler_v2_split_g_f,1911467108,pending,Q001|Q002|Q003,"{""Q001"": ""consensus_estimate_net_zero_before_2085"", ""Q002"": ""consensus_estimate_co2_warms_planet"", ""Q003"": ""consensus_estimate_human_primary_cause""}",consensus_stage_a,consensus_two_stage_interactive_adaptation_v1,G|LP0384|Consensus|stage_a|replicate_1,c60f7ee72408411a9cf2e87054d475823665ea5730cb1db62bf231f8e0300203,675efa1486e53a4914248132dda701b834c9e26599d8c4c4d7b41db57bfcf2b0,
G|LP0385|Consensus|stage_a|replicate_1,G-546cd6b54780e8a618912e733f6b634fee1d5ed4,G,target,LP0385,Consensus,consensus_stage_a_estimates,1,google/gemma-4-31B-it,e1c2af38855fcae7c4f7ce91d211bd7ee2cde876f46bb60568bf21296d69b073,675efa1486e53a4914248132dda701b834c9e26599d8c4c4d7b41db57bfcf2b0,consensus_two_stage_interactive_adaptation_v1,prompt_compiler_v2_split_g_f,1884984849,pending,Q001|Q002|Q003,"{""Q001"": ""consensus_estimate_net_zero_before_2085"", ""Q002"": ""consensus_estimate_human_primary_cause"", ""Q003"": ""consensus_estimate_co2_warms_planet""}",consensus_stage_a,consensus_two_stage_interactive_adaptation_v1,G|LP0385|Consensus|stage_a|replicate_1,e1c2af38855fcae7c4f7ce91d211bd7ee2cde876f46bb60568bf21296d69b073,675efa1486e53a4914248132dda701b834c9e26599d8c4c4d7b41db57bfcf2b0,
G|LP0386|Consensus|stage_a|replicate_1,G-fef1492b1dfd13bea102d9c72438ea0478a77bb5,G,target,LP0386,Consensus,consensus_stage_a_estimates,1,google/gemma-4-31B-it,b1f430036974204a72438e8af7ce0dcaf90547d9ac58b3ada2a7b7edd1f79689,675efa1486e53a4914248132dda701b834c9e26599d8c4c4d7b41db57bfcf2b0,consensus_two_stage_interactive_adaptation_v1,prompt_compiler_v2_split_g_f,467641880,pending,Q001|Q002|Q003,"{""Q001"": ""consensus_estimate_net_zero_before_2085"", ""Q002"": ""consensus_estimate_human_primary_cause"", ""Q003"": ""consensus_estimate_co2_warms_planet""}",consensus_stage_a,consensus_two_stage_interactive_adaptation_v1,G|LP0386|Consensus|stage_a|replicate_1,b1f430036974204a72438e8af7ce0dcaf90547d9ac58b3ada2a7b7edd1f79689,675efa1486e53a4914248132dda701b834c9e26599d8c4c4d7b41db57bfcf2b0,
G|LP0387|Consensus|stage_a|replicate_1,G-2ee1bb5fa1f3573faff8fd7b9d90b7db51c4f026,G,target,LP0387,Consensus,consensus_stage_a_estimates,1,google/gemma-4-31B-it,4c6d9cd45d4a40600f386a2cc8637075964db60c6a5bfd9cca58903eb7cb2b95,675efa1486e53a4914248132dda701b834c9e26599d8c4c4d7b41db57bfcf2b0,consensus_two_stage_interactive_adaptation_v1,prompt_compiler_v2_split_g_f,2142686718,pending,Q001|Q002|Q003,"{""Q001"": ""consensus_estimate_net_zero_before_2085"", ""Q002"": ""consensus_estimate_human_primary_cause"", ""Q003"": ""consensus_estimate_co2_warms_planet""}",consensus_stage_a,consensus_two_stage_interactive_adaptation_v1,G|LP0387|Consensus|stage_a|replicate_1,4c6d9cd45d4a40600f386a2cc8637075964db60c6a5bfd9cca58903eb7cb2b95,675efa1486e53a4914248132dda701b834c9e26599d8c4c4d7b41db57bfcf2b0,
G|LP0388|Consensus|stage_a|replicate_1,G-339ed97dcadf7f834d41a845d059c15225ca37a1,G,target,LP0388,Consensus,consensus_stage_a_estimates,1,google/gemma-4-31B-it,5712ea422d7fda24ff5b75b4771d51f35c60c94beac74234dc3bb1ace4c0a1ed,675efa1486e53a4914248132dda701b834c9e26599d8c4c4d7b41db57bfcf2b0,consensus_two_stage_interactive_adaptation_v1,prompt_compiler_v2_split_g_f,840774271,pending,Q001|Q002|Q003,"{""Q001"": ""consensus_estimate_co2_warms_planet"", ""Q002"": ""consensus_estimate_human_primary_cause"", ""Q003"": ""consensus_estimate_net_zero_before_2085""}",consensus_stage_a,consensus_two_stage_interactive_adaptation_v1,G|LP0388|Consensus|stage_a|replicate_1,5712ea422d7fda24ff5b75b4771d51f35c60c94beac74234dc3bb1ace4c0a1ed,675efa1486e53a4914248132dda701b834c9e26599d8c4c4d7b41db57bfcf2b0,
G|LP0389|Consensus|stage_a|replicate_1,G-977e6e4188a518696e7d0efa4cb47f3b40629117,G,target,LP0389,Consensus,consensus_stage_a_estimates,1,google/gemma-4-31B-it,ad442c0a7bb1ba05e7f46ee7fee52b738b657642bdbe9eb3fd944f788e4cc2d8,675efa1486e53a4914248132dda701b834c9e26599d8c4c4d7b41db57bfcf2b0,consensus_two_stage_interactive_adaptation_v1,prompt_compiler_v2_split_g_f,933360878,pending,Q001|Q002|Q003,"{""Q001"": ""consensus_estimate_co2_warms_planet"", ""Q002"": ""consensus_estimate_human_primary_cause"", ""Q003"": ""consensus_estimate_net_zero_before_2085""}",consensus_stage_a,consensus_two_stage_interactive_adaptation_v1,G|LP0389|Consensus|stage_a|replicate_1,ad442c0a7bb1ba05e7f46ee7fee52b738b657642bdbe9eb3fd944f788e4cc2d8,675efa1486e53a4914248132dda701b834c9e26599d8c4c4d7b41db57bfcf2b0,
G|LP0390|Consensus|stage_a|replicate_1,G-5ffb2e32925d1dd589cf4be391092157529268ce,G,target,LP0390,Consensus,consensus_stage_a_estimates,1,google/gemma-4-31B-it,148f365b5c7865e15b4c8cdf306201f8d796e84cfac452574e2efd67fc803b46,675efa1486e53a4914248132dda701b834c9e26599d8c4c4d7b41db57bfcf2b0,consensus_two_stage_interactive_adaptation_v1,prompt_compiler_v2_split_g_f,1381202491,pending,Q001|Q002|Q003,"{""Q001"": ""consensus_estimate_co2_warms_planet"", ""Q002"": ""consensus_estimate_net_zero_before_2085"", ""Q003"": ""consensus_estimate_human_primary_cause""}",consensus_stage_a,consensus_two_stage_interactive_adaptation_v1,G|LP0390|Consensus|stage_a|replicate_1,148f365b5c7865e15b4c8cdf306201f8d796e84cfac452574e2efd67fc803b46,675efa1486e53a4914248132dda701b834c9e26599d8c4c4d7b41db57bfcf2b0,
G|LP0391|Consensus|stage_a|replicate_1,G-8d7f5db1d98825d6d92e514fb6346ba24cdaf5dd,G,target,LP0391,Consensus,consensus_stage_a_estimates,1,google/gemma-4-31B-it,0a9372ac85478feb3da53c266148f2aa8a43bcf1732b7f1e4cc6e287afef279e,675efa1486e53a4914248132dda701b834c9e26599d8c4c4d7b41db57bfcf2b0,consensus_two_stage_interactive_adaptation_v1,prompt_compiler_v2_split_g_f,1954996539,pending,Q001|Q002|Q003,"{""Q001"": ""consensus_estimate_co2_warms_planet"", ""Q002"": ""consensus_estimate_human_primary_cause"", ""Q003"": ""consensus_estimate_net_zero_before_2085""}",consensus_stage_a,consensus_two_stage_interactive_adaptation_v1,G|LP0391|Consensus|stage_a|replicate_1,0a9372ac85478feb3da53c266148f2aa8a43bcf1732b7f1e4cc6e287afef279e,675efa1486e53a4914248132dda701b834c9e26599d8c4c4d7b41db57bfcf2b0,
G|LP0392|Consensus|stage_a|replicate_1,G-51894498dd534607e6fb307f202a99b45b93f903,G,target,LP0392,Consensus,consensus_stage_a_estimates,1,google/gemma-4-31B-it,3d2fb25fa764aef20a27d99fa90ccf00dda5cf83f3c528407dc48cea3397c607,675efa1486e53a4914248132dda701b834c9e26599d8c4c4d7b41db57bfcf2b0,consensus_two_stage_interactive_adaptation_v1,prompt_compiler_v2_split_g_f,6672186,pending,Q001|Q002|Q003,"{""Q001"": ""consensus_estimate_net_zero_before_2085"", ""Q002"": ""consensus_estimate_human_primary_cause"", ""Q003"": ""consensus_estimate_co2_warms_planet""}",consensus_stage_a,consensus_two_stage_interactive_adaptation_v1,G|LP0392|Consensus|stage_a|replicate_1,3d2fb25fa764aef20a27d99fa90ccf00dda5cf83f3c528407dc48cea3397c607,675efa1486e53a4914248132dda701b834c9e26599d8c4c4d7b41db57bfcf2b0,
G|LP0393|Consensus|stage_a|replicate_1,G-678b14279b72afbc1019c88cc30eff0dbc5b90d9,G,target,LP0393,Consensus,consensus_stage_a_estimates,1,google/gemma-4-31B-it,2f35d84f432bc6730da15e1c319ad6087427b57174982b3cd3b6ff1947af7318,675efa1486e53a4914248132dda701b834c9e26599d8c4c4d7b41db57bfcf2b0,consensus_two_stage_interactive_adaptation_v1,prompt_compiler_v2_split_g_f,1787353100,pending,Q001|Q002|Q003,"{""Q001"": ""consensus_estimate_co2_warms_planet"", ""Q002"": ""consensus_estimate_net_zero_before_2085"", ""Q003"": ""consensus_estimate_human_primary_cause""}",consensus_stage_a,consensus_two_stage_interactive_adaptation_v1,G|LP0393|Consensus|stage_a|replicate_1,2f35d84f432bc6730da15e1c319ad6087427b57174982b3cd3b6ff1947af7318,675efa1486e53a4914248132dda701b834c9e26599d8c4c4d7b41db57bfcf2b0,
G|LP0394|Consensus|stage_a|replicate_1,G-dd2433d5a0e70b930daaaf3a60875afde10325db,G,target,LP0394,Consensus,consensus_stage_a_estimates,1,google/gemma-4-31B-it,031f0902400f4c2d08f74c23d83dcf88acda8c4bf781079ee65d4239acc9ee63,675efa1486e53a4914248132dda701b834c9e26599d8c4c4d7b41db57bfcf2b0,consensus_two_stage_interactive_adaptation_v1,prompt_compiler_v2_split_g_f,1529836353,pending,Q001|Q002|Q003,"{""Q001"": ""consensus_estimate_net_zero_before_2085"", ""Q002"": ""consensus_estimate_human_primary_cause"", ""Q003"": ""consensus_estimate_co2_warms_planet""}",consensus_stage_a,consensus_two_stage_interactive_adaptation_v1,G|LP0394|Consensus|stage_a|replicate_1,031f0902400f4c2d08f74c23d83dcf88acda8c4bf781079ee65d4239acc9ee63,675efa1486e53a4914248132dda701b834c9e26599d8c4c4d7b41db57bfcf2b0,
G|LP0395|Consensus|stage_a|replicate_1,G-fea29216388266b94f9a947f84b4168f4232b86b,G,target,LP0395,Consensus,consensus_stage_a_estimates,1,google/gemma-4-31B-it,522d254bbec5beed0f6cc56a5e62e10a1c39432f0d19b65d65d884677a439706,675efa1486e53a4914248132dda701b834c9e26599d8c4c4d7b41db57bfcf2b0,consensus_two_stage_interactive_adaptation_v1,prompt_compiler_v2_split_g_f,902269673,pending,Q001|Q002|Q003,"{""Q001"": ""consensus_estimate_co2_warms_planet"", ""Q002"": ""consensus_estimate_human_primary_cause"", ""Q003"": ""consensus_estimate_net_zero_before_2085""}",consensus_stage_a,consensus_two_stage_interactive_adaptation_v1,G|LP0395|Consensus|stage_a|replicate_1,522d254bbec5beed0f6cc56a5e62e10a1c39432f0d19b65d65d884677a439706,675efa1486e53a4914248132dda701b834c9e26599d8c4c4d7b41db57bfcf2b0,
G|LP0396|Consensus|stage_a|replicate_1,G-ec8af304c9260415b07d5a185dc1c0ce1dd7549d,G,target,LP0396,Consensus,consensus_stage_a_estimates,1,google/gemma-4-31B-it,4346d3f508fd4057172a5de76725222420a7eede69ffde3df51e799cfb008a0c,675efa1486e53a4914248132dda701b834c9e26599d8c4c4d7b41db57bfcf2b0,consensus_two_stage_interactive_adaptation_v1,prompt_compiler_v2_split_g_f,574351906,pending,Q001|Q002|Q003,"{""Q001"": ""consensus_estimate_co2_warms_planet"", ""Q002"": ""consensus_estimate_human_primary_cause"", ""Q003"": ""consensus_estimate_net_zero_before_2085""}",consensus_stage_a,consensus_two_stage_interactive_adaptation_v1,G|LP0396|Consensus|stage_a|replicate_1,4346d3f508fd4057172a5de76725222420a7eede69ffde3df51e799cfb008a0c,675efa1486e53a4914248132dda701b834c9e26599d8c4c4d7b41db57bfcf2b0,
G|LP0397|Consensus|stage_a|replicate_1,G-a43177eee1b61993c9aac8b5e91833b754e61146,G,target,LP0397,Consensus,consensus_stage_a_estimates,1,google/gemma-4-31B-it,99a8d9555c69c47d76bb4391e1729f4004b5aea00f5b62898a6f4b7b68170f06,675efa1486e53a4914248132dda701b834c9e26599d8c4c4d7b41db57bfcf2b0,consensus_two_stage_interactive_adaptation_v1,prompt_compiler_v2_split_g_f,706283891,pending,Q001|Q002|Q003,"{""Q001"": ""consensus_estimate_co2_warms_planet"", ""Q002"": ""consensus_estimate_human_primary_cause"", ""Q003"": ""consensus_estimate_net_zero_before_2085""}",consensus_stage_a,consensus_two_stage_interactive_adaptation_v1,G|LP0397|Consensus|stage_a|replicate_1,99a8d9555c69c47d76bb4391e1729f4004b5aea00f5b62898a6f4b7b68170f06,675efa1486e53a4914248132dda701b834c9e26599d8c4c4d7b41db57bfcf2b0,
G|LP0398|Consensus|stage_a|replicate_1,G-12ca61294c282a0599dc8cceffb1b96aa3d9c435,G,target,LP0398,Consensus,consensus_stage_a_estimates,1,google/gemma-4-31B-it,5e924299c43d1ac88f3c4f3d5114e208b8e9b3bfc2a8084e42377cdbe4e431fc,675efa1486e53a4914248132dda701b834c9e26599d8c4c4d7b41db57bfcf2b0,consensus_two_stage_interactive_adaptation_v1,prompt_compiler_v2_split_g_f,1908206679,pending,Q001|Q002|Q003,"{""Q001"": ""consensus_estimate_human_primary_cause"", ""Q002"": ""consensus_estimate_net_zero_before_2085"", ""Q003"": ""consensus_estimate_co2_warms_planet""}",consensus_stage_a,consensus_two_stage_interactive_adaptation_v1,G|LP0398|Consensus|stage_a|replicate_1,5e924299c43d1ac88f3c4f3d5114e208b8e9b3bfc2a8084e42377cdbe4e431fc,675efa1486e53a4914248132dda701b834c9e26599d8c4c4d7b41db57bfcf2b0,
G|LP0399|Consensus|stage_a|replicate_1,G-1c6d22b0a6c5e5d13d3a8385dcadb0b74facce58,G,target,LP0399,Consensus,consensus_stage_a_estimates,1,google/gemma-4-31B-it,fbd2edebf5742af1bae20227016ae645e4580c585c5d564aa08b5d2a92c66be0,675efa1486e53a4914248132dda701b834c9e26599d8c4c4d7b41db57bfcf2b0,consensus_two_stage_interactive_adaptation_v1,prompt_compiler_v2_split_g_f,1604332338,pending,Q001|Q002|Q003,"{""Q001"": ""consensus_estimate_co2_warms_planet"", ""Q002"": ""consensus_estimate_net_zero_before_2085"", ""Q003"": ""consensus_estimate_human_primary_cause""}",consensus_stage_a,consensus_two_stage_interactive_adaptation_v1,G|LP0399|Consensus|stage_a|replicate_1,fbd2edebf5742af1bae20227016ae645e4580c585c5d564aa08b5d2a92c66be0,675efa1486e53a4914248132dda701b834c9e26599d8c4c4d7b41db57bfcf2b0,
G|LP0400|Consensus|stage_a|replicate_1,G-96cff3452c1b4b34fd2cd023c99eb33279087aa9,G,target,LP0400,Consensus,consensus_stage_a_estimates,1,google/gemma-4-31B-it,077eb9630147b5a6f13c293faade375584d5656c985667199a2dc815613507b2,675efa1486e53a4914248132dda701b834c9e26599d8c4c4d7b41db57bfcf2b0,consensus_two_stage_interactive_adaptation_v1,prompt_compiler_v2_split_g_f,1505440192,pending,Q001|Q002|Q003,"{""Q001"": ""consensus_estimate_net_zero_before_2085"", ""Q002"": ""consensus_estimate_human_primary_cause"", ""Q003"": ""consensus_estimate_co2_warms_planet""}",consensus_stage_a,consensus_two_stage_interactive_adaptation_v1,G|LP0400|Consensus|stage_a|replicate_1,077eb9630147b5a6f13c293faade375584d5656c985667199a2dc815613507b2,675efa1486e53a4914248132dda701b834c9e26599d8c4c4d7b41db57bfcf2b0,
G|LP0401|Consensus|stage_a|replicate_1,G-217a14bd263fd2e4e04976b43cc975122a4721e1,G,target,LP0401,Consensus,consensus_stage_a_estimates,1,google/gemma-4-31B-it,a5f669b5dc717f2362542bdf59a4618038785c3230840800aaf33861f19af1aa,675efa1486e53a4914248132dda701b834c9e26599d8c4c4d7b41db57bfcf2b0,consensus_two_stage_interactive_adaptation_v1,prompt_compiler_v2_split_g_f,1765014622,pending,Q001|Q002|Q003,"{""Q001"": ""consensus_estimate_human_primary_cause"", ""Q002"": ""consensus_estimate_net_zero_before_2085"", ""Q003"": ""consensus_estimate_co2_warms_planet""}",consensus_stage_a,consensus_two_stage_interactive_adaptation_v1,G|LP0401|Consensus|stage_a|replicate_1,a5f669b5dc717f2362542bdf59a4618038785c3230840800aaf33861f19af1aa,675efa1486e53a4914248132dda701b834c9e26599d8c4c4d7b41db57bfcf2b0,
G|LP0402|Consensus|stage_a|replicate_1,G-0afa02f5f5f117763c0fb2e4b0362873ba9ac503,G,target,LP0402,Consensus,consensus_stage_a_estimates,1,google/gemma-4-31B-it,1a715759e6b3606a77ccd268997223acc8647bb427e6ea27031f91ff2310b0c8,675efa1486e53a4914248132dda701b834c9e26599d8c4c4d7b41db57bfcf2b0,consensus_two_stage_interactive_adaptation_v1,prompt_compiler_v2_split_g_f,199564642,pending,Q001|Q002|Q003,"{""Q001"": ""consensus_estimate_co2_warms_planet"", ""Q002"": ""consensus_estimate_net_zero_before_2085"", ""Q003"": ""consensus_estimate_human_primary_cause""}",consensus_stage_a,consensus_two_stage_interactive_adaptation_v1,G|LP0402|Consensus|stage_a|replicate_1,1a715759e6b3606a77ccd268997223acc8647bb427e6ea27031f91ff2310b0c8,675efa1486e53a4914248132dda701b834c9e26599d8c4c4d7b41db57bfcf2b0,
G|LP0403|Consensus|stage_a|replicate_1,G-cb77fe4e342ec68dd001eb141778d9842d3060e1,G,target,LP0403,Consensus,consensus_stage_a_estimates,1,google/gemma-4-31B-it,13fdeab17d593c8546e1af936f563dbae51b3b2f3e064947dc02da127548d753,675efa1486e53a4914248132dda701b834c9e26599d8c4c4d7b41db57bfcf2b0,consensus_two_stage_interactive_adaptation_v1,prompt_compiler_v2_split_g_f,1260307244,pending,Q001|Q002|Q003,"{""Q001"": ""consensus_estimate_co2_warms_planet"", ""Q002"": ""consensus_estimate_human_primary_cause"", ""Q003"": ""consensus_estimate_net_zero_before_2085""}",consensus_stage_a,consensus_two_stage_interactive_adaptation_v1,G|LP0403|Consensus|stage_a|replicate_1,13fdeab17d593c8546e1af936f563dbae51b3b2f3e064947dc02da127548d753,675efa1486e53a4914248132dda701b834c9e26599d8c4c4d7b41db57bfcf2b0,
G|LP0404|Consensus|stage_a|replicate_1,G-749008aa0e4c841d9a886cc1eac1f11833a4233c,G,target,LP0404,Consensus,consensus_stage_a_estimates,1,google/gemma-4-31B-it,187108e2671f457a6be9a8e1f5c9528f66ef4157e2cbfa4a28facaba29ebe37e,675efa1486e53a4914248132dda701b834c9e26599d8c4c4d7b41db57bfcf2b0,consensus_two_stage_interactive_adaptation_v1,prompt_compiler_v2_split_g_f,2003604850,pending,Q001|Q002|Q003,"{""Q001"": ""consensus_estimate_co2_warms_planet"", ""Q002"": ""consensus_estimate_human_primary_cause"", ""Q003"": ""consensus_estimate_net_zero_before_2085""}",consensus_stage_a,consensus_two_stage_interactive_adaptation_v1,G|LP0404|Consensus|stage_a|replicate_1,187108e2671f457a6be9a8e1f5c9528f66ef4157e2cbfa4a28facaba29ebe37e,675efa1486e53a4914248132dda701b834c9e26599d8c4c4d7b41db57bfcf2b0,
G|LP0405|Consensus|stage_a|replicate_1,G-0bb2b5be3d1216c9b24b36a4450736a248fb0c17,G,target,LP0405,Consensus,consensus_stage_a_estimates,1,google/gemma-4-31B-it,c1671a851e81a1b5da17b36494c46e0a7e4df894c6b2c6a72cfbb2948471020a,675efa1486e53a4914248132dda701b834c9e26599d8c4c4d7b41db57bfcf2b0,consensus_two_stage_interactive_adaptation_v1,prompt_compiler_v2_split_g_f,1417118277,pending,Q001|Q002|Q003,"{""Q001"": ""consensus_estimate_net_zero_before_2085"", ""Q002"": ""consensus_estimate_co2_warms_planet"", ""Q003"": ""consensus_estimate_human_primary_cause""}",consensus_stage_a,consensus_two_stage_interactive_adaptation_v1,G|LP0405|Consensus|stage_a|replicate_1,c1671a851e81a1b5da17b36494c46e0a7e4df894c6b2c6a72cfbb2948471020a,675efa1486e53a4914248132dda701b834c9e26599d8c4c4d7b41db57bfcf2b0,
G|LP0406|Consensus|stage_a|replicate_1,G-c4ceb8752e5095ce0f96e802287c1c4f97bdad47,G,target,LP0406,Consensus,consensus_stage_a_estimates,1,google/gemma-4-31B-it,67f7e9352c8e0f45353c1432ec2782da5dd8afa571de770c7162bb4ce1809ea2,675efa1486e53a4914248132dda701b834c9e26599d8c4c4d7b41db57bfcf2b0,consensus_two_stage_interactive_adaptation_v1,prompt_compiler_v2_split_g_f,938346171,pending,Q001|Q002|Q003,"{""Q001"": ""consensus_estimate_co2_warms_planet"", ""Q002"": ""consensus_estimate_human_primary_cause"", ""Q003"": ""consensus_estimate_net_zero_before_2085""}",consensus_stage_a,consensus_two_stage_interactive_adaptation_v1,G|LP0406|Consensus|stage_a|replicate_1,67f7e9352c8e0f45353c1432ec2782da5dd8afa571de770c7162bb4ce1809ea2,675efa1486e53a4914248132dda701b834c9e26599d8c4c4d7b41db57bfcf2b0,
G|LP0407|Consensus|stage_a|replicate_1,G-97ac82a18674324af48270c43c0cb545bc9900b3,G,target,LP0407,Consensus,consensus_stage_a_estimates,1,google/gemma-4-31B-it,295fcc38a43a92b3e763f99603c48e4998593a160c772baacbdbbbc350ca281d,675efa1486e53a4914248132dda701b834c9e26599d8c4c4d7b41db57bfcf2b0,consensus_two_stage_interactive_adaptation_v1,prompt_compiler_v2_split_g_f,902641551,pending,Q001|Q002|Q003,"{""Q001"": ""consensus_estimate_co2_warms_planet"", ""Q002"": ""consensus_estimate_net_zero_before_2085"", ""Q003"": ""consensus_estimate_human_primary_cause""}",consensus_stage_a,consensus_two_stage_interactive_adaptation_v1,G|LP0407|Consensus|stage_a|replicate_1,295fcc38a43a92b3e763f99603c48e4998593a160c772baacbdbbbc350ca281d,675efa1486e53a4914248132dda701b834c9e26599d8c4c4d7b41db57bfcf2b0,
G|LP0408|Consensus|stage_a|replicate_1,G-e11f3585da80f120b59a44df469456cc10fa50b3,G,target,LP0408,Consensus,consensus_stage_a_estimates,1,google/gemma-4-31B-it,ec8e5c2ea10961335246117ccf3c47314a0f21a6397b65a2977440cdce212a92,675efa1486e53a4914248132dda701b834c9e26599d8c4c4d7b41db57bfcf2b0,consensus_two_stage_interactive_adaptation_v1,prompt_compiler_v2_split_g_f,482303023,pending,Q001|Q002|Q003,"{""Q001"": ""consensus_estimate_co2_warms_planet"", ""Q002"": ""consensus_estimate_net_zero_before_2085"", ""Q003"": ""consensus_estimate_human_primary_cause""}",consensus_stage_a,consensus_two_stage_interactive_adaptation_v1,G|LP0408|Consensus|stage_a|replicate_1,ec8e5c2ea10961335246117ccf3c47314a0f21a6397b65a2977440cdce212a92,675efa1486e53a4914248132dda701b834c9e26599d8c4c4d7b41db57bfcf2b0,
G|LP0409|Consensus|stage_a|replicate_1,G-1e86cb88b442271af63d491cc83fa83b3538e438,G,target,LP0409,Consensus,consensus_stage_a_estimates,1,google/gemma-4-31B-it,553288855b8cc6893489638b9eada6deb453cb66fc7150f7805d224435f7cbfb,675efa1486e53a4914248132dda701b834c9e26599d8c4c4d7b41db57bfcf2b0,consensus_two_stage_interactive_adaptation_v1,prompt_compiler_v2_split_g_f,1901051435,pending,Q001|Q002|Q003,"{""Q001"": ""consensus_estimate_co2_warms_planet"", ""Q002"": ""consensus_estimate_net_zero_before_2085"", ""Q003"": ""consensus_estimate_human_primary_cause""}",consensus_stage_a,consensus_two_stage_interactive_adaptation_v1,G|LP0409|Consensus|stage_a|replicate_1,553288855b8cc6893489638b9eada6deb453cb66fc7150f7805d224435f7cbfb,675efa1486e53a4914248132dda701b834c9e26599d8c4c4d7b41db57bfcf2b0,
G|LP0410|Consensus|stage_a|replicate_1,G-718e0414709416f18ecb634cfd3d8a2c97828e88,G,target,LP0410,Consensus,consensus_stage_a_estimates,1,google/gemma-4-31B-it,125109be037687b510fa8bc6381e4a8ab9dfe0c4c11ed73404027273905238fa,675efa1486e53a4914248132dda701b834c9e26599d8c4c4d7b41db57bfcf2b0,consensus_two_stage_interactive_adaptation_v1,prompt_compiler_v2_split_g_f,1404051227,pending,Q001|Q002|Q003,"{""Q001"": ""consensus_estimate_co2_warms_planet"", ""Q002"": ""consensus_estimate_net_zero_before_2085"", ""Q003"": ""consensus_estimate_human_primary_cause""}",consensus_stage_a,consensus_two_stage_interactive_adaptation_v1,G|LP0410|Consensus|stage_a|replicate_1,125109be037687b510fa8bc6381e4a8ab9dfe0c4c11ed73404027273905238fa,675efa1486e53a4914248132dda701b834c9e26599d8c4c4d7b41db57bfcf2b0,
G|LP0411|Consensus|stage_a|replicate_1,G-a2b1b239c5d7ea3abdff4d740d88712730600317,G,target,LP0411,Consensus,consensus_stage_a_estimates,1,google/gemma-4-31B-it,51e733448ae34a4c9e03c0d2bb5b00177318a1791272130b0bc3487132c94a48,675efa1486e53a4914248132dda701b834c9e26599d8c4c4d7b41db57bfcf2b0,consensus_two_stage_interactive_adaptation_v1,prompt_compiler_v2_split_g_f,188436144,pending,Q001|Q002|Q003,"{""Q001"": ""consensus_estimate_human_primary_cause"", ""Q002"": ""consensus_estimate_net_zero_before_2085"", ""Q003"": ""consensus_estimate_co2_warms_planet""}",consensus_stage_a,consensus_two_stage_interactive_adaptation_v1,G|LP0411|Consensus|stage_a|replicate_1,51e733448ae34a4c9e03c0d2bb5b00177318a1791272130b0bc3487132c94a48,675efa1486e53a4914248132dda701b834c9e26599d8c4c4d7b41db57bfcf2b0,
G|LP0412|Consensus|stage_a|replicate_1,G-16204c73d9aaf507737a91d8174c46913220293f,G,target,LP0412,Consensus,consensus_stage_a_estimates,1,google/gemma-4-31B-it,87e0b36521e1abbc9df7059c3a1b36c1bb45cc53aeb14a914b6ccd1ddbb5df3e,675efa1486e53a4914248132dda701b834c9e26599d8c4c4d7b41db57bfcf2b0,consensus_two_stage_interactive_adaptation_v1,prompt_compiler_v2_split_g_f,99323375,pending,Q001|Q002|Q003,"{""Q001"": ""consensus_estimate_human_primary_cause"", ""Q002"": ""consensus_estimate_co2_warms_planet"", ""Q003"": ""consensus_estimate_net_zero_before_2085""}",consensus_stage_a,consensus_two_stage_interactive_adaptation_v1,G|LP0412|Consensus|stage_a|replicate_1,87e0b36521e1abbc9df7059c3a1b36c1bb45cc53aeb14a914b6ccd1ddbb5df3e,675efa1486e53a4914248132dda701b834c9e26599d8c4c4d7b41db57bfcf2b0,
G|LP0413|Consensus|stage_a|replicate_1,G-98201d5f1bd0bc5a3cd362ea692b6bc0bba94f0e,G,target,LP0413,Consensus,consensus_stage_a_estimates,1,google/gemma-4-31B-it,a1428a10f0ff9d4bde970a119fc43a75b7aaf8c860eb7633115fabd42252d1fa,675efa1486e53a4914248132dda701b834c9e26599d8c4c4d7b41db57bfcf2b0,consensus_two_stage_interactive_adaptation_v1,prompt_compiler_v2_split_g_f,1276180250,pending,Q001|Q002|Q003,"{""Q001"": ""consensus_estimate_human_primary_cause"", ""Q002"": ""consensus_estimate_co2_warms_planet"", ""Q003"": ""consensus_estimate_net_zero_before_2085""}",consensus_stage_a,consensus_two_stage_interactive_adaptation_v1,G|LP0413|Consensus|stage_a|replicate_1,a1428a10f0ff9d4bde970a119fc43a75b7aaf8c860eb7633115fabd42252d1fa,675efa1486e53a4914248132dda701b834c9e26599d8c4c4d7b41db57bfcf2b0,
G|LP0414|Consensus|stage_a|replicate_1,G-624a3b0e3c643da6b300dc3044e95a3a704a4b93,G,target,LP0414,Consensus,consensus_stage_a_estimates,1,google/gemma-4-31B-it,b05fcfeece029853fe5e8b278a42f63691bda3588b2dc926d96fa40c3ea98844,675efa1486e53a4914248132dda701b834c9e26599d8c4c4d7b41db57bfcf2b0,consensus_two_stage_interactive_adaptation_v1,prompt_compiler_v2_split_g_f,16298948,pending,Q001|Q002|Q003,"{""Q001"": ""consensus_estimate_co2_warms_planet"", ""Q002"": ""consensus_estimate_net_zero_before_2085"", ""Q003"": ""consensus_estimate_human_primary_cause""}",consensus_stage_a,consensus_two_stage_interactive_adaptation_v1,G|LP0414|Consensus|stage_a|replicate_1,b05fcfeece029853fe5e8b278a42f63691bda3588b2dc926d96fa40c3ea98844,675efa1486e53a4914248132dda701b834c9e26599d8c4c4d7b41db57bfcf2b0,
G|LP0415|Consensus|stage_a|replicate_1,G-6a23bebb5bc99737d2339282b64750ac6e04b164,G,target,LP0415,Consensus,consensus_stage_a_estimates,1,google/gemma-4-31B-it,a222ed141bfae00a8814f31ffc3e70f0b10e21a11cf0366d7db46ca57b0c2ec2,675efa1486e53a4914248132dda701b834c9e26599d8c4c4d7b41db57bfcf2b0,consensus_two_stage_interactive_adaptation_v1,prompt_compiler_v2_split_g_f,806425775,pending,Q001|Q002|Q003,"{""Q001"": ""consensus_estimate_net_zero_before_2085"", ""Q002"": ""consensus_estimate_human_primary_cause"", ""Q003"": ""consensus_estimate_co2_warms_planet""}",consensus_stage_a,consensus_two_stage_interactive_adaptation_v1,G|LP0415|Consensus|stage_a|replicate_1,a222ed141bfae00a8814f31ffc3e70f0b10e21a11cf0366d7db46ca57b0c2ec2,675efa1486e53a4914248132dda701b834c9e26599d8c4c4d7b41db57bfcf2b0,
G|LP0416|Consensus|stage_a|replicate_1,G-4a522ceb2a0f8164d24d60e9b747ed142c014214,G,target,LP0416,Consensus,consensus_stage_a_estimates,1,google/gemma-4-31B-it,59e37ea7dec21a911bc40dd9a4deafe9c58798aa1aeb20869e893591af0d6b8c,675efa1486e53a4914248132dda701b834c9e26599d8c4c4d7b41db57bfcf2b0,consensus_two_stage_interactive_adaptation_v1,prompt_compiler_v2_split_g_f,1051974459,pending,Q001|Q002|Q003,"{""Q001"": ""consensus_estimate_net_zero_before_2085"", ""Q002"": ""consensus_estimate_co2_warms_planet"", ""Q003"": ""consensus_estimate_human_primary_cause""}",consensus_stage_a,consensus_two_stage_interactive_adaptation_v1,G|LP0416|Consensus|stage_a|replicate_1,59e37ea7dec21a911bc40dd9a4deafe9c58798aa1aeb20869e893591af0d6b8c,675efa1486e53a4914248132dda701b834c9e26599d8c4c4d7b41db57bfcf2b0,
G|LP0417|Consensus|stage_a|replicate_1,G-fee8e8580e9c6ad96245610c153309af20ef0c6d,G,target,LP0417,Consensus,consensus_stage_a_estimates,1,google/gemma-4-31B-it,f94b17c684e423e9089d7a646d516b9d9c866d39cd8035d0ae2d51ca43b9208c,675efa1486e53a4914248132dda701b834c9e26599d8c4c4d7b41db57bfcf2b0,consensus_two_stage_interactive_adaptation_v1,prompt_compiler_v2_split_g_f,208550797,pending,Q001|Q002|Q003,"{""Q001"": ""consensus_estimate_human_primary_cause"", ""Q002"": ""consensus_estimate_co2_warms_planet"", ""Q003"": ""consensus_estimate_net_zero_before_2085""}",consensus_stage_a,consensus_two_stage_interactive_adaptation_v1,G|LP0417|Consensus|stage_a|replicate_1,f94b17c684e423e9089d7a646d516b9d9c866d39cd8035d0ae2d51ca43b9208c,675efa1486e53a4914248132dda701b834c9e26599d8c4c4d7b41db57bfcf2b0,
G|LP0418|Consensus|stage_a|replicate_1,G-847e5c697b767492d586521786dda60ff1dd90c3,G,target,LP0418,Consensus,consensus_stage_a_estimates,1,google/gemma-4-31B-it,0194cddc21a309976c32f436320f959eee5742012e07a78924d81261c6b94422,675efa1486e53a4914248132dda701b834c9e26599d8c4c4d7b41db57bfcf2b0,consensus_two_stage_interactive_adaptation_v1,prompt_compiler_v2_split_g_f,74657127,pending,Q001|Q002|Q003,"{""Q001"": ""consensus_estimate_human_primary_cause"", ""Q002"": ""consensus_estimate_co2_warms_planet"", ""Q003"": ""consensus_estimate_net_zero_before_2085""}",consensus_stage_a,consensus_two_stage_interactive_adaptation_v1,G|LP0418|Consensus|stage_a|replicate_1,0194cddc21a309976c32f436320f959eee5742012e07a78924d81261c6b94422,675efa1486e53a4914248132dda701b834c9e26599d8c4c4d7b41db57bfcf2b0,
G|LP0419|Consensus|stage_a|replicate_1,G-882c774bd1c20bfd3e70bd31a6b21f50f36ae5fa,G,target,LP0419,Consensus,consensus_stage_a_estimates,1,google/gemma-4-31B-it,3fa41cd3bd82806cc12141d5425a84aaec3b59a168b923e5b6b92aa3b9297ab6,675efa1486e53a4914248132dda701b834c9e26599d8c4c4d7b41db57bfcf2b0,consensus_two_stage_interactive_adaptation_v1,prompt_compiler_v2_split_g_f,1645935254,pending,Q001|Q002|Q003,"{""Q001"": ""consensus_estimate_net_zero_before_2085"", ""Q002"": ""consensus_estimate_human_primary_cause"", ""Q003"": ""consensus_estimate_co2_warms_planet""}",consensus_stage_a,consensus_two_stage_interactive_adaptation_v1,G|LP0419|Consensus|stage_a|replicate_1,3fa41cd3bd82806cc12141d5425a84aaec3b59a168b923e5b6b92aa3b9297ab6,675efa1486e53a4914248132dda701b834c9e26599d8c4c4d7b41db57bfcf2b0,
G|LP0420|Consensus|stage_a|replicate_1,G-31dba9150386fe01a911d38357dbd2685517524f,G,target,LP0420,Consensus,consensus_stage_a_estimates,1,google/gemma-4-31B-it,646ffc69201ce5b731ff1c3c292c80fc9e89070e30bf0dd7c31ea12ffe8f2446,675efa1486e53a4914248132dda701b834c9e26599d8c4c4d7b41db57bfcf2b0,consensus_two_stage_interactive_adaptation_v1,prompt_compiler_v2_split_g_f,1732137003,pending,Q001|Q002|Q003,"{""Q001"": ""consensus_estimate_net_zero_before_2085"", ""Q002"": ""consensus_estimate_co2_warms_planet"", ""Q003"": ""consensus_estimate_human_primary_cause""}",consensus_stage_a,consensus_two_stage_interactive_adaptation_v1,G|LP0420|Consensus|stage_a|replicate_1,646ffc69201ce5b731ff1c3c292c80fc9e89070e30bf0dd7c31ea12ffe8f2446,675efa1486e53a4914248132dda701b834c9e26599d8c4c4d7b41db57bfcf2b0,
G|LP0421|Consensus|stage_a|replicate_1,G-0170d777710e89edebf8c6d03fe7ff0fc1beeecb,G,target,LP0421,Consensus,consensus_stage_a_estimates,1,google/gemma-4-31B-it,d47fed3bf77796f3d8360bd48b11d260d67799214850c166665b143761f64fff,675efa1486e53a4914248132dda701b834c9e26599d8c4c4d7b41db57bfcf2b0,consensus_two_stage_interactive_adaptation_v1,prompt_compiler_v2_split_g_f,1945123035,pending,Q001|Q002|Q003,"{""Q001"": ""consensus_estimate_net_zero_before_2085"", ""Q002"": ""consensus_estimate_human_primary_cause"", ""Q003"": ""consensus_estimate_co2_warms_planet""}",consensus_stage_a,consensus_two_stage_interactive_adaptation_v1,G|LP0421|Consensus|stage_a|replicate_1,d47fed3bf77796f3d8360bd48b11d260d67799214850c166665b143761f64fff,675efa1486e53a4914248132dda701b834c9e26599d8c4c4d7b41db57bfcf2b0,
G|LP0422|Consensus|stage_a|replicate_1,G-64a06e08cadade27a4ec951761a76cdd27d01724,G,target,LP0422,Consensus,consensus_stage_a_estimates,1,google/gemma-4-31B-it,98c2b9a9b01b305ff776436a08799a9ac00c5579fbc586b2caf1406cec39a011,675efa1486e53a4914248132dda701b834c9e26599d8c4c4d7b41db57bfcf2b0,consensus_two_stage_interactive_adaptation_v1,prompt_compiler_v2_split_g_f,337361466,pending,Q001|Q002|Q003,"{""Q001"": ""consensus_estimate_net_zero_before_2085"", ""Q002"": ""consensus_estimate_human_primary_cause"", ""Q003"": ""consensus_estimate_co2_warms_planet""}",consensus_stage_a,consensus_two_stage_interactive_adaptation_v1,G|LP0422|Consensus|stage_a|replicate_1,98c2b9a9b01b305ff776436a08799a9ac00c5579fbc586b2caf1406cec39a011,675efa1486e53a4914248132dda701b834c9e26599d8c4c4d7b41db57bfcf2b0,
G|LP0423|Consensus|stage_a|replicate_1,G-aac75dfa4a1fcd8d39c167058078582a40136840,G,target,LP0423,Consensus,consensus_stage_a_estimates,1,google/gemma-4-31B-it,5f57cf0fbca8d40f4454eed40ceac1d111175ac18ad692fde1a86ddfe65d1e81,675efa1486e53a4914248132dda701b834c9e26599d8c4c4d7b41db57bfcf2b0,consensus_two_stage_interactive_adaptation_v1,prompt_compiler_v2_split_g_f,531532164,pending,Q001|Q002|Q003,"{""Q001"": ""consensus_estimate_net_zero_before_2085"", ""Q002"": ""consensus_estimate_human_primary_cause"", ""Q003"": ""consensus_estimate_co2_warms_planet""}",consensus_stage_a,consensus_two_stage_interactive_adaptation_v1,G|LP0423|Consensus|stage_a|replicate_1,5f57cf0fbca8d40f4454eed40ceac1d111175ac18ad692fde1a86ddfe65d1e81,675efa1486e53a4914248132dda701b834c9e26599d8c4c4d7b41db57bfcf2b0,
G|LP0424|Consensus|stage_a|replicate_1,G-d9ef310ceef4880e1e215efd0d3cc54fae006c32,G,target,LP0424,Consensus,consensus_stage_a_estimates,1,google/gemma-4-31B-it,64f22ab0ed354ad3975b75d2848b1e88303bab45059b592e251a01674e04759a,675efa1486e53a4914248132dda701b834c9e26599d8c4c4d7b41db57bfcf2b0,consensus_two_stage_interactive_adaptation_v1,prompt_compiler_v2_split_g_f,584247851,pending,Q001|Q002|Q003,"{""Q001"": ""consensus_estimate_net_zero_before_2085"", ""Q002"": ""consensus_estimate_human_primary_cause"", ""Q003"": ""consensus_estimate_co2_warms_planet""}",consensus_stage_a,consensus_two_stage_interactive_adaptation_v1,G|LP0424|Consensus|stage_a|replicate_1,64f22ab0ed354ad3975b75d2848b1e88303bab45059b592e251a01674e04759a,675efa1486e53a4914248132dda701b834c9e26599d8c4c4d7b41db57bfcf2b0,
G|LP0425|Consensus|stage_a|replicate_1,G-bb195dad4d14cd8fe5f5f8fe0090b40f69180630,G,target,LP0425,Consensus,consensus_stage_a_estimates,1,google/gemma-4-31B-it,1a9b9c4d5b9f69aa5d4c8d2c18ff3b376c7525f3c8f27b1d47f738c0c4b310c2,675efa1486e53a4914248132dda701b834c9e26599d8c4c4d7b41db57bfcf2b0,consensus_two_stage_interactive_adaptation_v1,prompt_compiler_v2_split_g_f,1128761580,pending,Q001|Q002|Q003,"{""Q001"": ""consensus_estimate_human_primary_cause"", ""Q002"": ""consensus_estimate_net_zero_before_2085"", ""Q003"": ""consensus_estimate_co2_warms_planet""}",consensus_stage_a,consensus_two_stage_interactive_adaptation_v1,G|LP0425|Consensus|stage_a|replicate_1,1a9b9c4d5b9f69aa5d4c8d2c18ff3b376c7525f3c8f27b1d47f738c0c4b310c2,675efa1486e53a4914248132dda701b834c9e26599d8c4c4d7b41db57bfcf2b0,
G|LP0426|Consensus|stage_a|replicate_1,G-09a8887fc191fc936c29d7984ac6d00f432adfb7,G,target,LP0426,Consensus,consensus_stage_a_estimates,1,google/gemma-4-31B-it,e4f59e32ed4c22013453d58201e9f3d49a19b07a629439c77a3f875f0eac034d,675efa1486e53a4914248132dda701b834c9e26599d8c4c4d7b41db57bfcf2b0,consensus_two_stage_interactive_adaptation_v1,prompt_compiler_v2_split_g_f,1424166290,pending,Q001|Q002|Q003,"{""Q001"": ""consensus_estimate_co2_warms_planet"", ""Q002"": ""consensus_estimate_net_zero_before_2085"", ""Q003"": ""consensus_estimate_human_primary_cause""}",consensus_stage_a,consensus_two_stage_interactive_adaptation_v1,G|LP0426|Consensus|stage_a|replicate_1,e4f59e32ed4c22013453d58201e9f3d49a19b07a629439c77a3f875f0eac034d,675efa1486e53a4914248132dda701b834c9e26599d8c4c4d7b41db57bfcf2b0,
G|LP0427|Consensus|stage_a|replicate_1,G-bbbe3b3a4df4c55db47b8a2c0c6221f6266838e6,G,target,LP0427,Consensus,consensus_stage_a_estimates,1,google/gemma-4-31B-it,98a659978bf876e46302996246d6ab4df92d93b1ea1bfcec7303e7748d60e9f8,675efa1486e53a4914248132dda701b834c9e26599d8c4c4d7b41db57bfcf2b0,consensus_two_stage_interactive_adaptation_v1,prompt_compiler_v2_split_g_f,1165048788,pending,Q001|Q002|Q003,"{""Q001"": ""consensus_estimate_human_primary_cause"", ""Q002"": ""consensus_estimate_co2_warms_planet"", ""Q003"": ""consensus_estimate_net_zero_before_2085""}",consensus_stage_a,consensus_two_stage_interactive_adaptation_v1,G|LP0427|Consensus|stage_a|replicate_1,98a659978bf876e46302996246d6ab4df92d93b1ea1bfcec7303e7748d60e9f8,675efa1486e53a4914248132dda701b834c9e26599d8c4c4d7b41db57bfcf2b0,
G|LP0428|Consensus|stage_a|replicate_1,G-349c17f35a1b3c83ba54cd94a7bcc988d4318a32,G,target,LP0428,Consensus,consensus_stage_a_estimates,1,google/gemma-4-31B-it,d26a0d128a0596de91bcd24aca1f07702ef63f8443ef167a1505c51a5532938e,675efa1486e53a4914248132dda701b834c9e26599d8c4c4d7b41db57bfcf2b0,consensus_two_stage_interactive_adaptation_v1,prompt_compiler_v2_split_g_f,1129540714,pending,Q001|Q002|Q003,"{""Q001"": ""consensus_estimate_human_primary_cause"", ""Q002"": ""consensus_estimate_co2_warms_planet"", ""Q003"": ""consensus_estimate_net_zero_before_2085""}",consensus_stage_a,consensus_two_stage_interactive_adaptation_v1,G|LP0428|Consensus|stage_a|replicate_1,d26a0d128a0596de91bcd24aca1f07702ef63f8443ef167a1505c51a5532938e,675efa1486e53a4914248132dda701b834c9e26599d8c4c4d7b41db57bfcf2b0,
G|LP0429|Consensus|stage_a|replicate_1,G-33640ac538b4a89a167697b7be396bde9d73d7c7,G,target,LP0429,Consensus,consensus_stage_a_estimates,1,google/gemma-4-31B-it,d0b0fadf9e8f0628326f437a7a462320213c83b7ccbd88070f815670bbe0cad7,675efa1486e53a4914248132dda701b834c9e26599d8c4c4d7b41db57bfcf2b0,consensus_two_stage_interactive_adaptation_v1,prompt_compiler_v2_split_g_f,528268837,pending,Q001|Q002|Q003,"{""Q001"": ""consensus_estimate_net_zero_before_2085"", ""Q002"": ""consensus_estimate_human_primary_cause"", ""Q003"": ""consensus_estimate_co2_warms_planet""}",consensus_stage_a,consensus_two_stage_interactive_adaptation_v1,G|LP0429|Consensus|stage_a|replicate_1,d0b0fadf9e8f0628326f437a7a462320213c83b7ccbd88070f815670bbe0cad7,675efa1486e53a4914248132dda701b834c9e26599d8c4c4d7b41db57bfcf2b0,
G|LP0430|Consensus|stage_a|replicate_1,G-4000560ae4d6e87b82e741e887885e7325784341,G,target,LP0430,Consensus,consensus_stage_a_estimates,1,google/gemma-4-31B-it,ec3917251aba0abbb2e72476cca09b88dea499e0f926e6d4f78a6255572c3336,675efa1486e53a4914248132dda701b834c9e26599d8c4c4d7b41db57bfcf2b0,consensus_two_stage_interactive_adaptation_v1,prompt_compiler_v2_split_g_f,1691849873,pending,Q001|Q002|Q003,"{""Q001"": ""consensus_estimate_co2_warms_planet"", ""Q002"": ""consensus_estimate_net_zero_before_2085"", ""Q003"": ""consensus_estimate_human_primary_cause""}",consensus_stage_a,consensus_two_stage_interactive_adaptation_v1,G|LP0430|Consensus|stage_a|replicate_1,ec3917251aba0abbb2e72476cca09b88dea499e0f926e6d4f78a6255572c3336,675efa1486e53a4914248132dda701b834c9e26599d8c4c4d7b41db57bfcf2b0,
G|LP0431|Consensus|stage_a|replicate_1,G-8b8fa2bb344c8633a0ff709457f1895f5cf8e7d0,G,target,LP0431,Consensus,consensus_stage_a_estimates,1,google/gemma-4-31B-it,d9fe3fa7ac3ab8ba23dc12be03c1c73218b69a0326c6d57171961808349e096e,675efa1486e53a4914248132dda701b834c9e26599d8c4c4d7b41db57bfcf2b0,consensus_two_stage_interactive_adaptation_v1,prompt_compiler_v2_split_g_f,1265355691,pending,Q001|Q002|Q003,"{""Q001"": ""consensus_estimate_co2_warms_planet"", ""Q002"": ""consensus_estimate_human_primary_cause"", ""Q003"": ""consensus_estimate_net_zero_before_2085""}",consensus_stage_a,consensus_two_stage_interactive_adaptation_v1,G|LP0431|Consensus|stage_a|replicate_1,d9fe3fa7ac3ab8ba23dc12be03c1c73218b69a0326c6d57171961808349e096e,675efa1486e53a4914248132dda701b834c9e26599d8c4c4d7b41db57bfcf2b0,
G|LP0432|Consensus|stage_a|replicate_1,G-c6f5b4bb2990912858f65aa367e88bc91c1848ed,G,target,LP0432,Consensus,consensus_stage_a_estimates,1,google/gemma-4-31B-it,7e46a526f366aadc10c593f6db4a469a280cfca35d74cbf142697e21212db879,675efa1486e53a4914248132dda701b834c9e26599d8c4c4d7b41db57bfcf2b0,consensus_two_stage_interactive_adaptation_v1,prompt_compiler_v2_split_g_f,930871969,pending,Q001|Q002|Q003,"{""Q001"": ""consensus_estimate_co2_warms_planet"", ""Q002"": ""consensus_estimate_human_primary_cause"", ""Q003"": ""consensus_estimate_net_zero_before_2085""}",consensus_stage_a,consensus_two_stage_interactive_adaptation_v1,G|LP0432|Consensus|stage_a|replicate_1,7e46a526f366aadc10c593f6db4a469a280cfca35d74cbf142697e21212db879,675efa1486e53a4914248132dda701b834c9e26599d8c4c4d7b41db57bfcf2b0,
G|LP0433|Consensus|stage_a|replicate_1,G-c118163ea7c85e3898ee40eed97eb6d3bf9ca50c,G,target,LP0433,Consensus,consensus_stage_a_estimates,1,google/gemma-4-31B-it,c723ee909fe82163dd44adda9b10f545edcfea655534d444b5a8f585f552bccf,675efa1486e53a4914248132dda701b834c9e26599d8c4c4d7b41db57bfcf2b0,consensus_two_stage_interactive_adaptation_v1,prompt_compiler_v2_split_g_f,704154296,pending,Q001|Q002|Q003,"{""Q001"": ""consensus_estimate_human_primary_cause"", ""Q002"": ""consensus_estimate_net_zero_before_2085"", ""Q003"": ""consensus_estimate_co2_warms_planet""}",consensus_stage_a,consensus_two_stage_interactive_adaptation_v1,G|LP0433|Consensus|stage_a|replicate_1,c723ee909fe82163dd44adda9b10f545edcfea655534d444b5a8f585f552bccf,675efa1486e53a4914248132dda701b834c9e26599d8c4c4d7b41db57bfcf2b0,
G|LP0434|Consensus|stage_a|replicate_1,G-122aa76243690b2a8c1b9ce2b6480ae7e72ad7df,G,target,LP0434,Consensus,consensus_stage_a_estimates,1,google/gemma-4-31B-it,9d307625a512c19e9b567bff119f7a6516b4dfd4879a6ba809bc58d4064f171e,675efa1486e53a4914248132dda701b834c9e26599d8c4c4d7b41db57bfcf2b0,consensus_two_stage_interactive_adaptation_v1,prompt_compiler_v2_split_g_f,1740528110,pending,Q001|Q002|Q003,"{""Q001"": ""consensus_estimate_human_primary_cause"", ""Q002"": ""consensus_estimate_net_zero_before_2085"", ""Q003"": ""consensus_estimate_co2_warms_planet""}",consensus_stage_a,consensus_two_stage_interactive_adaptation_v1,G|LP0434|Consensus|stage_a|replicate_1,9d307625a512c19e9b567bff119f7a6516b4dfd4879a6ba809bc58d4064f171e,675efa1486e53a4914248132dda701b834c9e26599d8c4c4d7b41db57bfcf2b0,
G|LP0435|Consensus|stage_a|replicate_1,G-889e61548eebf108ed6d57b3a709be0e78a4c956,G,target,LP0435,Consensus,consensus_stage_a_estimates,1,google/gemma-4-31B-it,e1b79cd59f01db5ea2e3044920a30e94e5465f75220991b44a40a64e4aa4c257,675efa1486e53a4914248132dda701b834c9e26599d8c4c4d7b41db57bfcf2b0,consensus_two_stage_interactive_adaptation_v1,prompt_compiler_v2_split_g_f,539538355,pending,Q001|Q002|Q003,"{""Q001"": ""consensus_estimate_co2_warms_planet"", ""Q002"": ""consensus_estimate_net_zero_before_2085"", ""Q003"": ""consensus_estimate_human_primary_cause""}",consensus_stage_a,consensus_two_stage_interactive_adaptation_v1,G|LP0435|Consensus|stage_a|replicate_1,e1b79cd59f01db5ea2e3044920a30e94e5465f75220991b44a40a64e4aa4c257,675efa1486e53a4914248132dda701b834c9e26599d8c4c4d7b41db57bfcf2b0,
G|LP0436|Consensus|stage_a|replicate_1,G-792fd6bd8b7b1272e95d2e03a1e4ee24c1580f52,G,target,LP0436,Consensus,consensus_stage_a_estimates,1,google/gemma-4-31B-it,a5c1acf560418e53b2d19a903ca3a8eb37bb806a8d82b9cf9097198489609af1,675efa1486e53a4914248132dda701b834c9e26599d8c4c4d7b41db57bfcf2b0,consensus_two_stage_interactive_adaptation_v1,prompt_compiler_v2_split_g_f,2111487982,pending,Q001|Q002|Q003,"{""Q001"": ""consensus_estimate_co2_warms_planet"", ""Q002"": ""consensus_estimate_human_primary_cause"", ""Q003"": ""consensus_estimate_net_zero_before_2085""}",consensus_stage_a,consensus_two_stage_interactive_adaptation_v1,G|LP0436|Consensus|stage_a|replicate_1,a5c1acf560418e53b2d19a903ca3a8eb37bb806a8d82b9cf9097198489609af1,675efa1486e53a4914248132dda701b834c9e26599d8c4c4d7b41db57bfcf2b0,
G|LP0437|Consensus|stage_a|replicate_1,G-cf6c995772e29e49c824aa344ab8c8cfbc55cc69,G,target,LP0437,Consensus,consensus_stage_a_estimates,1,google/gemma-4-31B-it,1a2286b029ce05b68983f019767fdb50581abe5dfdaeb4fecb104264117a4349,675efa1486e53a4914248132dda701b834c9e26599d8c4c4d7b41db57bfcf2b0,consensus_two_stage_interactive_adaptation_v1,prompt_compiler_v2_split_g_f,297521403,pending,Q001|Q002|Q003,"{""Q001"": ""consensus_estimate_human_primary_cause"", ""Q002"": ""consensus_estimate_co2_warms_planet"", ""Q003"": ""consensus_estimate_net_zero_before_2085""}",consensus_stage_a,consensus_two_stage_interactive_adaptation_v1,G|LP0437|Consensus|stage_a|replicate_1,1a2286b029ce05b68983f019767fdb50581abe5dfdaeb4fecb104264117a4349,675efa1486e53a4914248132dda701b834c9e26599d8c4c4d7b41db57bfcf2b0,
G|LP0438|Consensus|stage_a|replicate_1,G-9c7fc665b2daa5d34d3917f8cb664f97b7aa59ff,G,target,LP0438,Consensus,consensus_stage_a_estimates,1,google/gemma-4-31B-it,a6643a1be021be2511dc53a3419f7d747db31f471c15eb3283e85169c09650ad,675efa1486e53a4914248132dda701b834c9e26599d8c4c4d7b41db57bfcf2b0,consensus_two_stage_interactive_adaptation_v1,prompt_compiler_v2_split_g_f,1809461920,pending,Q001|Q002|Q003,"{""Q001"": ""consensus_estimate_net_zero_before_2085"", ""Q002"": ""consensus_estimate_human_primary_cause"", ""Q003"": ""consensus_estimate_co2_warms_planet""}",consensus_stage_a,consensus_two_stage_interactive_adaptation_v1,G|LP0438|Consensus|stage_a|replicate_1,a6643a1be021be2511dc53a3419f7d747db31f471c15eb3283e85169c09650ad,675efa1486e53a4914248132dda701b834c9e26599d8c4c4d7b41db57bfcf2b0,
G|LP0439|Consensus|stage_a|replicate_1,G-6a7abcd70fcc2e8103154179453c348e894cd688,G,target,LP0439,Consensus,consensus_stage_a_estimates,1,google/gemma-4-31B-it,8a74d68ff8719a9d6af59e6a1f595e2c1de751e3d96c2286453b42af2ad75585,675efa1486e53a4914248132dda701b834c9e26599d8c4c4d7b41db57bfcf2b0,consensus_two_stage_interactive_adaptation_v1,prompt_compiler_v2_split_g_f,1690413104,pending,Q001|Q002|Q003,"{""Q001"": ""consensus_estimate_co2_warms_planet"", ""Q002"": ""consensus_estimate_human_primary_cause"", ""Q003"": ""consensus_estimate_net_zero_before_2085""}",consensus_stage_a,consensus_two_stage_interactive_adaptation_v1,G|LP0439|Consensus|stage_a|replicate_1,8a74d68ff8719a9d6af59e6a1f595e2c1de751e3d96c2286453b42af2ad75585,675efa1486e53a4914248132dda701b834c9e26599d8c4c4d7b41db57bfcf2b0,
G|LP0440|Consensus|stage_a|replicate_1,G-6388a3166d908edb40c0e8c3ad6b69bee0ea4fe6,G,target,LP0440,Consensus,consensus_stage_a_estimates,1,google/gemma-4-31B-it,0274bd1e1676ef1349c62e27e5844f649f9729837a431d234fb3af905b8795cd,675efa1486e53a4914248132dda701b834c9e26599d8c4c4d7b41db57bfcf2b0,consensus_two_stage_interactive_adaptation_v1,prompt_compiler_v2_split_g_f,883021065,pending,Q001|Q002|Q003,"{""Q001"": ""consensus_estimate_human_primary_cause"", ""Q002"": ""consensus_estimate_net_zero_before_2085"", ""Q003"": ""consensus_estimate_co2_warms_planet""}",consensus_stage_a,consensus_two_stage_interactive_adaptation_v1,G|LP0440|Consensus|stage_a|replicate_1,0274bd1e1676ef1349c62e27e5844f649f9729837a431d234fb3af905b8795cd,675efa1486e53a4914248132dda701b834c9e26599d8c4c4d7b41db57bfcf2b0,
G|LP0441|Consensus|stage_a|replicate_1,G-e5df09f796f526270208ceef8a4cd482e7b2e227,G,target,LP0441,Consensus,consensus_stage_a_estimates,1,google/gemma-4-31B-it,1436a77404305f38d808ac8c0226ae1400c93498585cd24c2bf07bb1fdc531e0,675efa1486e53a4914248132dda701b834c9e26599d8c4c4d7b41db57bfcf2b0,consensus_two_stage_interactive_adaptation_v1,prompt_compiler_v2_split_g_f,1655912985,pending,Q001|Q002|Q003,"{""Q001"": ""consensus_estimate_human_primary_cause"", ""Q002"": ""consensus_estimate_co2_warms_planet"", ""Q003"": ""consensus_estimate_net_zero_before_2085""}",consensus_stage_a,consensus_two_stage_interactive_adaptation_v1,G|LP0441|Consensus|stage_a|replicate_1,1436a77404305f38d808ac8c0226ae1400c93498585cd24c2bf07bb1fdc531e0,675efa1486e53a4914248132dda701b834c9e26599d8c4c4d7b41db57bfcf2b0,
G|LP0442|Consensus|stage_a|replicate_1,G-c53e1696936f7a5501d195eb70c2b3ed793293a1,G,target,LP0442,Consensus,consensus_stage_a_estimates,1,google/gemma-4-31B-it,687ddbf2b7dfde696c504d44d3a5587c21b030e042cc964f0a70f2d20f6f9ca7,675efa1486e53a4914248132dda701b834c9e26599d8c4c4d7b41db57bfcf2b0,consensus_two_stage_interactive_adaptation_v1,prompt_compiler_v2_split_g_f,501983109,pending,Q001|Q002|Q003,"{""Q001"": ""consensus_estimate_human_primary_cause"", ""Q002"": ""consensus_estimate_net_zero_before_2085"", ""Q003"": ""consensus_estimate_co2_warms_planet""}",consensus_stage_a,consensus_two_stage_interactive_adaptation_v1,G|LP0442|Consensus|stage_a|replicate_1,687ddbf2b7dfde696c504d44d3a5587c21b030e042cc964f0a70f2d20f6f9ca7,675efa1486e53a4914248132dda701b834c9e26599d8c4c4d7b41db57bfcf2b0,
G|LP0443|Consensus|stage_a|replicate_1,G-da59d16654bc48b7fcd26b33df62f4d235dcd37e,G,target,LP0443,Consensus,consensus_stage_a_estimates,1,google/gemma-4-31B-it,6029c0cadd681b0d0f5791cb96b2f8717c32034f0bcbfd1c6ba2b90a2bf1b297,675efa1486e53a4914248132dda701b834c9e26599d8c4c4d7b41db57bfcf2b0,consensus_two_stage_interactive_adaptation_v1,prompt_compiler_v2_split_g_f,158329735,pending,Q001|Q002|Q003,"{""Q001"": ""consensus_estimate_co2_warms_planet"", ""Q002"": ""consensus_estimate_human_primary_cause"", ""Q003"": ""consensus_estimate_net_zero_before_2085""}",consensus_stage_a,consensus_two_stage_interactive_adaptation_v1,G|LP0443|Consensus|stage_a|replicate_1,6029c0cadd681b0d0f5791cb96b2f8717c32034f0bcbfd1c6ba2b90a2bf1b297,675efa1486e53a4914248132dda701b834c9e26599d8c4c4d7b41db57bfcf2b0,
G|LP0444|Consensus|stage_a|replicate_1,G-cf5648487747b6878ec8eda6bd79cc2a6efac702,G,target,LP0444,Consensus,consensus_stage_a_estimates,1,google/gemma-4-31B-it,84d55cc32b553364ad7da1c0f95ea29f181b21b9762d7b72f693acf9f6ac681b,675efa1486e53a4914248132dda701b834c9e26599d8c4c4d7b41db57bfcf2b0,consensus_two_stage_interactive_adaptation_v1,prompt_compiler_v2_split_g_f,368330523,pending,Q001|Q002|Q003,"{""Q001"": ""consensus_estimate_net_zero_before_2085"", ""Q002"": ""consensus_estimate_human_primary_cause"", ""Q003"": ""consensus_estimate_co2_warms_planet""}",consensus_stage_a,consensus_two_stage_interactive_adaptation_v1,G|LP0444|Consensus|stage_a|replicate_1,84d55cc32b553364ad7da1c0f95ea29f181b21b9762d7b72f693acf9f6ac681b,675efa1486e53a4914248132dda701b834c9e26599d8c4c4d7b41db57bfcf2b0,
G|LP0445|Consensus|stage_a|replicate_1,G-79ec60a88bc8b5fbb8a7b2694b9ae7fd100f4d8e,G,target,LP0445,Consensus,consensus_stage_a_estimates,1,google/gemma-4-31B-it,e6bee7d9752c6f8590b02acefd582b2fa482829e807a85928191e05625a5f37e,675efa1486e53a4914248132dda701b834c9e26599d8c4c4d7b41db57bfcf2b0,consensus_two_stage_interactive_adaptation_v1,prompt_compiler_v2_split_g_f,2141288269,pending,Q001|Q002|Q003,"{""Q001"": ""consensus_estimate_co2_warms_planet"", ""Q002"": ""consensus_estimate_human_primary_cause"", ""Q003"": ""consensus_estimate_net_zero_before_2085""}",consensus_stage_a,consensus_two_stage_interactive_adaptation_v1,G|LP0445|Consensus|stage_a|replicate_1,e6bee7d9752c6f8590b02acefd582b2fa482829e807a85928191e05625a5f37e,675efa1486e53a4914248132dda701b834c9e26599d8c4c4d7b41db57bfcf2b0,
G|LP0446|Consensus|stage_a|replicate_1,G-18214fa9044b49a4dba476eeba68a3532fc92064,G,target,LP0446,Consensus,consensus_stage_a_estimates,1,google/gemma-4-31B-it,33bcdb717036051aa417e0fc5abcbc2fa68b818ef4478a0785bea80a951c11b7,675efa1486e53a4914248132dda701b834c9e26599d8c4c4d7b41db57bfcf2b0,consensus_two_stage_interactive_adaptation_v1,prompt_compiler_v2_split_g_f,881715446,pending,Q001|Q002|Q003,"{""Q001"": ""consensus_estimate_co2_warms_planet"", ""Q002"": ""consensus_estimate_net_zero_before_2085"", ""Q003"": ""consensus_estimate_human_primary_cause""}",consensus_stage_a,consensus_two_stage_interactive_adaptation_v1,G|LP0446|Consensus|stage_a|replicate_1,33bcdb717036051aa417e0fc5abcbc2fa68b818ef4478a0785bea80a951c11b7,675efa1486e53a4914248132dda701b834c9e26599d8c4c4d7b41db57bfcf2b0,
G|LP0447|Consensus|stage_a|replicate_1,G-66ce20eee0269e39ed1e5806a28c1985eb3de358,G,target,LP0447,Consensus,consensus_stage_a_estimates,1,google/gemma-4-31B-it,3523dab03991a1dbafa9323c2f0a80c92eb1984dd502d3d705a7f13bc755bedd,675efa1486e53a4914248132dda701b834c9e26599d8c4c4d7b41db57bfcf2b0,consensus_two_stage_interactive_adaptation_v1,prompt_compiler_v2_split_g_f,767746072,pending,Q001|Q002|Q003,"{""Q001"": ""consensus_estimate_co2_warms_planet"", ""Q002"": ""consensus_estimate_human_primary_cause"", ""Q003"": ""consensus_estimate_net_zero_before_2085""}",consensus_stage_a,consensus_two_stage_interactive_adaptation_v1,G|LP0447|Consensus|stage_a|replicate_1,3523dab03991a1dbafa9323c2f0a80c92eb1984dd502d3d705a7f13bc755bedd,675efa1486e53a4914248132dda701b834c9e26599d8c4c4d7b41db57bfcf2b0,
G|LP0448|Consensus|stage_a|replicate_1,G-85c7c95e519b668fed05ba976ff54ef16d320e52,G,target,LP0448,Consensus,consensus_stage_a_estimates,1,google/gemma-4-31B-it,a76ff6d1131eea0ac22460951f5586ef6c01abd23e0e941d672d172db47dbf25,675efa1486e53a4914248132dda701b834c9e26599d8c4c4d7b41db57bfcf2b0,consensus_two_stage_interactive_adaptation_v1,prompt_compiler_v2_split_g_f,1563097421,pending,Q001|Q002|Q003,"{""Q001"": ""consensus_estimate_net_zero_before_2085"", ""Q002"": ""consensus_estimate_human_primary_cause"", ""Q003"": ""consensus_estimate_co2_warms_planet""}",consensus_stage_a,consensus_two_stage_interactive_adaptation_v1,G|LP0448|Consensus|stage_a|replicate_1,a76ff6d1131eea0ac22460951f5586ef6c01abd23e0e941d672d172db47dbf25,675efa1486e53a4914248132dda701b834c9e26599d8c4c4d7b41db57bfcf2b0,
G|LP0449|Consensus|stage_a|replicate_1,G-1987d69fda15721887163c3b566a49b3a7cd4d2b,G,target,LP0449,Consensus,consensus_stage_a_estimates,1,google/gemma-4-31B-it,ac6e45d89c607737c8e7ea6ea2ec4fd62681df5d93125ab0595acaa05b12f839,675efa1486e53a4914248132dda701b834c9e26599d8c4c4d7b41db57bfcf2b0,consensus_two_stage_interactive_adaptation_v1,prompt_compiler_v2_split_g_f,220536664,pending,Q001|Q002|Q003,"{""Q001"": ""consensus_estimate_human_primary_cause"", ""Q002"": ""consensus_estimate_co2_warms_planet"", ""Q003"": ""consensus_estimate_net_zero_before_2085""}",consensus_stage_a,consensus_two_stage_interactive_adaptation_v1,G|LP0449|Consensus|stage_a|replicate_1,ac6e45d89c607737c8e7ea6ea2ec4fd62681df5d93125ab0595acaa05b12f839,675efa1486e53a4914248132dda701b834c9e26599d8c4c4d7b41db57bfcf2b0,
G|LP0450|Consensus|stage_a|replicate_1,G-b67f7cb57361938df083e8d6115ba35882305f81,G,target,LP0450,Consensus,consensus_stage_a_estimates,1,google/gemma-4-31B-it,202471fb561544d45206b362de05ce7ebfe67b07c7bd8310666a98ad47a505fc,675efa1486e53a4914248132dda701b834c9e26599d8c4c4d7b41db57bfcf2b0,consensus_two_stage_interactive_adaptation_v1,prompt_compiler_v2_split_g_f,1616940282,pending,Q001|Q002|Q003,"{""Q001"": ""consensus_estimate_net_zero_before_2085"", ""Q002"": ""consensus_estimate_human_primary_cause"", ""Q003"": ""consensus_estimate_co2_warms_planet""}",consensus_stage_a,consensus_two_stage_interactive_adaptation_v1,G|LP0450|Consensus|stage_a|replicate_1,202471fb561544d45206b362de05ce7ebfe67b07c7bd8310666a98ad47a505fc,675efa1486e53a4914248132dda701b834c9e26599d8c4c4d7b41db57bfcf2b0,
G|LP0451|Consensus|stage_a|replicate_1,G-9a0fef0dcf3b62e9e59acadd6046533e9240ca67,G,target,LP0451,Consensus,consensus_stage_a_estimates,1,google/gemma-4-31B-it,8c88c4803d3512a8acbd2de65299e5089f60868711f882ca0b418964c967c287,675efa1486e53a4914248132dda701b834c9e26599d8c4c4d7b41db57bfcf2b0,consensus_two_stage_interactive_adaptation_v1,prompt_compiler_v2_split_g_f,56312071,pending,Q001|Q002|Q003,"{""Q001"": ""consensus_estimate_human_primary_cause"", ""Q002"": ""consensus_estimate_co2_warms_planet"", ""Q003"": ""consensus_estimate_net_zero_before_2085""}",consensus_stage_a,consensus_two_stage_interactive_adaptation_v1,G|LP0451|Consensus|stage_a|replicate_1,8c88c4803d3512a8acbd2de65299e5089f60868711f882ca0b418964c967c287,675efa1486e53a4914248132dda701b834c9e26599d8c4c4d7b41db57bfcf2b0,
G|LP0452|Consensus|stage_a|replicate_1,G-53f09ae67fe36fcbeb3b1b324fcac3f16cc3d5be,G,target,LP0452,Consensus,consensus_stage_a_estimates,1,google/gemma-4-31B-it,e6ba9a03dbeceb4432887953d1461837ab781ea6c05e15f293bb7eb4d585edd1,675efa1486e53a4914248132dda701b834c9e26599d8c4c4d7b41db57bfcf2b0,consensus_two_stage_interactive_adaptation_v1,prompt_compiler_v2_split_g_f,667198873,pending,Q001|Q002|Q003,"{""Q001"": ""consensus_estimate_human_primary_cause"", ""Q002"": ""consensus_estimate_co2_warms_planet"", ""Q003"": ""consensus_estimate_net_zero_before_2085""}",consensus_stage_a,consensus_two_stage_interactive_adaptation_v1,G|LP0452|Consensus|stage_a|replicate_1,e6ba9a03dbeceb4432887953d1461837ab781ea6c05e15f293bb7eb4d585edd1,675efa1486e53a4914248132dda701b834c9e26599d8c4c4d7b41db57bfcf2b0,
G|LP0453|Consensus|stage_a|replicate_1,G-b2c8ba11bfa071b3b4cc77ab8701f3b8b91812af,G,target,LP0453,Consensus,consensus_stage_a_estimates,1,google/gemma-4-31B-it,4f0ddcfd408263e5c518b9df947f241333f89ec25f31413e11d331cbffe9caa9,675efa1486e53a4914248132dda701b834c9e26599d8c4c4d7b41db57bfcf2b0,consensus_two_stage_interactive_adaptation_v1,prompt_compiler_v2_split_g_f,624027097,pending,Q001|Q002|Q003,"{""Q001"": ""consensus_estimate_net_zero_before_2085"", ""Q002"": ""consensus_estimate_human_primary_cause"", ""Q003"": ""consensus_estimate_co2_warms_planet""}",consensus_stage_a,consensus_two_stage_interactive_adaptation_v1,G|LP0453|Consensus|stage_a|replicate_1,4f0ddcfd408263e5c518b9df947f241333f89ec25f31413e11d331cbffe9caa9,675efa1486e53a4914248132dda701b834c9e26599d8c4c4d7b41db57bfcf2b0,
G|LP0454|Consensus|stage_a|replicate_1,G-8b6c994fb5db7b50f673b6552850a98b3012072c,G,target,LP0454,Consensus,consensus_stage_a_estimates,1,google/gemma-4-31B-it,ae2da297e418cc474791dff7d046270593560cae911e19f357abe41944ab982c,675efa1486e53a4914248132dda701b834c9e26599d8c4c4d7b41db57bfcf2b0,consensus_two_stage_interactive_adaptation_v1,prompt_compiler_v2_split_g_f,1286909425,pending,Q001|Q002|Q003,"{""Q001"": ""consensus_estimate_human_primary_cause"", ""Q002"": ""consensus_estimate_net_zero_before_2085"", ""Q003"": ""consensus_estimate_co2_warms_planet""}",consensus_stage_a,consensus_two_stage_interactive_adaptation_v1,G|LP0454|Consensus|stage_a|replicate_1,ae2da297e418cc474791dff7d046270593560cae911e19f357abe41944ab982c,675efa1486e53a4914248132dda701b834c9e26599d8c4c4d7b41db57bfcf2b0,
G|LP0455|Consensus|stage_a|replicate_1,G-38449069bd3648b002abcbaa689b1854d575bed0,G,target,LP0455,Consensus,consensus_stage_a_estimates,1,google/gemma-4-31B-it,332433a31ecc32969ecbc413f417728a92e1fa0f63320ae8782eedca2184916b,675efa1486e53a4914248132dda701b834c9e26599d8c4c4d7b41db57bfcf2b0,consensus_two_stage_interactive_adaptation_v1,prompt_compiler_v2_split_g_f,767519108,pending,Q001|Q002|Q003,"{""Q001"": ""consensus_estimate_human_primary_cause"", ""Q002"": ""consensus_estimate_co2_warms_planet"", ""Q003"": ""consensus_estimate_net_zero_before_2085""}",consensus_stage_a,consensus_two_stage_interactive_adaptation_v1,G|LP0455|Consensus|stage_a|replicate_1,332433a31ecc32969ecbc413f417728a92e1fa0f63320ae8782eedca2184916b,675efa1486e53a4914248132dda701b834c9e26599d8c4c4d7b41db57bfcf2b0,
G|LP0456|Consensus|stage_a|replicate_1,G-cd2947a7c4050480e5b77ed68a594c2bf1527cd5,G,target,LP0456,Consensus,consensus_stage_a_estimates,1,google/gemma-4-31B-it,cf26c881b199abd598ef9ebd5db8d1da1192d9682cd06c096bcd72054e86369f,675efa1486e53a4914248132dda701b834c9e26599d8c4c4d7b41db57bfcf2b0,consensus_two_stage_interactive_adaptation_v1,prompt_compiler_v2_split_g_f,1582797778,pending,Q001|Q002|Q003,"{""Q001"": ""consensus_estimate_net_zero_before_2085"", ""Q002"": ""consensus_estimate_human_primary_cause"", ""Q003"": ""consensus_estimate_co2_warms_planet""}",consensus_stage_a,consensus_two_stage_interactive_adaptation_v1,G|LP0456|Consensus|stage_a|replicate_1,cf26c881b199abd598ef9ebd5db8d1da1192d9682cd06c096bcd72054e86369f,675efa1486e53a4914248132dda701b834c9e26599d8c4c4d7b41db57bfcf2b0,
G|LP0457|Consensus|stage_a|replicate_1,G-a275cba99c37502f3bc2e65b0dc06ba0fbc26189,G,target,LP0457,Consensus,consensus_stage_a_estimates,1,google/gemma-4-31B-it,299cd53dab0cf0c47d9a93ef82f7aa52adf751a08839fb150e0e9c90d1ca090a,675efa1486e53a4914248132dda701b834c9e26599d8c4c4d7b41db57bfcf2b0,consensus_two_stage_interactive_adaptation_v1,prompt_compiler_v2_split_g_f,1629677444,pending,Q001|Q002|Q003,"{""Q001"": ""consensus_estimate_net_zero_before_2085"", ""Q002"": ""consensus_estimate_human_primary_cause"", ""Q003"": ""consensus_estimate_co2_warms_planet""}",consensus_stage_a,consensus_two_stage_interactive_adaptation_v1,G|LP0457|Consensus|stage_a|replicate_1,299cd53dab0cf0c47d9a93ef82f7aa52adf751a08839fb150e0e9c90d1ca090a,675efa1486e53a4914248132dda701b834c9e26599d8c4c4d7b41db57bfcf2b0,
G|LP0458|Consensus|stage_a|replicate_1,G-4b422acc3d0a568486f11bf57a6cd8a7809ec49e,G,target,LP0458,Consensus,consensus_stage_a_estimates,1,google/gemma-4-31B-it,71491ab87d19e55a1f9ca4c8e980d2fdb9cdaa996c541c424ce5dcb39d1e57b3,675efa1486e53a4914248132dda701b834c9e26599d8c4c4d7b41db57bfcf2b0,consensus_two_stage_interactive_adaptation_v1,prompt_compiler_v2_split_g_f,1401859101,pending,Q001|Q002|Q003,"{""Q001"": ""consensus_estimate_co2_warms_planet"", ""Q002"": ""consensus_estimate_human_primary_cause"", ""Q003"": ""consensus_estimate_net_zero_before_2085""}",consensus_stage_a,consensus_two_stage_interactive_adaptation_v1,G|LP0458|Consensus|stage_a|replicate_1,71491ab87d19e55a1f9ca4c8e980d2fdb9cdaa996c541c424ce5dcb39d1e57b3,675efa1486e53a4914248132dda701b834c9e26599d8c4c4d7b41db57bfcf2b0,
G|LP0459|Consensus|stage_a|replicate_1,G-1b67d4c01d341baaa4106b3621ecd8579222ebcf,G,target,LP0459,Consensus,consensus_stage_a_estimates,1,google/gemma-4-31B-it,ecd663539062af2323a94ff84a5f4126a530a03ddffc7be518457b3c32633e94,675efa1486e53a4914248132dda701b834c9e26599d8c4c4d7b41db57bfcf2b0,consensus_two_stage_interactive_adaptation_v1,prompt_compiler_v2_split_g_f,1409533226,pending,Q001|Q002|Q003,"{""Q001"": ""consensus_estimate_co2_warms_planet"", ""Q002"": ""consensus_estimate_human_primary_cause"", ""Q003"": ""consensus_estimate_net_zero_before_2085""}",consensus_stage_a,consensus_two_stage_interactive_adaptation_v1,G|LP0459|Consensus|stage_a|replicate_1,ecd663539062af2323a94ff84a5f4126a530a03ddffc7be518457b3c32633e94,675efa1486e53a4914248132dda701b834c9e26599d8c4c4d7b41db57bfcf2b0,
G|LP0460|Consensus|stage_a|replicate_1,G-bdf3cc34dd3cc2039552f9d839d7dacceaa8e866,G,target,LP0460,Consensus,consensus_stage_a_estimates,1,google/gemma-4-31B-it,c205dc89a552e983b79d29e7952744b49f73792fcbb85e80d8c59a044a00bf2f,675efa1486e53a4914248132dda701b834c9e26599d8c4c4d7b41db57bfcf2b0,consensus_two_stage_interactive_adaptation_v1,prompt_compiler_v2_split_g_f,1495554671,pending,Q001|Q002|Q003,"{""Q001"": ""consensus_estimate_human_primary_cause"", ""Q002"": ""consensus_estimate_co2_warms_planet"", ""Q003"": ""consensus_estimate_net_zero_before_2085""}",consensus_stage_a,consensus_two_stage_interactive_adaptation_v1,G|LP0460|Consensus|stage_a|replicate_1,c205dc89a552e983b79d29e7952744b49f73792fcbb85e80d8c59a044a00bf2f,675efa1486e53a4914248132dda701b834c9e26599d8c4c4d7b41db57bfcf2b0,
G|LP0461|Consensus|stage_a|replicate_1,G-d9fa8d3767fd491d85948cb7d5ef33910f951d9a,G,target,LP0461,Consensus,consensus_stage_a_estimates,1,google/gemma-4-31B-it,4598fede7490e89df3e708ad240591f42ff622a83cb93717d2ab216ebc54cf46,675efa1486e53a4914248132dda701b834c9e26599d8c4c4d7b41db57bfcf2b0,consensus_two_stage_interactive_adaptation_v1,prompt_compiler_v2_split_g_f,468870031,pending,Q001|Q002|Q003,"{""Q001"": ""consensus_estimate_human_primary_cause"", ""Q002"": ""consensus_estimate_co2_warms_planet"", ""Q003"": ""consensus_estimate_net_zero_before_2085""}",consensus_stage_a,consensus_two_stage_interactive_adaptation_v1,G|LP0461|Consensus|stage_a|replicate_1,4598fede7490e89df3e708ad240591f42ff622a83cb93717d2ab216ebc54cf46,675efa1486e53a4914248132dda701b834c9e26599d8c4c4d7b41db57bfcf2b0,
G|LP0462|Consensus|stage_a|replicate_1,G-8d2274a026b3ab2192334360ff8c1110c37bca43,G,target,LP0462,Consensus,consensus_stage_a_estimates,1,google/gemma-4-31B-it,9d05333d91cf670715b019f10c8ba27bc1beb85a5d8bfcab585211837e3b1d86,675efa1486e53a4914248132dda701b834c9e26599d8c4c4d7b41db57bfcf2b0,consensus_two_stage_interactive_adaptation_v1,prompt_compiler_v2_split_g_f,1090032739,pending,Q001|Q002|Q003,"{""Q001"": ""consensus_estimate_human_primary_cause"", ""Q002"": ""consensus_estimate_net_zero_before_2085"", ""Q003"": ""consensus_estimate_co2_warms_planet""}",consensus_stage_a,consensus_two_stage_interactive_adaptation_v1,G|LP0462|Consensus|stage_a|replicate_1,9d05333d91cf670715b019f10c8ba27bc1beb85a5d8bfcab585211837e3b1d86,675efa1486e53a4914248132dda701b834c9e26599d8c4c4d7b41db57bfcf2b0,
G|LP0463|Consensus|stage_a|replicate_1,G-9befee5e2228111b34191cdcefe94ad9d644e482,G,target,LP0463,Consensus,consensus_stage_a_estimates,1,google/gemma-4-31B-it,7c28971de8d1e76662f31d7f710eb1e24d77bfb7a9051fe1ab179bcca05e4522,675efa1486e53a4914248132dda701b834c9e26599d8c4c4d7b41db57bfcf2b0,consensus_two_stage_interactive_adaptation_v1,prompt_compiler_v2_split_g_f,1510469081,pending,Q001|Q002|Q003,"{""Q001"": ""consensus_estimate_human_primary_cause"", ""Q002"": ""consensus_estimate_net_zero_before_2085"", ""Q003"": ""consensus_estimate_co2_warms_planet""}",consensus_stage_a,consensus_two_stage_interactive_adaptation_v1,G|LP0463|Consensus|stage_a|replicate_1,7c28971de8d1e76662f31d7f710eb1e24d77bfb7a9051fe1ab179bcca05e4522,675efa1486e53a4914248132dda701b834c9e26599d8c4c4d7b41db57bfcf2b0,
G|LP0464|Consensus|stage_a|replicate_1,G-62463e4d6b9c920e9bad900d42742318c35e1a75,G,target,LP0464,Consensus,consensus_stage_a_estimates,1,google/gemma-4-31B-it,f6117b924ad75c9cdfa18ef91f862e9a8644a30daedc3e19cd37d80de8203360,675efa1486e53a4914248132dda701b834c9e26599d8c4c4d7b41db57bfcf2b0,consensus_two_stage_interactive_adaptation_v1,prompt_compiler_v2_split_g_f,807997098,pending,Q001|Q002|Q003,"{""Q001"": ""consensus_estimate_net_zero_before_2085"", ""Q002"": ""consensus_estimate_human_primary_cause"", ""Q003"": ""consensus_estimate_co2_warms_planet""}",consensus_stage_a,consensus_two_stage_interactive_adaptation_v1,G|LP0464|Consensus|stage_a|replicate_1,f6117b924ad75c9cdfa18ef91f862e9a8644a30daedc3e19cd37d80de8203360,675efa1486e53a4914248132dda701b834c9e26599d8c4c4d7b41db57bfcf2b0,
G|LP0465|Consensus|stage_a|replicate_1,G-2a948fb476ab411ffd17b1028aeb4efe00f42bfc,G,target,LP0465,Consensus,consensus_stage_a_estimates,1,google/gemma-4-31B-it,21faf8fd127bed724c56ad9f51f71ee8accdc48411a7413a997fe13a4437187c,675efa1486e53a4914248132dda701b834c9e26599d8c4c4d7b41db57bfcf2b0,consensus_two_stage_interactive_adaptation_v1,prompt_compiler_v2_split_g_f,1272209544,pending,Q001|Q002|Q003,"{""Q001"": ""consensus_estimate_net_zero_before_2085"", ""Q002"": ""consensus_estimate_co2_warms_planet"", ""Q003"": ""consensus_estimate_human_primary_cause""}",consensus_stage_a,consensus_two_stage_interactive_adaptation_v1,G|LP0465|Consensus|stage_a|replicate_1,21faf8fd127bed724c56ad9f51f71ee8accdc48411a7413a997fe13a4437187c,675efa1486e53a4914248132dda701b834c9e26599d8c4c4d7b41db57bfcf2b0,
G|LP0466|Consensus|stage_a|replicate_1,G-658bda5a9081968f169d8ad0abe97ac244979974,G,target,LP0466,Consensus,consensus_stage_a_estimates,1,google/gemma-4-31B-it,89d4fbb6175556b9bbf52dd1affab25b30ae973c8be90cda053a1a302fd9c4c8,675efa1486e53a4914248132dda701b834c9e26599d8c4c4d7b41db57bfcf2b0,consensus_two_stage_interactive_adaptation_v1,prompt_compiler_v2_split_g_f,1536772933,pending,Q001|Q002|Q003,"{""Q001"": ""consensus_estimate_human_primary_cause"", ""Q002"": ""consensus_estimate_net_zero_before_2085"", ""Q003"": ""consensus_estimate_co2_warms_planet""}",consensus_stage_a,consensus_two_stage_interactive_adaptation_v1,G|LP0466|Consensus|stage_a|replicate_1,89d4fbb6175556b9bbf52dd1affab25b30ae973c8be90cda053a1a302fd9c4c8,675efa1486e53a4914248132dda701b834c9e26599d8c4c4d7b41db57bfcf2b0,
G|LP0467|Consensus|stage_a|replicate_1,G-db01d5c70c1f613aaabd982616f355b695f9d1a8,G,target,LP0467,Consensus,consensus_stage_a_estimates,1,google/gemma-4-31B-it,2930ef67cfb63506a37d949089ad310b03fa098fac6f9d0539e99f0cc43596bb,675efa1486e53a4914248132dda701b834c9e26599d8c4c4d7b41db57bfcf2b0,consensus_two_stage_interactive_adaptation_v1,prompt_compiler_v2_split_g_f,1109593291,pending,Q001|Q002|Q003,"{""Q001"": ""consensus_estimate_human_primary_cause"", ""Q002"": ""consensus_estimate_co2_warms_planet"", ""Q003"": ""consensus_estimate_net_zero_before_2085""}",consensus_stage_a,consensus_two_stage_interactive_adaptation_v1,G|LP0467|Consensus|stage_a|replicate_1,2930ef67cfb63506a37d949089ad310b03fa098fac6f9d0539e99f0cc43596bb,675efa1486e53a4914248132dda701b834c9e26599d8c4c4d7b41db57bfcf2b0,
G|LP0468|Consensus|stage_a|replicate_1,G-4cb5fbc462def7ec3b021c5d94b6b475528514a8,G,target,LP0468,Consensus,consensus_stage_a_estimates,1,google/gemma-4-31B-it,da0b411a3ababf30a6e360ee559dcf8ff323419ff0d7ce87d53e1a05de31a1ec,675efa1486e53a4914248132dda701b834c9e26599d8c4c4d7b41db57bfcf2b0,consensus_two_stage_interactive_adaptation_v1,prompt_compiler_v2_split_g_f,2085285749,pending,Q001|Q002|Q003,"{""Q001"": ""consensus_estimate_co2_warms_planet"", ""Q002"": ""consensus_estimate_human_primary_cause"", ""Q003"": ""consensus_estimate_net_zero_before_2085""}",consensus_stage_a,consensus_two_stage_interactive_adaptation_v1,G|LP0468|Consensus|stage_a|replicate_1,da0b411a3ababf30a6e360ee559dcf8ff323419ff0d7ce87d53e1a05de31a1ec,675efa1486e53a4914248132dda701b834c9e26599d8c4c4d7b41db57bfcf2b0,
G|LP0469|Consensus|stage_a|replicate_1,G-a6d46106171511b9677aa115734ff3c4c88e0d32,G,target,LP0469,Consensus,consensus_stage_a_estimates,1,google/gemma-4-31B-it,8a0f2c1e73a5e326f74c96d5688722b39872309645dcead3e01642a218eb5b63,675efa1486e53a4914248132dda701b834c9e26599d8c4c4d7b41db57bfcf2b0,consensus_two_stage_interactive_adaptation_v1,prompt_compiler_v2_split_g_f,1690162119,pending,Q001|Q002|Q003,"{""Q001"": ""consensus_estimate_human_primary_cause"", ""Q002"": ""consensus_estimate_net_zero_before_2085"", ""Q003"": ""consensus_estimate_co2_warms_planet""}",consensus_stage_a,consensus_two_stage_interactive_adaptation_v1,G|LP0469|Consensus|stage_a|replicate_1,8a0f2c1e73a5e326f74c96d5688722b39872309645dcead3e01642a218eb5b63,675efa1486e53a4914248132dda701b834c9e26599d8c4c4d7b41db57bfcf2b0,
G|LP0470|Consensus|stage_a|replicate_1,G-e3bf670a8994facf8092d96b711fd5cdf605a1dc,G,target,LP0470,Consensus,consensus_stage_a_estimates,1,google/gemma-4-31B-it,b46aa6600a3ccd8c548223629bba4ce0a5f4db91b44234cdbbe65bf7a4fb0b8c,675efa1486e53a4914248132dda701b834c9e26599d8c4c4d7b41db57bfcf2b0,consensus_two_stage_interactive_adaptation_v1,prompt_compiler_v2_split_g_f,1360251111,pending,Q001|Q002|Q003,"{""Q001"": ""consensus_estimate_co2_warms_planet"", ""Q002"": ""consensus_estimate_net_zero_before_2085"", ""Q003"": ""consensus_estimate_human_primary_cause""}",consensus_stage_a,consensus_two_stage_interactive_adaptation_v1,G|LP0470|Consensus|stage_a|replicate_1,b46aa6600a3ccd8c548223629bba4ce0a5f4db91b44234cdbbe65bf7a4fb0b8c,675efa1486e53a4914248132dda701b834c9e26599d8c4c4d7b41db57bfcf2b0,
G|LP0471|Consensus|stage_a|replicate_1,G-efebfeeea6044afb75bda62813f0caccba577174,G,target,LP0471,Consensus,consensus_stage_a_estimates,1,google/gemma-4-31B-it,8b427f95956c588eec04d5c20b050ed6b646f9806d889eb0d51ae78722c80b2b,675efa1486e53a4914248132dda701b834c9e26599d8c4c4d7b41db57bfcf2b0,consensus_two_stage_interactive_adaptation_v1,prompt_compiler_v2_split_g_f,98322652,pending,Q001|Q002|Q003,"{""Q001"": ""consensus_estimate_net_zero_before_2085"", ""Q002"": ""consensus_estimate_human_primary_cause"", ""Q003"": ""consensus_estimate_co2_warms_planet""}",consensus_stage_a,consensus_two_stage_interactive_adaptation_v1,G|LP0471|Consensus|stage_a|replicate_1,8b427f95956c588eec04d5c20b050ed6b646f9806d889eb0d51ae78722c80b2b,675efa1486e53a4914248132dda701b834c9e26599d8c4c4d7b41db57bfcf2b0,
G|LP0472|Consensus|stage_a|replicate_1,G-ce17014708372542148fec63b2b4a54db5766cb5,G,target,LP0472,Consensus,consensus_stage_a_estimates,1,google/gemma-4-31B-it,237a8f67539601108ddb680a35c88e1a9527f30b73405c08cf648588572e7742,675efa1486e53a4914248132dda701b834c9e26599d8c4c4d7b41db57bfcf2b0,consensus_two_stage_interactive_adaptation_v1,prompt_compiler_v2_split_g_f,610609107,pending,Q001|Q002|Q003,"{""Q001"": ""consensus_estimate_net_zero_before_2085"", ""Q002"": ""consensus_estimate_human_primary_cause"", ""Q003"": ""consensus_estimate_co2_warms_planet""}",consensus_stage_a,consensus_two_stage_interactive_adaptation_v1,G|LP0472|Consensus|stage_a|replicate_1,237a8f67539601108ddb680a35c88e1a9527f30b73405c08cf648588572e7742,675efa1486e53a4914248132dda701b834c9e26599d8c4c4d7b41db57bfcf2b0,
G|LP0473|Consensus|stage_a|replicate_1,G-5e570f245826e217370f07e2754e146aed7c67b7,G,target,LP0473,Consensus,consensus_stage_a_estimates,1,google/gemma-4-31B-it,71ba6c1cb80062caf399502dc3b67c2721a03dbd6d88c8b78c41a4dc2f662a2c,675efa1486e53a4914248132dda701b834c9e26599d8c4c4d7b41db57bfcf2b0,consensus_two_stage_interactive_adaptation_v1,prompt_compiler_v2_split_g_f,349503585,pending,Q001|Q002|Q003,"{""Q001"": ""consensus_estimate_human_primary_cause"", ""Q002"": ""consensus_estimate_co2_warms_planet"", ""Q003"": ""consensus_estimate_net_zero_before_2085""}",consensus_stage_a,consensus_two_stage_interactive_adaptation_v1,G|LP0473|Consensus|stage_a|replicate_1,71ba6c1cb80062caf399502dc3b67c2721a03dbd6d88c8b78c41a4dc2f662a2c,675efa1486e53a4914248132dda701b834c9e26599d8c4c4d7b41db57bfcf2b0,
G|LP0474|Consensus|stage_a|replicate_1,G-ba51fe728d636d4d38e628729545047560df71e4,G,target,LP0474,Consensus,consensus_stage_a_estimates,1,google/gemma-4-31B-it,c123fdfedecf33e775125e436b009ec07eced0ff4a283eb5e0eb71639f66b875,675efa1486e53a4914248132dda701b834c9e26599d8c4c4d7b41db57bfcf2b0,consensus_two_stage_interactive_adaptation_v1,prompt_compiler_v2_split_g_f,34040373,pending,Q001|Q002|Q003,"{""Q001"": ""consensus_estimate_human_primary_cause"", ""Q002"": ""consensus_estimate_co2_warms_planet"", ""Q003"": ""consensus_estimate_net_zero_before_2085""}",consensus_stage_a,consensus_two_stage_interactive_adaptation_v1,G|LP0474|Consensus|stage_a|replicate_1,c123fdfedecf33e775125e436b009ec07eced0ff4a283eb5e0eb71639f66b875,675efa1486e53a4914248132dda701b834c9e26599d8c4c4d7b41db57bfcf2b0,
G|LP0475|Consensus|stage_a|replicate_1,G-82bbf770dd9ff0c37e6ab5fbd600644d5bf51435,G,target,LP0475,Consensus,consensus_stage_a_estimates,1,google/gemma-4-31B-it,58f2d47c6f48fcc93462e8e5cbdaa6089956843e16c1738339c37bf0e22fdf3e,675efa1486e53a4914248132dda701b834c9e26599d8c4c4d7b41db57bfcf2b0,consensus_two_stage_interactive_adaptation_v1,prompt_compiler_v2_split_g_f,1662508966,pending,Q001|Q002|Q003,"{""Q001"": ""consensus_estimate_net_zero_before_2085"", ""Q002"": ""consensus_estimate_human_primary_cause"", ""Q003"": ""consensus_estimate_co2_warms_planet""}",consensus_stage_a,consensus_two_stage_interactive_adaptation_v1,G|LP0475|Consensus|stage_a|replicate_1,58f2d47c6f48fcc93462e8e5cbdaa6089956843e16c1738339c37bf0e22fdf3e,675efa1486e53a4914248132dda701b834c9e26599d8c4c4d7b41db57bfcf2b0,
G|LP0476|Consensus|stage_a|replicate_1,G-94af3b5b41bf36f6a55c334eb7c67af90c0726fa,G,target,LP0476,Consensus,consensus_stage_a_estimates,1,google/gemma-4-31B-it,041b58cb3690ab338206343fed2cf43e492652afb062cc5ef8693acc28391068,675efa1486e53a4914248132dda701b834c9e26599d8c4c4d7b41db57bfcf2b0,consensus_two_stage_interactive_adaptation_v1,prompt_compiler_v2_split_g_f,1797107118,pending,Q001|Q002|Q003,"{""Q001"": ""consensus_estimate_co2_warms_planet"", ""Q002"": ""consensus_estimate_human_primary_cause"", ""Q003"": ""consensus_estimate_net_zero_before_2085""}",consensus_stage_a,consensus_two_stage_interactive_adaptation_v1,G|LP0476|Consensus|stage_a|replicate_1,041b58cb3690ab338206343fed2cf43e492652afb062cc5ef8693acc28391068,675efa1486e53a4914248132dda701b834c9e26599d8c4c4d7b41db57bfcf2b0,
G|LP0477|Consensus|stage_a|replicate_1,G-c0934048992d99dd15f67012d865828f3023d77d,G,target,LP0477,Consensus,consensus_stage_a_estimates,1,google/gemma-4-31B-it,b394142e42ef5e33610876eb76cce9e10543afa518d41bde48aa7354c7c6a4d0,675efa1486e53a4914248132dda701b834c9e26599d8c4c4d7b41db57bfcf2b0,consensus_two_stage_interactive_adaptation_v1,prompt_compiler_v2_split_g_f,441719409,pending,Q001|Q002|Q003,"{""Q001"": ""consensus_estimate_co2_warms_planet"", ""Q002"": ""consensus_estimate_human_primary_cause"", ""Q003"": ""consensus_estimate_net_zero_before_2085""}",consensus_stage_a,consensus_two_stage_interactive_adaptation_v1,G|LP0477|Consensus|stage_a|replicate_1,b394142e42ef5e33610876eb76cce9e10543afa518d41bde48aa7354c7c6a4d0,675efa1486e53a4914248132dda701b834c9e26599d8c4c4d7b41db57bfcf2b0,
G|LP0478|Consensus|stage_a|replicate_1,G-91e6d408bfdde77293289e1b6b6178b76e289b2b,G,target,LP0478,Consensus,consensus_stage_a_estimates,1,google/gemma-4-31B-it,2b355b65bae6e98b02512ff7328eba40f172c9b0c19dcefaf60d97507fca9299,675efa1486e53a4914248132dda701b834c9e26599d8c4c4d7b41db57bfcf2b0,consensus_two_stage_interactive_adaptation_v1,prompt_compiler_v2_split_g_f,1672187781,pending,Q001|Q002|Q003,"{""Q001"": ""consensus_estimate_co2_warms_planet"", ""Q002"": ""consensus_estimate_net_zero_before_2085"", ""Q003"": ""consensus_estimate_human_primary_cause""}",consensus_stage_a,consensus_two_stage_interactive_adaptation_v1,G|LP0478|Consensus|stage_a|replicate_1,2b355b65bae6e98b02512ff7328eba40f172c9b0c19dcefaf60d97507fca9299,675efa1486e53a4914248132dda701b834c9e26599d8c4c4d7b41db57bfcf2b0,
G|LP0479|Consensus|stage_a|replicate_1,G-bf881b22fdd26868f810b2cc8631587265db0212,G,target,LP0479,Consensus,consensus_stage_a_estimates,1,google/gemma-4-31B-it,a739dff104d2e58d4eb7c5254907140024b223f123499618aa913b7513e97e63,675efa1486e53a4914248132dda701b834c9e26599d8c4c4d7b41db57bfcf2b0,consensus_two_stage_interactive_adaptation_v1,prompt_compiler_v2_split_g_f,2095226544,pending,Q001|Q002|Q003,"{""Q001"": ""consensus_estimate_co2_warms_planet"", ""Q002"": ""consensus_estimate_net_zero_before_2085"", ""Q003"": ""consensus_estimate_human_primary_cause""}",consensus_stage_a,consensus_two_stage_interactive_adaptation_v1,G|LP0479|Consensus|stage_a|replicate_1,a739dff104d2e58d4eb7c5254907140024b223f123499618aa913b7513e97e63,675efa1486e53a4914248132dda701b834c9e26599d8c4c4d7b41db57bfcf2b0,
G|LP0480|Consensus|stage_a|replicate_1,G-246bc4e2a38d30bee10c559ba168f7541e75443d,G,target,LP0480,Consensus,consensus_stage_a_estimates,1,google/gemma-4-31B-it,b7816d6ba67dd2eeb264b78c06d9d6d337e6f87b4548a0d0ce440f557e8a1ad9,675efa1486e53a4914248132dda701b834c9e26599d8c4c4d7b41db57bfcf2b0,consensus_two_stage_interactive_adaptation_v1,prompt_compiler_v2_split_g_f,1818540675,pending,Q001|Q002|Q003,"{""Q001"": ""consensus_estimate_net_zero_before_2085"", ""Q002"": ""consensus_estimate_co2_warms_planet"", ""Q003"": ""consensus_estimate_human_primary_cause""}",consensus_stage_a,consensus_two_stage_interactive_adaptation_v1,G|LP0480|Consensus|stage_a|replicate_1,b7816d6ba67dd2eeb264b78c06d9d6d337e6f87b4548a0d0ce440f557e8a1ad9,675efa1486e53a4914248132dda701b834c9e26599d8c4c4d7b41db57bfcf2b0,
G|LP0481|Consensus|stage_a|replicate_1,G-9f164f41b8f3c8f5a8dfef37e82bc008d9bfafb5,G,target,LP0481,Consensus,consensus_stage_a_estimates,1,google/gemma-4-31B-it,112444152e75c8f26fa50c4399d370ca0bc6f5047e7e4bfa954b37c35e886337,675efa1486e53a4914248132dda701b834c9e26599d8c4c4d7b41db57bfcf2b0,consensus_two_stage_interactive_adaptation_v1,prompt_compiler_v2_split_g_f,1998612346,pending,Q001|Q002|Q003,"{""Q001"": ""consensus_estimate_human_primary_cause"", ""Q002"": ""consensus_estimate_net_zero_before_2085"", ""Q003"": ""consensus_estimate_co2_warms_planet""}",consensus_stage_a,consensus_two_stage_interactive_adaptation_v1,G|LP0481|Consensus|stage_a|replicate_1,112444152e75c8f26fa50c4399d370ca0bc6f5047e7e4bfa954b37c35e886337,675efa1486e53a4914248132dda701b834c9e26599d8c4c4d7b41db57bfcf2b0,
G|LP0482|Consensus|stage_a|replicate_1,G-f693dc607ce5fc721ec8022e8b47419d5697c41e,G,target,LP0482,Consensus,consensus_stage_a_estimates,1,google/gemma-4-31B-it,1d160e9d8ff6ff77e209fc4a32a4a12f1c11552b12847f961f38d0ec1b7ae2bb,675efa1486e53a4914248132dda701b834c9e26599d8c4c4d7b41db57bfcf2b0,consensus_two_stage_interactive_adaptation_v1,prompt_compiler_v2_split_g_f,1779283254,pending,Q001|Q002|Q003,"{""Q001"": ""consensus_estimate_net_zero_before_2085"", ""Q002"": ""consensus_estimate_human_primary_cause"", ""Q003"": ""consensus_estimate_co2_warms_planet""}",consensus_stage_a,consensus_two_stage_interactive_adaptation_v1,G|LP0482|Consensus|stage_a|replicate_1,1d160e9d8ff6ff77e209fc4a32a4a12f1c11552b12847f961f38d0ec1b7ae2bb,675efa1486e53a4914248132dda701b834c9e26599d8c4c4d7b41db57bfcf2b0,
G|LP0483|Consensus|stage_a|replicate_1,G-2b28c6cd3c21cb4faaf51e64adf8c53abffa554d,G,target,LP0483,Consensus,consensus_stage_a_estimates,1,google/gemma-4-31B-it,7cd59053507ebe389a40f96d644f44688b012d73201fb26e109403e50785c39d,675efa1486e53a4914248132dda701b834c9e26599d8c4c4d7b41db57bfcf2b0,consensus_two_stage_interactive_adaptation_v1,prompt_compiler_v2_split_g_f,309549290,pending,Q001|Q002|Q003,"{""Q001"": ""consensus_estimate_human_primary_cause"", ""Q002"": ""consensus_estimate_co2_warms_planet"", ""Q003"": ""consensus_estimate_net_zero_before_2085""}",consensus_stage_a,consensus_two_stage_interactive_adaptation_v1,G|LP0483|Consensus|stage_a|replicate_1,7cd59053507ebe389a40f96d644f44688b012d73201fb26e109403e50785c39d,675efa1486e53a4914248132dda701b834c9e26599d8c4c4d7b41db57bfcf2b0,
G|LP0484|Consensus|stage_a|replicate_1,G-ed81ba612dde89be81d866db1f3ba72e7cb23813,G,target,LP0484,Consensus,consensus_stage_a_estimates,1,google/gemma-4-31B-it,53667aa56f0b8d8632c8c0787ccf7532d3a088d7b09479d5a962ebda28016a76,675efa1486e53a4914248132dda701b834c9e26599d8c4c4d7b41db57bfcf2b0,consensus_two_stage_interactive_adaptation_v1,prompt_compiler_v2_split_g_f,149028484,pending,Q001|Q002|Q003,"{""Q001"": ""consensus_estimate_net_zero_before_2085"", ""Q002"": ""consensus_estimate_human_primary_cause"", ""Q003"": ""consensus_estimate_co2_warms_planet""}",consensus_stage_a,consensus_two_stage_interactive_adaptation_v1,G|LP0484|Consensus|stage_a|replicate_1,53667aa56f0b8d8632c8c0787ccf7532d3a088d7b09479d5a962ebda28016a76,675efa1486e53a4914248132dda701b834c9e26599d8c4c4d7b41db57bfcf2b0,
G|LP0485|Consensus|stage_a|replicate_1,G-50a0cdc01d9918eb758971299f755dd43e973225,G,target,LP0485,Consensus,consensus_stage_a_estimates,1,google/gemma-4-31B-it,e2705c831ad2c518bf4d56c2ded7289de9bd81b42304df7ca82ae33e374b50e4,675efa1486e53a4914248132dda701b834c9e26599d8c4c4d7b41db57bfcf2b0,consensus_two_stage_interactive_adaptation_v1,prompt_compiler_v2_split_g_f,1054520428,pending,Q001|Q002|Q003,"{""Q001"": ""consensus_estimate_net_zero_before_2085"", ""Q002"": ""consensus_estimate_human_primary_cause"", ""Q003"": ""consensus_estimate_co2_warms_planet""}",consensus_stage_a,consensus_two_stage_interactive_adaptation_v1,G|LP0485|Consensus|stage_a|replicate_1,e2705c831ad2c518bf4d56c2ded7289de9bd81b42304df7ca82ae33e374b50e4,675efa1486e53a4914248132dda701b834c9e26599d8c4c4d7b41db57bfcf2b0,
G|LP0486|Consensus|stage_a|replicate_1,G-10d4dc0d95350543b89689e0e267701b0b4734da,G,target,LP0486,Consensus,consensus_stage_a_estimates,1,google/gemma-4-31B-it,f52614247b2578bd66cdb2a5eb1565dbe543322f9b87f75cc3cfbbff516f2f6b,675efa1486e53a4914248132dda701b834c9e26599d8c4c4d7b41db57bfcf2b0,consensus_two_stage_interactive_adaptation_v1,prompt_compiler_v2_split_g_f,920567134,pending,Q001|Q002|Q003,"{""Q001"": ""consensus_estimate_human_primary_cause"", ""Q002"": ""consensus_estimate_co2_warms_planet"", ""Q003"": ""consensus_estimate_net_zero_before_2085""}",consensus_stage_a,consensus_two_stage_interactive_adaptation_v1,G|LP0486|Consensus|stage_a|replicate_1,f52614247b2578bd66cdb2a5eb1565dbe543322f9b87f75cc3cfbbff516f2f6b,675efa1486e53a4914248132dda701b834c9e26599d8c4c4d7b41db57bfcf2b0,
G|LP0487|Consensus|stage_a|replicate_1,G-7893f75e9d4e0e65f342f9ff1fcafa3183c3ee02,G,target,LP0487,Consensus,consensus_stage_a_estimates,1,google/gemma-4-31B-it,e34df7292c42323a20d34033bfefe33a522d31d4cd6aaa024be279558bf777ba,675efa1486e53a4914248132dda701b834c9e26599d8c4c4d7b41db57bfcf2b0,consensus_two_stage_interactive_adaptation_v1,prompt_compiler_v2_split_g_f,242613540,pending,Q001|Q002|Q003,"{""Q001"": ""consensus_estimate_net_zero_before_2085"", ""Q002"": ""consensus_estimate_human_primary_cause"", ""Q003"": ""consensus_estimate_co2_warms_planet""}",consensus_stage_a,consensus_two_stage_interactive_adaptation_v1,G|LP0487|Consensus|stage_a|replicate_1,e34df7292c42323a20d34033bfefe33a522d31d4cd6aaa024be279558bf777ba,675efa1486e53a4914248132dda701b834c9e26599d8c4c4d7b41db57bfcf2b0,
G|LP0488|Consensus|stage_a|replicate_1,G-36c8eff6ff92bd089f39860eec47a645dd74f14a,G,target,LP0488,Consensus,consensus_stage_a_estimates,1,google/gemma-4-31B-it,6157865f08ee771870118713f9d6ef1c3bcf0a3c85976ea90409d26bd2df948d,675efa1486e53a4914248132dda701b834c9e26599d8c4c4d7b41db57bfcf2b0,consensus_two_stage_interactive_adaptation_v1,prompt_compiler_v2_split_g_f,1831116022,pending,Q001|Q002|Q003,"{""Q001"": ""consensus_estimate_human_primary_cause"", ""Q002"": ""consensus_estimate_net_zero_before_2085"", ""Q003"": ""consensus_estimate_co2_warms_planet""}",consensus_stage_a,consensus_two_stage_interactive_adaptation_v1,G|LP0488|Consensus|stage_a|replicate_1,6157865f08ee771870118713f9d6ef1c3bcf0a3c85976ea90409d26bd2df948d,675efa1486e53a4914248132dda701b834c9e26599d8c4c4d7b41db57bfcf2b0,
G|LP0489|Consensus|stage_a|replicate_1,G-9e9ebe5c3a04d48786e8956deac2bbb0fed09bcf,G,target,LP0489,Consensus,consensus_stage_a_estimates,1,google/gemma-4-31B-it,783a801175c4df2da1306e02507f1b49712590f4c7745d597a042d609c830809,675efa1486e53a4914248132dda701b834c9e26599d8c4c4d7b41db57bfcf2b0,consensus_two_stage_interactive_adaptation_v1,prompt_compiler_v2_split_g_f,2000834881,pending,Q001|Q002|Q003,"{""Q001"": ""consensus_estimate_co2_warms_planet"", ""Q002"": ""consensus_estimate_net_zero_before_2085"", ""Q003"": ""consensus_estimate_human_primary_cause""}",consensus_stage_a,consensus_two_stage_interactive_adaptation_v1,G|LP0489|Consensus|stage_a|replicate_1,783a801175c4df2da1306e02507f1b49712590f4c7745d597a042d609c830809,675efa1486e53a4914248132dda701b834c9e26599d8c4c4d7b41db57bfcf2b0,
G|LP0490|Consensus|stage_a|replicate_1,G-f393f2b97cbc405cab0107c70761192cad0c96aa,G,target,LP0490,Consensus,consensus_stage_a_estimates,1,google/gemma-4-31B-it,bff8bb1ab71ec92a1fcd1539fdbaa1c358442208c448afe8e760207fbeceb4f3,675efa1486e53a4914248132dda701b834c9e26599d8c4c4d7b41db57bfcf2b0,consensus_two_stage_interactive_adaptation_v1,prompt_compiler_v2_split_g_f,1675896274,pending,Q001|Q002|Q003,"{""Q001"": ""consensus_estimate_net_zero_before_2085"", ""Q002"": ""consensus_estimate_human_primary_cause"", ""Q003"": ""consensus_estimate_co2_warms_planet""}",consensus_stage_a,consensus_two_stage_interactive_adaptation_v1,G|LP0490|Consensus|stage_a|replicate_1,bff8bb1ab71ec92a1fcd1539fdbaa1c358442208c448afe8e760207fbeceb4f3,675efa1486e53a4914248132dda701b834c9e26599d8c4c4d7b41db57bfcf2b0,
G|LP0491|Consensus|stage_a|replicate_1,G-6fa55ea93c817d8384b6c00c6725c60cc69a858d,G,target,LP0491,Consensus,consensus_stage_a_estimates,1,google/gemma-4-31B-it,d4f5dba821c520c7ae8eb45019802ecdbe8c4cbe3245d702352ade10ccd25d43,675efa1486e53a4914248132dda701b834c9e26599d8c4c4d7b41db57bfcf2b0,consensus_two_stage_interactive_adaptation_v1,prompt_compiler_v2_split_g_f,466369239,pending,Q001|Q002|Q003,"{""Q001"": ""consensus_estimate_human_primary_cause"", ""Q002"": ""consensus_estimate_net_zero_before_2085"", ""Q003"": ""consensus_estimate_co2_warms_planet""}",consensus_stage_a,consensus_two_stage_interactive_adaptation_v1,G|LP0491|Consensus|stage_a|replicate_1,d4f5dba821c520c7ae8eb45019802ecdbe8c4cbe3245d702352ade10ccd25d43,675efa1486e53a4914248132dda701b834c9e26599d8c4c4d7b41db57bfcf2b0,
G|LP0492|Consensus|stage_a|replicate_1,G-98f6de0873031e6fa21dcfcfb1413045f23cf37e,G,target,LP0492,Consensus,consensus_stage_a_estimates,1,google/gemma-4-31B-it,ce448bb2e2d5423b38ad2a55b691aa5696c7f63b0c825fb22fda04874ee7b83e,675efa1486e53a4914248132dda701b834c9e26599d8c4c4d7b41db57bfcf2b0,consensus_two_stage_interactive_adaptation_v1,prompt_compiler_v2_split_g_f,619764354,pending,Q001|Q002|Q003,"{""Q001"": ""consensus_estimate_human_primary_cause"", ""Q002"": ""consensus_estimate_net_zero_before_2085"", ""Q003"": ""consensus_estimate_co2_warms_planet""}",consensus_stage_a,consensus_two_stage_interactive_adaptation_v1,G|LP0492|Consensus|stage_a|replicate_1,ce448bb2e2d5423b38ad2a55b691aa5696c7f63b0c825fb22fda04874ee7b83e,675efa1486e53a4914248132dda701b834c9e26599d8c4c4d7b41db57bfcf2b0,
G|LP0493|Consensus|stage_a|replicate_1,G-14acb9725822b5dbbed0734cd69f01a15e7cd43e,G,target,LP0493,Consensus,consensus_stage_a_estimates,1,google/gemma-4-31B-it,acf241416713207d764e52713581eed908567925669e3cc0a4a1a7d4c9b109ae,675efa1486e53a4914248132dda701b834c9e26599d8c4c4d7b41db57bfcf2b0,consensus_two_stage_interactive_adaptation_v1,prompt_compiler_v2_split_g_f,24914112,pending,Q001|Q002|Q003,"{""Q001"": ""consensus_estimate_net_zero_before_2085"", ""Q002"": ""consensus_estimate_co2_warms_planet"", ""Q003"": ""consensus_estimate_human_primary_cause""}",consensus_stage_a,consensus_two_stage_interactive_adaptation_v1,G|LP0493|Consensus|stage_a|replicate_1,acf241416713207d764e52713581eed908567925669e3cc0a4a1a7d4c9b109ae,675efa1486e53a4914248132dda701b834c9e26599d8c4c4d7b41db57bfcf2b0,
G|LP0494|Consensus|stage_a|replicate_1,G-375ee77e8c6376ca80d46c1fe42e881f9a2bf176,G,target,LP0494,Consensus,consensus_stage_a_estimates,1,google/gemma-4-31B-it,735bbe44c958560942556716e442c25ee0c1e6b551b42a31ee571267af579c68,675efa1486e53a4914248132dda701b834c9e26599d8c4c4d7b41db57bfcf2b0,consensus_two_stage_interactive_adaptation_v1,prompt_compiler_v2_split_g_f,2065778119,pending,Q001|Q002|Q003,"{""Q001"": ""consensus_estimate_co2_warms_planet"", ""Q002"": ""consensus_estimate_net_zero_before_2085"", ""Q003"": ""consensus_estimate_human_primary_cause""}",consensus_stage_a,consensus_two_stage_interactive_adaptation_v1,G|LP0494|Consensus|stage_a|replicate_1,735bbe44c958560942556716e442c25ee0c1e6b551b42a31ee571267af579c68,675efa1486e53a4914248132dda701b834c9e26599d8c4c4d7b41db57bfcf2b0,
G|LP0495|Consensus|stage_a|replicate_1,G-d87dbe81a18e107f9e66c74abcf6f7d2476c42e0,G,target,LP0495,Consensus,consensus_stage_a_estimates,1,google/gemma-4-31B-it,8c497e5416ca4e64515e0123fba5cab057b6b3e0dec2e844127f9a6e299f7101,675efa1486e53a4914248132dda701b834c9e26599d8c4c4d7b41db57bfcf2b0,consensus_two_stage_interactive_adaptation_v1,prompt_compiler_v2_split_g_f,1384746373,pending,Q001|Q002|Q003,"{""Q001"": ""consensus_estimate_co2_warms_planet"", ""Q002"": ""consensus_estimate_human_primary_cause"", ""Q003"": ""consensus_estimate_net_zero_before_2085""}",consensus_stage_a,consensus_two_stage_interactive_adaptation_v1,G|LP0495|Consensus|stage_a|replicate_1,8c497e5416ca4e64515e0123fba5cab057b6b3e0dec2e844127f9a6e299f7101,675efa1486e53a4914248132dda701b834c9e26599d8c4c4d7b41db57bfcf2b0,
G|LP0496|Consensus|stage_a|replicate_1,G-aadbc9b6f3f4b2ebc6770e62aa63a1c565cdfd2b,G,target,LP0496,Consensus,consensus_stage_a_estimates,1,google/gemma-4-31B-it,7ab6fce98c0706c2a2ab24be72176551dd31461239697df8b81852d2b4fcac1a,675efa1486e53a4914248132dda701b834c9e26599d8c4c4d7b41db57bfcf2b0,consensus_two_stage_interactive_adaptation_v1,prompt_compiler_v2_split_g_f,1236026971,pending,Q001|Q002|Q003,"{""Q001"": ""consensus_estimate_human_primary_cause"", ""Q002"": ""consensus_estimate_net_zero_before_2085"", ""Q003"": ""consensus_estimate_co2_warms_planet""}",consensus_stage_a,consensus_two_stage_interactive_adaptation_v1,G|LP0496|Consensus|stage_a|replicate_1,7ab6fce98c0706c2a2ab24be72176551dd31461239697df8b81852d2b4fcac1a,675efa1486e53a4914248132dda701b834c9e26599d8c4c4d7b41db57bfcf2b0,
G|LP0497|Consensus|stage_a|replicate_1,G-64a27c482097b28fa1688d6e5fbe6ca5e2cb4258,G,target,LP0497,Consensus,consensus_stage_a_estimates,1,google/gemma-4-31B-it,6bf0671f3b78798ce5014d1b9b29c9b416b740f763b4fadd12f280f6c65fcdf0,675efa1486e53a4914248132dda701b834c9e26599d8c4c4d7b41db57bfcf2b0,consensus_two_stage_interactive_adaptation_v1,prompt_compiler_v2_split_g_f,1776069408,pending,Q001|Q002|Q003,"{""Q001"": ""consensus_estimate_co2_warms_planet"", ""Q002"": ""consensus_estimate_human_primary_cause"", ""Q003"": ""consensus_estimate_net_zero_before_2085""}",consensus_stage_a,consensus_two_stage_interactive_adaptation_v1,G|LP0497|Consensus|stage_a|replicate_1,6bf0671f3b78798ce5014d1b9b29c9b416b740f763b4fadd12f280f6c65fcdf0,675efa1486e53a4914248132dda701b834c9e26599d8c4c4d7b41db57bfcf2b0,
G|LP0498|Consensus|stage_a|replicate_1,G-a3327a4d217ac4b262601e02fbaec287440b3c12,G,target,LP0498,Consensus,consensus_stage_a_estimates,1,google/gemma-4-31B-it,ffbaf0573c27c8b361f413e732e0976b2a06ca0637eb1ca50f481d7aabfe8495,675efa1486e53a4914248132dda701b834c9e26599d8c4c4d7b41db57bfcf2b0,consensus_two_stage_interactive_adaptation_v1,prompt_compiler_v2_split_g_f,1742715214,pending,Q001|Q002|Q003,"{""Q001"": ""consensus_estimate_net_zero_before_2085"", ""Q002"": ""consensus_estimate_human_primary_cause"", ""Q003"": ""consensus_estimate_co2_warms_planet""}",consensus_stage_a,consensus_two_stage_interactive_adaptation_v1,G|LP0498|Consensus|stage_a|replicate_1,ffbaf0573c27c8b361f413e732e0976b2a06ca0637eb1ca50f481d7aabfe8495,675efa1486e53a4914248132dda701b834c9e26599d8c4c4d7b41db57bfcf2b0,
G|LP0499|Consensus|stage_a|replicate_1,G-bde28fe72fb873b1c566e0479b33f10496ddce36,G,target,LP0499,Consensus,consensus_stage_a_estimates,1,google/gemma-4-31B-it,9b50dbe23635abe330d3f0f958d65b97c4dadbcb521031b553ad599561e52fe3,675efa1486e53a4914248132dda701b834c9e26599d8c4c4d7b41db57bfcf2b0,consensus_two_stage_interactive_adaptation_v1,prompt_compiler_v2_split_g_f,729650050,pending,Q001|Q002|Q003,"{""Q001"": ""consensus_estimate_net_zero_before_2085"", ""Q002"": ""consensus_estimate_human_primary_cause"", ""Q003"": ""consensus_estimate_co2_warms_planet""}",consensus_stage_a,consensus_two_stage_interactive_adaptation_v1,G|LP0499|Consensus|stage_a|replicate_1,9b50dbe23635abe330d3f0f958d65b97c4dadbcb521031b553ad599561e52fe3,675efa1486e53a4914248132dda701b834c9e26599d8c4c4d7b41db57bfcf2b0,
G|LP0500|Consensus|stage_a|replicate_1,G-844dfb3126eb3f6a391b571b9e91a92527efbea7,G,target,LP0500,Consensus,consensus_stage_a_estimates,1,google/gemma-4-31B-it,efe04211e1233d11c94badedcdc6af1544039ffff5745ba1d04d7c550d3cf37a,675efa1486e53a4914248132dda701b834c9e26599d8c4c4d7b41db57bfcf2b0,consensus_two_stage_interactive_adaptation_v1,prompt_compiler_v2_split_g_f,797390286,pending,Q001|Q002|Q003,"{""Q001"": ""consensus_estimate_co2_warms_planet"", ""Q002"": ""consensus_estimate_net_zero_before_2085"", ""Q003"": ""consensus_estimate_human_primary_cause""}",consensus_stage_a,consensus_two_stage_interactive_adaptation_v1,G|LP0500|Consensus|stage_a|replicate_1,efe04211e1233d11c94badedcdc6af1544039ffff5745ba1d04d7c550d3cf37a,675efa1486e53a4914248132dda701b834c9e26599d8c4c4d7b41db57bfcf2b0,
G|LP0501|Consensus|stage_a|replicate_1,G-44d325c40507b065827315e4b13e340851c67f83,G,target,LP0501,Consensus,consensus_stage_a_estimates,1,google/gemma-4-31B-it,13dc5a21eb479b887abf46b334bfb6d1205cdad829d660d6964c6d2882816fce,675efa1486e53a4914248132dda701b834c9e26599d8c4c4d7b41db57bfcf2b0,consensus_two_stage_interactive_adaptation_v1,prompt_compiler_v2_split_g_f,246283246,pending,Q001|Q002|Q003,"{""Q001"": ""consensus_estimate_human_primary_cause"", ""Q002"": ""consensus_estimate_net_zero_before_2085"", ""Q003"": ""consensus_estimate_co2_warms_planet""}",consensus_stage_a,consensus_two_stage_interactive_adaptation_v1,G|LP0501|Consensus|stage_a|replicate_1,13dc5a21eb479b887abf46b334bfb6d1205cdad829d660d6964c6d2882816fce,675efa1486e53a4914248132dda701b834c9e26599d8c4c4d7b41db57bfcf2b0,
G|LP0502|Consensus|stage_a|replicate_1,G-1f2b5e73e4ec4ab6412a15b598aa72d44904779e,G,target,LP0502,Consensus,consensus_stage_a_estimates,1,google/gemma-4-31B-it,4918d335443c2eebe80120109f9e3a3f326187dd99f003388809bcc15595cf04,675efa1486e53a4914248132dda701b834c9e26599d8c4c4d7b41db57bfcf2b0,consensus_two_stage_interactive_adaptation_v1,prompt_compiler_v2_split_g_f,591595422,pending,Q001|Q002|Q003,"{""Q001"": ""consensus_estimate_net_zero_before_2085"", ""Q002"": ""consensus_estimate_co2_warms_planet"", ""Q003"": ""consensus_estimate_human_primary_cause""}",consensus_stage_a,consensus_two_stage_interactive_adaptation_v1,G|LP0502|Consensus|stage_a|replicate_1,4918d335443c2eebe80120109f9e3a3f326187dd99f003388809bcc15595cf04,675efa1486e53a4914248132dda701b834c9e26599d8c4c4d7b41db57bfcf2b0,
G|LP0503|Consensus|stage_a|replicate_1,G-6b340fdd71ef55ab4aeb09396f701bb62df7a418,G,target,LP0503,Consensus,consensus_stage_a_estimates,1,google/gemma-4-31B-it,761dde119aa12ead932858c58c5a079014b961780126ca485efbe4cc18ad837b,675efa1486e53a4914248132dda701b834c9e26599d8c4c4d7b41db57bfcf2b0,consensus_two_stage_interactive_adaptation_v1,prompt_compiler_v2_split_g_f,1213691239,pending,Q001|Q002|Q003,"{""Q001"": ""consensus_estimate_net_zero_before_2085"", ""Q002"": ""consensus_estimate_human_primary_cause"", ""Q003"": ""consensus_estimate_co2_warms_planet""}",consensus_stage_a,consensus_two_stage_interactive_adaptation_v1,G|LP0503|Consensus|stage_a|replicate_1,761dde119aa12ead932858c58c5a079014b961780126ca485efbe4cc18ad837b,675efa1486e53a4914248132dda701b834c9e26599d8c4c4d7b41db57bfcf2b0,
G|LP0504|Consensus|stage_a|replicate_1,G-70a6f470324fb7f051d99c3ce7529186441d5d66,G,target,LP0504,Consensus,consensus_stage_a_estimates,1,google/gemma-4-31B-it,2e6d2432ecd0fce24cbccb617efc1a56fd8b8c3d4601905cf6f8ab9fda0b4d54,675efa1486e53a4914248132dda701b834c9e26599d8c4c4d7b41db57bfcf2b0,consensus_two_stage_interactive_adaptation_v1,prompt_compiler_v2_split_g_f,329097426,pending,Q001|Q002|Q003,"{""Q001"": ""consensus_estimate_human_primary_cause"", ""Q002"": ""consensus_estimate_net_zero_before_2085"", ""Q003"": ""consensus_estimate_co2_warms_planet""}",consensus_stage_a,consensus_two_stage_interactive_adaptation_v1,G|LP0504|Consensus|stage_a|replicate_1,2e6d2432ecd0fce24cbccb617efc1a56fd8b8c3d4601905cf6f8ab9fda0b4d54,675efa1486e53a4914248132dda701b834c9e26599d8c4c4d7b41db57bfcf2b0,
G|LP0505|Consensus|stage_a|replicate_1,G-8a4753e33a8de57f75967e9f93a7c636a23ec86a,G,target,LP0505,Consensus,consensus_stage_a_estimates,1,google/gemma-4-31B-it,94defae8844a9a3221d90f629e438fcf73570f4f784679a15cc715ccf4a53603,675efa1486e53a4914248132dda701b834c9e26599d8c4c4d7b41db57bfcf2b0,consensus_two_stage_interactive_adaptation_v1,prompt_compiler_v2_split_g_f,1327271239,pending,Q001|Q002|Q003,"{""Q001"": ""consensus_estimate_net_zero_before_2085"", ""Q002"": ""consensus_estimate_co2_warms_planet"", ""Q003"": ""consensus_estimate_human_primary_cause""}",consensus_stage_a,consensus_two_stage_interactive_adaptation_v1,G|LP0505|Consensus|stage_a|replicate_1,94defae8844a9a3221d90f629e438fcf73570f4f784679a15cc715ccf4a53603,675efa1486e53a4914248132dda701b834c9e26599d8c4c4d7b41db57bfcf2b0,
G|LP0506|Consensus|stage_a|replicate_1,G-93d465a8962f233b7d147e4137142ba6a854c7bf,G,target,LP0506,Consensus,consensus_stage_a_estimates,1,google/gemma-4-31B-it,82624dbe45f328ab0a6de039e97e9103a992d52a1058a7190d56b5edb84eb822,675efa1486e53a4914248132dda701b834c9e26599d8c4c4d7b41db57bfcf2b0,consensus_two_stage_interactive_adaptation_v1,prompt_compiler_v2_split_g_f,1037561486,pending,Q001|Q002|Q003,"{""Q001"": ""consensus_estimate_net_zero_before_2085"", ""Q002"": ""consensus_estimate_co2_warms_planet"", ""Q003"": ""consensus_estimate_human_primary_cause""}",consensus_stage_a,consensus_two_stage_interactive_adaptation_v1,G|LP0506|Consensus|stage_a|replicate_1,82624dbe45f328ab0a6de039e97e9103a992d52a1058a7190d56b5edb84eb822,675efa1486e53a4914248132dda701b834c9e26599d8c4c4d7b41db57bfcf2b0,
G|LP0507|Consensus|stage_a|replicate_1,G-9408b7344080caa22fb6033e9dd5560a2f0fa49c,G,target,LP0507,Consensus,consensus_stage_a_estimates,1,google/gemma-4-31B-it,2a01d675e45bf3fb466212bb3eb56e5bff59ba9b7ac0e74e8a06a9a132472bd8,675efa1486e53a4914248132dda701b834c9e26599d8c4c4d7b41db57bfcf2b0,consensus_two_stage_interactive_adaptation_v1,prompt_compiler_v2_split_g_f,1754413324,pending,Q001|Q002|Q003,"{""Q001"": ""consensus_estimate_co2_warms_planet"", ""Q002"": ""consensus_estimate_human_primary_cause"", ""Q003"": ""consensus_estimate_net_zero_before_2085""}",consensus_stage_a,consensus_two_stage_interactive_adaptation_v1,G|LP0507|Consensus|stage_a|replicate_1,2a01d675e45bf3fb466212bb3eb56e5bff59ba9b7ac0e74e8a06a9a132472bd8,675efa1486e53a4914248132dda701b834c9e26599d8c4c4d7b41db57bfcf2b0,
G|LP0508|Consensus|stage_a|replicate_1,G-852b522e290eca994b5e2073e1146f72aaf4bebc,G,target,LP0508,Consensus,consensus_stage_a_estimates,1,google/gemma-4-31B-it,2acb1db3ab479d3aa71e5b1dcd9c33288e5541d40f648532af9158f3a468dabc,675efa1486e53a4914248132dda701b834c9e26599d8c4c4d7b41db57bfcf2b0,consensus_two_stage_interactive_adaptation_v1,prompt_compiler_v2_split_g_f,862285559,pending,Q001|Q002|Q003,"{""Q001"": ""consensus_estimate_human_primary_cause"", ""Q002"": ""consensus_estimate_net_zero_before_2085"", ""Q003"": ""consensus_estimate_co2_warms_planet""}",consensus_stage_a,consensus_two_stage_interactive_adaptation_v1,G|LP0508|Consensus|stage_a|replicate_1,2acb1db3ab479d3aa71e5b1dcd9c33288e5541d40f648532af9158f3a468dabc,675efa1486e53a4914248132dda701b834c9e26599d8c4c4d7b41db57bfcf2b0,
G|LP0509|Consensus|stage_a|replicate_1,G-6d1cd01502108bcd3d8971b8388514778f15902b,G,target,LP0509,Consensus,consensus_stage_a_estimates,1,google/gemma-4-31B-it,8ac007c768b1fe17fc061c31a1e18956ee18af470f8ef7190d673fa31b2082f7,675efa1486e53a4914248132dda701b834c9e26599d8c4c4d7b41db57bfcf2b0,consensus_two_stage_interactive_adaptation_v1,prompt_compiler_v2_split_g_f,1548364792,pending,Q001|Q002|Q003,"{""Q001"": ""consensus_estimate_net_zero_before_2085"", ""Q002"": ""consensus_estimate_human_primary_cause"", ""Q003"": ""consensus_estimate_co2_warms_planet""}",consensus_stage_a,consensus_two_stage_interactive_adaptation_v1,G|LP0509|Consensus|stage_a|replicate_1,8ac007c768b1fe17fc061c31a1e18956ee18af470f8ef7190d673fa31b2082f7,675efa1486e53a4914248132dda701b834c9e26599d8c4c4d7b41db57bfcf2b0,
G|LP0510|Consensus|stage_a|replicate_1,G-48bc64aad49494ac52b2cb9b32e435a8105646a5,G,target,LP0510,Consensus,consensus_stage_a_estimates,1,google/gemma-4-31B-it,3fd334a6b98c1beeaa20ff164996ca50dd848e41b4697a271c1cfc397873dd75,675efa1486e53a4914248132dda701b834c9e26599d8c4c4d7b41db57bfcf2b0,consensus_two_stage_interactive_adaptation_v1,prompt_compiler_v2_split_g_f,1712152066,pending,Q001|Q002|Q003,"{""Q001"": ""consensus_estimate_net_zero_before_2085"", ""Q002"": ""consensus_estimate_co2_warms_planet"", ""Q003"": ""consensus_estimate_human_primary_cause""}",consensus_stage_a,consensus_two_stage_interactive_adaptation_v1,G|LP0510|Consensus|stage_a|replicate_1,3fd334a6b98c1beeaa20ff164996ca50dd848e41b4697a271c1cfc397873dd75,675efa1486e53a4914248132dda701b834c9e26599d8c4c4d7b41db57bfcf2b0,
G|LP0511|Consensus|stage_a|replicate_1,G-132398628d3ebd69afd2586cf3ff00972618ef36,G,target,LP0511,Consensus,consensus_stage_a_estimates,1,google/gemma-4-31B-it,491342c9cfaf0f414bb561969773c73dce1400ca16e02c952ab88b4403af3104,675efa1486e53a4914248132dda701b834c9e26599d8c4c4d7b41db57bfcf2b0,consensus_two_stage_interactive_adaptation_v1,prompt_compiler_v2_split_g_f,864415278,pending,Q001|Q002|Q003,"{""Q001"": ""consensus_estimate_human_primary_cause"", ""Q002"": ""consensus_estimate_co2_warms_planet"", ""Q003"": ""consensus_estimate_net_zero_before_2085""}",consensus_stage_a,consensus_two_stage_interactive_adaptation_v1,G|LP0511|Consensus|stage_a|replicate_1,491342c9cfaf0f414bb561969773c73dce1400ca16e02c952ab88b4403af3104,675efa1486e53a4914248132dda701b834c9e26599d8c4c4d7b41db57bfcf2b0,
G|LP0512|Consensus|stage_a|replicate_1,G-2e69ba612e104f0728ec9c433dcbbbc400a49235,G,target,LP0512,Consensus,consensus_stage_a_estimates,1,google/gemma-4-31B-it,9f2e2e69f7ba9548348b5c439e41f7ad5ca6442eb70ce76dbd4ce9e279795471,675efa1486e53a4914248132dda701b834c9e26599d8c4c4d7b41db57bfcf2b0,consensus_two_stage_interactive_adaptation_v1,prompt_compiler_v2_split_g_f,182698954,pending,Q001|Q002|Q003,"{""Q001"": ""consensus_estimate_co2_warms_planet"", ""Q002"": ""consensus_estimate_human_primary_cause"", ""Q003"": ""consensus_estimate_net_zero_before_2085""}",consensus_stage_a,consensus_two_stage_interactive_adaptation_v1,G|LP0512|Consensus|stage_a|replicate_1,9f2e2e69f7ba9548348b5c439e41f7ad5ca6442eb70ce76dbd4ce9e279795471,675efa1486e53a4914248132dda701b834c9e26599d8c4c4d7b41db57bfcf2b0,
G|LP0513|Consensus|stage_a|replicate_1,G-77baa6755981eeb129d962c9349738fc8e56a69b,G,target,LP0513,Consensus,consensus_stage_a_estimates,1,google/gemma-4-31B-it,e0abc8461362fd585b00e4a9cb51463fbef3469f890b6784fae80cb1dacfd432,675efa1486e53a4914248132dda701b834c9e26599d8c4c4d7b41db57bfcf2b0,consensus_two_stage_interactive_adaptation_v1,prompt_compiler_v2_split_g_f,1224162205,pending,Q001|Q002|Q003,"{""Q001"": ""consensus_estimate_human_primary_cause"", ""Q002"": ""consensus_estimate_co2_warms_planet"", ""Q003"": ""consensus_estimate_net_zero_before_2085""}",consensus_stage_a,consensus_two_stage_interactive_adaptation_v1,G|LP0513|Consensus|stage_a|replicate_1,e0abc8461362fd585b00e4a9cb51463fbef3469f890b6784fae80cb1dacfd432,675efa1486e53a4914248132dda701b834c9e26599d8c4c4d7b41db57bfcf2b0,
G|LP0514|Consensus|stage_a|replicate_1,G-f4059ea70dcf9ad73cae3860c7880fb935a3b91e,G,target,LP0514,Consensus,consensus_stage_a_estimates,1,google/gemma-4-31B-it,3a1c32890478ee4e97a70244163e033bbfeda707f7f6238b841a51c3a5dcaf58,675efa1486e53a4914248132dda701b834c9e26599d8c4c4d7b41db57bfcf2b0,consensus_two_stage_interactive_adaptation_v1,prompt_compiler_v2_split_g_f,1977276456,pending,Q001|Q002|Q003,"{""Q001"": ""consensus_estimate_human_primary_cause"", ""Q002"": ""consensus_estimate_co2_warms_planet"", ""Q003"": ""consensus_estimate_net_zero_before_2085""}",consensus_stage_a,consensus_two_stage_interactive_adaptation_v1,G|LP0514|Consensus|stage_a|replicate_1,3a1c32890478ee4e97a70244163e033bbfeda707f7f6238b841a51c3a5dcaf58,675efa1486e53a4914248132dda701b834c9e26599d8c4c4d7b41db57bfcf2b0,
G|LP0515|Consensus|stage_a|replicate_1,G-927de6f30936288d13ddad18472e0c04a8c7813c,G,target,LP0515,Consensus,consensus_stage_a_estimates,1,google/gemma-4-31B-it,4464ab21f35a08bab340bef43e2c02fd417e9fb5e196a68be62fdf54636b5c06,675efa1486e53a4914248132dda701b834c9e26599d8c4c4d7b41db57bfcf2b0,consensus_two_stage_interactive_adaptation_v1,prompt_compiler_v2_split_g_f,775026293,pending,Q001|Q002|Q003,"{""Q001"": ""consensus_estimate_co2_warms_planet"", ""Q002"": ""consensus_estimate_net_zero_before_2085"", ""Q003"": ""consensus_estimate_human_primary_cause""}",consensus_stage_a,consensus_two_stage_interactive_adaptation_v1,G|LP0515|Consensus|stage_a|replicate_1,4464ab21f35a08bab340bef43e2c02fd417e9fb5e196a68be62fdf54636b5c06,675efa1486e53a4914248132dda701b834c9e26599d8c4c4d7b41db57bfcf2b0,
G|LP0516|Consensus|stage_a|replicate_1,G-ae0196097e78d3ea507b65c7e8c4196e09f17757,G,target,LP0516,Consensus,consensus_stage_a_estimates,1,google/gemma-4-31B-it,7a0626228bb83be4b49b852205edbc2a4bb72d8a6f46169d902738e7d08a6554,675efa1486e53a4914248132dda701b834c9e26599d8c4c4d7b41db57bfcf2b0,consensus_two_stage_interactive_adaptation_v1,prompt_compiler_v2_split_g_f,1518075903,pending,Q001|Q002|Q003,"{""Q001"": ""consensus_estimate_co2_warms_planet"", ""Q002"": ""consensus_estimate_human_primary_cause"", ""Q003"": ""consensus_estimate_net_zero_before_2085""}",consensus_stage_a,consensus_two_stage_interactive_adaptation_v1,G|LP0516|Consensus|stage_a|replicate_1,7a0626228bb83be4b49b852205edbc2a4bb72d8a6f46169d902738e7d08a6554,675efa1486e53a4914248132dda701b834c9e26599d8c4c4d7b41db57bfcf2b0,
G|LP0517|Consensus|stage_a|replicate_1,G-67152062517549263636beb38b85992f7a39eb4f,G,target,LP0517,Consensus,consensus_stage_a_estimates,1,google/gemma-4-31B-it,d1a773ade01d362eca5791ddf47218448912098270eaa59582a2459f6a02afd2,675efa1486e53a4914248132dda701b834c9e26599d8c4c4d7b41db57bfcf2b0,consensus_two_stage_interactive_adaptation_v1,prompt_compiler_v2_split_g_f,530549228,pending,Q001|Q002|Q003,"{""Q001"": ""consensus_estimate_co2_warms_planet"", ""Q002"": ""consensus_estimate_human_primary_cause"", ""Q003"": ""consensus_estimate_net_zero_before_2085""}",consensus_stage_a,consensus_two_stage_interactive_adaptation_v1,G|LP0517|Consensus|stage_a|replicate_1,d1a773ade01d362eca5791ddf47218448912098270eaa59582a2459f6a02afd2,675efa1486e53a4914248132dda701b834c9e26599d8c4c4d7b41db57bfcf2b0,
G|LP0518|Consensus|stage_a|replicate_1,G-9db1d9e0514d75ac3dbe0c40082a82a3096bdbdc,G,target,LP0518,Consensus,consensus_stage_a_estimates,1,google/gemma-4-31B-it,9bca0f22c22ef04a50bdf836b8224edd8899cd978a7501a98309abb574e1564f,675efa1486e53a4914248132dda701b834c9e26599d8c4c4d7b41db57bfcf2b0,consensus_two_stage_interactive_adaptation_v1,prompt_compiler_v2_split_g_f,212937071,pending,Q001|Q002|Q003,"{""Q001"": ""consensus_estimate_human_primary_cause"", ""Q002"": ""consensus_estimate_co2_warms_planet"", ""Q003"": ""consensus_estimate_net_zero_before_2085""}",consensus_stage_a,consensus_two_stage_interactive_adaptation_v1,G|LP0518|Consensus|stage_a|replicate_1,9bca0f22c22ef04a50bdf836b8224edd8899cd978a7501a98309abb574e1564f,675efa1486e53a4914248132dda701b834c9e26599d8c4c4d7b41db57bfcf2b0,
G|LP0519|Consensus|stage_a|replicate_1,G-8fbac852b3bb65aaef7486fa2206f34db83fa6c7,G,target,LP0519,Consensus,consensus_stage_a_estimates,1,google/gemma-4-31B-it,217e52a74ad1e542d29d22e7459344dc60e6d65ccb97290fac564fbedeae4799,675efa1486e53a4914248132dda701b834c9e26599d8c4c4d7b41db57bfcf2b0,consensus_two_stage_interactive_adaptation_v1,prompt_compiler_v2_split_g_f,1395717713,pending,Q001|Q002|Q003,"{""Q001"": ""consensus_estimate_co2_warms_planet"", ""Q002"": ""consensus_estimate_net_zero_before_2085"", ""Q003"": ""consensus_estimate_human_primary_cause""}",consensus_stage_a,consensus_two_stage_interactive_adaptation_v1,G|LP0519|Consensus|stage_a|replicate_1,217e52a74ad1e542d29d22e7459344dc60e6d65ccb97290fac564fbedeae4799,675efa1486e53a4914248132dda701b834c9e26599d8c4c4d7b41db57bfcf2b0,
G|LP0520|Consensus|stage_a|replicate_1,G-8d0c9f3ed4f5555f788bf0506a1cfe6a0bb74629,G,target,LP0520,Consensus,consensus_stage_a_estimates,1,google/gemma-4-31B-it,60848cb1875871c9df1af1ac737bfd729dc89d3ae8db84b9b5bcb6351acc94ea,675efa1486e53a4914248132dda701b834c9e26599d8c4c4d7b41db57bfcf2b0,consensus_two_stage_interactive_adaptation_v1,prompt_compiler_v2_split_g_f,1863226334,pending,Q001|Q002|Q003,"{""Q001"": ""consensus_estimate_human_primary_cause"", ""Q002"": ""consensus_estimate_co2_warms_planet"", ""Q003"": ""consensus_estimate_net_zero_before_2085""}",consensus_stage_a,consensus_two_stage_interactive_adaptation_v1,G|LP0520|Consensus|stage_a|replicate_1,60848cb1875871c9df1af1ac737bfd729dc89d3ae8db84b9b5bcb6351acc94ea,675efa1486e53a4914248132dda701b834c9e26599d8c4c4d7b41db57bfcf2b0,
G|LP0521|Consensus|stage_a|replicate_1,G-0324882bbee83f8b18dbfc2654db657a7e9225f8,G,target,LP0521,Consensus,consensus_stage_a_estimates,1,google/gemma-4-31B-it,9867fe2c97bad81c5fd6637ceacb9c37b6824fb15732dfd5bbf64406aeee746a,675efa1486e53a4914248132dda701b834c9e26599d8c4c4d7b41db57bfcf2b0,consensus_two_stage_interactive_adaptation_v1,prompt_compiler_v2_split_g_f,1160859618,pending,Q001|Q002|Q003,"{""Q001"": ""consensus_estimate_human_primary_cause"", ""Q002"": ""consensus_estimate_co2_warms_planet"", ""Q003"": ""consensus_estimate_net_zero_before_2085""}",consensus_stage_a,consensus_two_stage_interactive_adaptation_v1,G|LP0521|Consensus|stage_a|replicate_1,9867fe2c97bad81c5fd6637ceacb9c37b6824fb15732dfd5bbf64406aeee746a,675efa1486e53a4914248132dda701b834c9e26599d8c4c4d7b41db57bfcf2b0,
G|LP0522|Consensus|stage_a|replicate_1,G-3f7a4c8589ae1f3e63dab6b0bf862fe687cda019,G,target,LP0522,Consensus,consensus_stage_a_estimates,1,google/gemma-4-31B-it,e468ca8333094ff41c697d4d5522bf295ac9f41d527233ae0fa4bef466998382,675efa1486e53a4914248132dda701b834c9e26599d8c4c4d7b41db57bfcf2b0,consensus_two_stage_interactive_adaptation_v1,prompt_compiler_v2_split_g_f,144881738,pending,Q001|Q002|Q003,"{""Q001"": ""consensus_estimate_net_zero_before_2085"", ""Q002"": ""consensus_estimate_co2_warms_planet"", ""Q003"": ""consensus_estimate_human_primary_cause""}",consensus_stage_a,consensus_two_stage_interactive_adaptation_v1,G|LP0522|Consensus|stage_a|replicate_1,e468ca8333094ff41c697d4d5522bf295ac9f41d527233ae0fa4bef466998382,675efa1486e53a4914248132dda701b834c9e26599d8c4c4d7b41db57bfcf2b0,
G|LP0523|Consensus|stage_a|replicate_1,G-fba9a1315c833ef03fdda30acb0c481bcb8378f0,G,target,LP0523,Consensus,consensus_stage_a_estimates,1,google/gemma-4-31B-it,5fbb5f684d94511156648c632056e59b115a0602900db93a096607b90a4dac5c,675efa1486e53a4914248132dda701b834c9e26599d8c4c4d7b41db57bfcf2b0,consensus_two_stage_interactive_adaptation_v1,prompt_compiler_v2_split_g_f,1406566742,pending,Q001|Q002|Q003,"{""Q001"": ""consensus_estimate_co2_warms_planet"", ""Q002"": ""consensus_estimate_human_primary_cause"", ""Q003"": ""consensus_estimate_net_zero_before_2085""}",consensus_stage_a,consensus_two_stage_interactive_adaptation_v1,G|LP0523|Consensus|stage_a|replicate_1,5fbb5f684d94511156648c632056e59b115a0602900db93a096607b90a4dac5c,675efa1486e53a4914248132dda701b834c9e26599d8c4c4d7b41db57bfcf2b0,
G|LP0524|Consensus|stage_a|replicate_1,G-6b1fd33a6a0f1e58ada1b3c07e976d8d0e420592,G,target,LP0524,Consensus,consensus_stage_a_estimates,1,google/gemma-4-31B-it,030ebdcca57954eedf98606093ebd21b1c85b7505a83ce9a22343b225b6e2342,675efa1486e53a4914248132dda701b834c9e26599d8c4c4d7b41db57bfcf2b0,consensus_two_stage_interactive_adaptation_v1,prompt_compiler_v2_split_g_f,1078904014,pending,Q001|Q002|Q003,"{""Q001"": ""consensus_estimate_co2_warms_planet"", ""Q002"": ""consensus_estimate_human_primary_cause"", ""Q003"": ""consensus_estimate_net_zero_before_2085""}",consensus_stage_a,consensus_two_stage_interactive_adaptation_v1,G|LP0524|Consensus|stage_a|replicate_1,030ebdcca57954eedf98606093ebd21b1c85b7505a83ce9a22343b225b6e2342,675efa1486e53a4914248132dda701b834c9e26599d8c4c4d7b41db57bfcf2b0,
G|LP0525|Consensus|stage_a|replicate_1,G-3a016e745f3617f18dbc814dcd667b89ac0ddde3,G,target,LP0525,Consensus,consensus_stage_a_estimates,1,google/gemma-4-31B-it,f97b53b0c06329d5f74a37a3383d1602fb28e0de0c816261cba31d155bea5611,675efa1486e53a4914248132dda701b834c9e26599d8c4c4d7b41db57bfcf2b0,consensus_two_stage_interactive_adaptation_v1,prompt_compiler_v2_split_g_f,1396241626,pending,Q001|Q002|Q003,"{""Q001"": ""consensus_estimate_net_zero_before_2085"", ""Q002"": ""consensus_estimate_human_primary_cause"", ""Q003"": ""consensus_estimate_co2_warms_planet""}",consensus_stage_a,consensus_two_stage_interactive_adaptation_v1,G|LP0525|Consensus|stage_a|replicate_1,f97b53b0c06329d5f74a37a3383d1602fb28e0de0c816261cba31d155bea5611,675efa1486e53a4914248132dda701b834c9e26599d8c4c4d7b41db57bfcf2b0,
G|LP0526|Consensus|stage_a|replicate_1,G-2d1838300dfa0a3870f5db30991a36be06997a73,G,target,LP0526,Consensus,consensus_stage_a_estimates,1,google/gemma-4-31B-it,23a9af8995c1360a722caad0cd03a26e905b598e1c4ba214f7b80d6f7f047efd,675efa1486e53a4914248132dda701b834c9e26599d8c4c4d7b41db57bfcf2b0,consensus_two_stage_interactive_adaptation_v1,prompt_compiler_v2_split_g_f,1747614360,pending,Q001|Q002|Q003,"{""Q001"": ""consensus_estimate_net_zero_before_2085"", ""Q002"": ""consensus_estimate_human_primary_cause"", ""Q003"": ""consensus_estimate_co2_warms_planet""}",consensus_stage_a,consensus_two_stage_interactive_adaptation_v1,G|LP0526|Consensus|stage_a|replicate_1,23a9af8995c1360a722caad0cd03a26e905b598e1c4ba214f7b80d6f7f047efd,675efa1486e53a4914248132dda701b834c9e26599d8c4c4d7b41db57bfcf2b0,
G|LP0527|Consensus|stage_a|replicate_1,G-b7131804bef25bc7ac51601eecf99b0b1676f511,G,target,LP0527,Consensus,consensus_stage_a_estimates,1,google/gemma-4-31B-it,ffd7f670ceb0d839b84b9c87d3897b37aacfe2892b22a965f46c3d311c2864b5,675efa1486e53a4914248132dda701b834c9e26599d8c4c4d7b41db57bfcf2b0,consensus_two_stage_interactive_adaptation_v1,prompt_compiler_v2_split_g_f,756583379,pending,Q001|Q002|Q003,"{""Q001"": ""consensus_estimate_human_primary_cause"", ""Q002"": ""consensus_estimate_co2_warms_planet"", ""Q003"": ""consensus_estimate_net_zero_before_2085""}",consensus_stage_a,consensus_two_stage_interactive_adaptation_v1,G|LP0527|Consensus|stage_a|replicate_1,ffd7f670ceb0d839b84b9c87d3897b37aacfe2892b22a965f46c3d311c2864b5,675efa1486e53a4914248132dda701b834c9e26599d8c4c4d7b41db57bfcf2b0,
G|LP0528|Consensus|stage_a|replicate_1,G-85ca400791602c24e4f346dca826b3e1f1477a21,G,target,LP0528,Consensus,consensus_stage_a_estimates,1,google/gemma-4-31B-it,cdf831b382b27a09b6131ca3a5bc8659009ec677230611d819ccbb8da5e26114,675efa1486e53a4914248132dda701b834c9e26599d8c4c4d7b41db57bfcf2b0,consensus_two_stage_interactive_adaptation_v1,prompt_compiler_v2_split_g_f,485796917,pending,Q001|Q002|Q003,"{""Q001"": ""consensus_estimate_co2_warms_planet"", ""Q002"": ""consensus_estimate_net_zero_before_2085"", ""Q003"": ""consensus_estimate_human_primary_cause""}",consensus_stage_a,consensus_two_stage_interactive_adaptation_v1,G|LP0528|Consensus|stage_a|replicate_1,cdf831b382b27a09b6131ca3a5bc8659009ec677230611d819ccbb8da5e26114,675efa1486e53a4914248132dda701b834c9e26599d8c4c4d7b41db57bfcf2b0,
G|LP0529|Consensus|stage_a|replicate_1,G-a15038cdc8d01d69ab9b516c54cf0691fbe40798,G,target,LP0529,Consensus,consensus_stage_a_estimates,1,google/gemma-4-31B-it,ffd912d042a2f2228119ee605053ee0a19022185171b4db5bcc466aa81799b55,675efa1486e53a4914248132dda701b834c9e26599d8c4c4d7b41db57bfcf2b0,consensus_two_stage_interactive_adaptation_v1,prompt_compiler_v2_split_g_f,191926023,pending,Q001|Q002|Q003,"{""Q001"": ""consensus_estimate_human_primary_cause"", ""Q002"": ""consensus_estimate_net_zero_before_2085"", ""Q003"": ""consensus_estimate_co2_warms_planet""}",consensus_stage_a,consensus_two_stage_interactive_adaptation_v1,G|LP0529|Consensus|stage_a|replicate_1,ffd912d042a2f2228119ee605053ee0a19022185171b4db5bcc466aa81799b55,675efa1486e53a4914248132dda701b834c9e26599d8c4c4d7b41db57bfcf2b0,
G|LP0530|Consensus|stage_a|replicate_1,G-76cab2eb0ef0df1dcf41a8579e6fe6e0e38cef00,G,target,LP0530,Consensus,consensus_stage_a_estimates,1,google/gemma-4-31B-it,a3fc45dc4c987825fb48ac42906b113e01ef6eec3dd1d0335a649fcda4b25f2f,675efa1486e53a4914248132dda701b834c9e26599d8c4c4d7b41db57bfcf2b0,consensus_two_stage_interactive_adaptation_v1,prompt_compiler_v2_split_g_f,2089174260,pending,Q001|Q002|Q003,"{""Q001"": ""consensus_estimate_human_primary_cause"", ""Q002"": ""consensus_estimate_net_zero_before_2085"", ""Q003"": ""consensus_estimate_co2_warms_planet""}",consensus_stage_a,consensus_two_stage_interactive_adaptation_v1,G|LP0530|Consensus|stage_a|replicate_1,a3fc45dc4c987825fb48ac42906b113e01ef6eec3dd1d0335a649fcda4b25f2f,675efa1486e53a4914248132dda701b834c9e26599d8c4c4d7b41db57bfcf2b0,
G|LP0531|Consensus|stage_a|replicate_1,G-a575913701520e148b0103e2299358fb7b1780eb,G,target,LP0531,Consensus,consensus_stage_a_estimates,1,google/gemma-4-31B-it,e88b2be07ef7f20a5db43548bb748df4d3209df9e0f4be22375012c51ce332d2,675efa1486e53a4914248132dda701b834c9e26599d8c4c4d7b41db57bfcf2b0,consensus_two_stage_interactive_adaptation_v1,prompt_compiler_v2_split_g_f,1279078532,pending,Q001|Q002|Q003,"{""Q001"": ""consensus_estimate_co2_warms_planet"", ""Q002"": ""consensus_estimate_net_zero_before_2085"", ""Q003"": ""consensus_estimate_human_primary_cause""}",consensus_stage_a,consensus_two_stage_interactive_adaptation_v1,G|LP0531|Consensus|stage_a|replicate_1,e88b2be07ef7f20a5db43548bb748df4d3209df9e0f4be22375012c51ce332d2,675efa1486e53a4914248132dda701b834c9e26599d8c4c4d7b41db57bfcf2b0,
G|LP0532|Consensus|stage_a|replicate_1,G-e87d92b5b2d9ce9f15b66de02d94b80d3de6f4f8,G,target,LP0532,Consensus,consensus_stage_a_estimates,1,google/gemma-4-31B-it,b3139125e8779e1dbb0032f1e60aa6354eff62872855209aa33372939ce1e2dd,675efa1486e53a4914248132dda701b834c9e26599d8c4c4d7b41db57bfcf2b0,consensus_two_stage_interactive_adaptation_v1,prompt_compiler_v2_split_g_f,64287758,pending,Q001|Q002|Q003,"{""Q001"": ""consensus_estimate_net_zero_before_2085"", ""Q002"": ""consensus_estimate_co2_warms_planet"", ""Q003"": ""consensus_estimate_human_primary_cause""}",consensus_stage_a,consensus_two_stage_interactive_adaptation_v1,G|LP0532|Consensus|stage_a|replicate_1,b3139125e8779e1dbb0032f1e60aa6354eff62872855209aa33372939ce1e2dd,675efa1486e53a4914248132dda701b834c9e26599d8c4c4d7b41db57bfcf2b0,
G|LP0533|Consensus|stage_a|replicate_1,G-1c916d2db8e83a16b21ced1df9cd428408dfdb19,G,target,LP0533,Consensus,consensus_stage_a_estimates,1,google/gemma-4-31B-it,016130a537f0f3deae0afb15080ba474cd2e6bd4b08815b1f3d320ddfba3e069,675efa1486e53a4914248132dda701b834c9e26599d8c4c4d7b41db57bfcf2b0,consensus_two_stage_interactive_adaptation_v1,prompt_compiler_v2_split_g_f,1913328753,pending,Q001|Q002|Q003,"{""Q001"": ""consensus_estimate_co2_warms_planet"", ""Q002"": ""consensus_estimate_human_primary_cause"", ""Q003"": ""consensus_estimate_net_zero_before_2085""}",consensus_stage_a,consensus_two_stage_interactive_adaptation_v1,G|LP0533|Consensus|stage_a|replicate_1,016130a537f0f3deae0afb15080ba474cd2e6bd4b08815b1f3d320ddfba3e069,675efa1486e53a4914248132dda701b834c9e26599d8c4c4d7b41db57bfcf2b0,
G|LP0534|Consensus|stage_a|replicate_1,G-87608e93c53ca34409e50bda968d1bd6482ad83e,G,target,LP0534,Consensus,consensus_stage_a_estimates,1,google/gemma-4-31B-it,7ec89b77e0271672b71957086f5bf4bbedd4b33eabe0ad66642db578c3abdaa4,675efa1486e53a4914248132dda701b834c9e26599d8c4c4d7b41db57bfcf2b0,consensus_two_stage_interactive_adaptation_v1,prompt_compiler_v2_split_g_f,1409138797,pending,Q001|Q002|Q003,"{""Q001"": ""consensus_estimate_human_primary_cause"", ""Q002"": ""consensus_estimate_co2_warms_planet"", ""Q003"": ""consensus_estimate_net_zero_before_2085""}",consensus_stage_a,consensus_two_stage_interactive_adaptation_v1,G|LP0534|Consensus|stage_a|replicate_1,7ec89b77e0271672b71957086f5bf4bbedd4b33eabe0ad66642db578c3abdaa4,675efa1486e53a4914248132dda701b834c9e26599d8c4c4d7b41db57bfcf2b0,
G|LP0535|Consensus|stage_a|replicate_1,G-bdb890dbaf5ebec245eca9926af7917f3b621a4b,G,target,LP0535,Consensus,consensus_stage_a_estimates,1,google/gemma-4-31B-it,93f984e4bd876db8a0a5e83750969af0327e00821b8c98db9a9ff44aa8f7862b,675efa1486e53a4914248132dda701b834c9e26599d8c4c4d7b41db57bfcf2b0,consensus_two_stage_interactive_adaptation_v1,prompt_compiler_v2_split_g_f,718266492,pending,Q001|Q002|Q003,"{""Q001"": ""consensus_estimate_co2_warms_planet"", ""Q002"": ""consensus_estimate_human_primary_cause"", ""Q003"": ""consensus_estimate_net_zero_before_2085""}",consensus_stage_a,consensus_two_stage_interactive_adaptation_v1,G|LP0535|Consensus|stage_a|replicate_1,93f984e4bd876db8a0a5e83750969af0327e00821b8c98db9a9ff44aa8f7862b,675efa1486e53a4914248132dda701b834c9e26599d8c4c4d7b41db57bfcf2b0,
G|LP0536|Consensus|stage_a|replicate_1,G-a111d7ab0d139a84e95ccff1724bd36e3c7ca7ef,G,target,LP0536,Consensus,consensus_stage_a_estimates,1,google/gemma-4-31B-it,e295270b23c2c4248bf0c0d7d0d7d43b69c2956616670a2bece9203d1e645060,675efa1486e53a4914248132dda701b834c9e26599d8c4c4d7b41db57bfcf2b0,consensus_two_stage_interactive_adaptation_v1,prompt_compiler_v2_split_g_f,1329023452,pending,Q001|Q002|Q003,"{""Q001"": ""consensus_estimate_net_zero_before_2085"", ""Q002"": ""consensus_estimate_co2_warms_planet"", ""Q003"": ""consensus_estimate_human_primary_cause""}",consensus_stage_a,consensus_two_stage_interactive_adaptation_v1,G|LP0536|Consensus|stage_a|replicate_1,e295270b23c2c4248bf0c0d7d0d7d43b69c2956616670a2bece9203d1e645060,675efa1486e53a4914248132dda701b834c9e26599d8c4c4d7b41db57bfcf2b0,
G|LP0537|Consensus|stage_a|replicate_1,G-7047d3a207138fcfe2c90555141880f41da887af,G,target,LP0537,Consensus,consensus_stage_a_estimates,1,google/gemma-4-31B-it,ef18aa4e092fb890a5f14bc6f7858d7b1cf91622897f2a098d4519b0de7c6bd1,675efa1486e53a4914248132dda701b834c9e26599d8c4c4d7b41db57bfcf2b0,consensus_two_stage_interactive_adaptation_v1,prompt_compiler_v2_split_g_f,1738749716,pending,Q001|Q002|Q003,"{""Q001"": ""consensus_estimate_human_primary_cause"", ""Q002"": ""consensus_estimate_net_zero_before_2085"", ""Q003"": ""consensus_estimate_co2_warms_planet""}",consensus_stage_a,consensus_two_stage_interactive_adaptation_v1,G|LP0537|Consensus|stage_a|replicate_1,ef18aa4e092fb890a5f14bc6f7858d7b1cf91622897f2a098d4519b0de7c6bd1,675efa1486e53a4914248132dda701b834c9e26599d8c4c4d7b41db57bfcf2b0,
G|LP0538|Consensus|stage_a|replicate_1,G-4b9b1db88063cfeb1fbca7a48a18d53c76632f55,G,target,LP0538,Consensus,consensus_stage_a_estimates,1,google/gemma-4-31B-it,1d896eba378445d7d0f0376ac758683020d3d651b857906cab85a2a0b1877cba,675efa1486e53a4914248132dda701b834c9e26599d8c4c4d7b41db57bfcf2b0,consensus_two_stage_interactive_adaptation_v1,prompt_compiler_v2_split_g_f,395971421,pending,Q001|Q002|Q003,"{""Q001"": ""consensus_estimate_co2_warms_planet"", ""Q002"": ""consensus_estimate_net_zero_before_2085"", ""Q003"": ""consensus_estimate_human_primary_cause""}",consensus_stage_a,consensus_two_stage_interactive_adaptation_v1,G|LP0538|Consensus|stage_a|replicate_1,1d896eba378445d7d0f0376ac758683020d3d651b857906cab85a2a0b1877cba,675efa1486e53a4914248132dda701b834c9e26599d8c4c4d7b41db57bfcf2b0,
G|LP0539|Consensus|stage_a|replicate_1,G-d88021808c1b349b384bbaee5603925ec04be136,G,target,LP0539,Consensus,consensus_stage_a_estimates,1,google/gemma-4-31B-it,d17ccaf290e8796661fe06157b29f2fca3d72803a107860ab549261cf804c596,675efa1486e53a4914248132dda701b834c9e26599d8c4c4d7b41db57bfcf2b0,consensus_two_stage_interactive_adaptation_v1,prompt_compiler_v2_split_g_f,1025210271,pending,Q001|Q002|Q003,"{""Q001"": ""consensus_estimate_net_zero_before_2085"", ""Q002"": ""consensus_estimate_co2_warms_planet"", ""Q003"": ""consensus_estimate_human_primary_cause""}",consensus_stage_a,consensus_two_stage_interactive_adaptation_v1,G|LP0539|Consensus|stage_a|replicate_1,d17ccaf290e8796661fe06157b29f2fca3d72803a107860ab549261cf804c596,675efa1486e53a4914248132dda701b834c9e26599d8c4c4d7b41db57bfcf2b0,
G|LP0540|Consensus|stage_a|replicate_1,G-daffaccbeb4bce27565b5c677930674b65240522,G,target,LP0540,Consensus,consensus_stage_a_estimates,1,google/gemma-4-31B-it,4a4599be6143f23ccaac6ae12a75be8084cd1d78d0ff71935f95fec2fdf9b25a,675efa1486e53a4914248132dda701b834c9e26599d8c4c4d7b41db57bfcf2b0,consensus_two_stage_interactive_adaptation_v1,prompt_compiler_v2_split_g_f,558573506,pending,Q001|Q002|Q003,"{""Q001"": ""consensus_estimate_human_primary_cause"", ""Q002"": ""consensus_estimate_co2_warms_planet"", ""Q003"": ""consensus_estimate_net_zero_before_2085""}",consensus_stage_a,consensus_two_stage_interactive_adaptation_v1,G|LP0540|Consensus|stage_a|replicate_1,4a4599be6143f23ccaac6ae12a75be8084cd1d78d0ff71935f95fec2fdf9b25a,675efa1486e53a4914248132dda701b834c9e26599d8c4c4d7b41db57bfcf2b0,
G|LP0541|Consensus|stage_a|replicate_1,G-67d1c99d2d47fe1e5ac16d720edcbfe61f49c25e,G,target,LP0541,Consensus,consensus_stage_a_estimates,1,google/gemma-4-31B-it,a0d87506b6853e4c924814d552ff54a4082c7ead096a8baa4c3e528ccc1731db,675efa1486e53a4914248132dda701b834c9e26599d8c4c4d7b41db57bfcf2b0,consensus_two_stage_interactive_adaptation_v1,prompt_compiler_v2_split_g_f,2095812953,pending,Q001|Q002|Q003,"{""Q001"": ""consensus_estimate_co2_warms_planet"", ""Q002"": ""consensus_estimate_human_primary_cause"", ""Q003"": ""consensus_estimate_net_zero_before_2085""}",consensus_stage_a,consensus_two_stage_interactive_adaptation_v1,G|LP0541|Consensus|stage_a|replicate_1,a0d87506b6853e4c924814d552ff54a4082c7ead096a8baa4c3e528ccc1731db,675efa1486e53a4914248132dda701b834c9e26599d8c4c4d7b41db57bfcf2b0,
G|LP0542|Consensus|stage_a|replicate_1,G-32d69927a2e4562e01d118f3da9aeb29e965cf2a,G,target,LP0542,Consensus,consensus_stage_a_estimates,1,google/gemma-4-31B-it,11e89f01e7d01d93a7a9bc827efab0743744e24252dc21a3fae7325eaf6fdae3,675efa1486e53a4914248132dda701b834c9e26599d8c4c4d7b41db57bfcf2b0,consensus_two_stage_interactive_adaptation_v1,prompt_compiler_v2_split_g_f,143755390,pending,Q001|Q002|Q003,"{""Q001"": ""consensus_estimate_human_primary_cause"", ""Q002"": ""consensus_estimate_co2_warms_planet"", ""Q003"": ""consensus_estimate_net_zero_before_2085""}",consensus_stage_a,consensus_two_stage_interactive_adaptation_v1,G|LP0542|Consensus|stage_a|replicate_1,11e89f01e7d01d93a7a9bc827efab0743744e24252dc21a3fae7325eaf6fdae3,675efa1486e53a4914248132dda701b834c9e26599d8c4c4d7b41db57bfcf2b0,
G|LP0543|Consensus|stage_a|replicate_1,G-a7cf04eac308f60fb6eeabdd558b03b7b6f43e31,G,target,LP0543,Consensus,consensus_stage_a_estimates,1,google/gemma-4-31B-it,6442f7702b2a8a6513fcb503ecdd92cf63b6de8f3063aba47acda03b6d88fb34,675efa1486e53a4914248132dda701b834c9e26599d8c4c4d7b41db57bfcf2b0,consensus_two_stage_interactive_adaptation_v1,prompt_compiler_v2_split_g_f,312934375,pending,Q001|Q002|Q003,"{""Q001"": ""consensus_estimate_co2_warms_planet"", ""Q002"": ""consensus_estimate_net_zero_before_2085"", ""Q003"": ""consensus_estimate_human_primary_cause""}",consensus_stage_a,consensus_two_stage_interactive_adaptation_v1,G|LP0543|Consensus|stage_a|replicate_1,6442f7702b2a8a6513fcb503ecdd92cf63b6de8f3063aba47acda03b6d88fb34,675efa1486e53a4914248132dda701b834c9e26599d8c4c4d7b41db57bfcf2b0,
G|LP0544|Consensus|stage_a|replicate_1,G-9a1e729f796f1b16758467c32d653c3868bbf943,G,target,LP0544,Consensus,consensus_stage_a_estimates,1,google/gemma-4-31B-it,0b45c1eab9838fd47599ba1f565b28a9aca79b51cce99562c2d9e824cee6765c,675efa1486e53a4914248132dda701b834c9e26599d8c4c4d7b41db57bfcf2b0,consensus_two_stage_interactive_adaptation_v1,prompt_compiler_v2_split_g_f,766246999,pending,Q001|Q002|Q003,"{""Q001"": ""consensus_estimate_human_primary_cause"", ""Q002"": ""consensus_estimate_net_zero_before_2085"", ""Q003"": ""consensus_estimate_co2_warms_planet""}",consensus_stage_a,consensus_two_stage_interactive_adaptation_v1,G|LP0544|Consensus|stage_a|replicate_1,0b45c1eab9838fd47599ba1f565b28a9aca79b51cce99562c2d9e824cee6765c,675efa1486e53a4914248132dda701b834c9e26599d8c4c4d7b41db57bfcf2b0,
G|LP0545|Consensus|stage_a|replicate_1,G-2d47c3c4a06dd3db8a29e45cc85bdcc3a9b33c50,G,target,LP0545,Consensus,consensus_stage_a_estimates,1,google/gemma-4-31B-it,ac5cd243b4ddc02398a944098eb0c9b9b382b94798222fa88d9213463fc2646e,675efa1486e53a4914248132dda701b834c9e26599d8c4c4d7b41db57bfcf2b0,consensus_two_stage_interactive_adaptation_v1,prompt_compiler_v2_split_g_f,2063424356,pending,Q001|Q002|Q003,"{""Q001"": ""consensus_estimate_human_primary_cause"", ""Q002"": ""consensus_estimate_co2_warms_planet"", ""Q003"": ""consensus_estimate_net_zero_before_2085""}",consensus_stage_a,consensus_two_stage_interactive_adaptation_v1,G|LP0545|Consensus|stage_a|replicate_1,ac5cd243b4ddc02398a944098eb0c9b9b382b94798222fa88d9213463fc2646e,675efa1486e53a4914248132dda701b834c9e26599d8c4c4d7b41db57bfcf2b0,
G|LP0546|Consensus|stage_a|replicate_1,G-f815eba7f6aa914012d60bdc5567898d0f317320,G,target,LP0546,Consensus,consensus_stage_a_estimates,1,google/gemma-4-31B-it,04b96b15f6b1d7c467e77e0e9affce1875e6c3084bf4cef50772a047ecdaa0b5,675efa1486e53a4914248132dda701b834c9e26599d8c4c4d7b41db57bfcf2b0,consensus_two_stage_interactive_adaptation_v1,prompt_compiler_v2_split_g_f,1725327507,pending,Q001|Q002|Q003,"{""Q001"": ""consensus_estimate_co2_warms_planet"", ""Q002"": ""consensus_estimate_human_primary_cause"", ""Q003"": ""consensus_estimate_net_zero_before_2085""}",consensus_stage_a,consensus_two_stage_interactive_adaptation_v1,G|LP0546|Consensus|stage_a|replicate_1,04b96b15f6b1d7c467e77e0e9affce1875e6c3084bf4cef50772a047ecdaa0b5,675efa1486e53a4914248132dda701b834c9e26599d8c4c4d7b41db57bfcf2b0,
G|LP0547|Consensus|stage_a|replicate_1,G-407afdde21fa8677f0429c9c8c15725f8acae0d3,G,target,LP0547,Consensus,consensus_stage_a_estimates,1,google/gemma-4-31B-it,87c8ddb911e5d7a456991e1ecaa5118b01e0e20fc197676b62782ffa3c6e557a,675efa1486e53a4914248132dda701b834c9e26599d8c4c4d7b41db57bfcf2b0,consensus_two_stage_interactive_adaptation_v1,prompt_compiler_v2_split_g_f,586187316,pending,Q001|Q002|Q003,"{""Q001"": ""consensus_estimate_net_zero_before_2085"", ""Q002"": ""consensus_estimate_co2_warms_planet"", ""Q003"": ""consensus_estimate_human_primary_cause""}",consensus_stage_a,consensus_two_stage_interactive_adaptation_v1,G|LP0547|Consensus|stage_a|replicate_1,87c8ddb911e5d7a456991e1ecaa5118b01e0e20fc197676b62782ffa3c6e557a,675efa1486e53a4914248132dda701b834c9e26599d8c4c4d7b41db57bfcf2b0,
G|LP0548|Consensus|stage_a|replicate_1,G-bac69bd0ffa1b2894ba50672d07ccc1a7a277cff,G,target,LP0548,Consensus,consensus_stage_a_estimates,1,google/gemma-4-31B-it,faaa25ef43c743a3a0214cc4ad90a8e797fd86dd0f347b30e97fc0bfb5f98e4c,675efa1486e53a4914248132dda701b834c9e26599d8c4c4d7b41db57bfcf2b0,consensus_two_stage_interactive_adaptation_v1,prompt_compiler_v2_split_g_f,1966008877,pending,Q001|Q002|Q003,"{""Q001"": ""consensus_estimate_net_zero_before_2085"", ""Q002"": ""consensus_estimate_human_primary_cause"", ""Q003"": ""consensus_estimate_co2_warms_planet""}",consensus_stage_a,consensus_two_stage_interactive_adaptation_v1,G|LP0548|Consensus|stage_a|replicate_1,faaa25ef43c743a3a0214cc4ad90a8e797fd86dd0f347b30e97fc0bfb5f98e4c,675efa1486e53a4914248132dda701b834c9e26599d8c4c4d7b41db57bfcf2b0,
G|LP0549|Consensus|stage_a|replicate_1,G-8c3102dc75cf7fcbdabdb405f6136864247036b0,G,target,LP0549,Consensus,consensus_stage_a_estimates,1,google/gemma-4-31B-it,62733a75354d36f5a14ce3f4da30fe95fda39d7bac0b4195cc56b28c0ea8d92d,675efa1486e53a4914248132dda701b834c9e26599d8c4c4d7b41db57bfcf2b0,consensus_two_stage_interactive_adaptation_v1,prompt_compiler_v2_split_g_f,238126470,pending,Q001|Q002|Q003,"{""Q001"": ""consensus_estimate_human_primary_cause"", ""Q002"": ""consensus_estimate_co2_warms_planet"", ""Q003"": ""consensus_estimate_net_zero_before_2085""}",consensus_stage_a,consensus_two_stage_interactive_adaptation_v1,G|LP0549|Consensus|stage_a|replicate_1,62733a75354d36f5a14ce3f4da30fe95fda39d7bac0b4195cc56b28c0ea8d92d,675efa1486e53a4914248132dda701b834c9e26599d8c4c4d7b41db57bfcf2b0,
G|LP0550|Consensus|stage_a|replicate_1,G-3ae4439346d45a599006f252a08d274cc83e5ca9,G,target,LP0550,Consensus,consensus_stage_a_estimates,1,google/gemma-4-31B-it,7f498d155334f546d9c46dd57a5fb1d622780225b5a6a559428b9494d9616017,675efa1486e53a4914248132dda701b834c9e26599d8c4c4d7b41db57bfcf2b0,consensus_two_stage_interactive_adaptation_v1,prompt_compiler_v2_split_g_f,1016914304,pending,Q001|Q002|Q003,"{""Q001"": ""consensus_estimate_co2_warms_planet"", ""Q002"": ""consensus_estimate_human_primary_cause"", ""Q003"": ""consensus_estimate_net_zero_before_2085""}",consensus_stage_a,consensus_two_stage_interactive_adaptation_v1,G|LP0550|Consensus|stage_a|replicate_1,7f498d155334f546d9c46dd57a5fb1d622780225b5a6a559428b9494d9616017,675efa1486e53a4914248132dda701b834c9e26599d8c4c4d7b41db57bfcf2b0,
G|LP0551|Consensus|stage_a|replicate_1,G-56c574c62fe1bf3d708aef5127192cfc514650c3,G,target,LP0551,Consensus,consensus_stage_a_estimates,1,google/gemma-4-31B-it,9b024eb99074f29c79307ab599c9bda517da94dce8e7d14f8dfb7c9108c33b5c,675efa1486e53a4914248132dda701b834c9e26599d8c4c4d7b41db57bfcf2b0,consensus_two_stage_interactive_adaptation_v1,prompt_compiler_v2_split_g_f,1567402186,pending,Q001|Q002|Q003,"{""Q001"": ""consensus_estimate_human_primary_cause"", ""Q002"": ""consensus_estimate_co2_warms_planet"", ""Q003"": ""consensus_estimate_net_zero_before_2085""}",consensus_stage_a,consensus_two_stage_interactive_adaptation_v1,G|LP0551|Consensus|stage_a|replicate_1,9b024eb99074f29c79307ab599c9bda517da94dce8e7d14f8dfb7c9108c33b5c,675efa1486e53a4914248132dda701b834c9e26599d8c4c4d7b41db57bfcf2b0,
G|LP0552|Consensus|stage_a|replicate_1,G-ffdbc0042582d580a75c7970322403e623d59f48,G,target,LP0552,Consensus,consensus_stage_a_estimates,1,google/gemma-4-31B-it,d8c278b8121489d11d8ba9f144052f7842d1c411bface007a6c00e8d1324dd36,675efa1486e53a4914248132dda701b834c9e26599d8c4c4d7b41db57bfcf2b0,consensus_two_stage_interactive_adaptation_v1,prompt_compiler_v2_split_g_f,624579980,pending,Q001|Q002|Q003,"{""Q001"": ""consensus_estimate_co2_warms_planet"", ""Q002"": ""consensus_estimate_human_primary_cause"", ""Q003"": ""consensus_estimate_net_zero_before_2085""}",consensus_stage_a,consensus_two_stage_interactive_adaptation_v1,G|LP0552|Consensus|stage_a|replicate_1,d8c278b8121489d11d8ba9f144052f7842d1c411bface007a6c00e8d1324dd36,675efa1486e53a4914248132dda701b834c9e26599d8c4c4d7b41db57bfcf2b0,
G|LP0553|Consensus|stage_a|replicate_1,G-597457ab4507a65da6711323d38de99694daf46a,G,target,LP0553,Consensus,consensus_stage_a_estimates,1,google/gemma-4-31B-it,6fcfe3d90cfd328eade9cf7e3539b3e9c1e9c74abaa73cafdd63e891de284922,675efa1486e53a4914248132dda701b834c9e26599d8c4c4d7b41db57bfcf2b0,consensus_two_stage_interactive_adaptation_v1,prompt_compiler_v2_split_g_f,2012239284,pending,Q001|Q002|Q003,"{""Q001"": ""consensus_estimate_co2_warms_planet"", ""Q002"": ""consensus_estimate_net_zero_before_2085"", ""Q003"": ""consensus_estimate_human_primary_cause""}",consensus_stage_a,consensus_two_stage_interactive_adaptation_v1,G|LP0553|Consensus|stage_a|replicate_1,6fcfe3d90cfd328eade9cf7e3539b3e9c1e9c74abaa73cafdd63e891de284922,675efa1486e53a4914248132dda701b834c9e26599d8c4c4d7b41db57bfcf2b0,
G|LP0554|Consensus|stage_a|replicate_1,G-9ff7732f95b7613c307c764b04908bfbee79a5fa,G,target,LP0554,Consensus,consensus_stage_a_estimates,1,google/gemma-4-31B-it,d30f1ed58847f1c4ad5acc095f9c96a98a3554e9d073c69e4eae4fd64aadd1bf,675efa1486e53a4914248132dda701b834c9e26599d8c4c4d7b41db57bfcf2b0,consensus_two_stage_interactive_adaptation_v1,prompt_compiler_v2_split_g_f,1436960669,pending,Q001|Q002|Q003,"{""Q001"": ""consensus_estimate_co2_warms_planet"", ""Q002"": ""consensus_estimate_human_primary_cause"", ""Q003"": ""consensus_estimate_net_zero_before_2085""}",consensus_stage_a,consensus_two_stage_interactive_adaptation_v1,G|LP0554|Consensus|stage_a|replicate_1,d30f1ed58847f1c4ad5acc095f9c96a98a3554e9d073c69e4eae4fd64aadd1bf,675efa1486e53a4914248132dda701b834c9e26599d8c4c4d7b41db57bfcf2b0,
G|LP0555|Consensus|stage_a|replicate_1,G-fa6e03c36ebdc4f637344e558f2d62e9f83c6d7b,G,target,LP0555,Consensus,consensus_stage_a_estimates,1,google/gemma-4-31B-it,495d00a8c75a89e2141e1ba8288bc6deb6eedbbb7cc0621ccd025570397f66ef,675efa1486e53a4914248132dda701b834c9e26599d8c4c4d7b41db57bfcf2b0,consensus_two_stage_interactive_adaptation_v1,prompt_compiler_v2_split_g_f,1671023744,pending,Q001|Q002|Q003,"{""Q001"": ""consensus_estimate_net_zero_before_2085"", ""Q002"": ""consensus_estimate_human_primary_cause"", ""Q003"": ""consensus_estimate_co2_warms_planet""}",consensus_stage_a,consensus_two_stage_interactive_adaptation_v1,G|LP0555|Consensus|stage_a|replicate_1,495d00a8c75a89e2141e1ba8288bc6deb6eedbbb7cc0621ccd025570397f66ef,675efa1486e53a4914248132dda701b834c9e26599d8c4c4d7b41db57bfcf2b0,
G|LP0556|Consensus|stage_a|replicate_1,G-04a81d17e80e83b8d5e075b8da147f1939f8a2cc,G,target,LP0556,Consensus,consensus_stage_a_estimates,1,google/gemma-4-31B-it,fd52d4041d35514e0323b3fafd9f62121abc4d3db4f2f6c242dacb6e93a4c7dd,675efa1486e53a4914248132dda701b834c9e26599d8c4c4d7b41db57bfcf2b0,consensus_two_stage_interactive_adaptation_v1,prompt_compiler_v2_split_g_f,1902034407,pending,Q001|Q002|Q003,"{""Q001"": ""consensus_estimate_human_primary_cause"", ""Q002"": ""consensus_estimate_net_zero_before_2085"", ""Q003"": ""consensus_estimate_co2_warms_planet""}",consensus_stage_a,consensus_two_stage_interactive_adaptation_v1,G|LP0556|Consensus|stage_a|replicate_1,fd52d4041d35514e0323b3fafd9f62121abc4d3db4f2f6c242dacb6e93a4c7dd,675efa1486e53a4914248132dda701b834c9e26599d8c4c4d7b41db57bfcf2b0,
G|LP0557|Consensus|stage_a|replicate_1,G-30841959bc8ade73b6038493c6ad2d7a1617ee4f,G,target,LP0557,Consensus,consensus_stage_a_estimates,1,google/gemma-4-31B-it,6aced1619bddd8c0d539cbffba66cbcddef80a88c5c971c0fe26b264edbb44db,675efa1486e53a4914248132dda701b834c9e26599d8c4c4d7b41db57bfcf2b0,consensus_two_stage_interactive_adaptation_v1,prompt_compiler_v2_split_g_f,496177447,pending,Q001|Q002|Q003,"{""Q001"": ""consensus_estimate_human_primary_cause"", ""Q002"": ""consensus_estimate_co2_warms_planet"", ""Q003"": ""consensus_estimate_net_zero_before_2085""}",consensus_stage_a,consensus_two_stage_interactive_adaptation_v1,G|LP0557|Consensus|stage_a|replicate_1,6aced1619bddd8c0d539cbffba66cbcddef80a88c5c971c0fe26b264edbb44db,675efa1486e53a4914248132dda701b834c9e26599d8c4c4d7b41db57bfcf2b0,
G|LP0558|Consensus|stage_a|replicate_1,G-cd8e75af59706b3834b172058de13035d9e410d0,G,target,LP0558,Consensus,consensus_stage_a_estimates,1,google/gemma-4-31B-it,acb6f7a460da13ca1caf2149a3b846f832b06514168b80b405d60fc5221282a4,675efa1486e53a4914248132dda701b834c9e26599d8c4c4d7b41db57bfcf2b0,consensus_two_stage_interactive_adaptation_v1,prompt_compiler_v2_split_g_f,1955419801,pending,Q001|Q002|Q003,"{""Q001"": ""consensus_estimate_net_zero_before_2085"", ""Q002"": ""consensus_estimate_human_primary_cause"", ""Q003"": ""consensus_estimate_co2_warms_planet""}",consensus_stage_a,consensus_two_stage_interactive_adaptation_v1,G|LP0558|Consensus|stage_a|replicate_1,acb6f7a460da13ca1caf2149a3b846f832b06514168b80b405d60fc5221282a4,675efa1486e53a4914248132dda701b834c9e26599d8c4c4d7b41db57bfcf2b0,
G|LP0559|Consensus|stage_a|replicate_1,G-b145d19fbc78e5671d489063d84ffbe03b77b141,G,target,LP0559,Consensus,consensus_stage_a_estimates,1,google/gemma-4-31B-it,d2d7ec286d1dd7661367c26917f7f783794bf421b4195a7fa1ce936e0f31927d,675efa1486e53a4914248132dda701b834c9e26599d8c4c4d7b41db57bfcf2b0,consensus_two_stage_interactive_adaptation_v1,prompt_compiler_v2_split_g_f,520390825,pending,Q001|Q002|Q003,"{""Q001"": ""consensus_estimate_co2_warms_planet"", ""Q002"": ""consensus_estimate_human_primary_cause"", ""Q003"": ""consensus_estimate_net_zero_before_2085""}",consensus_stage_a,consensus_two_stage_interactive_adaptation_v1,G|LP0559|Consensus|stage_a|replicate_1,d2d7ec286d1dd7661367c26917f7f783794bf421b4195a7fa1ce936e0f31927d,675efa1486e53a4914248132dda701b834c9e26599d8c4c4d7b41db57bfcf2b0,
G|LP0560|Consensus|stage_a|replicate_1,G-d35061ac4edfd1bd4d1fc04d7f629182f691d348,G,target,LP0560,Consensus,consensus_stage_a_estimates,1,google/gemma-4-31B-it,55ef22c9242355e4535aadcf824ea13231f9e70f0a7622da45e4c7e488f3d1a0,675efa1486e53a4914248132dda701b834c9e26599d8c4c4d7b41db57bfcf2b0,consensus_two_stage_interactive_adaptation_v1,prompt_compiler_v2_split_g_f,1971361048,pending,Q001|Q002|Q003,"{""Q001"": ""consensus_estimate_net_zero_before_2085"", ""Q002"": ""consensus_estimate_co2_warms_planet"", ""Q003"": ""consensus_estimate_human_primary_cause""}",consensus_stage_a,consensus_two_stage_interactive_adaptation_v1,G|LP0560|Consensus|stage_a|replicate_1,55ef22c9242355e4535aadcf824ea13231f9e70f0a7622da45e4c7e488f3d1a0,675efa1486e53a4914248132dda701b834c9e26599d8c4c4d7b41db57bfcf2b0,
G|LP0561|Consensus|stage_a|replicate_1,G-bab5e74a79eeb8dc1882390283d5a90f1d0dc6c9,G,target,LP0561,Consensus,consensus_stage_a_estimates,1,google/gemma-4-31B-it,093c71a320a3031c5543be65d7b8f10c2a0a90d2aa20ec23d9ce1fd6b9b08e8b,675efa1486e53a4914248132dda701b834c9e26599d8c4c4d7b41db57bfcf2b0,consensus_two_stage_interactive_adaptation_v1,prompt_compiler_v2_split_g_f,1868203891,pending,Q001|Q002|Q003,"{""Q001"": ""consensus_estimate_co2_warms_planet"", ""Q002"": ""consensus_estimate_human_primary_cause"", ""Q003"": ""consensus_estimate_net_zero_before_2085""}",consensus_stage_a,consensus_two_stage_interactive_adaptation_v1,G|LP0561|Consensus|stage_a|replicate_1,093c71a320a3031c5543be65d7b8f10c2a0a90d2aa20ec23d9ce1fd6b9b08e8b,675efa1486e53a4914248132dda701b834c9e26599d8c4c4d7b41db57bfcf2b0,
G|LP0562|Consensus|stage_a|replicate_1,G-0e105a0fff7509ab60a1d84c81a5316d26046422,G,target,LP0562,Consensus,consensus_stage_a_estimates,1,google/gemma-4-31B-it,9f4bb545b8f0c913ba9744ac615536a5081257dce4057844a6583c98c6a983cd,675efa1486e53a4914248132dda701b834c9e26599d8c4c4d7b41db57bfcf2b0,consensus_two_stage_interactive_adaptation_v1,prompt_compiler_v2_split_g_f,462798283,pending,Q001|Q002|Q003,"{""Q001"": ""consensus_estimate_co2_warms_planet"", ""Q002"": ""consensus_estimate_net_zero_before_2085"", ""Q003"": ""consensus_estimate_human_primary_cause""}",consensus_stage_a,consensus_two_stage_interactive_adaptation_v1,G|LP0562|Consensus|stage_a|replicate_1,9f4bb545b8f0c913ba9744ac615536a5081257dce4057844a6583c98c6a983cd,675efa1486e53a4914248132dda701b834c9e26599d8c4c4d7b41db57bfcf2b0,
G|LP0563|Consensus|stage_a|replicate_1,G-6c7e4b8814dce6fddbd84ae6b1777774b6aa093b,G,target,LP0563,Consensus,consensus_stage_a_estimates,1,google/gemma-4-31B-it,ace71018556170195757bf458540c24bdda40bd457160caf9274ed30e6566443,675efa1486e53a4914248132dda701b834c9e26599d8c4c4d7b41db57bfcf2b0,consensus_two_stage_interactive_adaptation_v1,prompt_compiler_v2_split_g_f,1842970126,pending,Q001|Q002|Q003,"{""Q001"": ""consensus_estimate_human_primary_cause"", ""Q002"": ""consensus_estimate_net_zero_before_2085"", ""Q003"": ""consensus_estimate_co2_warms_planet""}",consensus_stage_a,consensus_two_stage_interactive_adaptation_v1,G|LP0563|Consensus|stage_a|replicate_1,ace71018556170195757bf458540c24bdda40bd457160caf9274ed30e6566443,675efa1486e53a4914248132dda701b834c9e26599d8c4c4d7b41db57bfcf2b0,
G|LP0564|Consensus|stage_a|replicate_1,G-637ac12d847a212e31ec6758312aa8b22fb27b76,G,target,LP0564,Consensus,consensus_stage_a_estimates,1,google/gemma-4-31B-it,90c43ccb5c35e1fc9208566dc2f5c3856f990462eca3830b5874a9fac6301d4a,675efa1486e53a4914248132dda701b834c9e26599d8c4c4d7b41db57bfcf2b0,consensus_two_stage_interactive_adaptation_v1,prompt_compiler_v2_split_g_f,1265607562,pending,Q001|Q002|Q003,"{""Q001"": ""consensus_estimate_human_primary_cause"", ""Q002"": ""consensus_estimate_net_zero_before_2085"", ""Q003"": ""consensus_estimate_co2_warms_planet""}",consensus_stage_a,consensus_two_stage_interactive_adaptation_v1,G|LP0564|Consensus|stage_a|replicate_1,90c43ccb5c35e1fc9208566dc2f5c3856f990462eca3830b5874a9fac6301d4a,675efa1486e53a4914248132dda701b834c9e26599d8c4c4d7b41db57bfcf2b0,
G|LP0565|Consensus|stage_a|replicate_1,G-eb9989e2f6837606667c653928e6ee94e95a4581,G,target,LP0565,Consensus,consensus_stage_a_estimates,1,google/gemma-4-31B-it,d0d13c0a994097c790f42cda5fd5ae0b12490519c7f125a5d1becaa59e114883,675efa1486e53a4914248132dda701b834c9e26599d8c4c4d7b41db57bfcf2b0,consensus_two_stage_interactive_adaptation_v1,prompt_compiler_v2_split_g_f,1303808463,pending,Q001|Q002|Q003,"{""Q001"": ""consensus_estimate_co2_warms_planet"", ""Q002"": ""consensus_estimate_human_primary_cause"", ""Q003"": ""consensus_estimate_net_zero_before_2085""}",consensus_stage_a,consensus_two_stage_interactive_adaptation_v1,G|LP0565|Consensus|stage_a|replicate_1,d0d13c0a994097c790f42cda5fd5ae0b12490519c7f125a5d1becaa59e114883,675efa1486e53a4914248132dda701b834c9e26599d8c4c4d7b41db57bfcf2b0,
G|LP0566|Consensus|stage_a|replicate_1,G-49e1c5d17214795f0f17a2e9773ba65a1de5dcaa,G,target,LP0566,Consensus,consensus_stage_a_estimates,1,google/gemma-4-31B-it,21af96eae2c2a98b03dd75b1b0ed81dfa37b18aa8748ca4ff8f71237f2c7f24c,675efa1486e53a4914248132dda701b834c9e26599d8c4c4d7b41db57bfcf2b0,consensus_two_stage_interactive_adaptation_v1,prompt_compiler_v2_split_g_f,98043139,pending,Q001|Q002|Q003,"{""Q001"": ""consensus_estimate_co2_warms_planet"", ""Q002"": ""consensus_estimate_human_primary_cause"", ""Q003"": ""consensus_estimate_net_zero_before_2085""}",consensus_stage_a,consensus_two_stage_interactive_adaptation_v1,G|LP0566|Consensus|stage_a|replicate_1,21af96eae2c2a98b03dd75b1b0ed81dfa37b18aa8748ca4ff8f71237f2c7f24c,675efa1486e53a4914248132dda701b834c9e26599d8c4c4d7b41db57bfcf2b0,
G|LP0567|Consensus|stage_a|replicate_1,G-ed526d94109d07fe36aff57c847058d00cbdd2b9,G,target,LP0567,Consensus,consensus_stage_a_estimates,1,google/gemma-4-31B-it,af412edccafb7877ca3ea89cd0f88a71ca1e7687e1e3f16fafd21efd2fe886a4,675efa1486e53a4914248132dda701b834c9e26599d8c4c4d7b41db57bfcf2b0,consensus_two_stage_interactive_adaptation_v1,prompt_compiler_v2_split_g_f,1799480105,pending,Q001|Q002|Q003,"{""Q001"": ""consensus_estimate_co2_warms_planet"", ""Q002"": ""consensus_estimate_human_primary_cause"", ""Q003"": ""consensus_estimate_net_zero_before_2085""}",consensus_stage_a,consensus_two_stage_interactive_adaptation_v1,G|LP0567|Consensus|stage_a|replicate_1,af412edccafb7877ca3ea89cd0f88a71ca1e7687e1e3f16fafd21efd2fe886a4,675efa1486e53a4914248132dda701b834c9e26599d8c4c4d7b41db57bfcf2b0,
G|LP0568|Consensus|stage_a|replicate_1,G-40f68bff6297d9c796c183f0866e1f219c93dfb6,G,target,LP0568,Consensus,consensus_stage_a_estimates,1,google/gemma-4-31B-it,b178c786f1b4a5fa2b168097fe705937192fa0164cad9b71f1877d098e942bda,675efa1486e53a4914248132dda701b834c9e26599d8c4c4d7b41db57bfcf2b0,consensus_two_stage_interactive_adaptation_v1,prompt_compiler_v2_split_g_f,1686434246,pending,Q001|Q002|Q003,"{""Q001"": ""consensus_estimate_human_primary_cause"", ""Q002"": ""consensus_estimate_co2_warms_planet"", ""Q003"": ""consensus_estimate_net_zero_before_2085""}",consensus_stage_a,consensus_two_stage_interactive_adaptation_v1,G|LP0568|Consensus|stage_a|replicate_1,b178c786f1b4a5fa2b168097fe705937192fa0164cad9b71f1877d098e942bda,675efa1486e53a4914248132dda701b834c9e26599d8c4c4d7b41db57bfcf2b0,
G|LP0569|Consensus|stage_a|replicate_1,G-58741b9fab3ae651aed47d0008ee5235b4184178,G,target,LP0569,Consensus,consensus_stage_a_estimates,1,google/gemma-4-31B-it,00d44d4fdf7bb0429f9b6373397ecc088f9251a9321460569ee05bf6778a54d7,675efa1486e53a4914248132dda701b834c9e26599d8c4c4d7b41db57bfcf2b0,consensus_two_stage_interactive_adaptation_v1,prompt_compiler_v2_split_g_f,1545805201,pending,Q001|Q002|Q003,"{""Q001"": ""consensus_estimate_net_zero_before_2085"", ""Q002"": ""consensus_estimate_human_primary_cause"", ""Q003"": ""consensus_estimate_co2_warms_planet""}",consensus_stage_a,consensus_two_stage_interactive_adaptation_v1,G|LP0569|Consensus|stage_a|replicate_1,00d44d4fdf7bb0429f9b6373397ecc088f9251a9321460569ee05bf6778a54d7,675efa1486e53a4914248132dda701b834c9e26599d8c4c4d7b41db57bfcf2b0,
G|LP0570|Consensus|stage_a|replicate_1,G-a932204a1b6e2f491086e13b730d73aff4a43ca5,G,target,LP0570,Consensus,consensus_stage_a_estimates,1,google/gemma-4-31B-it,a72bc0c044a1272d73d44e3abfb25f60969c9d87a9ed40d1c9e8247ff08e6851,675efa1486e53a4914248132dda701b834c9e26599d8c4c4d7b41db57bfcf2b0,consensus_two_stage_interactive_adaptation_v1,prompt_compiler_v2_split_g_f,1842507743,pending,Q001|Q002|Q003,"{""Q001"": ""consensus_estimate_co2_warms_planet"", ""Q002"": ""consensus_estimate_human_primary_cause"", ""Q003"": ""consensus_estimate_net_zero_before_2085""}",consensus_stage_a,consensus_two_stage_interactive_adaptation_v1,G|LP0570|Consensus|stage_a|replicate_1,a72bc0c044a1272d73d44e3abfb25f60969c9d87a9ed40d1c9e8247ff08e6851,675efa1486e53a4914248132dda701b834c9e26599d8c4c4d7b41db57bfcf2b0,
G|LP0571|Consensus|stage_a|replicate_1,G-c0e07165132775d6cfb906b0aed37436cb1ed16c,G,target,LP0571,Consensus,consensus_stage_a_estimates,1,google/gemma-4-31B-it,bdfadcc606da8a00724fa065fcfd52b4816c56c7f6683c1ba4283c6a4ce0403c,675efa1486e53a4914248132dda701b834c9e26599d8c4c4d7b41db57bfcf2b0,consensus_two_stage_interactive_adaptation_v1,prompt_compiler_v2_split_g_f,350771363,pending,Q001|Q002|Q003,"{""Q001"": ""consensus_estimate_human_primary_cause"", ""Q002"": ""consensus_estimate_net_zero_before_2085"", ""Q003"": ""consensus_estimate_co2_warms_planet""}",consensus_stage_a,consensus_two_stage_interactive_adaptation_v1,G|LP0571|Consensus|stage_a|replicate_1,bdfadcc606da8a00724fa065fcfd52b4816c56c7f6683c1ba4283c6a4ce0403c,675efa1486e53a4914248132dda701b834c9e26599d8c4c4d7b41db57bfcf2b0,
G|LP0572|Consensus|stage_a|replicate_1,G-ee1b6671a28cb80b0fedcca2779ac30052fcda2f,G,target,LP0572,Consensus,consensus_stage_a_estimates,1,google/gemma-4-31B-it,b926c5c39b3f6bb3ebbb9e0f1a2b00f128cc71cdfeb39abb99808385f390e282,675efa1486e53a4914248132dda701b834c9e26599d8c4c4d7b41db57bfcf2b0,consensus_two_stage_interactive_adaptation_v1,prompt_compiler_v2_split_g_f,2126742769,pending,Q001|Q002|Q003,"{""Q001"": ""consensus_estimate_co2_warms_planet"", ""Q002"": ""consensus_estimate_net_zero_before_2085"", ""Q003"": ""consensus_estimate_human_primary_cause""}",consensus_stage_a,consensus_two_stage_interactive_adaptation_v1,G|LP0572|Consensus|stage_a|replicate_1,b926c5c39b3f6bb3ebbb9e0f1a2b00f128cc71cdfeb39abb99808385f390e282,675efa1486e53a4914248132dda701b834c9e26599d8c4c4d7b41db57bfcf2b0,
G|LP0573|Consensus|stage_a|replicate_1,G-1122bab5d61a3ef789800b62bd5c75c3da5a59fc,G,target,LP0573,Consensus,consensus_stage_a_estimates,1,google/gemma-4-31B-it,c4f7c5fbfb2712179ce5a85339e7af890c8e49af1f08c86250c5a72d8ed3b2c4,675efa1486e53a4914248132dda701b834c9e26599d8c4c4d7b41db57bfcf2b0,consensus_two_stage_interactive_adaptation_v1,prompt_compiler_v2_split_g_f,2019538018,pending,Q001|Q002|Q003,"{""Q001"": ""consensus_estimate_co2_warms_planet"", ""Q002"": ""consensus_estimate_net_zero_before_2085"", ""Q003"": ""consensus_estimate_human_primary_cause""}",consensus_stage_a,consensus_two_stage_interactive_adaptation_v1,G|LP0573|Consensus|stage_a|replicate_1,c4f7c5fbfb2712179ce5a85339e7af890c8e49af1f08c86250c5a72d8ed3b2c4,675efa1486e53a4914248132dda701b834c9e26599d8c4c4d7b41db57bfcf2b0,
G|LP0574|Consensus|stage_a|replicate_1,G-c8433a53ff6044bcce8fd0d1e380ef39ddb0dba5,G,target,LP0574,Consensus,consensus_stage_a_estimates,1,google/gemma-4-31B-it,4fea648264ae55dcceaa48fda290e2ec2e3c966fb13dc6ac4398819c99c433f8,675efa1486e53a4914248132dda701b834c9e26599d8c4c4d7b41db57bfcf2b0,consensus_two_stage_interactive_adaptation_v1,prompt_compiler_v2_split_g_f,266778983,pending,Q001|Q002|Q003,"{""Q001"": ""consensus_estimate_human_primary_cause"", ""Q002"": ""consensus_estimate_net_zero_before_2085"", ""Q003"": ""consensus_estimate_co2_warms_planet""}",consensus_stage_a,consensus_two_stage_interactive_adaptation_v1,G|LP0574|Consensus|stage_a|replicate_1,4fea648264ae55dcceaa48fda290e2ec2e3c966fb13dc6ac4398819c99c433f8,675efa1486e53a4914248132dda701b834c9e26599d8c4c4d7b41db57bfcf2b0,
G|LP0575|Consensus|stage_a|replicate_1,G-f3aeeca5556e6ed090eab3b99713f38f9044691b,G,target,LP0575,Consensus,consensus_stage_a_estimates,1,google/gemma-4-31B-it,bd652f98b324a2462df4a73557707bc4de2964ce744916cad1bdd1250c2b45ca,675efa1486e53a4914248132dda701b834c9e26599d8c4c4d7b41db57bfcf2b0,consensus_two_stage_interactive_adaptation_v1,prompt_compiler_v2_split_g_f,1020020766,pending,Q001|Q002|Q003,"{""Q001"": ""consensus_estimate_co2_warms_planet"", ""Q002"": ""consensus_estimate_human_primary_cause"", ""Q003"": ""consensus_estimate_net_zero_before_2085""}",consensus_stage_a,consensus_two_stage_interactive_adaptation_v1,G|LP0575|Consensus|stage_a|replicate_1,bd652f98b324a2462df4a73557707bc4de2964ce744916cad1bdd1250c2b45ca,675efa1486e53a4914248132dda701b834c9e26599d8c4c4d7b41db57bfcf2b0,
G|LP0576|Consensus|stage_a|replicate_1,G-b21a4d06df8193a1c85ac2d94a112022635ada12,G,target,LP0576,Consensus,consensus_stage_a_estimates,1,google/gemma-4-31B-it,7d870e01f7a3eb75eedb9c7882f48f1c4d01e18aa9cdba35885538133e02b7b3,675efa1486e53a4914248132dda701b834c9e26599d8c4c4d7b41db57bfcf2b0,consensus_two_stage_interactive_adaptation_v1,prompt_compiler_v2_split_g_f,1136012721,pending,Q001|Q002|Q003,"{""Q001"": ""consensus_estimate_co2_warms_planet"", ""Q002"": ""consensus_estimate_human_primary_cause"", ""Q003"": ""consensus_estimate_net_zero_before_2085""}",consensus_stage_a,consensus_two_stage_interactive_adaptation_v1,G|LP0576|Consensus|stage_a|replicate_1,7d870e01f7a3eb75eedb9c7882f48f1c4d01e18aa9cdba35885538133e02b7b3,675efa1486e53a4914248132dda701b834c9e26599d8c4c4d7b41db57bfcf2b0,
G|LP0577|Consensus|stage_a|replicate_1,G-c5e1b07ded3622be7ed5685ff06f712555f4d437,G,target,LP0577,Consensus,consensus_stage_a_estimates,1,google/gemma-4-31B-it,04d2da390eb31fbd792bd8e25a994374d97472716cc0e219b953d3da915baed2,675efa1486e53a4914248132dda701b834c9e26599d8c4c4d7b41db57bfcf2b0,consensus_two_stage_interactive_adaptation_v1,prompt_compiler_v2_split_g_f,2029618108,pending,Q001|Q002|Q003,"{""Q001"": ""consensus_estimate_net_zero_before_2085"", ""Q002"": ""consensus_estimate_co2_warms_planet"", ""Q003"": ""consensus_estimate_human_primary_cause""}",consensus_stage_a,consensus_two_stage_interactive_adaptation_v1,G|LP0577|Consensus|stage_a|replicate_1,04d2da390eb31fbd792bd8e25a994374d97472716cc0e219b953d3da915baed2,675efa1486e53a4914248132dda701b834c9e26599d8c4c4d7b41db57bfcf2b0,
G|LP0578|Consensus|stage_a|replicate_1,G-e92b1262960c4378579f7a659d785dcee9f07941,G,target,LP0578,Consensus,consensus_stage_a_estimates,1,google/gemma-4-31B-it,dd6320426f786467e248b7d674dd4aef4715c6564bd88ca171a2e27c20a2b7f0,675efa1486e53a4914248132dda701b834c9e26599d8c4c4d7b41db57bfcf2b0,consensus_two_stage_interactive_adaptation_v1,prompt_compiler_v2_split_g_f,1751279680,pending,Q001|Q002|Q003,"{""Q001"": ""consensus_estimate_human_primary_cause"", ""Q002"": ""consensus_estimate_net_zero_before_2085"", ""Q003"": ""consensus_estimate_co2_warms_planet""}",consensus_stage_a,consensus_two_stage_interactive_adaptation_v1,G|LP0578|Consensus|stage_a|replicate_1,dd6320426f786467e248b7d674dd4aef4715c6564bd88ca171a2e27c20a2b7f0,675efa1486e53a4914248132dda701b834c9e26599d8c4c4d7b41db57bfcf2b0,
G|LP0579|Consensus|stage_a|replicate_1,G-5063109d8c2efacc460a13062ca5fe33c6e897db,G,target,LP0579,Consensus,consensus_stage_a_estimates,1,google/gemma-4-31B-it,021cc2ddc535cb759209ea0a9cfe373f686539e143296b8e3a060f3c9bbdb602,675efa1486e53a4914248132dda701b834c9e26599d8c4c4d7b41db57bfcf2b0,consensus_two_stage_interactive_adaptation_v1,prompt_compiler_v2_split_g_f,754261000,pending,Q001|Q002|Q003,"{""Q001"": ""consensus_estimate_co2_warms_planet"", ""Q002"": ""consensus_estimate_human_primary_cause"", ""Q003"": ""consensus_estimate_net_zero_before_2085""}",consensus_stage_a,consensus_two_stage_interactive_adaptation_v1,G|LP0579|Consensus|stage_a|replicate_1,021cc2ddc535cb759209ea0a9cfe373f686539e143296b8e3a060f3c9bbdb602,675efa1486e53a4914248132dda701b834c9e26599d8c4c4d7b41db57bfcf2b0,
G|LP0580|Consensus|stage_a|replicate_1,G-a13adbfffc5e2aab4b20a96e29f56978b58fff11,G,target,LP0580,Consensus,consensus_stage_a_estimates,1,google/gemma-4-31B-it,76a0dcf4bef1a0ffc610c24f69dd69400d3cea38814850b55757991f8267f8ca,675efa1486e53a4914248132dda701b834c9e26599d8c4c4d7b41db57bfcf2b0,consensus_two_stage_interactive_adaptation_v1,prompt_compiler_v2_split_g_f,1054073517,pending,Q001|Q002|Q003,"{""Q001"": ""consensus_estimate_net_zero_before_2085"", ""Q002"": ""consensus_estimate_human_primary_cause"", ""Q003"": ""consensus_estimate_co2_warms_planet""}",consensus_stage_a,consensus_two_stage_interactive_adaptation_v1,G|LP0580|Consensus|stage_a|replicate_1,76a0dcf4bef1a0ffc610c24f69dd69400d3cea38814850b55757991f8267f8ca,675efa1486e53a4914248132dda701b834c9e26599d8c4c4d7b41db57bfcf2b0,
G|LP0581|Consensus|stage_a|replicate_1,G-cb042d69e4e66cf16e55b443d366dad135eb1f97,G,target,LP0581,Consensus,consensus_stage_a_estimates,1,google/gemma-4-31B-it,58f10b46aa28e06d78f94dfc772b13428c6c9be18ba3fab049aaab3777b2120e,675efa1486e53a4914248132dda701b834c9e26599d8c4c4d7b41db57bfcf2b0,consensus_two_stage_interactive_adaptation_v1,prompt_compiler_v2_split_g_f,2062469063,pending,Q001|Q002|Q003,"{""Q001"": ""consensus_estimate_co2_warms_planet"", ""Q002"": ""consensus_estimate_net_zero_before_2085"", ""Q003"": ""consensus_estimate_human_primary_cause""}",consensus_stage_a,consensus_two_stage_interactive_adaptation_v1,G|LP0581|Consensus|stage_a|replicate_1,58f10b46aa28e06d78f94dfc772b13428c6c9be18ba3fab049aaab3777b2120e,675efa1486e53a4914248132dda701b834c9e26599d8c4c4d7b41db57bfcf2b0,
G|LP0582|Consensus|stage_a|replicate_1,G-a36c294353f8c32dbe83dda6259fea775f9681e5,G,target,LP0582,Consensus,consensus_stage_a_estimates,1,google/gemma-4-31B-it,7f0872bf5fc89a74a391979d6c44e3d664f20ddd8b590cbd3178dbe0afdcdbdf,675efa1486e53a4914248132dda701b834c9e26599d8c4c4d7b41db57bfcf2b0,consensus_two_stage_interactive_adaptation_v1,prompt_compiler_v2_split_g_f,449910198,pending,Q001|Q002|Q003,"{""Q001"": ""consensus_estimate_net_zero_before_2085"", ""Q002"": ""consensus_estimate_co2_warms_planet"", ""Q003"": ""consensus_estimate_human_primary_cause""}",consensus_stage_a,consensus_two_stage_interactive_adaptation_v1,G|LP0582|Consensus|stage_a|replicate_1,7f0872bf5fc89a74a391979d6c44e3d664f20ddd8b590cbd3178dbe0afdcdbdf,675efa1486e53a4914248132dda701b834c9e26599d8c4c4d7b41db57bfcf2b0,
G|LP0583|Consensus|stage_a|replicate_1,G-74f4a1b4562dbb6110e4ffe5c28c1bbe21f5b3f1,G,target,LP0583,Consensus,consensus_stage_a_estimates,1,google/gemma-4-31B-it,9bc5a3703f2c7ce62014b0c4e763ef58f815f1aafdab039623a61210f0ea1e72,675efa1486e53a4914248132dda701b834c9e26599d8c4c4d7b41db57bfcf2b0,consensus_two_stage_interactive_adaptation_v1,prompt_compiler_v2_split_g_f,1075248843,pending,Q001|Q002|Q003,"{""Q001"": ""consensus_estimate_human_primary_cause"", ""Q002"": ""consensus_estimate_co2_warms_planet"", ""Q003"": ""consensus_estimate_net_zero_before_2085""}",consensus_stage_a,consensus_two_stage_interactive_adaptation_v1,G|LP0583|Consensus|stage_a|replicate_1,9bc5a3703f2c7ce62014b0c4e763ef58f815f1aafdab039623a61210f0ea1e72,675efa1486e53a4914248132dda701b834c9e26599d8c4c4d7b41db57bfcf2b0,
G|LP0584|Consensus|stage_a|replicate_1,G-f98732157ce4cbdbb4dbbfd4ea805a1d98ff349e,G,target,LP0584,Consensus,consensus_stage_a_estimates,1,google/gemma-4-31B-it,c8ce3627c2901f812e201ae3df4a84039d39fb248962a9dc1a0961a9fe7fa241,675efa1486e53a4914248132dda701b834c9e26599d8c4c4d7b41db57bfcf2b0,consensus_two_stage_interactive_adaptation_v1,prompt_compiler_v2_split_g_f,1878208521,pending,Q001|Q002|Q003,"{""Q001"": ""consensus_estimate_co2_warms_planet"", ""Q002"": ""consensus_estimate_human_primary_cause"", ""Q003"": ""consensus_estimate_net_zero_before_2085""}",consensus_stage_a,consensus_two_stage_interactive_adaptation_v1,G|LP0584|Consensus|stage_a|replicate_1,c8ce3627c2901f812e201ae3df4a84039d39fb248962a9dc1a0961a9fe7fa241,675efa1486e53a4914248132dda701b834c9e26599d8c4c4d7b41db57bfcf2b0,
G|LP0585|Consensus|stage_a|replicate_1,G-7bdca1e3413f96ed9dd3d0e178d22c73c5bd31ad,G,target,LP0585,Consensus,consensus_stage_a_estimates,1,google/gemma-4-31B-it,bd73a7f63c3da1ba1bb6b9e5a2001535403225176c41e248f716ba96dc04e0ed,675efa1486e53a4914248132dda701b834c9e26599d8c4c4d7b41db57bfcf2b0,consensus_two_stage_interactive_adaptation_v1,prompt_compiler_v2_split_g_f,955833013,pending,Q001|Q002|Q003,"{""Q001"": ""consensus_estimate_human_primary_cause"", ""Q002"": ""consensus_estimate_net_zero_before_2085"", ""Q003"": ""consensus_estimate_co2_warms_planet""}",consensus_stage_a,consensus_two_stage_interactive_adaptation_v1,G|LP0585|Consensus|stage_a|replicate_1,bd73a7f63c3da1ba1bb6b9e5a2001535403225176c41e248f716ba96dc04e0ed,675efa1486e53a4914248132dda701b834c9e26599d8c4c4d7b41db57bfcf2b0,
G|LP0586|Consensus|stage_a|replicate_1,G-3fe658714c2e677004e4a7bf35a85918e27e6607,G,target,LP0586,Consensus,consensus_stage_a_estimates,1,google/gemma-4-31B-it,81abf127de656cea4e7db1a1372f2811e2707b980d32820675de4eab2041ec6f,675efa1486e53a4914248132dda701b834c9e26599d8c4c4d7b41db57bfcf2b0,consensus_two_stage_interactive_adaptation_v1,prompt_compiler_v2_split_g_f,1274746963,pending,Q001|Q002|Q003,"{""Q001"": ""consensus_estimate_net_zero_before_2085"", ""Q002"": ""consensus_estimate_human_primary_cause"", ""Q003"": ""consensus_estimate_co2_warms_planet""}",consensus_stage_a,consensus_two_stage_interactive_adaptation_v1,G|LP0586|Consensus|stage_a|replicate_1,81abf127de656cea4e7db1a1372f2811e2707b980d32820675de4eab2041ec6f,675efa1486e53a4914248132dda701b834c9e26599d8c4c4d7b41db57bfcf2b0,
G|LP0587|Consensus|stage_a|replicate_1,G-90d24ad2474fa5c53359c89aea2ee4af8436356e,G,target,LP0587,Consensus,consensus_stage_a_estimates,1,google/gemma-4-31B-it,163f62e1151e0bca4eef8537a6526c3ef19f16bb38f2fbc69c6be0bbdc4e729e,675efa1486e53a4914248132dda701b834c9e26599d8c4c4d7b41db57bfcf2b0,consensus_two_stage_interactive_adaptation_v1,prompt_compiler_v2_split_g_f,1760836459,pending,Q001|Q002|Q003,"{""Q001"": ""consensus_estimate_net_zero_before_2085"", ""Q002"": ""consensus_estimate_co2_warms_planet"", ""Q003"": ""consensus_estimate_human_primary_cause""}",consensus_stage_a,consensus_two_stage_interactive_adaptation_v1,G|LP0587|Consensus|stage_a|replicate_1,163f62e1151e0bca4eef8537a6526c3ef19f16bb38f2fbc69c6be0bbdc4e729e,675efa1486e53a4914248132dda701b834c9e26599d8c4c4d7b41db57bfcf2b0,
G|LP0588|Consensus|stage_a|replicate_1,G-ed850e0b92f69a997e0d03e15045c38577e1cb74,G,target,LP0588,Consensus,consensus_stage_a_estimates,1,google/gemma-4-31B-it,295f0d5812c9ba5f50fa003c0d4b21a8a745ef8e780f8d91907481198aa83c2a,675efa1486e53a4914248132dda701b834c9e26599d8c4c4d7b41db57bfcf2b0,consensus_two_stage_interactive_adaptation_v1,prompt_compiler_v2_split_g_f,1845540531,pending,Q001|Q002|Q003,"{""Q001"": ""consensus_estimate_human_primary_cause"", ""Q002"": ""consensus_estimate_co2_warms_planet"", ""Q003"": ""consensus_estimate_net_zero_before_2085""}",consensus_stage_a,consensus_two_stage_interactive_adaptation_v1,G|LP0588|Consensus|stage_a|replicate_1,295f0d5812c9ba5f50fa003c0d4b21a8a745ef8e780f8d91907481198aa83c2a,675efa1486e53a4914248132dda701b834c9e26599d8c4c4d7b41db57bfcf2b0,
G|LP0589|Consensus|stage_a|replicate_1,G-2ae8f40cb0c16bbbaa26e5462c78f25278e14892,G,target,LP0589,Consensus,consensus_stage_a_estimates,1,google/gemma-4-31B-it,997c1421f9c36d389eac93922ad75760e4d679e69d94f3322c65f608ef370608,675efa1486e53a4914248132dda701b834c9e26599d8c4c4d7b41db57bfcf2b0,consensus_two_stage_interactive_adaptation_v1,prompt_compiler_v2_split_g_f,110318549,pending,Q001|Q002|Q003,"{""Q001"": ""consensus_estimate_net_zero_before_2085"", ""Q002"": ""consensus_estimate_human_primary_cause"", ""Q003"": ""consensus_estimate_co2_warms_planet""}",consensus_stage_a,consensus_two_stage_interactive_adaptation_v1,G|LP0589|Consensus|stage_a|replicate_1,997c1421f9c36d389eac93922ad75760e4d679e69d94f3322c65f608ef370608,675efa1486e53a4914248132dda701b834c9e26599d8c4c4d7b41db57bfcf2b0,
G|LP0590|Consensus|stage_a|replicate_1,G-2210a08c20567bfd8362bd8ab09b1848bd92b944,G,target,LP0590,Consensus,consensus_stage_a_estimates,1,google/gemma-4-31B-it,d422a7b959fa8afefe6e10c0b26d0de68a5014ed4572302b425c216296491795,675efa1486e53a4914248132dda701b834c9e26599d8c4c4d7b41db57bfcf2b0,consensus_two_stage_interactive_adaptation_v1,prompt_compiler_v2_split_g_f,1685568789,pending,Q001|Q002|Q003,"{""Q001"": ""consensus_estimate_co2_warms_planet"", ""Q002"": ""consensus_estimate_human_primary_cause"", ""Q003"": ""consensus_estimate_net_zero_before_2085""}",consensus_stage_a,consensus_two_stage_interactive_adaptation_v1,G|LP0590|Consensus|stage_a|replicate_1,d422a7b959fa8afefe6e10c0b26d0de68a5014ed4572302b425c216296491795,675efa1486e53a4914248132dda701b834c9e26599d8c4c4d7b41db57bfcf2b0,
G|LP0591|Consensus|stage_a|replicate_1,G-3e8f71f752372b78d9baac88e1f0498639a3134d,G,target,LP0591,Consensus,consensus_stage_a_estimates,1,google/gemma-4-31B-it,ff9d58db6ce13257befe90afdd3ff08c233c83ab74d565902897e69687c279ed,675efa1486e53a4914248132dda701b834c9e26599d8c4c4d7b41db57bfcf2b0,consensus_two_stage_interactive_adaptation_v1,prompt_compiler_v2_split_g_f,1331040103,pending,Q001|Q002|Q003,"{""Q001"": ""consensus_estimate_co2_warms_planet"", ""Q002"": ""consensus_estimate_human_primary_cause"", ""Q003"": ""consensus_estimate_net_zero_before_2085""}",consensus_stage_a,consensus_two_stage_interactive_adaptation_v1,G|LP0591|Consensus|stage_a|replicate_1,ff9d58db6ce13257befe90afdd3ff08c233c83ab74d565902897e69687c279ed,675efa1486e53a4914248132dda701b834c9e26599d8c4c4d7b41db57bfcf2b0,
G|LP0592|Consensus|stage_a|replicate_1,G-efe55e83d3b04b8ae57f13ba0a6496a3d8df94c5,G,target,LP0592,Consensus,consensus_stage_a_estimates,1,google/gemma-4-31B-it,4ffffaf58dfe8120db44350ae02c55c68727d9de33969e764392fc6f1b377877,675efa1486e53a4914248132dda701b834c9e26599d8c4c4d7b41db57bfcf2b0,consensus_two_stage_interactive_adaptation_v1,prompt_compiler_v2_split_g_f,863701141,pending,Q001|Q002|Q003,"{""Q001"": ""consensus_estimate_human_primary_cause"", ""Q002"": ""consensus_estimate_co2_warms_planet"", ""Q003"": ""consensus_estimate_net_zero_before_2085""}",consensus_stage_a,consensus_two_stage_interactive_adaptation_v1,G|LP0592|Consensus|stage_a|replicate_1,4ffffaf58dfe8120db44350ae02c55c68727d9de33969e764392fc6f1b377877,675efa1486e53a4914248132dda701b834c9e26599d8c4c4d7b41db57bfcf2b0,
G|LP0593|Consensus|stage_a|replicate_1,G-34ee4bb90635831f72e94061f03c9eb7dc7a7c78,G,target,LP0593,Consensus,consensus_stage_a_estimates,1,google/gemma-4-31B-it,85ce795facc1c1577f874b7f0509f764c106f4231a92e90233c2e44d875b39fa,675efa1486e53a4914248132dda701b834c9e26599d8c4c4d7b41db57bfcf2b0,consensus_two_stage_interactive_adaptation_v1,prompt_compiler_v2_split_g_f,1880234641,pending,Q001|Q002|Q003,"{""Q001"": ""consensus_estimate_human_primary_cause"", ""Q002"": ""consensus_estimate_co2_warms_planet"", ""Q003"": ""consensus_estimate_net_zero_before_2085""}",consensus_stage_a,consensus_two_stage_interactive_adaptation_v1,G|LP0593|Consensus|stage_a|replicate_1,85ce795facc1c1577f874b7f0509f764c106f4231a92e90233c2e44d875b39fa,675efa1486e53a4914248132dda701b834c9e26599d8c4c4d7b41db57bfcf2b0,
G|LP0594|Consensus|stage_a|replicate_1,G-60589c6fba83f42aff499695f48723dbc190f534,G,target,LP0594,Consensus,consensus_stage_a_estimates,1,google/gemma-4-31B-it,6d09281cff497714007c824aff08b908bdc29049ab04efa1fdfcdf47c5faed2a,675efa1486e53a4914248132dda701b834c9e26599d8c4c4d7b41db57bfcf2b0,consensus_two_stage_interactive_adaptation_v1,prompt_compiler_v2_split_g_f,2067082506,pending,Q001|Q002|Q003,"{""Q001"": ""consensus_estimate_co2_warms_planet"", ""Q002"": ""consensus_estimate_net_zero_before_2085"", ""Q003"": ""consensus_estimate_human_primary_cause""}",consensus_stage_a,consensus_two_stage_interactive_adaptation_v1,G|LP0594|Consensus|stage_a|replicate_1,6d09281cff497714007c824aff08b908bdc29049ab04efa1fdfcdf47c5faed2a,675efa1486e53a4914248132dda701b834c9e26599d8c4c4d7b41db57bfcf2b0,
G|LP0595|Consensus|stage_a|replicate_1,G-3292590a074ccf11d10ca99677dd3742aab00bcc,G,target,LP0595,Consensus,consensus_stage_a_estimates,1,google/gemma-4-31B-it,7eb9a69de290ae0c5c25e12fc0130ed5a6fd7ee6f12bb18499b13ea09f58a92d,675efa1486e53a4914248132dda701b834c9e26599d8c4c4d7b41db57bfcf2b0,consensus_two_stage_interactive_adaptation_v1,prompt_compiler_v2_split_g_f,1819377957,pending,Q001|Q002|Q003,"{""Q001"": ""consensus_estimate_co2_warms_planet"", ""Q002"": ""consensus_estimate_human_primary_cause"", ""Q003"": ""consensus_estimate_net_zero_before_2085""}",consensus_stage_a,consensus_two_stage_interactive_adaptation_v1,G|LP0595|Consensus|stage_a|replicate_1,7eb9a69de290ae0c5c25e12fc0130ed5a6fd7ee6f12bb18499b13ea09f58a92d,675efa1486e53a4914248132dda701b834c9e26599d8c4c4d7b41db57bfcf2b0,
G|LP0596|Consensus|stage_a|replicate_1,G-87778c5a498ddbf63fd362ff59e46ad9fb46463a,G,target,LP0596,Consensus,consensus_stage_a_estimates,1,google/gemma-4-31B-it,9a98da3c5ebc1cb76f348ac37d10e34f3d60aa4ff71f27d6ccf8cb1c6bb6a740,675efa1486e53a4914248132dda701b834c9e26599d8c4c4d7b41db57bfcf2b0,consensus_two_stage_interactive_adaptation_v1,prompt_compiler_v2_split_g_f,1484584108,pending,Q001|Q002|Q003,"{""Q001"": ""consensus_estimate_net_zero_before_2085"", ""Q002"": ""consensus_estimate_human_primary_cause"", ""Q003"": ""consensus_estimate_co2_warms_planet""}",consensus_stage_a,consensus_two_stage_interactive_adaptation_v1,G|LP0596|Consensus|stage_a|replicate_1,9a98da3c5ebc1cb76f348ac37d10e34f3d60aa4ff71f27d6ccf8cb1c6bb6a740,675efa1486e53a4914248132dda701b834c9e26599d8c4c4d7b41db57bfcf2b0,
G|LP0597|Consensus|stage_a|replicate_1,G-cc2a524e98a83efbe63b068d8c6afcbb4eecb7a5,G,target,LP0597,Consensus,consensus_stage_a_estimates,1,google/gemma-4-31B-it,20d1708fb94ce5cc793ca196d6a5ace7608aed62d7b7a8dd4309d7f5aaf962fd,675efa1486e53a4914248132dda701b834c9e26599d8c4c4d7b41db57bfcf2b0,consensus_two_stage_interactive_adaptation_v1,prompt_compiler_v2_split_g_f,821879707,pending,Q001|Q002|Q003,"{""Q001"": ""consensus_estimate_net_zero_before_2085"", ""Q002"": ""consensus_estimate_human_primary_cause"", ""Q003"": ""consensus_estimate_co2_warms_planet""}",consensus_stage_a,consensus_two_stage_interactive_adaptation_v1,G|LP0597|Consensus|stage_a|replicate_1,20d1708fb94ce5cc793ca196d6a5ace7608aed62d7b7a8dd4309d7f5aaf962fd,675efa1486e53a4914248132dda701b834c9e26599d8c4c4d7b41db57bfcf2b0,
G|LP0598|Consensus|stage_a|replicate_1,G-41b8b374b5c5ee33c99d2c3f8a61f2d03e7b42ac,G,target,LP0598,Consensus,consensus_stage_a_estimates,1,google/gemma-4-31B-it,00cb086713df593a1eee3d46ff1663ae1cd2f2a4c964248ff126ebdb92645a66,675efa1486e53a4914248132dda701b834c9e26599d8c4c4d7b41db57bfcf2b0,consensus_two_stage_interactive_adaptation_v1,prompt_compiler_v2_split_g_f,959927581,pending,Q001|Q002|Q003,"{""Q001"": ""consensus_estimate_human_primary_cause"", ""Q002"": ""consensus_estimate_co2_warms_planet"", ""Q003"": ""consensus_estimate_net_zero_before_2085""}",consensus_stage_a,consensus_two_stage_interactive_adaptation_v1,G|LP0598|Consensus|stage_a|replicate_1,00cb086713df593a1eee3d46ff1663ae1cd2f2a4c964248ff126ebdb92645a66,675efa1486e53a4914248132dda701b834c9e26599d8c4c4d7b41db57bfcf2b0,
G|LP0599|Consensus|stage_a|replicate_1,G-1c7af5237ff6c16d8c4d26c86e915ac470d1d30a,G,target,LP0599,Consensus,consensus_stage_a_estimates,1,google/gemma-4-31B-it,476cdfbb78c41a5510e840a623b924cbce9e260041255eec00ef8e880121baf1,675efa1486e53a4914248132dda701b834c9e26599d8c4c4d7b41db57bfcf2b0,consensus_two_stage_interactive_adaptation_v1,prompt_compiler_v2_split_g_f,955034548,pending,Q001|Q002|Q003,"{""Q001"": ""consensus_estimate_co2_warms_planet"", ""Q002"": ""consensus_estimate_net_zero_before_2085"", ""Q003"": ""consensus_estimate_human_primary_cause""}",consensus_stage_a,consensus_two_stage_interactive_adaptation_v1,G|LP0599|Consensus|stage_a|replicate_1,476cdfbb78c41a5510e840a623b924cbce9e260041255eec00ef8e880121baf1,675efa1486e53a4914248132dda701b834c9e26599d8c4c4d7b41db57bfcf2b0,
G|LP0600|Consensus|stage_a|replicate_1,G-8f651fe6bc1c8f7ac7688d646ad04bfec8002b2a,G,target,LP0600,Consensus,consensus_stage_a_estimates,1,google/gemma-4-31B-it,4af6f000c59ef23f202186db32ad8b417a69394dc242ea2cf059c1409a09c266,675efa1486e53a4914248132dda701b834c9e26599d8c4c4d7b41db57bfcf2b0,consensus_two_stage_interactive_adaptation_v1,prompt_compiler_v2_split_g_f,1525075785,pending,Q001|Q002|Q003,"{""Q001"": ""consensus_estimate_net_zero_before_2085"", ""Q002"": ""consensus_estimate_co2_warms_planet"", ""Q003"": ""consensus_estimate_human_primary_cause""}",consensus_stage_a,consensus_two_stage_interactive_adaptation_v1,G|LP0600|Consensus|stage_a|replicate_1,4af6f000c59ef23f202186db32ad8b417a69394dc242ea2cf059c1409a09c266,675efa1486e53a4914248132dda701b834c9e26599d8c4c4d7b41db57bfcf2b0,
G|LP0601|Consensus|stage_a|replicate_1,G-6f516979198b38a84b4416422447c487f691ab34,G,target,LP0601,Consensus,consensus_stage_a_estimates,1,google/gemma-4-31B-it,237ec226207c9fbf91806d6d071558e4e52e1d684026cbae47018511e78e7ec2,675efa1486e53a4914248132dda701b834c9e26599d8c4c4d7b41db57bfcf2b0,consensus_two_stage_interactive_adaptation_v1,prompt_compiler_v2_split_g_f,2016283547,pending,Q001|Q002|Q003,"{""Q001"": ""consensus_estimate_net_zero_before_2085"", ""Q002"": ""consensus_estimate_co2_warms_planet"", ""Q003"": ""consensus_estimate_human_primary_cause""}",consensus_stage_a,consensus_two_stage_interactive_adaptation_v1,G|LP0601|Consensus|stage_a|replicate_1,237ec226207c9fbf91806d6d071558e4e52e1d684026cbae47018511e78e7ec2,675efa1486e53a4914248132dda701b834c9e26599d8c4c4d7b41db57bfcf2b0,
G|LP0602|Consensus|stage_a|replicate_1,G-88ddd67b925f2bb6148864897cfb1945f465d338,G,target,LP0602,Consensus,consensus_stage_a_estimates,1,google/gemma-4-31B-it,4e8e15687f0cbb2ae8385f82d9c04a5af6ebe29c048450845965438f8aaabfc2,675efa1486e53a4914248132dda701b834c9e26599d8c4c4d7b41db57bfcf2b0,consensus_two_stage_interactive_adaptation_v1,prompt_compiler_v2_split_g_f,605739183,pending,Q001|Q002|Q003,"{""Q001"": ""consensus_estimate_co2_warms_planet"", ""Q002"": ""consensus_estimate_net_zero_before_2085"", ""Q003"": ""consensus_estimate_human_primary_cause""}",consensus_stage_a,consensus_two_stage_interactive_adaptation_v1,G|LP0602|Consensus|stage_a|replicate_1,4e8e15687f0cbb2ae8385f82d9c04a5af6ebe29c048450845965438f8aaabfc2,675efa1486e53a4914248132dda701b834c9e26599d8c4c4d7b41db57bfcf2b0,
G|LP0603|Consensus|stage_a|replicate_1,G-922fc85fa085637cdfd0be6871237f7453f99089,G,target,LP0603,Consensus,consensus_stage_a_estimates,1,google/gemma-4-31B-it,3c2a652d57a45843f9ee352f95a1686620f9fbaed6b876cb5f1d74aae0036252,675efa1486e53a4914248132dda701b834c9e26599d8c4c4d7b41db57bfcf2b0,consensus_two_stage_interactive_adaptation_v1,prompt_compiler_v2_split_g_f,1155855421,pending,Q001|Q002|Q003,"{""Q001"": ""consensus_estimate_co2_warms_planet"", ""Q002"": ""consensus_estimate_net_zero_before_2085"", ""Q003"": ""consensus_estimate_human_primary_cause""}",consensus_stage_a,consensus_two_stage_interactive_adaptation_v1,G|LP0603|Consensus|stage_a|replicate_1,3c2a652d57a45843f9ee352f95a1686620f9fbaed6b876cb5f1d74aae0036252,675efa1486e53a4914248132dda701b834c9e26599d8c4c4d7b41db57bfcf2b0,
G|LP0604|Consensus|stage_a|replicate_1,G-773335e91bad03da78018cf8fecfc31711b85fb9,G,target,LP0604,Consensus,consensus_stage_a_estimates,1,google/gemma-4-31B-it,a0583b496482a3c86b588789325818c4b1fe70c087d51b08287b5f1e34cd3494,675efa1486e53a4914248132dda701b834c9e26599d8c4c4d7b41db57bfcf2b0,consensus_two_stage_interactive_adaptation_v1,prompt_compiler_v2_split_g_f,169045934,pending,Q001|Q002|Q003,"{""Q001"": ""consensus_estimate_net_zero_before_2085"", ""Q002"": ""consensus_estimate_co2_warms_planet"", ""Q003"": ""consensus_estimate_human_primary_cause""}",consensus_stage_a,consensus_two_stage_interactive_adaptation_v1,G|LP0604|Consensus|stage_a|replicate_1,a0583b496482a3c86b588789325818c4b1fe70c087d51b08287b5f1e34cd3494,675efa1486e53a4914248132dda701b834c9e26599d8c4c4d7b41db57bfcf2b0,
G|LP0605|Consensus|stage_a|replicate_1,G-eb89120db400c60fbff280554f89f256fa246466,G,target,LP0605,Consensus,consensus_stage_a_estimates,1,google/gemma-4-31B-it,42d877c681a16303228215749764d238301a8e1e65c395c683a9b3562864f390,675efa1486e53a4914248132dda701b834c9e26599d8c4c4d7b41db57bfcf2b0,consensus_two_stage_interactive_adaptation_v1,prompt_compiler_v2_split_g_f,185788974,pending,Q001|Q002|Q003,"{""Q001"": ""consensus_estimate_co2_warms_planet"", ""Q002"": ""consensus_estimate_human_primary_cause"", ""Q003"": ""consensus_estimate_net_zero_before_2085""}",consensus_stage_a,consensus_two_stage_interactive_adaptation_v1,G|LP0605|Consensus|stage_a|replicate_1,42d877c681a16303228215749764d238301a8e1e65c395c683a9b3562864f390,675efa1486e53a4914248132dda701b834c9e26599d8c4c4d7b41db57bfcf2b0,
G|LP0606|Consensus|stage_a|replicate_1,G-005e218a3724c075443fca930dd3fe856c986449,G,target,LP0606,Consensus,consensus_stage_a_estimates,1,google/gemma-4-31B-it,01e87e2351061bf4a2fc8ba1549318da4c3d187c7ee43b2be1adc7ea0477bcbd,675efa1486e53a4914248132dda701b834c9e26599d8c4c4d7b41db57bfcf2b0,consensus_two_stage_interactive_adaptation_v1,prompt_compiler_v2_split_g_f,937493385,pending,Q001|Q002|Q003,"{""Q001"": ""consensus_estimate_human_primary_cause"", ""Q002"": ""consensus_estimate_co2_warms_planet"", ""Q003"": ""consensus_estimate_net_zero_before_2085""}",consensus_stage_a,consensus_two_stage_interactive_adaptation_v1,G|LP0606|Consensus|stage_a|replicate_1,01e87e2351061bf4a2fc8ba1549318da4c3d187c7ee43b2be1adc7ea0477bcbd,675efa1486e53a4914248132dda701b834c9e26599d8c4c4d7b41db57bfcf2b0,
G|LP0607|Consensus|stage_a|replicate_1,G-c873ba1609b1ea5dfd49c9c3e47a48d19048dc3a,G,target,LP0607,Consensus,consensus_stage_a_estimates,1,google/gemma-4-31B-it,cf4bc46ebcf77cf508577e90e807998e34ac9b89c1c26248c25cb4868dc3d9d0,675efa1486e53a4914248132dda701b834c9e26599d8c4c4d7b41db57bfcf2b0,consensus_two_stage_interactive_adaptation_v1,prompt_compiler_v2_split_g_f,446258828,pending,Q001|Q002|Q003,"{""Q001"": ""consensus_estimate_human_primary_cause"", ""Q002"": ""consensus_estimate_net_zero_before_2085"", ""Q003"": ""consensus_estimate_co2_warms_planet""}",consensus_stage_a,consensus_two_stage_interactive_adaptation_v1,G|LP0607|Consensus|stage_a|replicate_1,cf4bc46ebcf77cf508577e90e807998e34ac9b89c1c26248c25cb4868dc3d9d0,675efa1486e53a4914248132dda701b834c9e26599d8c4c4d7b41db57bfcf2b0,
G|LP0608|Consensus|stage_a|replicate_1,G-cb46a116c2a42fa7a4540dc52da9191659c99e2d,G,target,LP0608,Consensus,consensus_stage_a_estimates,1,google/gemma-4-31B-it,c78eb7fce844ebac3856caebb1a14d4cf3f8d0c288b6c5134c10b22367568b61,675efa1486e53a4914248132dda701b834c9e26599d8c4c4d7b41db57bfcf2b0,consensus_two_stage_interactive_adaptation_v1,prompt_compiler_v2_split_g_f,1496412631,pending,Q001|Q002|Q003,"{""Q001"": ""consensus_estimate_co2_warms_planet"", ""Q002"": ""consensus_estimate_human_primary_cause"", ""Q003"": ""consensus_estimate_net_zero_before_2085""}",consensus_stage_a,consensus_two_stage_interactive_adaptation_v1,G|LP0608|Consensus|stage_a|replicate_1,c78eb7fce844ebac3856caebb1a14d4cf3f8d0c288b6c5134c10b22367568b61,675efa1486e53a4914248132dda701b834c9e26599d8c4c4d7b41db57bfcf2b0,
G|LP0609|Consensus|stage_a|replicate_1,G-14e93343e838bfed4c3522ac0dcdc0623c4a7e9d,G,target,LP0609,Consensus,consensus_stage_a_estimates,1,google/gemma-4-31B-it,5c945f98804dc5b87faef10f0cf35e121efd649f948a42a2e688b6296215639c,675efa1486e53a4914248132dda701b834c9e26599d8c4c4d7b41db57bfcf2b0,consensus_two_stage_interactive_adaptation_v1,prompt_compiler_v2_split_g_f,302720629,pending,Q001|Q002|Q003,"{""Q001"": ""consensus_estimate_co2_warms_planet"", ""Q002"": ""consensus_estimate_net_zero_before_2085"", ""Q003"": ""consensus_estimate_human_primary_cause""}",consensus_stage_a,consensus_two_stage_interactive_adaptation_v1,G|LP0609|Consensus|stage_a|replicate_1,5c945f98804dc5b87faef10f0cf35e121efd649f948a42a2e688b6296215639c,675efa1486e53a4914248132dda701b834c9e26599d8c4c4d7b41db57bfcf2b0,
G|LP0610|Consensus|stage_a|replicate_1,G-4d3f840789b446cb387919b0a3c1260b9c79f119,G,target,LP0610,Consensus,consensus_stage_a_estimates,1,google/gemma-4-31B-it,0ddf7cc8c3344423fb5b1dfab3d9ccc0dcb7aca2809257162e7c520ccf90c159,675efa1486e53a4914248132dda701b834c9e26599d8c4c4d7b41db57bfcf2b0,consensus_two_stage_interactive_adaptation_v1,prompt_compiler_v2_split_g_f,607342299,pending,Q001|Q002|Q003,"{""Q001"": ""consensus_estimate_net_zero_before_2085"", ""Q002"": ""consensus_estimate_human_primary_cause"", ""Q003"": ""consensus_estimate_co2_warms_planet""}",consensus_stage_a,consensus_two_stage_interactive_adaptation_v1,G|LP0610|Consensus|stage_a|replicate_1,0ddf7cc8c3344423fb5b1dfab3d9ccc0dcb7aca2809257162e7c520ccf90c159,675efa1486e53a4914248132dda701b834c9e26599d8c4c4d7b41db57bfcf2b0,
G|LP0611|Consensus|stage_a|replicate_1,G-24b95bb89577825fec189e49eb22ad0e30fc3a09,G,target,LP0611,Consensus,consensus_stage_a_estimates,1,google/gemma-4-31B-it,9f30f8cbc0ca8dadc45e6a90349c2a2eadb5c8b2cbcd975980a679d6a5dabc45,675efa1486e53a4914248132dda701b834c9e26599d8c4c4d7b41db57bfcf2b0,consensus_two_stage_interactive_adaptation_v1,prompt_compiler_v2_split_g_f,1592408528,pending,Q001|Q002|Q003,"{""Q001"": ""consensus_estimate_human_primary_cause"", ""Q002"": ""consensus_estimate_net_zero_before_2085"", ""Q003"": ""consensus_estimate_co2_warms_planet""}",consensus_stage_a,consensus_two_stage_interactive_adaptation_v1,G|LP0611|Consensus|stage_a|replicate_1,9f30f8cbc0ca8dadc45e6a90349c2a2eadb5c8b2cbcd975980a679d6a5dabc45,675efa1486e53a4914248132dda701b834c9e26599d8c4c4d7b41db57bfcf2b0,
G|LP0612|Consensus|stage_a|replicate_1,G-d2e086d3e6e6d364044c9f2d16e336422dbd3372,G,target,LP0612,Consensus,consensus_stage_a_estimates,1,google/gemma-4-31B-it,fd88e183b6de90b9ebe4ba61cca00f2c3b203e07f93a28621a04d702f3d02569,675efa1486e53a4914248132dda701b834c9e26599d8c4c4d7b41db57bfcf2b0,consensus_two_stage_interactive_adaptation_v1,prompt_compiler_v2_split_g_f,212328719,pending,Q001|Q002|Q003,"{""Q001"": ""consensus_estimate_net_zero_before_2085"", ""Q002"": ""consensus_estimate_co2_warms_planet"", ""Q003"": ""consensus_estimate_human_primary_cause""}",consensus_stage_a,consensus_two_stage_interactive_adaptation_v1,G|LP0612|Consensus|stage_a|replicate_1,fd88e183b6de90b9ebe4ba61cca00f2c3b203e07f93a28621a04d702f3d02569,675efa1486e53a4914248132dda701b834c9e26599d8c4c4d7b41db57bfcf2b0,
G|LP0613|Consensus|stage_a|replicate_1,G-22d7c121b0cda8418d7ff99ebeae8888bc0e91b1,G,target,LP0613,Consensus,consensus_stage_a_estimates,1,google/gemma-4-31B-it,e3cb24a9a1b50901a60bb550dbd85a9cf97de1e8123a3b8911e96c2b53a9cc53,675efa1486e53a4914248132dda701b834c9e26599d8c4c4d7b41db57bfcf2b0,consensus_two_stage_interactive_adaptation_v1,prompt_compiler_v2_split_g_f,1987914372,pending,Q001|Q002|Q003,"{""Q001"": ""consensus_estimate_net_zero_before_2085"", ""Q002"": ""consensus_estimate_human_primary_cause"", ""Q003"": ""consensus_estimate_co2_warms_planet""}",consensus_stage_a,consensus_two_stage_interactive_adaptation_v1,G|LP0613|Consensus|stage_a|replicate_1,e3cb24a9a1b50901a60bb550dbd85a9cf97de1e8123a3b8911e96c2b53a9cc53,675efa1486e53a4914248132dda701b834c9e26599d8c4c4d7b41db57bfcf2b0,
G|LP0614|Consensus|stage_a|replicate_1,G-1e5c6c53889a6efd60a310de6a1d8dc7467762cc,G,target,LP0614,Consensus,consensus_stage_a_estimates,1,google/gemma-4-31B-it,69b0b999ede4d1f93e84a7f575be176b1376b8ad7dc5be2f18f4b6bdf9363646,675efa1486e53a4914248132dda701b834c9e26599d8c4c4d7b41db57bfcf2b0,consensus_two_stage_interactive_adaptation_v1,prompt_compiler_v2_split_g_f,1163085732,pending,Q001|Q002|Q003,"{""Q001"": ""consensus_estimate_human_primary_cause"", ""Q002"": ""consensus_estimate_co2_warms_planet"", ""Q003"": ""consensus_estimate_net_zero_before_2085""}",consensus_stage_a,consensus_two_stage_interactive_adaptation_v1,G|LP0614|Consensus|stage_a|replicate_1,69b0b999ede4d1f93e84a7f575be176b1376b8ad7dc5be2f18f4b6bdf9363646,675efa1486e53a4914248132dda701b834c9e26599d8c4c4d7b41db57bfcf2b0,
G|LP0615|Consensus|stage_a|replicate_1,G-5c483943dc2724e7d56cdfffabc7ba6f067eeb0b,G,target,LP0615,Consensus,consensus_stage_a_estimates,1,google/gemma-4-31B-it,38945e735e4b6428d5aaa824fcc6e422bc459404dbb565d4320dc7dd3f398718,675efa1486e53a4914248132dda701b834c9e26599d8c4c4d7b41db57bfcf2b0,consensus_two_stage_interactive_adaptation_v1,prompt_compiler_v2_split_g_f,347576176,pending,Q001|Q002|Q003,"{""Q001"": ""consensus_estimate_co2_warms_planet"", ""Q002"": ""consensus_estimate_human_primary_cause"", ""Q003"": ""consensus_estimate_net_zero_before_2085""}",consensus_stage_a,consensus_two_stage_interactive_adaptation_v1,G|LP0615|Consensus|stage_a|replicate_1,38945e735e4b6428d5aaa824fcc6e422bc459404dbb565d4320dc7dd3f398718,675efa1486e53a4914248132dda701b834c9e26599d8c4c4d7b41db57bfcf2b0,
G|LP0616|Consensus|stage_a|replicate_1,G-82705bdf0febac66af31e324c178ecdc3e40693e,G,target,LP0616,Consensus,consensus_stage_a_estimates,1,google/gemma-4-31B-it,428caf913fd6960347bbf2ca6b522c9e4276ab33f6995acafb0536e8032d6e23,675efa1486e53a4914248132dda701b834c9e26599d8c4c4d7b41db57bfcf2b0,consensus_two_stage_interactive_adaptation_v1,prompt_compiler_v2_split_g_f,348939302,pending,Q001|Q002|Q003,"{""Q001"": ""consensus_estimate_human_primary_cause"", ""Q002"": ""consensus_estimate_net_zero_before_2085"", ""Q003"": ""consensus_estimate_co2_warms_planet""}",consensus_stage_a,consensus_two_stage_interactive_adaptation_v1,G|LP0616|Consensus|stage_a|replicate_1,428caf913fd6960347bbf2ca6b522c9e4276ab33f6995acafb0536e8032d6e23,675efa1486e53a4914248132dda701b834c9e26599d8c4c4d7b41db57bfcf2b0,
G|LP0617|Consensus|stage_a|replicate_1,G-7569df02f547b6cf88e4b581b777098f71e388d7,G,target,LP0617,Consensus,consensus_stage_a_estimates,1,google/gemma-4-31B-it,1b5ac94859c00027d2c2edd6f02c8c7b483c9208f6b74e9ce57d4684d2a48920,675efa1486e53a4914248132dda701b834c9e26599d8c4c4d7b41db57bfcf2b0,consensus_two_stage_interactive_adaptation_v1,prompt_compiler_v2_split_g_f,1612412118,pending,Q001|Q002|Q003,"{""Q001"": ""consensus_estimate_human_primary_cause"", ""Q002"": ""consensus_estimate_net_zero_before_2085"", ""Q003"": ""consensus_estimate_co2_warms_planet""}",consensus_stage_a,consensus_two_stage_interactive_adaptation_v1,G|LP0617|Consensus|stage_a|replicate_1,1b5ac94859c00027d2c2edd6f02c8c7b483c9208f6b74e9ce57d4684d2a48920,675efa1486e53a4914248132dda701b834c9e26599d8c4c4d7b41db57bfcf2b0,
G|LP0618|Consensus|stage_a|replicate_1,G-3c77ea837ff7c7ea22289fd9c06a51e27bb5b376,G,target,LP0618,Consensus,consensus_stage_a_estimates,1,google/gemma-4-31B-it,deb863a101ddacc686151cfb07e376ccdc796187fdec708bbb42edf0236c9b17,675efa1486e53a4914248132dda701b834c9e26599d8c4c4d7b41db57bfcf2b0,consensus_two_stage_interactive_adaptation_v1,prompt_compiler_v2_split_g_f,2028444913,pending,Q001|Q002|Q003,"{""Q001"": ""consensus_estimate_co2_warms_planet"", ""Q002"": ""consensus_estimate_net_zero_before_2085"", ""Q003"": ""consensus_estimate_human_primary_cause""}",consensus_stage_a,consensus_two_stage_interactive_adaptation_v1,G|LP0618|Consensus|stage_a|replicate_1,deb863a101ddacc686151cfb07e376ccdc796187fdec708bbb42edf0236c9b17,675efa1486e53a4914248132dda701b834c9e26599d8c4c4d7b41db57bfcf2b0,
G|LP0619|Consensus|stage_a|replicate_1,G-2154d7d95cea3f532b49362ca8ac3fd90b19a0eb,G,target,LP0619,Consensus,consensus_stage_a_estimates,1,google/gemma-4-31B-it,4758d1ed250f28986483a5fc980349ad1a7d4a3d5ea77d46a27836f7e2a36943,675efa1486e53a4914248132dda701b834c9e26599d8c4c4d7b41db57bfcf2b0,consensus_two_stage_interactive_adaptation_v1,prompt_compiler_v2_split_g_f,529788678,pending,Q001|Q002|Q003,"{""Q001"": ""consensus_estimate_human_primary_cause"", ""Q002"": ""consensus_estimate_co2_warms_planet"", ""Q003"": ""consensus_estimate_net_zero_before_2085""}",consensus_stage_a,consensus_two_stage_interactive_adaptation_v1,G|LP0619|Consensus|stage_a|replicate_1,4758d1ed250f28986483a5fc980349ad1a7d4a3d5ea77d46a27836f7e2a36943,675efa1486e53a4914248132dda701b834c9e26599d8c4c4d7b41db57bfcf2b0,
G|LP0620|Consensus|stage_a|replicate_1,G-642ef68a6688b75e611cccc1c6b1d409b241bd7d,G,target,LP0620,Consensus,consensus_stage_a_estimates,1,google/gemma-4-31B-it,41a75c63f6b26483e6a21d98b4e540c1dd234b14922e10bddc6bab64d326cbda,675efa1486e53a4914248132dda701b834c9e26599d8c4c4d7b41db57bfcf2b0,consensus_two_stage_interactive_adaptation_v1,prompt_compiler_v2_split_g_f,786867316,pending,Q001|Q002|Q003,"{""Q001"": ""consensus_estimate_human_primary_cause"", ""Q002"": ""consensus_estimate_co2_warms_planet"", ""Q003"": ""consensus_estimate_net_zero_before_2085""}",consensus_stage_a,consensus_two_stage_interactive_adaptation_v1,G|LP0620|Consensus|stage_a|replicate_1,41a75c63f6b26483e6a21d98b4e540c1dd234b14922e10bddc6bab64d326cbda,675efa1486e53a4914248132dda701b834c9e26599d8c4c4d7b41db57bfcf2b0,
G|LP0621|Consensus|stage_a|replicate_1,G-df9146b04a2b6b8fcc23e5ce5cdfd1d0c58bc487,G,target,LP0621,Consensus,consensus_stage_a_estimates,1,google/gemma-4-31B-it,03255b89c91d70299da13a013cb833f328a9159251dbfa05d38586ef2a259356,675efa1486e53a4914248132dda701b834c9e26599d8c4c4d7b41db57bfcf2b0,consensus_two_stage_interactive_adaptation_v1,prompt_compiler_v2_split_g_f,156104947,pending,Q001|Q002|Q003,"{""Q001"": ""consensus_estimate_co2_warms_planet"", ""Q002"": ""consensus_estimate_net_zero_before_2085"", ""Q003"": ""consensus_estimate_human_primary_cause""}",consensus_stage_a,consensus_two_stage_interactive_adaptation_v1,G|LP0621|Consensus|stage_a|replicate_1,03255b89c91d70299da13a013cb833f328a9159251dbfa05d38586ef2a259356,675efa1486e53a4914248132dda701b834c9e26599d8c4c4d7b41db57bfcf2b0,
G|LP0622|Consensus|stage_a|replicate_1,G-67652ea9e22235a93541d0a7bff52e6b55ebcc5c,G,target,LP0622,Consensus,consensus_stage_a_estimates,1,google/gemma-4-31B-it,9f983068a00b0c46a3171b65572189c6dbf2255a1bd3d75341d7928594b82100,675efa1486e53a4914248132dda701b834c9e26599d8c4c4d7b41db57bfcf2b0,consensus_two_stage_interactive_adaptation_v1,prompt_compiler_v2_split_g_f,820810494,pending,Q001|Q002|Q003,"{""Q001"": ""consensus_estimate_human_primary_cause"", ""Q002"": ""consensus_estimate_co2_warms_planet"", ""Q003"": ""consensus_estimate_net_zero_before_2085""}",consensus_stage_a,consensus_two_stage_interactive_adaptation_v1,G|LP0622|Consensus|stage_a|replicate_1,9f983068a00b0c46a3171b65572189c6dbf2255a1bd3d75341d7928594b82100,675efa1486e53a4914248132dda701b834c9e26599d8c4c4d7b41db57bfcf2b0,
G|LP0623|Consensus|stage_a|replicate_1,G-985ddadc20927414807d35c8c1b97a68659685f9,G,target,LP0623,Consensus,consensus_stage_a_estimates,1,google/gemma-4-31B-it,90366a2a6961015bd311415f4be3a076caa2f5740991a904f5487192ef14fd6d,675efa1486e53a4914248132dda701b834c9e26599d8c4c4d7b41db57bfcf2b0,consensus_two_stage_interactive_adaptation_v1,prompt_compiler_v2_split_g_f,1364077006,pending,Q001|Q002|Q003,"{""Q001"": ""consensus_estimate_net_zero_before_2085"", ""Q002"": ""consensus_estimate_co2_warms_planet"", ""Q003"": ""consensus_estimate_human_primary_cause""}",consensus_stage_a,consensus_two_stage_interactive_adaptation_v1,G|LP0623|Consensus|stage_a|replicate_1,90366a2a6961015bd311415f4be3a076caa2f5740991a904f5487192ef14fd6d,675efa1486e53a4914248132dda701b834c9e26599d8c4c4d7b41db57bfcf2b0,
G|LP0624|Consensus|stage_a|replicate_1,G-d8cd871bead39b503263989a407d0a96aa81bbfd,G,target,LP0624,Consensus,consensus_stage_a_estimates,1,google/gemma-4-31B-it,5849139f34fcd334ea3e9a0ab36be015f40f0c6921ac3762fce335d5f57a70c3,675efa1486e53a4914248132dda701b834c9e26599d8c4c4d7b41db57bfcf2b0,consensus_two_stage_interactive_adaptation_v1,prompt_compiler_v2_split_g_f,477014411,pending,Q001|Q002|Q003,"{""Q001"": ""consensus_estimate_net_zero_before_2085"", ""Q002"": ""consensus_estimate_co2_warms_planet"", ""Q003"": ""consensus_estimate_human_primary_cause""}",consensus_stage_a,consensus_two_stage_interactive_adaptation_v1,G|LP0624|Consensus|stage_a|replicate_1,5849139f34fcd334ea3e9a0ab36be015f40f0c6921ac3762fce335d5f57a70c3,675efa1486e53a4914248132dda701b834c9e26599d8c4c4d7b41db57bfcf2b0,
G|LP0625|Consensus|stage_a|replicate_1,G-b455254be544695a02db44873f33e8a2959ee125,G,target,LP0625,Consensus,consensus_stage_a_estimates,1,google/gemma-4-31B-it,31d2fa5d88aeedbbe2cc98beaa95103178b5f7ed80ab387c6e7099c6d0e8f3da,675efa1486e53a4914248132dda701b834c9e26599d8c4c4d7b41db57bfcf2b0,consensus_two_stage_interactive_adaptation_v1,prompt_compiler_v2_split_g_f,1307489268,pending,Q001|Q002|Q003,"{""Q001"": ""consensus_estimate_human_primary_cause"", ""Q002"": ""consensus_estimate_co2_warms_planet"", ""Q003"": ""consensus_estimate_net_zero_before_2085""}",consensus_stage_a,consensus_two_stage_interactive_adaptation_v1,G|LP0625|Consensus|stage_a|replicate_1,31d2fa5d88aeedbbe2cc98beaa95103178b5f7ed80ab387c6e7099c6d0e8f3da,675efa1486e53a4914248132dda701b834c9e26599d8c4c4d7b41db57bfcf2b0,
G|LP0626|Consensus|stage_a|replicate_1,G-eb3261e9427759cdd5f93f58bf9206539d1ace7d,G,target,LP0626,Consensus,consensus_stage_a_estimates,1,google/gemma-4-31B-it,e2148a26db76a87331634786e132b654515fd1a3c799924e57f340de804ffdf5,675efa1486e53a4914248132dda701b834c9e26599d8c4c4d7b41db57bfcf2b0,consensus_two_stage_interactive_adaptation_v1,prompt_compiler_v2_split_g_f,417078691,pending,Q001|Q002|Q003,"{""Q001"": ""consensus_estimate_net_zero_before_2085"", ""Q002"": ""consensus_estimate_co2_warms_planet"", ""Q003"": ""consensus_estimate_human_primary_cause""}",consensus_stage_a,consensus_two_stage_interactive_adaptation_v1,G|LP0626|Consensus|stage_a|replicate_1,e2148a26db76a87331634786e132b654515fd1a3c799924e57f340de804ffdf5,675efa1486e53a4914248132dda701b834c9e26599d8c4c4d7b41db57bfcf2b0,
G|LP0627|Consensus|stage_a|replicate_1,G-03ba9b555d67f25ee2ed2e8f7e927f20b5a0bcf4,G,target,LP0627,Consensus,consensus_stage_a_estimates,1,google/gemma-4-31B-it,4172668ad2597a205a0440f3d69455f48834bf6582a3d0b67579fa81c8acdcf0,675efa1486e53a4914248132dda701b834c9e26599d8c4c4d7b41db57bfcf2b0,consensus_two_stage_interactive_adaptation_v1,prompt_compiler_v2_split_g_f,1692215560,pending,Q001|Q002|Q003,"{""Q001"": ""consensus_estimate_human_primary_cause"", ""Q002"": ""consensus_estimate_net_zero_before_2085"", ""Q003"": ""consensus_estimate_co2_warms_planet""}",consensus_stage_a,consensus_two_stage_interactive_adaptation_v1,G|LP0627|Consensus|stage_a|replicate_1,4172668ad2597a205a0440f3d69455f48834bf6582a3d0b67579fa81c8acdcf0,675efa1486e53a4914248132dda701b834c9e26599d8c4c4d7b41db57bfcf2b0,
G|LP0628|Consensus|stage_a|replicate_1,G-e9309feda389aa0a69cdcf9c0b7e5d463afab015,G,target,LP0628,Consensus,consensus_stage_a_estimates,1,google/gemma-4-31B-it,401d7c75348aced61f8f49f7fb94f94442ef7fa92bd990dbda7aaf1f9b26a4ec,675efa1486e53a4914248132dda701b834c9e26599d8c4c4d7b41db57bfcf2b0,consensus_two_stage_interactive_adaptation_v1,prompt_compiler_v2_split_g_f,1978329576,pending,Q001|Q002|Q003,"{""Q001"": ""consensus_estimate_co2_warms_planet"", ""Q002"": ""consensus_estimate_net_zero_before_2085"", ""Q003"": ""consensus_estimate_human_primary_cause""}",consensus_stage_a,consensus_two_stage_interactive_adaptation_v1,G|LP0628|Consensus|stage_a|replicate_1,401d7c75348aced61f8f49f7fb94f94442ef7fa92bd990dbda7aaf1f9b26a4ec,675efa1486e53a4914248132dda701b834c9e26599d8c4c4d7b41db57bfcf2b0,
G|LP0629|Consensus|stage_a|replicate_1,G-45f045777cb226a9bd5744fd778e0909da25ef66,G,target,LP0629,Consensus,consensus_stage_a_estimates,1,google/gemma-4-31B-it,ec11aeb8b317c6463615252ba0dceb0d98f80b9b1a380e28c3a4ffa593c9169e,675efa1486e53a4914248132dda701b834c9e26599d8c4c4d7b41db57bfcf2b0,consensus_two_stage_interactive_adaptation_v1,prompt_compiler_v2_split_g_f,143831449,pending,Q001|Q002|Q003,"{""Q001"": ""consensus_estimate_co2_warms_planet"", ""Q002"": ""consensus_estimate_human_primary_cause"", ""Q003"": ""consensus_estimate_net_zero_before_2085""}",consensus_stage_a,consensus_two_stage_interactive_adaptation_v1,G|LP0629|Consensus|stage_a|replicate_1,ec11aeb8b317c6463615252ba0dceb0d98f80b9b1a380e28c3a4ffa593c9169e,675efa1486e53a4914248132dda701b834c9e26599d8c4c4d7b41db57bfcf2b0,
G|LP0630|Consensus|stage_a|replicate_1,G-20330fc39737866caaba6a34af968520fd186ddb,G,target,LP0630,Consensus,consensus_stage_a_estimates,1,google/gemma-4-31B-it,c194c672466c8fa5a8827503b004c23688a6fb99a706e8a5d50fd9dfc7c40e0e,675efa1486e53a4914248132dda701b834c9e26599d8c4c4d7b41db57bfcf2b0,consensus_two_stage_interactive_adaptation_v1,prompt_compiler_v2_split_g_f,1469949427,pending,Q001|Q002|Q003,"{""Q001"": ""consensus_estimate_co2_warms_planet"", ""Q002"": ""consensus_estimate_net_zero_before_2085"", ""Q003"": ""consensus_estimate_human_primary_cause""}",consensus_stage_a,consensus_two_stage_interactive_adaptation_v1,G|LP0630|Consensus|stage_a|replicate_1,c194c672466c8fa5a8827503b004c23688a6fb99a706e8a5d50fd9dfc7c40e0e,675efa1486e53a4914248132dda701b834c9e26599d8c4c4d7b41db57bfcf2b0,
G|LP0631|Consensus|stage_a|replicate_1,G-d1223ccd309b0cb7c965cdb6b41ef6ac4acd88af,G,target,LP0631,Consensus,consensus_stage_a_estimates,1,google/gemma-4-31B-it,cf4d5162dac7517599db96f34bfc9171d92d9a8d44237fb38602cdd64a71edbe,675efa1486e53a4914248132dda701b834c9e26599d8c4c4d7b41db57bfcf2b0,consensus_two_stage_interactive_adaptation_v1,prompt_compiler_v2_split_g_f,1390380628,pending,Q001|Q002|Q003,"{""Q001"": ""consensus_estimate_human_primary_cause"", ""Q002"": ""consensus_estimate_co2_warms_planet"", ""Q003"": ""consensus_estimate_net_zero_before_2085""}",consensus_stage_a,consensus_two_stage_interactive_adaptation_v1,G|LP0631|Consensus|stage_a|replicate_1,cf4d5162dac7517599db96f34bfc9171d92d9a8d44237fb38602cdd64a71edbe,675efa1486e53a4914248132dda701b834c9e26599d8c4c4d7b41db57bfcf2b0,
G|LP0632|Consensus|stage_a|replicate_1,G-b4f8e3e6d6bc069e63d1309cbc266b00c6cefbd0,G,target,LP0632,Consensus,consensus_stage_a_estimates,1,google/gemma-4-31B-it,295b85cbfe958c64bd50c3b70c394b833b35d60b8b4ddb9bbc1ed9741dea9944,675efa1486e53a4914248132dda701b834c9e26599d8c4c4d7b41db57bfcf2b0,consensus_two_stage_interactive_adaptation_v1,prompt_compiler_v2_split_g_f,1085132398,pending,Q001|Q002|Q003,"{""Q001"": ""consensus_estimate_co2_warms_planet"", ""Q002"": ""consensus_estimate_net_zero_before_2085"", ""Q003"": ""consensus_estimate_human_primary_cause""}",consensus_stage_a,consensus_two_stage_interactive_adaptation_v1,G|LP0632|Consensus|stage_a|replicate_1,295b85cbfe958c64bd50c3b70c394b833b35d60b8b4ddb9bbc1ed9741dea9944,675efa1486e53a4914248132dda701b834c9e26599d8c4c4d7b41db57bfcf2b0,
G|LP0633|Consensus|stage_a|replicate_1,G-067b1033d2b6fa9dfa56a7c5cbdbf373d362e167,G,target,LP0633,Consensus,consensus_stage_a_estimates,1,google/gemma-4-31B-it,8d1c86279e112adde733d77666869f941cc425c298cd4ba2b4f98080ecf0c27d,675efa1486e53a4914248132dda701b834c9e26599d8c4c4d7b41db57bfcf2b0,consensus_two_stage_interactive_adaptation_v1,prompt_compiler_v2_split_g_f,1605180164,pending,Q001|Q002|Q003,"{""Q001"": ""consensus_estimate_human_primary_cause"", ""Q002"": ""consensus_estimate_co2_warms_planet"", ""Q003"": ""consensus_estimate_net_zero_before_2085""}",consensus_stage_a,consensus_two_stage_interactive_adaptation_v1,G|LP0633|Consensus|stage_a|replicate_1,8d1c86279e112adde733d77666869f941cc425c298cd4ba2b4f98080ecf0c27d,675efa1486e53a4914248132dda701b834c9e26599d8c4c4d7b41db57bfcf2b0,
G|LP0634|Consensus|stage_a|replicate_1,G-11e271b38e4cdf81161082b9f70f78b082d5f725,G,target,LP0634,Consensus,consensus_stage_a_estimates,1,google/gemma-4-31B-it,ec42d5aa53e889eb3d0a040f37aa594f80eb33c12af07b917d4e7a366d24300d,675efa1486e53a4914248132dda701b834c9e26599d8c4c4d7b41db57bfcf2b0,consensus_two_stage_interactive_adaptation_v1,prompt_compiler_v2_split_g_f,840024808,pending,Q001|Q002|Q003,"{""Q001"": ""consensus_estimate_co2_warms_planet"", ""Q002"": ""consensus_estimate_net_zero_before_2085"", ""Q003"": ""consensus_estimate_human_primary_cause""}",consensus_stage_a,consensus_two_stage_interactive_adaptation_v1,G|LP0634|Consensus|stage_a|replicate_1,ec42d5aa53e889eb3d0a040f37aa594f80eb33c12af07b917d4e7a366d24300d,675efa1486e53a4914248132dda701b834c9e26599d8c4c4d7b41db57bfcf2b0,
G|LP0635|Consensus|stage_a|replicate_1,G-e794e0ab426f73b1a847e3a53e57cc9e9fb1aa8e,G,target,LP0635,Consensus,consensus_stage_a_estimates,1,google/gemma-4-31B-it,4a9738db2f0613e1913582370b33392273eb7bb89c30e4c0047200c182e7f589,675efa1486e53a4914248132dda701b834c9e26599d8c4c4d7b41db57bfcf2b0,consensus_two_stage_interactive_adaptation_v1,prompt_compiler_v2_split_g_f,295253259,pending,Q001|Q002|Q003,"{""Q001"": ""consensus_estimate_co2_warms_planet"", ""Q002"": ""consensus_estimate_human_primary_cause"", ""Q003"": ""consensus_estimate_net_zero_before_2085""}",consensus_stage_a,consensus_two_stage_interactive_adaptation_v1,G|LP0635|Consensus|stage_a|replicate_1,4a9738db2f0613e1913582370b33392273eb7bb89c30e4c0047200c182e7f589,675efa1486e53a4914248132dda701b834c9e26599d8c4c4d7b41db57bfcf2b0,
G|LP0636|Consensus|stage_a|replicate_1,G-e0b032d37e7f4a54cf2f7dd296d8a0580e8b42ed,G,target,LP0636,Consensus,consensus_stage_a_estimates,1,google/gemma-4-31B-it,f91a7490e323a7c63ba6bbfd4505c7a00551c7e595a227967e3d82cb9c985fbc,675efa1486e53a4914248132dda701b834c9e26599d8c4c4d7b41db57bfcf2b0,consensus_two_stage_interactive_adaptation_v1,prompt_compiler_v2_split_g_f,1071624190,pending,Q001|Q002|Q003,"{""Q001"": ""consensus_estimate_net_zero_before_2085"", ""Q002"": ""consensus_estimate_human_primary_cause"", ""Q003"": ""consensus_estimate_co2_warms_planet""}",consensus_stage_a,consensus_two_stage_interactive_adaptation_v1,G|LP0636|Consensus|stage_a|replicate_1,f91a7490e323a7c63ba6bbfd4505c7a00551c7e595a227967e3d82cb9c985fbc,675efa1486e53a4914248132dda701b834c9e26599d8c4c4d7b41db57bfcf2b0,
G|LP0637|Consensus|stage_a|replicate_1,G-8b0c1b97f17bcac1b29240b2c0723f3fde631de2,G,target,LP0637,Consensus,consensus_stage_a_estimates,1,google/gemma-4-31B-it,912493c7656c8552487ccbc08a5956d48d8178a525df1725f3b4e60258ca0e08,675efa1486e53a4914248132dda701b834c9e26599d8c4c4d7b41db57bfcf2b0,consensus_two_stage_interactive_adaptation_v1,prompt_compiler_v2_split_g_f,127140339,pending,Q001|Q002|Q003,"{""Q001"": ""consensus_estimate_human_primary_cause"", ""Q002"": ""consensus_estimate_net_zero_before_2085"", ""Q003"": ""consensus_estimate_co2_warms_planet""}",consensus_stage_a,consensus_two_stage_interactive_adaptation_v1,G|LP0637|Consensus|stage_a|replicate_1,912493c7656c8552487ccbc08a5956d48d8178a525df1725f3b4e60258ca0e08,675efa1486e53a4914248132dda701b834c9e26599d8c4c4d7b41db57bfcf2b0,
G|LP0638|Consensus|stage_a|replicate_1,G-8cf83d66d9da6e5dd5dbb912e1299e7418bf467d,G,target,LP0638,Consensus,consensus_stage_a_estimates,1,google/gemma-4-31B-it,aace28cbee45b5941fe45b7929cdf55085eae86acbb26e396fa0062aa804f92c,675efa1486e53a4914248132dda701b834c9e26599d8c4c4d7b41db57bfcf2b0,consensus_two_stage_interactive_adaptation_v1,prompt_compiler_v2_split_g_f,1942677804,pending,Q001|Q002|Q003,"{""Q001"": ""consensus_estimate_human_primary_cause"", ""Q002"": ""consensus_estimate_co2_warms_planet"", ""Q003"": ""consensus_estimate_net_zero_before_2085""}",consensus_stage_a,consensus_two_stage_interactive_adaptation_v1,G|LP0638|Consensus|stage_a|replicate_1,aace28cbee45b5941fe45b7929cdf55085eae86acbb26e396fa0062aa804f92c,675efa1486e53a4914248132dda701b834c9e26599d8c4c4d7b41db57bfcf2b0,
G|LP0639|Consensus|stage_a|replicate_1,G-6bffa5f2729b4e1264d0160a5f9a984e35c925d2,G,target,LP0639,Consensus,consensus_stage_a_estimates,1,google/gemma-4-31B-it,aaf853b19c84dd3b76a3259a04b7f8c2a50b82b91e6394c51ad1679e65f02039,675efa1486e53a4914248132dda701b834c9e26599d8c4c4d7b41db57bfcf2b0,consensus_two_stage_interactive_adaptation_v1,prompt_compiler_v2_split_g_f,1251645944,pending,Q001|Q002|Q003,"{""Q001"": ""consensus_estimate_human_primary_cause"", ""Q002"": ""consensus_estimate_co2_warms_planet"", ""Q003"": ""consensus_estimate_net_zero_before_2085""}",consensus_stage_a,consensus_two_stage_interactive_adaptation_v1,G|LP0639|Consensus|stage_a|replicate_1,aaf853b19c84dd3b76a3259a04b7f8c2a50b82b91e6394c51ad1679e65f02039,675efa1486e53a4914248132dda701b834c9e26599d8c4c4d7b41db57bfcf2b0,
G|LP0640|Consensus|stage_a|replicate_1,G-ea1831e90dfc094ac6823dc345d3fb6e5a7811dc,G,target,LP0640,Consensus,consensus_stage_a_estimates,1,google/gemma-4-31B-it,6d968d2c6c17dcde2b1b5ea0a2a7284d0dc040ab428135aa552fb0653d9065e3,675efa1486e53a4914248132dda701b834c9e26599d8c4c4d7b41db57bfcf2b0,consensus_two_stage_interactive_adaptation_v1,prompt_compiler_v2_split_g_f,1647078687,pending,Q001|Q002|Q003,"{""Q001"": ""consensus_estimate_human_primary_cause"", ""Q002"": ""consensus_estimate_net_zero_before_2085"", ""Q003"": ""consensus_estimate_co2_warms_planet""}",consensus_stage_a,consensus_two_stage_interactive_adaptation_v1,G|LP0640|Consensus|stage_a|replicate_1,6d968d2c6c17dcde2b1b5ea0a2a7284d0dc040ab428135aa552fb0653d9065e3,675efa1486e53a4914248132dda701b834c9e26599d8c4c4d7b41db57bfcf2b0,
G|LP0641|Consensus|stage_a|replicate_1,G-d0ee02596a15a61a0e170e4638ab5fcfe97b5562,G,target,LP0641,Consensus,consensus_stage_a_estimates,1,google/gemma-4-31B-it,d12184fecd36d43e01d7b64b609f3bc91fa70bfec84234d351c387576163bb05,675efa1486e53a4914248132dda701b834c9e26599d8c4c4d7b41db57bfcf2b0,consensus_two_stage_interactive_adaptation_v1,prompt_compiler_v2_split_g_f,200387280,pending,Q001|Q002|Q003,"{""Q001"": ""consensus_estimate_human_primary_cause"", ""Q002"": ""consensus_estimate_net_zero_before_2085"", ""Q003"": ""consensus_estimate_co2_warms_planet""}",consensus_stage_a,consensus_two_stage_interactive_adaptation_v1,G|LP0641|Consensus|stage_a|replicate_1,d12184fecd36d43e01d7b64b609f3bc91fa70bfec84234d351c387576163bb05,675efa1486e53a4914248132dda701b834c9e26599d8c4c4d7b41db57bfcf2b0,
G|LP0642|Consensus|stage_a|replicate_1,G-89d7507d23b9ea6a9e33c10dac2338b622ea94c9,G,target,LP0642,Consensus,consensus_stage_a_estimates,1,google/gemma-4-31B-it,33bf068313ccb22d5ee55bc04044b03d89670c39b0dd57fb9047bb34defb1bc9,675efa1486e53a4914248132dda701b834c9e26599d8c4c4d7b41db57bfcf2b0,consensus_two_stage_interactive_adaptation_v1,prompt_compiler_v2_split_g_f,929598310,pending,Q001|Q002|Q003,"{""Q001"": ""consensus_estimate_co2_warms_planet"", ""Q002"": ""consensus_estimate_human_primary_cause"", ""Q003"": ""consensus_estimate_net_zero_before_2085""}",consensus_stage_a,consensus_two_stage_interactive_adaptation_v1,G|LP0642|Consensus|stage_a|replicate_1,33bf068313ccb22d5ee55bc04044b03d89670c39b0dd57fb9047bb34defb1bc9,675efa1486e53a4914248132dda701b834c9e26599d8c4c4d7b41db57bfcf2b0,
G|LP0643|Consensus|stage_a|replicate_1,G-d402742fc2d6bfa38a0e2d0d552509ddb121eb4d,G,target,LP0643,Consensus,consensus_stage_a_estimates,1,google/gemma-4-31B-it,0a0b7f3dc18a461d5453dadb7d345734138b42d9cda59ef1888a03e6811ba337,675efa1486e53a4914248132dda701b834c9e26599d8c4c4d7b41db57bfcf2b0,consensus_two_stage_interactive_adaptation_v1,prompt_compiler_v2_split_g_f,1792780293,pending,Q001|Q002|Q003,"{""Q001"": ""consensus_estimate_net_zero_before_2085"", ""Q002"": ""consensus_estimate_human_primary_cause"", ""Q003"": ""consensus_estimate_co2_warms_planet""}",consensus_stage_a,consensus_two_stage_interactive_adaptation_v1,G|LP0643|Consensus|stage_a|replicate_1,0a0b7f3dc18a461d5453dadb7d345734138b42d9cda59ef1888a03e6811ba337,675efa1486e53a4914248132dda701b834c9e26599d8c4c4d7b41db57bfcf2b0,
G|LP0644|Consensus|stage_a|replicate_1,G-3205d2b1bb247ee1e3e9a1b702b4ad330b27b0f1,G,target,LP0644,Consensus,consensus_stage_a_estimates,1,google/gemma-4-31B-it,3dd3f0696b9094404a6d4cd2c0ddb96b0afe0205e1f6d7bedad2acf5084dcca9,675efa1486e53a4914248132dda701b834c9e26599d8c4c4d7b41db57bfcf2b0,consensus_two_stage_interactive_adaptation_v1,prompt_compiler_v2_split_g_f,523248709,pending,Q001|Q002|Q003,"{""Q001"": ""consensus_estimate_human_primary_cause"", ""Q002"": ""consensus_estimate_co2_warms_planet"", ""Q003"": ""consensus_estimate_net_zero_before_2085""}",consensus_stage_a,consensus_two_stage_interactive_adaptation_v1,G|LP0644|Consensus|stage_a|replicate_1,3dd3f0696b9094404a6d4cd2c0ddb96b0afe0205e1f6d7bedad2acf5084dcca9,675efa1486e53a4914248132dda701b834c9e26599d8c4c4d7b41db57bfcf2b0,
G|LP0645|Consensus|stage_a|replicate_1,G-5d5e7d93d29e89d49d52c8c45b28c6d0680b11b8,G,target,LP0645,Consensus,consensus_stage_a_estimates,1,google/gemma-4-31B-it,e3ee0bbd46541d92c261a571ba2393a8c24f1f08773eeb40acc308ec71b76473,675efa1486e53a4914248132dda701b834c9e26599d8c4c4d7b41db57bfcf2b0,consensus_two_stage_interactive_adaptation_v1,prompt_compiler_v2_split_g_f,224101629,pending,Q001|Q002|Q003,"{""Q001"": ""consensus_estimate_human_primary_cause"", ""Q002"": ""consensus_estimate_net_zero_before_2085"", ""Q003"": ""consensus_estimate_co2_warms_planet""}",consensus_stage_a,consensus_two_stage_interactive_adaptation_v1,G|LP0645|Consensus|stage_a|replicate_1,e3ee0bbd46541d92c261a571ba2393a8c24f1f08773eeb40acc308ec71b76473,675efa1486e53a4914248132dda701b834c9e26599d8c4c4d7b41db57bfcf2b0,
G|LP0646|Consensus|stage_a|replicate_1,G-17d5366354376713dcdc28f39c87f02d9a5a673e,G,target,LP0646,Consensus,consensus_stage_a_estimates,1,google/gemma-4-31B-it,90f1552c16805f0791cf0f3dd4bd2a3bc5d21b5b9609ef302ac1f7b1c55969b4,675efa1486e53a4914248132dda701b834c9e26599d8c4c4d7b41db57bfcf2b0,consensus_two_stage_interactive_adaptation_v1,prompt_compiler_v2_split_g_f,65131482,pending,Q001|Q002|Q003,"{""Q001"": ""consensus_estimate_human_primary_cause"", ""Q002"": ""consensus_estimate_co2_warms_planet"", ""Q003"": ""consensus_estimate_net_zero_before_2085""}",consensus_stage_a,consensus_two_stage_interactive_adaptation_v1,G|LP0646|Consensus|stage_a|replicate_1,90f1552c16805f0791cf0f3dd4bd2a3bc5d21b5b9609ef302ac1f7b1c55969b4,675efa1486e53a4914248132dda701b834c9e26599d8c4c4d7b41db57bfcf2b0,
G|LP0647|Consensus|stage_a|replicate_1,G-1fc0ec70a6a4ef69a66648255b7a2fa051a0c7d9,G,target,LP0647,Consensus,consensus_stage_a_estimates,1,google/gemma-4-31B-it,88fd96bd8f5f6bd687cf8aa4efc0b0b9eb474cf96512c179cd2f05727448faad,675efa1486e53a4914248132dda701b834c9e26599d8c4c4d7b41db57bfcf2b0,consensus_two_stage_interactive_adaptation_v1,prompt_compiler_v2_split_g_f,1713817674,pending,Q001|Q002|Q003,"{""Q001"": ""consensus_estimate_net_zero_before_2085"", ""Q002"": ""consensus_estimate_co2_warms_planet"", ""Q003"": ""consensus_estimate_human_primary_cause""}",consensus_stage_a,consensus_two_stage_interactive_adaptation_v1,G|LP0647|Consensus|stage_a|replicate_1,88fd96bd8f5f6bd687cf8aa4efc0b0b9eb474cf96512c179cd2f05727448faad,675efa1486e53a4914248132dda701b834c9e26599d8c4c4d7b41db57bfcf2b0,
G|LP0648|Consensus|stage_a|replicate_1,G-3d97b0bbb2ede63c693e4e0b29d4105020a9dc8f,G,target,LP0648,Consensus,consensus_stage_a_estimates,1,google/gemma-4-31B-it,833275d563676d2383783ace3b2db00146b979adad6be868136728fcb34cbeda,675efa1486e53a4914248132dda701b834c9e26599d8c4c4d7b41db57bfcf2b0,consensus_two_stage_interactive_adaptation_v1,prompt_compiler_v2_split_g_f,773670836,pending,Q001|Q002|Q003,"{""Q001"": ""consensus_estimate_human_primary_cause"", ""Q002"": ""consensus_estimate_co2_warms_planet"", ""Q003"": ""consensus_estimate_net_zero_before_2085""}",consensus_stage_a,consensus_two_stage_interactive_adaptation_v1,G|LP0648|Consensus|stage_a|replicate_1,833275d563676d2383783ace3b2db00146b979adad6be868136728fcb34cbeda,675efa1486e53a4914248132dda701b834c9e26599d8c4c4d7b41db57bfcf2b0,
G|LP0649|Consensus|stage_a|replicate_1,G-efd90c0cea4e17d94e89588b45d4d0cdf9bac25f,G,target,LP0649,Consensus,consensus_stage_a_estimates,1,google/gemma-4-31B-it,cb495be44b92980399f01a456dd0288977b0cd5bed8933822bc0c6bec0cd3692,675efa1486e53a4914248132dda701b834c9e26599d8c4c4d7b41db57bfcf2b0,consensus_two_stage_interactive_adaptation_v1,prompt_compiler_v2_split_g_f,1241526262,pending,Q001|Q002|Q003,"{""Q001"": ""consensus_estimate_net_zero_before_2085"", ""Q002"": ""consensus_estimate_co2_warms_planet"", ""Q003"": ""consensus_estimate_human_primary_cause""}",consensus_stage_a,consensus_two_stage_interactive_adaptation_v1,G|LP0649|Consensus|stage_a|replicate_1,cb495be44b92980399f01a456dd0288977b0cd5bed8933822bc0c6bec0cd3692,675efa1486e53a4914248132dda701b834c9e26599d8c4c4d7b41db57bfcf2b0,
G|LP0650|Consensus|stage_a|replicate_1,G-a705f01b73a7dd3a1f5cec6bfdd979890a69bcaf,G,target,LP0650,Consensus,consensus_stage_a_estimates,1,google/gemma-4-31B-it,7321896b77811a705eee5fe11b7240755fa87f27c901b72c717457b03a53bab8,675efa1486e53a4914248132dda701b834c9e26599d8c4c4d7b41db57bfcf2b0,consensus_two_stage_interactive_adaptation_v1,prompt_compiler_v2_split_g_f,1102298483,pending,Q001|Q002|Q003,"{""Q001"": ""consensus_estimate_human_primary_cause"", ""Q002"": ""consensus_estimate_co2_warms_planet"", ""Q003"": ""consensus_estimate_net_zero_before_2085""}",consensus_stage_a,consensus_two_stage_interactive_adaptation_v1,G|LP0650|Consensus|stage_a|replicate_1,7321896b77811a705eee5fe11b7240755fa87f27c901b72c717457b03a53bab8,675efa1486e53a4914248132dda701b834c9e26599d8c4c4d7b41db57bfcf2b0,
G|LP0651|Consensus|stage_a|replicate_1,G-6c6cc670875c9fcd502b70d8f3b23b06f7c76081,G,target,LP0651,Consensus,consensus_stage_a_estimates,1,google/gemma-4-31B-it,cf47e4283a8f7ee35cd537cc2e906afd114e813dddaea900032567dfcd68f3ca,675efa1486e53a4914248132dda701b834c9e26599d8c4c4d7b41db57bfcf2b0,consensus_two_stage_interactive_adaptation_v1,prompt_compiler_v2_split_g_f,1614163119,pending,Q001|Q002|Q003,"{""Q001"": ""consensus_estimate_net_zero_before_2085"", ""Q002"": ""consensus_estimate_co2_warms_planet"", ""Q003"": ""consensus_estimate_human_primary_cause""}",consensus_stage_a,consensus_two_stage_interactive_adaptation_v1,G|LP0651|Consensus|stage_a|replicate_1,cf47e4283a8f7ee35cd537cc2e906afd114e813dddaea900032567dfcd68f3ca,675efa1486e53a4914248132dda701b834c9e26599d8c4c4d7b41db57bfcf2b0,
G|LP0652|Consensus|stage_a|replicate_1,G-4810abf75cc35d6e9b5aa3290b54a68efdee9577,G,target,LP0652,Consensus,consensus_stage_a_estimates,1,google/gemma-4-31B-it,63e83338b22675c8bc498266d3088f848f6b1ea79cb5e5ba478572a7a008c8f5,675efa1486e53a4914248132dda701b834c9e26599d8c4c4d7b41db57bfcf2b0,consensus_two_stage_interactive_adaptation_v1,prompt_compiler_v2_split_g_f,1826927965,pending,Q001|Q002|Q003,"{""Q001"": ""consensus_estimate_co2_warms_planet"", ""Q002"": ""consensus_estimate_net_zero_before_2085"", ""Q003"": ""consensus_estimate_human_primary_cause""}",consensus_stage_a,consensus_two_stage_interactive_adaptation_v1,G|LP0652|Consensus|stage_a|replicate_1,63e83338b22675c8bc498266d3088f848f6b1ea79cb5e5ba478572a7a008c8f5,675efa1486e53a4914248132dda701b834c9e26599d8c4c4d7b41db57bfcf2b0,
G|LP0653|Consensus|stage_a|replicate_1,G-1508f68edc0d5aad69589134490e68717d8a9ddc,G,target,LP0653,Consensus,consensus_stage_a_estimates,1,google/gemma-4-31B-it,41f0d9fd5a54f26c1fbce7158acca74e376414689ae03e9876705102adcce98c,675efa1486e53a4914248132dda701b834c9e26599d8c4c4d7b41db57bfcf2b0,consensus_two_stage_interactive_adaptation_v1,prompt_compiler_v2_split_g_f,102713291,pending,Q001|Q002|Q003,"{""Q001"": ""consensus_estimate_co2_warms_planet"", ""Q002"": ""consensus_estimate_human_primary_cause"", ""Q003"": ""consensus_estimate_net_zero_before_2085""}",consensus_stage_a,consensus_two_stage_interactive_adaptation_v1,G|LP0653|Consensus|stage_a|replicate_1,41f0d9fd5a54f26c1fbce7158acca74e376414689ae03e9876705102adcce98c,675efa1486e53a4914248132dda701b834c9e26599d8c4c4d7b41db57bfcf2b0,
G|LP0654|Consensus|stage_a|replicate_1,G-071f650289c24751a100c92fbb558660a959a9d2,G,target,LP0654,Consensus,consensus_stage_a_estimates,1,google/gemma-4-31B-it,8dbf480f55d436bb5a35b1763ae20a0ac9fbad2aa4529a3d416b8fc64fe63873,675efa1486e53a4914248132dda701b834c9e26599d8c4c4d7b41db57bfcf2b0,consensus_two_stage_interactive_adaptation_v1,prompt_compiler_v2_split_g_f,402723158,pending,Q001|Q002|Q003,"{""Q001"": ""consensus_estimate_net_zero_before_2085"", ""Q002"": ""consensus_estimate_human_primary_cause"", ""Q003"": ""consensus_estimate_co2_warms_planet""}",consensus_stage_a,consensus_two_stage_interactive_adaptation_v1,G|LP0654|Consensus|stage_a|replicate_1,8dbf480f55d436bb5a35b1763ae20a0ac9fbad2aa4529a3d416b8fc64fe63873,675efa1486e53a4914248132dda701b834c9e26599d8c4c4d7b41db57bfcf2b0,
G|LP0655|Consensus|stage_a|replicate_1,G-e738bf23c80f4b0aa4432f56420bdbb7cb4bc0e7,G,target,LP0655,Consensus,consensus_stage_a_estimates,1,google/gemma-4-31B-it,683ca103b8e61444e0751d741c16e3ed873deb597467b5cbb4b385f042508b6c,675efa1486e53a4914248132dda701b834c9e26599d8c4c4d7b41db57bfcf2b0,consensus_two_stage_interactive_adaptation_v1,prompt_compiler_v2_split_g_f,377538901,pending,Q001|Q002|Q003,"{""Q001"": ""consensus_estimate_net_zero_before_2085"", ""Q002"": ""consensus_estimate_human_primary_cause"", ""Q003"": ""consensus_estimate_co2_warms_planet""}",consensus_stage_a,consensus_two_stage_interactive_adaptation_v1,G|LP0655|Consensus|stage_a|replicate_1,683ca103b8e61444e0751d741c16e3ed873deb597467b5cbb4b385f042508b6c,675efa1486e53a4914248132dda701b834c9e26599d8c4c4d7b41db57bfcf2b0,
G|LP0656|Consensus|stage_a|replicate_1,G-96549edb5fd61af6a226a4cf4aaf457ad17f8be8,G,target,LP0656,Consensus,consensus_stage_a_estimates,1,google/gemma-4-31B-it,db1ca857a40b25616ceab93e423a4fa073a9e89f6862050852a0c4d6665bdd9d,675efa1486e53a4914248132dda701b834c9e26599d8c4c4d7b41db57bfcf2b0,consensus_two_stage_interactive_adaptation_v1,prompt_compiler_v2_split_g_f,209672367,pending,Q001|Q002|Q003,"{""Q001"": ""consensus_estimate_co2_warms_planet"", ""Q002"": ""consensus_estimate_net_zero_before_2085"", ""Q003"": ""consensus_estimate_human_primary_cause""}",consensus_stage_a,consensus_two_stage_interactive_adaptation_v1,G|LP0656|Consensus|stage_a|replicate_1,db1ca857a40b25616ceab93e423a4fa073a9e89f6862050852a0c4d6665bdd9d,675efa1486e53a4914248132dda701b834c9e26599d8c4c4d7b41db57bfcf2b0,
G|LP0657|Consensus|stage_a|replicate_1,G-9144ac2d4fc892bf5d4ba9348d098aa1d077f589,G,target,LP0657,Consensus,consensus_stage_a_estimates,1,google/gemma-4-31B-it,92eab9f08e96bbf8e16c63b81de2dadf18549b9a20ef22b0969bd52ed5ace73d,675efa1486e53a4914248132dda701b834c9e26599d8c4c4d7b41db57bfcf2b0,consensus_two_stage_interactive_adaptation_v1,prompt_compiler_v2_split_g_f,1917971227,pending,Q001|Q002|Q003,"{""Q001"": ""consensus_estimate_human_primary_cause"", ""Q002"": ""consensus_estimate_co2_warms_planet"", ""Q003"": ""consensus_estimate_net_zero_before_2085""}",consensus_stage_a,consensus_two_stage_interactive_adaptation_v1,G|LP0657|Consensus|stage_a|replicate_1,92eab9f08e96bbf8e16c63b81de2dadf18549b9a20ef22b0969bd52ed5ace73d,675efa1486e53a4914248132dda701b834c9e26599d8c4c4d7b41db57bfcf2b0,
G|LP0658|Consensus|stage_a|replicate_1,G-471225cacf1e4c3066ae9d01d350cfab05fdabac,G,target,LP0658,Consensus,consensus_stage_a_estimates,1,google/gemma-4-31B-it,2b0d16c1d4382d95f2039eb97c32db86832752d8a6dd8316b7273aced79d1426,675efa1486e53a4914248132dda701b834c9e26599d8c4c4d7b41db57bfcf2b0,consensus_two_stage_interactive_adaptation_v1,prompt_compiler_v2_split_g_f,1564645318,pending,Q001|Q002|Q003,"{""Q001"": ""consensus_estimate_human_primary_cause"", ""Q002"": ""consensus_estimate_net_zero_before_2085"", ""Q003"": ""consensus_estimate_co2_warms_planet""}",consensus_stage_a,consensus_two_stage_interactive_adaptation_v1,G|LP0658|Consensus|stage_a|replicate_1,2b0d16c1d4382d95f2039eb97c32db86832752d8a6dd8316b7273aced79d1426,675efa1486e53a4914248132dda701b834c9e26599d8c4c4d7b41db57bfcf2b0,
G|LP0659|Consensus|stage_a|replicate_1,G-68f5281bf17e707cd540b462adca18e8b167d263,G,target,LP0659,Consensus,consensus_stage_a_estimates,1,google/gemma-4-31B-it,b96cf1cebc1daa3dc755e6c9c670971fccf02a774a5db95723a41381d96eb7a1,675efa1486e53a4914248132dda701b834c9e26599d8c4c4d7b41db57bfcf2b0,consensus_two_stage_interactive_adaptation_v1,prompt_compiler_v2_split_g_f,1130938549,pending,Q001|Q002|Q003,"{""Q001"": ""consensus_estimate_net_zero_before_2085"", ""Q002"": ""consensus_estimate_co2_warms_planet"", ""Q003"": ""consensus_estimate_human_primary_cause""}",consensus_stage_a,consensus_two_stage_interactive_adaptation_v1,G|LP0659|Consensus|stage_a|replicate_1,b96cf1cebc1daa3dc755e6c9c670971fccf02a774a5db95723a41381d96eb7a1,675efa1486e53a4914248132dda701b834c9e26599d8c4c4d7b41db57bfcf2b0,
G|LP0660|Consensus|stage_a|replicate_1,G-a847999edef4f9678b6e348f1efeb01074870900,G,target,LP0660,Consensus,consensus_stage_a_estimates,1,google/gemma-4-31B-it,d460a4b2ac480a727047ccef5464e854708e001c4ce240a938da27f18b8b960e,675efa1486e53a4914248132dda701b834c9e26599d8c4c4d7b41db57bfcf2b0,consensus_two_stage_interactive_adaptation_v1,prompt_compiler_v2_split_g_f,797191335,pending,Q001|Q002|Q003,"{""Q001"": ""consensus_estimate_co2_warms_planet"", ""Q002"": ""consensus_estimate_net_zero_before_2085"", ""Q003"": ""consensus_estimate_human_primary_cause""}",consensus_stage_a,consensus_two_stage_interactive_adaptation_v1,G|LP0660|Consensus|stage_a|replicate_1,d460a4b2ac480a727047ccef5464e854708e001c4ce240a938da27f18b8b960e,675efa1486e53a4914248132dda701b834c9e26599d8c4c4d7b41db57bfcf2b0,
G|LP0661|Consensus|stage_a|replicate_1,G-c6cc45a4a1aa913737a07bfd23e5574dea97b551,G,target,LP0661,Consensus,consensus_stage_a_estimates,1,google/gemma-4-31B-it,a1b880343e664b777dcc63cbd6db2f942ef426f2ec3b7335110d39f38c5544f2,675efa1486e53a4914248132dda701b834c9e26599d8c4c4d7b41db57bfcf2b0,consensus_two_stage_interactive_adaptation_v1,prompt_compiler_v2_split_g_f,792927363,pending,Q001|Q002|Q003,"{""Q001"": ""consensus_estimate_human_primary_cause"", ""Q002"": ""consensus_estimate_net_zero_before_2085"", ""Q003"": ""consensus_estimate_co2_warms_planet""}",consensus_stage_a,consensus_two_stage_interactive_adaptation_v1,G|LP0661|Consensus|stage_a|replicate_1,a1b880343e664b777dcc63cbd6db2f942ef426f2ec3b7335110d39f38c5544f2,675efa1486e53a4914248132dda701b834c9e26599d8c4c4d7b41db57bfcf2b0,
G|LP0662|Consensus|stage_a|replicate_1,G-1ea26f9983b860fbc2919bebc58f57a2bd7f1d3a,G,target,LP0662,Consensus,consensus_stage_a_estimates,1,google/gemma-4-31B-it,2286589bb999148bac2f4c7e7fd038bbce4fc4e8f1ce92d1a27ff25e16abd3a3,675efa1486e53a4914248132dda701b834c9e26599d8c4c4d7b41db57bfcf2b0,consensus_two_stage_interactive_adaptation_v1,prompt_compiler_v2_split_g_f,1090338862,pending,Q001|Q002|Q003,"{""Q001"": ""consensus_estimate_co2_warms_planet"", ""Q002"": ""consensus_estimate_human_primary_cause"", ""Q003"": ""consensus_estimate_net_zero_before_2085""}",consensus_stage_a,consensus_two_stage_interactive_adaptation_v1,G|LP0662|Consensus|stage_a|replicate_1,2286589bb999148bac2f4c7e7fd038bbce4fc4e8f1ce92d1a27ff25e16abd3a3,675efa1486e53a4914248132dda701b834c9e26599d8c4c4d7b41db57bfcf2b0,
G|LP0663|Consensus|stage_a|replicate_1,G-69525e9d65a49454477d5cf35592d8f0de92701b,G,target,LP0663,Consensus,consensus_stage_a_estimates,1,google/gemma-4-31B-it,851df9ab00d71e6e09cadb8cbc9781bd984acbc70f59533f33c4635641933571,675efa1486e53a4914248132dda701b834c9e26599d8c4c4d7b41db57bfcf2b0,consensus_two_stage_interactive_adaptation_v1,prompt_compiler_v2_split_g_f,944329104,pending,Q001|Q002|Q003,"{""Q001"": ""consensus_estimate_human_primary_cause"", ""Q002"": ""consensus_estimate_net_zero_before_2085"", ""Q003"": ""consensus_estimate_co2_warms_planet""}",consensus_stage_a,consensus_two_stage_interactive_adaptation_v1,G|LP0663|Consensus|stage_a|replicate_1,851df9ab00d71e6e09cadb8cbc9781bd984acbc70f59533f33c4635641933571,675efa1486e53a4914248132dda701b834c9e26599d8c4c4d7b41db57bfcf2b0,
G|LP0664|Consensus|stage_a|replicate_1,G-062b596be1b3ff447238e1524245ad024594390c,G,target,LP0664,Consensus,consensus_stage_a_estimates,1,google/gemma-4-31B-it,9fb35222d833fdb849994c8c817b4d592c4fbd478ee27106142f1db19b1ee497,675efa1486e53a4914248132dda701b834c9e26599d8c4c4d7b41db57bfcf2b0,consensus_two_stage_interactive_adaptation_v1,prompt_compiler_v2_split_g_f,1846194715,pending,Q001|Q002|Q003,"{""Q001"": ""consensus_estimate_human_primary_cause"", ""Q002"": ""consensus_estimate_net_zero_before_2085"", ""Q003"": ""consensus_estimate_co2_warms_planet""}",consensus_stage_a,consensus_two_stage_interactive_adaptation_v1,G|LP0664|Consensus|stage_a|replicate_1,9fb35222d833fdb849994c8c817b4d592c4fbd478ee27106142f1db19b1ee497,675efa1486e53a4914248132dda701b834c9e26599d8c4c4d7b41db57bfcf2b0,
G|LP0665|Consensus|stage_a|replicate_1,G-37e26c1e7f8936236501fba763254d2d25d0921f,G,target,LP0665,Consensus,consensus_stage_a_estimates,1,google/gemma-4-31B-it,ec52d001da384c694ca8c23b0418029185faca98860c13c7eb2c363f9c4c56ec,675efa1486e53a4914248132dda701b834c9e26599d8c4c4d7b41db57bfcf2b0,consensus_two_stage_interactive_adaptation_v1,prompt_compiler_v2_split_g_f,1867386464,pending,Q001|Q002|Q003,"{""Q001"": ""consensus_estimate_net_zero_before_2085"", ""Q002"": ""consensus_estimate_co2_warms_planet"", ""Q003"": ""consensus_estimate_human_primary_cause""}",consensus_stage_a,consensus_two_stage_interactive_adaptation_v1,G|LP0665|Consensus|stage_a|replicate_1,ec52d001da384c694ca8c23b0418029185faca98860c13c7eb2c363f9c4c56ec,675efa1486e53a4914248132dda701b834c9e26599d8c4c4d7b41db57bfcf2b0,
G|LP0666|Consensus|stage_a|replicate_1,G-04f41ca0877e62d69df48484aeb0ee253e6be326,G,target,LP0666,Consensus,consensus_stage_a_estimates,1,google/gemma-4-31B-it,0c3886fdbdc44c0ffd08b7d712b37196fd5df182af838918f267294348bc667c,675efa1486e53a4914248132dda701b834c9e26599d8c4c4d7b41db57bfcf2b0,consensus_two_stage_interactive_adaptation_v1,prompt_compiler_v2_split_g_f,291937303,pending,Q001|Q002|Q003,"{""Q001"": ""consensus_estimate_human_primary_cause"", ""Q002"": ""consensus_estimate_co2_warms_planet"", ""Q003"": ""consensus_estimate_net_zero_before_2085""}",consensus_stage_a,consensus_two_stage_interactive_adaptation_v1,G|LP0666|Consensus|stage_a|replicate_1,0c3886fdbdc44c0ffd08b7d712b37196fd5df182af838918f267294348bc667c,675efa1486e53a4914248132dda701b834c9e26599d8c4c4d7b41db57bfcf2b0,
G|LP0667|Consensus|stage_a|replicate_1,G-bb7005db59b632e065cf1428aad9b7558cdb51fa,G,target,LP0667,Consensus,consensus_stage_a_estimates,1,google/gemma-4-31B-it,523310f486dd2177a3e6bee67f67b4f1418a26ecaa1a5d09dcccd9fb496b4a18,675efa1486e53a4914248132dda701b834c9e26599d8c4c4d7b41db57bfcf2b0,consensus_two_stage_interactive_adaptation_v1,prompt_compiler_v2_split_g_f,1352023705,pending,Q001|Q002|Q003,"{""Q001"": ""consensus_estimate_human_primary_cause"", ""Q002"": ""consensus_estimate_co2_warms_planet"", ""Q003"": ""consensus_estimate_net_zero_before_2085""}",consensus_stage_a,consensus_two_stage_interactive_adaptation_v1,G|LP0667|Consensus|stage_a|replicate_1,523310f486dd2177a3e6bee67f67b4f1418a26ecaa1a5d09dcccd9fb496b4a18,675efa1486e53a4914248132dda701b834c9e26599d8c4c4d7b41db57bfcf2b0,
G|LP0668|Consensus|stage_a|replicate_1,G-00fbb1b9ab01142736c5870e3769e65a5528abf1,G,target,LP0668,Consensus,consensus_stage_a_estimates,1,google/gemma-4-31B-it,ac6ab6d9cdf6aaddf5df0939a1ac1758554bc8f6eefd4f52b067c3d00324964c,675efa1486e53a4914248132dda701b834c9e26599d8c4c4d7b41db57bfcf2b0,consensus_two_stage_interactive_adaptation_v1,prompt_compiler_v2_split_g_f,754481050,pending,Q001|Q002|Q003,"{""Q001"": ""consensus_estimate_net_zero_before_2085"", ""Q002"": ""consensus_estimate_human_primary_cause"", ""Q003"": ""consensus_estimate_co2_warms_planet""}",consensus_stage_a,consensus_two_stage_interactive_adaptation_v1,G|LP0668|Consensus|stage_a|replicate_1,ac6ab6d9cdf6aaddf5df0939a1ac1758554bc8f6eefd4f52b067c3d00324964c,675efa1486e53a4914248132dda701b834c9e26599d8c4c4d7b41db57bfcf2b0,
G|LP0669|Consensus|stage_a|replicate_1,G-99e3c6ea432cbc472419ac4c86aedbaf7cbebc05,G,target,LP0669,Consensus,consensus_stage_a_estimates,1,google/gemma-4-31B-it,1df12fab66dc60acf4ca0466cd78f656532bc80df594a04903168ccdde86643f,675efa1486e53a4914248132dda701b834c9e26599d8c4c4d7b41db57bfcf2b0,consensus_two_stage_interactive_adaptation_v1,prompt_compiler_v2_split_g_f,1995721245,pending,Q001|Q002|Q003,"{""Q001"": ""consensus_estimate_co2_warms_planet"", ""Q002"": ""consensus_estimate_net_zero_before_2085"", ""Q003"": ""consensus_estimate_human_primary_cause""}",consensus_stage_a,consensus_two_stage_interactive_adaptation_v1,G|LP0669|Consensus|stage_a|replicate_1,1df12fab66dc60acf4ca0466cd78f656532bc80df594a04903168ccdde86643f,675efa1486e53a4914248132dda701b834c9e26599d8c4c4d7b41db57bfcf2b0,
G|LP0670|Consensus|stage_a|replicate_1,G-e01f9460f6601ebd64c7ea95a8e3f9fb656a18c9,G,target,LP0670,Consensus,consensus_stage_a_estimates,1,google/gemma-4-31B-it,5afb639ab227c3426ef556ebd7c6799d13a3b281568eb8d16c46489664f417c7,675efa1486e53a4914248132dda701b834c9e26599d8c4c4d7b41db57bfcf2b0,consensus_two_stage_interactive_adaptation_v1,prompt_compiler_v2_split_g_f,916408194,pending,Q001|Q002|Q003,"{""Q001"": ""consensus_estimate_human_primary_cause"", ""Q002"": ""consensus_estimate_co2_warms_planet"", ""Q003"": ""consensus_estimate_net_zero_before_2085""}",consensus_stage_a,consensus_two_stage_interactive_adaptation_v1,G|LP0670|Consensus|stage_a|replicate_1,5afb639ab227c3426ef556ebd7c6799d13a3b281568eb8d16c46489664f417c7,675efa1486e53a4914248132dda701b834c9e26599d8c4c4d7b41db57bfcf2b0,
G|LP0671|Consensus|stage_a|replicate_1,G-c5974cfa8a8b316240f945f167798e0499693d86,G,target,LP0671,Consensus,consensus_stage_a_estimates,1,google/gemma-4-31B-it,397cef70ce647feabb8f186cd9c0319d547b890c3829f8e58fe73390a46c069f,675efa1486e53a4914248132dda701b834c9e26599d8c4c4d7b41db57bfcf2b0,consensus_two_stage_interactive_adaptation_v1,prompt_compiler_v2_split_g_f,364497754,pending,Q001|Q002|Q003,"{""Q001"": ""consensus_estimate_human_primary_cause"", ""Q002"": ""consensus_estimate_net_zero_before_2085"", ""Q003"": ""consensus_estimate_co2_warms_planet""}",consensus_stage_a,consensus_two_stage_interactive_adaptation_v1,G|LP0671|Consensus|stage_a|replicate_1,397cef70ce647feabb8f186cd9c0319d547b890c3829f8e58fe73390a46c069f,675efa1486e53a4914248132dda701b834c9e26599d8c4c4d7b41db57bfcf2b0,
G|LP0672|Consensus|stage_a|replicate_1,G-ae31bf3fabf005f0ac0059be554343825ec27f1b,G,target,LP0672,Consensus,consensus_stage_a_estimates,1,google/gemma-4-31B-it,7c48ec22d40f6420649d360f6215d09604c378b1d052864589dc73a7ca0f8a03,675efa1486e53a4914248132dda701b834c9e26599d8c4c4d7b41db57bfcf2b0,consensus_two_stage_interactive_adaptation_v1,prompt_compiler_v2_split_g_f,139691122,pending,Q001|Q002|Q003,"{""Q001"": ""consensus_estimate_net_zero_before_2085"", ""Q002"": ""consensus_estimate_human_primary_cause"", ""Q003"": ""consensus_estimate_co2_warms_planet""}",consensus_stage_a,consensus_two_stage_interactive_adaptation_v1,G|LP0672|Consensus|stage_a|replicate_1,7c48ec22d40f6420649d360f6215d09604c378b1d052864589dc73a7ca0f8a03,675efa1486e53a4914248132dda701b834c9e26599d8c4c4d7b41db57bfcf2b0,
G|LP0673|Consensus|stage_a|replicate_1,G-0ca879adbe508df19f0a7d239ee2cdb3e7ea0e6d,G,target,LP0673,Consensus,consensus_stage_a_estimates,1,google/gemma-4-31B-it,189a88d2a8158801b0d779fb05b671156624e39da6ef0cd8c90c8ef01244e24a,675efa1486e53a4914248132dda701b834c9e26599d8c4c4d7b41db57bfcf2b0,consensus_two_stage_interactive_adaptation_v1,prompt_compiler_v2_split_g_f,1470202188,pending,Q001|Q002|Q003,"{""Q001"": ""consensus_estimate_human_primary_cause"", ""Q002"": ""consensus_estimate_net_zero_before_2085"", ""Q003"": ""consensus_estimate_co2_warms_planet""}",consensus_stage_a,consensus_two_stage_interactive_adaptation_v1,G|LP0673|Consensus|stage_a|replicate_1,189a88d2a8158801b0d779fb05b671156624e39da6ef0cd8c90c8ef01244e24a,675efa1486e53a4914248132dda701b834c9e26599d8c4c4d7b41db57bfcf2b0,
G|LP0674|Consensus|stage_a|replicate_1,G-674de145f5b3b7ae2bf66ee0ddcae29ef385f9f7,G,target,LP0674,Consensus,consensus_stage_a_estimates,1,google/gemma-4-31B-it,570c78f4fe8d268084102e2cf48b1445d71454c69bce8b6c9fd9cfd38ce08dee,675efa1486e53a4914248132dda701b834c9e26599d8c4c4d7b41db57bfcf2b0,consensus_two_stage_interactive_adaptation_v1,prompt_compiler_v2_split_g_f,1146059323,pending,Q001|Q002|Q003,"{""Q001"": ""consensus_estimate_human_primary_cause"", ""Q002"": ""consensus_estimate_co2_warms_planet"", ""Q003"": ""consensus_estimate_net_zero_before_2085""}",consensus_stage_a,consensus_two_stage_interactive_adaptation_v1,G|LP0674|Consensus|stage_a|replicate_1,570c78f4fe8d268084102e2cf48b1445d71454c69bce8b6c9fd9cfd38ce08dee,675efa1486e53a4914248132dda701b834c9e26599d8c4c4d7b41db57bfcf2b0,
G|LP0675|Consensus|stage_a|replicate_1,G-aaf338c398bbfe24cf12576d40b732532239c00c,G,target,LP0675,Consensus,consensus_stage_a_estimates,1,google/gemma-4-31B-it,79237b577e968c53da45120fad49fe7e9606159dce0767413856e2e2c2151f99,675efa1486e53a4914248132dda701b834c9e26599d8c4c4d7b41db57bfcf2b0,consensus_two_stage_interactive_adaptation_v1,prompt_compiler_v2_split_g_f,1856139181,pending,Q001|Q002|Q003,"{""Q001"": ""consensus_estimate_human_primary_cause"", ""Q002"": ""consensus_estimate_co2_warms_planet"", ""Q003"": ""consensus_estimate_net_zero_before_2085""}",consensus_stage_a,consensus_two_stage_interactive_adaptation_v1,G|LP0675|Consensus|stage_a|replicate_1,79237b577e968c53da45120fad49fe7e9606159dce0767413856e2e2c2151f99,675efa1486e53a4914248132dda701b834c9e26599d8c4c4d7b41db57bfcf2b0,
G|LP0676|Consensus|stage_a|replicate_1,G-564f609c521a1c52aa8a7ed192270410af5d5a56,G,target,LP0676,Consensus,consensus_stage_a_estimates,1,google/gemma-4-31B-it,807ecfeab71bb3a674fe823485b6c0bdbfabd21dfd4a7a645bb2eea6e0eb8e58,675efa1486e53a4914248132dda701b834c9e26599d8c4c4d7b41db57bfcf2b0,consensus_two_stage_interactive_adaptation_v1,prompt_compiler_v2_split_g_f,2126044555,pending,Q001|Q002|Q003,"{""Q001"": ""consensus_estimate_human_primary_cause"", ""Q002"": ""consensus_estimate_net_zero_before_2085"", ""Q003"": ""consensus_estimate_co2_warms_planet""}",consensus_stage_a,consensus_two_stage_interactive_adaptation_v1,G|LP0676|Consensus|stage_a|replicate_1,807ecfeab71bb3a674fe823485b6c0bdbfabd21dfd4a7a645bb2eea6e0eb8e58,675efa1486e53a4914248132dda701b834c9e26599d8c4c4d7b41db57bfcf2b0,
G|LP0677|Consensus|stage_a|replicate_1,G-e6a54b71cb7097322f953a7ceb539d66fd0c6713,G,target,LP0677,Consensus,consensus_stage_a_estimates,1,google/gemma-4-31B-it,6be9e686b2a3d1a76ac71290f214d591281b70cf92bd828838479383c105ad2c,675efa1486e53a4914248132dda701b834c9e26599d8c4c4d7b41db57bfcf2b0,consensus_two_stage_interactive_adaptation_v1,prompt_compiler_v2_split_g_f,414920217,pending,Q001|Q002|Q003,"{""Q001"": ""consensus_estimate_net_zero_before_2085"", ""Q002"": ""consensus_estimate_co2_warms_planet"", ""Q003"": ""consensus_estimate_human_primary_cause""}",consensus_stage_a,consensus_two_stage_interactive_adaptation_v1,G|LP0677|Consensus|stage_a|replicate_1,6be9e686b2a3d1a76ac71290f214d591281b70cf92bd828838479383c105ad2c,675efa1486e53a4914248132dda701b834c9e26599d8c4c4d7b41db57bfcf2b0,
G|LP0678|Consensus|stage_a|replicate_1,G-dd1854c9f99953716a9da3e4dcdda9747c20fee5,G,target,LP0678,Consensus,consensus_stage_a_estimates,1,google/gemma-4-31B-it,511b1622a1b8de80b1335daf56102d6dea1c661b3fc8e9bb1adf220a49511caa,675efa1486e53a4914248132dda701b834c9e26599d8c4c4d7b41db57bfcf2b0,consensus_two_stage_interactive_adaptation_v1,prompt_compiler_v2_split_g_f,868875528,pending,Q001|Q002|Q003,"{""Q001"": ""consensus_estimate_net_zero_before_2085"", ""Q002"": ""consensus_estimate_human_primary_cause"", ""Q003"": ""consensus_estimate_co2_warms_planet""}",consensus_stage_a,consensus_two_stage_interactive_adaptation_v1,G|LP0678|Consensus|stage_a|replicate_1,511b1622a1b8de80b1335daf56102d6dea1c661b3fc8e9bb1adf220a49511caa,675efa1486e53a4914248132dda701b834c9e26599d8c4c4d7b41db57bfcf2b0,
G|LP0679|Consensus|stage_a|replicate_1,G-d5c3108374a9d20369e053b8b9915ee21540c575,G,target,LP0679,Consensus,consensus_stage_a_estimates,1,google/gemma-4-31B-it,ee1df901c19311d1c78745160805ddf2c857dedf8077414ec14578b6df0b6bcd,675efa1486e53a4914248132dda701b834c9e26599d8c4c4d7b41db57bfcf2b0,consensus_two_stage_interactive_adaptation_v1,prompt_compiler_v2_split_g_f,540013325,pending,Q001|Q002|Q003,"{""Q001"": ""consensus_estimate_co2_warms_planet"", ""Q002"": ""consensus_estimate_human_primary_cause"", ""Q003"": ""consensus_estimate_net_zero_before_2085""}",consensus_stage_a,consensus_two_stage_interactive_adaptation_v1,G|LP0679|Consensus|stage_a|replicate_1,ee1df901c19311d1c78745160805ddf2c857dedf8077414ec14578b6df0b6bcd,675efa1486e53a4914248132dda701b834c9e26599d8c4c4d7b41db57bfcf2b0,
G|LP0680|Consensus|stage_a|replicate_1,G-16c9a669fe21a89e7d5511aed61fa88f89e7e89d,G,target,LP0680,Consensus,consensus_stage_a_estimates,1,google/gemma-4-31B-it,7dfb09f94b2bcbe5712ff8fe935b6753ef935e6d587db75aff9b1b9cce1854e8,675efa1486e53a4914248132dda701b834c9e26599d8c4c4d7b41db57bfcf2b0,consensus_two_stage_interactive_adaptation_v1,prompt_compiler_v2_split_g_f,733279602,pending,Q001|Q002|Q003,"{""Q001"": ""consensus_estimate_human_primary_cause"", ""Q002"": ""consensus_estimate_co2_warms_planet"", ""Q003"": ""consensus_estimate_net_zero_before_2085""}",consensus_stage_a,consensus_two_stage_interactive_adaptation_v1,G|LP0680|Consensus|stage_a|replicate_1,7dfb09f94b2bcbe5712ff8fe935b6753ef935e6d587db75aff9b1b9cce1854e8,675efa1486e53a4914248132dda701b834c9e26599d8c4c4d7b41db57bfcf2b0,
G|LP0681|Consensus|stage_a|replicate_1,G-3633b9036bc339f4114f64b630b3c5d1102c8ce0,G,target,LP0681,Consensus,consensus_stage_a_estimates,1,google/gemma-4-31B-it,0a8c0923cc9b828b8a1c11b3dbc444e921ae08370aabe335811397a8e5a4998d,675efa1486e53a4914248132dda701b834c9e26599d8c4c4d7b41db57bfcf2b0,consensus_two_stage_interactive_adaptation_v1,prompt_compiler_v2_split_g_f,1479191547,pending,Q001|Q002|Q003,"{""Q001"": ""consensus_estimate_human_primary_cause"", ""Q002"": ""consensus_estimate_co2_warms_planet"", ""Q003"": ""consensus_estimate_net_zero_before_2085""}",consensus_stage_a,consensus_two_stage_interactive_adaptation_v1,G|LP0681|Consensus|stage_a|replicate_1,0a8c0923cc9b828b8a1c11b3dbc444e921ae08370aabe335811397a8e5a4998d,675efa1486e53a4914248132dda701b834c9e26599d8c4c4d7b41db57bfcf2b0,
G|LP0682|Consensus|stage_a|replicate_1,G-a267eb270eeca8decb18608521a5668ddc6021a6,G,target,LP0682,Consensus,consensus_stage_a_estimates,1,google/gemma-4-31B-it,4b365e7ed4d517255adb828199ab596cf3a702a8370a47300dbdfd2ccaa5ba40,675efa1486e53a4914248132dda701b834c9e26599d8c4c4d7b41db57bfcf2b0,consensus_two_stage_interactive_adaptation_v1,prompt_compiler_v2_split_g_f,1404862254,pending,Q001|Q002|Q003,"{""Q001"": ""consensus_estimate_net_zero_before_2085"", ""Q002"": ""consensus_estimate_human_primary_cause"", ""Q003"": ""consensus_estimate_co2_warms_planet""}",consensus_stage_a,consensus_two_stage_interactive_adaptation_v1,G|LP0682|Consensus|stage_a|replicate_1,4b365e7ed4d517255adb828199ab596cf3a702a8370a47300dbdfd2ccaa5ba40,675efa1486e53a4914248132dda701b834c9e26599d8c4c4d7b41db57bfcf2b0,
G|LP0683|Consensus|stage_a|replicate_1,G-7b222da41163e1083fc141fb602b7f82f50a25ce,G,target,LP0683,Consensus,consensus_stage_a_estimates,1,google/gemma-4-31B-it,1d39f2bef7b6604fa157d231ef0020fc1ba068328113c2a7c05e61afe215d5e1,675efa1486e53a4914248132dda701b834c9e26599d8c4c4d7b41db57bfcf2b0,consensus_two_stage_interactive_adaptation_v1,prompt_compiler_v2_split_g_f,128466002,pending,Q001|Q002|Q003,"{""Q001"": ""consensus_estimate_co2_warms_planet"", ""Q002"": ""consensus_estimate_net_zero_before_2085"", ""Q003"": ""consensus_estimate_human_primary_cause""}",consensus_stage_a,consensus_two_stage_interactive_adaptation_v1,G|LP0683|Consensus|stage_a|replicate_1,1d39f2bef7b6604fa157d231ef0020fc1ba068328113c2a7c05e61afe215d5e1,675efa1486e53a4914248132dda701b834c9e26599d8c4c4d7b41db57bfcf2b0,
G|LP0684|Consensus|stage_a|replicate_1,G-034dbcc16ac122b0358699bd4202866dbfd5dec8,G,target,LP0684,Consensus,consensus_stage_a_estimates,1,google/gemma-4-31B-it,0fe43b63a6596d93219148b37f939650567f4dae997d4a3301abdabaf6f4f129,675efa1486e53a4914248132dda701b834c9e26599d8c4c4d7b41db57bfcf2b0,consensus_two_stage_interactive_adaptation_v1,prompt_compiler_v2_split_g_f,1901894706,pending,Q001|Q002|Q003,"{""Q001"": ""consensus_estimate_co2_warms_planet"", ""Q002"": ""consensus_estimate_human_primary_cause"", ""Q003"": ""consensus_estimate_net_zero_before_2085""}",consensus_stage_a,consensus_two_stage_interactive_adaptation_v1,G|LP0684|Consensus|stage_a|replicate_1,0fe43b63a6596d93219148b37f939650567f4dae997d4a3301abdabaf6f4f129,675efa1486e53a4914248132dda701b834c9e26599d8c4c4d7b41db57bfcf2b0,
G|LP0685|Consensus|stage_a|replicate_1,G-b93e7d5cacf477c37db9198134127317316ee016,G,target,LP0685,Consensus,consensus_stage_a_estimates,1,google/gemma-4-31B-it,1f95bcf34f86394e31dc9ac5a7b1c8750761cf925aa3a3e6e2edccdaf766d2cc,675efa1486e53a4914248132dda701b834c9e26599d8c4c4d7b41db57bfcf2b0,consensus_two_stage_interactive_adaptation_v1,prompt_compiler_v2_split_g_f,527528575,pending,Q001|Q002|Q003,"{""Q001"": ""consensus_estimate_co2_warms_planet"", ""Q002"": ""consensus_estimate_net_zero_before_2085"", ""Q003"": ""consensus_estimate_human_primary_cause""}",consensus_stage_a,consensus_two_stage_interactive_adaptation_v1,G|LP0685|Consensus|stage_a|replicate_1,1f95bcf34f86394e31dc9ac5a7b1c8750761cf925aa3a3e6e2edccdaf766d2cc,675efa1486e53a4914248132dda701b834c9e26599d8c4c4d7b41db57bfcf2b0,
G|LP0686|Consensus|stage_a|replicate_1,G-09d71825c4108a5b21668531196a3a8ed21799e5,G,target,LP0686,Consensus,consensus_stage_a_estimates,1,google/gemma-4-31B-it,fdc49265a33f95a971e4fc27ff65a03ea1b1180b093f67fe5eba5f8c736d889d,675efa1486e53a4914248132dda701b834c9e26599d8c4c4d7b41db57bfcf2b0,consensus_two_stage_interactive_adaptation_v1,prompt_compiler_v2_split_g_f,1472117414,pending,Q001|Q002|Q003,"{""Q001"": ""consensus_estimate_co2_warms_planet"", ""Q002"": ""consensus_estimate_net_zero_before_2085"", ""Q003"": ""consensus_estimate_human_primary_cause""}",consensus_stage_a,consensus_two_stage_interactive_adaptation_v1,G|LP0686|Consensus|stage_a|replicate_1,fdc49265a33f95a971e4fc27ff65a03ea1b1180b093f67fe5eba5f8c736d889d,675efa1486e53a4914248132dda701b834c9e26599d8c4c4d7b41db57bfcf2b0,
G|LP0687|Consensus|stage_a|replicate_1,G-3bfd50c58dbaa6fea84048064f161acb0a02247b,G,target,LP0687,Consensus,consensus_stage_a_estimates,1,google/gemma-4-31B-it,4e4f17491fe774a6bb8dc534811bbb4ebf0390c779522ab6a363c8dd3ff6e219,675efa1486e53a4914248132dda701b834c9e26599d8c4c4d7b41db57bfcf2b0,consensus_two_stage_interactive_adaptation_v1,prompt_compiler_v2_split_g_f,95766666,pending,Q001|Q002|Q003,"{""Q001"": ""consensus_estimate_co2_warms_planet"", ""Q002"": ""consensus_estimate_human_primary_cause"", ""Q003"": ""consensus_estimate_net_zero_before_2085""}",consensus_stage_a,consensus_two_stage_interactive_adaptation_v1,G|LP0687|Consensus|stage_a|replicate_1,4e4f17491fe774a6bb8dc534811bbb4ebf0390c779522ab6a363c8dd3ff6e219,675efa1486e53a4914248132dda701b834c9e26599d8c4c4d7b41db57bfcf2b0,
G|LP0688|Consensus|stage_a|replicate_1,G-64cbdffd0a9953202b0c8290a4113686be607b32,G,target,LP0688,Consensus,consensus_stage_a_estimates,1,google/gemma-4-31B-it,75328e1e6f33837b6c51f8601cda7c60f6a31e3d1091460249ff1ae003ec7cc3,675efa1486e53a4914248132dda701b834c9e26599d8c4c4d7b41db57bfcf2b0,consensus_two_stage_interactive_adaptation_v1,prompt_compiler_v2_split_g_f,1412502299,pending,Q001|Q002|Q003,"{""Q001"": ""consensus_estimate_co2_warms_planet"", ""Q002"": ""consensus_estimate_human_primary_cause"", ""Q003"": ""consensus_estimate_net_zero_before_2085""}",consensus_stage_a,consensus_two_stage_interactive_adaptation_v1,G|LP0688|Consensus|stage_a|replicate_1,75328e1e6f33837b6c51f8601cda7c60f6a31e3d1091460249ff1ae003ec7cc3,675efa1486e53a4914248132dda701b834c9e26599d8c4c4d7b41db57bfcf2b0,
G|LP0689|Consensus|stage_a|replicate_1,G-c6aa8aa83f36f8390f439c2334a90544bcd2946e,G,target,LP0689,Consensus,consensus_stage_a_estimates,1,google/gemma-4-31B-it,2f519c0c2d0006b450f6822fc8c98dd8b81e87dd4863467052c722739b07da0e,675efa1486e53a4914248132dda701b834c9e26599d8c4c4d7b41db57bfcf2b0,consensus_two_stage_interactive_adaptation_v1,prompt_compiler_v2_split_g_f,1284246924,pending,Q001|Q002|Q003,"{""Q001"": ""consensus_estimate_co2_warms_planet"", ""Q002"": ""consensus_estimate_human_primary_cause"", ""Q003"": ""consensus_estimate_net_zero_before_2085""}",consensus_stage_a,consensus_two_stage_interactive_adaptation_v1,G|LP0689|Consensus|stage_a|replicate_1,2f519c0c2d0006b450f6822fc8c98dd8b81e87dd4863467052c722739b07da0e,675efa1486e53a4914248132dda701b834c9e26599d8c4c4d7b41db57bfcf2b0,
G|LP0690|Consensus|stage_a|replicate_1,G-1d59c73d1d2fb4347089c348d2d2c446f5fd9385,G,target,LP0690,Consensus,consensus_stage_a_estimates,1,google/gemma-4-31B-it,21562d690249d88eb989f46091b640bd9d2a531bfc28f2b045e4a5f7424e435e,675efa1486e53a4914248132dda701b834c9e26599d8c4c4d7b41db57bfcf2b0,consensus_two_stage_interactive_adaptation_v1,prompt_compiler_v2_split_g_f,1474511534,pending,Q001|Q002|Q003,"{""Q001"": ""consensus_estimate_human_primary_cause"", ""Q002"": ""consensus_estimate_net_zero_before_2085"", ""Q003"": ""consensus_estimate_co2_warms_planet""}",consensus_stage_a,consensus_two_stage_interactive_adaptation_v1,G|LP0690|Consensus|stage_a|replicate_1,21562d690249d88eb989f46091b640bd9d2a531bfc28f2b045e4a5f7424e435e,675efa1486e53a4914248132dda701b834c9e26599d8c4c4d7b41db57bfcf2b0,
G|LP0691|Consensus|stage_a|replicate_1,G-f4f4f4c12777b4957a0dde7348baca51ff90402e,G,target,LP0691,Consensus,consensus_stage_a_estimates,1,google/gemma-4-31B-it,2ab5c69cd2f9b5d7fc3802138adb7752887a8560a97daba7bbc2f68c8eb5e2e9,675efa1486e53a4914248132dda701b834c9e26599d8c4c4d7b41db57bfcf2b0,consensus_two_stage_interactive_adaptation_v1,prompt_compiler_v2_split_g_f,291610139,pending,Q001|Q002|Q003,"{""Q001"": ""consensus_estimate_co2_warms_planet"", ""Q002"": ""consensus_estimate_net_zero_before_2085"", ""Q003"": ""consensus_estimate_human_primary_cause""}",consensus_stage_a,consensus_two_stage_interactive_adaptation_v1,G|LP0691|Consensus|stage_a|replicate_1,2ab5c69cd2f9b5d7fc3802138adb7752887a8560a97daba7bbc2f68c8eb5e2e9,675efa1486e53a4914248132dda701b834c9e26599d8c4c4d7b41db57bfcf2b0,
G|LP0692|Consensus|stage_a|replicate_1,G-6ac34abdd9b55d52138099c9871a80dc29f5dbbd,G,target,LP0692,Consensus,consensus_stage_a_estimates,1,google/gemma-4-31B-it,f440aa6bea461a3c16ff86be031f5afd6e5d00eea9529e0a811186f2999348ab,675efa1486e53a4914248132dda701b834c9e26599d8c4c4d7b41db57bfcf2b0,consensus_two_stage_interactive_adaptation_v1,prompt_compiler_v2_split_g_f,792457935,pending,Q001|Q002|Q003,"{""Q001"": ""consensus_estimate_human_primary_cause"", ""Q002"": ""consensus_estimate_net_zero_before_2085"", ""Q003"": ""consensus_estimate_co2_warms_planet""}",consensus_stage_a,consensus_two_stage_interactive_adaptation_v1,G|LP0692|Consensus|stage_a|replicate_1,f440aa6bea461a3c16ff86be031f5afd6e5d00eea9529e0a811186f2999348ab,675efa1486e53a4914248132dda701b834c9e26599d8c4c4d7b41db57bfcf2b0,
G|LP0693|Consensus|stage_a|replicate_1,G-4afabe1ca3b5b467a9c1f102039c8813ad34ed2a,G,target,LP0693,Consensus,consensus_stage_a_estimates,1,google/gemma-4-31B-it,6ca9f28980fea872210e51932df0525f8c0169491412b936d6b4dbc20cb1a80c,675efa1486e53a4914248132dda701b834c9e26599d8c4c4d7b41db57bfcf2b0,consensus_two_stage_interactive_adaptation_v1,prompt_compiler_v2_split_g_f,967520417,pending,Q001|Q002|Q003,"{""Q001"": ""consensus_estimate_human_primary_cause"", ""Q002"": ""consensus_estimate_net_zero_before_2085"", ""Q003"": ""consensus_estimate_co2_warms_planet""}",consensus_stage_a,consensus_two_stage_interactive_adaptation_v1,G|LP0693|Consensus|stage_a|replicate_1,6ca9f28980fea872210e51932df0525f8c0169491412b936d6b4dbc20cb1a80c,675efa1486e53a4914248132dda701b834c9e26599d8c4c4d7b41db57bfcf2b0,
G|LP0694|Consensus|stage_a|replicate_1,G-c1d7eaab2662b59e18344c00fd34dc121398deb0,G,target,LP0694,Consensus,consensus_stage_a_estimates,1,google/gemma-4-31B-it,d6ad0e63123f984116e81106d40ad963b014af98d4562b87cba60a355737fbc6,675efa1486e53a4914248132dda701b834c9e26599d8c4c4d7b41db57bfcf2b0,consensus_two_stage_interactive_adaptation_v1,prompt_compiler_v2_split_g_f,705858295,pending,Q001|Q002|Q003,"{""Q001"": ""consensus_estimate_co2_warms_planet"", ""Q002"": ""consensus_estimate_net_zero_before_2085"", ""Q003"": ""consensus_estimate_human_primary_cause""}",consensus_stage_a,consensus_two_stage_interactive_adaptation_v1,G|LP0694|Consensus|stage_a|replicate_1,d6ad0e63123f984116e81106d40ad963b014af98d4562b87cba60a355737fbc6,675efa1486e53a4914248132dda701b834c9e26599d8c4c4d7b41db57bfcf2b0,
G|LP0695|Consensus|stage_a|replicate_1,G-079c3f273200b875c996bee6a7c11eca96f978ca,G,target,LP0695,Consensus,consensus_stage_a_estimates,1,google/gemma-4-31B-it,a48100025fed5aa8278a661204736f489e8bbbcbe89a1dd4f21d23e852eb1a75,675efa1486e53a4914248132dda701b834c9e26599d8c4c4d7b41db57bfcf2b0,consensus_two_stage_interactive_adaptation_v1,prompt_compiler_v2_split_g_f,1094268611,pending,Q001|Q002|Q003,"{""Q001"": ""consensus_estimate_human_primary_cause"", ""Q002"": ""consensus_estimate_net_zero_before_2085"", ""Q003"": ""consensus_estimate_co2_warms_planet""}",consensus_stage_a,consensus_two_stage_interactive_adaptation_v1,G|LP0695|Consensus|stage_a|replicate_1,a48100025fed5aa8278a661204736f489e8bbbcbe89a1dd4f21d23e852eb1a75,675efa1486e53a4914248132dda701b834c9e26599d8c4c4d7b41db57bfcf2b0,
G|LP0696|Consensus|stage_a|replicate_1,G-1e085efceb0f294e901ad64e9ceef55436e300bf,G,target,LP0696,Consensus,consensus_stage_a_estimates,1,google/gemma-4-31B-it,b848939bf42271c3dc7fd5319f8b81c7bc474c6049f0aed7fe433c86fedaa97c,675efa1486e53a4914248132dda701b834c9e26599d8c4c4d7b41db57bfcf2b0,consensus_two_stage_interactive_adaptation_v1,prompt_compiler_v2_split_g_f,656402248,pending,Q001|Q002|Q003,"{""Q001"": ""consensus_estimate_co2_warms_planet"", ""Q002"": ""consensus_estimate_human_primary_cause"", ""Q003"": ""consensus_estimate_net_zero_before_2085""}",consensus_stage_a,consensus_two_stage_interactive_adaptation_v1,G|LP0696|Consensus|stage_a|replicate_1,b848939bf42271c3dc7fd5319f8b81c7bc474c6049f0aed7fe433c86fedaa97c,675efa1486e53a4914248132dda701b834c9e26599d8c4c4d7b41db57bfcf2b0,
G|LP0697|Consensus|stage_a|replicate_1,G-9776607358c59dfbe63a1f70bbba9d7c16789418,G,target,LP0697,Consensus,consensus_stage_a_estimates,1,google/gemma-4-31B-it,f85051a65231d580beeac5bd5c0c3e81d3e8bf3478fe910b24886089e0ecb0d3,675efa1486e53a4914248132dda701b834c9e26599d8c4c4d7b41db57bfcf2b0,consensus_two_stage_interactive_adaptation_v1,prompt_compiler_v2_split_g_f,129130212,pending,Q001|Q002|Q003,"{""Q001"": ""consensus_estimate_co2_warms_planet"", ""Q002"": ""consensus_estimate_net_zero_before_2085"", ""Q003"": ""consensus_estimate_human_primary_cause""}",consensus_stage_a,consensus_two_stage_interactive_adaptation_v1,G|LP0697|Consensus|stage_a|replicate_1,f85051a65231d580beeac5bd5c0c3e81d3e8bf3478fe910b24886089e0ecb0d3,675efa1486e53a4914248132dda701b834c9e26599d8c4c4d7b41db57bfcf2b0,
G|LP0698|Consensus|stage_a|replicate_1,G-25de94cec7ed31309456d5c395dcd011aa95c8b2,G,target,LP0698,Consensus,consensus_stage_a_estimates,1,google/gemma-4-31B-it,80a446d8bb21466e8787fd0aa57b54f71d659a47c28623f1c48d8630278a0723,675efa1486e53a4914248132dda701b834c9e26599d8c4c4d7b41db57bfcf2b0,consensus_two_stage_interactive_adaptation_v1,prompt_compiler_v2_split_g_f,329931470,pending,Q001|Q002|Q003,"{""Q001"": ""consensus_estimate_co2_warms_planet"", ""Q002"": ""consensus_estimate_human_primary_cause"", ""Q003"": ""consensus_estimate_net_zero_before_2085""}",consensus_stage_a,consensus_two_stage_interactive_adaptation_v1,G|LP0698|Consensus|stage_a|replicate_1,80a446d8bb21466e8787fd0aa57b54f71d659a47c28623f1c48d8630278a0723,675efa1486e53a4914248132dda701b834c9e26599d8c4c4d7b41db57bfcf2b0,
G|LP0699|Consensus|stage_a|replicate_1,G-239449045709852799e400f37116e2ec59e9a8b7,G,target,LP0699,Consensus,consensus_stage_a_estimates,1,google/gemma-4-31B-it,486e9dd00934fd4204865236c606e79c747a1d7cd0dc6bf6c58d4020227a2397,675efa1486e53a4914248132dda701b834c9e26599d8c4c4d7b41db57bfcf2b0,consensus_two_stage_interactive_adaptation_v1,prompt_compiler_v2_split_g_f,506599216,pending,Q001|Q002|Q003,"{""Q001"": ""consensus_estimate_co2_warms_planet"", ""Q002"": ""consensus_estimate_human_primary_cause"", ""Q003"": ""consensus_estimate_net_zero_before_2085""}",consensus_stage_a,consensus_two_stage_interactive_adaptation_v1,G|LP0699|Consensus|stage_a|replicate_1,486e9dd00934fd4204865236c606e79c747a1d7cd0dc6bf6c58d4020227a2397,675efa1486e53a4914248132dda701b834c9e26599d8c4c4d7b41db57bfcf2b0,
G|LP0700|Consensus|stage_a|replicate_1,G-19e00213a4af552ae9ebf4cc44679d8504399a94,G,target,LP0700,Consensus,consensus_stage_a_estimates,1,google/gemma-4-31B-it,e3b85a680bb3bc39653d2d42190e03d7c8b8b27a600f269db31b85d5411880e9,675efa1486e53a4914248132dda701b834c9e26599d8c4c4d7b41db57bfcf2b0,consensus_two_stage_interactive_adaptation_v1,prompt_compiler_v2_split_g_f,1483692369,pending,Q001|Q002|Q003,"{""Q001"": ""consensus_estimate_human_primary_cause"", ""Q002"": ""consensus_estimate_net_zero_before_2085"", ""Q003"": ""consensus_estimate_co2_warms_planet""}",consensus_stage_a,consensus_two_stage_interactive_adaptation_v1,G|LP0700|Consensus|stage_a|replicate_1,e3b85a680bb3bc39653d2d42190e03d7c8b8b27a600f269db31b85d5411880e9,675efa1486e53a4914248132dda701b834c9e26599d8c4c4d7b41db57bfcf2b0,
G|LP0701|Consensus|stage_a|replicate_1,G-0bde9b6fea55836170b5bae2a6e09ab28fe5620e,G,target,LP0701,Consensus,consensus_stage_a_estimates,1,google/gemma-4-31B-it,aa24ec2bc4038635f780548312782289385401f4fec370f0fb172f1ac51c7bfc,675efa1486e53a4914248132dda701b834c9e26599d8c4c4d7b41db57bfcf2b0,consensus_two_stage_interactive_adaptation_v1,prompt_compiler_v2_split_g_f,34781761,pending,Q001|Q002|Q003,"{""Q001"": ""consensus_estimate_human_primary_cause"", ""Q002"": ""consensus_estimate_net_zero_before_2085"", ""Q003"": ""consensus_estimate_co2_warms_planet""}",consensus_stage_a,consensus_two_stage_interactive_adaptation_v1,G|LP0701|Consensus|stage_a|replicate_1,aa24ec2bc4038635f780548312782289385401f4fec370f0fb172f1ac51c7bfc,675efa1486e53a4914248132dda701b834c9e26599d8c4c4d7b41db57bfcf2b0,
G|LP0702|Consensus|stage_a|replicate_1,G-591c75a17d2bce17702b3d1383ceed65adff7efe,G,target,LP0702,Consensus,consensus_stage_a_estimates,1,google/gemma-4-31B-it,7eaa07b534679d740e18ec1e3c66271ed7778c06c0d251fd66a79b51256ac923,675efa1486e53a4914248132dda701b834c9e26599d8c4c4d7b41db57bfcf2b0,consensus_two_stage_interactive_adaptation_v1,prompt_compiler_v2_split_g_f,795130203,pending,Q001|Q002|Q003,"{""Q001"": ""consensus_estimate_net_zero_before_2085"", ""Q002"": ""consensus_estimate_human_primary_cause"", ""Q003"": ""consensus_estimate_co2_warms_planet""}",consensus_stage_a,consensus_two_stage_interactive_adaptation_v1,G|LP0702|Consensus|stage_a|replicate_1,7eaa07b534679d740e18ec1e3c66271ed7778c06c0d251fd66a79b51256ac923,675efa1486e53a4914248132dda701b834c9e26599d8c4c4d7b41db57bfcf2b0,
G|LP0703|Consensus|stage_a|replicate_1,G-55ee4194babd87fc9dcd7c541bcb0aa115784527,G,target,LP0703,Consensus,consensus_stage_a_estimates,1,google/gemma-4-31B-it,1aae8acbe651a113085a59eb368b6224fc0c6b3d3d2c4b7bd2bcc63d477e0dc4,675efa1486e53a4914248132dda701b834c9e26599d8c4c4d7b41db57bfcf2b0,consensus_two_stage_interactive_adaptation_v1,prompt_compiler_v2_split_g_f,1721371430,pending,Q001|Q002|Q003,"{""Q001"": ""consensus_estimate_net_zero_before_2085"", ""Q002"": ""consensus_estimate_human_primary_cause"", ""Q003"": ""consensus_estimate_co2_warms_planet""}",consensus_stage_a,consensus_two_stage_interactive_adaptation_v1,G|LP0703|Consensus|stage_a|replicate_1,1aae8acbe651a113085a59eb368b6224fc0c6b3d3d2c4b7bd2bcc63d477e0dc4,675efa1486e53a4914248132dda701b834c9e26599d8c4c4d7b41db57bfcf2b0,
G|LP0704|Consensus|stage_a|replicate_1,G-249d56092b4c5ec8040f0509919e86a58bf1c4eb,G,target,LP0704,Consensus,consensus_stage_a_estimates,1,google/gemma-4-31B-it,0332f29b67bcda9bd3bdfbe4621dfce1bd9ea7a1c8771da31751012efc449e83,675efa1486e53a4914248132dda701b834c9e26599d8c4c4d7b41db57bfcf2b0,consensus_two_stage_interactive_adaptation_v1,prompt_compiler_v2_split_g_f,1955007194,pending,Q001|Q002|Q003,"{""Q001"": ""consensus_estimate_net_zero_before_2085"", ""Q002"": ""consensus_estimate_human_primary_cause"", ""Q003"": ""consensus_estimate_co2_warms_planet""}",consensus_stage_a,consensus_two_stage_interactive_adaptation_v1,G|LP0704|Consensus|stage_a|replicate_1,0332f29b67bcda9bd3bdfbe4621dfce1bd9ea7a1c8771da31751012efc449e83,675efa1486e53a4914248132dda701b834c9e26599d8c4c4d7b41db57bfcf2b0,
G|LP0705|Consensus|stage_a|replicate_1,G-83509c0f801ba12d86a06c81b8f817999b1b47e5,G,target,LP0705,Consensus,consensus_stage_a_estimates,1,google/gemma-4-31B-it,b75ba7d3772d4018066706ea5d93e37442d74bacced8fd3c4a39cdadab69db22,675efa1486e53a4914248132dda701b834c9e26599d8c4c4d7b41db57bfcf2b0,consensus_two_stage_interactive_adaptation_v1,prompt_compiler_v2_split_g_f,113039694,pending,Q001|Q002|Q003,"{""Q001"": ""consensus_estimate_co2_warms_planet"", ""Q002"": ""consensus_estimate_human_primary_cause"", ""Q003"": ""consensus_estimate_net_zero_before_2085""}",consensus_stage_a,consensus_two_stage_interactive_adaptation_v1,G|LP0705|Consensus|stage_a|replicate_1,b75ba7d3772d4018066706ea5d93e37442d74bacced8fd3c4a39cdadab69db22,675efa1486e53a4914248132dda701b834c9e26599d8c4c4d7b41db57bfcf2b0,
G|LP0706|Consensus|stage_a|replicate_1,G-ba6e199f7ffdbdc94bb0eb017f0f9cb0340c11e4,G,target,LP0706,Consensus,consensus_stage_a_estimates,1,google/gemma-4-31B-it,9d1d435c4aa1049c40840eba9feaf264cb74b1d3c52527a2cc06a73cf0c0e921,675efa1486e53a4914248132dda701b834c9e26599d8c4c4d7b41db57bfcf2b0,consensus_two_stage_interactive_adaptation_v1,prompt_compiler_v2_split_g_f,1960440074,pending,Q001|Q002|Q003,"{""Q001"": ""consensus_estimate_net_zero_before_2085"", ""Q002"": ""consensus_estimate_human_primary_cause"", ""Q003"": ""consensus_estimate_co2_warms_planet""}",consensus_stage_a,consensus_two_stage_interactive_adaptation_v1,G|LP0706|Consensus|stage_a|replicate_1,9d1d435c4aa1049c40840eba9feaf264cb74b1d3c52527a2cc06a73cf0c0e921,675efa1486e53a4914248132dda701b834c9e26599d8c4c4d7b41db57bfcf2b0,
G|LP0707|Consensus|stage_a|replicate_1,G-6e1bc178cdaf2c6e67d3b718afc6a7e44ea19061,G,target,LP0707,Consensus,consensus_stage_a_estimates,1,google/gemma-4-31B-it,8c60c0b1c4edece0d15c9592192b26836d966492588ea331094c16c25edbe64d,675efa1486e53a4914248132dda701b834c9e26599d8c4c4d7b41db57bfcf2b0,consensus_two_stage_interactive_adaptation_v1,prompt_compiler_v2_split_g_f,702984033,pending,Q001|Q002|Q003,"{""Q001"": ""consensus_estimate_net_zero_before_2085"", ""Q002"": ""consensus_estimate_human_primary_cause"", ""Q003"": ""consensus_estimate_co2_warms_planet""}",consensus_stage_a,consensus_two_stage_interactive_adaptation_v1,G|LP0707|Consensus|stage_a|replicate_1,8c60c0b1c4edece0d15c9592192b26836d966492588ea331094c16c25edbe64d,675efa1486e53a4914248132dda701b834c9e26599d8c4c4d7b41db57bfcf2b0,
G|LP0708|Consensus|stage_a|replicate_1,G-60b494ec93077774bf030f822e27f5b632bed480,G,target,LP0708,Consensus,consensus_stage_a_estimates,1,google/gemma-4-31B-it,049be778a100f792ce632ddf49b4b2235b7a246664391db3f4dcd7217f53f363,675efa1486e53a4914248132dda701b834c9e26599d8c4c4d7b41db57bfcf2b0,consensus_two_stage_interactive_adaptation_v1,prompt_compiler_v2_split_g_f,1416667470,pending,Q001|Q002|Q003,"{""Q001"": ""consensus_estimate_co2_warms_planet"", ""Q002"": ""consensus_estimate_net_zero_before_2085"", ""Q003"": ""consensus_estimate_human_primary_cause""}",consensus_stage_a,consensus_two_stage_interactive_adaptation_v1,G|LP0708|Consensus|stage_a|replicate_1,049be778a100f792ce632ddf49b4b2235b7a246664391db3f4dcd7217f53f363,675efa1486e53a4914248132dda701b834c9e26599d8c4c4d7b41db57bfcf2b0,
G|LP0709|Consensus|stage_a|replicate_1,G-6cce31a3a7f70928972aa1b24b947641fded032d,G,target,LP0709,Consensus,consensus_stage_a_estimates,1,google/gemma-4-31B-it,36750884259811f0e02310c88abe488a156007eaff2dc9d49694e4ac77233987,675efa1486e53a4914248132dda701b834c9e26599d8c4c4d7b41db57bfcf2b0,consensus_two_stage_interactive_adaptation_v1,prompt_compiler_v2_split_g_f,26438769,pending,Q001|Q002|Q003,"{""Q001"": ""consensus_estimate_human_primary_cause"", ""Q002"": ""consensus_estimate_co2_warms_planet"", ""Q003"": ""consensus_estimate_net_zero_before_2085""}",consensus_stage_a,consensus_two_stage_interactive_adaptation_v1,G|LP0709|Consensus|stage_a|replicate_1,36750884259811f0e02310c88abe488a156007eaff2dc9d49694e4ac77233987,675efa1486e53a4914248132dda701b834c9e26599d8c4c4d7b41db57bfcf2b0,
G|LP0710|Consensus|stage_a|replicate_1,G-181d8fa24728a7296a15e33fc02aba3775fd7c41,G,target,LP0710,Consensus,consensus_stage_a_estimates,1,google/gemma-4-31B-it,dfb8cd32b20190e6e49f6ac001a6b3477c5b1ed05e959cd592dd0fc2763e8caf,675efa1486e53a4914248132dda701b834c9e26599d8c4c4d7b41db57bfcf2b0,consensus_two_stage_interactive_adaptation_v1,prompt_compiler_v2_split_g_f,2003027565,pending,Q001|Q002|Q003,"{""Q001"": ""consensus_estimate_human_primary_cause"", ""Q002"": ""consensus_estimate_co2_warms_planet"", ""Q003"": ""consensus_estimate_net_zero_before_2085""}",consensus_stage_a,consensus_two_stage_interactive_adaptation_v1,G|LP0710|Consensus|stage_a|replicate_1,dfb8cd32b20190e6e49f6ac001a6b3477c5b1ed05e959cd592dd0fc2763e8caf,675efa1486e53a4914248132dda701b834c9e26599d8c4c4d7b41db57bfcf2b0,
G|LP0711|Consensus|stage_a|replicate_1,G-83158ce599c6e7be817336c2fac50b7761ea164a,G,target,LP0711,Consensus,consensus_stage_a_estimates,1,google/gemma-4-31B-it,d8f616aba1b8f06076d74fbe638693c9fb2420827334874b5a795e7a5f367235,675efa1486e53a4914248132dda701b834c9e26599d8c4c4d7b41db57bfcf2b0,consensus_two_stage_interactive_adaptation_v1,prompt_compiler_v2_split_g_f,535953803,pending,Q001|Q002|Q003,"{""Q001"": ""consensus_estimate_net_zero_before_2085"", ""Q002"": ""consensus_estimate_co2_warms_planet"", ""Q003"": ""consensus_estimate_human_primary_cause""}",consensus_stage_a,consensus_two_stage_interactive_adaptation_v1,G|LP0711|Consensus|stage_a|replicate_1,d8f616aba1b8f06076d74fbe638693c9fb2420827334874b5a795e7a5f367235,675efa1486e53a4914248132dda701b834c9e26599d8c4c4d7b41db57bfcf2b0,
G|LP0712|Consensus|stage_a|replicate_1,G-4add95346d8d5f4beca428801ffc282f84a86f24,G,target,LP0712,Consensus,consensus_stage_a_estimates,1,google/gemma-4-31B-it,8ecc9298556565ee085cd2d4289004085f8025faaddbe9725afb35f8fc51bbd6,675efa1486e53a4914248132dda701b834c9e26599d8c4c4d7b41db57bfcf2b0,consensus_two_stage_interactive_adaptation_v1,prompt_compiler_v2_split_g_f,55085493,pending,Q001|Q002|Q003,"{""Q001"": ""consensus_estimate_co2_warms_planet"", ""Q002"": ""consensus_estimate_human_primary_cause"", ""Q003"": ""consensus_estimate_net_zero_before_2085""}",consensus_stage_a,consensus_two_stage_interactive_adaptation_v1,G|LP0712|Consensus|stage_a|replicate_1,8ecc9298556565ee085cd2d4289004085f8025faaddbe9725afb35f8fc51bbd6,675efa1486e53a4914248132dda701b834c9e26599d8c4c4d7b41db57bfcf2b0,
G|LP0713|Consensus|stage_a|replicate_1,G-d0677145513d48df9a3988b4e9878cf2380e29d5,G,target,LP0713,Consensus,consensus_stage_a_estimates,1,google/gemma-4-31B-it,9199372e2df5225ceda1c938d5e2a38a13eea8bc0ed1c079b841496cae793145,675efa1486e53a4914248132dda701b834c9e26599d8c4c4d7b41db57bfcf2b0,consensus_two_stage_interactive_adaptation_v1,prompt_compiler_v2_split_g_f,1913400172,pending,Q001|Q002|Q003,"{""Q001"": ""consensus_estimate_net_zero_before_2085"", ""Q002"": ""consensus_estimate_human_primary_cause"", ""Q003"": ""consensus_estimate_co2_warms_planet""}",consensus_stage_a,consensus_two_stage_interactive_adaptation_v1,G|LP0713|Consensus|stage_a|replicate_1,9199372e2df5225ceda1c938d5e2a38a13eea8bc0ed1c079b841496cae793145,675efa1486e53a4914248132dda701b834c9e26599d8c4c4d7b41db57bfcf2b0,
G|LP0714|Consensus|stage_a|replicate_1,G-f3901fb7ccd4313411222119772a6d0bca892025,G,target,LP0714,Consensus,consensus_stage_a_estimates,1,google/gemma-4-31B-it,29fec68a82c91766b3659b73d3394d26647ec354ab00ecab9945a1c0c3a707ed,675efa1486e53a4914248132dda701b834c9e26599d8c4c4d7b41db57bfcf2b0,consensus_two_stage_interactive_adaptation_v1,prompt_compiler_v2_split_g_f,871657639,pending,Q001|Q002|Q003,"{""Q001"": ""consensus_estimate_co2_warms_planet"", ""Q002"": ""consensus_estimate_net_zero_before_2085"", ""Q003"": ""consensus_estimate_human_primary_cause""}",consensus_stage_a,consensus_two_stage_interactive_adaptation_v1,G|LP0714|Consensus|stage_a|replicate_1,29fec68a82c91766b3659b73d3394d26647ec354ab00ecab9945a1c0c3a707ed,675efa1486e53a4914248132dda701b834c9e26599d8c4c4d7b41db57bfcf2b0,
G|LP0715|Consensus|stage_a|replicate_1,G-5c7e75b106ffc27cafac6179142d44dedfad6055,G,target,LP0715,Consensus,consensus_stage_a_estimates,1,google/gemma-4-31B-it,74590c708a071419f7945db32a6f562bed8e4df8e0cc0b73d5bdb8c56086f92c,675efa1486e53a4914248132dda701b834c9e26599d8c4c4d7b41db57bfcf2b0,consensus_two_stage_interactive_adaptation_v1,prompt_compiler_v2_split_g_f,1073524191,pending,Q001|Q002|Q003,"{""Q001"": ""consensus_estimate_co2_warms_planet"", ""Q002"": ""consensus_estimate_net_zero_before_2085"", ""Q003"": ""consensus_estimate_human_primary_cause""}",consensus_stage_a,consensus_two_stage_interactive_adaptation_v1,G|LP0715|Consensus|stage_a|replicate_1,74590c708a071419f7945db32a6f562bed8e4df8e0cc0b73d5bdb8c56086f92c,675efa1486e53a4914248132dda701b834c9e26599d8c4c4d7b41db57bfcf2b0,
G|LP0716|Consensus|stage_a|replicate_1,G-7832dff8b163804cdc5588d1a540f0f39b2aa550,G,target,LP0716,Consensus,consensus_stage_a_estimates,1,google/gemma-4-31B-it,1f88fae568528cf7059cf63d1969af379b7c052f07734e5e43f40134e135d509,675efa1486e53a4914248132dda701b834c9e26599d8c4c4d7b41db57bfcf2b0,consensus_two_stage_interactive_adaptation_v1,prompt_compiler_v2_split_g_f,566837311,pending,Q001|Q002|Q003,"{""Q001"": ""consensus_estimate_co2_warms_planet"", ""Q002"": ""consensus_estimate_human_primary_cause"", ""Q003"": ""consensus_estimate_net_zero_before_2085""}",consensus_stage_a,consensus_two_stage_interactive_adaptation_v1,G|LP0716|Consensus|stage_a|replicate_1,1f88fae568528cf7059cf63d1969af379b7c052f07734e5e43f40134e135d509,675efa1486e53a4914248132dda701b834c9e26599d8c4c4d7b41db57bfcf2b0,
G|LP0717|Consensus|stage_a|replicate_1,G-e9a59eb3df74f9932bb2f0eeb0a880016f96aa33,G,target,LP0717,Consensus,consensus_stage_a_estimates,1,google/gemma-4-31B-it,47857da858139b1b846f74be8ea7b3532e1282c23c91eaa355395a4726126322,675efa1486e53a4914248132dda701b834c9e26599d8c4c4d7b41db57bfcf2b0,consensus_two_stage_interactive_adaptation_v1,prompt_compiler_v2_split_g_f,851457790,pending,Q001|Q002|Q003,"{""Q001"": ""consensus_estimate_net_zero_before_2085"", ""Q002"": ""consensus_estimate_human_primary_cause"", ""Q003"": ""consensus_estimate_co2_warms_planet""}",consensus_stage_a,consensus_two_stage_interactive_adaptation_v1,G|LP0717|Consensus|stage_a|replicate_1,47857da858139b1b846f74be8ea7b3532e1282c23c91eaa355395a4726126322,675efa1486e53a4914248132dda701b834c9e26599d8c4c4d7b41db57bfcf2b0,
G|LP0718|Consensus|stage_a|replicate_1,G-cd3f574ca5176cb4cf71bc061c2b0145f61a81af,G,target,LP0718,Consensus,consensus_stage_a_estimates,1,google/gemma-4-31B-it,06446446b3abd04b990c3b6bd8c1127495694ce4b851071f6994140cf12dcbb3,675efa1486e53a4914248132dda701b834c9e26599d8c4c4d7b41db57bfcf2b0,consensus_two_stage_interactive_adaptation_v1,prompt_compiler_v2_split_g_f,1066802000,pending,Q001|Q002|Q003,"{""Q001"": ""consensus_estimate_human_primary_cause"", ""Q002"": ""consensus_estimate_net_zero_before_2085"", ""Q003"": ""consensus_estimate_co2_warms_planet""}",consensus_stage_a,consensus_two_stage_interactive_adaptation_v1,G|LP0718|Consensus|stage_a|replicate_1,06446446b3abd04b990c3b6bd8c1127495694ce4b851071f6994140cf12dcbb3,675efa1486e53a4914248132dda701b834c9e26599d8c4c4d7b41db57bfcf2b0,
G|LP0719|Consensus|stage_a|replicate_1,G-b34a96005ec88d7358b8ef30512c7a7c9ebc34e5,G,target,LP0719,Consensus,consensus_stage_a_estimates,1,google/gemma-4-31B-it,638ee9fda29756dbc72f2de4827913c1639f969513c4f7da749f468251c6f094,675efa1486e53a4914248132dda701b834c9e26599d8c4c4d7b41db57bfcf2b0,consensus_two_stage_interactive_adaptation_v1,prompt_compiler_v2_split_g_f,1163770230,pending,Q001|Q002|Q003,"{""Q001"": ""consensus_estimate_co2_warms_planet"", ""Q002"": ""consensus_estimate_human_primary_cause"", ""Q003"": ""consensus_estimate_net_zero_before_2085""}",consensus_stage_a,consensus_two_stage_interactive_adaptation_v1,G|LP0719|Consensus|stage_a|replicate_1,638ee9fda29756dbc72f2de4827913c1639f969513c4f7da749f468251c6f094,675efa1486e53a4914248132dda701b834c9e26599d8c4c4d7b41db57bfcf2b0,
G|LP0720|Consensus|stage_a|replicate_1,G-439c96cb83bb6e485b98e9a317996c05ace0c482,G,target,LP0720,Consensus,consensus_stage_a_estimates,1,google/gemma-4-31B-it,a116781709463f4b23bb17b93a8c7930345874e7059c1529b17dfbe93ee0b0b5,675efa1486e53a4914248132dda701b834c9e26599d8c4c4d7b41db57bfcf2b0,consensus_two_stage_interactive_adaptation_v1,prompt_compiler_v2_split_g_f,183802848,pending,Q001|Q002|Q003,"{""Q001"": ""consensus_estimate_human_primary_cause"", ""Q002"": ""consensus_estimate_co2_warms_planet"", ""Q003"": ""consensus_estimate_net_zero_before_2085""}",consensus_stage_a,consensus_two_stage_interactive_adaptation_v1,G|LP0720|Consensus|stage_a|replicate_1,a116781709463f4b23bb17b93a8c7930345874e7059c1529b17dfbe93ee0b0b5,675efa1486e53a4914248132dda701b834c9e26599d8c4c4d7b41db57bfcf2b0,
G|LP0721|Consensus|stage_a|replicate_1,G-9d60cab0710d963325f95bd6500e6fe0d8b8c470,G,target,LP0721,Consensus,consensus_stage_a_estimates,1,google/gemma-4-31B-it,d61e14d593bd1724de6cd902f64cfc4eaf404393dfa3c886bbeb755fc07cadd1,675efa1486e53a4914248132dda701b834c9e26599d8c4c4d7b41db57bfcf2b0,consensus_two_stage_interactive_adaptation_v1,prompt_compiler_v2_split_g_f,734997398,pending,Q001|Q002|Q003,"{""Q001"": ""consensus_estimate_human_primary_cause"", ""Q002"": ""consensus_estimate_co2_warms_planet"", ""Q003"": ""consensus_estimate_net_zero_before_2085""}",consensus_stage_a,consensus_two_stage_interactive_adaptation_v1,G|LP0721|Consensus|stage_a|replicate_1,d61e14d593bd1724de6cd902f64cfc4eaf404393dfa3c886bbeb755fc07cadd1,675efa1486e53a4914248132dda701b834c9e26599d8c4c4d7b41db57bfcf2b0,
G|LP0722|Consensus|stage_a|replicate_1,G-47801d901f491b41cc1c99589209c373ae01f932,G,target,LP0722,Consensus,consensus_stage_a_estimates,1,google/gemma-4-31B-it,8b799c276f591e04be563bc479850b7e35ab5f114a959b45fe91a0f990205045,675efa1486e53a4914248132dda701b834c9e26599d8c4c4d7b41db57bfcf2b0,consensus_two_stage_interactive_adaptation_v1,prompt_compiler_v2_split_g_f,776558178,pending,Q001|Q002|Q003,"{""Q001"": ""consensus_estimate_human_primary_cause"", ""Q002"": ""consensus_estimate_net_zero_before_2085"", ""Q003"": ""consensus_estimate_co2_warms_planet""}",consensus_stage_a,consensus_two_stage_interactive_adaptation_v1,G|LP0722|Consensus|stage_a|replicate_1,8b799c276f591e04be563bc479850b7e35ab5f114a959b45fe91a0f990205045,675efa1486e53a4914248132dda701b834c9e26599d8c4c4d7b41db57bfcf2b0,
G|LP0723|Consensus|stage_a|replicate_1,G-8fd1b589a79b61dd569657bb59e07cc0f72bb473,G,target,LP0723,Consensus,consensus_stage_a_estimates,1,google/gemma-4-31B-it,b61e6380f564f8b2bd280134da990bb434a10ef2a2f07fda6914ce5af47e7c9b,675efa1486e53a4914248132dda701b834c9e26599d8c4c4d7b41db57bfcf2b0,consensus_two_stage_interactive_adaptation_v1,prompt_compiler_v2_split_g_f,1195298034,pending,Q001|Q002|Q003,"{""Q001"": ""consensus_estimate_human_primary_cause"", ""Q002"": ""consensus_estimate_co2_warms_planet"", ""Q003"": ""consensus_estimate_net_zero_before_2085""}",consensus_stage_a,consensus_two_stage_interactive_adaptation_v1,G|LP0723|Consensus|stage_a|replicate_1,b61e6380f564f8b2bd280134da990bb434a10ef2a2f07fda6914ce5af47e7c9b,675efa1486e53a4914248132dda701b834c9e26599d8c4c4d7b41db57bfcf2b0,
G|LP0724|Consensus|stage_a|replicate_1,G-c284a5498b820d12bc1c558afd320fa39a47489e,G,target,LP0724,Consensus,consensus_stage_a_estimates,1,google/gemma-4-31B-it,6a86dca79691daaaa2b0a6e0bbe8e09b60498fc830388d91c8efd615b30b29f0,675efa1486e53a4914248132dda701b834c9e26599d8c4c4d7b41db57bfcf2b0,consensus_two_stage_interactive_adaptation_v1,prompt_compiler_v2_split_g_f,277567400,pending,Q001|Q002|Q003,"{""Q001"": ""consensus_estimate_net_zero_before_2085"", ""Q002"": ""consensus_estimate_human_primary_cause"", ""Q003"": ""consensus_estimate_co2_warms_planet""}",consensus_stage_a,consensus_two_stage_interactive_adaptation_v1,G|LP0724|Consensus|stage_a|replicate_1,6a86dca79691daaaa2b0a6e0bbe8e09b60498fc830388d91c8efd615b30b29f0,675efa1486e53a4914248132dda701b834c9e26599d8c4c4d7b41db57bfcf2b0,
G|LP0725|Consensus|stage_a|replicate_1,G-82452a5208f960b8dac3a06e6672e11f195878a9,G,target,LP0725,Consensus,consensus_stage_a_estimates,1,google/gemma-4-31B-it,5998352af1ccbc147923a39b41919d03f8b07c803c2261feb17048e5f6537718,675efa1486e53a4914248132dda701b834c9e26599d8c4c4d7b41db57bfcf2b0,consensus_two_stage_interactive_adaptation_v1,prompt_compiler_v2_split_g_f,226735454,pending,Q001|Q002|Q003,"{""Q001"": ""consensus_estimate_human_primary_cause"", ""Q002"": ""consensus_estimate_co2_warms_planet"", ""Q003"": ""consensus_estimate_net_zero_before_2085""}",consensus_stage_a,consensus_two_stage_interactive_adaptation_v1,G|LP0725|Consensus|stage_a|replicate_1,5998352af1ccbc147923a39b41919d03f8b07c803c2261feb17048e5f6537718,675efa1486e53a4914248132dda701b834c9e26599d8c4c4d7b41db57bfcf2b0,
G|LP0726|Consensus|stage_a|replicate_1,G-e0a86ebbefcd9963240fd0c1b1165d9c5ba41a29,G,target,LP0726,Consensus,consensus_stage_a_estimates,1,google/gemma-4-31B-it,c813ae3776d307ec158a833f071ed2ca7df3ec9ab3971fc5fff4d8b8392a3699,675efa1486e53a4914248132dda701b834c9e26599d8c4c4d7b41db57bfcf2b0,consensus_two_stage_interactive_adaptation_v1,prompt_compiler_v2_split_g_f,824080094,pending,Q001|Q002|Q003,"{""Q001"": ""consensus_estimate_co2_warms_planet"", ""Q002"": ""consensus_estimate_net_zero_before_2085"", ""Q003"": ""consensus_estimate_human_primary_cause""}",consensus_stage_a,consensus_two_stage_interactive_adaptation_v1,G|LP0726|Consensus|stage_a|replicate_1,c813ae3776d307ec158a833f071ed2ca7df3ec9ab3971fc5fff4d8b8392a3699,675efa1486e53a4914248132dda701b834c9e26599d8c4c4d7b41db57bfcf2b0,
G|LP0727|Consensus|stage_a|replicate_1,G-d3ff2ecceed1859eb456ddb2097e46dc269a3fef,G,target,LP0727,Consensus,consensus_stage_a_estimates,1,google/gemma-4-31B-it,6820868bd49b42355228c35f7b92a7126e3237d14d40cc8560ef8bae2443806f,675efa1486e53a4914248132dda701b834c9e26599d8c4c4d7b41db57bfcf2b0,consensus_two_stage_interactive_adaptation_v1,prompt_compiler_v2_split_g_f,382722875,pending,Q001|Q002|Q003,"{""Q001"": ""consensus_estimate_human_primary_cause"", ""Q002"": ""consensus_estimate_net_zero_before_2085"", ""Q003"": ""consensus_estimate_co2_warms_planet""}",consensus_stage_a,consensus_two_stage_interactive_adaptation_v1,G|LP0727|Consensus|stage_a|replicate_1,6820868bd49b42355228c35f7b92a7126e3237d14d40cc8560ef8bae2443806f,675efa1486e53a4914248132dda701b834c9e26599d8c4c4d7b41db57bfcf2b0,
G|LP0728|Consensus|stage_a|replicate_1,G-cd1d2657e6e49ef39676594f9b1f355ea965d986,G,target,LP0728,Consensus,consensus_stage_a_estimates,1,google/gemma-4-31B-it,e59db2d1ac9798c11dad56c08e7a443c8546e6bc3aae27eeccb8df84cdcd96cb,675efa1486e53a4914248132dda701b834c9e26599d8c4c4d7b41db57bfcf2b0,consensus_two_stage_interactive_adaptation_v1,prompt_compiler_v2_split_g_f,18803622,pending,Q001|Q002|Q003,"{""Q001"": ""consensus_estimate_human_primary_cause"", ""Q002"": ""consensus_estimate_net_zero_before_2085"", ""Q003"": ""consensus_estimate_co2_warms_planet""}",consensus_stage_a,consensus_two_stage_interactive_adaptation_v1,G|LP0728|Consensus|stage_a|replicate_1,e59db2d1ac9798c11dad56c08e7a443c8546e6bc3aae27eeccb8df84cdcd96cb,675efa1486e53a4914248132dda701b834c9e26599d8c4c4d7b41db57bfcf2b0,
G|LP0729|Consensus|stage_a|replicate_1,G-a9217b16314df2ebf9c986091299e7be7957ffc2,G,target,LP0729,Consensus,consensus_stage_a_estimates,1,google/gemma-4-31B-it,a0f19768add6ad06aaa382518d9ad20d5ff7a831562476c00defa1e3d1f1ac28,675efa1486e53a4914248132dda701b834c9e26599d8c4c4d7b41db57bfcf2b0,consensus_two_stage_interactive_adaptation_v1,prompt_compiler_v2_split_g_f,59828506,pending,Q001|Q002|Q003,"{""Q001"": ""consensus_estimate_co2_warms_planet"", ""Q002"": ""consensus_estimate_human_primary_cause"", ""Q003"": ""consensus_estimate_net_zero_before_2085""}",consensus_stage_a,consensus_two_stage_interactive_adaptation_v1,G|LP0729|Consensus|stage_a|replicate_1,a0f19768add6ad06aaa382518d9ad20d5ff7a831562476c00defa1e3d1f1ac28,675efa1486e53a4914248132dda701b834c9e26599d8c4c4d7b41db57bfcf2b0,
G|LP0730|Consensus|stage_a|replicate_1,G-4716e2cb679a3f2492822bc2bded7125342df238,G,target,LP0730,Consensus,consensus_stage_a_estimates,1,google/gemma-4-31B-it,b1a70c33429bf10ff21a34b9be0d7ff41afc130b2170810e63912290b2ccb7eb,675efa1486e53a4914248132dda701b834c9e26599d8c4c4d7b41db57bfcf2b0,consensus_two_stage_interactive_adaptation_v1,prompt_compiler_v2_split_g_f,1976042683,pending,Q001|Q002|Q003,"{""Q001"": ""consensus_estimate_co2_warms_planet"", ""Q002"": ""consensus_estimate_human_primary_cause"", ""Q003"": ""consensus_estimate_net_zero_before_2085""}",consensus_stage_a,consensus_two_stage_interactive_adaptation_v1,G|LP0730|Consensus|stage_a|replicate_1,b1a70c33429bf10ff21a34b9be0d7ff41afc130b2170810e63912290b2ccb7eb,675efa1486e53a4914248132dda701b834c9e26599d8c4c4d7b41db57bfcf2b0,
G|LP0731|Consensus|stage_a|replicate_1,G-cbaeb98a8e81d6057d40aefd455ab9c8ae2a5757,G,target,LP0731,Consensus,consensus_stage_a_estimates,1,google/gemma-4-31B-it,15431d1c92afa62f9f5c760b470687b97e0ca58571e267d3f962054c2fd86cab,675efa1486e53a4914248132dda701b834c9e26599d8c4c4d7b41db57bfcf2b0,consensus_two_stage_interactive_adaptation_v1,prompt_compiler_v2_split_g_f,635390237,pending,Q001|Q002|Q003,"{""Q001"": ""consensus_estimate_human_primary_cause"", ""Q002"": ""consensus_estimate_co2_warms_planet"", ""Q003"": ""consensus_estimate_net_zero_before_2085""}",consensus_stage_a,consensus_two_stage_interactive_adaptation_v1,G|LP0731|Consensus|stage_a|replicate_1,15431d1c92afa62f9f5c760b470687b97e0ca58571e267d3f962054c2fd86cab,675efa1486e53a4914248132dda701b834c9e26599d8c4c4d7b41db57bfcf2b0,
G|LP0732|Consensus|stage_a|replicate_1,G-f477259bfeabee97c3dddc5a7b6ad7c36950a673,G,target,LP0732,Consensus,consensus_stage_a_estimates,1,google/gemma-4-31B-it,d92bfaeb4234483dc2dc4929e7c443c2804a95b9a347cddf9bc53ede18135d4b,675efa1486e53a4914248132dda701b834c9e26599d8c4c4d7b41db57bfcf2b0,consensus_two_stage_interactive_adaptation_v1,prompt_compiler_v2_split_g_f,1738160594,pending,Q001|Q002|Q003,"{""Q001"": ""consensus_estimate_human_primary_cause"", ""Q002"": ""consensus_estimate_net_zero_before_2085"", ""Q003"": ""consensus_estimate_co2_warms_planet""}",consensus_stage_a,consensus_two_stage_interactive_adaptation_v1,G|LP0732|Consensus|stage_a|replicate_1,d92bfaeb4234483dc2dc4929e7c443c2804a95b9a347cddf9bc53ede18135d4b,675efa1486e53a4914248132dda701b834c9e26599d8c4c4d7b41db57bfcf2b0,
G|LP0733|Consensus|stage_a|replicate_1,G-92e61dcfe7fef5d382280933408bbfab74262c1c,G,target,LP0733,Consensus,consensus_stage_a_estimates,1,google/gemma-4-31B-it,9a5a80f0364a65b8b7bf80fa5ed3f716ab4d403d1a02cf51c277a4dab5c130b6,675efa1486e53a4914248132dda701b834c9e26599d8c4c4d7b41db57bfcf2b0,consensus_two_stage_interactive_adaptation_v1,prompt_compiler_v2_split_g_f,231420277,pending,Q001|Q002|Q003,"{""Q001"": ""consensus_estimate_co2_warms_planet"", ""Q002"": ""consensus_estimate_net_zero_before_2085"", ""Q003"": ""consensus_estimate_human_primary_cause""}",consensus_stage_a,consensus_two_stage_interactive_adaptation_v1,G|LP0733|Consensus|stage_a|replicate_1,9a5a80f0364a65b8b7bf80fa5ed3f716ab4d403d1a02cf51c277a4dab5c130b6,675efa1486e53a4914248132dda701b834c9e26599d8c4c4d7b41db57bfcf2b0,
G|LP0734|Consensus|stage_a|replicate_1,G-d50c13a729ef29213b99abc02c3febc55d618dc8,G,target,LP0734,Consensus,consensus_stage_a_estimates,1,google/gemma-4-31B-it,6ff865a1e91bf7e91d6fc270a36f65a8fd56e5bb22ff9b58e5dd244cd0f1de29,675efa1486e53a4914248132dda701b834c9e26599d8c4c4d7b41db57bfcf2b0,consensus_two_stage_interactive_adaptation_v1,prompt_compiler_v2_split_g_f,1409765490,pending,Q001|Q002|Q003,"{""Q001"": ""consensus_estimate_human_primary_cause"", ""Q002"": ""consensus_estimate_co2_warms_planet"", ""Q003"": ""consensus_estimate_net_zero_before_2085""}",consensus_stage_a,consensus_two_stage_interactive_adaptation_v1,G|LP0734|Consensus|stage_a|replicate_1,6ff865a1e91bf7e91d6fc270a36f65a8fd56e5bb22ff9b58e5dd244cd0f1de29,675efa1486e53a4914248132dda701b834c9e26599d8c4c4d7b41db57bfcf2b0,
G|LP0735|Consensus|stage_a|replicate_1,G-489e6e6c5171db6f6f60e7a3fc29c20a19e0f121,G,target,LP0735,Consensus,consensus_stage_a_estimates,1,google/gemma-4-31B-it,a6f39c06dfad379691ce6ed3f9b061a0a05b70458154cbd4e0165c9c5ab43686,675efa1486e53a4914248132dda701b834c9e26599d8c4c4d7b41db57bfcf2b0,consensus_two_stage_interactive_adaptation_v1,prompt_compiler_v2_split_g_f,1655617608,pending,Q001|Q002|Q003,"{""Q001"": ""consensus_estimate_net_zero_before_2085"", ""Q002"": ""consensus_estimate_co2_warms_planet"", ""Q003"": ""consensus_estimate_human_primary_cause""}",consensus_stage_a,consensus_two_stage_interactive_adaptation_v1,G|LP0735|Consensus|stage_a|replicate_1,a6f39c06dfad379691ce6ed3f9b061a0a05b70458154cbd4e0165c9c5ab43686,675efa1486e53a4914248132dda701b834c9e26599d8c4c4d7b41db57bfcf2b0,
G|LP0736|Consensus|stage_a|replicate_1,G-e1638592b97df9bf13e1946f4bf8a486a46e396b,G,target,LP0736,Consensus,consensus_stage_a_estimates,1,google/gemma-4-31B-it,8ca93a65935a4e9c5ffd6aff57c75392e48097d81d19644435e6c7b1c11f9434,675efa1486e53a4914248132dda701b834c9e26599d8c4c4d7b41db57bfcf2b0,consensus_two_stage_interactive_adaptation_v1,prompt_compiler_v2_split_g_f,2084898023,pending,Q001|Q002|Q003,"{""Q001"": ""consensus_estimate_co2_warms_planet"", ""Q002"": ""consensus_estimate_net_zero_before_2085"", ""Q003"": ""consensus_estimate_human_primary_cause""}",consensus_stage_a,consensus_two_stage_interactive_adaptation_v1,G|LP0736|Consensus|stage_a|replicate_1,8ca93a65935a4e9c5ffd6aff57c75392e48097d81d19644435e6c7b1c11f9434,675efa1486e53a4914248132dda701b834c9e26599d8c4c4d7b41db57bfcf2b0,
G|LP0737|Consensus|stage_a|replicate_1,G-3a6cac609f8dd2774c68a739901f34480ab64f4c,G,target,LP0737,Consensus,consensus_stage_a_estimates,1,google/gemma-4-31B-it,6d0a7c812d04cd7923256c1510995191f8f9ff0449db55a4716b7e56a1e329be,675efa1486e53a4914248132dda701b834c9e26599d8c4c4d7b41db57bfcf2b0,consensus_two_stage_interactive_adaptation_v1,prompt_compiler_v2_split_g_f,342305593,pending,Q001|Q002|Q003,"{""Q001"": ""consensus_estimate_net_zero_before_2085"", ""Q002"": ""consensus_estimate_human_primary_cause"", ""Q003"": ""consensus_estimate_co2_warms_planet""}",consensus_stage_a,consensus_two_stage_interactive_adaptation_v1,G|LP0737|Consensus|stage_a|replicate_1,6d0a7c812d04cd7923256c1510995191f8f9ff0449db55a4716b7e56a1e329be,675efa1486e53a4914248132dda701b834c9e26599d8c4c4d7b41db57bfcf2b0,
G|LP0738|Consensus|stage_a|replicate_1,G-3ca102e75434812b2e8201f49c885dbe72265326,G,target,LP0738,Consensus,consensus_stage_a_estimates,1,google/gemma-4-31B-it,7de997b9dc77f74d9e676df656e66a40f8698974f669e0c3e05c7cb01f17cf04,675efa1486e53a4914248132dda701b834c9e26599d8c4c4d7b41db57bfcf2b0,consensus_two_stage_interactive_adaptation_v1,prompt_compiler_v2_split_g_f,1299613434,pending,Q001|Q002|Q003,"{""Q001"": ""consensus_estimate_human_primary_cause"", ""Q002"": ""consensus_estimate_co2_warms_planet"", ""Q003"": ""consensus_estimate_net_zero_before_2085""}",consensus_stage_a,consensus_two_stage_interactive_adaptation_v1,G|LP0738|Consensus|stage_a|replicate_1,7de997b9dc77f74d9e676df656e66a40f8698974f669e0c3e05c7cb01f17cf04,675efa1486e53a4914248132dda701b834c9e26599d8c4c4d7b41db57bfcf2b0,
G|LP0739|Consensus|stage_a|replicate_1,G-30cadfbae7a64cddeb87840969476ce83fc8c86f,G,target,LP0739,Consensus,consensus_stage_a_estimates,1,google/gemma-4-31B-it,298f026939e28286b104cf9cc0988160a79a60fa27fb769ae5815a724a2f557c,675efa1486e53a4914248132dda701b834c9e26599d8c4c4d7b41db57bfcf2b0,consensus_two_stage_interactive_adaptation_v1,prompt_compiler_v2_split_g_f,1228672083,pending,Q001|Q002|Q003,"{""Q001"": ""consensus_estimate_net_zero_before_2085"", ""Q002"": ""consensus_estimate_human_primary_cause"", ""Q003"": ""consensus_estimate_co2_warms_planet""}",consensus_stage_a,consensus_two_stage_interactive_adaptation_v1,G|LP0739|Consensus|stage_a|replicate_1,298f026939e28286b104cf9cc0988160a79a60fa27fb769ae5815a724a2f557c,675efa1486e53a4914248132dda701b834c9e26599d8c4c4d7b41db57bfcf2b0,
G|LP0740|Consensus|stage_a|replicate_1,G-0f37521f8da21c76609b0ba0ff314d7faf6c89e3,G,target,LP0740,Consensus,consensus_stage_a_estimates,1,google/gemma-4-31B-it,9a5558860e08409d701cc56b5130a943fb61110c61aafa3ff383da6afaa599b2,675efa1486e53a4914248132dda701b834c9e26599d8c4c4d7b41db57bfcf2b0,consensus_two_stage_interactive_adaptation_v1,prompt_compiler_v2_split_g_f,739295413,pending,Q001|Q002|Q003,"{""Q001"": ""consensus_estimate_net_zero_before_2085"", ""Q002"": ""consensus_estimate_human_primary_cause"", ""Q003"": ""consensus_estimate_co2_warms_planet""}",consensus_stage_a,consensus_two_stage_interactive_adaptation_v1,G|LP0740|Consensus|stage_a|replicate_1,9a5558860e08409d701cc56b5130a943fb61110c61aafa3ff383da6afaa599b2,675efa1486e53a4914248132dda701b834c9e26599d8c4c4d7b41db57bfcf2b0,
G|LP0741|Consensus|stage_a|replicate_1,G-7b5e2efa04eb25a4c376405ece9cc28a2594ee4a,G,target,LP0741,Consensus,consensus_stage_a_estimates,1,google/gemma-4-31B-it,9a871382fa4cb4b506b9b43050b1303d701cd0d265e2cb4a58e8276c91a4cb65,675efa1486e53a4914248132dda701b834c9e26599d8c4c4d7b41db57bfcf2b0,consensus_two_stage_interactive_adaptation_v1,prompt_compiler_v2_split_g_f,2074575769,pending,Q001|Q002|Q003,"{""Q001"": ""consensus_estimate_human_primary_cause"", ""Q002"": ""consensus_estimate_net_zero_before_2085"", ""Q003"": ""consensus_estimate_co2_warms_planet""}",consensus_stage_a,consensus_two_stage_interactive_adaptation_v1,G|LP0741|Consensus|stage_a|replicate_1,9a871382fa4cb4b506b9b43050b1303d701cd0d265e2cb4a58e8276c91a4cb65,675efa1486e53a4914248132dda701b834c9e26599d8c4c4d7b41db57bfcf2b0,
G|LP0742|Consensus|stage_a|replicate_1,G-ee2030f1c94c87cc9683dc0b1b08bd022f7bd555,G,target,LP0742,Consensus,consensus_stage_a_estimates,1,google/gemma-4-31B-it,5d8664bd66ad4991e01170902638c13ba983b6e761d997d024d67146842ec4d7,675efa1486e53a4914248132dda701b834c9e26599d8c4c4d7b41db57bfcf2b0,consensus_two_stage_interactive_adaptation_v1,prompt_compiler_v2_split_g_f,629991859,pending,Q001|Q002|Q003,"{""Q001"": ""consensus_estimate_net_zero_before_2085"", ""Q002"": ""consensus_estimate_co2_warms_planet"", ""Q003"": ""consensus_estimate_human_primary_cause""}",consensus_stage_a,consensus_two_stage_interactive_adaptation_v1,G|LP0742|Consensus|stage_a|replicate_1,5d8664bd66ad4991e01170902638c13ba983b6e761d997d024d67146842ec4d7,675efa1486e53a4914248132dda701b834c9e26599d8c4c4d7b41db57bfcf2b0,
G|LP0743|Consensus|stage_a|replicate_1,G-d0bcbc2cf1746b4fd62be3a0fabe84dd9ba3e7c1,G,target,LP0743,Consensus,consensus_stage_a_estimates,1,google/gemma-4-31B-it,239415ceef575ed1ef3252ad79c6a63f0d13ed0d2d29381130981d9b12c9bde9,675efa1486e53a4914248132dda701b834c9e26599d8c4c4d7b41db57bfcf2b0,consensus_two_stage_interactive_adaptation_v1,prompt_compiler_v2_split_g_f,317580204,pending,Q001|Q002|Q003,"{""Q001"": ""consensus_estimate_co2_warms_planet"", ""Q002"": ""consensus_estimate_net_zero_before_2085"", ""Q003"": ""consensus_estimate_human_primary_cause""}",consensus_stage_a,consensus_two_stage_interactive_adaptation_v1,G|LP0743|Consensus|stage_a|replicate_1,239415ceef575ed1ef3252ad79c6a63f0d13ed0d2d29381130981d9b12c9bde9,675efa1486e53a4914248132dda701b834c9e26599d8c4c4d7b41db57bfcf2b0,
G|LP0744|Consensus|stage_a|replicate_1,G-71070b3a2ab3ae744480f5295b503afe10aa5640,G,target,LP0744,Consensus,consensus_stage_a_estimates,1,google/gemma-4-31B-it,456e335e22d0a65db3cc1bfc36bd3800f8b5e84803247190a6ba5ad9d719e287,675efa1486e53a4914248132dda701b834c9e26599d8c4c4d7b41db57bfcf2b0,consensus_two_stage_interactive_adaptation_v1,prompt_compiler_v2_split_g_f,214025450,pending,Q001|Q002|Q003,"{""Q001"": ""consensus_estimate_human_primary_cause"", ""Q002"": ""consensus_estimate_net_zero_before_2085"", ""Q003"": ""consensus_estimate_co2_warms_planet""}",consensus_stage_a,consensus_two_stage_interactive_adaptation_v1,G|LP0744|Consensus|stage_a|replicate_1,456e335e22d0a65db3cc1bfc36bd3800f8b5e84803247190a6ba5ad9d719e287,675efa1486e53a4914248132dda701b834c9e26599d8c4c4d7b41db57bfcf2b0,
G|LP0745|Consensus|stage_a|replicate_1,G-a75aa16ceda7b6c7bbf63d808422fd31a730ce1b,G,target,LP0745,Consensus,consensus_stage_a_estimates,1,google/gemma-4-31B-it,adfb88b2ee2c045cd9fb9b4be24cf7fe9a15ed985fdc5d876f4fb61b981efb19,675efa1486e53a4914248132dda701b834c9e26599d8c4c4d7b41db57bfcf2b0,consensus_two_stage_interactive_adaptation_v1,prompt_compiler_v2_split_g_f,1012726179,pending,Q001|Q002|Q003,"{""Q001"": ""consensus_estimate_net_zero_before_2085"", ""Q002"": ""consensus_estimate_co2_warms_planet"", ""Q003"": ""consensus_estimate_human_primary_cause""}",consensus_stage_a,consensus_two_stage_interactive_adaptation_v1,G|LP0745|Consensus|stage_a|replicate_1,adfb88b2ee2c045cd9fb9b4be24cf7fe9a15ed985fdc5d876f4fb61b981efb19,675efa1486e53a4914248132dda701b834c9e26599d8c4c4d7b41db57bfcf2b0,
G|LP0746|Consensus|stage_a|replicate_1,G-83594ed975a598d1bdc47bc3bce844c0a4ca497b,G,target,LP0746,Consensus,consensus_stage_a_estimates,1,google/gemma-4-31B-it,c8133776f51cd973fa47397ec2e78781e7efa23a3b177988ad65a38b61974501,675efa1486e53a4914248132dda701b834c9e26599d8c4c4d7b41db57bfcf2b0,consensus_two_stage_interactive_adaptation_v1,prompt_compiler_v2_split_g_f,2086155909,pending,Q001|Q002|Q003,"{""Q001"": ""consensus_estimate_human_primary_cause"", ""Q002"": ""consensus_estimate_net_zero_before_2085"", ""Q003"": ""consensus_estimate_co2_warms_planet""}",consensus_stage_a,consensus_two_stage_interactive_adaptation_v1,G|LP0746|Consensus|stage_a|replicate_1,c8133776f51cd973fa47397ec2e78781e7efa23a3b177988ad65a38b61974501,675efa1486e53a4914248132dda701b834c9e26599d8c4c4d7b41db57bfcf2b0,
G|LP0747|Consensus|stage_a|replicate_1,G-cd1e644ea047a699b6b8fdaf9cc5638b2c1271e2,G,target,LP0747,Consensus,consensus_stage_a_estimates,1,google/gemma-4-31B-it,ffb638c10fea8cdcedbbe8d7664e557d83ca43bb0a9497094b6a886fc0a3a5c3,675efa1486e53a4914248132dda701b834c9e26599d8c4c4d7b41db57bfcf2b0,consensus_two_stage_interactive_adaptation_v1,prompt_compiler_v2_split_g_f,981757753,pending,Q001|Q002|Q003,"{""Q001"": ""consensus_estimate_net_zero_before_2085"", ""Q002"": ""consensus_estimate_co2_warms_planet"", ""Q003"": ""consensus_estimate_human_primary_cause""}",consensus_stage_a,consensus_two_stage_interactive_adaptation_v1,G|LP0747|Consensus|stage_a|replicate_1,ffb638c10fea8cdcedbbe8d7664e557d83ca43bb0a9497094b6a886fc0a3a5c3,675efa1486e53a4914248132dda701b834c9e26599d8c4c4d7b41db57bfcf2b0,
G|LP0748|Consensus|stage_a|replicate_1,G-81fa3af9837dd9d70b3887dab6a4308462063a07,G,target,LP0748,Consensus,consensus_stage_a_estimates,1,google/gemma-4-31B-it,dea080bfd75edecd6c2aa63443954aa079e9a9265857ee1e09a8d479bca293f4,675efa1486e53a4914248132dda701b834c9e26599d8c4c4d7b41db57bfcf2b0,consensus_two_stage_interactive_adaptation_v1,prompt_compiler_v2_split_g_f,124932044,pending,Q001|Q002|Q003,"{""Q001"": ""consensus_estimate_co2_warms_planet"", ""Q002"": ""consensus_estimate_human_primary_cause"", ""Q003"": ""consensus_estimate_net_zero_before_2085""}",consensus_stage_a,consensus_two_stage_interactive_adaptation_v1,G|LP0748|Consensus|stage_a|replicate_1,dea080bfd75edecd6c2aa63443954aa079e9a9265857ee1e09a8d479bca293f4,675efa1486e53a4914248132dda701b834c9e26599d8c4c4d7b41db57bfcf2b0,
G|LP0749|Consensus|stage_a|replicate_1,G-09f3c481d8e0893f865386efb9e5cc6c7baac8fd,G,target,LP0749,Consensus,consensus_stage_a_estimates,1,google/gemma-4-31B-it,b13293356154b1bcacc4bd35de3901e26d871f14087e1158e1ae41f3005ef175,675efa1486e53a4914248132dda701b834c9e26599d8c4c4d7b41db57bfcf2b0,consensus_two_stage_interactive_adaptation_v1,prompt_compiler_v2_split_g_f,1825051202,pending,Q001|Q002|Q003,"{""Q001"": ""consensus_estimate_co2_warms_planet"", ""Q002"": ""consensus_estimate_human_primary_cause"", ""Q003"": ""consensus_estimate_net_zero_before_2085""}",consensus_stage_a,consensus_two_stage_interactive_adaptation_v1,G|LP0749|Consensus|stage_a|replicate_1,b13293356154b1bcacc4bd35de3901e26d871f14087e1158e1ae41f3005ef175,675efa1486e53a4914248132dda701b834c9e26599d8c4c4d7b41db57bfcf2b0,
G|LP0750|Consensus|stage_a|replicate_1,G-e07774af5bfa045f52b9722ffdbb5c872b9a168e,G,target,LP0750,Consensus,consensus_stage_a_estimates,1,google/gemma-4-31B-it,9980fe2a93311ae8d96ee42dac1cd0b78da576b6e558ea9c23bee6a459584f5c,675efa1486e53a4914248132dda701b834c9e26599d8c4c4d7b41db57bfcf2b0,consensus_two_stage_interactive_adaptation_v1,prompt_compiler_v2_split_g_f,485027265,pending,Q001|Q002|Q003,"{""Q001"": ""consensus_estimate_net_zero_before_2085"", ""Q002"": ""consensus_estimate_co2_warms_planet"", ""Q003"": ""consensus_estimate_human_primary_cause""}",consensus_stage_a,consensus_two_stage_interactive_adaptation_v1,G|LP0750|Consensus|stage_a|replicate_1,9980fe2a93311ae8d96ee42dac1cd0b78da576b6e558ea9c23bee6a459584f5c,675efa1486e53a4914248132dda701b834c9e26599d8c4c4d7b41db57bfcf2b0,
G|LP0751|Consensus|stage_a|replicate_1,G-68c178d79e33d17377b23dd6c5d66e300bd91af3,G,target,LP0751,Consensus,consensus_stage_a_estimates,1,google/gemma-4-31B-it,f97fa75be4b029d86f0ccb2f91fe89a52506cca761fae22f85a41586aa5ae655,675efa1486e53a4914248132dda701b834c9e26599d8c4c4d7b41db57bfcf2b0,consensus_two_stage_interactive_adaptation_v1,prompt_compiler_v2_split_g_f,1874248483,pending,Q001|Q002|Q003,"{""Q001"": ""consensus_estimate_co2_warms_planet"", ""Q002"": ""consensus_estimate_net_zero_before_2085"", ""Q003"": ""consensus_estimate_human_primary_cause""}",consensus_stage_a,consensus_two_stage_interactive_adaptation_v1,G|LP0751|Consensus|stage_a|replicate_1,f97fa75be4b029d86f0ccb2f91fe89a52506cca761fae22f85a41586aa5ae655,675efa1486e53a4914248132dda701b834c9e26599d8c4c4d7b41db57bfcf2b0,
G|LP0752|Consensus|stage_a|replicate_1,G-04b774287e421bb221edcf2d99ed6e7582557171,G,target,LP0752,Consensus,consensus_stage_a_estimates,1,google/gemma-4-31B-it,c6051a056b45b8eb44219f23b28b9d45b3f27ceb71ba7cc889a9f857a52ddbaf,675efa1486e53a4914248132dda701b834c9e26599d8c4c4d7b41db57bfcf2b0,consensus_two_stage_interactive_adaptation_v1,prompt_compiler_v2_split_g_f,129041411,pending,Q001|Q002|Q003,"{""Q001"": ""consensus_estimate_human_primary_cause"", ""Q002"": ""consensus_estimate_co2_warms_planet"", ""Q003"": ""consensus_estimate_net_zero_before_2085""}",consensus_stage_a,consensus_two_stage_interactive_adaptation_v1,G|LP0752|Consensus|stage_a|replicate_1,c6051a056b45b8eb44219f23b28b9d45b3f27ceb71ba7cc889a9f857a52ddbaf,675efa1486e53a4914248132dda701b834c9e26599d8c4c4d7b41db57bfcf2b0,
G|LP0753|Consensus|stage_a|replicate_1,G-279928a1429104c0253e7ea14719bf018c202915,G,target,LP0753,Consensus,consensus_stage_a_estimates,1,google/gemma-4-31B-it,6e3b5d479d20d46146e999808d42476bd4bf1fea8eeb6ef880bf5bc518d33e0a,675efa1486e53a4914248132dda701b834c9e26599d8c4c4d7b41db57bfcf2b0,consensus_two_stage_interactive_adaptation_v1,prompt_compiler_v2_split_g_f,298014211,pending,Q001|Q002|Q003,"{""Q001"": ""consensus_estimate_co2_warms_planet"", ""Q002"": ""consensus_estimate_net_zero_before_2085"", ""Q003"": ""consensus_estimate_human_primary_cause""}",consensus_stage_a,consensus_two_stage_interactive_adaptation_v1,G|LP0753|Consensus|stage_a|replicate_1,6e3b5d479d20d46146e999808d42476bd4bf1fea8eeb6ef880bf5bc518d33e0a,675efa1486e53a4914248132dda701b834c9e26599d8c4c4d7b41db57bfcf2b0,
G|LP0754|Consensus|stage_a|replicate_1,G-d13b713b57c01f1dd650ace7a7e5c84ce2676a51,G,target,LP0754,Consensus,consensus_stage_a_estimates,1,google/gemma-4-31B-it,1178ad3eadaebc55f7a54615a241f6363f6925c0d7fb64f65e319c4d69e311c7,675efa1486e53a4914248132dda701b834c9e26599d8c4c4d7b41db57bfcf2b0,consensus_two_stage_interactive_adaptation_v1,prompt_compiler_v2_split_g_f,2050425238,pending,Q001|Q002|Q003,"{""Q001"": ""consensus_estimate_co2_warms_planet"", ""Q002"": ""consensus_estimate_net_zero_before_2085"", ""Q003"": ""consensus_estimate_human_primary_cause""}",consensus_stage_a,consensus_two_stage_interactive_adaptation_v1,G|LP0754|Consensus|stage_a|replicate_1,1178ad3eadaebc55f7a54615a241f6363f6925c0d7fb64f65e319c4d69e311c7,675efa1486e53a4914248132dda701b834c9e26599d8c4c4d7b41db57bfcf2b0,
G|LP0755|Consensus|stage_a|replicate_1,G-6fd82ae661a3a6f7f16fe9f9a640fb1502906080,G,target,LP0755,Consensus,consensus_stage_a_estimates,1,google/gemma-4-31B-it,290e3db5c8af16f8233f5183db6c6f74a4f62e993b05350f117f74e43b40d3bf,675efa1486e53a4914248132dda701b834c9e26599d8c4c4d7b41db57bfcf2b0,consensus_two_stage_interactive_adaptation_v1,prompt_compiler_v2_split_g_f,1096023237,pending,Q001|Q002|Q003,"{""Q001"": ""consensus_estimate_co2_warms_planet"", ""Q002"": ""consensus_estimate_human_primary_cause"", ""Q003"": ""consensus_estimate_net_zero_before_2085""}",consensus_stage_a,consensus_two_stage_interactive_adaptation_v1,G|LP0755|Consensus|stage_a|replicate_1,290e3db5c8af16f8233f5183db6c6f74a4f62e993b05350f117f74e43b40d3bf,675efa1486e53a4914248132dda701b834c9e26599d8c4c4d7b41db57bfcf2b0,
G|LP0756|Consensus|stage_a|replicate_1,G-b183d6db808e58113f59507082cf94e9fb4beabe,G,target,LP0756,Consensus,consensus_stage_a_estimates,1,google/gemma-4-31B-it,c9776ff803bdfc88034dcac87ce2ed42c94ebc700c58f5fd487a8d51dde36851,675efa1486e53a4914248132dda701b834c9e26599d8c4c4d7b41db57bfcf2b0,consensus_two_stage_interactive_adaptation_v1,prompt_compiler_v2_split_g_f,1670776266,pending,Q001|Q002|Q003,"{""Q001"": ""consensus_estimate_co2_warms_planet"", ""Q002"": ""consensus_estimate_net_zero_before_2085"", ""Q003"": ""consensus_estimate_human_primary_cause""}",consensus_stage_a,consensus_two_stage_interactive_adaptation_v1,G|LP0756|Consensus|stage_a|replicate_1,c9776ff803bdfc88034dcac87ce2ed42c94ebc700c58f5fd487a8d51dde36851,675efa1486e53a4914248132dda701b834c9e26599d8c4c4d7b41db57bfcf2b0,
G|LP0757|Consensus|stage_a|replicate_1,G-d5d2c31b8265c533d514ac987e64d324944bf085,G,target,LP0757,Consensus,consensus_stage_a_estimates,1,google/gemma-4-31B-it,3874f4de492e25fd20f9c9dd2bb8ada0f29c687a255d3fdac29887436ac9787e,675efa1486e53a4914248132dda701b834c9e26599d8c4c4d7b41db57bfcf2b0,consensus_two_stage_interactive_adaptation_v1,prompt_compiler_v2_split_g_f,772492141,pending,Q001|Q002|Q003,"{""Q001"": ""consensus_estimate_co2_warms_planet"", ""Q002"": ""consensus_estimate_net_zero_before_2085"", ""Q003"": ""consensus_estimate_human_primary_cause""}",consensus_stage_a,consensus_two_stage_interactive_adaptation_v1,G|LP0757|Consensus|stage_a|replicate_1,3874f4de492e25fd20f9c9dd2bb8ada0f29c687a255d3fdac29887436ac9787e,675efa1486e53a4914248132dda701b834c9e26599d8c4c4d7b41db57bfcf2b0,
G|LP0758|Consensus|stage_a|replicate_1,G-b83fc529627c2ac69bf339e701fa6b99b353ea60,G,target,LP0758,Consensus,consensus_stage_a_estimates,1,google/gemma-4-31B-it,1f034a6629b1e391df961b946103feabdedd245d6b484ccd7e28f41f25267f0b,675efa1486e53a4914248132dda701b834c9e26599d8c4c4d7b41db57bfcf2b0,consensus_two_stage_interactive_adaptation_v1,prompt_compiler_v2_split_g_f,1392227611,pending,Q001|Q002|Q003,"{""Q001"": ""consensus_estimate_human_primary_cause"", ""Q002"": ""consensus_estimate_net_zero_before_2085"", ""Q003"": ""consensus_estimate_co2_warms_planet""}",consensus_stage_a,consensus_two_stage_interactive_adaptation_v1,G|LP0758|Consensus|stage_a|replicate_1,1f034a6629b1e391df961b946103feabdedd245d6b484ccd7e28f41f25267f0b,675efa1486e53a4914248132dda701b834c9e26599d8c4c4d7b41db57bfcf2b0,
G|LP0759|Consensus|stage_a|replicate_1,G-35bd0c36ff1db7b6e1321a7b2c05fcc010cdb1e0,G,target,LP0759,Consensus,consensus_stage_a_estimates,1,google/gemma-4-31B-it,bdebf22a489bfafa23da6177d539da28bb9e8ab3b634acbb622361d44b23bf25,675efa1486e53a4914248132dda701b834c9e26599d8c4c4d7b41db57bfcf2b0,consensus_two_stage_interactive_adaptation_v1,prompt_compiler_v2_split_g_f,1788334116,pending,Q001|Q002|Q003,"{""Q001"": ""consensus_estimate_net_zero_before_2085"", ""Q002"": ""consensus_estimate_co2_warms_planet"", ""Q003"": ""consensus_estimate_human_primary_cause""}",consensus_stage_a,consensus_two_stage_interactive_adaptation_v1,G|LP0759|Consensus|stage_a|replicate_1,bdebf22a489bfafa23da6177d539da28bb9e8ab3b634acbb622361d44b23bf25,675efa1486e53a4914248132dda701b834c9e26599d8c4c4d7b41db57bfcf2b0,
G|LP0760|Consensus|stage_a|replicate_1,G-ec1d96f790667abe9f5c42d5c275e5ae04abbefe,G,target,LP0760,Consensus,consensus_stage_a_estimates,1,google/gemma-4-31B-it,a28a13890123a5a16e0792c6dfeb92491f815d7e64d07934da3c2cd4119e168b,675efa1486e53a4914248132dda701b834c9e26599d8c4c4d7b41db57bfcf2b0,consensus_two_stage_interactive_adaptation_v1,prompt_compiler_v2_split_g_f,1755424944,pending,Q001|Q002|Q003,"{""Q001"": ""consensus_estimate_human_primary_cause"", ""Q002"": ""consensus_estimate_co2_warms_planet"", ""Q003"": ""consensus_estimate_net_zero_before_2085""}",consensus_stage_a,consensus_two_stage_interactive_adaptation_v1,G|LP0760|Consensus|stage_a|replicate_1,a28a13890123a5a16e0792c6dfeb92491f815d7e64d07934da3c2cd4119e168b,675efa1486e53a4914248132dda701b834c9e26599d8c4c4d7b41db57bfcf2b0,
G|LP0761|Consensus|stage_a|replicate_1,G-8848d877d1ac0f4ad28d747674859498b7143398,G,target,LP0761,Consensus,consensus_stage_a_estimates,1,google/gemma-4-31B-it,aeb7a505da2845b08328151d9f6037ee66c1ae94e19924a856253fa425388705,675efa1486e53a4914248132dda701b834c9e26599d8c4c4d7b41db57bfcf2b0,consensus_two_stage_interactive_adaptation_v1,prompt_compiler_v2_split_g_f,1648214075,pending,Q001|Q002|Q003,"{""Q001"": ""consensus_estimate_net_zero_before_2085"", ""Q002"": ""consensus_estimate_co2_warms_planet"", ""Q003"": ""consensus_estimate_human_primary_cause""}",consensus_stage_a,consensus_two_stage_interactive_adaptation_v1,G|LP0761|Consensus|stage_a|replicate_1,aeb7a505da2845b08328151d9f6037ee66c1ae94e19924a856253fa425388705,675efa1486e53a4914248132dda701b834c9e26599d8c4c4d7b41db57bfcf2b0,
G|LP0762|Consensus|stage_a|replicate_1,G-5c68cf59bbdf8e5422ab07f5051d6c40a97abf12,G,target,LP0762,Consensus,consensus_stage_a_estimates,1,google/gemma-4-31B-it,afc0476a86ea0875963aef1df2c02017f2b86a808e65776fbcdd341fd6b3ef86,675efa1486e53a4914248132dda701b834c9e26599d8c4c4d7b41db57bfcf2b0,consensus_two_stage_interactive_adaptation_v1,prompt_compiler_v2_split_g_f,1957768456,pending,Q001|Q002|Q003,"{""Q001"": ""consensus_estimate_human_primary_cause"", ""Q002"": ""consensus_estimate_co2_warms_planet"", ""Q003"": ""consensus_estimate_net_zero_before_2085""}",consensus_stage_a,consensus_two_stage_interactive_adaptation_v1,G|LP0762|Consensus|stage_a|replicate_1,afc0476a86ea0875963aef1df2c02017f2b86a808e65776fbcdd341fd6b3ef86,675efa1486e53a4914248132dda701b834c9e26599d8c4c4d7b41db57bfcf2b0,
G|LP0763|Consensus|stage_a|replicate_1,G-b88c4865136c203aaf7d54f3e40d2d438363f4d3,G,target,LP0763,Consensus,consensus_stage_a_estimates,1,google/gemma-4-31B-it,d2395f549d053a3492958671baa5bbb307dc4c7f93cfc29d21d1c85da0b6dfec,675efa1486e53a4914248132dda701b834c9e26599d8c4c4d7b41db57bfcf2b0,consensus_two_stage_interactive_adaptation_v1,prompt_compiler_v2_split_g_f,75804935,pending,Q001|Q002|Q003,"{""Q001"": ""consensus_estimate_co2_warms_planet"", ""Q002"": ""consensus_estimate_net_zero_before_2085"", ""Q003"": ""consensus_estimate_human_primary_cause""}",consensus_stage_a,consensus_two_stage_interactive_adaptation_v1,G|LP0763|Consensus|stage_a|replicate_1,d2395f549d053a3492958671baa5bbb307dc4c7f93cfc29d21d1c85da0b6dfec,675efa1486e53a4914248132dda701b834c9e26599d8c4c4d7b41db57bfcf2b0,
G|LP0764|Consensus|stage_a|replicate_1,G-2a4d380132f2ba99324f03eeecb9faaa1ecf3cc6,G,target,LP0764,Consensus,consensus_stage_a_estimates,1,google/gemma-4-31B-it,e73be648e7f32b7e01770d9ff4cb2f107922a1f53fd5bfb1bd41a64b0c466a0e,675efa1486e53a4914248132dda701b834c9e26599d8c4c4d7b41db57bfcf2b0,consensus_two_stage_interactive_adaptation_v1,prompt_compiler_v2_split_g_f,126691996,pending,Q001|Q002|Q003,"{""Q001"": ""consensus_estimate_co2_warms_planet"", ""Q002"": ""consensus_estimate_net_zero_before_2085"", ""Q003"": ""consensus_estimate_human_primary_cause""}",consensus_stage_a,consensus_two_stage_interactive_adaptation_v1,G|LP0764|Consensus|stage_a|replicate_1,e73be648e7f32b7e01770d9ff4cb2f107922a1f53fd5bfb1bd41a64b0c466a0e,675efa1486e53a4914248132dda701b834c9e26599d8c4c4d7b41db57bfcf2b0,
G|LP0765|Consensus|stage_a|replicate_1,G-0e1b3a455a4ded3acd78cf58ae8326fe273adf64,G,target,LP0765,Consensus,consensus_stage_a_estimates,1,google/gemma-4-31B-it,03a33a977349e95496154ea8a072d7e365c71a707dcbf98f30a395aeae261cf2,675efa1486e53a4914248132dda701b834c9e26599d8c4c4d7b41db57bfcf2b0,consensus_two_stage_interactive_adaptation_v1,prompt_compiler_v2_split_g_f,1988387268,pending,Q001|Q002|Q003,"{""Q001"": ""consensus_estimate_net_zero_before_2085"", ""Q002"": ""consensus_estimate_co2_warms_planet"", ""Q003"": ""consensus_estimate_human_primary_cause""}",consensus_stage_a,consensus_two_stage_interactive_adaptation_v1,G|LP0765|Consensus|stage_a|replicate_1,03a33a977349e95496154ea8a072d7e365c71a707dcbf98f30a395aeae261cf2,675efa1486e53a4914248132dda701b834c9e26599d8c4c4d7b41db57bfcf2b0,
G|LP0766|Consensus|stage_a|replicate_1,G-0435ede0359d160ea78de6135a80d1edbad53094,G,target,LP0766,Consensus,consensus_stage_a_estimates,1,google/gemma-4-31B-it,f0ba12ee3a5ae01159c95964112e714f24470980affce391888bab39c6ba34da,675efa1486e53a4914248132dda701b834c9e26599d8c4c4d7b41db57bfcf2b0,consensus_two_stage_interactive_adaptation_v1,prompt_compiler_v2_split_g_f,1040773582,pending,Q001|Q002|Q003,"{""Q001"": ""consensus_estimate_co2_warms_planet"", ""Q002"": ""consensus_estimate_human_primary_cause"", ""Q003"": ""consensus_estimate_net_zero_before_2085""}",consensus_stage_a,consensus_two_stage_interactive_adaptation_v1,G|LP0766|Consensus|stage_a|replicate_1,f0ba12ee3a5ae01159c95964112e714f24470980affce391888bab39c6ba34da,675efa1486e53a4914248132dda701b834c9e26599d8c4c4d7b41db57bfcf2b0,
G|LP0767|Consensus|stage_a|replicate_1,G-63b5a6bda1210e2e9025f4371072e02c4f9b7d7f,G,target,LP0767,Consensus,consensus_stage_a_estimates,1,google/gemma-4-31B-it,1de4eb8253482b4126fc1cbd99b621833f9a7a5c39b683342c675b5bfcdca9d0,675efa1486e53a4914248132dda701b834c9e26599d8c4c4d7b41db57bfcf2b0,consensus_two_stage_interactive_adaptation_v1,prompt_compiler_v2_split_g_f,1754028970,pending,Q001|Q002|Q003,"{""Q001"": ""consensus_estimate_co2_warms_planet"", ""Q002"": ""consensus_estimate_net_zero_before_2085"", ""Q003"": ""consensus_estimate_human_primary_cause""}",consensus_stage_a,consensus_two_stage_interactive_adaptation_v1,G|LP0767|Consensus|stage_a|replicate_1,1de4eb8253482b4126fc1cbd99b621833f9a7a5c39b683342c675b5bfcdca9d0,675efa1486e53a4914248132dda701b834c9e26599d8c4c4d7b41db57bfcf2b0,
G|LP0768|Consensus|stage_a|replicate_1,G-4ea67676be8ec7d97f2f6a61c9a7cd54249a72c2,G,target,LP0768,Consensus,consensus_stage_a_estimates,1,google/gemma-4-31B-it,14ec2b49fe3f4cac9b3819783bce050af1728bd011a2363911b706b7cee9e327,675efa1486e53a4914248132dda701b834c9e26599d8c4c4d7b41db57bfcf2b0,consensus_two_stage_interactive_adaptation_v1,prompt_compiler_v2_split_g_f,1541125319,pending,Q001|Q002|Q003,"{""Q001"": ""consensus_estimate_net_zero_before_2085"", ""Q002"": ""consensus_estimate_co2_warms_planet"", ""Q003"": ""consensus_estimate_human_primary_cause""}",consensus_stage_a,consensus_two_stage_interactive_adaptation_v1,G|LP0768|Consensus|stage_a|replicate_1,14ec2b49fe3f4cac9b3819783bce050af1728bd011a2363911b706b7cee9e327,675efa1486e53a4914248132dda701b834c9e26599d8c4c4d7b41db57bfcf2b0,
G|LP0769|Consensus|stage_a|replicate_1,G-bcb649a0e3cb61f0266ca92e0146793f705f3f84,G,target,LP0769,Consensus,consensus_stage_a_estimates,1,google/gemma-4-31B-it,0ec0381713bf7ccdd1a7e820a601eb9ff9745774c408aa58e476f0b14afdf226,675efa1486e53a4914248132dda701b834c9e26599d8c4c4d7b41db57bfcf2b0,consensus_two_stage_interactive_adaptation_v1,prompt_compiler_v2_split_g_f,1563948340,pending,Q001|Q002|Q003,"{""Q001"": ""consensus_estimate_co2_warms_planet"", ""Q002"": ""consensus_estimate_human_primary_cause"", ""Q003"": ""consensus_estimate_net_zero_before_2085""}",consensus_stage_a,consensus_two_stage_interactive_adaptation_v1,G|LP0769|Consensus|stage_a|replicate_1,0ec0381713bf7ccdd1a7e820a601eb9ff9745774c408aa58e476f0b14afdf226,675efa1486e53a4914248132dda701b834c9e26599d8c4c4d7b41db57bfcf2b0,
G|LP0770|Consensus|stage_a|replicate_1,G-20c8dd2803fb67d13ff346234f68058b5bcb7957,G,target,LP0770,Consensus,consensus_stage_a_estimates,1,google/gemma-4-31B-it,6caab73ae397da1d04caf8ca844c1022c657fdd9e789e816f1dfde2eab966138,675efa1486e53a4914248132dda701b834c9e26599d8c4c4d7b41db57bfcf2b0,consensus_two_stage_interactive_adaptation_v1,prompt_compiler_v2_split_g_f,1166877217,pending,Q001|Q002|Q003,"{""Q001"": ""consensus_estimate_human_primary_cause"", ""Q002"": ""consensus_estimate_net_zero_before_2085"", ""Q003"": ""consensus_estimate_co2_warms_planet""}",consensus_stage_a,consensus_two_stage_interactive_adaptation_v1,G|LP0770|Consensus|stage_a|replicate_1,6caab73ae397da1d04caf8ca844c1022c657fdd9e789e816f1dfde2eab966138,675efa1486e53a4914248132dda701b834c9e26599d8c4c4d7b41db57bfcf2b0,
G|LP0771|Consensus|stage_a|replicate_1,G-ab22bb76da8172c36b1798946250f586a8169b55,G,target,LP0771,Consensus,consensus_stage_a_estimates,1,google/gemma-4-31B-it,48d38f9f8470015cba19474d12fad5bc9227aa7a0bc76806b87b9417ed041b12,675efa1486e53a4914248132dda701b834c9e26599d8c4c4d7b41db57bfcf2b0,consensus_two_stage_interactive_adaptation_v1,prompt_compiler_v2_split_g_f,818342323,pending,Q001|Q002|Q003,"{""Q001"": ""consensus_estimate_net_zero_before_2085"", ""Q002"": ""consensus_estimate_human_primary_cause"", ""Q003"": ""consensus_estimate_co2_warms_planet""}",consensus_stage_a,consensus_two_stage_interactive_adaptation_v1,G|LP0771|Consensus|stage_a|replicate_1,48d38f9f8470015cba19474d12fad5bc9227aa7a0bc76806b87b9417ed041b12,675efa1486e53a4914248132dda701b834c9e26599d8c4c4d7b41db57bfcf2b0,
G|LP0772|Consensus|stage_a|replicate_1,G-2acfde9064da5d7c9d26a21426c6b51f5ef91421,G,target,LP0772,Consensus,consensus_stage_a_estimates,1,google/gemma-4-31B-it,a089e39692c7caf32eb950500cf4843d8ec5f8d098cd4a2c67654941d5bb4259,675efa1486e53a4914248132dda701b834c9e26599d8c4c4d7b41db57bfcf2b0,consensus_two_stage_interactive_adaptation_v1,prompt_compiler_v2_split_g_f,981080733,pending,Q001|Q002|Q003,"{""Q001"": ""consensus_estimate_human_primary_cause"", ""Q002"": ""consensus_estimate_net_zero_before_2085"", ""Q003"": ""consensus_estimate_co2_warms_planet""}",consensus_stage_a,consensus_two_stage_interactive_adaptation_v1,G|LP0772|Consensus|stage_a|replicate_1,a089e39692c7caf32eb950500cf4843d8ec5f8d098cd4a2c67654941d5bb4259,675efa1486e53a4914248132dda701b834c9e26599d8c4c4d7b41db57bfcf2b0,
G|LP0773|Consensus|stage_a|replicate_1,G-ec49597c2b717c35cc7915779b9e782065d61cf4,G,target,LP0773,Consensus,consensus_stage_a_estimates,1,google/gemma-4-31B-it,818f03cb3e4b3bdebf887fb8eaee72d8f94f5dc3081629a0f398c15490f47c04,675efa1486e53a4914248132dda701b834c9e26599d8c4c4d7b41db57bfcf2b0,consensus_two_stage_interactive_adaptation_v1,prompt_compiler_v2_split_g_f,67383089,pending,Q001|Q002|Q003,"{""Q001"": ""consensus_estimate_net_zero_before_2085"", ""Q002"": ""consensus_estimate_human_primary_cause"", ""Q003"": ""consensus_estimate_co2_warms_planet""}",consensus_stage_a,consensus_two_stage_interactive_adaptation_v1,G|LP0773|Consensus|stage_a|replicate_1,818f03cb3e4b3bdebf887fb8eaee72d8f94f5dc3081629a0f398c15490f47c04,675efa1486e53a4914248132dda701b834c9e26599d8c4c4d7b41db57bfcf2b0,
G|LP0774|Consensus|stage_a|replicate_1,G-ce9163ebed4d8b605e62eed8864aee7df38b2c2a,G,target,LP0774,Consensus,consensus_stage_a_estimates,1,google/gemma-4-31B-it,e9ed3d1cdcef799aff86a1a568ef10482958ea3b4810398fed06097c67ddba35,675efa1486e53a4914248132dda701b834c9e26599d8c4c4d7b41db57bfcf2b0,consensus_two_stage_interactive_adaptation_v1,prompt_compiler_v2_split_g_f,175133499,pending,Q001|Q002|Q003,"{""Q001"": ""consensus_estimate_net_zero_before_2085"", ""Q002"": ""consensus_estimate_co2_warms_planet"", ""Q003"": ""consensus_estimate_human_primary_cause""}",consensus_stage_a,consensus_two_stage_interactive_adaptation_v1,G|LP0774|Consensus|stage_a|replicate_1,e9ed3d1cdcef799aff86a1a568ef10482958ea3b4810398fed06097c67ddba35,675efa1486e53a4914248132dda701b834c9e26599d8c4c4d7b41db57bfcf2b0,
G|LP0775|Consensus|stage_a|replicate_1,G-6c2312838089680387730a6014ce1b8fb9da893e,G,target,LP0775,Consensus,consensus_stage_a_estimates,1,google/gemma-4-31B-it,34b3fddca04a89a280364629b37144374ceb844a62e851d9840b72307de261e1,675efa1486e53a4914248132dda701b834c9e26599d8c4c4d7b41db57bfcf2b0,consensus_two_stage_interactive_adaptation_v1,prompt_compiler_v2_split_g_f,1489997067,pending,Q001|Q002|Q003,"{""Q001"": ""consensus_estimate_human_primary_cause"", ""Q002"": ""consensus_estimate_net_zero_before_2085"", ""Q003"": ""consensus_estimate_co2_warms_planet""}",consensus_stage_a,consensus_two_stage_interactive_adaptation_v1,G|LP0775|Consensus|stage_a|replicate_1,34b3fddca04a89a280364629b37144374ceb844a62e851d9840b72307de261e1,675efa1486e53a4914248132dda701b834c9e26599d8c4c4d7b41db57bfcf2b0,
G|LP0776|Consensus|stage_a|replicate_1,G-70f9d8be68589960c461311600905ea14432b657,G,target,LP0776,Consensus,consensus_stage_a_estimates,1,google/gemma-4-31B-it,b5e6e8a8fb5edfcb6eb015e33246618a47e45e37dc07188db968deff0254ddbb,675efa1486e53a4914248132dda701b834c9e26599d8c4c4d7b41db57bfcf2b0,consensus_two_stage_interactive_adaptation_v1,prompt_compiler_v2_split_g_f,1246513886,pending,Q001|Q002|Q003,"{""Q001"": ""consensus_estimate_co2_warms_planet"", ""Q002"": ""consensus_estimate_human_primary_cause"", ""Q003"": ""consensus_estimate_net_zero_before_2085""}",consensus_stage_a,consensus_two_stage_interactive_adaptation_v1,G|LP0776|Consensus|stage_a|replicate_1,b5e6e8a8fb5edfcb6eb015e33246618a47e45e37dc07188db968deff0254ddbb,675efa1486e53a4914248132dda701b834c9e26599d8c4c4d7b41db57bfcf2b0,
G|LP0777|Consensus|stage_a|replicate_1,G-508e33a24b3492df90e57f8dcce5d8d5ab2aa705,G,target,LP0777,Consensus,consensus_stage_a_estimates,1,google/gemma-4-31B-it,5f1a73df56e74380fbe1d7c64e6a80f03d56dd13257c0c6f514bc7fb580218c3,675efa1486e53a4914248132dda701b834c9e26599d8c4c4d7b41db57bfcf2b0,consensus_two_stage_interactive_adaptation_v1,prompt_compiler_v2_split_g_f,1817246244,pending,Q001|Q002|Q003,"{""Q001"": ""consensus_estimate_net_zero_before_2085"", ""Q002"": ""consensus_estimate_human_primary_cause"", ""Q003"": ""consensus_estimate_co2_warms_planet""}",consensus_stage_a,consensus_two_stage_interactive_adaptation_v1,G|LP0777|Consensus|stage_a|replicate_1,5f1a73df56e74380fbe1d7c64e6a80f03d56dd13257c0c6f514bc7fb580218c3,675efa1486e53a4914248132dda701b834c9e26599d8c4c4d7b41db57bfcf2b0,
G|LP0778|Consensus|stage_a|replicate_1,G-04de501fdfbd7e5b61bb93f4c6f259f01339c9f2,G,target,LP0778,Consensus,consensus_stage_a_estimates,1,google/gemma-4-31B-it,c8a59be5f2fad53374d6fa91d2badd4e47dfad2792ed73f6d2f9372956e31d59,675efa1486e53a4914248132dda701b834c9e26599d8c4c4d7b41db57bfcf2b0,consensus_two_stage_interactive_adaptation_v1,prompt_compiler_v2_split_g_f,1769610906,pending,Q001|Q002|Q003,"{""Q001"": ""consensus_estimate_net_zero_before_2085"", ""Q002"": ""consensus_estimate_co2_warms_planet"", ""Q003"": ""consensus_estimate_human_primary_cause""}",consensus_stage_a,consensus_two_stage_interactive_adaptation_v1,G|LP0778|Consensus|stage_a|replicate_1,c8a59be5f2fad53374d6fa91d2badd4e47dfad2792ed73f6d2f9372956e31d59,675efa1486e53a4914248132dda701b834c9e26599d8c4c4d7b41db57bfcf2b0,
G|LP0779|Consensus|stage_a|replicate_1,G-ca190a8515eab38f05a226aeb143dd5ecff1b5da,G,target,LP0779,Consensus,consensus_stage_a_estimates,1,google/gemma-4-31B-it,3e7008c6684ec83bd4998e7c3e4b846f397ede69a5bb1a5260edc0706149c983,675efa1486e53a4914248132dda701b834c9e26599d8c4c4d7b41db57bfcf2b0,consensus_two_stage_interactive_adaptation_v1,prompt_compiler_v2_split_g_f,706529436,pending,Q001|Q002|Q003,"{""Q001"": ""consensus_estimate_co2_warms_planet"", ""Q002"": ""consensus_estimate_net_zero_before_2085"", ""Q003"": ""consensus_estimate_human_primary_cause""}",consensus_stage_a,consensus_two_stage_interactive_adaptation_v1,G|LP0779|Consensus|stage_a|replicate_1,3e7008c6684ec83bd4998e7c3e4b846f397ede69a5bb1a5260edc0706149c983,675efa1486e53a4914248132dda701b834c9e26599d8c4c4d7b41db57bfcf2b0,
G|LP0780|Consensus|stage_a|replicate_1,G-74e7ad447168dbc1b2b409252da5c22a2abcfbd0,G,target,LP0780,Consensus,consensus_stage_a_estimates,1,google/gemma-4-31B-it,de17cce7669778e98c3df7645cc7359fca6be8d4562f8509ad61db18984245ec,675efa1486e53a4914248132dda701b834c9e26599d8c4c4d7b41db57bfcf2b0,consensus_two_stage_interactive_adaptation_v1,prompt_compiler_v2_split_g_f,1530410571,pending,Q001|Q002|Q003,"{""Q001"": ""consensus_estimate_co2_warms_planet"", ""Q002"": ""consensus_estimate_net_zero_before_2085"", ""Q003"": ""consensus_estimate_human_primary_cause""}",consensus_stage_a,consensus_two_stage_interactive_adaptation_v1,G|LP0780|Consensus|stage_a|replicate_1,de17cce7669778e98c3df7645cc7359fca6be8d4562f8509ad61db18984245ec,675efa1486e53a4914248132dda701b834c9e26599d8c4c4d7b41db57bfcf2b0,
G|LP0781|Consensus|stage_a|replicate_1,G-1d192f657bcc081618ab3c83a658b2897050a236,G,target,LP0781,Consensus,consensus_stage_a_estimates,1,google/gemma-4-31B-it,197775cb29a92971f3ec5e862590bcc820bf37086278c90c86f34634d38e9044,675efa1486e53a4914248132dda701b834c9e26599d8c4c4d7b41db57bfcf2b0,consensus_two_stage_interactive_adaptation_v1,prompt_compiler_v2_split_g_f,905864929,pending,Q001|Q002|Q003,"{""Q001"": ""consensus_estimate_net_zero_before_2085"", ""Q002"": ""consensus_estimate_human_primary_cause"", ""Q003"": ""consensus_estimate_co2_warms_planet""}",consensus_stage_a,consensus_two_stage_interactive_adaptation_v1,G|LP0781|Consensus|stage_a|replicate_1,197775cb29a92971f3ec5e862590bcc820bf37086278c90c86f34634d38e9044,675efa1486e53a4914248132dda701b834c9e26599d8c4c4d7b41db57bfcf2b0,
G|LP0782|Consensus|stage_a|replicate_1,G-a65dd513bb1c2ed9c7c9897c6fe8e0a44e494cf1,G,target,LP0782,Consensus,consensus_stage_a_estimates,1,google/gemma-4-31B-it,cb71a1f70aab7673f6b2df20431c008a6058b2ee9fa1ac383255bc89efc0f424,675efa1486e53a4914248132dda701b834c9e26599d8c4c4d7b41db57bfcf2b0,consensus_two_stage_interactive_adaptation_v1,prompt_compiler_v2_split_g_f,131586307,pending,Q001|Q002|Q003,"{""Q001"": ""consensus_estimate_co2_warms_planet"", ""Q002"": ""consensus_estimate_net_zero_before_2085"", ""Q003"": ""consensus_estimate_human_primary_cause""}",consensus_stage_a,consensus_two_stage_interactive_adaptation_v1,G|LP0782|Consensus|stage_a|replicate_1,cb71a1f70aab7673f6b2df20431c008a6058b2ee9fa1ac383255bc89efc0f424,675efa1486e53a4914248132dda701b834c9e26599d8c4c4d7b41db57bfcf2b0,
G|LP0783|Consensus|stage_a|replicate_1,G-b73c4602ab762c1840ee45535d2c51e4a9a919ea,G,target,LP0783,Consensus,consensus_stage_a_estimates,1,google/gemma-4-31B-it,0a4f1b28094c284dde726c62c2fe8fb0dc552ee7ed5c21a98b021380a3caa3fe,675efa1486e53a4914248132dda701b834c9e26599d8c4c4d7b41db57bfcf2b0,consensus_two_stage_interactive_adaptation_v1,prompt_compiler_v2_split_g_f,435075104,pending,Q001|Q002|Q003,"{""Q001"": ""consensus_estimate_human_primary_cause"", ""Q002"": ""consensus_estimate_net_zero_before_2085"", ""Q003"": ""consensus_estimate_co2_warms_planet""}",consensus_stage_a,consensus_two_stage_interactive_adaptation_v1,G|LP0783|Consensus|stage_a|replicate_1,0a4f1b28094c284dde726c62c2fe8fb0dc552ee7ed5c21a98b021380a3caa3fe,675efa1486e53a4914248132dda701b834c9e26599d8c4c4d7b41db57bfcf2b0,
G|LP0784|Consensus|stage_a|replicate_1,G-954933586f98bf9c46ef535e5008d0c56f6aca72,G,target,LP0784,Consensus,consensus_stage_a_estimates,1,google/gemma-4-31B-it,c07fab217acb22e25dc02d3683d6e7c3d5b110efedc467c696c3b796fe4eeada,675efa1486e53a4914248132dda701b834c9e26599d8c4c4d7b41db57bfcf2b0,consensus_two_stage_interactive_adaptation_v1,prompt_compiler_v2_split_g_f,439035471,pending,Q001|Q002|Q003,"{""Q001"": ""consensus_estimate_net_zero_before_2085"", ""Q002"": ""consensus_estimate_co2_warms_planet"", ""Q003"": ""consensus_estimate_human_primary_cause""}",consensus_stage_a,consensus_two_stage_interactive_adaptation_v1,G|LP0784|Consensus|stage_a|replicate_1,c07fab217acb22e25dc02d3683d6e7c3d5b110efedc467c696c3b796fe4eeada,675efa1486e53a4914248132dda701b834c9e26599d8c4c4d7b41db57bfcf2b0,
G|LP0785|Consensus|stage_a|replicate_1,G-db5bf035afde05ed65e3a966d32ece10f6017e2f,G,target,LP0785,Consensus,consensus_stage_a_estimates,1,google/gemma-4-31B-it,5b5b84813662099156e0a92dfad4fa715458883341547daf897da89873c1c68a,675efa1486e53a4914248132dda701b834c9e26599d8c4c4d7b41db57bfcf2b0,consensus_two_stage_interactive_adaptation_v1,prompt_compiler_v2_split_g_f,1721099867,pending,Q001|Q002|Q003,"{""Q001"": ""consensus_estimate_human_primary_cause"", ""Q002"": ""consensus_estimate_co2_warms_planet"", ""Q003"": ""consensus_estimate_net_zero_before_2085""}",consensus_stage_a,consensus_two_stage_interactive_adaptation_v1,G|LP0785|Consensus|stage_a|replicate_1,5b5b84813662099156e0a92dfad4fa715458883341547daf897da89873c1c68a,675efa1486e53a4914248132dda701b834c9e26599d8c4c4d7b41db57bfcf2b0,
G|LP0786|Consensus|stage_a|replicate_1,G-2f5e98a1037daf7761b2aee9234e5e52cd0d2984,G,target,LP0786,Consensus,consensus_stage_a_estimates,1,google/gemma-4-31B-it,fa49e78f8563e29731bdf9793d96db468e1e31880551f2ad13cb6b8034058ec0,675efa1486e53a4914248132dda701b834c9e26599d8c4c4d7b41db57bfcf2b0,consensus_two_stage_interactive_adaptation_v1,prompt_compiler_v2_split_g_f,1648025785,pending,Q001|Q002|Q003,"{""Q001"": ""consensus_estimate_net_zero_before_2085"", ""Q002"": ""consensus_estimate_human_primary_cause"", ""Q003"": ""consensus_estimate_co2_warms_planet""}",consensus_stage_a,consensus_two_stage_interactive_adaptation_v1,G|LP0786|Consensus|stage_a|replicate_1,fa49e78f8563e29731bdf9793d96db468e1e31880551f2ad13cb6b8034058ec0,675efa1486e53a4914248132dda701b834c9e26599d8c4c4d7b41db57bfcf2b0,
G|LP0787|Consensus|stage_a|replicate_1,G-2e8905c67f9cb6d29e8efc685b7b96d688287b30,G,target,LP0787,Consensus,consensus_stage_a_estimates,1,google/gemma-4-31B-it,4233c9764ba9e11cf923b509b4f700bb621fcfef8d31ce20670a8c74606bc499,675efa1486e53a4914248132dda701b834c9e26599d8c4c4d7b41db57bfcf2b0,consensus_two_stage_interactive_adaptation_v1,prompt_compiler_v2_split_g_f,1554956895,pending,Q001|Q002|Q003,"{""Q001"": ""consensus_estimate_co2_warms_planet"", ""Q002"": ""consensus_estimate_human_primary_cause"", ""Q003"": ""consensus_estimate_net_zero_before_2085""}",consensus_stage_a,consensus_two_stage_interactive_adaptation_v1,G|LP0787|Consensus|stage_a|replicate_1,4233c9764ba9e11cf923b509b4f700bb621fcfef8d31ce20670a8c74606bc499,675efa1486e53a4914248132dda701b834c9e26599d8c4c4d7b41db57bfcf2b0,
G|LP0788|Consensus|stage_a|replicate_1,G-f41f774b4a02f08631f2ae394a9ba4b9e0362a54,G,target,LP0788,Consensus,consensus_stage_a_estimates,1,google/gemma-4-31B-it,028322cc3124d7c776c0670233517b85fbd45e700d31452e30663a7bf5f91376,675efa1486e53a4914248132dda701b834c9e26599d8c4c4d7b41db57bfcf2b0,consensus_two_stage_interactive_adaptation_v1,prompt_compiler_v2_split_g_f,843177760,pending,Q001|Q002|Q003,"{""Q001"": ""consensus_estimate_net_zero_before_2085"", ""Q002"": ""consensus_estimate_co2_warms_planet"", ""Q003"": ""consensus_estimate_human_primary_cause""}",consensus_stage_a,consensus_two_stage_interactive_adaptation_v1,G|LP0788|Consensus|stage_a|replicate_1,028322cc3124d7c776c0670233517b85fbd45e700d31452e30663a7bf5f91376,675efa1486e53a4914248132dda701b834c9e26599d8c4c4d7b41db57bfcf2b0,
G|LP0789|Consensus|stage_a|replicate_1,G-a7698582a78cbfbc75b0b3a1a02d1b76012e573a,G,target,LP0789,Consensus,consensus_stage_a_estimates,1,google/gemma-4-31B-it,82b2a6ffa3d10ed9ff9660909a07e5c4d21258fda59a0873844107d6fc1038a6,675efa1486e53a4914248132dda701b834c9e26599d8c4c4d7b41db57bfcf2b0,consensus_two_stage_interactive_adaptation_v1,prompt_compiler_v2_split_g_f,1985989315,pending,Q001|Q002|Q003,"{""Q001"": ""consensus_estimate_human_primary_cause"", ""Q002"": ""consensus_estimate_net_zero_before_2085"", ""Q003"": ""consensus_estimate_co2_warms_planet""}",consensus_stage_a,consensus_two_stage_interactive_adaptation_v1,G|LP0789|Consensus|stage_a|replicate_1,82b2a6ffa3d10ed9ff9660909a07e5c4d21258fda59a0873844107d6fc1038a6,675efa1486e53a4914248132dda701b834c9e26599d8c4c4d7b41db57bfcf2b0,
G|LP0790|Consensus|stage_a|replicate_1,G-f005764e93acf5869d5c39fadcf2d2395919431b,G,target,LP0790,Consensus,consensus_stage_a_estimates,1,google/gemma-4-31B-it,1b4f1880320578bb25efc1b236592126301a98084f449ad4e91205b8785e0163,675efa1486e53a4914248132dda701b834c9e26599d8c4c4d7b41db57bfcf2b0,consensus_two_stage_interactive_adaptation_v1,prompt_compiler_v2_split_g_f,1941430822,pending,Q001|Q002|Q003,"{""Q001"": ""consensus_estimate_net_zero_before_2085"", ""Q002"": ""consensus_estimate_co2_warms_planet"", ""Q003"": ""consensus_estimate_human_primary_cause""}",consensus_stage_a,consensus_two_stage_interactive_adaptation_v1,G|LP0790|Consensus|stage_a|replicate_1,1b4f1880320578bb25efc1b236592126301a98084f449ad4e91205b8785e0163,675efa1486e53a4914248132dda701b834c9e26599d8c4c4d7b41db57bfcf2b0,
G|LP0791|Consensus|stage_a|replicate_1,G-bc50030e7da31fc368d1703e79083ae8bd7006b9,G,target,LP0791,Consensus,consensus_stage_a_estimates,1,google/gemma-4-31B-it,a3d5a13775c5b94aac2bc60c942031ae8c6fb0904ac19faa724ba129e49de0b9,675efa1486e53a4914248132dda701b834c9e26599d8c4c4d7b41db57bfcf2b0,consensus_two_stage_interactive_adaptation_v1,prompt_compiler_v2_split_g_f,1984112098,pending,Q001|Q002|Q003,"{""Q001"": ""consensus_estimate_co2_warms_planet"", ""Q002"": ""consensus_estimate_human_primary_cause"", ""Q003"": ""consensus_estimate_net_zero_before_2085""}",consensus_stage_a,consensus_two_stage_interactive_adaptation_v1,G|LP0791|Consensus|stage_a|replicate_1,a3d5a13775c5b94aac2bc60c942031ae8c6fb0904ac19faa724ba129e49de0b9,675efa1486e53a4914248132dda701b834c9e26599d8c4c4d7b41db57bfcf2b0,
G|LP0792|Consensus|stage_a|replicate_1,G-34ffff582140d2da07f568848adb38010baf8f52,G,target,LP0792,Consensus,consensus_stage_a_estimates,1,google/gemma-4-31B-it,f85c70bd0690e12e208e69641eb3217e5ef2cc4732b112ad216fb5bbadbe6dc4,675efa1486e53a4914248132dda701b834c9e26599d8c4c4d7b41db57bfcf2b0,consensus_two_stage_interactive_adaptation_v1,prompt_compiler_v2_split_g_f,188797323,pending,Q001|Q002|Q003,"{""Q001"": ""consensus_estimate_net_zero_before_2085"", ""Q002"": ""consensus_estimate_co2_warms_planet"", ""Q003"": ""consensus_estimate_human_primary_cause""}",consensus_stage_a,consensus_two_stage_interactive_adaptation_v1,G|LP0792|Consensus|stage_a|replicate_1,f85c70bd0690e12e208e69641eb3217e5ef2cc4732b112ad216fb5bbadbe6dc4,675efa1486e53a4914248132dda701b834c9e26599d8c4c4d7b41db57bfcf2b0,
G|LP0793|Consensus|stage_a|replicate_1,G-0d4681426c7ca73893c13269afd2ef75fa20e477,G,target,LP0793,Consensus,consensus_stage_a_estimates,1,google/gemma-4-31B-it,d679c8ed9bbb9b9e87ea748233522262e55acbfef84d93a6ec968acbb6b83af0,675efa1486e53a4914248132dda701b834c9e26599d8c4c4d7b41db57bfcf2b0,consensus_two_stage_interactive_adaptation_v1,prompt_compiler_v2_split_g_f,118073789,pending,Q001|Q002|Q003,"{""Q001"": ""consensus_estimate_net_zero_before_2085"", ""Q002"": ""consensus_estimate_co2_warms_planet"", ""Q003"": ""consensus_estimate_human_primary_cause""}",consensus_stage_a,consensus_two_stage_interactive_adaptation_v1,G|LP0793|Consensus|stage_a|replicate_1,d679c8ed9bbb9b9e87ea748233522262e55acbfef84d93a6ec968acbb6b83af0,675efa1486e53a4914248132dda701b834c9e26599d8c4c4d7b41db57bfcf2b0,
G|LP0794|Consensus|stage_a|replicate_1,G-d37b05af023e19151b33a334a685c96d3fd37ab7,G,target,LP0794,Consensus,consensus_stage_a_estimates,1,google/gemma-4-31B-it,d6cf8afbe82651532bd0276725f3f8c16ea3c39b1832e4570322484ff0db750c,675efa1486e53a4914248132dda701b834c9e26599d8c4c4d7b41db57bfcf2b0,consensus_two_stage_interactive_adaptation_v1,prompt_compiler_v2_split_g_f,691283062,pending,Q001|Q002|Q003,"{""Q001"": ""consensus_estimate_net_zero_before_2085"", ""Q002"": ""consensus_estimate_human_primary_cause"", ""Q003"": ""consensus_estimate_co2_warms_planet""}",consensus_stage_a,consensus_two_stage_interactive_adaptation_v1,G|LP0794|Consensus|stage_a|replicate_1,d6cf8afbe82651532bd0276725f3f8c16ea3c39b1832e4570322484ff0db750c,675efa1486e53a4914248132dda701b834c9e26599d8c4c4d7b41db57bfcf2b0,
G|LP0795|Consensus|stage_a|replicate_1,G-0278a6bb1d1449f452d87d31f206f4b832db076e,G,target,LP0795,Consensus,consensus_stage_a_estimates,1,google/gemma-4-31B-it,64517abd5306136390de9010473db8e56f588466d63b18f71c9844edb8d02e6c,675efa1486e53a4914248132dda701b834c9e26599d8c4c4d7b41db57bfcf2b0,consensus_two_stage_interactive_adaptation_v1,prompt_compiler_v2_split_g_f,570791786,pending,Q001|Q002|Q003,"{""Q001"": ""consensus_estimate_net_zero_before_2085"", ""Q002"": ""consensus_estimate_human_primary_cause"", ""Q003"": ""consensus_estimate_co2_warms_planet""}",consensus_stage_a,consensus_two_stage_interactive_adaptation_v1,G|LP0795|Consensus|stage_a|replicate_1,64517abd5306136390de9010473db8e56f588466d63b18f71c9844edb8d02e6c,675efa1486e53a4914248132dda701b834c9e26599d8c4c4d7b41db57bfcf2b0,
G|LP0796|Consensus|stage_a|replicate_1,G-30c2e511f01280c63f135c59f1bb7178439db5f0,G,target,LP0796,Consensus,consensus_stage_a_estimates,1,google/gemma-4-31B-it,663ad24e9cdc90a8ca9e10e0f87de513661ced5c85ca51e5c4d79e87cf7f5684,675efa1486e53a4914248132dda701b834c9e26599d8c4c4d7b41db57bfcf2b0,consensus_two_stage_interactive_adaptation_v1,prompt_compiler_v2_split_g_f,1368935146,pending,Q001|Q002|Q003,"{""Q001"": ""consensus_estimate_co2_warms_planet"", ""Q002"": ""consensus_estimate_human_primary_cause"", ""Q003"": ""consensus_estimate_net_zero_before_2085""}",consensus_stage_a,consensus_two_stage_interactive_adaptation_v1,G|LP0796|Consensus|stage_a|replicate_1,663ad24e9cdc90a8ca9e10e0f87de513661ced5c85ca51e5c4d79e87cf7f5684,675efa1486e53a4914248132dda701b834c9e26599d8c4c4d7b41db57bfcf2b0,
G|LP0797|Consensus|stage_a|replicate_1,G-de263a6a7d808e47bf21d23f36be7bbda560d9c0,G,target,LP0797,Consensus,consensus_stage_a_estimates,1,google/gemma-4-31B-it,a841cbaba4fa2913191f2c4d229567868d6ecda534f9d91652565f27f3627611,675efa1486e53a4914248132dda701b834c9e26599d8c4c4d7b41db57bfcf2b0,consensus_two_stage_interactive_adaptation_v1,prompt_compiler_v2_split_g_f,969736991,pending,Q001|Q002|Q003,"{""Q001"": ""consensus_estimate_net_zero_before_2085"", ""Q002"": ""consensus_estimate_human_primary_cause"", ""Q003"": ""consensus_estimate_co2_warms_planet""}",consensus_stage_a,consensus_two_stage_interactive_adaptation_v1,G|LP0797|Consensus|stage_a|replicate_1,a841cbaba4fa2913191f2c4d229567868d6ecda534f9d91652565f27f3627611,675efa1486e53a4914248132dda701b834c9e26599d8c4c4d7b41db57bfcf2b0,
G|LP0798|Consensus|stage_a|replicate_1,G-d319af2e71615bff0e7cde23c434c5a36b51e739,G,target,LP0798,Consensus,consensus_stage_a_estimates,1,google/gemma-4-31B-it,e4b32298a9c993a57e33fda7e7e6e36de19a78226735f4e3edbce1c7f5ed343d,675efa1486e53a4914248132dda701b834c9e26599d8c4c4d7b41db57bfcf2b0,consensus_two_stage_interactive_adaptation_v1,prompt_compiler_v2_split_g_f,395623007,pending,Q001|Q002|Q003,"{""Q001"": ""consensus_estimate_net_zero_before_2085"", ""Q002"": ""consensus_estimate_human_primary_cause"", ""Q003"": ""consensus_estimate_co2_warms_planet""}",consensus_stage_a,consensus_two_stage_interactive_adaptation_v1,G|LP0798|Consensus|stage_a|replicate_1,e4b32298a9c993a57e33fda7e7e6e36de19a78226735f4e3edbce1c7f5ed343d,675efa1486e53a4914248132dda701b834c9e26599d8c4c4d7b41db57bfcf2b0,
G|LP0799|Consensus|stage_a|replicate_1,G-c9460c097218ba7028ffb867fc42aa4199e7156f,G,target,LP0799,Consensus,consensus_stage_a_estimates,1,google/gemma-4-31B-it,1e8d8e8cc1b75ac532635b48e1b593375d02c35dc7046606e685da5af4540748,675efa1486e53a4914248132dda701b834c9e26599d8c4c4d7b41db57bfcf2b0,consensus_two_stage_interactive_adaptation_v1,prompt_compiler_v2_split_g_f,77910662,pending,Q001|Q002|Q003,"{""Q001"": ""consensus_estimate_human_primary_cause"", ""Q002"": ""consensus_estimate_co2_warms_planet"", ""Q003"": ""consensus_estimate_net_zero_before_2085""}",consensus_stage_a,consensus_two_stage_interactive_adaptation_v1,G|LP0799|Consensus|stage_a|replicate_1,1e8d8e8cc1b75ac532635b48e1b593375d02c35dc7046606e685da5af4540748,675efa1486e53a4914248132dda701b834c9e26599d8c4c4d7b41db57bfcf2b0,
G|LP0800|Consensus|stage_a|replicate_1,G-da2e34518276b3a01dd054a4d0e4f851181720cd,G,target,LP0800,Consensus,consensus_stage_a_estimates,1,google/gemma-4-31B-it,e91df3f3f16d8d20977930308d84594499238d2e3194c7121eac8e8a8b05d222,675efa1486e53a4914248132dda701b834c9e26599d8c4c4d7b41db57bfcf2b0,consensus_two_stage_interactive_adaptation_v1,prompt_compiler_v2_split_g_f,919804998,pending,Q001|Q002|Q003,"{""Q001"": ""consensus_estimate_co2_warms_planet"", ""Q002"": ""consensus_estimate_net_zero_before_2085"", ""Q003"": ""consensus_estimate_human_primary_cause""}",consensus_stage_a,consensus_two_stage_interactive_adaptation_v1,G|LP0800|Consensus|stage_a|replicate_1,e91df3f3f16d8d20977930308d84594499238d2e3194c7121eac8e8a8b05d222,675efa1486e53a4914248132dda701b834c9e26599d8c4c4d7b41db57bfcf2b0,
G|LP0801|Consensus|stage_a|replicate_1,G-6b03810c8cdaee2e376e991c15f18dc9617a1238,G,target,LP0801,Consensus,consensus_stage_a_estimates,1,google/gemma-4-31B-it,a5857cb300eb6a1b55482dd75104bdb68122d6fc4f67bc20b999f8497097b4c4,675efa1486e53a4914248132dda701b834c9e26599d8c4c4d7b41db57bfcf2b0,consensus_two_stage_interactive_adaptation_v1,prompt_compiler_v2_split_g_f,1658974280,pending,Q001|Q002|Q003,"{""Q001"": ""consensus_estimate_net_zero_before_2085"", ""Q002"": ""consensus_estimate_human_primary_cause"", ""Q003"": ""consensus_estimate_co2_warms_planet""}",consensus_stage_a,consensus_two_stage_interactive_adaptation_v1,G|LP0801|Consensus|stage_a|replicate_1,a5857cb300eb6a1b55482dd75104bdb68122d6fc4f67bc20b999f8497097b4c4,675efa1486e53a4914248132dda701b834c9e26599d8c4c4d7b41db57bfcf2b0,
G|LP0802|Consensus|stage_a|replicate_1,G-db26024680a6d264d6b5c1144638121811abdbe3,G,target,LP0802,Consensus,consensus_stage_a_estimates,1,google/gemma-4-31B-it,8a4e6d95772530c4600d74b934618fcaec6011657763b7e3024880189985dd2a,675efa1486e53a4914248132dda701b834c9e26599d8c4c4d7b41db57bfcf2b0,consensus_two_stage_interactive_adaptation_v1,prompt_compiler_v2_split_g_f,921884404,pending,Q001|Q002|Q003,"{""Q001"": ""consensus_estimate_co2_warms_planet"", ""Q002"": ""consensus_estimate_net_zero_before_2085"", ""Q003"": ""consensus_estimate_human_primary_cause""}",consensus_stage_a,consensus_two_stage_interactive_adaptation_v1,G|LP0802|Consensus|stage_a|replicate_1,8a4e6d95772530c4600d74b934618fcaec6011657763b7e3024880189985dd2a,675efa1486e53a4914248132dda701b834c9e26599d8c4c4d7b41db57bfcf2b0,
G|LP0803|Consensus|stage_a|replicate_1,G-a6cf927acc12008d96c144e214add49c8c9fbd0e,G,target,LP0803,Consensus,consensus_stage_a_estimates,1,google/gemma-4-31B-it,6b4356a4fddacdfda075c4b4cd0d1c081a48cb420b0f927f6a4967774c7cfbdf,675efa1486e53a4914248132dda701b834c9e26599d8c4c4d7b41db57bfcf2b0,consensus_two_stage_interactive_adaptation_v1,prompt_compiler_v2_split_g_f,431039877,pending,Q001|Q002|Q003,"{""Q001"": ""consensus_estimate_human_primary_cause"", ""Q002"": ""consensus_estimate_net_zero_before_2085"", ""Q003"": ""consensus_estimate_co2_warms_planet""}",consensus_stage_a,consensus_two_stage_interactive_adaptation_v1,G|LP0803|Consensus|stage_a|replicate_1,6b4356a4fddacdfda075c4b4cd0d1c081a48cb420b0f927f6a4967774c7cfbdf,675efa1486e53a4914248132dda701b834c9e26599d8c4c4d7b41db57bfcf2b0,
G|LP0804|Consensus|stage_a|replicate_1,G-5a052de32c6f3395e7145b5c1823a6901fa18017,G,target,LP0804,Consensus,consensus_stage_a_estimates,1,google/gemma-4-31B-it,f547871518ef9152ae3cd599fda958a98eed8b504348a8b4852b95a816de6da6,675efa1486e53a4914248132dda701b834c9e26599d8c4c4d7b41db57bfcf2b0,consensus_two_stage_interactive_adaptation_v1,prompt_compiler_v2_split_g_f,1618579292,pending,Q001|Q002|Q003,"{""Q001"": ""consensus_estimate_human_primary_cause"", ""Q002"": ""consensus_estimate_net_zero_before_2085"", ""Q003"": ""consensus_estimate_co2_warms_planet""}",consensus_stage_a,consensus_two_stage_interactive_adaptation_v1,G|LP0804|Consensus|stage_a|replicate_1,f547871518ef9152ae3cd599fda958a98eed8b504348a8b4852b95a816de6da6,675efa1486e53a4914248132dda701b834c9e26599d8c4c4d7b41db57bfcf2b0,
G|LP0805|Consensus|stage_a|replicate_1,G-c3e123a0ec83b6c0ed171ccc9c0b06471317806f,G,target,LP0805,Consensus,consensus_stage_a_estimates,1,google/gemma-4-31B-it,3d43605e48e1d2139f5ed6297e18dbe60a96be798fc8da4ac9e6a0fcd2d9ca1e,675efa1486e53a4914248132dda701b834c9e26599d8c4c4d7b41db57bfcf2b0,consensus_two_stage_interactive_adaptation_v1,prompt_compiler_v2_split_g_f,1950744068,pending,Q001|Q002|Q003,"{""Q001"": ""consensus_estimate_net_zero_before_2085"", ""Q002"": ""consensus_estimate_co2_warms_planet"", ""Q003"": ""consensus_estimate_human_primary_cause""}",consensus_stage_a,consensus_two_stage_interactive_adaptation_v1,G|LP0805|Consensus|stage_a|replicate_1,3d43605e48e1d2139f5ed6297e18dbe60a96be798fc8da4ac9e6a0fcd2d9ca1e,675efa1486e53a4914248132dda701b834c9e26599d8c4c4d7b41db57bfcf2b0,
G|LP0806|Consensus|stage_a|replicate_1,G-c2a18ee53952a124785a79ece9b675f13de8e9f7,G,target,LP0806,Consensus,consensus_stage_a_estimates,1,google/gemma-4-31B-it,aa4aa8356f88b9d52b5871bd56e1c6e74d0ddab56c8fce8700c8160a04c8234d,675efa1486e53a4914248132dda701b834c9e26599d8c4c4d7b41db57bfcf2b0,consensus_two_stage_interactive_adaptation_v1,prompt_compiler_v2_split_g_f,1050001137,pending,Q001|Q002|Q003,"{""Q001"": ""consensus_estimate_net_zero_before_2085"", ""Q002"": ""consensus_estimate_co2_warms_planet"", ""Q003"": ""consensus_estimate_human_primary_cause""}",consensus_stage_a,consensus_two_stage_interactive_adaptation_v1,G|LP0806|Consensus|stage_a|replicate_1,aa4aa8356f88b9d52b5871bd56e1c6e74d0ddab56c8fce8700c8160a04c8234d,675efa1486e53a4914248132dda701b834c9e26599d8c4c4d7b41db57bfcf2b0,
G|LP0807|Consensus|stage_a|replicate_1,G-7d5dd831c9bd6d1e1ecf899df1cdb45c9ef88a4b,G,target,LP0807,Consensus,consensus_stage_a_estimates,1,google/gemma-4-31B-it,df890a98403832e9beef14380220ccf499d9d0afecdc1401d70a6f0cb9682c2a,675efa1486e53a4914248132dda701b834c9e26599d8c4c4d7b41db57bfcf2b0,consensus_two_stage_interactive_adaptation_v1,prompt_compiler_v2_split_g_f,1148788099,pending,Q001|Q002|Q003,"{""Q001"": ""consensus_estimate_co2_warms_planet"", ""Q002"": ""consensus_estimate_human_primary_cause"", ""Q003"": ""consensus_estimate_net_zero_before_2085""}",consensus_stage_a,consensus_two_stage_interactive_adaptation_v1,G|LP0807|Consensus|stage_a|replicate_1,df890a98403832e9beef14380220ccf499d9d0afecdc1401d70a6f0cb9682c2a,675efa1486e53a4914248132dda701b834c9e26599d8c4c4d7b41db57bfcf2b0,
G|LP0808|Consensus|stage_a|replicate_1,G-2634f1f48f809d7a37914e34c2238fd8a99f2e82,G,target,LP0808,Consensus,consensus_stage_a_estimates,1,google/gemma-4-31B-it,83bc36d967c6ed2e21e905af433d3f128e21ee3e5f71dca3fd818531f514ed04,675efa1486e53a4914248132dda701b834c9e26599d8c4c4d7b41db57bfcf2b0,consensus_two_stage_interactive_adaptation_v1,prompt_compiler_v2_split_g_f,1542095203,pending,Q001|Q002|Q003,"{""Q001"": ""consensus_estimate_co2_warms_planet"", ""Q002"": ""consensus_estimate_net_zero_before_2085"", ""Q003"": ""consensus_estimate_human_primary_cause""}",consensus_stage_a,consensus_two_stage_interactive_adaptation_v1,G|LP0808|Consensus|stage_a|replicate_1,83bc36d967c6ed2e21e905af433d3f128e21ee3e5f71dca3fd818531f514ed04,675efa1486e53a4914248132dda701b834c9e26599d8c4c4d7b41db57bfcf2b0,
G|LP0809|Consensus|stage_a|replicate_1,G-84a6ce5e0a0b28ff8da910f5a59a54c71e7bf3e6,G,target,LP0809,Consensus,consensus_stage_a_estimates,1,google/gemma-4-31B-it,319c5168acdd51e9237185b7bc800d6e614548e266e7fa853a282db53603e82a,675efa1486e53a4914248132dda701b834c9e26599d8c4c4d7b41db57bfcf2b0,consensus_two_stage_interactive_adaptation_v1,prompt_compiler_v2_split_g_f,324584893,pending,Q001|Q002|Q003,"{""Q001"": ""consensus_estimate_human_primary_cause"", ""Q002"": ""consensus_estimate_co2_warms_planet"", ""Q003"": ""consensus_estimate_net_zero_before_2085""}",consensus_stage_a,consensus_two_stage_interactive_adaptation_v1,G|LP0809|Consensus|stage_a|replicate_1,319c5168acdd51e9237185b7bc800d6e614548e266e7fa853a282db53603e82a,675efa1486e53a4914248132dda701b834c9e26599d8c4c4d7b41db57bfcf2b0,
G|LP0810|Consensus|stage_a|replicate_1,G-18eac92f9e9d3f7078e7d109bd686342305a465f,G,target,LP0810,Consensus,consensus_stage_a_estimates,1,google/gemma-4-31B-it,641071b6964a393860e4aedc635c44315e55ac6147753032d3d5d856d6f4b620,675efa1486e53a4914248132dda701b834c9e26599d8c4c4d7b41db57bfcf2b0,consensus_two_stage_interactive_adaptation_v1,prompt_compiler_v2_split_g_f,1349702095,pending,Q001|Q002|Q003,"{""Q001"": ""consensus_estimate_human_primary_cause"", ""Q002"": ""consensus_estimate_net_zero_before_2085"", ""Q003"": ""consensus_estimate_co2_warms_planet""}",consensus_stage_a,consensus_two_stage_interactive_adaptation_v1,G|LP0810|Consensus|stage_a|replicate_1,641071b6964a393860e4aedc635c44315e55ac6147753032d3d5d856d6f4b620,675efa1486e53a4914248132dda701b834c9e26599d8c4c4d7b41db57bfcf2b0,
G|LP0811|Consensus|stage_a|replicate_1,G-e795c9bd79ca41adf612687de88433a94f485080,G,target,LP0811,Consensus,consensus_stage_a_estimates,1,google/gemma-4-31B-it,0d8489b6a938d90c06c8467cacf4f7d71db5491a0dc171745c6f47db3f38a555,675efa1486e53a4914248132dda701b834c9e26599d8c4c4d7b41db57bfcf2b0,consensus_two_stage_interactive_adaptation_v1,prompt_compiler_v2_split_g_f,1224070443,pending,Q001|Q002|Q003,"{""Q001"": ""consensus_estimate_net_zero_before_2085"", ""Q002"": ""consensus_estimate_human_primary_cause"", ""Q003"": ""consensus_estimate_co2_warms_planet""}",consensus_stage_a,consensus_two_stage_interactive_adaptation_v1,G|LP0811|Consensus|stage_a|replicate_1,0d8489b6a938d90c06c8467cacf4f7d71db5491a0dc171745c6f47db3f38a555,675efa1486e53a4914248132dda701b834c9e26599d8c4c4d7b41db57bfcf2b0,
G|LP0812|Consensus|stage_a|replicate_1,G-f351b61468fe821c645d04a73a4346802a38f8bf,G,target,LP0812,Consensus,consensus_stage_a_estimates,1,google/gemma-4-31B-it,ae585865186e15c4cd8a610089439575bf5da60597d6e4e23984884bde8965c4,675efa1486e53a4914248132dda701b834c9e26599d8c4c4d7b41db57bfcf2b0,consensus_two_stage_interactive_adaptation_v1,prompt_compiler_v2_split_g_f,1336012360,pending,Q001|Q002|Q003,"{""Q001"": ""consensus_estimate_net_zero_before_2085"", ""Q002"": ""consensus_estimate_co2_warms_planet"", ""Q003"": ""consensus_estimate_human_primary_cause""}",consensus_stage_a,consensus_two_stage_interactive_adaptation_v1,G|LP0812|Consensus|stage_a|replicate_1,ae585865186e15c4cd8a610089439575bf5da60597d6e4e23984884bde8965c4,675efa1486e53a4914248132dda701b834c9e26599d8c4c4d7b41db57bfcf2b0,
G|LP0813|Consensus|stage_a|replicate_1,G-766f71d223087f7119cacf8bd4f5f9a2967b481c,G,target,LP0813,Consensus,consensus_stage_a_estimates,1,google/gemma-4-31B-it,8531cb042ea7267ad24a3d931eb44a9422e63cfea95c86c9903464b8b9be8130,675efa1486e53a4914248132dda701b834c9e26599d8c4c4d7b41db57bfcf2b0,consensus_two_stage_interactive_adaptation_v1,prompt_compiler_v2_split_g_f,266822423,pending,Q001|Q002|Q003,"{""Q001"": ""consensus_estimate_net_zero_before_2085"", ""Q002"": ""consensus_estimate_co2_warms_planet"", ""Q003"": ""consensus_estimate_human_primary_cause""}",consensus_stage_a,consensus_two_stage_interactive_adaptation_v1,G|LP0813|Consensus|stage_a|replicate_1,8531cb042ea7267ad24a3d931eb44a9422e63cfea95c86c9903464b8b9be8130,675efa1486e53a4914248132dda701b834c9e26599d8c4c4d7b41db57bfcf2b0,
G|LP0814|Consensus|stage_a|replicate_1,G-dff3875602735aac4217f335ea0e8e154fe8a8d4,G,target,LP0814,Consensus,consensus_stage_a_estimates,1,google/gemma-4-31B-it,450831743eea6d3113ca09a9cfe9254d963019110e61a3673150f9ef676f69ba,675efa1486e53a4914248132dda701b834c9e26599d8c4c4d7b41db57bfcf2b0,consensus_two_stage_interactive_adaptation_v1,prompt_compiler_v2_split_g_f,1113221467,pending,Q001|Q002|Q003,"{""Q001"": ""consensus_estimate_net_zero_before_2085"", ""Q002"": ""consensus_estimate_co2_warms_planet"", ""Q003"": ""consensus_estimate_human_primary_cause""}",consensus_stage_a,consensus_two_stage_interactive_adaptation_v1,G|LP0814|Consensus|stage_a|replicate_1,450831743eea6d3113ca09a9cfe9254d963019110e61a3673150f9ef676f69ba,675efa1486e53a4914248132dda701b834c9e26599d8c4c4d7b41db57bfcf2b0,
G|LP0815|Consensus|stage_a|replicate_1,G-e681bdfb4fbd60e158553e5dc13d09f7abf34474,G,target,LP0815,Consensus,consensus_stage_a_estimates,1,google/gemma-4-31B-it,8401ec5b532bdab131fb9451c77b02f92de092d53fe3ef085313b1915fb860e8,675efa1486e53a4914248132dda701b834c9e26599d8c4c4d7b41db57bfcf2b0,consensus_two_stage_interactive_adaptation_v1,prompt_compiler_v2_split_g_f,482401499,pending,Q001|Q002|Q003,"{""Q001"": ""consensus_estimate_net_zero_before_2085"", ""Q002"": ""consensus_estimate_co2_warms_planet"", ""Q003"": ""consensus_estimate_human_primary_cause""}",consensus_stage_a,consensus_two_stage_interactive_adaptation_v1,G|LP0815|Consensus|stage_a|replicate_1,8401ec5b532bdab131fb9451c77b02f92de092d53fe3ef085313b1915fb860e8,675efa1486e53a4914248132dda701b834c9e26599d8c4c4d7b41db57bfcf2b0,
G|LP0816|Consensus|stage_a|replicate_1,G-fe6847fa4e588ced46fd88c9133665becfc203cb,G,target,LP0816,Consensus,consensus_stage_a_estimates,1,google/gemma-4-31B-it,50deaf1f46511f0522d8b6cc06eefcc65dd85a4d16c1e589310e5307b46ef22d,675efa1486e53a4914248132dda701b834c9e26599d8c4c4d7b41db57bfcf2b0,consensus_two_stage_interactive_adaptation_v1,prompt_compiler_v2_split_g_f,1260985573,pending,Q001|Q002|Q003,"{""Q001"": ""consensus_estimate_net_zero_before_2085"", ""Q002"": ""consensus_estimate_co2_warms_planet"", ""Q003"": ""consensus_estimate_human_primary_cause""}",consensus_stage_a,consensus_two_stage_interactive_adaptation_v1,G|LP0816|Consensus|stage_a|replicate_1,50deaf1f46511f0522d8b6cc06eefcc65dd85a4d16c1e589310e5307b46ef22d,675efa1486e53a4914248132dda701b834c9e26599d8c4c4d7b41db57bfcf2b0,
G|LP0817|Consensus|stage_a|replicate_1,G-c56ff9942b57cc1ad2d3725cb740290a44feae13,G,target,LP0817,Consensus,consensus_stage_a_estimates,1,google/gemma-4-31B-it,7a9537c490ea4b31472ec863ab278d72d54e220256e2419ba0712f7c5f8d5e50,675efa1486e53a4914248132dda701b834c9e26599d8c4c4d7b41db57bfcf2b0,consensus_two_stage_interactive_adaptation_v1,prompt_compiler_v2_split_g_f,909623109,pending,Q001|Q002|Q003,"{""Q001"": ""consensus_estimate_net_zero_before_2085"", ""Q002"": ""consensus_estimate_co2_warms_planet"", ""Q003"": ""consensus_estimate_human_primary_cause""}",consensus_stage_a,consensus_two_stage_interactive_adaptation_v1,G|LP0817|Consensus|stage_a|replicate_1,7a9537c490ea4b31472ec863ab278d72d54e220256e2419ba0712f7c5f8d5e50,675efa1486e53a4914248132dda701b834c9e26599d8c4c4d7b41db57bfcf2b0,
G|LP0818|Consensus|stage_a|replicate_1,G-2834187acab8d8f8000fdf3aca9e69e96be92d7d,G,target,LP0818,Consensus,consensus_stage_a_estimates,1,google/gemma-4-31B-it,f948b21f2442c454f9672270aac305a5fb12358b27e4086dbaa78e60940610bd,675efa1486e53a4914248132dda701b834c9e26599d8c4c4d7b41db57bfcf2b0,consensus_two_stage_interactive_adaptation_v1,prompt_compiler_v2_split_g_f,455150062,pending,Q001|Q002|Q003,"{""Q001"": ""consensus_estimate_net_zero_before_2085"", ""Q002"": ""consensus_estimate_co2_warms_planet"", ""Q003"": ""consensus_estimate_human_primary_cause""}",consensus_stage_a,consensus_two_stage_interactive_adaptation_v1,G|LP0818|Consensus|stage_a|replicate_1,f948b21f2442c454f9672270aac305a5fb12358b27e4086dbaa78e60940610bd,675efa1486e53a4914248132dda701b834c9e26599d8c4c4d7b41db57bfcf2b0,
G|LP0819|Consensus|stage_a|replicate_1,G-c84e80c9b47e84f8354da83f6b3305740a497c17,G,target,LP0819,Consensus,consensus_stage_a_estimates,1,google/gemma-4-31B-it,52a87498945ea0fafc2278d526c96cf9b38d5836fb910ac69e8f1344408038e4,675efa1486e53a4914248132dda701b834c9e26599d8c4c4d7b41db57bfcf2b0,consensus_two_stage_interactive_adaptation_v1,prompt_compiler_v2_split_g_f,1159431822,pending,Q001|Q002|Q003,"{""Q001"": ""consensus_estimate_co2_warms_planet"", ""Q002"": ""consensus_estimate_net_zero_before_2085"", ""Q003"": ""consensus_estimate_human_primary_cause""}",consensus_stage_a,consensus_two_stage_interactive_adaptation_v1,G|LP0819|Consensus|stage_a|replicate_1,52a87498945ea0fafc2278d526c96cf9b38d5836fb910ac69e8f1344408038e4,675efa1486e53a4914248132dda701b834c9e26599d8c4c4d7b41db57bfcf2b0,
G|LP0820|Consensus|stage_a|replicate_1,G-1d379c9374065fd7e8facf299fe2ef3a0ceed6de,G,target,LP0820,Consensus,consensus_stage_a_estimates,1,google/gemma-4-31B-it,e7f796ffb7398dd173c8c4f3bb9e9e23a5f0ffde03482bd5af9167e0cbec6a61,675efa1486e53a4914248132dda701b834c9e26599d8c4c4d7b41db57bfcf2b0,consensus_two_stage_interactive_adaptation_v1,prompt_compiler_v2_split_g_f,779458814,pending,Q001|Q002|Q003,"{""Q001"": ""consensus_estimate_co2_warms_planet"", ""Q002"": ""consensus_estimate_human_primary_cause"", ""Q003"": ""consensus_estimate_net_zero_before_2085""}",consensus_stage_a,consensus_two_stage_interactive_adaptation_v1,G|LP0820|Consensus|stage_a|replicate_1,e7f796ffb7398dd173c8c4f3bb9e9e23a5f0ffde03482bd5af9167e0cbec6a61,675efa1486e53a4914248132dda701b834c9e26599d8c4c4d7b41db57bfcf2b0,
G|LP0821|Consensus|stage_a|replicate_1,G-0bcb6b730e781f560a1ae412e4a524bafc5d2a61,G,target,LP0821,Consensus,consensus_stage_a_estimates,1,google/gemma-4-31B-it,0637f95b71de519d3a7c408f34e890549bf5aa8f5fb8af74cac67ce308b104e4,675efa1486e53a4914248132dda701b834c9e26599d8c4c4d7b41db57bfcf2b0,consensus_two_stage_interactive_adaptation_v1,prompt_compiler_v2_split_g_f,638514748,pending,Q001|Q002|Q003,"{""Q001"": ""consensus_estimate_co2_warms_planet"", ""Q002"": ""consensus_estimate_human_primary_cause"", ""Q003"": ""consensus_estimate_net_zero_before_2085""}",consensus_stage_a,consensus_two_stage_interactive_adaptation_v1,G|LP0821|Consensus|stage_a|replicate_1,0637f95b71de519d3a7c408f34e890549bf5aa8f5fb8af74cac67ce308b104e4,675efa1486e53a4914248132dda701b834c9e26599d8c4c4d7b41db57bfcf2b0,
G|LP0822|Consensus|stage_a|replicate_1,G-6e7a0255175da3ea644ac8258c063c639fbbdac5,G,target,LP0822,Consensus,consensus_stage_a_estimates,1,google/gemma-4-31B-it,46fead13a397167ac2c9cb6dd8d42e220c919f8d4eee83898837881b04bd22e4,675efa1486e53a4914248132dda701b834c9e26599d8c4c4d7b41db57bfcf2b0,consensus_two_stage_interactive_adaptation_v1,prompt_compiler_v2_split_g_f,1951508629,pending,Q001|Q002|Q003,"{""Q001"": ""consensus_estimate_human_primary_cause"", ""Q002"": ""consensus_estimate_net_zero_before_2085"", ""Q003"": ""consensus_estimate_co2_warms_planet""}",consensus_stage_a,consensus_two_stage_interactive_adaptation_v1,G|LP0822|Consensus|stage_a|replicate_1,46fead13a397167ac2c9cb6dd8d42e220c919f8d4eee83898837881b04bd22e4,675efa1486e53a4914248132dda701b834c9e26599d8c4c4d7b41db57bfcf2b0,
G|LP0823|Consensus|stage_a|replicate_1,G-91c82bf8935db7efc85f6f2857aca6b932ae5ee4,G,target,LP0823,Consensus,consensus_stage_a_estimates,1,google/gemma-4-31B-it,b092f68e67291fac83621e297cc79f6c0eef302d0be288d2596e9775b69acd94,675efa1486e53a4914248132dda701b834c9e26599d8c4c4d7b41db57bfcf2b0,consensus_two_stage_interactive_adaptation_v1,prompt_compiler_v2_split_g_f,921571298,pending,Q001|Q002|Q003,"{""Q001"": ""consensus_estimate_net_zero_before_2085"", ""Q002"": ""consensus_estimate_co2_warms_planet"", ""Q003"": ""consensus_estimate_human_primary_cause""}",consensus_stage_a,consensus_two_stage_interactive_adaptation_v1,G|LP0823|Consensus|stage_a|replicate_1,b092f68e67291fac83621e297cc79f6c0eef302d0be288d2596e9775b69acd94,675efa1486e53a4914248132dda701b834c9e26599d8c4c4d7b41db57bfcf2b0,
G|LP0824|Consensus|stage_a|replicate_1,G-9df43b1faec889b23813900ac355118d05fdf5a0,G,target,LP0824,Consensus,consensus_stage_a_estimates,1,google/gemma-4-31B-it,bbe0e23f6c265d561688bb8e1cf88127b5bfc783a29584e0dfca0373ad2dc7a0,675efa1486e53a4914248132dda701b834c9e26599d8c4c4d7b41db57bfcf2b0,consensus_two_stage_interactive_adaptation_v1,prompt_compiler_v2_split_g_f,1789984755,pending,Q001|Q002|Q003,"{""Q001"": ""consensus_estimate_net_zero_before_2085"", ""Q002"": ""consensus_estimate_co2_warms_planet"", ""Q003"": ""consensus_estimate_human_primary_cause""}",consensus_stage_a,consensus_two_stage_interactive_adaptation_v1,G|LP0824|Consensus|stage_a|replicate_1,bbe0e23f6c265d561688bb8e1cf88127b5bfc783a29584e0dfca0373ad2dc7a0,675efa1486e53a4914248132dda701b834c9e26599d8c4c4d7b41db57bfcf2b0,
G|LP0825|Consensus|stage_a|replicate_1,G-d5d460b65aa0a738064c462176cda647ab2df54c,G,target,LP0825,Consensus,consensus_stage_a_estimates,1,google/gemma-4-31B-it,b061b9c4aa00b9830e69b02dc8a2dd3652031b95d0d6ce87710ea8e63eee5c3b,675efa1486e53a4914248132dda701b834c9e26599d8c4c4d7b41db57bfcf2b0,consensus_two_stage_interactive_adaptation_v1,prompt_compiler_v2_split_g_f,105474216,pending,Q001|Q002|Q003,"{""Q001"": ""consensus_estimate_net_zero_before_2085"", ""Q002"": ""consensus_estimate_human_primary_cause"", ""Q003"": ""consensus_estimate_co2_warms_planet""}",consensus_stage_a,consensus_two_stage_interactive_adaptation_v1,G|LP0825|Consensus|stage_a|replicate_1,b061b9c4aa00b9830e69b02dc8a2dd3652031b95d0d6ce87710ea8e63eee5c3b,675efa1486e53a4914248132dda701b834c9e26599d8c4c4d7b41db57bfcf2b0,
G|LP0826|Consensus|stage_a|replicate_1,G-668c517b54908a07a179123bc45d7edda1f1fb43,G,target,LP0826,Consensus,consensus_stage_a_estimates,1,google/gemma-4-31B-it,2a136077222f16095688ef46ca755ec5c503bb7079a0ed03474a5b0f33833ca8,675efa1486e53a4914248132dda701b834c9e26599d8c4c4d7b41db57bfcf2b0,consensus_two_stage_interactive_adaptation_v1,prompt_compiler_v2_split_g_f,564735231,pending,Q001|Q002|Q003,"{""Q001"": ""consensus_estimate_human_primary_cause"", ""Q002"": ""consensus_estimate_net_zero_before_2085"", ""Q003"": ""consensus_estimate_co2_warms_planet""}",consensus_stage_a,consensus_two_stage_interactive_adaptation_v1,G|LP0826|Consensus|stage_a|replicate_1,2a136077222f16095688ef46ca755ec5c503bb7079a0ed03474a5b0f33833ca8,675efa1486e53a4914248132dda701b834c9e26599d8c4c4d7b41db57bfcf2b0,
G|LP0827|Consensus|stage_a|replicate_1,G-d09c67cf53ca74399def3674432494966d658ab5,G,target,LP0827,Consensus,consensus_stage_a_estimates,1,google/gemma-4-31B-it,03dd9e63ef8dbe1a59d10502102281fc7185613ddf37d0e5d9998b6dd959dd22,675efa1486e53a4914248132dda701b834c9e26599d8c4c4d7b41db57bfcf2b0,consensus_two_stage_interactive_adaptation_v1,prompt_compiler_v2_split_g_f,1963148250,pending,Q001|Q002|Q003,"{""Q001"": ""consensus_estimate_net_zero_before_2085"", ""Q002"": ""consensus_estimate_co2_warms_planet"", ""Q003"": ""consensus_estimate_human_primary_cause""}",consensus_stage_a,consensus_two_stage_interactive_adaptation_v1,G|LP0827|Consensus|stage_a|replicate_1,03dd9e63ef8dbe1a59d10502102281fc7185613ddf37d0e5d9998b6dd959dd22,675efa1486e53a4914248132dda701b834c9e26599d8c4c4d7b41db57bfcf2b0,
G|LP0828|Consensus|stage_a|replicate_1,G-64f7203756f1eb91924af45d5e837de70268b6a9,G,target,LP0828,Consensus,consensus_stage_a_estimates,1,google/gemma-4-31B-it,5adc1f8d782d78398d26b707ed869fb20b9c1300a54e8d222331851498a21c6e,675efa1486e53a4914248132dda701b834c9e26599d8c4c4d7b41db57bfcf2b0,consensus_two_stage_interactive_adaptation_v1,prompt_compiler_v2_split_g_f,551562241,pending,Q001|Q002|Q003,"{""Q001"": ""consensus_estimate_human_primary_cause"", ""Q002"": ""consensus_estimate_co2_warms_planet"", ""Q003"": ""consensus_estimate_net_zero_before_2085""}",consensus_stage_a,consensus_two_stage_interactive_adaptation_v1,G|LP0828|Consensus|stage_a|replicate_1,5adc1f8d782d78398d26b707ed869fb20b9c1300a54e8d222331851498a21c6e,675efa1486e53a4914248132dda701b834c9e26599d8c4c4d7b41db57bfcf2b0,
G|LP0829|Consensus|stage_a|replicate_1,G-1509a14806e9218c2ace3f455f2fdaa0c390f2c3,G,target,LP0829,Consensus,consensus_stage_a_estimates,1,google/gemma-4-31B-it,bdc5d24af15ecbca576a7b4dce0df778b25ca163117ce87c15d2f9c082894066,675efa1486e53a4914248132dda701b834c9e26599d8c4c4d7b41db57bfcf2b0,consensus_two_stage_interactive_adaptation_v1,prompt_compiler_v2_split_g_f,821847068,pending,Q001|Q002|Q003,"{""Q001"": ""consensus_estimate_co2_warms_planet"", ""Q002"": ""consensus_estimate_human_primary_cause"", ""Q003"": ""consensus_estimate_net_zero_before_2085""}",consensus_stage_a,consensus_two_stage_interactive_adaptation_v1,G|LP0829|Consensus|stage_a|replicate_1,bdc5d24af15ecbca576a7b4dce0df778b25ca163117ce87c15d2f9c082894066,675efa1486e53a4914248132dda701b834c9e26599d8c4c4d7b41db57bfcf2b0,
G|LP0830|Consensus|stage_a|replicate_1,G-5b409c1d2818b669b1a3c390d1f546902d103f7b,G,target,LP0830,Consensus,consensus_stage_a_estimates,1,google/gemma-4-31B-it,49312c7189f35a16a2c5344c5022d0dad42fcc526218332abd1c00945e640582,675efa1486e53a4914248132dda701b834c9e26599d8c4c4d7b41db57bfcf2b0,consensus_two_stage_interactive_adaptation_v1,prompt_compiler_v2_split_g_f,1587146404,pending,Q001|Q002|Q003,"{""Q001"": ""consensus_estimate_human_primary_cause"", ""Q002"": ""consensus_estimate_co2_warms_planet"", ""Q003"": ""consensus_estimate_net_zero_before_2085""}",consensus_stage_a,consensus_two_stage_interactive_adaptation_v1,G|LP0830|Consensus|stage_a|replicate_1,49312c7189f35a16a2c5344c5022d0dad42fcc526218332abd1c00945e640582,675efa1486e53a4914248132dda701b834c9e26599d8c4c4d7b41db57bfcf2b0,
G|LP0831|Consensus|stage_a|replicate_1,G-b87ba245b256a949ec6723619fda7d99686badcc,G,target,LP0831,Consensus,consensus_stage_a_estimates,1,google/gemma-4-31B-it,46dc72dc42e0c5576226a2ca45fa1524e23260e3bb90ef596491a63513ebd20d,675efa1486e53a4914248132dda701b834c9e26599d8c4c4d7b41db57bfcf2b0,consensus_two_stage_interactive_adaptation_v1,prompt_compiler_v2_split_g_f,592309719,pending,Q001|Q002|Q003,"{""Q001"": ""consensus_estimate_human_primary_cause"", ""Q002"": ""consensus_estimate_co2_warms_planet"", ""Q003"": ""consensus_estimate_net_zero_before_2085""}",consensus_stage_a,consensus_two_stage_interactive_adaptation_v1,G|LP0831|Consensus|stage_a|replicate_1,46dc72dc42e0c5576226a2ca45fa1524e23260e3bb90ef596491a63513ebd20d,675efa1486e53a4914248132dda701b834c9e26599d8c4c4d7b41db57bfcf2b0,
G|LP0832|Consensus|stage_a|replicate_1,G-b7c5eb46d2a1cdc64a729c23b00007a87b9027b5,G,target,LP0832,Consensus,consensus_stage_a_estimates,1,google/gemma-4-31B-it,c614eec78aba15cc0589984bede001901bbbd9f9de35d26bfd1b19d699f6360f,675efa1486e53a4914248132dda701b834c9e26599d8c4c4d7b41db57bfcf2b0,consensus_two_stage_interactive_adaptation_v1,prompt_compiler_v2_split_g_f,1110287446,pending,Q001|Q002|Q003,"{""Q001"": ""consensus_estimate_co2_warms_planet"", ""Q002"": ""consensus_estimate_human_primary_cause"", ""Q003"": ""consensus_estimate_net_zero_before_2085""}",consensus_stage_a,consensus_two_stage_interactive_adaptation_v1,G|LP0832|Consensus|stage_a|replicate_1,c614eec78aba15cc0589984bede001901bbbd9f9de35d26bfd1b19d699f6360f,675efa1486e53a4914248132dda701b834c9e26599d8c4c4d7b41db57bfcf2b0,
G|LP0833|Consensus|stage_a|replicate_1,G-fa297f658b6a9a29a724b98822fd243a106a575a,G,target,LP0833,Consensus,consensus_stage_a_estimates,1,google/gemma-4-31B-it,4746432e6cf088ccccb64325998d605a4e1b19c04f836ef00bc320bc0c05ae2d,675efa1486e53a4914248132dda701b834c9e26599d8c4c4d7b41db57bfcf2b0,consensus_two_stage_interactive_adaptation_v1,prompt_compiler_v2_split_g_f,2143131895,pending,Q001|Q002|Q003,"{""Q001"": ""consensus_estimate_co2_warms_planet"", ""Q002"": ""consensus_estimate_human_primary_cause"", ""Q003"": ""consensus_estimate_net_zero_before_2085""}",consensus_stage_a,consensus_two_stage_interactive_adaptation_v1,G|LP0833|Consensus|stage_a|replicate_1,4746432e6cf088ccccb64325998d605a4e1b19c04f836ef00bc320bc0c05ae2d,675efa1486e53a4914248132dda701b834c9e26599d8c4c4d7b41db57bfcf2b0,
G|LP0834|Consensus|stage_a|replicate_1,G-94d3e2a8e9538becda010208368671c89f25932b,G,target,LP0834,Consensus,consensus_stage_a_estimates,1,google/gemma-4-31B-it,54389ec04666d7c9d6c539a89109ac58196924b606ad653719f5d7056e41a948,675efa1486e53a4914248132dda701b834c9e26599d8c4c4d7b41db57bfcf2b0,consensus_two_stage_interactive_adaptation_v1,prompt_compiler_v2_split_g_f,318460224,pending,Q001|Q002|Q003,"{""Q001"": ""consensus_estimate_net_zero_before_2085"", ""Q002"": ""consensus_estimate_co2_warms_planet"", ""Q003"": ""consensus_estimate_human_primary_cause""}",consensus_stage_a,consensus_two_stage_interactive_adaptation_v1,G|LP0834|Consensus|stage_a|replicate_1,54389ec04666d7c9d6c539a89109ac58196924b606ad653719f5d7056e41a948,675efa1486e53a4914248132dda701b834c9e26599d8c4c4d7b41db57bfcf2b0,
G|LP0835|Consensus|stage_a|replicate_1,G-d954148f5c601bd5a9b72df06f5eda37ffa11831,G,target,LP0835,Consensus,consensus_stage_a_estimates,1,google/gemma-4-31B-it,df93a2c33d508fd95e870e39298e908ad4446d4289abb9043c16383f1d9445f1,675efa1486e53a4914248132dda701b834c9e26599d8c4c4d7b41db57bfcf2b0,consensus_two_stage_interactive_adaptation_v1,prompt_compiler_v2_split_g_f,252200183,pending,Q001|Q002|Q003,"{""Q001"": ""consensus_estimate_co2_warms_planet"", ""Q002"": ""consensus_estimate_human_primary_cause"", ""Q003"": ""consensus_estimate_net_zero_before_2085""}",consensus_stage_a,consensus_two_stage_interactive_adaptation_v1,G|LP0835|Consensus|stage_a|replicate_1,df93a2c33d508fd95e870e39298e908ad4446d4289abb9043c16383f1d9445f1,675efa1486e53a4914248132dda701b834c9e26599d8c4c4d7b41db57bfcf2b0,
G|LP0836|Consensus|stage_a|replicate_1,G-aad452fdac93adafad376921f40b60eca859e10f,G,target,LP0836,Consensus,consensus_stage_a_estimates,1,google/gemma-4-31B-it,ca3f734d28c6705fdb2fd56835385a9a34b74265038b000fcc210b50299fa963,675efa1486e53a4914248132dda701b834c9e26599d8c4c4d7b41db57bfcf2b0,consensus_two_stage_interactive_adaptation_v1,prompt_compiler_v2_split_g_f,37508013,pending,Q001|Q002|Q003,"{""Q001"": ""consensus_estimate_net_zero_before_2085"", ""Q002"": ""consensus_estimate_co2_warms_planet"", ""Q003"": ""consensus_estimate_human_primary_cause""}",consensus_stage_a,consensus_two_stage_interactive_adaptation_v1,G|LP0836|Consensus|stage_a|replicate_1,ca3f734d28c6705fdb2fd56835385a9a34b74265038b000fcc210b50299fa963,675efa1486e53a4914248132dda701b834c9e26599d8c4c4d7b41db57bfcf2b0,
G|LP0837|Consensus|stage_a|replicate_1,G-71dffee2bad5b37b187373abed55c67a33a6646a,G,target,LP0837,Consensus,consensus_stage_a_estimates,1,google/gemma-4-31B-it,da3adf8e0ac0f9b752b90bfe494e1f5b070c37dd9fa645b496b94110b29d872e,675efa1486e53a4914248132dda701b834c9e26599d8c4c4d7b41db57bfcf2b0,consensus_two_stage_interactive_adaptation_v1,prompt_compiler_v2_split_g_f,513126722,pending,Q001|Q002|Q003,"{""Q001"": ""consensus_estimate_human_primary_cause"", ""Q002"": ""consensus_estimate_net_zero_before_2085"", ""Q003"": ""consensus_estimate_co2_warms_planet""}",consensus_stage_a,consensus_two_stage_interactive_adaptation_v1,G|LP0837|Consensus|stage_a|replicate_1,da3adf8e0ac0f9b752b90bfe494e1f5b070c37dd9fa645b496b94110b29d872e,675efa1486e53a4914248132dda701b834c9e26599d8c4c4d7b41db57bfcf2b0,
G|LP0838|Consensus|stage_a|replicate_1,G-36b1e892ed7870d6e4bf301302f93db5bf529639,G,target,LP0838,Consensus,consensus_stage_a_estimates,1,google/gemma-4-31B-it,feb5f7ec9509c47d6041d677fd87947c8ce43c941991b20ae1b746f9c3a42fe6,675efa1486e53a4914248132dda701b834c9e26599d8c4c4d7b41db57bfcf2b0,consensus_two_stage_interactive_adaptation_v1,prompt_compiler_v2_split_g_f,1524384252,pending,Q001|Q002|Q003,"{""Q001"": ""consensus_estimate_human_primary_cause"", ""Q002"": ""consensus_estimate_co2_warms_planet"", ""Q003"": ""consensus_estimate_net_zero_before_2085""}",consensus_stage_a,consensus_two_stage_interactive_adaptation_v1,G|LP0838|Consensus|stage_a|replicate_1,feb5f7ec9509c47d6041d677fd87947c8ce43c941991b20ae1b746f9c3a42fe6,675efa1486e53a4914248132dda701b834c9e26599d8c4c4d7b41db57bfcf2b0,
G|LP0839|Consensus|stage_a|replicate_1,G-5fb61a578f81ba5cd3be3012f8dc6050cb9d1844,G,target,LP0839,Consensus,consensus_stage_a_estimates,1,google/gemma-4-31B-it,91c316cacf0a83abea715211089a83c3e4eed311c705b7ec1fe338c245777035,675efa1486e53a4914248132dda701b834c9e26599d8c4c4d7b41db57bfcf2b0,consensus_two_stage_interactive_adaptation_v1,prompt_compiler_v2_split_g_f,1324216076,pending,Q001|Q002|Q003,"{""Q001"": ""consensus_estimate_human_primary_cause"", ""Q002"": ""consensus_estimate_net_zero_before_2085"", ""Q003"": ""consensus_estimate_co2_warms_planet""}",consensus_stage_a,consensus_two_stage_interactive_adaptation_v1,G|LP0839|Consensus|stage_a|replicate_1,91c316cacf0a83abea715211089a83c3e4eed311c705b7ec1fe338c245777035,675efa1486e53a4914248132dda701b834c9e26599d8c4c4d7b41db57bfcf2b0,
G|LP0840|Consensus|stage_a|replicate_1,G-e10ceb0f72170018be86b9618bafd4210d59dd82,G,target,LP0840,Consensus,consensus_stage_a_estimates,1,google/gemma-4-31B-it,7de27efe7e51d0fd8ce2c9a9a7a67294c6e3279fe6baf91c69142d8ef541822f,675efa1486e53a4914248132dda701b834c9e26599d8c4c4d7b41db57bfcf2b0,consensus_two_stage_interactive_adaptation_v1,prompt_compiler_v2_split_g_f,875615802,pending,Q001|Q002|Q003,"{""Q001"": ""consensus_estimate_co2_warms_planet"", ""Q002"": ""consensus_estimate_human_primary_cause"", ""Q003"": ""consensus_estimate_net_zero_before_2085""}",consensus_stage_a,consensus_two_stage_interactive_adaptation_v1,G|LP0840|Consensus|stage_a|replicate_1,7de27efe7e51d0fd8ce2c9a9a7a67294c6e3279fe6baf91c69142d8ef541822f,675efa1486e53a4914248132dda701b834c9e26599d8c4c4d7b41db57bfcf2b0,
G|LP0841|Consensus|stage_a|replicate_1,G-e285e09fc1d063a328babf70f547b156960261c9,G,target,LP0841,Consensus,consensus_stage_a_estimates,1,google/gemma-4-31B-it,e6c313933e92dbbbb4160095ed2b38a4b13b579e20c8cc8e5b995abf9952a0d0,675efa1486e53a4914248132dda701b834c9e26599d8c4c4d7b41db57bfcf2b0,consensus_two_stage_interactive_adaptation_v1,prompt_compiler_v2_split_g_f,115090662,pending,Q001|Q002|Q003,"{""Q001"": ""consensus_estimate_human_primary_cause"", ""Q002"": ""consensus_estimate_net_zero_before_2085"", ""Q003"": ""consensus_estimate_co2_warms_planet""}",consensus_stage_a,consensus_two_stage_interactive_adaptation_v1,G|LP0841|Consensus|stage_a|replicate_1,e6c313933e92dbbbb4160095ed2b38a4b13b579e20c8cc8e5b995abf9952a0d0,675efa1486e53a4914248132dda701b834c9e26599d8c4c4d7b41db57bfcf2b0,
G|LP0842|Consensus|stage_a|replicate_1,G-4a04018db69c9d554878eb0b3e5bc01f0993d4e9,G,target,LP0842,Consensus,consensus_stage_a_estimates,1,google/gemma-4-31B-it,ac975d18967c48f067ad6d654d700ce999b286a966765893e71566ba1ffce8f9,675efa1486e53a4914248132dda701b834c9e26599d8c4c4d7b41db57bfcf2b0,consensus_two_stage_interactive_adaptation_v1,prompt_compiler_v2_split_g_f,1252302961,pending,Q001|Q002|Q003,"{""Q001"": ""consensus_estimate_net_zero_before_2085"", ""Q002"": ""consensus_estimate_co2_warms_planet"", ""Q003"": ""consensus_estimate_human_primary_cause""}",consensus_stage_a,consensus_two_stage_interactive_adaptation_v1,G|LP0842|Consensus|stage_a|replicate_1,ac975d18967c48f067ad6d654d700ce999b286a966765893e71566ba1ffce8f9,675efa1486e53a4914248132dda701b834c9e26599d8c4c4d7b41db57bfcf2b0,
G|LP0843|Consensus|stage_a|replicate_1,G-d66de57ce23601483a15845e42efc4477bd3bbf0,G,target,LP0843,Consensus,consensus_stage_a_estimates,1,google/gemma-4-31B-it,d6ef5e7413d572974f0547f8b7ae668580c051560eec92fb4ebf4bed0a393cf1,675efa1486e53a4914248132dda701b834c9e26599d8c4c4d7b41db57bfcf2b0,consensus_two_stage_interactive_adaptation_v1,prompt_compiler_v2_split_g_f,252824645,pending,Q001|Q002|Q003,"{""Q001"": ""consensus_estimate_human_primary_cause"", ""Q002"": ""consensus_estimate_co2_warms_planet"", ""Q003"": ""consensus_estimate_net_zero_before_2085""}",consensus_stage_a,consensus_two_stage_interactive_adaptation_v1,G|LP0843|Consensus|stage_a|replicate_1,d6ef5e7413d572974f0547f8b7ae668580c051560eec92fb4ebf4bed0a393cf1,675efa1486e53a4914248132dda701b834c9e26599d8c4c4d7b41db57bfcf2b0,
G|LP0844|Consensus|stage_a|replicate_1,G-84c70be2e818ff88e0852fce27174310e37f30a7,G,target,LP0844,Consensus,consensus_stage_a_estimates,1,google/gemma-4-31B-it,f5ff13ff8d7bdbf8710b5251da5a64b2790a75888d27050417a48bbf1c78b51c,675efa1486e53a4914248132dda701b834c9e26599d8c4c4d7b41db57bfcf2b0,consensus_two_stage_interactive_adaptation_v1,prompt_compiler_v2_split_g_f,1906775887,pending,Q001|Q002|Q003,"{""Q001"": ""consensus_estimate_net_zero_before_2085"", ""Q002"": ""consensus_estimate_human_primary_cause"", ""Q003"": ""consensus_estimate_co2_warms_planet""}",consensus_stage_a,consensus_two_stage_interactive_adaptation_v1,G|LP0844|Consensus|stage_a|replicate_1,f5ff13ff8d7bdbf8710b5251da5a64b2790a75888d27050417a48bbf1c78b51c,675efa1486e53a4914248132dda701b834c9e26599d8c4c4d7b41db57bfcf2b0,
G|LP0845|Consensus|stage_a|replicate_1,G-f0e059735c362bd87ec6deabd8bc2225ef336b35,G,target,LP0845,Consensus,consensus_stage_a_estimates,1,google/gemma-4-31B-it,c194c711b4ad899d8ff02c8f01229a68e08b117ecb8a7de37d1e10ae4e0b7908,675efa1486e53a4914248132dda701b834c9e26599d8c4c4d7b41db57bfcf2b0,consensus_two_stage_interactive_adaptation_v1,prompt_compiler_v2_split_g_f,1039589058,pending,Q001|Q002|Q003,"{""Q001"": ""consensus_estimate_co2_warms_planet"", ""Q002"": ""consensus_estimate_net_zero_before_2085"", ""Q003"": ""consensus_estimate_human_primary_cause""}",consensus_stage_a,consensus_two_stage_interactive_adaptation_v1,G|LP0845|Consensus|stage_a|replicate_1,c194c711b4ad899d8ff02c8f01229a68e08b117ecb8a7de37d1e10ae4e0b7908,675efa1486e53a4914248132dda701b834c9e26599d8c4c4d7b41db57bfcf2b0,
G|LP0846|Consensus|stage_a|replicate_1,G-27ad7293d3fb23650b6c6b5683239b4a17f3d35f,G,target,LP0846,Consensus,consensus_stage_a_estimates,1,google/gemma-4-31B-it,7625371fb2746f43cdbbff265b63640674eaaff83988e4ad36a49387daf84718,675efa1486e53a4914248132dda701b834c9e26599d8c4c4d7b41db57bfcf2b0,consensus_two_stage_interactive_adaptation_v1,prompt_compiler_v2_split_g_f,592840845,pending,Q001|Q002|Q003,"{""Q001"": ""consensus_estimate_human_primary_cause"", ""Q002"": ""consensus_estimate_co2_warms_planet"", ""Q003"": ""consensus_estimate_net_zero_before_2085""}",consensus_stage_a,consensus_two_stage_interactive_adaptation_v1,G|LP0846|Consensus|stage_a|replicate_1,7625371fb2746f43cdbbff265b63640674eaaff83988e4ad36a49387daf84718,675efa1486e53a4914248132dda701b834c9e26599d8c4c4d7b41db57bfcf2b0,
G|LP0847|Consensus|stage_a|replicate_1,G-68ff070db4dfacdab81ebb337ecb8201838b14ce,G,target,LP0847,Consensus,consensus_stage_a_estimates,1,google/gemma-4-31B-it,6feeda1f068dc734b4d9dbeb9fc32a7e0230718e203c6b0126c4c5023bd08e4a,675efa1486e53a4914248132dda701b834c9e26599d8c4c4d7b41db57bfcf2b0,consensus_two_stage_interactive_adaptation_v1,prompt_compiler_v2_split_g_f,115194615,pending,Q001|Q002|Q003,"{""Q001"": ""consensus_estimate_net_zero_before_2085"", ""Q002"": ""consensus_estimate_human_primary_cause"", ""Q003"": ""consensus_estimate_co2_warms_planet""}",consensus_stage_a,consensus_two_stage_interactive_adaptation_v1,G|LP0847|Consensus|stage_a|replicate_1,6feeda1f068dc734b4d9dbeb9fc32a7e0230718e203c6b0126c4c5023bd08e4a,675efa1486e53a4914248132dda701b834c9e26599d8c4c4d7b41db57bfcf2b0,
G|LP0848|Consensus|stage_a|replicate_1,G-e874a4843d368dd82175a6cf0dc810588b3f052c,G,target,LP0848,Consensus,consensus_stage_a_estimates,1,google/gemma-4-31B-it,18adb22b37bdf1001a0bf39ba70edf6f931a6bc5360c1933171d06367526cc85,675efa1486e53a4914248132dda701b834c9e26599d8c4c4d7b41db57bfcf2b0,consensus_two_stage_interactive_adaptation_v1,prompt_compiler_v2_split_g_f,236967652,pending,Q001|Q002|Q003,"{""Q001"": ""consensus_estimate_net_zero_before_2085"", ""Q002"": ""consensus_estimate_co2_warms_planet"", ""Q003"": ""consensus_estimate_human_primary_cause""}",consensus_stage_a,consensus_two_stage_interactive_adaptation_v1,G|LP0848|Consensus|stage_a|replicate_1,18adb22b37bdf1001a0bf39ba70edf6f931a6bc5360c1933171d06367526cc85,675efa1486e53a4914248132dda701b834c9e26599d8c4c4d7b41db57bfcf2b0,
G|LP0849|Consensus|stage_a|replicate_1,G-90552213504188308ebc59b3463418b4bdcc8d8b,G,target,LP0849,Consensus,consensus_stage_a_estimates,1,google/gemma-4-31B-it,b7542572838ceae1365441ceec80834f053a340a6a1a789a8b92ee717624ef9e,675efa1486e53a4914248132dda701b834c9e26599d8c4c4d7b41db57bfcf2b0,consensus_two_stage_interactive_adaptation_v1,prompt_compiler_v2_split_g_f,1894501464,pending,Q001|Q002|Q003,"{""Q001"": ""consensus_estimate_human_primary_cause"", ""Q002"": ""consensus_estimate_co2_warms_planet"", ""Q003"": ""consensus_estimate_net_zero_before_2085""}",consensus_stage_a,consensus_two_stage_interactive_adaptation_v1,G|LP0849|Consensus|stage_a|replicate_1,b7542572838ceae1365441ceec80834f053a340a6a1a789a8b92ee717624ef9e,675efa1486e53a4914248132dda701b834c9e26599d8c4c4d7b41db57bfcf2b0,
G|LP0850|Consensus|stage_a|replicate_1,G-ff37d13c67166e1a2a3b7d56384e793c8980c9ef,G,target,LP0850,Consensus,consensus_stage_a_estimates,1,google/gemma-4-31B-it,a05ba68c10136fe96f8c55f9c51587bd389ed57210906a9fe2204c2deb2be62c,675efa1486e53a4914248132dda701b834c9e26599d8c4c4d7b41db57bfcf2b0,consensus_two_stage_interactive_adaptation_v1,prompt_compiler_v2_split_g_f,1703284886,pending,Q001|Q002|Q003,"{""Q001"": ""consensus_estimate_human_primary_cause"", ""Q002"": ""consensus_estimate_net_zero_before_2085"", ""Q003"": ""consensus_estimate_co2_warms_planet""}",consensus_stage_a,consensus_two_stage_interactive_adaptation_v1,G|LP0850|Consensus|stage_a|replicate_1,a05ba68c10136fe96f8c55f9c51587bd389ed57210906a9fe2204c2deb2be62c,675efa1486e53a4914248132dda701b834c9e26599d8c4c4d7b41db57bfcf2b0,
G|LP0851|Consensus|stage_a|replicate_1,G-ff3a92ba91f2998956469d0937f073ab023c2810,G,target,LP0851,Consensus,consensus_stage_a_estimates,1,google/gemma-4-31B-it,0bb906d78ce5fbb375c056abe3069232ac646edae96ff7960bf5ef66ca27b640,675efa1486e53a4914248132dda701b834c9e26599d8c4c4d7b41db57bfcf2b0,consensus_two_stage_interactive_adaptation_v1,prompt_compiler_v2_split_g_f,275234562,pending,Q001|Q002|Q003,"{""Q001"": ""consensus_estimate_human_primary_cause"", ""Q002"": ""consensus_estimate_net_zero_before_2085"", ""Q003"": ""consensus_estimate_co2_warms_planet""}",consensus_stage_a,consensus_two_stage_interactive_adaptation_v1,G|LP0851|Consensus|stage_a|replicate_1,0bb906d78ce5fbb375c056abe3069232ac646edae96ff7960bf5ef66ca27b640,675efa1486e53a4914248132dda701b834c9e26599d8c4c4d7b41db57bfcf2b0,
G|LP0852|Consensus|stage_a|replicate_1,G-980b551b19a198aa03e2a4f1a628d956aa57b1f6,G,target,LP0852,Consensus,consensus_stage_a_estimates,1,google/gemma-4-31B-it,9432f2eeea118516f761deda1b743b9a71746e78969a8aa74b6f3ddd4bdd37d7,675efa1486e53a4914248132dda701b834c9e26599d8c4c4d7b41db57bfcf2b0,consensus_two_stage_interactive_adaptation_v1,prompt_compiler_v2_split_g_f,1236812514,pending,Q001|Q002|Q003,"{""Q001"": ""consensus_estimate_human_primary_cause"", ""Q002"": ""consensus_estimate_co2_warms_planet"", ""Q003"": ""consensus_estimate_net_zero_before_2085""}",consensus_stage_a,consensus_two_stage_interactive_adaptation_v1,G|LP0852|Consensus|stage_a|replicate_1,9432f2eeea118516f761deda1b743b9a71746e78969a8aa74b6f3ddd4bdd37d7,675efa1486e53a4914248132dda701b834c9e26599d8c4c4d7b41db57bfcf2b0,
G|LP0853|Consensus|stage_a|replicate_1,G-3f42357eaf8e376588871ec3c4fdb2d0f456b747,G,target,LP0853,Consensus,consensus_stage_a_estimates,1,google/gemma-4-31B-it,d9405a5334e2627c002d69faa2f55487c585ef929a98081c9fbf18fefd3f642c,675efa1486e53a4914248132dda701b834c9e26599d8c4c4d7b41db57bfcf2b0,consensus_two_stage_interactive_adaptation_v1,prompt_compiler_v2_split_g_f,772973155,pending,Q001|Q002|Q003,"{""Q001"": ""consensus_estimate_human_primary_cause"", ""Q002"": ""consensus_estimate_net_zero_before_2085"", ""Q003"": ""consensus_estimate_co2_warms_planet""}",consensus_stage_a,consensus_two_stage_interactive_adaptation_v1,G|LP0853|Consensus|stage_a|replicate_1,d9405a5334e2627c002d69faa2f55487c585ef929a98081c9fbf18fefd3f642c,675efa1486e53a4914248132dda701b834c9e26599d8c4c4d7b41db57bfcf2b0,
G|LP0854|Consensus|stage_a|replicate_1,G-9e35491098ecfd1c44936a86521f5571474dc53e,G,target,LP0854,Consensus,consensus_stage_a_estimates,1,google/gemma-4-31B-it,268f428fb50fbe83e58518bfccbce3cd8d00ed4cd7cdd6cbbbca5057ac616c49,675efa1486e53a4914248132dda701b834c9e26599d8c4c4d7b41db57bfcf2b0,consensus_two_stage_interactive_adaptation_v1,prompt_compiler_v2_split_g_f,1431801663,pending,Q001|Q002|Q003,"{""Q001"": ""consensus_estimate_co2_warms_planet"", ""Q002"": ""consensus_estimate_net_zero_before_2085"", ""Q003"": ""consensus_estimate_human_primary_cause""}",consensus_stage_a,consensus_two_stage_interactive_adaptation_v1,G|LP0854|Consensus|stage_a|replicate_1,268f428fb50fbe83e58518bfccbce3cd8d00ed4cd7cdd6cbbbca5057ac616c49,675efa1486e53a4914248132dda701b834c9e26599d8c4c4d7b41db57bfcf2b0,
G|LP0855|Consensus|stage_a|replicate_1,G-170c37daa9fd5c61aa0924928f1110c401e3ad65,G,target,LP0855,Consensus,consensus_stage_a_estimates,1,google/gemma-4-31B-it,13938cc79d7ba12b9b0a197ce49ab0450d8ad8f25f08cabced1ffc4326d8a82c,675efa1486e53a4914248132dda701b834c9e26599d8c4c4d7b41db57bfcf2b0,consensus_two_stage_interactive_adaptation_v1,prompt_compiler_v2_split_g_f,1477823510,pending,Q001|Q002|Q003,"{""Q001"": ""consensus_estimate_human_primary_cause"", ""Q002"": ""consensus_estimate_net_zero_before_2085"", ""Q003"": ""consensus_estimate_co2_warms_planet""}",consensus_stage_a,consensus_two_stage_interactive_adaptation_v1,G|LP0855|Consensus|stage_a|replicate_1,13938cc79d7ba12b9b0a197ce49ab0450d8ad8f25f08cabced1ffc4326d8a82c,675efa1486e53a4914248132dda701b834c9e26599d8c4c4d7b41db57bfcf2b0,
G|LP0856|Consensus|stage_a|replicate_1,G-fb008d7a93ca9da5dd32bcaa43913acc414f7f5b,G,target,LP0856,Consensus,consensus_stage_a_estimates,1,google/gemma-4-31B-it,a658647862c8440b52d14c35debfd85c44cc6cc49acccec18750fb1a659f9a49,675efa1486e53a4914248132dda701b834c9e26599d8c4c4d7b41db57bfcf2b0,consensus_two_stage_interactive_adaptation_v1,prompt_compiler_v2_split_g_f,164346014,pending,Q001|Q002|Q003,"{""Q001"": ""consensus_estimate_human_primary_cause"", ""Q002"": ""consensus_estimate_co2_warms_planet"", ""Q003"": ""consensus_estimate_net_zero_before_2085""}",consensus_stage_a,consensus_two_stage_interactive_adaptation_v1,G|LP0856|Consensus|stage_a|replicate_1,a658647862c8440b52d14c35debfd85c44cc6cc49acccec18750fb1a659f9a49,675efa1486e53a4914248132dda701b834c9e26599d8c4c4d7b41db57bfcf2b0,
G|LP0857|Consensus|stage_a|replicate_1,G-b662f144c12472e89b744aac7b33f5fa3c7b52a3,G,target,LP0857,Consensus,consensus_stage_a_estimates,1,google/gemma-4-31B-it,73842a8abe569d45e20db13a6ad52e7f82f50bf4a55e063be1f5f1b3a4b59228,675efa1486e53a4914248132dda701b834c9e26599d8c4c4d7b41db57bfcf2b0,consensus_two_stage_interactive_adaptation_v1,prompt_compiler_v2_split_g_f,770332020,pending,Q001|Q002|Q003,"{""Q001"": ""consensus_estimate_co2_warms_planet"", ""Q002"": ""consensus_estimate_net_zero_before_2085"", ""Q003"": ""consensus_estimate_human_primary_cause""}",consensus_stage_a,consensus_two_stage_interactive_adaptation_v1,G|LP0857|Consensus|stage_a|replicate_1,73842a8abe569d45e20db13a6ad52e7f82f50bf4a55e063be1f5f1b3a4b59228,675efa1486e53a4914248132dda701b834c9e26599d8c4c4d7b41db57bfcf2b0,
G|LP0858|Consensus|stage_a|replicate_1,G-5fd14ee0e062bb6a427b17f5b24ce444f9569b57,G,target,LP0858,Consensus,consensus_stage_a_estimates,1,google/gemma-4-31B-it,e13052f3c63e5a6472755ee45723f415ccdc4c4453565375607caba4867439d5,675efa1486e53a4914248132dda701b834c9e26599d8c4c4d7b41db57bfcf2b0,consensus_two_stage_interactive_adaptation_v1,prompt_compiler_v2_split_g_f,537221421,pending,Q001|Q002|Q003,"{""Q001"": ""consensus_estimate_human_primary_cause"", ""Q002"": ""consensus_estimate_co2_warms_planet"", ""Q003"": ""consensus_estimate_net_zero_before_2085""}",consensus_stage_a,consensus_two_stage_interactive_adaptation_v1,G|LP0858|Consensus|stage_a|replicate_1,e13052f3c63e5a6472755ee45723f415ccdc4c4453565375607caba4867439d5,675efa1486e53a4914248132dda701b834c9e26599d8c4c4d7b41db57bfcf2b0,
G|LP0859|Consensus|stage_a|replicate_1,G-55b9170ef6a94147c2779cdf2d6b2a71f104b9c5,G,target,LP0859,Consensus,consensus_stage_a_estimates,1,google/gemma-4-31B-it,99e7b5fb3ebdd771da25c4a3a14ab469ba81c099db3d209770cb695b866692ae,675efa1486e53a4914248132dda701b834c9e26599d8c4c4d7b41db57bfcf2b0,consensus_two_stage_interactive_adaptation_v1,prompt_compiler_v2_split_g_f,572223334,pending,Q001|Q002|Q003,"{""Q001"": ""consensus_estimate_net_zero_before_2085"", ""Q002"": ""consensus_estimate_human_primary_cause"", ""Q003"": ""consensus_estimate_co2_warms_planet""}",consensus_stage_a,consensus_two_stage_interactive_adaptation_v1,G|LP0859|Consensus|stage_a|replicate_1,99e7b5fb3ebdd771da25c4a3a14ab469ba81c099db3d209770cb695b866692ae,675efa1486e53a4914248132dda701b834c9e26599d8c4c4d7b41db57bfcf2b0,
G|LP0860|Consensus|stage_a|replicate_1,G-e2054aa8c77002df05a737e624398cad8258139d,G,target,LP0860,Consensus,consensus_stage_a_estimates,1,google/gemma-4-31B-it,daa6dec1636defb7db782495a9e09a27f44b69e3ac77996d5cb448b8abb52227,675efa1486e53a4914248132dda701b834c9e26599d8c4c4d7b41db57bfcf2b0,consensus_two_stage_interactive_adaptation_v1,prompt_compiler_v2_split_g_f,192583732,pending,Q001|Q002|Q003,"{""Q001"": ""consensus_estimate_co2_warms_planet"", ""Q002"": ""consensus_estimate_human_primary_cause"", ""Q003"": ""consensus_estimate_net_zero_before_2085""}",consensus_stage_a,consensus_two_stage_interactive_adaptation_v1,G|LP0860|Consensus|stage_a|replicate_1,daa6dec1636defb7db782495a9e09a27f44b69e3ac77996d5cb448b8abb52227,675efa1486e53a4914248132dda701b834c9e26599d8c4c4d7b41db57bfcf2b0,
G|LP0861|Consensus|stage_a|replicate_1,G-9459ea17220664b5c427e21f8da40b88acd89f27,G,target,LP0861,Consensus,consensus_stage_a_estimates,1,google/gemma-4-31B-it,e4021f2e96bd87b995d7679db7643f5d71bbb0808344642efce141317453be5a,675efa1486e53a4914248132dda701b834c9e26599d8c4c4d7b41db57bfcf2b0,consensus_two_stage_interactive_adaptation_v1,prompt_compiler_v2_split_g_f,1253718245,pending,Q001|Q002|Q003,"{""Q001"": ""consensus_estimate_co2_warms_planet"", ""Q002"": ""consensus_estimate_human_primary_cause"", ""Q003"": ""consensus_estimate_net_zero_before_2085""}",consensus_stage_a,consensus_two_stage_interactive_adaptation_v1,G|LP0861|Consensus|stage_a|replicate_1,e4021f2e96bd87b995d7679db7643f5d71bbb0808344642efce141317453be5a,675efa1486e53a4914248132dda701b834c9e26599d8c4c4d7b41db57bfcf2b0,
G|LP0862|Consensus|stage_a|replicate_1,G-573d4a3764d84c2030f9342de21678a3b7796ed9,G,target,LP0862,Consensus,consensus_stage_a_estimates,1,google/gemma-4-31B-it,4141a2f5bea6bbca0909dc8a60313575326aa087359ddc13f8d9fb96378dc29b,675efa1486e53a4914248132dda701b834c9e26599d8c4c4d7b41db57bfcf2b0,consensus_two_stage_interactive_adaptation_v1,prompt_compiler_v2_split_g_f,324198544,pending,Q001|Q002|Q003,"{""Q001"": ""consensus_estimate_net_zero_before_2085"", ""Q002"": ""consensus_estimate_human_primary_cause"", ""Q003"": ""consensus_estimate_co2_warms_planet""}",consensus_stage_a,consensus_two_stage_interactive_adaptation_v1,G|LP0862|Consensus|stage_a|replicate_1,4141a2f5bea6bbca0909dc8a60313575326aa087359ddc13f8d9fb96378dc29b,675efa1486e53a4914248132dda701b834c9e26599d8c4c4d7b41db57bfcf2b0,
G|LP0863|Consensus|stage_a|replicate_1,G-d1d682ffe865211f31ac1a29fda254cc0d364c50,G,target,LP0863,Consensus,consensus_stage_a_estimates,1,google/gemma-4-31B-it,6f7bdbf4901108847ab7d6c34a8f4bfcda585d1d55be96a19dbfd49d6c56ee26,675efa1486e53a4914248132dda701b834c9e26599d8c4c4d7b41db57bfcf2b0,consensus_two_stage_interactive_adaptation_v1,prompt_compiler_v2_split_g_f,202516258,pending,Q001|Q002|Q003,"{""Q001"": ""consensus_estimate_human_primary_cause"", ""Q002"": ""consensus_estimate_net_zero_before_2085"", ""Q003"": ""consensus_estimate_co2_warms_planet""}",consensus_stage_a,consensus_two_stage_interactive_adaptation_v1,G|LP0863|Consensus|stage_a|replicate_1,6f7bdbf4901108847ab7d6c34a8f4bfcda585d1d55be96a19dbfd49d6c56ee26,675efa1486e53a4914248132dda701b834c9e26599d8c4c4d7b41db57bfcf2b0,
G|LP0864|Consensus|stage_a|replicate_1,G-1dc19fac97509b0387017b135ab678310170dca4,G,target,LP0864,Consensus,consensus_stage_a_estimates,1,google/gemma-4-31B-it,292c50fdc855d77d6ec6c8786249005a89a851ca235557508931a101d5259ae7,675efa1486e53a4914248132dda701b834c9e26599d8c4c4d7b41db57bfcf2b0,consensus_two_stage_interactive_adaptation_v1,prompt_compiler_v2_split_g_f,1389615708,pending,Q001|Q002|Q003,"{""Q001"": ""consensus_estimate_co2_warms_planet"", ""Q002"": ""consensus_estimate_net_zero_before_2085"", ""Q003"": ""consensus_estimate_human_primary_cause""}",consensus_stage_a,consensus_two_stage_interactive_adaptation_v1,G|LP0864|Consensus|stage_a|replicate_1,292c50fdc855d77d6ec6c8786249005a89a851ca235557508931a101d5259ae7,675efa1486e53a4914248132dda701b834c9e26599d8c4c4d7b41db57bfcf2b0,
G|LP0865|Consensus|stage_a|replicate_1,G-d7374aaa45a0ab7c62e6ffeccb4325b982866930,G,target,LP0865,Consensus,consensus_stage_a_estimates,1,google/gemma-4-31B-it,c6ea351f70ff5cd5962634aeba8d46d107408e590838bc94953235ff3fd6f9e2,675efa1486e53a4914248132dda701b834c9e26599d8c4c4d7b41db57bfcf2b0,consensus_two_stage_interactive_adaptation_v1,prompt_compiler_v2_split_g_f,1947156691,pending,Q001|Q002|Q003,"{""Q001"": ""consensus_estimate_co2_warms_planet"", ""Q002"": ""consensus_estimate_human_primary_cause"", ""Q003"": ""consensus_estimate_net_zero_before_2085""}",consensus_stage_a,consensus_two_stage_interactive_adaptation_v1,G|LP0865|Consensus|stage_a|replicate_1,c6ea351f70ff5cd5962634aeba8d46d107408e590838bc94953235ff3fd6f9e2,675efa1486e53a4914248132dda701b834c9e26599d8c4c4d7b41db57bfcf2b0,
G|LP0866|Consensus|stage_a|replicate_1,G-8cb8f1922e3dd3365ad4fe9e14bc2c268eccaafd,G,target,LP0866,Consensus,consensus_stage_a_estimates,1,google/gemma-4-31B-it,fbd72720f6c1482a4d136be2d1660fbdee4223b100172df905aa98ab7a855acc,675efa1486e53a4914248132dda701b834c9e26599d8c4c4d7b41db57bfcf2b0,consensus_two_stage_interactive_adaptation_v1,prompt_compiler_v2_split_g_f,1202697820,pending,Q001|Q002|Q003,"{""Q001"": ""consensus_estimate_human_primary_cause"", ""Q002"": ""consensus_estimate_net_zero_before_2085"", ""Q003"": ""consensus_estimate_co2_warms_planet""}",consensus_stage_a,consensus_two_stage_interactive_adaptation_v1,G|LP0866|Consensus|stage_a|replicate_1,fbd72720f6c1482a4d136be2d1660fbdee4223b100172df905aa98ab7a855acc,675efa1486e53a4914248132dda701b834c9e26599d8c4c4d7b41db57bfcf2b0,
G|LP0867|Consensus|stage_a|replicate_1,G-8d2a1845033f228b3bc42909dfe7ec1894230ba8,G,target,LP0867,Consensus,consensus_stage_a_estimates,1,google/gemma-4-31B-it,a8658eef28daab3efac3f5607b291b9936892117e22d16bbcf8d12f52358c53e,675efa1486e53a4914248132dda701b834c9e26599d8c4c4d7b41db57bfcf2b0,consensus_two_stage_interactive_adaptation_v1,prompt_compiler_v2_split_g_f,496194327,pending,Q001|Q002|Q003,"{""Q001"": ""consensus_estimate_human_primary_cause"", ""Q002"": ""consensus_estimate_net_zero_before_2085"", ""Q003"": ""consensus_estimate_co2_warms_planet""}",consensus_stage_a,consensus_two_stage_interactive_adaptation_v1,G|LP0867|Consensus|stage_a|replicate_1,a8658eef28daab3efac3f5607b291b9936892117e22d16bbcf8d12f52358c53e,675efa1486e53a4914248132dda701b834c9e26599d8c4c4d7b41db57bfcf2b0,
G|LP0868|Consensus|stage_a|replicate_1,G-5634586807c8a09afc7ed59303e9fdbb4d87cd64,G,target,LP0868,Consensus,consensus_stage_a_estimates,1,google/gemma-4-31B-it,54e16adcb03a8459bda9bbc3c482bd27041706a504d644ddc9f2585e11b12240,675efa1486e53a4914248132dda701b834c9e26599d8c4c4d7b41db57bfcf2b0,consensus_two_stage_interactive_adaptation_v1,prompt_compiler_v2_split_g_f,875647339,pending,Q001|Q002|Q003,"{""Q001"": ""consensus_estimate_net_zero_before_2085"", ""Q002"": ""consensus_estimate_co2_warms_planet"", ""Q003"": ""consensus_estimate_human_primary_cause""}",consensus_stage_a,consensus_two_stage_interactive_adaptation_v1,G|LP0868|Consensus|stage_a|replicate_1,54e16adcb03a8459bda9bbc3c482bd27041706a504d644ddc9f2585e11b12240,675efa1486e53a4914248132dda701b834c9e26599d8c4c4d7b41db57bfcf2b0,
G|LP0869|Consensus|stage_a|replicate_1,G-d3ab669c3ba55075dd0b3edded00842c1d2c609b,G,target,LP0869,Consensus,consensus_stage_a_estimates,1,google/gemma-4-31B-it,9ebf9bcc7521c9d16b3728aeeb7f3be5035ec5d8cfab47f87ea4d2ab1741f2bd,675efa1486e53a4914248132dda701b834c9e26599d8c4c4d7b41db57bfcf2b0,consensus_two_stage_interactive_adaptation_v1,prompt_compiler_v2_split_g_f,1660689840,pending,Q001|Q002|Q003,"{""Q001"": ""consensus_estimate_co2_warms_planet"", ""Q002"": ""consensus_estimate_net_zero_before_2085"", ""Q003"": ""consensus_estimate_human_primary_cause""}",consensus_stage_a,consensus_two_stage_interactive_adaptation_v1,G|LP0869|Consensus|stage_a|replicate_1,9ebf9bcc7521c9d16b3728aeeb7f3be5035ec5d8cfab47f87ea4d2ab1741f2bd,675efa1486e53a4914248132dda701b834c9e26599d8c4c4d7b41db57bfcf2b0,
G|LP0870|Consensus|stage_a|replicate_1,G-62cf98502af85e5dc50c5cf14c916c9aa628ba1e,G,target,LP0870,Consensus,consensus_stage_a_estimates,1,google/gemma-4-31B-it,6fe0d0d1e487da803ee5d27f01008d798cb0253fac156eef0e27b2619efa659d,675efa1486e53a4914248132dda701b834c9e26599d8c4c4d7b41db57bfcf2b0,consensus_two_stage_interactive_adaptation_v1,prompt_compiler_v2_split_g_f,1888980734,pending,Q001|Q002|Q003,"{""Q001"": ""consensus_estimate_net_zero_before_2085"", ""Q002"": ""consensus_estimate_human_primary_cause"", ""Q003"": ""consensus_estimate_co2_warms_planet""}",consensus_stage_a,consensus_two_stage_interactive_adaptation_v1,G|LP0870|Consensus|stage_a|replicate_1,6fe0d0d1e487da803ee5d27f01008d798cb0253fac156eef0e27b2619efa659d,675efa1486e53a4914248132dda701b834c9e26599d8c4c4d7b41db57bfcf2b0,
G|LP0871|Consensus|stage_a|replicate_1,G-fe49dd79990d81d4cea1f0d623ca98bdf6828909,G,target,LP0871,Consensus,consensus_stage_a_estimates,1,google/gemma-4-31B-it,18a6bb386dbb08c03d841d326fc98e78daf591873ed4c461e391f212044ba5e3,675efa1486e53a4914248132dda701b834c9e26599d8c4c4d7b41db57bfcf2b0,consensus_two_stage_interactive_adaptation_v1,prompt_compiler_v2_split_g_f,362888395,pending,Q001|Q002|Q003,"{""Q001"": ""consensus_estimate_human_primary_cause"", ""Q002"": ""consensus_estimate_net_zero_before_2085"", ""Q003"": ""consensus_estimate_co2_warms_planet""}",consensus_stage_a,consensus_two_stage_interactive_adaptation_v1,G|LP0871|Consensus|stage_a|replicate_1,18a6bb386dbb08c03d841d326fc98e78daf591873ed4c461e391f212044ba5e3,675efa1486e53a4914248132dda701b834c9e26599d8c4c4d7b41db57bfcf2b0,
G|LP0872|Consensus|stage_a|replicate_1,G-7c6f42d6300f1e8dbd444abd3a1c95dd43f90bfd,G,target,LP0872,Consensus,consensus_stage_a_estimates,1,google/gemma-4-31B-it,0805c1974ae2856efd89a93bf0f021eef6fb0910c61dbf89dc12be50bf089b0b,675efa1486e53a4914248132dda701b834c9e26599d8c4c4d7b41db57bfcf2b0,consensus_two_stage_interactive_adaptation_v1,prompt_compiler_v2_split_g_f,686662715,pending,Q001|Q002|Q003,"{""Q001"": ""consensus_estimate_human_primary_cause"", ""Q002"": ""consensus_estimate_net_zero_before_2085"", ""Q003"": ""consensus_estimate_co2_warms_planet""}",consensus_stage_a,consensus_two_stage_interactive_adaptation_v1,G|LP0872|Consensus|stage_a|replicate_1,0805c1974ae2856efd89a93bf0f021eef6fb0910c61dbf89dc12be50bf089b0b,675efa1486e53a4914248132dda701b834c9e26599d8c4c4d7b41db57bfcf2b0,
G|LP0873|Consensus|stage_a|replicate_1,G-8f1d4fcdb69774ad2d2d9723cc954de01fd7aa5d,G,target,LP0873,Consensus,consensus_stage_a_estimates,1,google/gemma-4-31B-it,bbf65c74bad8e5cd97b139442cf6527dd8e84252d8b448f2e907d9aaecd68abd,675efa1486e53a4914248132dda701b834c9e26599d8c4c4d7b41db57bfcf2b0,consensus_two_stage_interactive_adaptation_v1,prompt_compiler_v2_split_g_f,1423053898,pending,Q001|Q002|Q003,"{""Q001"": ""consensus_estimate_human_primary_cause"", ""Q002"": ""consensus_estimate_net_zero_before_2085"", ""Q003"": ""consensus_estimate_co2_warms_planet""}",consensus_stage_a,consensus_two_stage_interactive_adaptation_v1,G|LP0873|Consensus|stage_a|replicate_1,bbf65c74bad8e5cd97b139442cf6527dd8e84252d8b448f2e907d9aaecd68abd,675efa1486e53a4914248132dda701b834c9e26599d8c4c4d7b41db57bfcf2b0,
G|LP0874|Consensus|stage_a|replicate_1,G-c0487672c3f180d49730433d365510b5b1c4edb5,G,target,LP0874,Consensus,consensus_stage_a_estimates,1,google/gemma-4-31B-it,5fd7484f48c0dbd00d3e3a8f17c635a33b13acab0b04716972853e26c8ff535c,675efa1486e53a4914248132dda701b834c9e26599d8c4c4d7b41db57bfcf2b0,consensus_two_stage_interactive_adaptation_v1,prompt_compiler_v2_split_g_f,1149398460,pending,Q001|Q002|Q003,"{""Q001"": ""consensus_estimate_human_primary_cause"", ""Q002"": ""consensus_estimate_net_zero_before_2085"", ""Q003"": ""consensus_estimate_co2_warms_planet""}",consensus_stage_a,consensus_two_stage_interactive_adaptation_v1,G|LP0874|Consensus|stage_a|replicate_1,5fd7484f48c0dbd00d3e3a8f17c635a33b13acab0b04716972853e26c8ff535c,675efa1486e53a4914248132dda701b834c9e26599d8c4c4d7b41db57bfcf2b0,
G|LP0875|Consensus|stage_a|replicate_1,G-abdf3f1932e8ead23ced3e04949a6fc3b3d5c159,G,target,LP0875,Consensus,consensus_stage_a_estimates,1,google/gemma-4-31B-it,b4c597819ca057e2acf046880b07406a78d067f905265c20105326479a418b3c,675efa1486e53a4914248132dda701b834c9e26599d8c4c4d7b41db57bfcf2b0,consensus_two_stage_interactive_adaptation_v1,prompt_compiler_v2_split_g_f,178743559,pending,Q001|Q002|Q003,"{""Q001"": ""consensus_estimate_net_zero_before_2085"", ""Q002"": ""consensus_estimate_co2_warms_planet"", ""Q003"": ""consensus_estimate_human_primary_cause""}",consensus_stage_a,consensus_two_stage_interactive_adaptation_v1,G|LP0875|Consensus|stage_a|replicate_1,b4c597819ca057e2acf046880b07406a78d067f905265c20105326479a418b3c,675efa1486e53a4914248132dda701b834c9e26599d8c4c4d7b41db57bfcf2b0,
G|LP0876|Consensus|stage_a|replicate_1,G-2324646fcd4cf8b3a6f162697a64848de586d88b,G,target,LP0876,Consensus,consensus_stage_a_estimates,1,google/gemma-4-31B-it,8f0386e9aa62db22bc40127d2ee262a2ea256b8c020109d4391811890b874b0f,675efa1486e53a4914248132dda701b834c9e26599d8c4c4d7b41db57bfcf2b0,consensus_two_stage_interactive_adaptation_v1,prompt_compiler_v2_split_g_f,328581523,pending,Q001|Q002|Q003,"{""Q001"": ""consensus_estimate_human_primary_cause"", ""Q002"": ""consensus_estimate_net_zero_before_2085"", ""Q003"": ""consensus_estimate_co2_warms_planet""}",consensus_stage_a,consensus_two_stage_interactive_adaptation_v1,G|LP0876|Consensus|stage_a|replicate_1,8f0386e9aa62db22bc40127d2ee262a2ea256b8c020109d4391811890b874b0f,675efa1486e53a4914248132dda701b834c9e26599d8c4c4d7b41db57bfcf2b0,
G|LP0877|Consensus|stage_a|replicate_1,G-d79e93b5500a02b70d893bd7243eb6bc9bd80bc0,G,target,LP0877,Consensus,consensus_stage_a_estimates,1,google/gemma-4-31B-it,d031fda660efec2e6059826118cdbeb69b50f1be31441a860b404c3d2b803e9b,675efa1486e53a4914248132dda701b834c9e26599d8c4c4d7b41db57bfcf2b0,consensus_two_stage_interactive_adaptation_v1,prompt_compiler_v2_split_g_f,2135370276,pending,Q001|Q002|Q003,"{""Q001"": ""consensus_estimate_net_zero_before_2085"", ""Q002"": ""consensus_estimate_co2_warms_planet"", ""Q003"": ""consensus_estimate_human_primary_cause""}",consensus_stage_a,consensus_two_stage_interactive_adaptation_v1,G|LP0877|Consensus|stage_a|replicate_1,d031fda660efec2e6059826118cdbeb69b50f1be31441a860b404c3d2b803e9b,675efa1486e53a4914248132dda701b834c9e26599d8c4c4d7b41db57bfcf2b0,
G|LP0878|Consensus|stage_a|replicate_1,G-b821674ce2a75f42d25924d04ca72e21e803a667,G,target,LP0878,Consensus,consensus_stage_a_estimates,1,google/gemma-4-31B-it,7418d752bec2daf729db590af90014f584cca3e8eb0547b8a1793b5d15adaa38,675efa1486e53a4914248132dda701b834c9e26599d8c4c4d7b41db57bfcf2b0,consensus_two_stage_interactive_adaptation_v1,prompt_compiler_v2_split_g_f,1391078878,pending,Q001|Q002|Q003,"{""Q001"": ""consensus_estimate_co2_warms_planet"", ""Q002"": ""consensus_estimate_human_primary_cause"", ""Q003"": ""consensus_estimate_net_zero_before_2085""}",consensus_stage_a,consensus_two_stage_interactive_adaptation_v1,G|LP0878|Consensus|stage_a|replicate_1,7418d752bec2daf729db590af90014f584cca3e8eb0547b8a1793b5d15adaa38,675efa1486e53a4914248132dda701b834c9e26599d8c4c4d7b41db57bfcf2b0,
G|LP0879|Consensus|stage_a|replicate_1,G-b89389b46f9a254af5894b3eb3e3a3bb82006f77,G,target,LP0879,Consensus,consensus_stage_a_estimates,1,google/gemma-4-31B-it,0844b0b8fad519b8c6d57a12f98cc8f0e4da40e8042deaf504691abe87db8465,675efa1486e53a4914248132dda701b834c9e26599d8c4c4d7b41db57bfcf2b0,consensus_two_stage_interactive_adaptation_v1,prompt_compiler_v2_split_g_f,1623275701,pending,Q001|Q002|Q003,"{""Q001"": ""consensus_estimate_human_primary_cause"", ""Q002"": ""consensus_estimate_co2_warms_planet"", ""Q003"": ""consensus_estimate_net_zero_before_2085""}",consensus_stage_a,consensus_two_stage_interactive_adaptation_v1,G|LP0879|Consensus|stage_a|replicate_1,0844b0b8fad519b8c6d57a12f98cc8f0e4da40e8042deaf504691abe87db8465,675efa1486e53a4914248132dda701b834c9e26599d8c4c4d7b41db57bfcf2b0,
G|LP0880|Consensus|stage_a|replicate_1,G-8f1f2b4de82e0f9b5fac60b6304e8d6b7caca6d4,G,target,LP0880,Consensus,consensus_stage_a_estimates,1,google/gemma-4-31B-it,b405abc2190c7a7429ef71bb30052042c5cada1c98320faee47241e516a6c5e7,675efa1486e53a4914248132dda701b834c9e26599d8c4c4d7b41db57bfcf2b0,consensus_two_stage_interactive_adaptation_v1,prompt_compiler_v2_split_g_f,107767353,pending,Q001|Q002|Q003,"{""Q001"": ""consensus_estimate_net_zero_before_2085"", ""Q002"": ""consensus_estimate_human_primary_cause"", ""Q003"": ""consensus_estimate_co2_warms_planet""}",consensus_stage_a,consensus_two_stage_interactive_adaptation_v1,G|LP0880|Consensus|stage_a|replicate_1,b405abc2190c7a7429ef71bb30052042c5cada1c98320faee47241e516a6c5e7,675efa1486e53a4914248132dda701b834c9e26599d8c4c4d7b41db57bfcf2b0,
G|LP0881|Consensus|stage_a|replicate_1,G-f613c85c57fd8091c0f28f98719656b3e6ba8339,G,target,LP0881,Consensus,consensus_stage_a_estimates,1,google/gemma-4-31B-it,82ec943ab3afcf67a5bb75d56a99b9d7128d67ac58069074474cfd7ab1ad5d4a,675efa1486e53a4914248132dda701b834c9e26599d8c4c4d7b41db57bfcf2b0,consensus_two_stage_interactive_adaptation_v1,prompt_compiler_v2_split_g_f,1143279949,pending,Q001|Q002|Q003,"{""Q001"": ""consensus_estimate_human_primary_cause"", ""Q002"": ""consensus_estimate_co2_warms_planet"", ""Q003"": ""consensus_estimate_net_zero_before_2085""}",consensus_stage_a,consensus_two_stage_interactive_adaptation_v1,G|LP0881|Consensus|stage_a|replicate_1,82ec943ab3afcf67a5bb75d56a99b9d7128d67ac58069074474cfd7ab1ad5d4a,675efa1486e53a4914248132dda701b834c9e26599d8c4c4d7b41db57bfcf2b0,
G|LP0882|Consensus|stage_a|replicate_1,G-33f552286fcc92e9ba6066b6037bb1e9a5653bd1,G,target,LP0882,Consensus,consensus_stage_a_estimates,1,google/gemma-4-31B-it,84fb786fdc44987fd5e0083eabdf0cd317b016f9ff5f14ce0d28d3bc231b5fff,675efa1486e53a4914248132dda701b834c9e26599d8c4c4d7b41db57bfcf2b0,consensus_two_stage_interactive_adaptation_v1,prompt_compiler_v2_split_g_f,1471625018,pending,Q001|Q002|Q003,"{""Q001"": ""consensus_estimate_net_zero_before_2085"", ""Q002"": ""consensus_estimate_co2_warms_planet"", ""Q003"": ""consensus_estimate_human_primary_cause""}",consensus_stage_a,consensus_two_stage_interactive_adaptation_v1,G|LP0882|Consensus|stage_a|replicate_1,84fb786fdc44987fd5e0083eabdf0cd317b016f9ff5f14ce0d28d3bc231b5fff,675efa1486e53a4914248132dda701b834c9e26599d8c4c4d7b41db57bfcf2b0,
G|LP0883|Consensus|stage_a|replicate_1,G-689d3d264017f10950f4d9761b0e4cde5710e1fc,G,target,LP0883,Consensus,consensus_stage_a_estimates,1,google/gemma-4-31B-it,dfafc05ed95d360dd0e36b507eac869f369aae45ac8723b0714af33d968a3f8e,675efa1486e53a4914248132dda701b834c9e26599d8c4c4d7b41db57bfcf2b0,consensus_two_stage_interactive_adaptation_v1,prompt_compiler_v2_split_g_f,290614103,pending,Q001|Q002|Q003,"{""Q001"": ""consensus_estimate_net_zero_before_2085"", ""Q002"": ""consensus_estimate_co2_warms_planet"", ""Q003"": ""consensus_estimate_human_primary_cause""}",consensus_stage_a,consensus_two_stage_interactive_adaptation_v1,G|LP0883|Consensus|stage_a|replicate_1,dfafc05ed95d360dd0e36b507eac869f369aae45ac8723b0714af33d968a3f8e,675efa1486e53a4914248132dda701b834c9e26599d8c4c4d7b41db57bfcf2b0,
G|LP0884|Consensus|stage_a|replicate_1,G-e05a687c92461b73a541e83afa4e6e160d5fdbb2,G,target,LP0884,Consensus,consensus_stage_a_estimates,1,google/gemma-4-31B-it,061c0f9cc5ec4b3ce0c3d398968ef01321264fdf98b28863678fb868e38f9e58,675efa1486e53a4914248132dda701b834c9e26599d8c4c4d7b41db57bfcf2b0,consensus_two_stage_interactive_adaptation_v1,prompt_compiler_v2_split_g_f,1392176239,pending,Q001|Q002|Q003,"{""Q001"": ""consensus_estimate_co2_warms_planet"", ""Q002"": ""consensus_estimate_human_primary_cause"", ""Q003"": ""consensus_estimate_net_zero_before_2085""}",consensus_stage_a,consensus_two_stage_interactive_adaptation_v1,G|LP0884|Consensus|stage_a|replicate_1,061c0f9cc5ec4b3ce0c3d398968ef01321264fdf98b28863678fb868e38f9e58,675efa1486e53a4914248132dda701b834c9e26599d8c4c4d7b41db57bfcf2b0,
G|LP0885|Consensus|stage_a|replicate_1,G-0abbe3bf6b1ce1d84c6646456255e591d8e74558,G,target,LP0885,Consensus,consensus_stage_a_estimates,1,google/gemma-4-31B-it,4c61e45c10bf5865dfe6987490d7fc4526170af4fa88034d82ba7b5448b70f4a,675efa1486e53a4914248132dda701b834c9e26599d8c4c4d7b41db57bfcf2b0,consensus_two_stage_interactive_adaptation_v1,prompt_compiler_v2_split_g_f,9742679,pending,Q001|Q002|Q003,"{""Q001"": ""consensus_estimate_human_primary_cause"", ""Q002"": ""consensus_estimate_net_zero_before_2085"", ""Q003"": ""consensus_estimate_co2_warms_planet""}",consensus_stage_a,consensus_two_stage_interactive_adaptation_v1,G|LP0885|Consensus|stage_a|replicate_1,4c61e45c10bf5865dfe6987490d7fc4526170af4fa88034d82ba7b5448b70f4a,675efa1486e53a4914248132dda701b834c9e26599d8c4c4d7b41db57bfcf2b0,
G|LP0886|Consensus|stage_a|replicate_1,G-f617347c20ee899c870662ed6eb9e0f3766b32c6,G,target,LP0886,Consensus,consensus_stage_a_estimates,1,google/gemma-4-31B-it,85b02823986d5d5fc7b55a89a12c1b58c98dc6db4793e35425ed133d4b948640,675efa1486e53a4914248132dda701b834c9e26599d8c4c4d7b41db57bfcf2b0,consensus_two_stage_interactive_adaptation_v1,prompt_compiler_v2_split_g_f,220000920,pending,Q001|Q002|Q003,"{""Q001"": ""consensus_estimate_co2_warms_planet"", ""Q002"": ""consensus_estimate_net_zero_before_2085"", ""Q003"": ""consensus_estimate_human_primary_cause""}",consensus_stage_a,consensus_two_stage_interactive_adaptation_v1,G|LP0886|Consensus|stage_a|replicate_1,85b02823986d5d5fc7b55a89a12c1b58c98dc6db4793e35425ed133d4b948640,675efa1486e53a4914248132dda701b834c9e26599d8c4c4d7b41db57bfcf2b0,
G|LP0887|Consensus|stage_a|replicate_1,G-0c1ab635b26e166b442c0b67f54cdf617e71b7b1,G,target,LP0887,Consensus,consensus_stage_a_estimates,1,google/gemma-4-31B-it,3de4a517c3c62b8cd4a545b864dd7c0ed60493f90bdca5602bdc3220c76a27e0,675efa1486e53a4914248132dda701b834c9e26599d8c4c4d7b41db57bfcf2b0,consensus_two_stage_interactive_adaptation_v1,prompt_compiler_v2_split_g_f,1252229846,pending,Q001|Q002|Q003,"{""Q001"": ""consensus_estimate_net_zero_before_2085"", ""Q002"": ""consensus_estimate_co2_warms_planet"", ""Q003"": ""consensus_estimate_human_primary_cause""}",consensus_stage_a,consensus_two_stage_interactive_adaptation_v1,G|LP0887|Consensus|stage_a|replicate_1,3de4a517c3c62b8cd4a545b864dd7c0ed60493f90bdca5602bdc3220c76a27e0,675efa1486e53a4914248132dda701b834c9e26599d8c4c4d7b41db57bfcf2b0,
G|LP0888|Consensus|stage_a|replicate_1,G-5562fe94b3fef9cacc318f4fd5d2b62e2f16799e,G,target,LP0888,Consensus,consensus_stage_a_estimates,1,google/gemma-4-31B-it,49b560aa8a14a6b1a2d53243156d92af17d97d4cb3cedab9c3b363ba5f31ba1f,675efa1486e53a4914248132dda701b834c9e26599d8c4c4d7b41db57bfcf2b0,consensus_two_stage_interactive_adaptation_v1,prompt_compiler_v2_split_g_f,1589966580,pending,Q001|Q002|Q003,"{""Q001"": ""consensus_estimate_human_primary_cause"", ""Q002"": ""consensus_estimate_net_zero_before_2085"", ""Q003"": ""consensus_estimate_co2_warms_planet""}",consensus_stage_a,consensus_two_stage_interactive_adaptation_v1,G|LP0888|Consensus|stage_a|replicate_1,49b560aa8a14a6b1a2d53243156d92af17d97d4cb3cedab9c3b363ba5f31ba1f,675efa1486e53a4914248132dda701b834c9e26599d8c4c4d7b41db57bfcf2b0,
G|LP0889|Consensus|stage_a|replicate_1,G-8599371fe8952593a7ea8dd85e85def6d1321864,G,target,LP0889,Consensus,consensus_stage_a_estimates,1,google/gemma-4-31B-it,a6a5136230ce5c198222c9352c9caab2a392032139150e37ee2dcd64eae8b7a1,675efa1486e53a4914248132dda701b834c9e26599d8c4c4d7b41db57bfcf2b0,consensus_two_stage_interactive_adaptation_v1,prompt_compiler_v2_split_g_f,1942459348,pending,Q001|Q002|Q003,"{""Q001"": ""consensus_estimate_co2_warms_planet"", ""Q002"": ""consensus_estimate_human_primary_cause"", ""Q003"": ""consensus_estimate_net_zero_before_2085""}",consensus_stage_a,consensus_two_stage_interactive_adaptation_v1,G|LP0889|Consensus|stage_a|replicate_1,a6a5136230ce5c198222c9352c9caab2a392032139150e37ee2dcd64eae8b7a1,675efa1486e53a4914248132dda701b834c9e26599d8c4c4d7b41db57bfcf2b0,
G|LP0890|Consensus|stage_a|replicate_1,G-d1001ea5304527faee106e4690b31852ad155f1c,G,target,LP0890,Consensus,consensus_stage_a_estimates,1,google/gemma-4-31B-it,ac8316a216db8ef8f354b55f45b3a4edafa54317e93ed0b97afe10ffcbed7b86,675efa1486e53a4914248132dda701b834c9e26599d8c4c4d7b41db57bfcf2b0,consensus_two_stage_interactive_adaptation_v1,prompt_compiler_v2_split_g_f,1380279623,pending,Q001|Q002|Q003,"{""Q001"": ""consensus_estimate_net_zero_before_2085"", ""Q002"": ""consensus_estimate_human_primary_cause"", ""Q003"": ""consensus_estimate_co2_warms_planet""}",consensus_stage_a,consensus_two_stage_interactive_adaptation_v1,G|LP0890|Consensus|stage_a|replicate_1,ac8316a216db8ef8f354b55f45b3a4edafa54317e93ed0b97afe10ffcbed7b86,675efa1486e53a4914248132dda701b834c9e26599d8c4c4d7b41db57bfcf2b0,
G|LP0891|Consensus|stage_a|replicate_1,G-e545724efdb3fcf85f6182acf3f0c5a01f159d0e,G,target,LP0891,Consensus,consensus_stage_a_estimates,1,google/gemma-4-31B-it,df050d0934aa3423775ed4d7c97d5eccd3a38404a0fdfde90206258e28568079,675efa1486e53a4914248132dda701b834c9e26599d8c4c4d7b41db57bfcf2b0,consensus_two_stage_interactive_adaptation_v1,prompt_compiler_v2_split_g_f,1212080537,pending,Q001|Q002|Q003,"{""Q001"": ""consensus_estimate_co2_warms_planet"", ""Q002"": ""consensus_estimate_human_primary_cause"", ""Q003"": ""consensus_estimate_net_zero_before_2085""}",consensus_stage_a,consensus_two_stage_interactive_adaptation_v1,G|LP0891|Consensus|stage_a|replicate_1,df050d0934aa3423775ed4d7c97d5eccd3a38404a0fdfde90206258e28568079,675efa1486e53a4914248132dda701b834c9e26599d8c4c4d7b41db57bfcf2b0,
G|LP0892|Consensus|stage_a|replicate_1,G-55b5d44804e544b02a0bf2e1a491ba6ecbf9e458,G,target,LP0892,Consensus,consensus_stage_a_estimates,1,google/gemma-4-31B-it,edb7ae60c330b710b66be11d65ee7e24de25cfa8008dafa0aa2cea21d28df8ed,675efa1486e53a4914248132dda701b834c9e26599d8c4c4d7b41db57bfcf2b0,consensus_two_stage_interactive_adaptation_v1,prompt_compiler_v2_split_g_f,810609985,pending,Q001|Q002|Q003,"{""Q001"": ""consensus_estimate_net_zero_before_2085"", ""Q002"": ""consensus_estimate_human_primary_cause"", ""Q003"": ""consensus_estimate_co2_warms_planet""}",consensus_stage_a,consensus_two_stage_interactive_adaptation_v1,G|LP0892|Consensus|stage_a|replicate_1,edb7ae60c330b710b66be11d65ee7e24de25cfa8008dafa0aa2cea21d28df8ed,675efa1486e53a4914248132dda701b834c9e26599d8c4c4d7b41db57bfcf2b0,
G|LP0893|Consensus|stage_a|replicate_1,G-fb8309d34c4f03f3d2e946ca8873dacbd52202e8,G,target,LP0893,Consensus,consensus_stage_a_estimates,1,google/gemma-4-31B-it,494affa8d4e02a0aad410818dca1d6348953cd7d8b597d81d09bc2331b2f81dd,675efa1486e53a4914248132dda701b834c9e26599d8c4c4d7b41db57bfcf2b0,consensus_two_stage_interactive_adaptation_v1,prompt_compiler_v2_split_g_f,1129650077,pending,Q001|Q002|Q003,"{""Q001"": ""consensus_estimate_co2_warms_planet"", ""Q002"": ""consensus_estimate_net_zero_before_2085"", ""Q003"": ""consensus_estimate_human_primary_cause""}",consensus_stage_a,consensus_two_stage_interactive_adaptation_v1,G|LP0893|Consensus|stage_a|replicate_1,494affa8d4e02a0aad410818dca1d6348953cd7d8b597d81d09bc2331b2f81dd,675efa1486e53a4914248132dda701b834c9e26599d8c4c4d7b41db57bfcf2b0,
G|LP0894|Consensus|stage_a|replicate_1,G-d488f2cde4d065f1e88da9478d4fda9dcd8c3420,G,target,LP0894,Consensus,consensus_stage_a_estimates,1,google/gemma-4-31B-it,9d8c69e4bbb039758b97fe12aa1a3183b6f2a3a15cab7426d95398ee99ccc63d,675efa1486e53a4914248132dda701b834c9e26599d8c4c4d7b41db57bfcf2b0,consensus_two_stage_interactive_adaptation_v1,prompt_compiler_v2_split_g_f,232934288,pending,Q001|Q002|Q003,"{""Q001"": ""consensus_estimate_human_primary_cause"", ""Q002"": ""consensus_estimate_net_zero_before_2085"", ""Q003"": ""consensus_estimate_co2_warms_planet""}",consensus_stage_a,consensus_two_stage_interactive_adaptation_v1,G|LP0894|Consensus|stage_a|replicate_1,9d8c69e4bbb039758b97fe12aa1a3183b6f2a3a15cab7426d95398ee99ccc63d,675efa1486e53a4914248132dda701b834c9e26599d8c4c4d7b41db57bfcf2b0,
G|LP0895|Consensus|stage_a|replicate_1,G-c473a7aca4a9c6c17f37456bf039755320fe0ab3,G,target,LP0895,Consensus,consensus_stage_a_estimates,1,google/gemma-4-31B-it,d5bfda1d58834a5a8938c2a1d1f93a87add9e279329d3d0e102d022432fffed3,675efa1486e53a4914248132dda701b834c9e26599d8c4c4d7b41db57bfcf2b0,consensus_two_stage_interactive_adaptation_v1,prompt_compiler_v2_split_g_f,764483101,pending,Q001|Q002|Q003,"{""Q001"": ""consensus_estimate_co2_warms_planet"", ""Q002"": ""consensus_estimate_net_zero_before_2085"", ""Q003"": ""consensus_estimate_human_primary_cause""}",consensus_stage_a,consensus_two_stage_interactive_adaptation_v1,G|LP0895|Consensus|stage_a|replicate_1,d5bfda1d58834a5a8938c2a1d1f93a87add9e279329d3d0e102d022432fffed3,675efa1486e53a4914248132dda701b834c9e26599d8c4c4d7b41db57bfcf2b0,
G|LP0896|Consensus|stage_a|replicate_1,G-4a5d41e62c0165237144f540288b4d05b13aa6f3,G,target,LP0896,Consensus,consensus_stage_a_estimates,1,google/gemma-4-31B-it,ea8bd2758ccc7d4aba9cba2f69895045a4db0dadcb0abe9d8ba6018e86a5cbed,675efa1486e53a4914248132dda701b834c9e26599d8c4c4d7b41db57bfcf2b0,consensus_two_stage_interactive_adaptation_v1,prompt_compiler_v2_split_g_f,1086056688,pending,Q001|Q002|Q003,"{""Q001"": ""consensus_estimate_net_zero_before_2085"", ""Q002"": ""consensus_estimate_human_primary_cause"", ""Q003"": ""consensus_estimate_co2_warms_planet""}",consensus_stage_a,consensus_two_stage_interactive_adaptation_v1,G|LP0896|Consensus|stage_a|replicate_1,ea8bd2758ccc7d4aba9cba2f69895045a4db0dadcb0abe9d8ba6018e86a5cbed,675efa1486e53a4914248132dda701b834c9e26599d8c4c4d7b41db57bfcf2b0,
G|LP0897|Consensus|stage_a|replicate_1,G-84421ddc7083126515370a276ec23459a05432d9,G,target,LP0897,Consensus,consensus_stage_a_estimates,1,google/gemma-4-31B-it,b46be18c697231badd0e08a438eb6a4b29d862446530cdff37d3916191b02336,675efa1486e53a4914248132dda701b834c9e26599d8c4c4d7b41db57bfcf2b0,consensus_two_stage_interactive_adaptation_v1,prompt_compiler_v2_split_g_f,2030521887,pending,Q001|Q002|Q003,"{""Q001"": ""consensus_estimate_co2_warms_planet"", ""Q002"": ""consensus_estimate_human_primary_cause"", ""Q003"": ""consensus_estimate_net_zero_before_2085""}",consensus_stage_a,consensus_two_stage_interactive_adaptation_v1,G|LP0897|Consensus|stage_a|replicate_1,b46be18c697231badd0e08a438eb6a4b29d862446530cdff37d3916191b02336,675efa1486e53a4914248132dda701b834c9e26599d8c4c4d7b41db57bfcf2b0,
G|LP0898|Consensus|stage_a|replicate_1,G-e9abe4828c337320de19d56dccede77401074e01,G,target,LP0898,Consensus,consensus_stage_a_estimates,1,google/gemma-4-31B-it,c529bbeb69e2651f01f70f4fcf0db58b0d73f6923966f9dd3bb75cb7eca75d95,675efa1486e53a4914248132dda701b834c9e26599d8c4c4d7b41db57bfcf2b0,consensus_two_stage_interactive_adaptation_v1,prompt_compiler_v2_split_g_f,1602960424,pending,Q001|Q002|Q003,"{""Q001"": ""consensus_estimate_human_primary_cause"", ""Q002"": ""consensus_estimate_co2_warms_planet"", ""Q003"": ""consensus_estimate_net_zero_before_2085""}",consensus_stage_a,consensus_two_stage_interactive_adaptation_v1,G|LP0898|Consensus|stage_a|replicate_1,c529bbeb69e2651f01f70f4fcf0db58b0d73f6923966f9dd3bb75cb7eca75d95,675efa1486e53a4914248132dda701b834c9e26599d8c4c4d7b41db57bfcf2b0,
G|LP0899|Consensus|stage_a|replicate_1,G-0fb8ca668d1ee6ceed3d9a053f647f792f172e94,G,target,LP0899,Consensus,consensus_stage_a_estimates,1,google/gemma-4-31B-it,405945f1dd286ddd2504bf691f5b270d89985ed084cdd9b47a91c23ced121db9,675efa1486e53a4914248132dda701b834c9e26599d8c4c4d7b41db57bfcf2b0,consensus_two_stage_interactive_adaptation_v1,prompt_compiler_v2_split_g_f,747666331,pending,Q001|Q002|Q003,"{""Q001"": ""consensus_estimate_co2_warms_planet"", ""Q002"": ""consensus_estimate_net_zero_before_2085"", ""Q003"": ""consensus_estimate_human_primary_cause""}",consensus_stage_a,consensus_two_stage_interactive_adaptation_v1,G|LP0899|Consensus|stage_a|replicate_1,405945f1dd286ddd2504bf691f5b270d89985ed084cdd9b47a91c23ced121db9,675efa1486e53a4914248132dda701b834c9e26599d8c4c4d7b41db57bfcf2b0,
G|LP0900|Consensus|stage_a|replicate_1,G-b62949529ac4af0564809644fafe29473494b03c,G,target,LP0900,Consensus,consensus_stage_a_estimates,1,google/gemma-4-31B-it,8f1b8cfeb9e9d7f2909b2fb982d82f99ab49023aee6827a46cbbaceafa9ee9fe,675efa1486e53a4914248132dda701b834c9e26599d8c4c4d7b41db57bfcf2b0,consensus_two_stage_interactive_adaptation_v1,prompt_compiler_v2_split_g_f,118964653,pending,Q001|Q002|Q003,"{""Q001"": ""consensus_estimate_net_zero_before_2085"", ""Q002"": ""consensus_estimate_human_primary_cause"", ""Q003"": ""consensus_estimate_co2_warms_planet""}",consensus_stage_a,consensus_two_stage_interactive_adaptation_v1,G|LP0900|Consensus|stage_a|replicate_1,8f1b8cfeb9e9d7f2909b2fb982d82f99ab49023aee6827a46cbbaceafa9ee9fe,675efa1486e53a4914248132dda701b834c9e26599d8c4c4d7b41db57bfcf2b0,
G|LP0901|Consensus|stage_a|replicate_1,G-1eb3713d0220ad6c27f5a2200ea09e7a3cfc0ee7,G,target,LP0901,Consensus,consensus_stage_a_estimates,1,google/gemma-4-31B-it,fe72590bb343da73b920f3f04ace4d442d1523b17a7356d70ecba49d9d7d4de0,675efa1486e53a4914248132dda701b834c9e26599d8c4c4d7b41db57bfcf2b0,consensus_two_stage_interactive_adaptation_v1,prompt_compiler_v2_split_g_f,1065848806,pending,Q001|Q002|Q003,"{""Q001"": ""consensus_estimate_co2_warms_planet"", ""Q002"": ""consensus_estimate_net_zero_before_2085"", ""Q003"": ""consensus_estimate_human_primary_cause""}",consensus_stage_a,consensus_two_stage_interactive_adaptation_v1,G|LP0901|Consensus|stage_a|replicate_1,fe72590bb343da73b920f3f04ace4d442d1523b17a7356d70ecba49d9d7d4de0,675efa1486e53a4914248132dda701b834c9e26599d8c4c4d7b41db57bfcf2b0,
G|LP0902|Consensus|stage_a|replicate_1,G-a81790284229487adb4da99744b773992f0f8c82,G,target,LP0902,Consensus,consensus_stage_a_estimates,1,google/gemma-4-31B-it,810afe8afceb82917c9629c4e15298f3ebba18e78a23ba9296cbdd1168316d5e,675efa1486e53a4914248132dda701b834c9e26599d8c4c4d7b41db57bfcf2b0,consensus_two_stage_interactive_adaptation_v1,prompt_compiler_v2_split_g_f,307783885,pending,Q001|Q002|Q003,"{""Q001"": ""consensus_estimate_human_primary_cause"", ""Q002"": ""consensus_estimate_co2_warms_planet"", ""Q003"": ""consensus_estimate_net_zero_before_2085""}",consensus_stage_a,consensus_two_stage_interactive_adaptation_v1,G|LP0902|Consensus|stage_a|replicate_1,810afe8afceb82917c9629c4e15298f3ebba18e78a23ba9296cbdd1168316d5e,675efa1486e53a4914248132dda701b834c9e26599d8c4c4d7b41db57bfcf2b0,
G|LP0903|Consensus|stage_a|replicate_1,G-803f0857c708b0b9417ea49e840ca1ba89f81c76,G,target,LP0903,Consensus,consensus_stage_a_estimates,1,google/gemma-4-31B-it,b5cb90897306fe106d05648d080134cb5a0452972457c3dda689da4983d35433,675efa1486e53a4914248132dda701b834c9e26599d8c4c4d7b41db57bfcf2b0,consensus_two_stage_interactive_adaptation_v1,prompt_compiler_v2_split_g_f,1200013674,pending,Q001|Q002|Q003,"{""Q001"": ""consensus_estimate_co2_warms_planet"", ""Q002"": ""consensus_estimate_net_zero_before_2085"", ""Q003"": ""consensus_estimate_human_primary_cause""}",consensus_stage_a,consensus_two_stage_interactive_adaptation_v1,G|LP0903|Consensus|stage_a|replicate_1,b5cb90897306fe106d05648d080134cb5a0452972457c3dda689da4983d35433,675efa1486e53a4914248132dda701b834c9e26599d8c4c4d7b41db57bfcf2b0,
G|LP0904|Consensus|stage_a|replicate_1,G-14667057bb68a802e2459570c5fbf0f4c658df5b,G,target,LP0904,Consensus,consensus_stage_a_estimates,1,google/gemma-4-31B-it,50f365975cdd2118c6a2c9bc08a17ba2840bb8e72e8a7ec0f452e910ababb04a,675efa1486e53a4914248132dda701b834c9e26599d8c4c4d7b41db57bfcf2b0,consensus_two_stage_interactive_adaptation_v1,prompt_compiler_v2_split_g_f,1681230001,pending,Q001|Q002|Q003,"{""Q001"": ""consensus_estimate_net_zero_before_2085"", ""Q002"": ""consensus_estimate_co2_warms_planet"", ""Q003"": ""consensus_estimate_human_primary_cause""}",consensus_stage_a,consensus_two_stage_interactive_adaptation_v1,G|LP0904|Consensus|stage_a|replicate_1,50f365975cdd2118c6a2c9bc08a17ba2840bb8e72e8a7ec0f452e910ababb04a,675efa1486e53a4914248132dda701b834c9e26599d8c4c4d7b41db57bfcf2b0,
G|LP0905|Consensus|stage_a|replicate_1,G-809a655f251c29e52dad6b7a48b0a5a15b74e9b3,G,target,LP0905,Consensus,consensus_stage_a_estimates,1,google/gemma-4-31B-it,65a6d8c275c9a1c7389fa668c86c056b25810f6e5005e2d6f77fc52ae2c54c00,675efa1486e53a4914248132dda701b834c9e26599d8c4c4d7b41db57bfcf2b0,consensus_two_stage_interactive_adaptation_v1,prompt_compiler_v2_split_g_f,642839717,pending,Q001|Q002|Q003,"{""Q001"": ""consensus_estimate_human_primary_cause"", ""Q002"": ""consensus_estimate_co2_warms_planet"", ""Q003"": ""consensus_estimate_net_zero_before_2085""}",consensus_stage_a,consensus_two_stage_interactive_adaptation_v1,G|LP0905|Consensus|stage_a|replicate_1,65a6d8c275c9a1c7389fa668c86c056b25810f6e5005e2d6f77fc52ae2c54c00,675efa1486e53a4914248132dda701b834c9e26599d8c4c4d7b41db57bfcf2b0,
G|LP0906|Consensus|stage_a|replicate_1,G-ebf6075e59debe4577848be6e916a52fdcde8a54,G,target,LP0906,Consensus,consensus_stage_a_estimates,1,google/gemma-4-31B-it,c2bdec368437f458bf25a5694a8bcac462e2f8aab8d0e3dc04c22318cf50f128,675efa1486e53a4914248132dda701b834c9e26599d8c4c4d7b41db57bfcf2b0,consensus_two_stage_interactive_adaptation_v1,prompt_compiler_v2_split_g_f,835374341,pending,Q001|Q002|Q003,"{""Q001"": ""consensus_estimate_human_primary_cause"", ""Q002"": ""consensus_estimate_net_zero_before_2085"", ""Q003"": ""consensus_estimate_co2_warms_planet""}",consensus_stage_a,consensus_two_stage_interactive_adaptation_v1,G|LP0906|Consensus|stage_a|replicate_1,c2bdec368437f458bf25a5694a8bcac462e2f8aab8d0e3dc04c22318cf50f128,675efa1486e53a4914248132dda701b834c9e26599d8c4c4d7b41db57bfcf2b0,
G|LP0907|Consensus|stage_a|replicate_1,G-6d8614bd997a2e4554ef5333be997c2a329b161c,G,target,LP0907,Consensus,consensus_stage_a_estimates,1,google/gemma-4-31B-it,64b9323934d97f9ae3849f1280385cc36de3a7f3f59e8376b8af51cd8592683f,675efa1486e53a4914248132dda701b834c9e26599d8c4c4d7b41db57bfcf2b0,consensus_two_stage_interactive_adaptation_v1,prompt_compiler_v2_split_g_f,1954961345,pending,Q001|Q002|Q003,"{""Q001"": ""consensus_estimate_human_primary_cause"", ""Q002"": ""consensus_estimate_co2_warms_planet"", ""Q003"": ""consensus_estimate_net_zero_before_2085""}",consensus_stage_a,consensus_two_stage_interactive_adaptation_v1,G|LP0907|Consensus|stage_a|replicate_1,64b9323934d97f9ae3849f1280385cc36de3a7f3f59e8376b8af51cd8592683f,675efa1486e53a4914248132dda701b834c9e26599d8c4c4d7b41db57bfcf2b0,
G|LP0908|Consensus|stage_a|replicate_1,G-3d2bea19c66c6602816ef73870a426afb87a144d,G,target,LP0908,Consensus,consensus_stage_a_estimates,1,google/gemma-4-31B-it,86455123a818a65f32dbe346b0112e667eb986d85b70f17f41ca937ee12697c4,675efa1486e53a4914248132dda701b834c9e26599d8c4c4d7b41db57bfcf2b0,consensus_two_stage_interactive_adaptation_v1,prompt_compiler_v2_split_g_f,1086601782,pending,Q001|Q002|Q003,"{""Q001"": ""consensus_estimate_human_primary_cause"", ""Q002"": ""consensus_estimate_net_zero_before_2085"", ""Q003"": ""consensus_estimate_co2_warms_planet""}",consensus_stage_a,consensus_two_stage_interactive_adaptation_v1,G|LP0908|Consensus|stage_a|replicate_1,86455123a818a65f32dbe346b0112e667eb986d85b70f17f41ca937ee12697c4,675efa1486e53a4914248132dda701b834c9e26599d8c4c4d7b41db57bfcf2b0,
G|LP0909|Consensus|stage_a|replicate_1,G-2d8dcd4b100687aa3d840606b321d0b68f43e6bd,G,target,LP0909,Consensus,consensus_stage_a_estimates,1,google/gemma-4-31B-it,28254a9b068724dbfc0c2ae70da51381ee6d9d9d4618cd21e04c0f459467cc34,675efa1486e53a4914248132dda701b834c9e26599d8c4c4d7b41db57bfcf2b0,consensus_two_stage_interactive_adaptation_v1,prompt_compiler_v2_split_g_f,1797399104,pending,Q001|Q002|Q003,"{""Q001"": ""consensus_estimate_co2_warms_planet"", ""Q002"": ""consensus_estimate_net_zero_before_2085"", ""Q003"": ""consensus_estimate_human_primary_cause""}",consensus_stage_a,consensus_two_stage_interactive_adaptation_v1,G|LP0909|Consensus|stage_a|replicate_1,28254a9b068724dbfc0c2ae70da51381ee6d9d9d4618cd21e04c0f459467cc34,675efa1486e53a4914248132dda701b834c9e26599d8c4c4d7b41db57bfcf2b0,
G|LP0910|Consensus|stage_a|replicate_1,G-6b2860e475960dbac3128dbb2d3cae42485419c7,G,target,LP0910,Consensus,consensus_stage_a_estimates,1,google/gemma-4-31B-it,55a1f63151be0ba3bd265bff7cceefc887fe9e5cfb0ac6a8c84782dcd86dfe4a,675efa1486e53a4914248132dda701b834c9e26599d8c4c4d7b41db57bfcf2b0,consensus_two_stage_interactive_adaptation_v1,prompt_compiler_v2_split_g_f,1273417604,pending,Q001|Q002|Q003,"{""Q001"": ""consensus_estimate_net_zero_before_2085"", ""Q002"": ""consensus_estimate_human_primary_cause"", ""Q003"": ""consensus_estimate_co2_warms_planet""}",consensus_stage_a,consensus_two_stage_interactive_adaptation_v1,G|LP0910|Consensus|stage_a|replicate_1,55a1f63151be0ba3bd265bff7cceefc887fe9e5cfb0ac6a8c84782dcd86dfe4a,675efa1486e53a4914248132dda701b834c9e26599d8c4c4d7b41db57bfcf2b0,
G|LP0911|Consensus|stage_a|replicate_1,G-90c001a648adc6ab6aafc0a82921d4423d9f4667,G,target,LP0911,Consensus,consensus_stage_a_estimates,1,google/gemma-4-31B-it,2a3fa1e87f88e004ae5a7dc75f38fbaacd3f40e5812739b9200f4bd395e3936a,675efa1486e53a4914248132dda701b834c9e26599d8c4c4d7b41db57bfcf2b0,consensus_two_stage_interactive_adaptation_v1,prompt_compiler_v2_split_g_f,1781385721,pending,Q001|Q002|Q003,"{""Q001"": ""consensus_estimate_human_primary_cause"", ""Q002"": ""consensus_estimate_co2_warms_planet"", ""Q003"": ""consensus_estimate_net_zero_before_2085""}",consensus_stage_a,consensus_two_stage_interactive_adaptation_v1,G|LP0911|Consensus|stage_a|replicate_1,2a3fa1e87f88e004ae5a7dc75f38fbaacd3f40e5812739b9200f4bd395e3936a,675efa1486e53a4914248132dda701b834c9e26599d8c4c4d7b41db57bfcf2b0,
G|LP0912|Consensus|stage_a|replicate_1,G-7bdb63491d71d57a8e5c9cd45b9673ccf273f6cf,G,target,LP0912,Consensus,consensus_stage_a_estimates,1,google/gemma-4-31B-it,9b473d4747e89b5cf03896e92360cf793293debbe75421a18c00632fe8bb51a0,675efa1486e53a4914248132dda701b834c9e26599d8c4c4d7b41db57bfcf2b0,consensus_two_stage_interactive_adaptation_v1,prompt_compiler_v2_split_g_f,354982926,pending,Q001|Q002|Q003,"{""Q001"": ""consensus_estimate_co2_warms_planet"", ""Q002"": ""consensus_estimate_net_zero_before_2085"", ""Q003"": ""consensus_estimate_human_primary_cause""}",consensus_stage_a,consensus_two_stage_interactive_adaptation_v1,G|LP0912|Consensus|stage_a|replicate_1,9b473d4747e89b5cf03896e92360cf793293debbe75421a18c00632fe8bb51a0,675efa1486e53a4914248132dda701b834c9e26599d8c4c4d7b41db57bfcf2b0,
G|LP0913|Consensus|stage_a|replicate_1,G-1e2030dc7955bfd1710d706e9257b766cc156fb5,G,target,LP0913,Consensus,consensus_stage_a_estimates,1,google/gemma-4-31B-it,f1cefa1a759535b99d36b06df44825ca769c99b5010e3bd89e01decfcb675545,675efa1486e53a4914248132dda701b834c9e26599d8c4c4d7b41db57bfcf2b0,consensus_two_stage_interactive_adaptation_v1,prompt_compiler_v2_split_g_f,899031434,pending,Q001|Q002|Q003,"{""Q001"": ""consensus_estimate_human_primary_cause"", ""Q002"": ""consensus_estimate_net_zero_before_2085"", ""Q003"": ""consensus_estimate_co2_warms_planet""}",consensus_stage_a,consensus_two_stage_interactive_adaptation_v1,G|LP0913|Consensus|stage_a|replicate_1,f1cefa1a759535b99d36b06df44825ca769c99b5010e3bd89e01decfcb675545,675efa1486e53a4914248132dda701b834c9e26599d8c4c4d7b41db57bfcf2b0,
G|LP0914|Consensus|stage_a|replicate_1,G-be84a59937115fe85b42644713198cfe3407d83c,G,target,LP0914,Consensus,consensus_stage_a_estimates,1,google/gemma-4-31B-it,16e8ce3227c22233d15762e3620c055155b7c5de8c7b031e37eec684b082a08e,675efa1486e53a4914248132dda701b834c9e26599d8c4c4d7b41db57bfcf2b0,consensus_two_stage_interactive_adaptation_v1,prompt_compiler_v2_split_g_f,874162973,pending,Q001|Q002|Q003,"{""Q001"": ""consensus_estimate_net_zero_before_2085"", ""Q002"": ""consensus_estimate_co2_warms_planet"", ""Q003"": ""consensus_estimate_human_primary_cause""}",consensus_stage_a,consensus_two_stage_interactive_adaptation_v1,G|LP0914|Consensus|stage_a|replicate_1,16e8ce3227c22233d15762e3620c055155b7c5de8c7b031e37eec684b082a08e,675efa1486e53a4914248132dda701b834c9e26599d8c4c4d7b41db57bfcf2b0,
G|LP0915|Consensus|stage_a|replicate_1,G-fb348a46078ea1f216f9e4f90ec107d60312849c,G,target,LP0915,Consensus,consensus_stage_a_estimates,1,google/gemma-4-31B-it,607dcd2a0b20da2db90e2008148dba4c467ef1370182dd10afea4b2e8e68b5fa,675efa1486e53a4914248132dda701b834c9e26599d8c4c4d7b41db57bfcf2b0,consensus_two_stage_interactive_adaptation_v1,prompt_compiler_v2_split_g_f,2113386113,pending,Q001|Q002|Q003,"{""Q001"": ""consensus_estimate_human_primary_cause"", ""Q002"": ""consensus_estimate_co2_warms_planet"", ""Q003"": ""consensus_estimate_net_zero_before_2085""}",consensus_stage_a,consensus_two_stage_interactive_adaptation_v1,G|LP0915|Consensus|stage_a|replicate_1,607dcd2a0b20da2db90e2008148dba4c467ef1370182dd10afea4b2e8e68b5fa,675efa1486e53a4914248132dda701b834c9e26599d8c4c4d7b41db57bfcf2b0,
G|LP0916|Consensus|stage_a|replicate_1,G-6344071a415954ee78dbd325c01089e864677c88,G,target,LP0916,Consensus,consensus_stage_a_estimates,1,google/gemma-4-31B-it,8b8ac61d9dae00b4b0415c6c93f054b9fcf801710fb3b3b7828bd0440b02e79a,675efa1486e53a4914248132dda701b834c9e26599d8c4c4d7b41db57bfcf2b0,consensus_two_stage_interactive_adaptation_v1,prompt_compiler_v2_split_g_f,132211492,pending,Q001|Q002|Q003,"{""Q001"": ""consensus_estimate_net_zero_before_2085"", ""Q002"": ""consensus_estimate_human_primary_cause"", ""Q003"": ""consensus_estimate_co2_warms_planet""}",consensus_stage_a,consensus_two_stage_interactive_adaptation_v1,G|LP0916|Consensus|stage_a|replicate_1,8b8ac61d9dae00b4b0415c6c93f054b9fcf801710fb3b3b7828bd0440b02e79a,675efa1486e53a4914248132dda701b834c9e26599d8c4c4d7b41db57bfcf2b0,
G|LP0917|Consensus|stage_a|replicate_1,G-b730ec057690c842853d03cce7c8bd1d7b4c5ef7,G,target,LP0917,Consensus,consensus_stage_a_estimates,1,google/gemma-4-31B-it,9aeaff68378b887c93dd2e42cddffe072050852bbf6ddf449ed38ce1133d32df,675efa1486e53a4914248132dda701b834c9e26599d8c4c4d7b41db57bfcf2b0,consensus_two_stage_interactive_adaptation_v1,prompt_compiler_v2_split_g_f,1693622351,pending,Q001|Q002|Q003,"{""Q001"": ""consensus_estimate_co2_warms_planet"", ""Q002"": ""consensus_estimate_human_primary_cause"", ""Q003"": ""consensus_estimate_net_zero_before_2085""}",consensus_stage_a,consensus_two_stage_interactive_adaptation_v1,G|LP0917|Consensus|stage_a|replicate_1,9aeaff68378b887c93dd2e42cddffe072050852bbf6ddf449ed38ce1133d32df,675efa1486e53a4914248132dda701b834c9e26599d8c4c4d7b41db57bfcf2b0,
G|LP0918|Consensus|stage_a|replicate_1,G-4fb962bb8d20e87db025384a8dacd6e33a728520,G,target,LP0918,Consensus,consensus_stage_a_estimates,1,google/gemma-4-31B-it,2676ca1097a861b00316ab446b0ec551eaf15ab80e9b599451ce7642c82bdb55,675efa1486e53a4914248132dda701b834c9e26599d8c4c4d7b41db57bfcf2b0,consensus_two_stage_interactive_adaptation_v1,prompt_compiler_v2_split_g_f,747875829,pending,Q001|Q002|Q003,"{""Q001"": ""consensus_estimate_net_zero_before_2085"", ""Q002"": ""consensus_estimate_human_primary_cause"", ""Q003"": ""consensus_estimate_co2_warms_planet""}",consensus_stage_a,consensus_two_stage_interactive_adaptation_v1,G|LP0918|Consensus|stage_a|replicate_1,2676ca1097a861b00316ab446b0ec551eaf15ab80e9b599451ce7642c82bdb55,675efa1486e53a4914248132dda701b834c9e26599d8c4c4d7b41db57bfcf2b0,
G|LP0919|Consensus|stage_a|replicate_1,G-ab3e0c693baad0e2097b55356bf6ec97754496c8,G,target,LP0919,Consensus,consensus_stage_a_estimates,1,google/gemma-4-31B-it,07f8f103197563e66c0c95056bfe3d2e4c4db06a0823d2aa4c2bea4a0acaf0f5,675efa1486e53a4914248132dda701b834c9e26599d8c4c4d7b41db57bfcf2b0,consensus_two_stage_interactive_adaptation_v1,prompt_compiler_v2_split_g_f,304540087,pending,Q001|Q002|Q003,"{""Q001"": ""consensus_estimate_net_zero_before_2085"", ""Q002"": ""consensus_estimate_co2_warms_planet"", ""Q003"": ""consensus_estimate_human_primary_cause""}",consensus_stage_a,consensus_two_stage_interactive_adaptation_v1,G|LP0919|Consensus|stage_a|replicate_1,07f8f103197563e66c0c95056bfe3d2e4c4db06a0823d2aa4c2bea4a0acaf0f5,675efa1486e53a4914248132dda701b834c9e26599d8c4c4d7b41db57bfcf2b0,
G|LP0920|Consensus|stage_a|replicate_1,G-7fe72971783d0d95fccd662ff81ee2dd40ef3ae9,G,target,LP0920,Consensus,consensus_stage_a_estimates,1,google/gemma-4-31B-it,5e878a2feea05748ac1c90ac8ccdbf4d3873c681a8bd9f4fdc3cf8289cfff401,675efa1486e53a4914248132dda701b834c9e26599d8c4c4d7b41db57bfcf2b0,consensus_two_stage_interactive_adaptation_v1,prompt_compiler_v2_split_g_f,2014011513,pending,Q001|Q002|Q003,"{""Q001"": ""consensus_estimate_co2_warms_planet"", ""Q002"": ""consensus_estimate_human_primary_cause"", ""Q003"": ""consensus_estimate_net_zero_before_2085""}",consensus_stage_a,consensus_two_stage_interactive_adaptation_v1,G|LP0920|Consensus|stage_a|replicate_1,5e878a2feea05748ac1c90ac8ccdbf4d3873c681a8bd9f4fdc3cf8289cfff401,675efa1486e53a4914248132dda701b834c9e26599d8c4c4d7b41db57bfcf2b0,
G|LP0921|Consensus|stage_a|replicate_1,G-cc5a310151fda3f45f5d5803e303dd309f22e6c0,G,target,LP0921,Consensus,consensus_stage_a_estimates,1,google/gemma-4-31B-it,021053fb67ae77c298a749a7f811c20f4545adb43cbf965d8f1ad1ef2255cc9d,675efa1486e53a4914248132dda701b834c9e26599d8c4c4d7b41db57bfcf2b0,consensus_two_stage_interactive_adaptation_v1,prompt_compiler_v2_split_g_f,1790051833,pending,Q001|Q002|Q003,"{""Q001"": ""consensus_estimate_net_zero_before_2085"", ""Q002"": ""consensus_estimate_co2_warms_planet"", ""Q003"": ""consensus_estimate_human_primary_cause""}",consensus_stage_a,consensus_two_stage_interactive_adaptation_v1,G|LP0921|Consensus|stage_a|replicate_1,021053fb67ae77c298a749a7f811c20f4545adb43cbf965d8f1ad1ef2255cc9d,675efa1486e53a4914248132dda701b834c9e26599d8c4c4d7b41db57bfcf2b0,
G|LP0922|Consensus|stage_a|replicate_1,G-31dfcf41d92aba5b9c6b85bec668a98c7b0cf9e3,G,target,LP0922,Consensus,consensus_stage_a_estimates,1,google/gemma-4-31B-it,f70e947eaaf99b2b15505c4fbba8531b00fd53941fb4fbdcff15f56b12fff796,675efa1486e53a4914248132dda701b834c9e26599d8c4c4d7b41db57bfcf2b0,consensus_two_stage_interactive_adaptation_v1,prompt_compiler_v2_split_g_f,1021991135,pending,Q001|Q002|Q003,"{""Q001"": ""consensus_estimate_co2_warms_planet"", ""Q002"": ""consensus_estimate_human_primary_cause"", ""Q003"": ""consensus_estimate_net_zero_before_2085""}",consensus_stage_a,consensus_two_stage_interactive_adaptation_v1,G|LP0922|Consensus|stage_a|replicate_1,f70e947eaaf99b2b15505c4fbba8531b00fd53941fb4fbdcff15f56b12fff796,675efa1486e53a4914248132dda701b834c9e26599d8c4c4d7b41db57bfcf2b0,
G|LP0923|Consensus|stage_a|replicate_1,G-37bb53389676f8b3a8627605d9b2991e6ab3b70f,G,target,LP0923,Consensus,consensus_stage_a_estimates,1,google/gemma-4-31B-it,3587ef8d47d146cae695861d1de76f1603ed7faf34f324bccece7fa836f1e916,675efa1486e53a4914248132dda701b834c9e26599d8c4c4d7b41db57bfcf2b0,consensus_two_stage_interactive_adaptation_v1,prompt_compiler_v2_split_g_f,99458853,pending,Q001|Q002|Q003,"{""Q001"": ""consensus_estimate_net_zero_before_2085"", ""Q002"": ""consensus_estimate_co2_warms_planet"", ""Q003"": ""consensus_estimate_human_primary_cause""}",consensus_stage_a,consensus_two_stage_interactive_adaptation_v1,G|LP0923|Consensus|stage_a|replicate_1,3587ef8d47d146cae695861d1de76f1603ed7faf34f324bccece7fa836f1e916,675efa1486e53a4914248132dda701b834c9e26599d8c4c4d7b41db57bfcf2b0,
G|LP0924|Consensus|stage_a|replicate_1,G-bf4d9b1c75f89a3b70ac8dda97ab917a3304bbd4,G,target,LP0924,Consensus,consensus_stage_a_estimates,1,google/gemma-4-31B-it,fa765ad78fb645a242a9e635640e79fc54fab22319454dd8451bb73ed491356d,675efa1486e53a4914248132dda701b834c9e26599d8c4c4d7b41db57bfcf2b0,consensus_two_stage_interactive_adaptation_v1,prompt_compiler_v2_split_g_f,1955844214,pending,Q001|Q002|Q003,"{""Q001"": ""consensus_estimate_net_zero_before_2085"", ""Q002"": ""consensus_estimate_human_primary_cause"", ""Q003"": ""consensus_estimate_co2_warms_planet""}",consensus_stage_a,consensus_two_stage_interactive_adaptation_v1,G|LP0924|Consensus|stage_a|replicate_1,fa765ad78fb645a242a9e635640e79fc54fab22319454dd8451bb73ed491356d,675efa1486e53a4914248132dda701b834c9e26599d8c4c4d7b41db57bfcf2b0,
G|LP0925|Consensus|stage_a|replicate_1,G-99a9a8477df34651930d7962659f32b79f589863,G,target,LP0925,Consensus,consensus_stage_a_estimates,1,google/gemma-4-31B-it,485e09effede4ca6662c329e4d372f492b06d8c08fec2eff0386558eefd1a70f,675efa1486e53a4914248132dda701b834c9e26599d8c4c4d7b41db57bfcf2b0,consensus_two_stage_interactive_adaptation_v1,prompt_compiler_v2_split_g_f,826709730,pending,Q001|Q002|Q003,"{""Q001"": ""consensus_estimate_net_zero_before_2085"", ""Q002"": ""consensus_estimate_human_primary_cause"", ""Q003"": ""consensus_estimate_co2_warms_planet""}",consensus_stage_a,consensus_two_stage_interactive_adaptation_v1,G|LP0925|Consensus|stage_a|replicate_1,485e09effede4ca6662c329e4d372f492b06d8c08fec2eff0386558eefd1a70f,675efa1486e53a4914248132dda701b834c9e26599d8c4c4d7b41db57bfcf2b0,
G|LP0926|Consensus|stage_a|replicate_1,G-00b6b1b7835e055dfb2b181d1ede5936f0ab376a,G,target,LP0926,Consensus,consensus_stage_a_estimates,1,google/gemma-4-31B-it,2a2e9c5592285d837e30c04006f755295ba413fe84fa9f5c1ce37fd65cb856c1,675efa1486e53a4914248132dda701b834c9e26599d8c4c4d7b41db57bfcf2b0,consensus_two_stage_interactive_adaptation_v1,prompt_compiler_v2_split_g_f,80439500,pending,Q001|Q002|Q003,"{""Q001"": ""consensus_estimate_human_primary_cause"", ""Q002"": ""consensus_estimate_co2_warms_planet"", ""Q003"": ""consensus_estimate_net_zero_before_2085""}",consensus_stage_a,consensus_two_stage_interactive_adaptation_v1,G|LP0926|Consensus|stage_a|replicate_1,2a2e9c5592285d837e30c04006f755295ba413fe84fa9f5c1ce37fd65cb856c1,675efa1486e53a4914248132dda701b834c9e26599d8c4c4d7b41db57bfcf2b0,
G|LP0927|Consensus|stage_a|replicate_1,G-b6c033b23e02d47b4a168d42fecada8e79563748,G,target,LP0927,Consensus,consensus_stage_a_estimates,1,google/gemma-4-31B-it,5bd220abc38b11a96f78ddf3942e65bbb94f52632606a7f70d947f98340c87f2,675efa1486e53a4914248132dda701b834c9e26599d8c4c4d7b41db57bfcf2b0,consensus_two_stage_interactive_adaptation_v1,prompt_compiler_v2_split_g_f,730020834,pending,Q001|Q002|Q003,"{""Q001"": ""consensus_estimate_human_primary_cause"", ""Q002"": ""consensus_estimate_co2_warms_planet"", ""Q003"": ""consensus_estimate_net_zero_before_2085""}",consensus_stage_a,consensus_two_stage_interactive_adaptation_v1,G|LP0927|Consensus|stage_a|replicate_1,5bd220abc38b11a96f78ddf3942e65bbb94f52632606a7f70d947f98340c87f2,675efa1486e53a4914248132dda701b834c9e26599d8c4c4d7b41db57bfcf2b0,
G|LP0928|Consensus|stage_a|replicate_1,G-031a63a44a52e00912a1d2cd474a1b38b3b9e229,G,target,LP0928,Consensus,consensus_stage_a_estimates,1,google/gemma-4-31B-it,0f5a8d108e0439cba29915e36cb71ac90b9a2c722379ef9c87144ee9e14ad1d1,675efa1486e53a4914248132dda701b834c9e26599d8c4c4d7b41db57bfcf2b0,consensus_two_stage_interactive_adaptation_v1,prompt_compiler_v2_split_g_f,1351067473,pending,Q001|Q002|Q003,"{""Q001"": ""consensus_estimate_co2_warms_planet"", ""Q002"": ""consensus_estimate_human_primary_cause"", ""Q003"": ""consensus_estimate_net_zero_before_2085""}",consensus_stage_a,consensus_two_stage_interactive_adaptation_v1,G|LP0928|Consensus|stage_a|replicate_1,0f5a8d108e0439cba29915e36cb71ac90b9a2c722379ef9c87144ee9e14ad1d1,675efa1486e53a4914248132dda701b834c9e26599d8c4c4d7b41db57bfcf2b0,
G|LP0929|Consensus|stage_a|replicate_1,G-6183aa0abf7010b8cb97f3a3f7f5853de34eb5b4,G,target,LP0929,Consensus,consensus_stage_a_estimates,1,google/gemma-4-31B-it,f92e62e1077d0503a64bc2d6a7a8e50709805d8116458cb12696720f0fd99185,675efa1486e53a4914248132dda701b834c9e26599d8c4c4d7b41db57bfcf2b0,consensus_two_stage_interactive_adaptation_v1,prompt_compiler_v2_split_g_f,41379023,pending,Q001|Q002|Q003,"{""Q001"": ""consensus_estimate_co2_warms_planet"", ""Q002"": ""consensus_estimate_human_primary_cause"", ""Q003"": ""consensus_estimate_net_zero_before_2085""}",consensus_stage_a,consensus_two_stage_interactive_adaptation_v1,G|LP0929|Consensus|stage_a|replicate_1,f92e62e1077d0503a64bc2d6a7a8e50709805d8116458cb12696720f0fd99185,675efa1486e53a4914248132dda701b834c9e26599d8c4c4d7b41db57bfcf2b0,
G|LP0930|Consensus|stage_a|replicate_1,G-9eb4f4b0d46916a2b4416166d4f830d7c8bb3460,G,target,LP0930,Consensus,consensus_stage_a_estimates,1,google/gemma-4-31B-it,a122442e840301a88133cc37389916be346c85e391430fdf480a79d5201f6e5f,675efa1486e53a4914248132dda701b834c9e26599d8c4c4d7b41db57bfcf2b0,consensus_two_stage_interactive_adaptation_v1,prompt_compiler_v2_split_g_f,299040774,pending,Q001|Q002|Q003,"{""Q001"": ""consensus_estimate_co2_warms_planet"", ""Q002"": ""consensus_estimate_human_primary_cause"", ""Q003"": ""consensus_estimate_net_zero_before_2085""}",consensus_stage_a,consensus_two_stage_interactive_adaptation_v1,G|LP0930|Consensus|stage_a|replicate_1,a122442e840301a88133cc37389916be346c85e391430fdf480a79d5201f6e5f,675efa1486e53a4914248132dda701b834c9e26599d8c4c4d7b41db57bfcf2b0,
G|LP0931|Consensus|stage_a|replicate_1,G-4522cc450f465303fe97e0c7af3a6cae1aedb4ad,G,target,LP0931,Consensus,consensus_stage_a_estimates,1,google/gemma-4-31B-it,fed8dc69849f7843ef20bbf44486ef47cadede012b099beec22fbe7b4c95ae79,675efa1486e53a4914248132dda701b834c9e26599d8c4c4d7b41db57bfcf2b0,consensus_two_stage_interactive_adaptation_v1,prompt_compiler_v2_split_g_f,428600206,pending,Q001|Q002|Q003,"{""Q001"": ""consensus_estimate_human_primary_cause"", ""Q002"": ""consensus_estimate_co2_warms_planet"", ""Q003"": ""consensus_estimate_net_zero_before_2085""}",consensus_stage_a,consensus_two_stage_interactive_adaptation_v1,G|LP0931|Consensus|stage_a|replicate_1,fed8dc69849f7843ef20bbf44486ef47cadede012b099beec22fbe7b4c95ae79,675efa1486e53a4914248132dda701b834c9e26599d8c4c4d7b41db57bfcf2b0,
G|LP0932|Consensus|stage_a|replicate_1,G-c82b80b0e9675f09d48f71d4585d5f6bb7217c0d,G,target,LP0932,Consensus,consensus_stage_a_estimates,1,google/gemma-4-31B-it,3200712ba0000c987137dbc79ce1d14a3f2a64a883a13d51fb9681893e37a276,675efa1486e53a4914248132dda701b834c9e26599d8c4c4d7b41db57bfcf2b0,consensus_two_stage_interactive_adaptation_v1,prompt_compiler_v2_split_g_f,2042519661,pending,Q001|Q002|Q003,"{""Q001"": ""consensus_estimate_net_zero_before_2085"", ""Q002"": ""consensus_estimate_human_primary_cause"", ""Q003"": ""consensus_estimate_co2_warms_planet""}",consensus_stage_a,consensus_two_stage_interactive_adaptation_v1,G|LP0932|Consensus|stage_a|replicate_1,3200712ba0000c987137dbc79ce1d14a3f2a64a883a13d51fb9681893e37a276,675efa1486e53a4914248132dda701b834c9e26599d8c4c4d7b41db57bfcf2b0,
G|LP0933|Consensus|stage_a|replicate_1,G-6e0ab5e2d5751adc3c82f551830f1ce28ceedbd1,G,target,LP0933,Consensus,consensus_stage_a_estimates,1,google/gemma-4-31B-it,d48cd892a79052f71a459bee5d7bf2d8dab9c6b0279523caa4c5dbb7dcc51f8f,675efa1486e53a4914248132dda701b834c9e26599d8c4c4d7b41db57bfcf2b0,consensus_two_stage_interactive_adaptation_v1,prompt_compiler_v2_split_g_f,831162019,pending,Q001|Q002|Q003,"{""Q001"": ""consensus_estimate_human_primary_cause"", ""Q002"": ""consensus_estimate_net_zero_before_2085"", ""Q003"": ""consensus_estimate_co2_warms_planet""}",consensus_stage_a,consensus_two_stage_interactive_adaptation_v1,G|LP0933|Consensus|stage_a|replicate_1,d48cd892a79052f71a459bee5d7bf2d8dab9c6b0279523caa4c5dbb7dcc51f8f,675efa1486e53a4914248132dda701b834c9e26599d8c4c4d7b41db57bfcf2b0,
G|LP0934|Consensus|stage_a|replicate_1,G-a3a313eb54ef7f46cb6db1b1dd441b312c27bc87,G,target,LP0934,Consensus,consensus_stage_a_estimates,1,google/gemma-4-31B-it,59750ddd72199153f4e96c035b7a32a7739166cb30ac228bc7c18e7bfcf715ee,675efa1486e53a4914248132dda701b834c9e26599d8c4c4d7b41db57bfcf2b0,consensus_two_stage_interactive_adaptation_v1,prompt_compiler_v2_split_g_f,473278239,pending,Q001|Q002|Q003,"{""Q001"": ""consensus_estimate_human_primary_cause"", ""Q002"": ""consensus_estimate_co2_warms_planet"", ""Q003"": ""consensus_estimate_net_zero_before_2085""}",consensus_stage_a,consensus_two_stage_interactive_adaptation_v1,G|LP0934|Consensus|stage_a|replicate_1,59750ddd72199153f4e96c035b7a32a7739166cb30ac228bc7c18e7bfcf715ee,675efa1486e53a4914248132dda701b834c9e26599d8c4c4d7b41db57bfcf2b0,
G|LP0935|Consensus|stage_a|replicate_1,G-01512aa8481fe9aed3f5f5b680f0f946fa091ae8,G,target,LP0935,Consensus,consensus_stage_a_estimates,1,google/gemma-4-31B-it,feb953e5bf2ad393a032154dbca480b6e53e4f54f0b3f1bc69347b0297c8d06d,675efa1486e53a4914248132dda701b834c9e26599d8c4c4d7b41db57bfcf2b0,consensus_two_stage_interactive_adaptation_v1,prompt_compiler_v2_split_g_f,1254244094,pending,Q001|Q002|Q003,"{""Q001"": ""consensus_estimate_co2_warms_planet"", ""Q002"": ""consensus_estimate_net_zero_before_2085"", ""Q003"": ""consensus_estimate_human_primary_cause""}",consensus_stage_a,consensus_two_stage_interactive_adaptation_v1,G|LP0935|Consensus|stage_a|replicate_1,feb953e5bf2ad393a032154dbca480b6e53e4f54f0b3f1bc69347b0297c8d06d,675efa1486e53a4914248132dda701b834c9e26599d8c4c4d7b41db57bfcf2b0,
G|LP0936|Consensus|stage_a|replicate_1,G-4943b76e9369f1b8272cd2b281e2973516239927,G,target,LP0936,Consensus,consensus_stage_a_estimates,1,google/gemma-4-31B-it,2790582bfb47f34f32e3ab74945bbc0daea558c22691e2d4cc17fc2a3c97be1d,675efa1486e53a4914248132dda701b834c9e26599d8c4c4d7b41db57bfcf2b0,consensus_two_stage_interactive_adaptation_v1,prompt_compiler_v2_split_g_f,636575894,pending,Q001|Q002|Q003,"{""Q001"": ""consensus_estimate_net_zero_before_2085"", ""Q002"": ""consensus_estimate_human_primary_cause"", ""Q003"": ""consensus_estimate_co2_warms_planet""}",consensus_stage_a,consensus_two_stage_interactive_adaptation_v1,G|LP0936|Consensus|stage_a|replicate_1,2790582bfb47f34f32e3ab74945bbc0daea558c22691e2d4cc17fc2a3c97be1d,675efa1486e53a4914248132dda701b834c9e26599d8c4c4d7b41db57bfcf2b0,
G|LP0937|Consensus|stage_a|replicate_1,G-6d59332b24092c3eb8a5fd22739ad2470f87a217,G,target,LP0937,Consensus,consensus_stage_a_estimates,1,google/gemma-4-31B-it,f1b5a9d5bf9bb170c28622f10e26ee4d566b28362e86a97973d639341cf63778,675efa1486e53a4914248132dda701b834c9e26599d8c4c4d7b41db57bfcf2b0,consensus_two_stage_interactive_adaptation_v1,prompt_compiler_v2_split_g_f,2126221973,pending,Q001|Q002|Q003,"{""Q001"": ""consensus_estimate_net_zero_before_2085"", ""Q002"": ""consensus_estimate_co2_warms_planet"", ""Q003"": ""consensus_estimate_human_primary_cause""}",consensus_stage_a,consensus_two_stage_interactive_adaptation_v1,G|LP0937|Consensus|stage_a|replicate_1,f1b5a9d5bf9bb170c28622f10e26ee4d566b28362e86a97973d639341cf63778,675efa1486e53a4914248132dda701b834c9e26599d8c4c4d7b41db57bfcf2b0,
G|LP0938|Consensus|stage_a|replicate_1,G-cf84ba69c56983c27fae15318c5947d9fc91cb85,G,target,LP0938,Consensus,consensus_stage_a_estimates,1,google/gemma-4-31B-it,da9a140c18097783d3a678cb8778331c47ed756782775e3d1cdb1c7a5407b9da,675efa1486e53a4914248132dda701b834c9e26599d8c4c4d7b41db57bfcf2b0,consensus_two_stage_interactive_adaptation_v1,prompt_compiler_v2_split_g_f,1685256344,pending,Q001|Q002|Q003,"{""Q001"": ""consensus_estimate_human_primary_cause"", ""Q002"": ""consensus_estimate_net_zero_before_2085"", ""Q003"": ""consensus_estimate_co2_warms_planet""}",consensus_stage_a,consensus_two_stage_interactive_adaptation_v1,G|LP0938|Consensus|stage_a|replicate_1,da9a140c18097783d3a678cb8778331c47ed756782775e3d1cdb1c7a5407b9da,675efa1486e53a4914248132dda701b834c9e26599d8c4c4d7b41db57bfcf2b0,
G|LP0939|Consensus|stage_a|replicate_1,G-99d71f879589a212b1f039d8271ee0062fef7447,G,target,LP0939,Consensus,consensus_stage_a_estimates,1,google/gemma-4-31B-it,d648c0e9330e0a4bdcd9de87410b534f8dba2307362c262700e04f1469ea3801,675efa1486e53a4914248132dda701b834c9e26599d8c4c4d7b41db57bfcf2b0,consensus_two_stage_interactive_adaptation_v1,prompt_compiler_v2_split_g_f,1228398883,pending,Q001|Q002|Q003,"{""Q001"": ""consensus_estimate_human_primary_cause"", ""Q002"": ""consensus_estimate_net_zero_before_2085"", ""Q003"": ""consensus_estimate_co2_warms_planet""}",consensus_stage_a,consensus_two_stage_interactive_adaptation_v1,G|LP0939|Consensus|stage_a|replicate_1,d648c0e9330e0a4bdcd9de87410b534f8dba2307362c262700e04f1469ea3801,675efa1486e53a4914248132dda701b834c9e26599d8c4c4d7b41db57bfcf2b0,
G|LP0940|Consensus|stage_a|replicate_1,G-61f16f73829fca9143e5a2019373eb1210d5c54c,G,target,LP0940,Consensus,consensus_stage_a_estimates,1,google/gemma-4-31B-it,16488518c645a4e1ff4fb976dbdf4cefd17fc9ca9c73a1048581ef0ef843c6cd,675efa1486e53a4914248132dda701b834c9e26599d8c4c4d7b41db57bfcf2b0,consensus_two_stage_interactive_adaptation_v1,prompt_compiler_v2_split_g_f,1182968185,pending,Q001|Q002|Q003,"{""Q001"": ""consensus_estimate_co2_warms_planet"", ""Q002"": ""consensus_estimate_net_zero_before_2085"", ""Q003"": ""consensus_estimate_human_primary_cause""}",consensus_stage_a,consensus_two_stage_interactive_adaptation_v1,G|LP0940|Consensus|stage_a|replicate_1,16488518c645a4e1ff4fb976dbdf4cefd17fc9ca9c73a1048581ef0ef843c6cd,675efa1486e53a4914248132dda701b834c9e26599d8c4c4d7b41db57bfcf2b0,
G|LP0941|Consensus|stage_a|replicate_1,G-b32212cb0b8258cb820486a362de6a6134fc52ee,G,target,LP0941,Consensus,consensus_stage_a_estimates,1,google/gemma-4-31B-it,75236b49b4113e2f1e8c218245be2240accd1bb0fcae4a18c5a8b0bbef330817,675efa1486e53a4914248132dda701b834c9e26599d8c4c4d7b41db57bfcf2b0,consensus_two_stage_interactive_adaptation_v1,prompt_compiler_v2_split_g_f,1908833891,pending,Q001|Q002|Q003,"{""Q001"": ""consensus_estimate_co2_warms_planet"", ""Q002"": ""consensus_estimate_human_primary_cause"", ""Q003"": ""consensus_estimate_net_zero_before_2085""}",consensus_stage_a,consensus_two_stage_interactive_adaptation_v1,G|LP0941|Consensus|stage_a|replicate_1,75236b49b4113e2f1e8c218245be2240accd1bb0fcae4a18c5a8b0bbef330817,675efa1486e53a4914248132dda701b834c9e26599d8c4c4d7b41db57bfcf2b0,
G|LP0942|Consensus|stage_a|replicate_1,G-822812c76c833daca14ad04d7db7df1a92c9571c,G,target,LP0942,Consensus,consensus_stage_a_estimates,1,google/gemma-4-31B-it,847fdb04d092186bf4394050a0e3778154428f4b8c117f6eddcc9199e939c9f4,675efa1486e53a4914248132dda701b834c9e26599d8c4c4d7b41db57bfcf2b0,consensus_two_stage_interactive_adaptation_v1,prompt_compiler_v2_split_g_f,1892901692,pending,Q001|Q002|Q003,"{""Q001"": ""consensus_estimate_net_zero_before_2085"", ""Q002"": ""consensus_estimate_co2_warms_planet"", ""Q003"": ""consensus_estimate_human_primary_cause""}",consensus_stage_a,consensus_two_stage_interactive_adaptation_v1,G|LP0942|Consensus|stage_a|replicate_1,847fdb04d092186bf4394050a0e3778154428f4b8c117f6eddcc9199e939c9f4,675efa1486e53a4914248132dda701b834c9e26599d8c4c4d7b41db57bfcf2b0,
G|LP0943|Consensus|stage_a|replicate_1,G-de702e174c2bd1c9a38af3857b28f964b692e563,G,target,LP0943,Consensus,consensus_stage_a_estimates,1,google/gemma-4-31B-it,d77fb16a29f6af8a4d257f40bd3bbf044f6a0eb9106626730acb1315c21f98f7,675efa1486e53a4914248132dda701b834c9e26599d8c4c4d7b41db57bfcf2b0,consensus_two_stage_interactive_adaptation_v1,prompt_compiler_v2_split_g_f,151793147,pending,Q001|Q002|Q003,"{""Q001"": ""consensus_estimate_co2_warms_planet"", ""Q002"": ""consensus_estimate_human_primary_cause"", ""Q003"": ""consensus_estimate_net_zero_before_2085""}",consensus_stage_a,consensus_two_stage_interactive_adaptation_v1,G|LP0943|Consensus|stage_a|replicate_1,d77fb16a29f6af8a4d257f40bd3bbf044f6a0eb9106626730acb1315c21f98f7,675efa1486e53a4914248132dda701b834c9e26599d8c4c4d7b41db57bfcf2b0,
G|LP0944|Consensus|stage_a|replicate_1,G-7d61096b9c1d5a4013197aa6ec2706700809b269,G,target,LP0944,Consensus,consensus_stage_a_estimates,1,google/gemma-4-31B-it,3a0ce421e13a3d7880ade75126b703a3dbca60585f849cf6812065d045e4b18a,675efa1486e53a4914248132dda701b834c9e26599d8c4c4d7b41db57bfcf2b0,consensus_two_stage_interactive_adaptation_v1,prompt_compiler_v2_split_g_f,383741209,pending,Q001|Q002|Q003,"{""Q001"": ""consensus_estimate_co2_warms_planet"", ""Q002"": ""consensus_estimate_human_primary_cause"", ""Q003"": ""consensus_estimate_net_zero_before_2085""}",consensus_stage_a,consensus_two_stage_interactive_adaptation_v1,G|LP0944|Consensus|stage_a|replicate_1,3a0ce421e13a3d7880ade75126b703a3dbca60585f849cf6812065d045e4b18a,675efa1486e53a4914248132dda701b834c9e26599d8c4c4d7b41db57bfcf2b0,
G|LP0945|Consensus|stage_a|replicate_1,G-bb4fc0ffcf0e53787828971b98f8c70be0f22f6f,G,target,LP0945,Consensus,consensus_stage_a_estimates,1,google/gemma-4-31B-it,1e3f3654ed6d89f4f6f74026d1958bfd0b72ac8461c0a529b07330ea42c02102,675efa1486e53a4914248132dda701b834c9e26599d8c4c4d7b41db57bfcf2b0,consensus_two_stage_interactive_adaptation_v1,prompt_compiler_v2_split_g_f,1169020282,pending,Q001|Q002|Q003,"{""Q001"": ""consensus_estimate_net_zero_before_2085"", ""Q002"": ""consensus_estimate_human_primary_cause"", ""Q003"": ""consensus_estimate_co2_warms_planet""}",consensus_stage_a,consensus_two_stage_interactive_adaptation_v1,G|LP0945|Consensus|stage_a|replicate_1,1e3f3654ed6d89f4f6f74026d1958bfd0b72ac8461c0a529b07330ea42c02102,675efa1486e53a4914248132dda701b834c9e26599d8c4c4d7b41db57bfcf2b0,
G|LP0946|Consensus|stage_a|replicate_1,G-185ba35b9435ed8e7384ab8877fd5f5ad984c10f,G,target,LP0946,Consensus,consensus_stage_a_estimates,1,google/gemma-4-31B-it,8073db22a0343586d44fd18c9ae962657053a89c3cabd252d679d59011d9bb57,675efa1486e53a4914248132dda701b834c9e26599d8c4c4d7b41db57bfcf2b0,consensus_two_stage_interactive_adaptation_v1,prompt_compiler_v2_split_g_f,1156396101,pending,Q001|Q002|Q003,"{""Q001"": ""consensus_estimate_net_zero_before_2085"", ""Q002"": ""consensus_estimate_co2_warms_planet"", ""Q003"": ""consensus_estimate_human_primary_cause""}",consensus_stage_a,consensus_two_stage_interactive_adaptation_v1,G|LP0946|Consensus|stage_a|replicate_1,8073db22a0343586d44fd18c9ae962657053a89c3cabd252d679d59011d9bb57,675efa1486e53a4914248132dda701b834c9e26599d8c4c4d7b41db57bfcf2b0,
G|LP0947|Consensus|stage_a|replicate_1,G-b8cf84cbc203a5a728ae013fc312e56a260ac31a,G,target,LP0947,Consensus,consensus_stage_a_estimates,1,google/gemma-4-31B-it,9922bd68471a7b042d448a6c46dfc8a865df09627c84da4fb564d46b251736bd,675efa1486e53a4914248132dda701b834c9e26599d8c4c4d7b41db57bfcf2b0,consensus_two_stage_interactive_adaptation_v1,prompt_compiler_v2_split_g_f,866299713,pending,Q001|Q002|Q003,"{""Q001"": ""consensus_estimate_co2_warms_planet"", ""Q002"": ""consensus_estimate_net_zero_before_2085"", ""Q003"": ""consensus_estimate_human_primary_cause""}",consensus_stage_a,consensus_two_stage_interactive_adaptation_v1,G|LP0947|Consensus|stage_a|replicate_1,9922bd68471a7b042d448a6c46dfc8a865df09627c84da4fb564d46b251736bd,675efa1486e53a4914248132dda701b834c9e26599d8c4c4d7b41db57bfcf2b0,
G|LP0948|Consensus|stage_a|replicate_1,G-b7a3b602aa4eb21465d33adc747a450e5af3c552,G,target,LP0948,Consensus,consensus_stage_a_estimates,1,google/gemma-4-31B-it,cb521dbaf94d4bcb20382add97b59f00d32b28c7e2752673ff005f4918a28322,675efa1486e53a4914248132dda701b834c9e26599d8c4c4d7b41db57bfcf2b0,consensus_two_stage_interactive_adaptation_v1,prompt_compiler_v2_split_g_f,429268508,pending,Q001|Q002|Q003,"{""Q001"": ""consensus_estimate_co2_warms_planet"", ""Q002"": ""consensus_estimate_net_zero_before_2085"", ""Q003"": ""consensus_estimate_human_primary_cause""}",consensus_stage_a,consensus_two_stage_interactive_adaptation_v1,G|LP0948|Consensus|stage_a|replicate_1,cb521dbaf94d4bcb20382add97b59f00d32b28c7e2752673ff005f4918a28322,675efa1486e53a4914248132dda701b834c9e26599d8c4c4d7b41db57bfcf2b0,
G|LP0949|Consensus|stage_a|replicate_1,G-975d73f4aa9f147ae01e5157eac42b084fd9ee7b,G,target,LP0949,Consensus,consensus_stage_a_estimates,1,google/gemma-4-31B-it,343616e3807b1a45d881a5d9c2bacbcf3bc2892ca5c149a9dbf5056f02ff89e6,675efa1486e53a4914248132dda701b834c9e26599d8c4c4d7b41db57bfcf2b0,consensus_two_stage_interactive_adaptation_v1,prompt_compiler_v2_split_g_f,1499069541,pending,Q001|Q002|Q003,"{""Q001"": ""consensus_estimate_human_primary_cause"", ""Q002"": ""consensus_estimate_co2_warms_planet"", ""Q003"": ""consensus_estimate_net_zero_before_2085""}",consensus_stage_a,consensus_two_stage_interactive_adaptation_v1,G|LP0949|Consensus|stage_a|replicate_1,343616e3807b1a45d881a5d9c2bacbcf3bc2892ca5c149a9dbf5056f02ff89e6,675efa1486e53a4914248132dda701b834c9e26599d8c4c4d7b41db57bfcf2b0,
G|LP0950|Consensus|stage_a|replicate_1,G-434ec60803db7308ece47f6751be2311361d753b,G,target,LP0950,Consensus,consensus_stage_a_estimates,1,google/gemma-4-31B-it,827f8d3591d6fccbea877b736af49c8987c776d0d8e3e8c5579e2b7b1ed5c5bb,675efa1486e53a4914248132dda701b834c9e26599d8c4c4d7b41db57bfcf2b0,consensus_two_stage_interactive_adaptation_v1,prompt_compiler_v2_split_g_f,175701785,pending,Q001|Q002|Q003,"{""Q001"": ""consensus_estimate_human_primary_cause"", ""Q002"": ""consensus_estimate_net_zero_before_2085"", ""Q003"": ""consensus_estimate_co2_warms_planet""}",consensus_stage_a,consensus_two_stage_interactive_adaptation_v1,G|LP0950|Consensus|stage_a|replicate_1,827f8d3591d6fccbea877b736af49c8987c776d0d8e3e8c5579e2b7b1ed5c5bb,675efa1486e53a4914248132dda701b834c9e26599d8c4c4d7b41db57bfcf2b0,
G|LP0951|Consensus|stage_a|replicate_1,G-d3ecfc3ee812ece08e75351f24cec146bc1605c1,G,target,LP0951,Consensus,consensus_stage_a_estimates,1,google/gemma-4-31B-it,7e302a3a6d11d788d6055277dd5c2ffb4e902ec552642b7cf9644ae7b1a4cb79,675efa1486e53a4914248132dda701b834c9e26599d8c4c4d7b41db57bfcf2b0,consensus_two_stage_interactive_adaptation_v1,prompt_compiler_v2_split_g_f,267183457,pending,Q001|Q002|Q003,"{""Q001"": ""consensus_estimate_co2_warms_planet"", ""Q002"": ""consensus_estimate_net_zero_before_2085"", ""Q003"": ""consensus_estimate_human_primary_cause""}",consensus_stage_a,consensus_two_stage_interactive_adaptation_v1,G|LP0951|Consensus|stage_a|replicate_1,7e302a3a6d11d788d6055277dd5c2ffb4e902ec552642b7cf9644ae7b1a4cb79,675efa1486e53a4914248132dda701b834c9e26599d8c4c4d7b41db57bfcf2b0,
G|LP0952|Consensus|stage_a|replicate_1,G-43af8cc87c7503fe60b06feb28c3ca3c4530a2a1,G,target,LP0952,Consensus,consensus_stage_a_estimates,1,google/gemma-4-31B-it,56db47af237d55f8ab9efc33440a41a0b219bf0adfe173996194e87570208995,675efa1486e53a4914248132dda701b834c9e26599d8c4c4d7b41db57bfcf2b0,consensus_two_stage_interactive_adaptation_v1,prompt_compiler_v2_split_g_f,64232848,pending,Q001|Q002|Q003,"{""Q001"": ""consensus_estimate_co2_warms_planet"", ""Q002"": ""consensus_estimate_human_primary_cause"", ""Q003"": ""consensus_estimate_net_zero_before_2085""}",consensus_stage_a,consensus_two_stage_interactive_adaptation_v1,G|LP0952|Consensus|stage_a|replicate_1,56db47af237d55f8ab9efc33440a41a0b219bf0adfe173996194e87570208995,675efa1486e53a4914248132dda701b834c9e26599d8c4c4d7b41db57bfcf2b0,
G|LP0953|Consensus|stage_a|replicate_1,G-185a783a044fddbead8c475e6540154b9d717619,G,target,LP0953,Consensus,consensus_stage_a_estimates,1,google/gemma-4-31B-it,5a1f573261493dc878afe40a89f81cae7ac962ba6e92905c8f507c91cd501786,675efa1486e53a4914248132dda701b834c9e26599d8c4c4d7b41db57bfcf2b0,consensus_two_stage_interactive_adaptation_v1,prompt_compiler_v2_split_g_f,889507378,pending,Q001|Q002|Q003,"{""Q001"": ""consensus_estimate_human_primary_cause"", ""Q002"": ""consensus_estimate_net_zero_before_2085"", ""Q003"": ""consensus_estimate_co2_warms_planet""}",consensus_stage_a,consensus_two_stage_interactive_adaptation_v1,G|LP0953|Consensus|stage_a|replicate_1,5a1f573261493dc878afe40a89f81cae7ac962ba6e92905c8f507c91cd501786,675efa1486e53a4914248132dda701b834c9e26599d8c4c4d7b41db57bfcf2b0,
G|LP0954|Consensus|stage_a|replicate_1,G-b9d89540e3a5cd6bc773a82ecdd3a998176592fa,G,target,LP0954,Consensus,consensus_stage_a_estimates,1,google/gemma-4-31B-it,59d5f1f5b9e63e1376306c093d32cb0b0a77d1a55f27cf4dd698c488d04f03c2,675efa1486e53a4914248132dda701b834c9e26599d8c4c4d7b41db57bfcf2b0,consensus_two_stage_interactive_adaptation_v1,prompt_compiler_v2_split_g_f,1465317359,pending,Q001|Q002|Q003,"{""Q001"": ""consensus_estimate_net_zero_before_2085"", ""Q002"": ""consensus_estimate_human_primary_cause"", ""Q003"": ""consensus_estimate_co2_warms_planet""}",consensus_stage_a,consensus_two_stage_interactive_adaptation_v1,G|LP0954|Consensus|stage_a|replicate_1,59d5f1f5b9e63e1376306c093d32cb0b0a77d1a55f27cf4dd698c488d04f03c2,675efa1486e53a4914248132dda701b834c9e26599d8c4c4d7b41db57bfcf2b0,
G|LP0955|Consensus|stage_a|replicate_1,G-a700d0df8fdf71cdaeca501dd6e135565cd5762b,G,target,LP0955,Consensus,consensus_stage_a_estimates,1,google/gemma-4-31B-it,865a4a4bfaa607804c03b1ba5b0e16eccb64838a26d67978ed32cb3ff63a104b,675efa1486e53a4914248132dda701b834c9e26599d8c4c4d7b41db57bfcf2b0,consensus_two_stage_interactive_adaptation_v1,prompt_compiler_v2_split_g_f,1575031694,pending,Q001|Q002|Q003,"{""Q001"": ""consensus_estimate_human_primary_cause"", ""Q002"": ""consensus_estimate_co2_warms_planet"", ""Q003"": ""consensus_estimate_net_zero_before_2085""}",consensus_stage_a,consensus_two_stage_interactive_adaptation_v1,G|LP0955|Consensus|stage_a|replicate_1,865a4a4bfaa607804c03b1ba5b0e16eccb64838a26d67978ed32cb3ff63a104b,675efa1486e53a4914248132dda701b834c9e26599d8c4c4d7b41db57bfcf2b0,
G|LP0956|Consensus|stage_a|replicate_1,G-e770d088c1e980832a56d9b7917daa07cf992245,G,target,LP0956,Consensus,consensus_stage_a_estimates,1,google/gemma-4-31B-it,15cc0563b96a1c1b51561822f87bc65501cb010ef156002ff84972c910ad840a,675efa1486e53a4914248132dda701b834c9e26599d8c4c4d7b41db57bfcf2b0,consensus_two_stage_interactive_adaptation_v1,prompt_compiler_v2_split_g_f,281747864,pending,Q001|Q002|Q003,"{""Q001"": ""consensus_estimate_human_primary_cause"", ""Q002"": ""consensus_estimate_co2_warms_planet"", ""Q003"": ""consensus_estimate_net_zero_before_2085""}",consensus_stage_a,consensus_two_stage_interactive_adaptation_v1,G|LP0956|Consensus|stage_a|replicate_1,15cc0563b96a1c1b51561822f87bc65501cb010ef156002ff84972c910ad840a,675efa1486e53a4914248132dda701b834c9e26599d8c4c4d7b41db57bfcf2b0,
G|LP0957|Consensus|stage_a|replicate_1,G-7166d97c1d7809ea56e3f49f338da21f430d8f6a,G,target,LP0957,Consensus,consensus_stage_a_estimates,1,google/gemma-4-31B-it,07476eee8828db0d039bf3c29009c8cea481119b2a017dec2649712160e35981,675efa1486e53a4914248132dda701b834c9e26599d8c4c4d7b41db57bfcf2b0,consensus_two_stage_interactive_adaptation_v1,prompt_compiler_v2_split_g_f,4570340,pending,Q001|Q002|Q003,"{""Q001"": ""consensus_estimate_net_zero_before_2085"", ""Q002"": ""consensus_estimate_co2_warms_planet"", ""Q003"": ""consensus_estimate_human_primary_cause""}",consensus_stage_a,consensus_two_stage_interactive_adaptation_v1,G|LP0957|Consensus|stage_a|replicate_1,07476eee8828db0d039bf3c29009c8cea481119b2a017dec2649712160e35981,675efa1486e53a4914248132dda701b834c9e26599d8c4c4d7b41db57bfcf2b0,
G|LP0958|Consensus|stage_a|replicate_1,G-13c49a0e51e4732da7f509051e3f46de2f7fb8d3,G,target,LP0958,Consensus,consensus_stage_a_estimates,1,google/gemma-4-31B-it,fac86feceb9ed14a8d7eef90fa480f0e385737169c34ff479097bf77bbfcf85e,675efa1486e53a4914248132dda701b834c9e26599d8c4c4d7b41db57bfcf2b0,consensus_two_stage_interactive_adaptation_v1,prompt_compiler_v2_split_g_f,2037229385,pending,Q001|Q002|Q003,"{""Q001"": ""consensus_estimate_human_primary_cause"", ""Q002"": ""consensus_estimate_co2_warms_planet"", ""Q003"": ""consensus_estimate_net_zero_before_2085""}",consensus_stage_a,consensus_two_stage_interactive_adaptation_v1,G|LP0958|Consensus|stage_a|replicate_1,fac86feceb9ed14a8d7eef90fa480f0e385737169c34ff479097bf77bbfcf85e,675efa1486e53a4914248132dda701b834c9e26599d8c4c4d7b41db57bfcf2b0,
G|LP0959|Consensus|stage_a|replicate_1,G-cadecb835ddf7dc8201c58fdb9a9dd008c857d0a,G,target,LP0959,Consensus,consensus_stage_a_estimates,1,google/gemma-4-31B-it,f5524218a57c32c2666725f497d203adc87bf73a9633d9a3114ffb36d1ae372b,675efa1486e53a4914248132dda701b834c9e26599d8c4c4d7b41db57bfcf2b0,consensus_two_stage_interactive_adaptation_v1,prompt_compiler_v2_split_g_f,1939674321,pending,Q001|Q002|Q003,"{""Q001"": ""consensus_estimate_net_zero_before_2085"", ""Q002"": ""consensus_estimate_co2_warms_planet"", ""Q003"": ""consensus_estimate_human_primary_cause""}",consensus_stage_a,consensus_two_stage_interactive_adaptation_v1,G|LP0959|Consensus|stage_a|replicate_1,f5524218a57c32c2666725f497d203adc87bf73a9633d9a3114ffb36d1ae372b,675efa1486e53a4914248132dda701b834c9e26599d8c4c4d7b41db57bfcf2b0,
G|LP0960|Consensus|stage_a|replicate_1,G-2a42ff6bb6784d21fddcf44f25ed055da3b80428,G,target,LP0960,Consensus,consensus_stage_a_estimates,1,google/gemma-4-31B-it,3cf596ce7c0177aa7cd020cc206b026422a8cbefc1ec75fc2c530a251d266501,675efa1486e53a4914248132dda701b834c9e26599d8c4c4d7b41db57bfcf2b0,consensus_two_stage_interactive_adaptation_v1,prompt_compiler_v2_split_g_f,184437753,pending,Q001|Q002|Q003,"{""Q001"": ""consensus_estimate_co2_warms_planet"", ""Q002"": ""consensus_estimate_human_primary_cause"", ""Q003"": ""consensus_estimate_net_zero_before_2085""}",consensus_stage_a,consensus_two_stage_interactive_adaptation_v1,G|LP0960|Consensus|stage_a|replicate_1,3cf596ce7c0177aa7cd020cc206b026422a8cbefc1ec75fc2c530a251d266501,675efa1486e53a4914248132dda701b834c9e26599d8c4c4d7b41db57bfcf2b0,
G|LP0961|Consensus|stage_a|replicate_1,G-1f881cae163d20b3b77394880ceec84b88d1c856,G,target,LP0961,Consensus,consensus_stage_a_estimates,1,google/gemma-4-31B-it,fe8ba97d9a0008d148e540d754c9940e3b40c275a92977214285feeb9a55c571,675efa1486e53a4914248132dda701b834c9e26599d8c4c4d7b41db57bfcf2b0,consensus_two_stage_interactive_adaptation_v1,prompt_compiler_v2_split_g_f,1431132687,pending,Q001|Q002|Q003,"{""Q001"": ""consensus_estimate_net_zero_before_2085"", ""Q002"": ""consensus_estimate_human_primary_cause"", ""Q003"": ""consensus_estimate_co2_warms_planet""}",consensus_stage_a,consensus_two_stage_interactive_adaptation_v1,G|LP0961|Consensus|stage_a|replicate_1,fe8ba97d9a0008d148e540d754c9940e3b40c275a92977214285feeb9a55c571,675efa1486e53a4914248132dda701b834c9e26599d8c4c4d7b41db57bfcf2b0,
G|LP0962|Consensus|stage_a|replicate_1,G-a519dd9107c08191f3cea0cd619898c88410a636,G,target,LP0962,Consensus,consensus_stage_a_estimates,1,google/gemma-4-31B-it,3232a5c5ee8a594d5985628f2f4377fc7cb9956d2ad2d9e2109f249c0ed268a8,675efa1486e53a4914248132dda701b834c9e26599d8c4c4d7b41db57bfcf2b0,consensus_two_stage_interactive_adaptation_v1,prompt_compiler_v2_split_g_f,1374960821,pending,Q001|Q002|Q003,"{""Q001"": ""consensus_estimate_co2_warms_planet"", ""Q002"": ""consensus_estimate_human_primary_cause"", ""Q003"": ""consensus_estimate_net_zero_before_2085""}",consensus_stage_a,consensus_two_stage_interactive_adaptation_v1,G|LP0962|Consensus|stage_a|replicate_1,3232a5c5ee8a594d5985628f2f4377fc7cb9956d2ad2d9e2109f249c0ed268a8,675efa1486e53a4914248132dda701b834c9e26599d8c4c4d7b41db57bfcf2b0,
G|LP0963|Consensus|stage_a|replicate_1,G-f05fa14d2846645b439176119841758e3981d084,G,target,LP0963,Consensus,consensus_stage_a_estimates,1,google/gemma-4-31B-it,342ce9159b73deb0d45d1549eb5a350f8893ef6713f699e8763ef787df531798,675efa1486e53a4914248132dda701b834c9e26599d8c4c4d7b41db57bfcf2b0,consensus_two_stage_interactive_adaptation_v1,prompt_compiler_v2_split_g_f,151365369,pending,Q001|Q002|Q003,"{""Q001"": ""consensus_estimate_co2_warms_planet"", ""Q002"": ""consensus_estimate_human_primary_cause"", ""Q003"": ""consensus_estimate_net_zero_before_2085""}",consensus_stage_a,consensus_two_stage_interactive_adaptation_v1,G|LP0963|Consensus|stage_a|replicate_1,342ce9159b73deb0d45d1549eb5a350f8893ef6713f699e8763ef787df531798,675efa1486e53a4914248132dda701b834c9e26599d8c4c4d7b41db57bfcf2b0,
G|LP0964|Consensus|stage_a|replicate_1,G-a977ec634e2fa0242bf08f7be24cb931739cac6c,G,target,LP0964,Consensus,consensus_stage_a_estimates,1,google/gemma-4-31B-it,160039df5e40f757c643ef3bd3e2a1c3c764206bcc6d695b8a7da3ea9172344e,675efa1486e53a4914248132dda701b834c9e26599d8c4c4d7b41db57bfcf2b0,consensus_two_stage_interactive_adaptation_v1,prompt_compiler_v2_split_g_f,555710701,pending,Q001|Q002|Q003,"{""Q001"": ""consensus_estimate_co2_warms_planet"", ""Q002"": ""consensus_estimate_net_zero_before_2085"", ""Q003"": ""consensus_estimate_human_primary_cause""}",consensus_stage_a,consensus_two_stage_interactive_adaptation_v1,G|LP0964|Consensus|stage_a|replicate_1,160039df5e40f757c643ef3bd3e2a1c3c764206bcc6d695b8a7da3ea9172344e,675efa1486e53a4914248132dda701b834c9e26599d8c4c4d7b41db57bfcf2b0,
G|LP0965|Consensus|stage_a|replicate_1,G-566743ea4c47b0b8dd1ee29cc1cca5113a511f80,G,target,LP0965,Consensus,consensus_stage_a_estimates,1,google/gemma-4-31B-it,efbd6f0b50e4116336f57b3b648d353470d1c1b2b14573b2cb9493e7433bbc2e,675efa1486e53a4914248132dda701b834c9e26599d8c4c4d7b41db57bfcf2b0,consensus_two_stage_interactive_adaptation_v1,prompt_compiler_v2_split_g_f,2031499405,pending,Q001|Q002|Q003,"{""Q001"": ""consensus_estimate_human_primary_cause"", ""Q002"": ""consensus_estimate_co2_warms_planet"", ""Q003"": ""consensus_estimate_net_zero_before_2085""}",consensus_stage_a,consensus_two_stage_interactive_adaptation_v1,G|LP0965|Consensus|stage_a|replicate_1,efbd6f0b50e4116336f57b3b648d353470d1c1b2b14573b2cb9493e7433bbc2e,675efa1486e53a4914248132dda701b834c9e26599d8c4c4d7b41db57bfcf2b0,
G|LP0966|Consensus|stage_a|replicate_1,G-60ae530be329f9409374b1fd16e8203d2a132eec,G,target,LP0966,Consensus,consensus_stage_a_estimates,1,google/gemma-4-31B-it,876b3ed0816e38bce082ceb39f381dcb8fe778df10eb12cd89b885b5812d953e,675efa1486e53a4914248132dda701b834c9e26599d8c4c4d7b41db57bfcf2b0,consensus_two_stage_interactive_adaptation_v1,prompt_compiler_v2_split_g_f,612802393,pending,Q001|Q002|Q003,"{""Q001"": ""consensus_estimate_co2_warms_planet"", ""Q002"": ""consensus_estimate_human_primary_cause"", ""Q003"": ""consensus_estimate_net_zero_before_2085""}",consensus_stage_a,consensus_two_stage_interactive_adaptation_v1,G|LP0966|Consensus|stage_a|replicate_1,876b3ed0816e38bce082ceb39f381dcb8fe778df10eb12cd89b885b5812d953e,675efa1486e53a4914248132dda701b834c9e26599d8c4c4d7b41db57bfcf2b0,
G|LP0967|Consensus|stage_a|replicate_1,G-831a19fa44980a812644a46fe714adab369e2240,G,target,LP0967,Consensus,consensus_stage_a_estimates,1,google/gemma-4-31B-it,aff03ea9fcc8a6051c7a0bd67c37abca9b7f5addbbc9c3950b4af8e00f932daa,675efa1486e53a4914248132dda701b834c9e26599d8c4c4d7b41db57bfcf2b0,consensus_two_stage_interactive_adaptation_v1,prompt_compiler_v2_split_g_f,1254899319,pending,Q001|Q002|Q003,"{""Q001"": ""consensus_estimate_co2_warms_planet"", ""Q002"": ""consensus_estimate_human_primary_cause"", ""Q003"": ""consensus_estimate_net_zero_before_2085""}",consensus_stage_a,consensus_two_stage_interactive_adaptation_v1,G|LP0967|Consensus|stage_a|replicate_1,aff03ea9fcc8a6051c7a0bd67c37abca9b7f5addbbc9c3950b4af8e00f932daa,675efa1486e53a4914248132dda701b834c9e26599d8c4c4d7b41db57bfcf2b0,
G|LP0968|Consensus|stage_a|replicate_1,G-bf7968afa1095e2735fd3bb93edeaca1050ee4b8,G,target,LP0968,Consensus,consensus_stage_a_estimates,1,google/gemma-4-31B-it,149251d11054739a54cf6102b1ad881fb8c388cb2ec52fbc3e4fe3a7f31ae815,675efa1486e53a4914248132dda701b834c9e26599d8c4c4d7b41db57bfcf2b0,consensus_two_stage_interactive_adaptation_v1,prompt_compiler_v2_split_g_f,536620937,pending,Q001|Q002|Q003,"{""Q001"": ""consensus_estimate_net_zero_before_2085"", ""Q002"": ""consensus_estimate_co2_warms_planet"", ""Q003"": ""consensus_estimate_human_primary_cause""}",consensus_stage_a,consensus_two_stage_interactive_adaptation_v1,G|LP0968|Consensus|stage_a|replicate_1,149251d11054739a54cf6102b1ad881fb8c388cb2ec52fbc3e4fe3a7f31ae815,675efa1486e53a4914248132dda701b834c9e26599d8c4c4d7b41db57bfcf2b0,
G|LP0969|Consensus|stage_a|replicate_1,G-a50b55c118642f011df34eac9d50cf1a196180a8,G,target,LP0969,Consensus,consensus_stage_a_estimates,1,google/gemma-4-31B-it,e2209dc86353ce2b9a4340e0879721db87052be7493dc5533ee0a306c341a248,675efa1486e53a4914248132dda701b834c9e26599d8c4c4d7b41db57bfcf2b0,consensus_two_stage_interactive_adaptation_v1,prompt_compiler_v2_split_g_f,1652218501,pending,Q001|Q002|Q003,"{""Q001"": ""consensus_estimate_human_primary_cause"", ""Q002"": ""consensus_estimate_co2_warms_planet"", ""Q003"": ""consensus_estimate_net_zero_before_2085""}",consensus_stage_a,consensus_two_stage_interactive_adaptation_v1,G|LP0969|Consensus|stage_a|replicate_1,e2209dc86353ce2b9a4340e0879721db87052be7493dc5533ee0a306c341a248,675efa1486e53a4914248132dda701b834c9e26599d8c4c4d7b41db57bfcf2b0,
G|LP0970|Consensus|stage_a|replicate_1,G-b0b028d445bb7c82153695675ba566b268619684,G,target,LP0970,Consensus,consensus_stage_a_estimates,1,google/gemma-4-31B-it,8b79590d46f24e62a417552cb169fb9d300b09528a4b7ad817f815d5c966e1a5,675efa1486e53a4914248132dda701b834c9e26599d8c4c4d7b41db57bfcf2b0,consensus_two_stage_interactive_adaptation_v1,prompt_compiler_v2_split_g_f,656133677,pending,Q001|Q002|Q003,"{""Q001"": ""consensus_estimate_human_primary_cause"", ""Q002"": ""consensus_estimate_co2_warms_planet"", ""Q003"": ""consensus_estimate_net_zero_before_2085""}",consensus_stage_a,consensus_two_stage_interactive_adaptation_v1,G|LP0970|Consensus|stage_a|replicate_1,8b79590d46f24e62a417552cb169fb9d300b09528a4b7ad817f815d5c966e1a5,675efa1486e53a4914248132dda701b834c9e26599d8c4c4d7b41db57bfcf2b0,
G|LP0971|Consensus|stage_a|replicate_1,G-0386804ca506d80bc137554a55982da02d3e787d,G,target,LP0971,Consensus,consensus_stage_a_estimates,1,google/gemma-4-31B-it,46f28842732f81c9f112be4138bf41151cb2c404f493ea92d2bd5edaeb7e8120,675efa1486e53a4914248132dda701b834c9e26599d8c4c4d7b41db57bfcf2b0,consensus_two_stage_interactive_adaptation_v1,prompt_compiler_v2_split_g_f,739498148,pending,Q001|Q002|Q003,"{""Q001"": ""consensus_estimate_human_primary_cause"", ""Q002"": ""consensus_estimate_net_zero_before_2085"", ""Q003"": ""consensus_estimate_co2_warms_planet""}",consensus_stage_a,consensus_two_stage_interactive_adaptation_v1,G|LP0971|Consensus|stage_a|replicate_1,46f28842732f81c9f112be4138bf41151cb2c404f493ea92d2bd5edaeb7e8120,675efa1486e53a4914248132dda701b834c9e26599d8c4c4d7b41db57bfcf2b0,
G|LP0972|Consensus|stage_a|replicate_1,G-ff282486026af743db7c050da326a897af7122cf,G,target,LP0972,Consensus,consensus_stage_a_estimates,1,google/gemma-4-31B-it,6dc225d14ca0627ee6f9f2022143c53ceab4a139d1e91ecfb02911cb2bf6dc7d,675efa1486e53a4914248132dda701b834c9e26599d8c4c4d7b41db57bfcf2b0,consensus_two_stage_interactive_adaptation_v1,prompt_compiler_v2_split_g_f,12271699,pending,Q001|Q002|Q003,"{""Q001"": ""consensus_estimate_net_zero_before_2085"", ""Q002"": ""consensus_estimate_human_primary_cause"", ""Q003"": ""consensus_estimate_co2_warms_planet""}",consensus_stage_a,consensus_two_stage_interactive_adaptation_v1,G|LP0972|Consensus|stage_a|replicate_1,6dc225d14ca0627ee6f9f2022143c53ceab4a139d1e91ecfb02911cb2bf6dc7d,675efa1486e53a4914248132dda701b834c9e26599d8c4c4d7b41db57bfcf2b0,
G|LP0973|Consensus|stage_a|replicate_1,G-1c2f41d09a564892a2b2a05e9b25ab69af338e4a,G,target,LP0973,Consensus,consensus_stage_a_estimates,1,google/gemma-4-31B-it,19c67125142d5b1248951718417dfa370c321c38396f28d27ce004b33f7359f1,675efa1486e53a4914248132dda701b834c9e26599d8c4c4d7b41db57bfcf2b0,consensus_two_stage_interactive_adaptation_v1,prompt_compiler_v2_split_g_f,1387580467,pending,Q001|Q002|Q003,"{""Q001"": ""consensus_estimate_co2_warms_planet"", ""Q002"": ""consensus_estimate_human_primary_cause"", ""Q003"": ""consensus_estimate_net_zero_before_2085""}",consensus_stage_a,consensus_two_stage_interactive_adaptation_v1,G|LP0973|Consensus|stage_a|replicate_1,19c67125142d5b1248951718417dfa370c321c38396f28d27ce004b33f7359f1,675efa1486e53a4914248132dda701b834c9e26599d8c4c4d7b41db57bfcf2b0,
G|LP0974|Consensus|stage_a|replicate_1,G-1598e83958ee72e30b5d6d13cc03774f6d3964f3,G,target,LP0974,Consensus,consensus_stage_a_estimates,1,google/gemma-4-31B-it,c09f548eb767f6a1aa8b78388db50efffd15f2018c7f33d6757c0b5ffe9b422a,675efa1486e53a4914248132dda701b834c9e26599d8c4c4d7b41db57bfcf2b0,consensus_two_stage_interactive_adaptation_v1,prompt_compiler_v2_split_g_f,69223254,pending,Q001|Q002|Q003,"{""Q001"": ""consensus_estimate_net_zero_before_2085"", ""Q002"": ""consensus_estimate_co2_warms_planet"", ""Q003"": ""consensus_estimate_human_primary_cause""}",consensus_stage_a,consensus_two_stage_interactive_adaptation_v1,G|LP0974|Consensus|stage_a|replicate_1,c09f548eb767f6a1aa8b78388db50efffd15f2018c7f33d6757c0b5ffe9b422a,675efa1486e53a4914248132dda701b834c9e26599d8c4c4d7b41db57bfcf2b0,
G|LP0975|Consensus|stage_a|replicate_1,G-5da3fd633936dfd52c9e47d2bfcdc127cdd4d88c,G,target,LP0975,Consensus,consensus_stage_a_estimates,1,google/gemma-4-31B-it,47234eb0727f050f60f499fb08f3357a957e336bc683faf4c9cb460c0311ad03,675efa1486e53a4914248132dda701b834c9e26599d8c4c4d7b41db57bfcf2b0,consensus_two_stage_interactive_adaptation_v1,prompt_compiler_v2_split_g_f,1954470556,pending,Q001|Q002|Q003,"{""Q001"": ""consensus_estimate_human_primary_cause"", ""Q002"": ""consensus_estimate_co2_warms_planet"", ""Q003"": ""consensus_estimate_net_zero_before_2085""}",consensus_stage_a,consensus_two_stage_interactive_adaptation_v1,G|LP0975|Consensus|stage_a|replicate_1,47234eb0727f050f60f499fb08f3357a957e336bc683faf4c9cb460c0311ad03,675efa1486e53a4914248132dda701b834c9e26599d8c4c4d7b41db57bfcf2b0,
G|LP0976|Consensus|stage_a|replicate_1,G-fd7112a9f472048d6b959e66efe2b62e113bb68c,G,target,LP0976,Consensus,consensus_stage_a_estimates,1,google/gemma-4-31B-it,960e06e178fcf8e079fa3c6398090ff3cffae1e19c24144fb6d1ce3f5d8f1e8b,675efa1486e53a4914248132dda701b834c9e26599d8c4c4d7b41db57bfcf2b0,consensus_two_stage_interactive_adaptation_v1,prompt_compiler_v2_split_g_f,1867786724,pending,Q001|Q002|Q003,"{""Q001"": ""consensus_estimate_human_primary_cause"", ""Q002"": ""consensus_estimate_co2_warms_planet"", ""Q003"": ""consensus_estimate_net_zero_before_2085""}",consensus_stage_a,consensus_two_stage_interactive_adaptation_v1,G|LP0976|Consensus|stage_a|replicate_1,960e06e178fcf8e079fa3c6398090ff3cffae1e19c24144fb6d1ce3f5d8f1e8b,675efa1486e53a4914248132dda701b834c9e26599d8c4c4d7b41db57bfcf2b0,
G|LP0977|Consensus|stage_a|replicate_1,G-694d7cc3497966c74bba08e71b471a25ddb04330,G,target,LP0977,Consensus,consensus_stage_a_estimates,1,google/gemma-4-31B-it,049f7d5f2ebb813a6d5f170ecf2809ab6b068302a5f99f3e6e13288ecc4f1c03,675efa1486e53a4914248132dda701b834c9e26599d8c4c4d7b41db57bfcf2b0,consensus_two_stage_interactive_adaptation_v1,prompt_compiler_v2_split_g_f,471097423,pending,Q001|Q002|Q003,"{""Q001"": ""consensus_estimate_human_primary_cause"", ""Q002"": ""consensus_estimate_co2_warms_planet"", ""Q003"": ""consensus_estimate_net_zero_before_2085""}",consensus_stage_a,consensus_two_stage_interactive_adaptation_v1,G|LP0977|Consensus|stage_a|replicate_1,049f7d5f2ebb813a6d5f170ecf2809ab6b068302a5f99f3e6e13288ecc4f1c03,675efa1486e53a4914248132dda701b834c9e26599d8c4c4d7b41db57bfcf2b0,
G|LP0978|Consensus|stage_a|replicate_1,G-fb7211b1f6c0bd7b3bca6c38da1db7325dbf50c8,G,target,LP0978,Consensus,consensus_stage_a_estimates,1,google/gemma-4-31B-it,1faf526cacda54d0559dfc4207796ea0d746668ad2862b0e3218cb911c9c76a3,675efa1486e53a4914248132dda701b834c9e26599d8c4c4d7b41db57bfcf2b0,consensus_two_stage_interactive_adaptation_v1,prompt_compiler_v2_split_g_f,1839522018,pending,Q001|Q002|Q003,"{""Q001"": ""consensus_estimate_co2_warms_planet"", ""Q002"": ""consensus_estimate_human_primary_cause"", ""Q003"": ""consensus_estimate_net_zero_before_2085""}",consensus_stage_a,consensus_two_stage_interactive_adaptation_v1,G|LP0978|Consensus|stage_a|replicate_1,1faf526cacda54d0559dfc4207796ea0d746668ad2862b0e3218cb911c9c76a3,675efa1486e53a4914248132dda701b834c9e26599d8c4c4d7b41db57bfcf2b0,
G|LP0979|Consensus|stage_a|replicate_1,G-e83daadb8d2ee4c820d17b333084c572fd738ada,G,target,LP0979,Consensus,consensus_stage_a_estimates,1,google/gemma-4-31B-it,32b4a56d6d7b6f44c233453e43cabe82a0a52fcf04f1a28b7cbfb934459f1727,675efa1486e53a4914248132dda701b834c9e26599d8c4c4d7b41db57bfcf2b0,consensus_two_stage_interactive_adaptation_v1,prompt_compiler_v2_split_g_f,1571437186,pending,Q001|Q002|Q003,"{""Q001"": ""consensus_estimate_net_zero_before_2085"", ""Q002"": ""consensus_estimate_co2_warms_planet"", ""Q003"": ""consensus_estimate_human_primary_cause""}",consensus_stage_a,consensus_two_stage_interactive_adaptation_v1,G|LP0979|Consensus|stage_a|replicate_1,32b4a56d6d7b6f44c233453e43cabe82a0a52fcf04f1a28b7cbfb934459f1727,675efa1486e53a4914248132dda701b834c9e26599d8c4c4d7b41db57bfcf2b0,
G|LP0980|Consensus|stage_a|replicate_1,G-b4ad9da40cab47259a8716ca3cdf535df91f73df,G,target,LP0980,Consensus,consensus_stage_a_estimates,1,google/gemma-4-31B-it,efb912c772dde4c5bd1d8b393c886519ab67cb16454f6daf263d6af3b81b4725,675efa1486e53a4914248132dda701b834c9e26599d8c4c4d7b41db57bfcf2b0,consensus_two_stage_interactive_adaptation_v1,prompt_compiler_v2_split_g_f,1980138095,pending,Q001|Q002|Q003,"{""Q001"": ""consensus_estimate_human_primary_cause"", ""Q002"": ""consensus_estimate_net_zero_before_2085"", ""Q003"": ""consensus_estimate_co2_warms_planet""}",consensus_stage_a,consensus_two_stage_interactive_adaptation_v1,G|LP0980|Consensus|stage_a|replicate_1,efb912c772dde4c5bd1d8b393c886519ab67cb16454f6daf263d6af3b81b4725,675efa1486e53a4914248132dda701b834c9e26599d8c4c4d7b41db57bfcf2b0,
G|LP0981|Consensus|stage_a|replicate_1,G-34590a98d2eab1f716bd4bc79348230c42cc095e,G,target,LP0981,Consensus,consensus_stage_a_estimates,1,google/gemma-4-31B-it,ea3857a173315604a81de382522900daf8d775c524766c15e1e354a253ad633a,675efa1486e53a4914248132dda701b834c9e26599d8c4c4d7b41db57bfcf2b0,consensus_two_stage_interactive_adaptation_v1,prompt_compiler_v2_split_g_f,1000130345,pending,Q001|Q002|Q003,"{""Q001"": ""consensus_estimate_human_primary_cause"", ""Q002"": ""consensus_estimate_net_zero_before_2085"", ""Q003"": ""consensus_estimate_co2_warms_planet""}",consensus_stage_a,consensus_two_stage_interactive_adaptation_v1,G|LP0981|Consensus|stage_a|replicate_1,ea3857a173315604a81de382522900daf8d775c524766c15e1e354a253ad633a,675efa1486e53a4914248132dda701b834c9e26599d8c4c4d7b41db57bfcf2b0,
G|LP0982|Consensus|stage_a|replicate_1,G-e3dd69a63e1596f98eb4bdd5e4513c3d4b5b72e8,G,target,LP0982,Consensus,consensus_stage_a_estimates,1,google/gemma-4-31B-it,bb10fec314c224b6a91728db5d963f34502c6522aa877f66ac047cce6bb4d85a,675efa1486e53a4914248132dda701b834c9e26599d8c4c4d7b41db57bfcf2b0,consensus_two_stage_interactive_adaptation_v1,prompt_compiler_v2_split_g_f,97544777,pending,Q001|Q002|Q003,"{""Q001"": ""consensus_estimate_human_primary_cause"", ""Q002"": ""consensus_estimate_co2_warms_planet"", ""Q003"": ""consensus_estimate_net_zero_before_2085""}",consensus_stage_a,consensus_two_stage_interactive_adaptation_v1,G|LP0982|Consensus|stage_a|replicate_1,bb10fec314c224b6a91728db5d963f34502c6522aa877f66ac047cce6bb4d85a,675efa1486e53a4914248132dda701b834c9e26599d8c4c4d7b41db57bfcf2b0,
G|LP0983|Consensus|stage_a|replicate_1,G-d80b65b2bf7d0880c181887e7c9c544ca524209c,G,target,LP0983,Consensus,consensus_stage_a_estimates,1,google/gemma-4-31B-it,ca9d73ffc76f30c67017aad463aa26d45bd69b83d792fa65eb72f60205014338,675efa1486e53a4914248132dda701b834c9e26599d8c4c4d7b41db57bfcf2b0,consensus_two_stage_interactive_adaptation_v1,prompt_compiler_v2_split_g_f,1871959016,pending,Q001|Q002|Q003,"{""Q001"": ""consensus_estimate_co2_warms_planet"", ""Q002"": ""consensus_estimate_net_zero_before_2085"", ""Q003"": ""consensus_estimate_human_primary_cause""}",consensus_stage_a,consensus_two_stage_interactive_adaptation_v1,G|LP0983|Consensus|stage_a|replicate_1,ca9d73ffc76f30c67017aad463aa26d45bd69b83d792fa65eb72f60205014338,675efa1486e53a4914248132dda701b834c9e26599d8c4c4d7b41db57bfcf2b0,
G|LP0984|Consensus|stage_a|replicate_1,G-d38220439c286a1316e1d7d62ba478440c6c9b32,G,target,LP0984,Consensus,consensus_stage_a_estimates,1,google/gemma-4-31B-it,6e563eaf2b849220bb5ef7f6f75e65fa878ff406ad3ebfe6228b1713259afa69,675efa1486e53a4914248132dda701b834c9e26599d8c4c4d7b41db57bfcf2b0,consensus_two_stage_interactive_adaptation_v1,prompt_compiler_v2_split_g_f,1127000733,pending,Q001|Q002|Q003,"{""Q001"": ""consensus_estimate_net_zero_before_2085"", ""Q002"": ""consensus_estimate_co2_warms_planet"", ""Q003"": ""consensus_estimate_human_primary_cause""}",consensus_stage_a,consensus_two_stage_interactive_adaptation_v1,G|LP0984|Consensus|stage_a|replicate_1,6e563eaf2b849220bb5ef7f6f75e65fa878ff406ad3ebfe6228b1713259afa69,675efa1486e53a4914248132dda701b834c9e26599d8c4c4d7b41db57bfcf2b0,
G|LP0985|Consensus|stage_a|replicate_1,G-d3ed178363969192c5eb73175e6cde8a89e48507,G,target,LP0985,Consensus,consensus_stage_a_estimates,1,google/gemma-4-31B-it,0754791b3d1261d4fe143db0daf4da83f8c28642437add54f7b9788cece00127,675efa1486e53a4914248132dda701b834c9e26599d8c4c4d7b41db57bfcf2b0,consensus_two_stage_interactive_adaptation_v1,prompt_compiler_v2_split_g_f,191938716,pending,Q001|Q002|Q003,"{""Q001"": ""consensus_estimate_human_primary_cause"", ""Q002"": ""consensus_estimate_co2_warms_planet"", ""Q003"": ""consensus_estimate_net_zero_before_2085""}",consensus_stage_a,consensus_two_stage_interactive_adaptation_v1,G|LP0985|Consensus|stage_a|replicate_1,0754791b3d1261d4fe143db0daf4da83f8c28642437add54f7b9788cece00127,675efa1486e53a4914248132dda701b834c9e26599d8c4c4d7b41db57bfcf2b0,
G|LP0986|Consensus|stage_a|replicate_1,G-3384dabddd60ee2103fceaaf5995dbc76aba2554,G,target,LP0986,Consensus,consensus_stage_a_estimates,1,google/gemma-4-31B-it,74d6357a738706ad069219a708cd65af30ab6ff973c5b432d812edbd57801c01,675efa1486e53a4914248132dda701b834c9e26599d8c4c4d7b41db57bfcf2b0,consensus_two_stage_interactive_adaptation_v1,prompt_compiler_v2_split_g_f,1147839389,pending,Q001|Q002|Q003,"{""Q001"": ""consensus_estimate_human_primary_cause"", ""Q002"": ""consensus_estimate_co2_warms_planet"", ""Q003"": ""consensus_estimate_net_zero_before_2085""}",consensus_stage_a,consensus_two_stage_interactive_adaptation_v1,G|LP0986|Consensus|stage_a|replicate_1,74d6357a738706ad069219a708cd65af30ab6ff973c5b432d812edbd57801c01,675efa1486e53a4914248132dda701b834c9e26599d8c4c4d7b41db57bfcf2b0,
G|LP0987|Consensus|stage_a|replicate_1,G-d9196dd807a958f91c2cd4b9006284bb32bf8acc,G,target,LP0987,Consensus,consensus_stage_a_estimates,1,google/gemma-4-31B-it,22148b7464d34695a8ef015d55c3788076933ce58d5018df96733395d93914a8,675efa1486e53a4914248132dda701b834c9e26599d8c4c4d7b41db57bfcf2b0,consensus_two_stage_interactive_adaptation_v1,prompt_compiler_v2_split_g_f,970732716,pending,Q001|Q002|Q003,"{""Q001"": ""consensus_estimate_human_primary_cause"", ""Q002"": ""consensus_estimate_net_zero_before_2085"", ""Q003"": ""consensus_estimate_co2_warms_planet""}",consensus_stage_a,consensus_two_stage_interactive_adaptation_v1,G|LP0987|Consensus|stage_a|replicate_1,22148b7464d34695a8ef015d55c3788076933ce58d5018df96733395d93914a8,675efa1486e53a4914248132dda701b834c9e26599d8c4c4d7b41db57bfcf2b0,
G|LP0988|Consensus|stage_a|replicate_1,G-20bc584005d5c3efa1ebb15d0d57ff36e9948484,G,target,LP0988,Consensus,consensus_stage_a_estimates,1,google/gemma-4-31B-it,63c06b6dacea1116dbdae86b0ef7dc30bced71f7cb9b782e22c5154e4bf2fff7,675efa1486e53a4914248132dda701b834c9e26599d8c4c4d7b41db57bfcf2b0,consensus_two_stage_interactive_adaptation_v1,prompt_compiler_v2_split_g_f,1196323951,pending,Q001|Q002|Q003,"{""Q001"": ""consensus_estimate_net_zero_before_2085"", ""Q002"": ""consensus_estimate_co2_warms_planet"", ""Q003"": ""consensus_estimate_human_primary_cause""}",consensus_stage_a,consensus_two_stage_interactive_adaptation_v1,G|LP0988|Consensus|stage_a|replicate_1,63c06b6dacea1116dbdae86b0ef7dc30bced71f7cb9b782e22c5154e4bf2fff7,675efa1486e53a4914248132dda701b834c9e26599d8c4c4d7b41db57bfcf2b0,
G|LP0989|Consensus|stage_a|replicate_1,G-1a86059898f406f65c5114fa5f9eb4ff924f77e9,G,target,LP0989,Consensus,consensus_stage_a_estimates,1,google/gemma-4-31B-it,a405f00ef829bf1849e766205e84835dd5272cbf8a9b21b3e041d064b37c8920,675efa1486e53a4914248132dda701b834c9e26599d8c4c4d7b41db57bfcf2b0,consensus_two_stage_interactive_adaptation_v1,prompt_compiler_v2_split_g_f,1308627495,pending,Q001|Q002|Q003,"{""Q001"": ""consensus_estimate_human_primary_cause"", ""Q002"": ""consensus_estimate_net_zero_before_2085"", ""Q003"": ""consensus_estimate_co2_warms_planet""}",consensus_stage_a,consensus_two_stage_interactive_adaptation_v1,G|LP0989|Consensus|stage_a|replicate_1,a405f00ef829bf1849e766205e84835dd5272cbf8a9b21b3e041d064b37c8920,675efa1486e53a4914248132dda701b834c9e26599d8c4c4d7b41db57bfcf2b0,
G|LP0990|Consensus|stage_a|replicate_1,G-6c433798f4279ae25daacab00b31dce5e6e18567,G,target,LP0990,Consensus,consensus_stage_a_estimates,1,google/gemma-4-31B-it,d650893dac4cc7dba49492f3f4edabe16ebc5fa0c6821464163871c9f341028e,675efa1486e53a4914248132dda701b834c9e26599d8c4c4d7b41db57bfcf2b0,consensus_two_stage_interactive_adaptation_v1,prompt_compiler_v2_split_g_f,1286474261,pending,Q001|Q002|Q003,"{""Q001"": ""consensus_estimate_net_zero_before_2085"", ""Q002"": ""consensus_estimate_human_primary_cause"", ""Q003"": ""consensus_estimate_co2_warms_planet""}",consensus_stage_a,consensus_two_stage_interactive_adaptation_v1,G|LP0990|Consensus|stage_a|replicate_1,d650893dac4cc7dba49492f3f4edabe16ebc5fa0c6821464163871c9f341028e,675efa1486e53a4914248132dda701b834c9e26599d8c4c4d7b41db57bfcf2b0,
G|LP0991|Consensus|stage_a|replicate_1,G-8c6dd713e28ccab3c6ba5cb2870e5c42ecf79cc1,G,target,LP0991,Consensus,consensus_stage_a_estimates,1,google/gemma-4-31B-it,8f302e75811e799106c9f7b51ffbeb07ccc7142db23972f679a402fea87e1f4a,675efa1486e53a4914248132dda701b834c9e26599d8c4c4d7b41db57bfcf2b0,consensus_two_stage_interactive_adaptation_v1,prompt_compiler_v2_split_g_f,2070444252,pending,Q001|Q002|Q003,"{""Q001"": ""consensus_estimate_co2_warms_planet"", ""Q002"": ""consensus_estimate_human_primary_cause"", ""Q003"": ""consensus_estimate_net_zero_before_2085""}",consensus_stage_a,consensus_two_stage_interactive_adaptation_v1,G|LP0991|Consensus|stage_a|replicate_1,8f302e75811e799106c9f7b51ffbeb07ccc7142db23972f679a402fea87e1f4a,675efa1486e53a4914248132dda701b834c9e26599d8c4c4d7b41db57bfcf2b0,
G|LP0992|Consensus|stage_a|replicate_1,G-2ebb70c09ff302dab28b2133d3c395061c63bfaa,G,target,LP0992,Consensus,consensus_stage_a_estimates,1,google/gemma-4-31B-it,fec861c373ea763e4446100a8afb616339fef3625e68fa6b74f0e1cb5c956f61,675efa1486e53a4914248132dda701b834c9e26599d8c4c4d7b41db57bfcf2b0,consensus_two_stage_interactive_adaptation_v1,prompt_compiler_v2_split_g_f,2104091739,pending,Q001|Q002|Q003,"{""Q001"": ""consensus_estimate_co2_warms_planet"", ""Q002"": ""consensus_estimate_net_zero_before_2085"", ""Q003"": ""consensus_estimate_human_primary_cause""}",consensus_stage_a,consensus_two_stage_interactive_adaptation_v1,G|LP0992|Consensus|stage_a|replicate_1,fec861c373ea763e4446100a8afb616339fef3625e68fa6b74f0e1cb5c956f61,675efa1486e53a4914248132dda701b834c9e26599d8c4c4d7b41db57bfcf2b0,
G|LP0993|Consensus|stage_a|replicate_1,G-6628aab8e29054a8159963a7049012aac758a564,G,target,LP0993,Consensus,consensus_stage_a_estimates,1,google/gemma-4-31B-it,ccf5316c5e2ba68269f85f79aa730013da37ab2d31783ee8620486bba1995b62,675efa1486e53a4914248132dda701b834c9e26599d8c4c4d7b41db57bfcf2b0,consensus_two_stage_interactive_adaptation_v1,prompt_compiler_v2_split_g_f,786541083,pending,Q001|Q002|Q003,"{""Q001"": ""consensus_estimate_net_zero_before_2085"", ""Q002"": ""consensus_estimate_human_primary_cause"", ""Q003"": ""consensus_estimate_co2_warms_planet""}",consensus_stage_a,consensus_two_stage_interactive_adaptation_v1,G|LP0993|Consensus|stage_a|replicate_1,ccf5316c5e2ba68269f85f79aa730013da37ab2d31783ee8620486bba1995b62,675efa1486e53a4914248132dda701b834c9e26599d8c4c4d7b41db57bfcf2b0,
G|LP0994|Consensus|stage_a|replicate_1,G-4cd62e63f208d68800fd90961eb84cdf1f7c1aae,G,target,LP0994,Consensus,consensus_stage_a_estimates,1,google/gemma-4-31B-it,ae5d69e0c2a89487af1001bee9aaf2a7bfadebc18393723c2bfe219c6ba208e7,675efa1486e53a4914248132dda701b834c9e26599d8c4c4d7b41db57bfcf2b0,consensus_two_stage_interactive_adaptation_v1,prompt_compiler_v2_split_g_f,196424529,pending,Q001|Q002|Q003,"{""Q001"": ""consensus_estimate_human_primary_cause"", ""Q002"": ""consensus_estimate_co2_warms_planet"", ""Q003"": ""consensus_estimate_net_zero_before_2085""}",consensus_stage_a,consensus_two_stage_interactive_adaptation_v1,G|LP0994|Consensus|stage_a|replicate_1,ae5d69e0c2a89487af1001bee9aaf2a7bfadebc18393723c2bfe219c6ba208e7,675efa1486e53a4914248132dda701b834c9e26599d8c4c4d7b41db57bfcf2b0,
G|LP0995|Consensus|stage_a|replicate_1,G-ffc41878a306d42b51c0a8fc2b0c7c2534636a5b,G,target,LP0995,Consensus,consensus_stage_a_estimates,1,google/gemma-4-31B-it,ab463975ba278e48575fa1ef7aec45acff7df44eacab4bd87f456831ca461ae1,675efa1486e53a4914248132dda701b834c9e26599d8c4c4d7b41db57bfcf2b0,consensus_two_stage_interactive_adaptation_v1,prompt_compiler_v2_split_g_f,579798304,pending,Q001|Q002|Q003,"{""Q001"": ""consensus_estimate_co2_warms_planet"", ""Q002"": ""consensus_estimate_human_primary_cause"", ""Q003"": ""consensus_estimate_net_zero_before_2085""}",consensus_stage_a,consensus_two_stage_interactive_adaptation_v1,G|LP0995|Consensus|stage_a|replicate_1,ab463975ba278e48575fa1ef7aec45acff7df44eacab4bd87f456831ca461ae1,675efa1486e53a4914248132dda701b834c9e26599d8c4c4d7b41db57bfcf2b0,
G|LP0996|Consensus|stage_a|replicate_1,G-d00c8f0d589bd44511f899e42c6157c9d0515ffa,G,target,LP0996,Consensus,consensus_stage_a_estimates,1,google/gemma-4-31B-it,6f5d2a86dc82d4dd50d05e7ac68efb5e7c7fe76bafdbdde6f6c954175af36cb6,675efa1486e53a4914248132dda701b834c9e26599d8c4c4d7b41db57bfcf2b0,consensus_two_stage_interactive_adaptation_v1,prompt_compiler_v2_split_g_f,2025124450,pending,Q001|Q002|Q003,"{""Q001"": ""consensus_estimate_human_primary_cause"", ""Q002"": ""consensus_estimate_net_zero_before_2085"", ""Q003"": ""consensus_estimate_co2_warms_planet""}",consensus_stage_a,consensus_two_stage_interactive_adaptation_v1,G|LP0996|Consensus|stage_a|replicate_1,6f5d2a86dc82d4dd50d05e7ac68efb5e7c7fe76bafdbdde6f6c954175af36cb6,675efa1486e53a4914248132dda701b834c9e26599d8c4c4d7b41db57bfcf2b0,
G|LP0997|Consensus|stage_a|replicate_1,G-142b27ac2b29792bdbe921ad8e1e354c7d951b90,G,target,LP0997,Consensus,consensus_stage_a_estimates,1,google/gemma-4-31B-it,45fbbd40aaa115737f3dc64e7cc280c0e5d988ee844727fa24000c179153b66d,675efa1486e53a4914248132dda701b834c9e26599d8c4c4d7b41db57bfcf2b0,consensus_two_stage_interactive_adaptation_v1,prompt_compiler_v2_split_g_f,1400883331,pending,Q001|Q002|Q003,"{""Q001"": ""consensus_estimate_co2_warms_planet"", ""Q002"": ""consensus_estimate_net_zero_before_2085"", ""Q003"": ""consensus_estimate_human_primary_cause""}",consensus_stage_a,consensus_two_stage_interactive_adaptation_v1,G|LP0997|Consensus|stage_a|replicate_1,45fbbd40aaa115737f3dc64e7cc280c0e5d988ee844727fa24000c179153b66d,675efa1486e53a4914248132dda701b834c9e26599d8c4c4d7b41db57bfcf2b0,
G|LP0998|Consensus|stage_a|replicate_1,G-fd1760d6e08c6bc44faa796f587831e2ae2b0e33,G,target,LP0998,Consensus,consensus_stage_a_estimates,1,google/gemma-4-31B-it,9bef23fd831cd17999400236dd2ae3da549daab05679965d3addf82e23226cc5,675efa1486e53a4914248132dda701b834c9e26599d8c4c4d7b41db57bfcf2b0,consensus_two_stage_interactive_adaptation_v1,prompt_compiler_v2_split_g_f,1522216309,pending,Q001|Q002|Q003,"{""Q001"": ""consensus_estimate_net_zero_before_2085"", ""Q002"": ""consensus_estimate_human_primary_cause"", ""Q003"": ""consensus_estimate_co2_warms_planet""}",consensus_stage_a,consensus_two_stage_interactive_adaptation_v1,G|LP0998|Consensus|stage_a|replicate_1,9bef23fd831cd17999400236dd2ae3da549daab05679965d3addf82e23226cc5,675efa1486e53a4914248132dda701b834c9e26599d8c4c4d7b41db57bfcf2b0,
G|LP0999|Consensus|stage_a|replicate_1,G-cd38601ae7be72d41fdc11e635d4acf73888028a,G,target,LP0999,Consensus,consensus_stage_a_estimates,1,google/gemma-4-31B-it,9aa4929663a35e9325dcdaed8a34957c677a1d0de25099a2197631686b3df708,675efa1486e53a4914248132dda701b834c9e26599d8c4c4d7b41db57bfcf2b0,consensus_two_stage_interactive_adaptation_v1,prompt_compiler_v2_split_g_f,36647693,pending,Q001|Q002|Q003,"{""Q001"": ""consensus_estimate_net_zero_before_2085"", ""Q002"": ""consensus_estimate_human_primary_cause"", ""Q003"": ""consensus_estimate_co2_warms_planet""}",consensus_stage_a,consensus_two_stage_interactive_adaptation_v1,G|LP0999|Consensus|stage_a|replicate_1,9aa4929663a35e9325dcdaed8a34957c677a1d0de25099a2197631686b3df708,675efa1486e53a4914248132dda701b834c9e26599d8c4c4d7b41db57bfcf2b0,
G|LP1000|Consensus|stage_a|replicate_1,G-37eb9634934bbbf1b6464133e6c09e5217875be6,G,target,LP1000,Consensus,consensus_stage_a_estimates,1,google/gemma-4-31B-it,29c7784dd7dadbf95a6d4752ffeba1ad3a49c3d849d1df727f0bbe3d7f96d942,675efa1486e53a4914248132dda701b834c9e26599d8c4c4d7b41db57bfcf2b0,consensus_two_stage_interactive_adaptation_v1,prompt_compiler_v2_split_g_f,52619355,pending,Q001|Q002|Q003,"{""Q001"": ""consensus_estimate_net_zero_before_2085"", ""Q002"": ""consensus_estimate_co2_warms_planet"", ""Q003"": ""consensus_estimate_human_primary_cause""}",consensus_stage_a,consensus_two_stage_interactive_adaptation_v1,G|LP1000|Consensus|stage_a|replicate_1,29c7784dd7dadbf95a6d4752ffeba1ad3a49c3d849d1df727f0bbe3d7f96d942,675efa1486e53a4914248132dda701b834c9e26599d8c4c4d7b41db57bfcf2b0,
