request_key,custom_id,role,study_id,profile_id,condition_id,outcome_id,replicate_id,requested_model,prompt_hash,schema_version,prompt_protocol_id,prompt_compiler_version,seed,status,required_fields,response_key_map,request_stage,engine_config_hash
G|LP0001|ConsensusExact|step3|attempt_1,G-5ad4f5a232224bb0406a2ed5df362b69c5285ac5,G,target,LP0001,Consensus,consensus_exact_step3_estimate,1,google/gemma-4-31B-it,1f6d7d9744156600f134bec9b38775e89bfd3012a6a8aa7cfd795b822ae3627a,ec9f25e6b68d12ca6182161cdc389e0da99a8cff29c47b015f1d07a6633e4cf0,consensus_benchmark_exact_v1,prompt_compiler_v2_split_g_f,1741436661,pending,Q001,"{""Q001"": ""consensus_estimate_co2_warms_planet""}",consensus_exact_step3,c444a6eac0c7b6cd317bc71d70e09e8e9d8b0a57308ceb8b4c11921129cc5ae1
G|LP0002|ConsensusExact|step3|attempt_1,G-8c18a1134ef319e8354d32de031016ea036c7867,G,target,LP0002,Consensus,consensus_exact_step3_estimate,1,google/gemma-4-31B-it,adf016b16bc2dddb63310d7f54b5df1b6ad2e6902b0606b55fa5df68cb0c9edc,ec9f25e6b68d12ca6182161cdc389e0da99a8cff29c47b015f1d07a6633e4cf0,consensus_benchmark_exact_v1,prompt_compiler_v2_split_g_f,1730436112,pending,Q001,"{""Q001"": ""consensus_estimate_co2_warms_planet""}",consensus_exact_step3,c444a6eac0c7b6cd317bc71d70e09e8e9d8b0a57308ceb8b4c11921129cc5ae1
G|LP0003|ConsensusExact|step3|attempt_1,G-0bf7921a1c06fee55b68a86c630a19fa3a407d1d,G,target,LP0003,Consensus,consensus_exact_step3_estimate,1,google/gemma-4-31B-it,8073a1425e2e2c26dbd8bf990fa3366f55fc608097d17a9b6772e9f108983f12,ec9f25e6b68d12ca6182161cdc389e0da99a8cff29c47b015f1d07a6633e4cf0,consensus_benchmark_exact_v1,prompt_compiler_v2_split_g_f,871768857,pending,Q001,"{""Q001"": ""consensus_estimate_co2_warms_planet""}",consensus_exact_step3,c444a6eac0c7b6cd317bc71d70e09e8e9d8b0a57308ceb8b4c11921129cc5ae1
G|LP0004|ConsensusExact|step3|attempt_1,G-ad2410c17615a9ee8992f1966f9c50f21ce46543,G,target,LP0004,Consensus,consensus_exact_step3_estimate,1,google/gemma-4-31B-it,275d9d63b391801914a626dd5f6d125c3e0cac6373930867917edcbb463b8025,ec9f25e6b68d12ca6182161cdc389e0da99a8cff29c47b015f1d07a6633e4cf0,consensus_benchmark_exact_v1,prompt_compiler_v2_split_g_f,1348324211,pending,Q001,"{""Q001"": ""consensus_estimate_co2_warms_planet""}",consensus_exact_step3,c444a6eac0c7b6cd317bc71d70e09e8e9d8b0a57308ceb8b4c11921129cc5ae1
G|LP0005|ConsensusExact|step3|attempt_1,G-094d9e41d2bfdc5d7b030a98c31a7113787ce8b5,G,target,LP0005,Consensus,consensus_exact_step3_estimate,1,google/gemma-4-31B-it,6e87af373c5dfd19d75440229355532015c5912117654c836ea21759f8ebf965,ec9f25e6b68d12ca6182161cdc389e0da99a8cff29c47b015f1d07a6633e4cf0,consensus_benchmark_exact_v1,prompt_compiler_v2_split_g_f,1700468960,pending,Q001,"{""Q001"": ""consensus_estimate_co2_warms_planet""}",consensus_exact_step3,c444a6eac0c7b6cd317bc71d70e09e8e9d8b0a57308ceb8b4c11921129cc5ae1
G|LP0006|ConsensusExact|step3|attempt_1,G-dd256bd429246852c82fdf2fa16a29cf57b01d69,G,target,LP0006,Consensus,consensus_exact_step3_estimate,1,google/gemma-4-31B-it,b986ca7c4c34572cd8ffead125ab73392370d96bbbd9b190b22266fe1a5432df,ec9f25e6b68d12ca6182161cdc389e0da99a8cff29c47b015f1d07a6633e4cf0,consensus_benchmark_exact_v1,prompt_compiler_v2_split_g_f,1668235261,pending,Q001,"{""Q001"": ""consensus_estimate_human_primary_cause""}",consensus_exact_step3,c444a6eac0c7b6cd317bc71d70e09e8e9d8b0a57308ceb8b4c11921129cc5ae1
G|LP0007|ConsensusExact|step3|attempt_1,G-14dfa66c76d4511ec8823f3a44e1bbcd997dd889,G,target,LP0007,Consensus,consensus_exact_step3_estimate,1,google/gemma-4-31B-it,1b37cd423f16d4beeb958be8e66b52caea9f66bbf41871fd1736d906bcc6df38,ec9f25e6b68d12ca6182161cdc389e0da99a8cff29c47b015f1d07a6633e4cf0,consensus_benchmark_exact_v1,prompt_compiler_v2_split_g_f,546545143,pending,Q001,"{""Q001"": ""consensus_estimate_co2_warms_planet""}",consensus_exact_step3,c444a6eac0c7b6cd317bc71d70e09e8e9d8b0a57308ceb8b4c11921129cc5ae1
G|LP0008|ConsensusExact|step3|attempt_1,G-da7c2a55b07428df09eeab90d405856fdd1aee98,G,target,LP0008,Consensus,consensus_exact_step3_estimate,1,google/gemma-4-31B-it,b56e9e4ca8ab34eed578f76d6168fc9a9c939deee4dc3ad9429e4ded372c2ab0,ec9f25e6b68d12ca6182161cdc389e0da99a8cff29c47b015f1d07a6633e4cf0,consensus_benchmark_exact_v1,prompt_compiler_v2_split_g_f,1701608845,pending,Q001,"{""Q001"": ""consensus_estimate_human_primary_cause""}",consensus_exact_step3,c444a6eac0c7b6cd317bc71d70e09e8e9d8b0a57308ceb8b4c11921129cc5ae1
G|LP0009|ConsensusExact|step3|attempt_1,G-000cb6fe87dfddf5dc7bd5d75d798a48626c0f9d,G,target,LP0009,Consensus,consensus_exact_step3_estimate,1,google/gemma-4-31B-it,0e0ac7c6d9f7288edf3c3c206a88a8f7d1cb3daf759c7b37d6657d2540df92bd,ec9f25e6b68d12ca6182161cdc389e0da99a8cff29c47b015f1d07a6633e4cf0,consensus_benchmark_exact_v1,prompt_compiler_v2_split_g_f,133778418,pending,Q001,"{""Q001"": ""consensus_estimate_co2_warms_planet""}",consensus_exact_step3,c444a6eac0c7b6cd317bc71d70e09e8e9d8b0a57308ceb8b4c11921129cc5ae1
G|LP0010|ConsensusExact|step3|attempt_1,G-e461c70bfe81555f9e8a566e75e0f7185c84ddee,G,target,LP0010,Consensus,consensus_exact_step3_estimate,1,google/gemma-4-31B-it,00f16e507048ed95a87e6d870096961f9fb1c6c328584465ccd8df82fddd281e,ec9f25e6b68d12ca6182161cdc389e0da99a8cff29c47b015f1d07a6633e4cf0,consensus_benchmark_exact_v1,prompt_compiler_v2_split_g_f,1195697018,pending,Q001,"{""Q001"": ""consensus_estimate_co2_warms_planet""}",consensus_exact_step3,c444a6eac0c7b6cd317bc71d70e09e8e9d8b0a57308ceb8b4c11921129cc5ae1
G|LP0011|ConsensusExact|step3|attempt_1,G-e1ae67e5810070f9937e3cb2753f8b20ac6a36f3,G,target,LP0011,Consensus,consensus_exact_step3_estimate,1,google/gemma-4-31B-it,1f2914f2dd2f56b76d87df66571d2060cb0373ea4712eb37f066ad133b5df71a,ec9f25e6b68d12ca6182161cdc389e0da99a8cff29c47b015f1d07a6633e4cf0,consensus_benchmark_exact_v1,prompt_compiler_v2_split_g_f,1146962119,pending,Q001,"{""Q001"": ""consensus_estimate_co2_warms_planet""}",consensus_exact_step3,c444a6eac0c7b6cd317bc71d70e09e8e9d8b0a57308ceb8b4c11921129cc5ae1
G|LP0012|ConsensusExact|step3|attempt_1,G-9938f35f97b9ee671d827e2dff3cd873f92a4f0d,G,target,LP0012,Consensus,consensus_exact_step3_estimate,1,google/gemma-4-31B-it,6ce683ba763dfb30522247f22b552bdba77112f7760649ce2aae4ed9dd9d047b,ec9f25e6b68d12ca6182161cdc389e0da99a8cff29c47b015f1d07a6633e4cf0,consensus_benchmark_exact_v1,prompt_compiler_v2_split_g_f,1244386600,pending,Q001,"{""Q001"": ""consensus_estimate_co2_warms_planet""}",consensus_exact_step3,c444a6eac0c7b6cd317bc71d70e09e8e9d8b0a57308ceb8b4c11921129cc5ae1
G|LP0013|ConsensusExact|step3|attempt_1,G-8c1a6beee76e84618191d7e53c1542f9a4cdb409,G,target,LP0013,Consensus,consensus_exact_step3_estimate,1,google/gemma-4-31B-it,d4afbdba8fc7b656bd29f336d196527d061d1ca46d770229e10859ebc9557eae,ec9f25e6b68d12ca6182161cdc389e0da99a8cff29c47b015f1d07a6633e4cf0,consensus_benchmark_exact_v1,prompt_compiler_v2_split_g_f,2141412416,pending,Q001,"{""Q001"": ""consensus_estimate_co2_warms_planet""}",consensus_exact_step3,c444a6eac0c7b6cd317bc71d70e09e8e9d8b0a57308ceb8b4c11921129cc5ae1
G|LP0014|ConsensusExact|step3|attempt_1,G-8e1ddae8e7a00bd1d4d6896e803ccfbbf549092e,G,target,LP0014,Consensus,consensus_exact_step3_estimate,1,google/gemma-4-31B-it,90b19381760c4eb92e2368d11a38a7ca01ba597d2a42ea6bd18d11e2afed994b,ec9f25e6b68d12ca6182161cdc389e0da99a8cff29c47b015f1d07a6633e4cf0,consensus_benchmark_exact_v1,prompt_compiler_v2_split_g_f,64733605,pending,Q001,"{""Q001"": ""consensus_estimate_human_primary_cause""}",consensus_exact_step3,c444a6eac0c7b6cd317bc71d70e09e8e9d8b0a57308ceb8b4c11921129cc5ae1
G|LP0015|ConsensusExact|step3|attempt_1,G-98f896b4890c22cbb22ce7a29a38d80ab4f28310,G,target,LP0015,Consensus,consensus_exact_step3_estimate,1,google/gemma-4-31B-it,14c4b33312afc090bb9083e9aef4cc809cd0d01f7963a0e0f12d882f7ba76eca,ec9f25e6b68d12ca6182161cdc389e0da99a8cff29c47b015f1d07a6633e4cf0,consensus_benchmark_exact_v1,prompt_compiler_v2_split_g_f,989679670,pending,Q001,"{""Q001"": ""consensus_estimate_co2_warms_planet""}",consensus_exact_step3,c444a6eac0c7b6cd317bc71d70e09e8e9d8b0a57308ceb8b4c11921129cc5ae1
G|LP0016|ConsensusExact|step3|attempt_1,G-bcc91463bf868e0920644659f262dd6bd71b5db7,G,target,LP0016,Consensus,consensus_exact_step3_estimate,1,google/gemma-4-31B-it,a379569c9fa9092651401f7087381186e6cb86281c115670966b82c35229face,ec9f25e6b68d12ca6182161cdc389e0da99a8cff29c47b015f1d07a6633e4cf0,consensus_benchmark_exact_v1,prompt_compiler_v2_split_g_f,957920979,pending,Q001,"{""Q001"": ""consensus_estimate_human_primary_cause""}",consensus_exact_step3,c444a6eac0c7b6cd317bc71d70e09e8e9d8b0a57308ceb8b4c11921129cc5ae1
G|LP0017|ConsensusExact|step3|attempt_1,G-89d53893cc50eb6f77288e4cf9aa3385a584b7b8,G,target,LP0017,Consensus,consensus_exact_step3_estimate,1,google/gemma-4-31B-it,1b5405c0da59003507ab437da8a289780eba8056a9afbb99105cc9e90b52e418,ec9f25e6b68d12ca6182161cdc389e0da99a8cff29c47b015f1d07a6633e4cf0,consensus_benchmark_exact_v1,prompt_compiler_v2_split_g_f,1610308760,pending,Q001,"{""Q001"": ""consensus_estimate_human_primary_cause""}",consensus_exact_step3,c444a6eac0c7b6cd317bc71d70e09e8e9d8b0a57308ceb8b4c11921129cc5ae1
G|LP0018|ConsensusExact|step3|attempt_1,G-7a921bb2dbb5f0b73f73a22a860718c40848b646,G,target,LP0018,Consensus,consensus_exact_step3_estimate,1,google/gemma-4-31B-it,54feb706b1aafb760be6619037aac8c04378bbe06d145f844bf19927c13d2911,ec9f25e6b68d12ca6182161cdc389e0da99a8cff29c47b015f1d07a6633e4cf0,consensus_benchmark_exact_v1,prompt_compiler_v2_split_g_f,1356474398,pending,Q001,"{""Q001"": ""consensus_estimate_human_primary_cause""}",consensus_exact_step3,c444a6eac0c7b6cd317bc71d70e09e8e9d8b0a57308ceb8b4c11921129cc5ae1
G|LP0019|ConsensusExact|step3|attempt_1,G-3a7de9f311890c154289b337593c7e56a0d3964c,G,target,LP0019,Consensus,consensus_exact_step3_estimate,1,google/gemma-4-31B-it,0756f34dff32fbdeb67d0ef4db6a1669887e3eb27f67d2ecd29e23acc2632039,ec9f25e6b68d12ca6182161cdc389e0da99a8cff29c47b015f1d07a6633e4cf0,consensus_benchmark_exact_v1,prompt_compiler_v2_split_g_f,109371388,pending,Q001,"{""Q001"": ""consensus_estimate_co2_warms_planet""}",consensus_exact_step3,c444a6eac0c7b6cd317bc71d70e09e8e9d8b0a57308ceb8b4c11921129cc5ae1
G|LP0020|ConsensusExact|step3|attempt_1,G-15f0a7dfd2c167d0542a1d959d9dff249fdc9a3c,G,target,LP0020,Consensus,consensus_exact_step3_estimate,1,google/gemma-4-31B-it,d0782d97015dbd8d03253255e1df579afb2947c41142d9c372489873fda11307,ec9f25e6b68d12ca6182161cdc389e0da99a8cff29c47b015f1d07a6633e4cf0,consensus_benchmark_exact_v1,prompt_compiler_v2_split_g_f,2124593039,pending,Q001,"{""Q001"": ""consensus_estimate_human_primary_cause""}",consensus_exact_step3,c444a6eac0c7b6cd317bc71d70e09e8e9d8b0a57308ceb8b4c11921129cc5ae1
G|LP0021|ConsensusExact|step3|attempt_1,G-51e7fea194c284671aa483fdcbf30fd42bb957d0,G,target,LP0021,Consensus,consensus_exact_step3_estimate,1,google/gemma-4-31B-it,3946339a864f1886e6144ca0c6cd646d475dac1544e97e16e192cae2d826b883,ec9f25e6b68d12ca6182161cdc389e0da99a8cff29c47b015f1d07a6633e4cf0,consensus_benchmark_exact_v1,prompt_compiler_v2_split_g_f,949125547,pending,Q001,"{""Q001"": ""consensus_estimate_human_primary_cause""}",consensus_exact_step3,c444a6eac0c7b6cd317bc71d70e09e8e9d8b0a57308ceb8b4c11921129cc5ae1
G|LP0022|ConsensusExact|step3|attempt_1,G-db248940e21db81f6cd590c2007d358c76c6c95e,G,target,LP0022,Consensus,consensus_exact_step3_estimate,1,google/gemma-4-31B-it,efb57034be4251bdd2fb83da9da06119b1165641dc7b231b7d55210507ae002a,ec9f25e6b68d12ca6182161cdc389e0da99a8cff29c47b015f1d07a6633e4cf0,consensus_benchmark_exact_v1,prompt_compiler_v2_split_g_f,409389732,pending,Q001,"{""Q001"": ""consensus_estimate_human_primary_cause""}",consensus_exact_step3,c444a6eac0c7b6cd317bc71d70e09e8e9d8b0a57308ceb8b4c11921129cc5ae1
G|LP0023|ConsensusExact|step3|attempt_1,G-c214028d444dd175c393971ea0c19286d0b6008f,G,target,LP0023,Consensus,consensus_exact_step3_estimate,1,google/gemma-4-31B-it,a76265c50efa2d8ba86ca7b09a1006ef0328ba910f84a0fc1a3ac1d679143c8e,ec9f25e6b68d12ca6182161cdc389e0da99a8cff29c47b015f1d07a6633e4cf0,consensus_benchmark_exact_v1,prompt_compiler_v2_split_g_f,1215682194,pending,Q001,"{""Q001"": ""consensus_estimate_human_primary_cause""}",consensus_exact_step3,c444a6eac0c7b6cd317bc71d70e09e8e9d8b0a57308ceb8b4c11921129cc5ae1
G|LP0024|ConsensusExact|step3|attempt_1,G-82816951e93690d4cec22ec307c80bd210ac0750,G,target,LP0024,Consensus,consensus_exact_step3_estimate,1,google/gemma-4-31B-it,5bdc850e1d0cdf4aabb3e0fe63100bb0dbed2d730665400f300fa1307efa0c93,ec9f25e6b68d12ca6182161cdc389e0da99a8cff29c47b015f1d07a6633e4cf0,consensus_benchmark_exact_v1,prompt_compiler_v2_split_g_f,1849254777,pending,Q001,"{""Q001"": ""consensus_estimate_co2_warms_planet""}",consensus_exact_step3,c444a6eac0c7b6cd317bc71d70e09e8e9d8b0a57308ceb8b4c11921129cc5ae1
G|LP0025|ConsensusExact|step3|attempt_1,G-dc4b22a4cb48540672e62a5b310b36748141c977,G,target,LP0025,Consensus,consensus_exact_step3_estimate,1,google/gemma-4-31B-it,efc033d620ac8f39d0a3ae083b9e6e1330b09f4b51a391d7d221be9bba6b662e,ec9f25e6b68d12ca6182161cdc389e0da99a8cff29c47b015f1d07a6633e4cf0,consensus_benchmark_exact_v1,prompt_compiler_v2_split_g_f,64919891,pending,Q001,"{""Q001"": ""consensus_estimate_human_primary_cause""}",consensus_exact_step3,c444a6eac0c7b6cd317bc71d70e09e8e9d8b0a57308ceb8b4c11921129cc5ae1
G|LP0026|ConsensusExact|step3|attempt_1,G-a7f2613d2e0c16e08cbb4121f8366b95815c5c28,G,target,LP0026,Consensus,consensus_exact_step3_estimate,1,google/gemma-4-31B-it,29a2e641ba14002b1350f242ea9bcd82ab385613092222dcd8273b5f2baaf810,ec9f25e6b68d12ca6182161cdc389e0da99a8cff29c47b015f1d07a6633e4cf0,consensus_benchmark_exact_v1,prompt_compiler_v2_split_g_f,2112936284,pending,Q001,"{""Q001"": ""consensus_estimate_human_primary_cause""}",consensus_exact_step3,c444a6eac0c7b6cd317bc71d70e09e8e9d8b0a57308ceb8b4c11921129cc5ae1
G|LP0027|ConsensusExact|step3|attempt_1,G-5f0e7f4e4a930335e9d36ad1a6b4d4a1826c699e,G,target,LP0027,Consensus,consensus_exact_step3_estimate,1,google/gemma-4-31B-it,28104b906ce4ec20b410dcda29c4d1968b1caf17d87bba5fddf7315f0101f628,ec9f25e6b68d12ca6182161cdc389e0da99a8cff29c47b015f1d07a6633e4cf0,consensus_benchmark_exact_v1,prompt_compiler_v2_split_g_f,145752531,pending,Q001,"{""Q001"": ""consensus_estimate_co2_warms_planet""}",consensus_exact_step3,c444a6eac0c7b6cd317bc71d70e09e8e9d8b0a57308ceb8b4c11921129cc5ae1
G|LP0028|ConsensusExact|step3|attempt_1,G-680449220e2228e9052b1a3b72308c55e3fa9c8c,G,target,LP0028,Consensus,consensus_exact_step3_estimate,1,google/gemma-4-31B-it,53dc2892ca59a932d69a85a2dd8037b69123d0dba4ecca2065d6b0e5d7eb48e6,ec9f25e6b68d12ca6182161cdc389e0da99a8cff29c47b015f1d07a6633e4cf0,consensus_benchmark_exact_v1,prompt_compiler_v2_split_g_f,1579858734,pending,Q001,"{""Q001"": ""consensus_estimate_human_primary_cause""}",consensus_exact_step3,c444a6eac0c7b6cd317bc71d70e09e8e9d8b0a57308ceb8b4c11921129cc5ae1
G|LP0029|ConsensusExact|step3|attempt_1,G-38dd7e559139ce877a0be6948851f5604137dbdb,G,target,LP0029,Consensus,consensus_exact_step3_estimate,1,google/gemma-4-31B-it,a9cf8447b619299013e7b876d2903ec9e690253a79b68dbd5f24bb2572b875ea,ec9f25e6b68d12ca6182161cdc389e0da99a8cff29c47b015f1d07a6633e4cf0,consensus_benchmark_exact_v1,prompt_compiler_v2_split_g_f,49597235,pending,Q001,"{""Q001"": ""consensus_estimate_co2_warms_planet""}",consensus_exact_step3,c444a6eac0c7b6cd317bc71d70e09e8e9d8b0a57308ceb8b4c11921129cc5ae1
G|LP0030|ConsensusExact|step3|attempt_1,G-5a439b20396c5a0eecde9c5e29dc1bd8b6dd05a4,G,target,LP0030,Consensus,consensus_exact_step3_estimate,1,google/gemma-4-31B-it,e27636cb41cfb82ce5d014031673874a9081af80899a8a4c70e7d48a77b494b1,ec9f25e6b68d12ca6182161cdc389e0da99a8cff29c47b015f1d07a6633e4cf0,consensus_benchmark_exact_v1,prompt_compiler_v2_split_g_f,1844678735,pending,Q001,"{""Q001"": ""consensus_estimate_human_primary_cause""}",consensus_exact_step3,c444a6eac0c7b6cd317bc71d70e09e8e9d8b0a57308ceb8b4c11921129cc5ae1
G|LP0031|ConsensusExact|step3|attempt_1,G-1718258b13cd99e0609fd434256b81e7bc8a54ae,G,target,LP0031,Consensus,consensus_exact_step3_estimate,1,google/gemma-4-31B-it,b9113d11b4916425bfa2de9e49bd577295a7c3163470d8c144c58195e998d7f0,ec9f25e6b68d12ca6182161cdc389e0da99a8cff29c47b015f1d07a6633e4cf0,consensus_benchmark_exact_v1,prompt_compiler_v2_split_g_f,1107158262,pending,Q001,"{""Q001"": ""consensus_estimate_co2_warms_planet""}",consensus_exact_step3,c444a6eac0c7b6cd317bc71d70e09e8e9d8b0a57308ceb8b4c11921129cc5ae1
G|LP0032|ConsensusExact|step3|attempt_1,G-3c7cda8b1377a43e5ea0a630c30c68cb12cd3466,G,target,LP0032,Consensus,consensus_exact_step3_estimate,1,google/gemma-4-31B-it,01276410e7c962b3abe542055d3251b85707339ac64474a75fe57b083249f8e3,ec9f25e6b68d12ca6182161cdc389e0da99a8cff29c47b015f1d07a6633e4cf0,consensus_benchmark_exact_v1,prompt_compiler_v2_split_g_f,208755029,pending,Q001,"{""Q001"": ""consensus_estimate_human_primary_cause""}",consensus_exact_step3,c444a6eac0c7b6cd317bc71d70e09e8e9d8b0a57308ceb8b4c11921129cc5ae1
G|LP0033|ConsensusExact|step3|attempt_1,G-05b381b118e27bd36f00b444b8f6de4c3c5a1333,G,target,LP0033,Consensus,consensus_exact_step3_estimate,1,google/gemma-4-31B-it,c9aa5cdcacacbbd6a5d763db60c32349c670876791aee86b15542ee78aac28a6,ec9f25e6b68d12ca6182161cdc389e0da99a8cff29c47b015f1d07a6633e4cf0,consensus_benchmark_exact_v1,prompt_compiler_v2_split_g_f,608796469,pending,Q001,"{""Q001"": ""consensus_estimate_co2_warms_planet""}",consensus_exact_step3,c444a6eac0c7b6cd317bc71d70e09e8e9d8b0a57308ceb8b4c11921129cc5ae1
G|LP0034|ConsensusExact|step3|attempt_1,G-433448cab3b395ac4f802759166dbc88db0e4be2,G,target,LP0034,Consensus,consensus_exact_step3_estimate,1,google/gemma-4-31B-it,52fac8777de3b0db1a1ec2b12fbf32c998bc22789b08e6725849c173d9e0c8ba,ec9f25e6b68d12ca6182161cdc389e0da99a8cff29c47b015f1d07a6633e4cf0,consensus_benchmark_exact_v1,prompt_compiler_v2_split_g_f,974923586,pending,Q001,"{""Q001"": ""consensus_estimate_human_primary_cause""}",consensus_exact_step3,c444a6eac0c7b6cd317bc71d70e09e8e9d8b0a57308ceb8b4c11921129cc5ae1
G|LP0035|ConsensusExact|step3|attempt_1,G-2d096f3d530f2a5743412711d3f7e21486aa0309,G,target,LP0035,Consensus,consensus_exact_step3_estimate,1,google/gemma-4-31B-it,48b08bb5e8b1efc4f739b374db417dcb156e1d4cf92fd55dc998835604f78485,ec9f25e6b68d12ca6182161cdc389e0da99a8cff29c47b015f1d07a6633e4cf0,consensus_benchmark_exact_v1,prompt_compiler_v2_split_g_f,757205202,pending,Q001,"{""Q001"": ""consensus_estimate_co2_warms_planet""}",consensus_exact_step3,c444a6eac0c7b6cd317bc71d70e09e8e9d8b0a57308ceb8b4c11921129cc5ae1
G|LP0036|ConsensusExact|step3|attempt_1,G-653fe6bc0a89bc9f84a5029703e3f6c308edb495,G,target,LP0036,Consensus,consensus_exact_step3_estimate,1,google/gemma-4-31B-it,11470135bbe10c82effb5498d7442934aa6d1493acd6fcac56f7679891b57ad0,ec9f25e6b68d12ca6182161cdc389e0da99a8cff29c47b015f1d07a6633e4cf0,consensus_benchmark_exact_v1,prompt_compiler_v2_split_g_f,1426688536,pending,Q001,"{""Q001"": ""consensus_estimate_co2_warms_planet""}",consensus_exact_step3,c444a6eac0c7b6cd317bc71d70e09e8e9d8b0a57308ceb8b4c11921129cc5ae1
G|LP0037|ConsensusExact|step3|attempt_1,G-af1aeb58573648c3c9484b5c5b3b1177d15e0b08,G,target,LP0037,Consensus,consensus_exact_step3_estimate,1,google/gemma-4-31B-it,e96268664f3eaf98302e42e2b09be433aa9b818a435d8733cc6f86520957befc,ec9f25e6b68d12ca6182161cdc389e0da99a8cff29c47b015f1d07a6633e4cf0,consensus_benchmark_exact_v1,prompt_compiler_v2_split_g_f,896278390,pending,Q001,"{""Q001"": ""consensus_estimate_human_primary_cause""}",consensus_exact_step3,c444a6eac0c7b6cd317bc71d70e09e8e9d8b0a57308ceb8b4c11921129cc5ae1
G|LP0038|ConsensusExact|step3|attempt_1,G-4d63347f2bee1fd1ddd8697e3ade048a22191e82,G,target,LP0038,Consensus,consensus_exact_step3_estimate,1,google/gemma-4-31B-it,0bc6a490d95235ae1b419529362d56b7719795c6e0de9668045386c1700f254a,ec9f25e6b68d12ca6182161cdc389e0da99a8cff29c47b015f1d07a6633e4cf0,consensus_benchmark_exact_v1,prompt_compiler_v2_split_g_f,1186236624,pending,Q001,"{""Q001"": ""consensus_estimate_human_primary_cause""}",consensus_exact_step3,c444a6eac0c7b6cd317bc71d70e09e8e9d8b0a57308ceb8b4c11921129cc5ae1
G|LP0039|ConsensusExact|step3|attempt_1,G-f7578838d0f41f044447929c9c16a50e5ab57740,G,target,LP0039,Consensus,consensus_exact_step3_estimate,1,google/gemma-4-31B-it,95974b31cfefdebb76bf6298796734dc22b09125a0d205a038d9acda3c6731ea,ec9f25e6b68d12ca6182161cdc389e0da99a8cff29c47b015f1d07a6633e4cf0,consensus_benchmark_exact_v1,prompt_compiler_v2_split_g_f,1067659129,pending,Q001,"{""Q001"": ""consensus_estimate_co2_warms_planet""}",consensus_exact_step3,c444a6eac0c7b6cd317bc71d70e09e8e9d8b0a57308ceb8b4c11921129cc5ae1
G|LP0040|ConsensusExact|step3|attempt_1,G-6556d281060244d01900c0bc6a8af03acefb3544,G,target,LP0040,Consensus,consensus_exact_step3_estimate,1,google/gemma-4-31B-it,d60a2252373dcbde052b38ede0241792968ec3426f441028624606dfee964491,ec9f25e6b68d12ca6182161cdc389e0da99a8cff29c47b015f1d07a6633e4cf0,consensus_benchmark_exact_v1,prompt_compiler_v2_split_g_f,1353705939,pending,Q001,"{""Q001"": ""consensus_estimate_co2_warms_planet""}",consensus_exact_step3,c444a6eac0c7b6cd317bc71d70e09e8e9d8b0a57308ceb8b4c11921129cc5ae1
G|LP0041|ConsensusExact|step3|attempt_1,G-c090fa181dc451681b3bdf773f40d6702189de4a,G,target,LP0041,Consensus,consensus_exact_step3_estimate,1,google/gemma-4-31B-it,2f964c81fbe1c37d3b326607853edd6545ebb6e60efc5572bb8ea7e9b706cff8,ec9f25e6b68d12ca6182161cdc389e0da99a8cff29c47b015f1d07a6633e4cf0,consensus_benchmark_exact_v1,prompt_compiler_v2_split_g_f,518407579,pending,Q001,"{""Q001"": ""consensus_estimate_co2_warms_planet""}",consensus_exact_step3,c444a6eac0c7b6cd317bc71d70e09e8e9d8b0a57308ceb8b4c11921129cc5ae1
G|LP0042|ConsensusExact|step3|attempt_1,G-10ebdb637163d0db12523c03091ba129462fe73c,G,target,LP0042,Consensus,consensus_exact_step3_estimate,1,google/gemma-4-31B-it,0eaf878e8a800b1ea7ab168ceda28903474aaaf3137c695e80bbfedc13f24817,ec9f25e6b68d12ca6182161cdc389e0da99a8cff29c47b015f1d07a6633e4cf0,consensus_benchmark_exact_v1,prompt_compiler_v2_split_g_f,322668450,pending,Q001,"{""Q001"": ""consensus_estimate_co2_warms_planet""}",consensus_exact_step3,c444a6eac0c7b6cd317bc71d70e09e8e9d8b0a57308ceb8b4c11921129cc5ae1
G|LP0043|ConsensusExact|step3|attempt_1,G-5bb0bd50ab4e7ef76e432bffdcf7b1a521c6cb91,G,target,LP0043,Consensus,consensus_exact_step3_estimate,1,google/gemma-4-31B-it,1b2a319e6c779200fea3ecd869c8286df4754dd11181225372663c87cf91023e,ec9f25e6b68d12ca6182161cdc389e0da99a8cff29c47b015f1d07a6633e4cf0,consensus_benchmark_exact_v1,prompt_compiler_v2_split_g_f,1655699865,pending,Q001,"{""Q001"": ""consensus_estimate_human_primary_cause""}",consensus_exact_step3,c444a6eac0c7b6cd317bc71d70e09e8e9d8b0a57308ceb8b4c11921129cc5ae1
G|LP0044|ConsensusExact|step3|attempt_1,G-c4c95117e543b5dd04e2682ce8b15a8461b6dcd7,G,target,LP0044,Consensus,consensus_exact_step3_estimate,1,google/gemma-4-31B-it,d97dfcf11e2ca8dabfb4c1ed79fb4b5fc221527dd7156188dcfa3ef188326a90,ec9f25e6b68d12ca6182161cdc389e0da99a8cff29c47b015f1d07a6633e4cf0,consensus_benchmark_exact_v1,prompt_compiler_v2_split_g_f,1859541007,pending,Q001,"{""Q001"": ""consensus_estimate_co2_warms_planet""}",consensus_exact_step3,c444a6eac0c7b6cd317bc71d70e09e8e9d8b0a57308ceb8b4c11921129cc5ae1
G|LP0045|ConsensusExact|step3|attempt_1,G-dd6a9f660b0794d50eeb60343dd1acdc4407c2ff,G,target,LP0045,Consensus,consensus_exact_step3_estimate,1,google/gemma-4-31B-it,9123074b008170fff2a7cdf84a563b18a151c34012500f437d99aa9ebd51a8b3,ec9f25e6b68d12ca6182161cdc389e0da99a8cff29c47b015f1d07a6633e4cf0,consensus_benchmark_exact_v1,prompt_compiler_v2_split_g_f,1172100004,pending,Q001,"{""Q001"": ""consensus_estimate_human_primary_cause""}",consensus_exact_step3,c444a6eac0c7b6cd317bc71d70e09e8e9d8b0a57308ceb8b4c11921129cc5ae1
G|LP0046|ConsensusExact|step3|attempt_1,G-18bcb762dc323871099d0a91d17712f3b51ee469,G,target,LP0046,Consensus,consensus_exact_step3_estimate,1,google/gemma-4-31B-it,9bb34e06f2196549350c112d1aaab8aa6ec152d89e2103ec6c724ed714b8092c,ec9f25e6b68d12ca6182161cdc389e0da99a8cff29c47b015f1d07a6633e4cf0,consensus_benchmark_exact_v1,prompt_compiler_v2_split_g_f,229353271,pending,Q001,"{""Q001"": ""consensus_estimate_co2_warms_planet""}",consensus_exact_step3,c444a6eac0c7b6cd317bc71d70e09e8e9d8b0a57308ceb8b4c11921129cc5ae1
G|LP0047|ConsensusExact|step3|attempt_1,G-bee546667e642e36a4af525414615552609eb70f,G,target,LP0047,Consensus,consensus_exact_step3_estimate,1,google/gemma-4-31B-it,72a8bb412d343c27a214ff3bff152938ec6ceaf5dd749799afd9c5393727e43c,ec9f25e6b68d12ca6182161cdc389e0da99a8cff29c47b015f1d07a6633e4cf0,consensus_benchmark_exact_v1,prompt_compiler_v2_split_g_f,2083437317,pending,Q001,"{""Q001"": ""consensus_estimate_co2_warms_planet""}",consensus_exact_step3,c444a6eac0c7b6cd317bc71d70e09e8e9d8b0a57308ceb8b4c11921129cc5ae1
G|LP0048|ConsensusExact|step3|attempt_1,G-46d5f78c91da69652da917088ddec2758730b2f4,G,target,LP0048,Consensus,consensus_exact_step3_estimate,1,google/gemma-4-31B-it,533976981cfff80a49e7e91c577b2c48f4dfe4b8f10b59378e2565817f6d586c,ec9f25e6b68d12ca6182161cdc389e0da99a8cff29c47b015f1d07a6633e4cf0,consensus_benchmark_exact_v1,prompt_compiler_v2_split_g_f,528898175,pending,Q001,"{""Q001"": ""consensus_estimate_co2_warms_planet""}",consensus_exact_step3,c444a6eac0c7b6cd317bc71d70e09e8e9d8b0a57308ceb8b4c11921129cc5ae1
G|LP0049|ConsensusExact|step3|attempt_1,G-1410522731577be1cc305dffa039a8c468d4559e,G,target,LP0049,Consensus,consensus_exact_step3_estimate,1,google/gemma-4-31B-it,74a44b529c3e37a4726b64f750e6f39570eeef1dfcb76783353f735224eb201f,ec9f25e6b68d12ca6182161cdc389e0da99a8cff29c47b015f1d07a6633e4cf0,consensus_benchmark_exact_v1,prompt_compiler_v2_split_g_f,1501044783,pending,Q001,"{""Q001"": ""consensus_estimate_co2_warms_planet""}",consensus_exact_step3,c444a6eac0c7b6cd317bc71d70e09e8e9d8b0a57308ceb8b4c11921129cc5ae1
G|LP0050|ConsensusExact|step3|attempt_1,G-bd164989cc82a8120c7a0a7cba95b2b3d84bf74d,G,target,LP0050,Consensus,consensus_exact_step3_estimate,1,google/gemma-4-31B-it,3d60a2100b0311d3541fe2f984fdebc04059e7371aa3cb5a12f68cd40a21b8e9,ec9f25e6b68d12ca6182161cdc389e0da99a8cff29c47b015f1d07a6633e4cf0,consensus_benchmark_exact_v1,prompt_compiler_v2_split_g_f,1185889064,pending,Q001,"{""Q001"": ""consensus_estimate_human_primary_cause""}",consensus_exact_step3,c444a6eac0c7b6cd317bc71d70e09e8e9d8b0a57308ceb8b4c11921129cc5ae1
G|LP0051|ConsensusExact|step3|attempt_1,G-432153f7c5222641cb335722e93b89d3394135a1,G,target,LP0051,Consensus,consensus_exact_step3_estimate,1,google/gemma-4-31B-it,62b71f01dbdccfd7e8db2eabe6835982d827d0033f13ade5389c912aed4cfa94,ec9f25e6b68d12ca6182161cdc389e0da99a8cff29c47b015f1d07a6633e4cf0,consensus_benchmark_exact_v1,prompt_compiler_v2_split_g_f,1264897585,pending,Q001,"{""Q001"": ""consensus_estimate_human_primary_cause""}",consensus_exact_step3,c444a6eac0c7b6cd317bc71d70e09e8e9d8b0a57308ceb8b4c11921129cc5ae1
G|LP0052|ConsensusExact|step3|attempt_1,G-0778699bb93d2965cdc2c3628c744cfdbeb9de5a,G,target,LP0052,Consensus,consensus_exact_step3_estimate,1,google/gemma-4-31B-it,2f152ccd4b2edece63785a6c66ab78ef494b4484d56f26b895b90b008d4ed805,ec9f25e6b68d12ca6182161cdc389e0da99a8cff29c47b015f1d07a6633e4cf0,consensus_benchmark_exact_v1,prompt_compiler_v2_split_g_f,1210973340,pending,Q001,"{""Q001"": ""consensus_estimate_co2_warms_planet""}",consensus_exact_step3,c444a6eac0c7b6cd317bc71d70e09e8e9d8b0a57308ceb8b4c11921129cc5ae1
G|LP0053|ConsensusExact|step3|attempt_1,G-a642ddd494d7b6d2a3cf1ceff596133f50f03006,G,target,LP0053,Consensus,consensus_exact_step3_estimate,1,google/gemma-4-31B-it,192dbead79352cddd3db6aef7c002130999d25ef0ce30d8ee21d8a6e01dfd381,ec9f25e6b68d12ca6182161cdc389e0da99a8cff29c47b015f1d07a6633e4cf0,consensus_benchmark_exact_v1,prompt_compiler_v2_split_g_f,1633514109,pending,Q001,"{""Q001"": ""consensus_estimate_co2_warms_planet""}",consensus_exact_step3,c444a6eac0c7b6cd317bc71d70e09e8e9d8b0a57308ceb8b4c11921129cc5ae1
G|LP0054|ConsensusExact|step3|attempt_1,G-06cc3ae23d936301739d85faf7f4c58b0c6687a9,G,target,LP0054,Consensus,consensus_exact_step3_estimate,1,google/gemma-4-31B-it,4f5eb3fedfbcafdeb34405d652c97b5fd6e38a3a52a1c998a9cd612b4ca89c99,ec9f25e6b68d12ca6182161cdc389e0da99a8cff29c47b015f1d07a6633e4cf0,consensus_benchmark_exact_v1,prompt_compiler_v2_split_g_f,1261164741,pending,Q001,"{""Q001"": ""consensus_estimate_human_primary_cause""}",consensus_exact_step3,c444a6eac0c7b6cd317bc71d70e09e8e9d8b0a57308ceb8b4c11921129cc5ae1
G|LP0055|ConsensusExact|step3|attempt_1,G-1b7f75b76493af6de3143a6892bf7eea50623051,G,target,LP0055,Consensus,consensus_exact_step3_estimate,1,google/gemma-4-31B-it,50cef7855a58aab2e04ee5dae6eb2614ca94aa98e3f0dec822b04e0e5df501f3,ec9f25e6b68d12ca6182161cdc389e0da99a8cff29c47b015f1d07a6633e4cf0,consensus_benchmark_exact_v1,prompt_compiler_v2_split_g_f,462592732,pending,Q001,"{""Q001"": ""consensus_estimate_co2_warms_planet""}",consensus_exact_step3,c444a6eac0c7b6cd317bc71d70e09e8e9d8b0a57308ceb8b4c11921129cc5ae1
G|LP0056|ConsensusExact|step3|attempt_1,G-989530f8786263262573f524af8709d05b957461,G,target,LP0056,Consensus,consensus_exact_step3_estimate,1,google/gemma-4-31B-it,d9b78ab38796c92da53dbdf6a2e9d2693e122ba0e812d537b8224f0b0e113fcd,ec9f25e6b68d12ca6182161cdc389e0da99a8cff29c47b015f1d07a6633e4cf0,consensus_benchmark_exact_v1,prompt_compiler_v2_split_g_f,697091353,pending,Q001,"{""Q001"": ""consensus_estimate_human_primary_cause""}",consensus_exact_step3,c444a6eac0c7b6cd317bc71d70e09e8e9d8b0a57308ceb8b4c11921129cc5ae1
G|LP0057|ConsensusExact|step3|attempt_1,G-2778001a686247913c2d6c4b2430ece830a9901a,G,target,LP0057,Consensus,consensus_exact_step3_estimate,1,google/gemma-4-31B-it,0bbd5313739df0c10e3c9607046590cfe6a942e2c4f0dd982edfc03b8069606a,ec9f25e6b68d12ca6182161cdc389e0da99a8cff29c47b015f1d07a6633e4cf0,consensus_benchmark_exact_v1,prompt_compiler_v2_split_g_f,928139206,pending,Q001,"{""Q001"": ""consensus_estimate_human_primary_cause""}",consensus_exact_step3,c444a6eac0c7b6cd317bc71d70e09e8e9d8b0a57308ceb8b4c11921129cc5ae1
G|LP0058|ConsensusExact|step3|attempt_1,G-62ffb48a05188f0e94c34e7f3f21b0d26594b017,G,target,LP0058,Consensus,consensus_exact_step3_estimate,1,google/gemma-4-31B-it,314cec4d3b2b9a0076b1b87393998a42ce09f43cca2cba9394f0e8284bdbad17,ec9f25e6b68d12ca6182161cdc389e0da99a8cff29c47b015f1d07a6633e4cf0,consensus_benchmark_exact_v1,prompt_compiler_v2_split_g_f,1259862051,pending,Q001,"{""Q001"": ""consensus_estimate_co2_warms_planet""}",consensus_exact_step3,c444a6eac0c7b6cd317bc71d70e09e8e9d8b0a57308ceb8b4c11921129cc5ae1
G|LP0059|ConsensusExact|step3|attempt_1,G-91e71dc0635d8079cce33c7ed85f19c3dde479cb,G,target,LP0059,Consensus,consensus_exact_step3_estimate,1,google/gemma-4-31B-it,46a263a93edc524de6820c06c187724111984224bcb0ec7be55f821de6387daf,ec9f25e6b68d12ca6182161cdc389e0da99a8cff29c47b015f1d07a6633e4cf0,consensus_benchmark_exact_v1,prompt_compiler_v2_split_g_f,120306684,pending,Q001,"{""Q001"": ""consensus_estimate_human_primary_cause""}",consensus_exact_step3,c444a6eac0c7b6cd317bc71d70e09e8e9d8b0a57308ceb8b4c11921129cc5ae1
G|LP0060|ConsensusExact|step3|attempt_1,G-264b8e69bf74c9d98bea46f161e4405e402b20b4,G,target,LP0060,Consensus,consensus_exact_step3_estimate,1,google/gemma-4-31B-it,75f10195e84320b19df878f237d048023d8ef052530cd6e4026ee8535f1ca7bd,ec9f25e6b68d12ca6182161cdc389e0da99a8cff29c47b015f1d07a6633e4cf0,consensus_benchmark_exact_v1,prompt_compiler_v2_split_g_f,202106541,pending,Q001,"{""Q001"": ""consensus_estimate_human_primary_cause""}",consensus_exact_step3,c444a6eac0c7b6cd317bc71d70e09e8e9d8b0a57308ceb8b4c11921129cc5ae1
G|LP0061|ConsensusExact|step3|attempt_1,G-ff0059e5a787fec21c5913eb5715680236ce83da,G,target,LP0061,Consensus,consensus_exact_step3_estimate,1,google/gemma-4-31B-it,b16d69a51f4d7c322aed1670576669ddd006251ea81cac128be98fa8c171cbf9,ec9f25e6b68d12ca6182161cdc389e0da99a8cff29c47b015f1d07a6633e4cf0,consensus_benchmark_exact_v1,prompt_compiler_v2_split_g_f,629715601,pending,Q001,"{""Q001"": ""consensus_estimate_co2_warms_planet""}",consensus_exact_step3,c444a6eac0c7b6cd317bc71d70e09e8e9d8b0a57308ceb8b4c11921129cc5ae1
G|LP0062|ConsensusExact|step3|attempt_1,G-49a715f667a1e9c68e99c5d9a9535986be78a397,G,target,LP0062,Consensus,consensus_exact_step3_estimate,1,google/gemma-4-31B-it,13adbd2d77a40fd11123d0772516da3c0665752dabb90d72a9758f0125c93cf9,ec9f25e6b68d12ca6182161cdc389e0da99a8cff29c47b015f1d07a6633e4cf0,consensus_benchmark_exact_v1,prompt_compiler_v2_split_g_f,2062554547,pending,Q001,"{""Q001"": ""consensus_estimate_co2_warms_planet""}",consensus_exact_step3,c444a6eac0c7b6cd317bc71d70e09e8e9d8b0a57308ceb8b4c11921129cc5ae1
G|LP0063|ConsensusExact|step3|attempt_1,G-d007712ff29ee996825e9690b365f4f8ed166a9b,G,target,LP0063,Consensus,consensus_exact_step3_estimate,1,google/gemma-4-31B-it,8b29bea243c94005b2b0577d2d7a511b68e9862ea892b303c34a29c2320a1e5a,ec9f25e6b68d12ca6182161cdc389e0da99a8cff29c47b015f1d07a6633e4cf0,consensus_benchmark_exact_v1,prompt_compiler_v2_split_g_f,313379833,pending,Q001,"{""Q001"": ""consensus_estimate_human_primary_cause""}",consensus_exact_step3,c444a6eac0c7b6cd317bc71d70e09e8e9d8b0a57308ceb8b4c11921129cc5ae1
G|LP0064|ConsensusExact|step3|attempt_1,G-232626d8f2c988d4cefc52761ccc91d097b9184e,G,target,LP0064,Consensus,consensus_exact_step3_estimate,1,google/gemma-4-31B-it,ac1324d8b31990c2bf72dbfa8aace234f612651e126bede62e8852c72bcaa437,ec9f25e6b68d12ca6182161cdc389e0da99a8cff29c47b015f1d07a6633e4cf0,consensus_benchmark_exact_v1,prompt_compiler_v2_split_g_f,957732486,pending,Q001,"{""Q001"": ""consensus_estimate_co2_warms_planet""}",consensus_exact_step3,c444a6eac0c7b6cd317bc71d70e09e8e9d8b0a57308ceb8b4c11921129cc5ae1
G|LP0065|ConsensusExact|step3|attempt_1,G-70f5cdca8a4ab6ecab8b242ffe7d74ba60908263,G,target,LP0065,Consensus,consensus_exact_step3_estimate,1,google/gemma-4-31B-it,66a82b6604a17f86558d7976ca8432f9f71258d925e689932dc6f25c256eada7,ec9f25e6b68d12ca6182161cdc389e0da99a8cff29c47b015f1d07a6633e4cf0,consensus_benchmark_exact_v1,prompt_compiler_v2_split_g_f,1815499394,pending,Q001,"{""Q001"": ""consensus_estimate_human_primary_cause""}",consensus_exact_step3,c444a6eac0c7b6cd317bc71d70e09e8e9d8b0a57308ceb8b4c11921129cc5ae1
G|LP0066|ConsensusExact|step3|attempt_1,G-5b1fa4d2f6674e5d5b81b9c888aba1f078f66392,G,target,LP0066,Consensus,consensus_exact_step3_estimate,1,google/gemma-4-31B-it,2d17eadbc0ed10ce929ff0fb61535973554e1b7d975110baca39d8abf620ac20,ec9f25e6b68d12ca6182161cdc389e0da99a8cff29c47b015f1d07a6633e4cf0,consensus_benchmark_exact_v1,prompt_compiler_v2_split_g_f,749115396,pending,Q001,"{""Q001"": ""consensus_estimate_human_primary_cause""}",consensus_exact_step3,c444a6eac0c7b6cd317bc71d70e09e8e9d8b0a57308ceb8b4c11921129cc5ae1
G|LP0067|ConsensusExact|step3|attempt_1,G-56a88dce74e50a13aafc2b9daf6f78a7c0131ded,G,target,LP0067,Consensus,consensus_exact_step3_estimate,1,google/gemma-4-31B-it,f686d9860f0ef17c32bbc4c305439aefd4665f40ef2dc02ae1dcad88393ddf82,ec9f25e6b68d12ca6182161cdc389e0da99a8cff29c47b015f1d07a6633e4cf0,consensus_benchmark_exact_v1,prompt_compiler_v2_split_g_f,573973937,pending,Q001,"{""Q001"": ""consensus_estimate_human_primary_cause""}",consensus_exact_step3,c444a6eac0c7b6cd317bc71d70e09e8e9d8b0a57308ceb8b4c11921129cc5ae1
G|LP0068|ConsensusExact|step3|attempt_1,G-286546b38d99e7ec080be27fe0523b45be1d5445,G,target,LP0068,Consensus,consensus_exact_step3_estimate,1,google/gemma-4-31B-it,a1a7966e7f90a612c20aeb9b90c2b5b2b878749665746555f44473c85e57be7c,ec9f25e6b68d12ca6182161cdc389e0da99a8cff29c47b015f1d07a6633e4cf0,consensus_benchmark_exact_v1,prompt_compiler_v2_split_g_f,1583641939,pending,Q001,"{""Q001"": ""consensus_estimate_co2_warms_planet""}",consensus_exact_step3,c444a6eac0c7b6cd317bc71d70e09e8e9d8b0a57308ceb8b4c11921129cc5ae1
G|LP0069|ConsensusExact|step3|attempt_1,G-f5b70c7dfec17593a2a4c364c314c0599e6f66ff,G,target,LP0069,Consensus,consensus_exact_step3_estimate,1,google/gemma-4-31B-it,a1a2a8646a1f9b0a4b743628ca3185549b4d75c2bbf587afe05804cd602057f9,ec9f25e6b68d12ca6182161cdc389e0da99a8cff29c47b015f1d07a6633e4cf0,consensus_benchmark_exact_v1,prompt_compiler_v2_split_g_f,1781501586,pending,Q001,"{""Q001"": ""consensus_estimate_human_primary_cause""}",consensus_exact_step3,c444a6eac0c7b6cd317bc71d70e09e8e9d8b0a57308ceb8b4c11921129cc5ae1
G|LP0070|ConsensusExact|step3|attempt_1,G-45caca9409f555adf30b5e6a1463aba3c1bcd536,G,target,LP0070,Consensus,consensus_exact_step3_estimate,1,google/gemma-4-31B-it,96f6386526d13bdd6c9a86e3bb29d1408732813571561837ce8f79e122a1db96,ec9f25e6b68d12ca6182161cdc389e0da99a8cff29c47b015f1d07a6633e4cf0,consensus_benchmark_exact_v1,prompt_compiler_v2_split_g_f,361425622,pending,Q001,"{""Q001"": ""consensus_estimate_human_primary_cause""}",consensus_exact_step3,c444a6eac0c7b6cd317bc71d70e09e8e9d8b0a57308ceb8b4c11921129cc5ae1
G|LP0071|ConsensusExact|step3|attempt_1,G-d20fcf5f1c7d2eda95eb70e1e26535f78c117951,G,target,LP0071,Consensus,consensus_exact_step3_estimate,1,google/gemma-4-31B-it,ca2f8b5996b730c156e048e8e1e426b122bea145a950f53944e2c55b399623f2,ec9f25e6b68d12ca6182161cdc389e0da99a8cff29c47b015f1d07a6633e4cf0,consensus_benchmark_exact_v1,prompt_compiler_v2_split_g_f,1084018075,pending,Q001,"{""Q001"": ""consensus_estimate_human_primary_cause""}",consensus_exact_step3,c444a6eac0c7b6cd317bc71d70e09e8e9d8b0a57308ceb8b4c11921129cc5ae1
G|LP0072|ConsensusExact|step3|attempt_1,G-1e83d26b33251cbd4e2efc19476aa83d94caf2cd,G,target,LP0072,Consensus,consensus_exact_step3_estimate,1,google/gemma-4-31B-it,9938bc8602f2ce01e750c7a4682e156d77c27ce9895f7f087d2709da0b664085,ec9f25e6b68d12ca6182161cdc389e0da99a8cff29c47b015f1d07a6633e4cf0,consensus_benchmark_exact_v1,prompt_compiler_v2_split_g_f,1881981331,pending,Q001,"{""Q001"": ""consensus_estimate_co2_warms_planet""}",consensus_exact_step3,c444a6eac0c7b6cd317bc71d70e09e8e9d8b0a57308ceb8b4c11921129cc5ae1
G|LP0073|ConsensusExact|step3|attempt_1,G-424b410c6cd0b8deccd5910392eb1bec27bf00df,G,target,LP0073,Consensus,consensus_exact_step3_estimate,1,google/gemma-4-31B-it,0229e3e6cfe240cd59fb981f7a5679f93d44801179fc45286b90811fe78e75bc,ec9f25e6b68d12ca6182161cdc389e0da99a8cff29c47b015f1d07a6633e4cf0,consensus_benchmark_exact_v1,prompt_compiler_v2_split_g_f,1902590711,pending,Q001,"{""Q001"": ""consensus_estimate_co2_warms_planet""}",consensus_exact_step3,c444a6eac0c7b6cd317bc71d70e09e8e9d8b0a57308ceb8b4c11921129cc5ae1
G|LP0074|ConsensusExact|step3|attempt_1,G-0a43b062abfc1b46a8b107165c55497733b0865a,G,target,LP0074,Consensus,consensus_exact_step3_estimate,1,google/gemma-4-31B-it,212b62cdf2cab0e3bff7219edf657f2eb850451114f0ad49bdaef9ad42a50447,ec9f25e6b68d12ca6182161cdc389e0da99a8cff29c47b015f1d07a6633e4cf0,consensus_benchmark_exact_v1,prompt_compiler_v2_split_g_f,1082358795,pending,Q001,"{""Q001"": ""consensus_estimate_human_primary_cause""}",consensus_exact_step3,c444a6eac0c7b6cd317bc71d70e09e8e9d8b0a57308ceb8b4c11921129cc5ae1
G|LP0075|ConsensusExact|step3|attempt_1,G-bde52f921ea395ee4c28ca4dcacca9a2e24aa2c3,G,target,LP0075,Consensus,consensus_exact_step3_estimate,1,google/gemma-4-31B-it,69d0daef1de76ef38c54967d47bf1e38fcf39ec8e74032c3b19eeecd2f0d712c,ec9f25e6b68d12ca6182161cdc389e0da99a8cff29c47b015f1d07a6633e4cf0,consensus_benchmark_exact_v1,prompt_compiler_v2_split_g_f,443413781,pending,Q001,"{""Q001"": ""consensus_estimate_human_primary_cause""}",consensus_exact_step3,c444a6eac0c7b6cd317bc71d70e09e8e9d8b0a57308ceb8b4c11921129cc5ae1
G|LP0076|ConsensusExact|step3|attempt_1,G-573b7e1d5637da34991661a5a85dbfad469eca3d,G,target,LP0076,Consensus,consensus_exact_step3_estimate,1,google/gemma-4-31B-it,c9648a01d5c94ea3a63b98a332aa0b5a4421ba4c3f83383ea6343f6235057788,ec9f25e6b68d12ca6182161cdc389e0da99a8cff29c47b015f1d07a6633e4cf0,consensus_benchmark_exact_v1,prompt_compiler_v2_split_g_f,78567024,pending,Q001,"{""Q001"": ""consensus_estimate_co2_warms_planet""}",consensus_exact_step3,c444a6eac0c7b6cd317bc71d70e09e8e9d8b0a57308ceb8b4c11921129cc5ae1
G|LP0077|ConsensusExact|step3|attempt_1,G-286e6f5892d01a2bb7fdc7d61c2211e6c173e044,G,target,LP0077,Consensus,consensus_exact_step3_estimate,1,google/gemma-4-31B-it,c8f66c5f30667158446bf1923a3240723895a1e2f6a31bb980f3a5912224aaad,ec9f25e6b68d12ca6182161cdc389e0da99a8cff29c47b015f1d07a6633e4cf0,consensus_benchmark_exact_v1,prompt_compiler_v2_split_g_f,1672280284,pending,Q001,"{""Q001"": ""consensus_estimate_human_primary_cause""}",consensus_exact_step3,c444a6eac0c7b6cd317bc71d70e09e8e9d8b0a57308ceb8b4c11921129cc5ae1
G|LP0078|ConsensusExact|step3|attempt_1,G-bdc1fbdcf847de936c7f3df3a1c96985b918d060,G,target,LP0078,Consensus,consensus_exact_step3_estimate,1,google/gemma-4-31B-it,34a8f06361d6c8f11ce33edc40da7498aea4f380b39002d5035412072aecb167,ec9f25e6b68d12ca6182161cdc389e0da99a8cff29c47b015f1d07a6633e4cf0,consensus_benchmark_exact_v1,prompt_compiler_v2_split_g_f,1942738511,pending,Q001,"{""Q001"": ""consensus_estimate_human_primary_cause""}",consensus_exact_step3,c444a6eac0c7b6cd317bc71d70e09e8e9d8b0a57308ceb8b4c11921129cc5ae1
G|LP0079|ConsensusExact|step3|attempt_1,G-33e74a7d8c0c77d4153580c30f6867da7b118e82,G,target,LP0079,Consensus,consensus_exact_step3_estimate,1,google/gemma-4-31B-it,340fbe3e88f89a16fbd63017eaa93d00bfe7abacb02740f27bef36f322b54767,ec9f25e6b68d12ca6182161cdc389e0da99a8cff29c47b015f1d07a6633e4cf0,consensus_benchmark_exact_v1,prompt_compiler_v2_split_g_f,1943735503,pending,Q001,"{""Q001"": ""consensus_estimate_human_primary_cause""}",consensus_exact_step3,c444a6eac0c7b6cd317bc71d70e09e8e9d8b0a57308ceb8b4c11921129cc5ae1
G|LP0080|ConsensusExact|step3|attempt_1,G-0d02004ed85131e53bd3847057af0da635707db2,G,target,LP0080,Consensus,consensus_exact_step3_estimate,1,google/gemma-4-31B-it,5b99482fc1af84266b87d9be15af840c650b6759df7444e7b7d9aaa6ea77f071,ec9f25e6b68d12ca6182161cdc389e0da99a8cff29c47b015f1d07a6633e4cf0,consensus_benchmark_exact_v1,prompt_compiler_v2_split_g_f,1918186114,pending,Q001,"{""Q001"": ""consensus_estimate_co2_warms_planet""}",consensus_exact_step3,c444a6eac0c7b6cd317bc71d70e09e8e9d8b0a57308ceb8b4c11921129cc5ae1
G|LP0081|ConsensusExact|step3|attempt_1,G-8d59708e742c191b2a1acf1c3a74d405c81bc599,G,target,LP0081,Consensus,consensus_exact_step3_estimate,1,google/gemma-4-31B-it,49d18796f095b79a762e116932c63f586d95fd1443690613f9eb344bbd0f7b79,ec9f25e6b68d12ca6182161cdc389e0da99a8cff29c47b015f1d07a6633e4cf0,consensus_benchmark_exact_v1,prompt_compiler_v2_split_g_f,249494074,pending,Q001,"{""Q001"": ""consensus_estimate_co2_warms_planet""}",consensus_exact_step3,c444a6eac0c7b6cd317bc71d70e09e8e9d8b0a57308ceb8b4c11921129cc5ae1
G|LP0082|ConsensusExact|step3|attempt_1,G-07a97191236c64ffab830cb59a5b92c1601a0e00,G,target,LP0082,Consensus,consensus_exact_step3_estimate,1,google/gemma-4-31B-it,c2cea0466f99877c48ce3df5417260cab966af847527114e004abd2d99ea7de7,ec9f25e6b68d12ca6182161cdc389e0da99a8cff29c47b015f1d07a6633e4cf0,consensus_benchmark_exact_v1,prompt_compiler_v2_split_g_f,851396641,pending,Q001,"{""Q001"": ""consensus_estimate_co2_warms_planet""}",consensus_exact_step3,c444a6eac0c7b6cd317bc71d70e09e8e9d8b0a57308ceb8b4c11921129cc5ae1
G|LP0083|ConsensusExact|step3|attempt_1,G-519aa0320ddbca53d1ef83f8011d1a71b4e7648f,G,target,LP0083,Consensus,consensus_exact_step3_estimate,1,google/gemma-4-31B-it,da73c1d8cb901b4a585462366616ec51385c47a7f6badde98d96d33d986f9845,ec9f25e6b68d12ca6182161cdc389e0da99a8cff29c47b015f1d07a6633e4cf0,consensus_benchmark_exact_v1,prompt_compiler_v2_split_g_f,823200440,pending,Q001,"{""Q001"": ""consensus_estimate_co2_warms_planet""}",consensus_exact_step3,c444a6eac0c7b6cd317bc71d70e09e8e9d8b0a57308ceb8b4c11921129cc5ae1
G|LP0084|ConsensusExact|step3|attempt_1,G-a24837401e97e34e13e0d3b3a797c7807cf5fa55,G,target,LP0084,Consensus,consensus_exact_step3_estimate,1,google/gemma-4-31B-it,532949b305ba0ff7fd9c37897db3959b1947b62169409db8d78ac1810a6f3f86,ec9f25e6b68d12ca6182161cdc389e0da99a8cff29c47b015f1d07a6633e4cf0,consensus_benchmark_exact_v1,prompt_compiler_v2_split_g_f,1663586768,pending,Q001,"{""Q001"": ""consensus_estimate_co2_warms_planet""}",consensus_exact_step3,c444a6eac0c7b6cd317bc71d70e09e8e9d8b0a57308ceb8b4c11921129cc5ae1
G|LP0085|ConsensusExact|step3|attempt_1,G-1012ebbce45f2dd84531e8bb69fc42e48b85a6c6,G,target,LP0085,Consensus,consensus_exact_step3_estimate,1,google/gemma-4-31B-it,07dc900b0b9503be59662dee69b494acb6617c8402023024a1f6689e0c9045ee,ec9f25e6b68d12ca6182161cdc389e0da99a8cff29c47b015f1d07a6633e4cf0,consensus_benchmark_exact_v1,prompt_compiler_v2_split_g_f,75826514,pending,Q001,"{""Q001"": ""consensus_estimate_human_primary_cause""}",consensus_exact_step3,c444a6eac0c7b6cd317bc71d70e09e8e9d8b0a57308ceb8b4c11921129cc5ae1
G|LP0086|ConsensusExact|step3|attempt_1,G-092a000c43fd9899a870581d412fabad01021dfd,G,target,LP0086,Consensus,consensus_exact_step3_estimate,1,google/gemma-4-31B-it,d386ae3ea79d163c80912ec20f9e40f625393c9c744ca7e4e94094c29c66fe7d,ec9f25e6b68d12ca6182161cdc389e0da99a8cff29c47b015f1d07a6633e4cf0,consensus_benchmark_exact_v1,prompt_compiler_v2_split_g_f,1448188081,pending,Q001,"{""Q001"": ""consensus_estimate_human_primary_cause""}",consensus_exact_step3,c444a6eac0c7b6cd317bc71d70e09e8e9d8b0a57308ceb8b4c11921129cc5ae1
G|LP0087|ConsensusExact|step3|attempt_1,G-a42dc3a9758f57ea66924d963229f1ed60f977dc,G,target,LP0087,Consensus,consensus_exact_step3_estimate,1,google/gemma-4-31B-it,c350722f2bc846b49fe6e6bae49620cae1a0950c2dc15cab21968fcdecd91a1c,ec9f25e6b68d12ca6182161cdc389e0da99a8cff29c47b015f1d07a6633e4cf0,consensus_benchmark_exact_v1,prompt_compiler_v2_split_g_f,1038802751,pending,Q001,"{""Q001"": ""consensus_estimate_human_primary_cause""}",consensus_exact_step3,c444a6eac0c7b6cd317bc71d70e09e8e9d8b0a57308ceb8b4c11921129cc5ae1
G|LP0088|ConsensusExact|step3|attempt_1,G-83f571230cb51d9110a02ebf93bf79021a59b07f,G,target,LP0088,Consensus,consensus_exact_step3_estimate,1,google/gemma-4-31B-it,0a512bb4be5a81aaf3bd47549dba8c11a884872a09baf2259066c33eb3e7d2bb,ec9f25e6b68d12ca6182161cdc389e0da99a8cff29c47b015f1d07a6633e4cf0,consensus_benchmark_exact_v1,prompt_compiler_v2_split_g_f,346030041,pending,Q001,"{""Q001"": ""consensus_estimate_co2_warms_planet""}",consensus_exact_step3,c444a6eac0c7b6cd317bc71d70e09e8e9d8b0a57308ceb8b4c11921129cc5ae1
G|LP0089|ConsensusExact|step3|attempt_1,G-cdd444af9325aee43ae7603c655641fe9439b6ad,G,target,LP0089,Consensus,consensus_exact_step3_estimate,1,google/gemma-4-31B-it,138b8a92f80e44d9755d24d7c8d0c160ad8f687861539c4ecefa671d62e86b62,ec9f25e6b68d12ca6182161cdc389e0da99a8cff29c47b015f1d07a6633e4cf0,consensus_benchmark_exact_v1,prompt_compiler_v2_split_g_f,785266758,pending,Q001,"{""Q001"": ""consensus_estimate_human_primary_cause""}",consensus_exact_step3,c444a6eac0c7b6cd317bc71d70e09e8e9d8b0a57308ceb8b4c11921129cc5ae1
G|LP0090|ConsensusExact|step3|attempt_1,G-d6b7cde3254988ac94679df2be9f271554714ae5,G,target,LP0090,Consensus,consensus_exact_step3_estimate,1,google/gemma-4-31B-it,642ddd0c1723706b1cb897da180a22ece4a2f9519ed65f1d7eada6d552e4838d,ec9f25e6b68d12ca6182161cdc389e0da99a8cff29c47b015f1d07a6633e4cf0,consensus_benchmark_exact_v1,prompt_compiler_v2_split_g_f,1387865205,pending,Q001,"{""Q001"": ""consensus_estimate_co2_warms_planet""}",consensus_exact_step3,c444a6eac0c7b6cd317bc71d70e09e8e9d8b0a57308ceb8b4c11921129cc5ae1
G|LP0091|ConsensusExact|step3|attempt_1,G-2867f1b4b53bdba6c0b1ca681e884f64c6fb6032,G,target,LP0091,Consensus,consensus_exact_step3_estimate,1,google/gemma-4-31B-it,e275d1ff6e82c42776c8438f469939b4bd6730050cad3f849e365303da7fe8db,ec9f25e6b68d12ca6182161cdc389e0da99a8cff29c47b015f1d07a6633e4cf0,consensus_benchmark_exact_v1,prompt_compiler_v2_split_g_f,101433104,pending,Q001,"{""Q001"": ""consensus_estimate_co2_warms_planet""}",consensus_exact_step3,c444a6eac0c7b6cd317bc71d70e09e8e9d8b0a57308ceb8b4c11921129cc5ae1
G|LP0092|ConsensusExact|step3|attempt_1,G-8afe5a140247423d2993199889d2f1d272eda42f,G,target,LP0092,Consensus,consensus_exact_step3_estimate,1,google/gemma-4-31B-it,b993d6dbeac28835afc8b3e0063d7986358060a01b1b23d5dbbf5561533ac029,ec9f25e6b68d12ca6182161cdc389e0da99a8cff29c47b015f1d07a6633e4cf0,consensus_benchmark_exact_v1,prompt_compiler_v2_split_g_f,407107175,pending,Q001,"{""Q001"": ""consensus_estimate_co2_warms_planet""}",consensus_exact_step3,c444a6eac0c7b6cd317bc71d70e09e8e9d8b0a57308ceb8b4c11921129cc5ae1
G|LP0093|ConsensusExact|step3|attempt_1,G-ad95e10d224de97aebeae13a76d55458c1a49ebf,G,target,LP0093,Consensus,consensus_exact_step3_estimate,1,google/gemma-4-31B-it,ed2e0c5767f0f880071b1f90be38a8bb1d0ef6a8423963ffa0814b62fac6be60,ec9f25e6b68d12ca6182161cdc389e0da99a8cff29c47b015f1d07a6633e4cf0,consensus_benchmark_exact_v1,prompt_compiler_v2_split_g_f,2105125782,pending,Q001,"{""Q001"": ""consensus_estimate_co2_warms_planet""}",consensus_exact_step3,c444a6eac0c7b6cd317bc71d70e09e8e9d8b0a57308ceb8b4c11921129cc5ae1
G|LP0094|ConsensusExact|step3|attempt_1,G-03e2b9ce8c93188ef920ec87514b3a8c5e2d23bb,G,target,LP0094,Consensus,consensus_exact_step3_estimate,1,google/gemma-4-31B-it,8cdff19b55257ad8245fcb1209fdff5a4194d37d7175fd35fbdd8f4323dc6ab2,ec9f25e6b68d12ca6182161cdc389e0da99a8cff29c47b015f1d07a6633e4cf0,consensus_benchmark_exact_v1,prompt_compiler_v2_split_g_f,341347371,pending,Q001,"{""Q001"": ""consensus_estimate_human_primary_cause""}",consensus_exact_step3,c444a6eac0c7b6cd317bc71d70e09e8e9d8b0a57308ceb8b4c11921129cc5ae1
G|LP0095|ConsensusExact|step3|attempt_1,G-e91576660ec35013ae48072034c6560660b3d2a8,G,target,LP0095,Consensus,consensus_exact_step3_estimate,1,google/gemma-4-31B-it,2c8549f7ff937224056323b2dc11bf4bdb429ba89c7d46eb841ded6f07a05a80,ec9f25e6b68d12ca6182161cdc389e0da99a8cff29c47b015f1d07a6633e4cf0,consensus_benchmark_exact_v1,prompt_compiler_v2_split_g_f,1626225890,pending,Q001,"{""Q001"": ""consensus_estimate_co2_warms_planet""}",consensus_exact_step3,c444a6eac0c7b6cd317bc71d70e09e8e9d8b0a57308ceb8b4c11921129cc5ae1
G|LP0096|ConsensusExact|step3|attempt_1,G-afc366bf80e4c80ed276c7412ecc4d6b1ebb39c5,G,target,LP0096,Consensus,consensus_exact_step3_estimate,1,google/gemma-4-31B-it,82f8299087750d0bc3858087bdc90b18dd21156d5d867e82cae903b231e694c6,ec9f25e6b68d12ca6182161cdc389e0da99a8cff29c47b015f1d07a6633e4cf0,consensus_benchmark_exact_v1,prompt_compiler_v2_split_g_f,1617663375,pending,Q001,"{""Q001"": ""consensus_estimate_co2_warms_planet""}",consensus_exact_step3,c444a6eac0c7b6cd317bc71d70e09e8e9d8b0a57308ceb8b4c11921129cc5ae1
G|LP0097|ConsensusExact|step3|attempt_1,G-16feb7e87d239f6c26928ff4380e7c29406a8e29,G,target,LP0097,Consensus,consensus_exact_step3_estimate,1,google/gemma-4-31B-it,5cdcb59642b963ea03a85fb65bddbc6e9b20a887b4c06fc5b63556e1af6d411b,ec9f25e6b68d12ca6182161cdc389e0da99a8cff29c47b015f1d07a6633e4cf0,consensus_benchmark_exact_v1,prompt_compiler_v2_split_g_f,723586877,pending,Q001,"{""Q001"": ""consensus_estimate_human_primary_cause""}",consensus_exact_step3,c444a6eac0c7b6cd317bc71d70e09e8e9d8b0a57308ceb8b4c11921129cc5ae1
G|LP0098|ConsensusExact|step3|attempt_1,G-eeb26157751f388abfb66b74d5c02098521aca41,G,target,LP0098,Consensus,consensus_exact_step3_estimate,1,google/gemma-4-31B-it,d0b8d165a70fb99dd45367aa9a4c64b609876076616e0cd29455a3dad13d4b94,ec9f25e6b68d12ca6182161cdc389e0da99a8cff29c47b015f1d07a6633e4cf0,consensus_benchmark_exact_v1,prompt_compiler_v2_split_g_f,1384381244,pending,Q001,"{""Q001"": ""consensus_estimate_co2_warms_planet""}",consensus_exact_step3,c444a6eac0c7b6cd317bc71d70e09e8e9d8b0a57308ceb8b4c11921129cc5ae1
G|LP0099|ConsensusExact|step3|attempt_1,G-caf963517eb367b068d62076531f2a08c8fab169,G,target,LP0099,Consensus,consensus_exact_step3_estimate,1,google/gemma-4-31B-it,13ccb2efa78696c17bcc2264db7c26fd7d3c7420d014acd559cc419f814d60b3,ec9f25e6b68d12ca6182161cdc389e0da99a8cff29c47b015f1d07a6633e4cf0,consensus_benchmark_exact_v1,prompt_compiler_v2_split_g_f,346435158,pending,Q001,"{""Q001"": ""consensus_estimate_co2_warms_planet""}",consensus_exact_step3,c444a6eac0c7b6cd317bc71d70e09e8e9d8b0a57308ceb8b4c11921129cc5ae1
G|LP0100|ConsensusExact|step3|attempt_1,G-5aee80fb11ae4281166c04b4ef56308791e150df,G,target,LP0100,Consensus,consensus_exact_step3_estimate,1,google/gemma-4-31B-it,914a1e814e3717070577e6ffb52502dc9e065b5ad05475e3f5aa286ed8aae5bd,ec9f25e6b68d12ca6182161cdc389e0da99a8cff29c47b015f1d07a6633e4cf0,consensus_benchmark_exact_v1,prompt_compiler_v2_split_g_f,1200309368,pending,Q001,"{""Q001"": ""consensus_estimate_human_primary_cause""}",consensus_exact_step3,c444a6eac0c7b6cd317bc71d70e09e8e9d8b0a57308ceb8b4c11921129cc5ae1
G|LP0101|ConsensusExact|step3|attempt_1,G-55485bfa73de49e6eee782074718b51570c92c54,G,target,LP0101,Consensus,consensus_exact_step3_estimate,1,google/gemma-4-31B-it,9a67d17ae896c68ed1cf720d724de4f8107a23d131a53dfbe835dc2615dac46c,ec9f25e6b68d12ca6182161cdc389e0da99a8cff29c47b015f1d07a6633e4cf0,consensus_benchmark_exact_v1,prompt_compiler_v2_split_g_f,510591452,pending,Q001,"{""Q001"": ""consensus_estimate_co2_warms_planet""}",consensus_exact_step3,c444a6eac0c7b6cd317bc71d70e09e8e9d8b0a57308ceb8b4c11921129cc5ae1
G|LP0102|ConsensusExact|step3|attempt_1,G-e6a4fdc300152efca8ffe1a6615e55f5b38992fc,G,target,LP0102,Consensus,consensus_exact_step3_estimate,1,google/gemma-4-31B-it,041dce4305c5711ddf8398f468ea0b2410a042c8c68df1ae4adc80dfcd529e78,ec9f25e6b68d12ca6182161cdc389e0da99a8cff29c47b015f1d07a6633e4cf0,consensus_benchmark_exact_v1,prompt_compiler_v2_split_g_f,1298082437,pending,Q001,"{""Q001"": ""consensus_estimate_human_primary_cause""}",consensus_exact_step3,c444a6eac0c7b6cd317bc71d70e09e8e9d8b0a57308ceb8b4c11921129cc5ae1
G|LP0103|ConsensusExact|step3|attempt_1,G-561bc1c24a7f4b457bce14ed300cd201918a7f66,G,target,LP0103,Consensus,consensus_exact_step3_estimate,1,google/gemma-4-31B-it,30598d2b12eb80322afada2c40919a70e219828017d163f18526e5238bf68308,ec9f25e6b68d12ca6182161cdc389e0da99a8cff29c47b015f1d07a6633e4cf0,consensus_benchmark_exact_v1,prompt_compiler_v2_split_g_f,1991691978,pending,Q001,"{""Q001"": ""consensus_estimate_human_primary_cause""}",consensus_exact_step3,c444a6eac0c7b6cd317bc71d70e09e8e9d8b0a57308ceb8b4c11921129cc5ae1
G|LP0104|ConsensusExact|step3|attempt_1,G-60a43c46e3da18b261d55ca87b857cb03ccd7340,G,target,LP0104,Consensus,consensus_exact_step3_estimate,1,google/gemma-4-31B-it,3237aca3eb263896633805a2c3b05bedf775b32eb229856b1b7965281b2037ad,ec9f25e6b68d12ca6182161cdc389e0da99a8cff29c47b015f1d07a6633e4cf0,consensus_benchmark_exact_v1,prompt_compiler_v2_split_g_f,623022401,pending,Q001,"{""Q001"": ""consensus_estimate_human_primary_cause""}",consensus_exact_step3,c444a6eac0c7b6cd317bc71d70e09e8e9d8b0a57308ceb8b4c11921129cc5ae1
G|LP0105|ConsensusExact|step3|attempt_1,G-910e5246efa7e9230f34c3929eb2ce86db827cda,G,target,LP0105,Consensus,consensus_exact_step3_estimate,1,google/gemma-4-31B-it,d9b1175a5cf38e6915e772790fba6ee30d69eb49041c9c52da8c69786cc47cdc,ec9f25e6b68d12ca6182161cdc389e0da99a8cff29c47b015f1d07a6633e4cf0,consensus_benchmark_exact_v1,prompt_compiler_v2_split_g_f,298094003,pending,Q001,"{""Q001"": ""consensus_estimate_human_primary_cause""}",consensus_exact_step3,c444a6eac0c7b6cd317bc71d70e09e8e9d8b0a57308ceb8b4c11921129cc5ae1
G|LP0106|ConsensusExact|step3|attempt_1,G-92f6916881e3bbd3ab3f83e76eb6c818f0729821,G,target,LP0106,Consensus,consensus_exact_step3_estimate,1,google/gemma-4-31B-it,26fef6c13c999c930da35204e19afa3bf50876a3b179da04d444c308d2789815,ec9f25e6b68d12ca6182161cdc389e0da99a8cff29c47b015f1d07a6633e4cf0,consensus_benchmark_exact_v1,prompt_compiler_v2_split_g_f,667999910,pending,Q001,"{""Q001"": ""consensus_estimate_co2_warms_planet""}",consensus_exact_step3,c444a6eac0c7b6cd317bc71d70e09e8e9d8b0a57308ceb8b4c11921129cc5ae1
G|LP0107|ConsensusExact|step3|attempt_1,G-b29adbf13084267d312dc812ff06033e77a5c815,G,target,LP0107,Consensus,consensus_exact_step3_estimate,1,google/gemma-4-31B-it,ec990d0e8965a20f4f4ec4c7fa4565136abac04adaefb1ede91248462fe34c29,ec9f25e6b68d12ca6182161cdc389e0da99a8cff29c47b015f1d07a6633e4cf0,consensus_benchmark_exact_v1,prompt_compiler_v2_split_g_f,364502626,pending,Q001,"{""Q001"": ""consensus_estimate_human_primary_cause""}",consensus_exact_step3,c444a6eac0c7b6cd317bc71d70e09e8e9d8b0a57308ceb8b4c11921129cc5ae1
G|LP0108|ConsensusExact|step3|attempt_1,G-cbcc97b967c5357841869e64d267a33558e927ee,G,target,LP0108,Consensus,consensus_exact_step3_estimate,1,google/gemma-4-31B-it,1a67df7fc505ceb4c8fa541cc52b9988b5da99d6944cf0c095748e2437fde5ad,ec9f25e6b68d12ca6182161cdc389e0da99a8cff29c47b015f1d07a6633e4cf0,consensus_benchmark_exact_v1,prompt_compiler_v2_split_g_f,2136892653,pending,Q001,"{""Q001"": ""consensus_estimate_human_primary_cause""}",consensus_exact_step3,c444a6eac0c7b6cd317bc71d70e09e8e9d8b0a57308ceb8b4c11921129cc5ae1
G|LP0109|ConsensusExact|step3|attempt_1,G-06cf105572d71b9bd211e5858d9b203a99ecf480,G,target,LP0109,Consensus,consensus_exact_step3_estimate,1,google/gemma-4-31B-it,704705a3f7ab93d32a1603b4f5d7745edb9c415d28d8d46501da16f814d32947,ec9f25e6b68d12ca6182161cdc389e0da99a8cff29c47b015f1d07a6633e4cf0,consensus_benchmark_exact_v1,prompt_compiler_v2_split_g_f,7683142,pending,Q001,"{""Q001"": ""consensus_estimate_human_primary_cause""}",consensus_exact_step3,c444a6eac0c7b6cd317bc71d70e09e8e9d8b0a57308ceb8b4c11921129cc5ae1
G|LP0110|ConsensusExact|step3|attempt_1,G-ef3de18bc57bbbbaf4f24f4dcb222050588c3823,G,target,LP0110,Consensus,consensus_exact_step3_estimate,1,google/gemma-4-31B-it,c350a96c08e13a1e4f8000c7073749fffa86271e4bad77d4cccf908382e7fe77,ec9f25e6b68d12ca6182161cdc389e0da99a8cff29c47b015f1d07a6633e4cf0,consensus_benchmark_exact_v1,prompt_compiler_v2_split_g_f,603422421,pending,Q001,"{""Q001"": ""consensus_estimate_co2_warms_planet""}",consensus_exact_step3,c444a6eac0c7b6cd317bc71d70e09e8e9d8b0a57308ceb8b4c11921129cc5ae1
G|LP0111|ConsensusExact|step3|attempt_1,G-6f7ccad0ff6987ea2c417bc6eb103924e6d91844,G,target,LP0111,Consensus,consensus_exact_step3_estimate,1,google/gemma-4-31B-it,009a71ebe0e08f3b45841dad49371f7e0af8ccd8c5e4d79fabd5e1899a12ee6c,ec9f25e6b68d12ca6182161cdc389e0da99a8cff29c47b015f1d07a6633e4cf0,consensus_benchmark_exact_v1,prompt_compiler_v2_split_g_f,1583553933,pending,Q001,"{""Q001"": ""consensus_estimate_co2_warms_planet""}",consensus_exact_step3,c444a6eac0c7b6cd317bc71d70e09e8e9d8b0a57308ceb8b4c11921129cc5ae1
G|LP0112|ConsensusExact|step3|attempt_1,G-c1e12eb917fa9e68eeec480667d4d159615db9d2,G,target,LP0112,Consensus,consensus_exact_step3_estimate,1,google/gemma-4-31B-it,675d6cfeb3eb49cb0772e9c7490f128e1053b88442bf755db2cfdb04e3ea0773,ec9f25e6b68d12ca6182161cdc389e0da99a8cff29c47b015f1d07a6633e4cf0,consensus_benchmark_exact_v1,prompt_compiler_v2_split_g_f,465370077,pending,Q001,"{""Q001"": ""consensus_estimate_co2_warms_planet""}",consensus_exact_step3,c444a6eac0c7b6cd317bc71d70e09e8e9d8b0a57308ceb8b4c11921129cc5ae1
G|LP0113|ConsensusExact|step3|attempt_1,G-1a5eb4f59b35ed76ac63c74627268fed792dc2eb,G,target,LP0113,Consensus,consensus_exact_step3_estimate,1,google/gemma-4-31B-it,88a9a0fdb9493c52b6d11bcfdcb5603473ebea7ba5440e4039776582588342c9,ec9f25e6b68d12ca6182161cdc389e0da99a8cff29c47b015f1d07a6633e4cf0,consensus_benchmark_exact_v1,prompt_compiler_v2_split_g_f,1341347681,pending,Q001,"{""Q001"": ""consensus_estimate_human_primary_cause""}",consensus_exact_step3,c444a6eac0c7b6cd317bc71d70e09e8e9d8b0a57308ceb8b4c11921129cc5ae1
G|LP0114|ConsensusExact|step3|attempt_1,G-8fadf96497187a344cfa9efc9d6e09f7c45fb1be,G,target,LP0114,Consensus,consensus_exact_step3_estimate,1,google/gemma-4-31B-it,5626bcd162672911a040d22537a9cf55fa9f4184d55da1e06c8f0a69733d2214,ec9f25e6b68d12ca6182161cdc389e0da99a8cff29c47b015f1d07a6633e4cf0,consensus_benchmark_exact_v1,prompt_compiler_v2_split_g_f,913599743,pending,Q001,"{""Q001"": ""consensus_estimate_human_primary_cause""}",consensus_exact_step3,c444a6eac0c7b6cd317bc71d70e09e8e9d8b0a57308ceb8b4c11921129cc5ae1
G|LP0115|ConsensusExact|step3|attempt_1,G-3a93dd0b12a60a37b1a0576a9060bb04c6aa75a8,G,target,LP0115,Consensus,consensus_exact_step3_estimate,1,google/gemma-4-31B-it,04fdd67d4eeabeda1949f79065295a3eb2c84d14361896438a158892581caa51,ec9f25e6b68d12ca6182161cdc389e0da99a8cff29c47b015f1d07a6633e4cf0,consensus_benchmark_exact_v1,prompt_compiler_v2_split_g_f,130925646,pending,Q001,"{""Q001"": ""consensus_estimate_human_primary_cause""}",consensus_exact_step3,c444a6eac0c7b6cd317bc71d70e09e8e9d8b0a57308ceb8b4c11921129cc5ae1
G|LP0116|ConsensusExact|step3|attempt_1,G-117b4ffbb89932373466cec11436c44a091f96f9,G,target,LP0116,Consensus,consensus_exact_step3_estimate,1,google/gemma-4-31B-it,dafc9bd142468527f28e6aec77b3e6141874a2f881f64bd947f225c939d784fc,ec9f25e6b68d12ca6182161cdc389e0da99a8cff29c47b015f1d07a6633e4cf0,consensus_benchmark_exact_v1,prompt_compiler_v2_split_g_f,1536152110,pending,Q001,"{""Q001"": ""consensus_estimate_co2_warms_planet""}",consensus_exact_step3,c444a6eac0c7b6cd317bc71d70e09e8e9d8b0a57308ceb8b4c11921129cc5ae1
G|LP0117|ConsensusExact|step3|attempt_1,G-33c317473f806ad59b9e671e14ce053ccd9fbf84,G,target,LP0117,Consensus,consensus_exact_step3_estimate,1,google/gemma-4-31B-it,0e960925ca4c61da887b161c50dfb62d1973704b3893ac18117f314aa30f9fa5,ec9f25e6b68d12ca6182161cdc389e0da99a8cff29c47b015f1d07a6633e4cf0,consensus_benchmark_exact_v1,prompt_compiler_v2_split_g_f,654743908,pending,Q001,"{""Q001"": ""consensus_estimate_co2_warms_planet""}",consensus_exact_step3,c444a6eac0c7b6cd317bc71d70e09e8e9d8b0a57308ceb8b4c11921129cc5ae1
G|LP0118|ConsensusExact|step3|attempt_1,G-f6a7770465b12b30f39b427a85f6036e5b352a68,G,target,LP0118,Consensus,consensus_exact_step3_estimate,1,google/gemma-4-31B-it,1dc9aad62473c074a85b482c7abba995b3cce42898459cff8f3549c7081ab4af,ec9f25e6b68d12ca6182161cdc389e0da99a8cff29c47b015f1d07a6633e4cf0,consensus_benchmark_exact_v1,prompt_compiler_v2_split_g_f,1392515388,pending,Q001,"{""Q001"": ""consensus_estimate_co2_warms_planet""}",consensus_exact_step3,c444a6eac0c7b6cd317bc71d70e09e8e9d8b0a57308ceb8b4c11921129cc5ae1
G|LP0119|ConsensusExact|step3|attempt_1,G-0a31544acfcab4e7b47c30f6e7cdde8273a1a583,G,target,LP0119,Consensus,consensus_exact_step3_estimate,1,google/gemma-4-31B-it,dd6dc2855a329bdad192b365caa041ad5aef1c5d0162d5b5863402bfd7c48886,ec9f25e6b68d12ca6182161cdc389e0da99a8cff29c47b015f1d07a6633e4cf0,consensus_benchmark_exact_v1,prompt_compiler_v2_split_g_f,1680694652,pending,Q001,"{""Q001"": ""consensus_estimate_co2_warms_planet""}",consensus_exact_step3,c444a6eac0c7b6cd317bc71d70e09e8e9d8b0a57308ceb8b4c11921129cc5ae1
G|LP0120|ConsensusExact|step3|attempt_1,G-efb78618213c05c9fe21da784f1b416e6984ce08,G,target,LP0120,Consensus,consensus_exact_step3_estimate,1,google/gemma-4-31B-it,0c86e675eef5ef4f5224bce34da09f9905a3470706458bb3bb68bfec192f3d0d,ec9f25e6b68d12ca6182161cdc389e0da99a8cff29c47b015f1d07a6633e4cf0,consensus_benchmark_exact_v1,prompt_compiler_v2_split_g_f,11211261,pending,Q001,"{""Q001"": ""consensus_estimate_co2_warms_planet""}",consensus_exact_step3,c444a6eac0c7b6cd317bc71d70e09e8e9d8b0a57308ceb8b4c11921129cc5ae1
G|LP0121|ConsensusExact|step3|attempt_1,G-7d3ca4bba2c92fb4d721d5d3101808c170386eb3,G,target,LP0121,Consensus,consensus_exact_step3_estimate,1,google/gemma-4-31B-it,57d7ddd5c59c0402523e2944e61ba8073ea944fff93d77449884c068cfc02e04,ec9f25e6b68d12ca6182161cdc389e0da99a8cff29c47b015f1d07a6633e4cf0,consensus_benchmark_exact_v1,prompt_compiler_v2_split_g_f,490895661,pending,Q001,"{""Q001"": ""consensus_estimate_co2_warms_planet""}",consensus_exact_step3,c444a6eac0c7b6cd317bc71d70e09e8e9d8b0a57308ceb8b4c11921129cc5ae1
G|LP0122|ConsensusExact|step3|attempt_1,G-b6d9f596a9b09b1868db4ab84619e61cb74619e0,G,target,LP0122,Consensus,consensus_exact_step3_estimate,1,google/gemma-4-31B-it,ed72597c9e55eabc0047accbffbc0d15611f165814a15b264910b5ab53f95532,ec9f25e6b68d12ca6182161cdc389e0da99a8cff29c47b015f1d07a6633e4cf0,consensus_benchmark_exact_v1,prompt_compiler_v2_split_g_f,392463944,pending,Q001,"{""Q001"": ""consensus_estimate_human_primary_cause""}",consensus_exact_step3,c444a6eac0c7b6cd317bc71d70e09e8e9d8b0a57308ceb8b4c11921129cc5ae1
G|LP0123|ConsensusExact|step3|attempt_1,G-ca4bb592a24ce71f15d517d4a44a334ee2da174d,G,target,LP0123,Consensus,consensus_exact_step3_estimate,1,google/gemma-4-31B-it,968e9a3b9d6b7d2cf550cb85c4f17a06a8584d42d3aff5aa5ef162172afebad7,ec9f25e6b68d12ca6182161cdc389e0da99a8cff29c47b015f1d07a6633e4cf0,consensus_benchmark_exact_v1,prompt_compiler_v2_split_g_f,920932935,pending,Q001,"{""Q001"": ""consensus_estimate_co2_warms_planet""}",consensus_exact_step3,c444a6eac0c7b6cd317bc71d70e09e8e9d8b0a57308ceb8b4c11921129cc5ae1
G|LP0124|ConsensusExact|step3|attempt_1,G-3672d4f5d2065bc862e1434c6a60b3fc4e2bb6eb,G,target,LP0124,Consensus,consensus_exact_step3_estimate,1,google/gemma-4-31B-it,040c1bfff4415e689ae9782744029b8a731470046d40530a91953667e24ddd71,ec9f25e6b68d12ca6182161cdc389e0da99a8cff29c47b015f1d07a6633e4cf0,consensus_benchmark_exact_v1,prompt_compiler_v2_split_g_f,1055655348,pending,Q001,"{""Q001"": ""consensus_estimate_human_primary_cause""}",consensus_exact_step3,c444a6eac0c7b6cd317bc71d70e09e8e9d8b0a57308ceb8b4c11921129cc5ae1
G|LP0125|ConsensusExact|step3|attempt_1,G-ce3f57c2e037f60a635463db4f8559b97ca422f0,G,target,LP0125,Consensus,consensus_exact_step3_estimate,1,google/gemma-4-31B-it,71512f661f6571422452ccfd826f5fb1b5ecb45938d7517acd6d7b004ff8ecec,ec9f25e6b68d12ca6182161cdc389e0da99a8cff29c47b015f1d07a6633e4cf0,consensus_benchmark_exact_v1,prompt_compiler_v2_split_g_f,2092344722,pending,Q001,"{""Q001"": ""consensus_estimate_human_primary_cause""}",consensus_exact_step3,c444a6eac0c7b6cd317bc71d70e09e8e9d8b0a57308ceb8b4c11921129cc5ae1
G|LP0126|ConsensusExact|step3|attempt_1,G-301df7aeeddeae8926b28626be36c4660fcc5924,G,target,LP0126,Consensus,consensus_exact_step3_estimate,1,google/gemma-4-31B-it,a3c13598cb1cb8190e4fcb4da9325293370bc0509852484ab87e1dc687c442b5,ec9f25e6b68d12ca6182161cdc389e0da99a8cff29c47b015f1d07a6633e4cf0,consensus_benchmark_exact_v1,prompt_compiler_v2_split_g_f,1310367207,pending,Q001,"{""Q001"": ""consensus_estimate_co2_warms_planet""}",consensus_exact_step3,c444a6eac0c7b6cd317bc71d70e09e8e9d8b0a57308ceb8b4c11921129cc5ae1
G|LP0127|ConsensusExact|step3|attempt_1,G-df0d76e958cbadd6e666f41a772a5d07eb997fc9,G,target,LP0127,Consensus,consensus_exact_step3_estimate,1,google/gemma-4-31B-it,d219c8d690ad0e32e524b4fbf30cf5fd14a1ed205d47890d263a4b2ff78cb441,ec9f25e6b68d12ca6182161cdc389e0da99a8cff29c47b015f1d07a6633e4cf0,consensus_benchmark_exact_v1,prompt_compiler_v2_split_g_f,384211884,pending,Q001,"{""Q001"": ""consensus_estimate_human_primary_cause""}",consensus_exact_step3,c444a6eac0c7b6cd317bc71d70e09e8e9d8b0a57308ceb8b4c11921129cc5ae1
G|LP0128|ConsensusExact|step3|attempt_1,G-a81faa0dd1e3dfdb93bbe88c7cc67191d5311ba4,G,target,LP0128,Consensus,consensus_exact_step3_estimate,1,google/gemma-4-31B-it,fd43570547acf727bb2b39f5976f47f16028849cc599c7d16bf38cf2eea0931f,ec9f25e6b68d12ca6182161cdc389e0da99a8cff29c47b015f1d07a6633e4cf0,consensus_benchmark_exact_v1,prompt_compiler_v2_split_g_f,572732409,pending,Q001,"{""Q001"": ""consensus_estimate_human_primary_cause""}",consensus_exact_step3,c444a6eac0c7b6cd317bc71d70e09e8e9d8b0a57308ceb8b4c11921129cc5ae1
G|LP0129|ConsensusExact|step3|attempt_1,G-00a1cc1cea4bc6553bba9c673797ae705df550a2,G,target,LP0129,Consensus,consensus_exact_step3_estimate,1,google/gemma-4-31B-it,0c9e1218a0736f6460169aea9812feb01892c6446e888d93aacc2372797ea28f,ec9f25e6b68d12ca6182161cdc389e0da99a8cff29c47b015f1d07a6633e4cf0,consensus_benchmark_exact_v1,prompt_compiler_v2_split_g_f,1804557966,pending,Q001,"{""Q001"": ""consensus_estimate_human_primary_cause""}",consensus_exact_step3,c444a6eac0c7b6cd317bc71d70e09e8e9d8b0a57308ceb8b4c11921129cc5ae1
G|LP0130|ConsensusExact|step3|attempt_1,G-dff51b756209250f4221408fd78dc6d54759ac5c,G,target,LP0130,Consensus,consensus_exact_step3_estimate,1,google/gemma-4-31B-it,1d015c9642c6e7a240b20bea6c9a0dee9fe13344edf809950e71271a6b45e5ac,ec9f25e6b68d12ca6182161cdc389e0da99a8cff29c47b015f1d07a6633e4cf0,consensus_benchmark_exact_v1,prompt_compiler_v2_split_g_f,569596925,pending,Q001,"{""Q001"": ""consensus_estimate_human_primary_cause""}",consensus_exact_step3,c444a6eac0c7b6cd317bc71d70e09e8e9d8b0a57308ceb8b4c11921129cc5ae1
G|LP0131|ConsensusExact|step3|attempt_1,G-cbaad126029eceacc473564a6edc7ececa07173e,G,target,LP0131,Consensus,consensus_exact_step3_estimate,1,google/gemma-4-31B-it,8a1619043c5bcbe09ed8b253ad190d609b36523da3cfe4ad27ba1132cb59ecb6,ec9f25e6b68d12ca6182161cdc389e0da99a8cff29c47b015f1d07a6633e4cf0,consensus_benchmark_exact_v1,prompt_compiler_v2_split_g_f,435450107,pending,Q001,"{""Q001"": ""consensus_estimate_human_primary_cause""}",consensus_exact_step3,c444a6eac0c7b6cd317bc71d70e09e8e9d8b0a57308ceb8b4c11921129cc5ae1
G|LP0132|ConsensusExact|step3|attempt_1,G-ead430d6e3d0bbd7eaddc5f9a1448823e4ba65c0,G,target,LP0132,Consensus,consensus_exact_step3_estimate,1,google/gemma-4-31B-it,807dc08fe0591c3ad3424edf3222fc66502e2654c9ae6b52630a6c5bb7ba6e77,ec9f25e6b68d12ca6182161cdc389e0da99a8cff29c47b015f1d07a6633e4cf0,consensus_benchmark_exact_v1,prompt_compiler_v2_split_g_f,964238728,pending,Q001,"{""Q001"": ""consensus_estimate_human_primary_cause""}",consensus_exact_step3,c444a6eac0c7b6cd317bc71d70e09e8e9d8b0a57308ceb8b4c11921129cc5ae1
G|LP0133|ConsensusExact|step3|attempt_1,G-3b715463cfabfe5c988040473d213f539741d032,G,target,LP0133,Consensus,consensus_exact_step3_estimate,1,google/gemma-4-31B-it,421ab35ef78bae1839c9a414e8c986c9485b6d7f3f64ef85a0d4a3fee44330a6,ec9f25e6b68d12ca6182161cdc389e0da99a8cff29c47b015f1d07a6633e4cf0,consensus_benchmark_exact_v1,prompt_compiler_v2_split_g_f,1183754020,pending,Q001,"{""Q001"": ""consensus_estimate_human_primary_cause""}",consensus_exact_step3,c444a6eac0c7b6cd317bc71d70e09e8e9d8b0a57308ceb8b4c11921129cc5ae1
G|LP0134|ConsensusExact|step3|attempt_1,G-0b4e47261fb319293890d8ecb5a994822f75c2d4,G,target,LP0134,Consensus,consensus_exact_step3_estimate,1,google/gemma-4-31B-it,072873907520c1bee0572db8267d64f583241247493b21295dcebb48b966072c,ec9f25e6b68d12ca6182161cdc389e0da99a8cff29c47b015f1d07a6633e4cf0,consensus_benchmark_exact_v1,prompt_compiler_v2_split_g_f,911189877,pending,Q001,"{""Q001"": ""consensus_estimate_co2_warms_planet""}",consensus_exact_step3,c444a6eac0c7b6cd317bc71d70e09e8e9d8b0a57308ceb8b4c11921129cc5ae1
G|LP0135|ConsensusExact|step3|attempt_1,G-dde12eb516b94befc586147a1b63e1862cf6379a,G,target,LP0135,Consensus,consensus_exact_step3_estimate,1,google/gemma-4-31B-it,c8bd638acb6c0b3576eb9916191fba527ac69372f223c6056ba2feaf7c7d4a27,ec9f25e6b68d12ca6182161cdc389e0da99a8cff29c47b015f1d07a6633e4cf0,consensus_benchmark_exact_v1,prompt_compiler_v2_split_g_f,1383835996,pending,Q001,"{""Q001"": ""consensus_estimate_co2_warms_planet""}",consensus_exact_step3,c444a6eac0c7b6cd317bc71d70e09e8e9d8b0a57308ceb8b4c11921129cc5ae1
G|LP0136|ConsensusExact|step3|attempt_1,G-9466ba0b062fc80c3940cfeee5e7b06a039c22e3,G,target,LP0136,Consensus,consensus_exact_step3_estimate,1,google/gemma-4-31B-it,ea6ea047ee58beb87da91af2892aaa354f9ac3e398a9129808857fdc42d83585,ec9f25e6b68d12ca6182161cdc389e0da99a8cff29c47b015f1d07a6633e4cf0,consensus_benchmark_exact_v1,prompt_compiler_v2_split_g_f,788347940,pending,Q001,"{""Q001"": ""consensus_estimate_co2_warms_planet""}",consensus_exact_step3,c444a6eac0c7b6cd317bc71d70e09e8e9d8b0a57308ceb8b4c11921129cc5ae1
G|LP0137|ConsensusExact|step3|attempt_1,G-59b134a2403b8dd07cb9b44b7f9669ab4be4f5a2,G,target,LP0137,Consensus,consensus_exact_step3_estimate,1,google/gemma-4-31B-it,90ed33d7dc3138176fb99c68021f58bf701af6a3d2314af4e6cba670e0259aaf,ec9f25e6b68d12ca6182161cdc389e0da99a8cff29c47b015f1d07a6633e4cf0,consensus_benchmark_exact_v1,prompt_compiler_v2_split_g_f,1939732245,pending,Q001,"{""Q001"": ""consensus_estimate_co2_warms_planet""}",consensus_exact_step3,c444a6eac0c7b6cd317bc71d70e09e8e9d8b0a57308ceb8b4c11921129cc5ae1
G|LP0138|ConsensusExact|step3|attempt_1,G-3a1db14f70a64599601e07fb7bbea89a78edd6ad,G,target,LP0138,Consensus,consensus_exact_step3_estimate,1,google/gemma-4-31B-it,3d637783bf2bc28e3526e0589101829f8ccd94f48932a1937a095dfd482f571a,ec9f25e6b68d12ca6182161cdc389e0da99a8cff29c47b015f1d07a6633e4cf0,consensus_benchmark_exact_v1,prompt_compiler_v2_split_g_f,1692510264,pending,Q001,"{""Q001"": ""consensus_estimate_human_primary_cause""}",consensus_exact_step3,c444a6eac0c7b6cd317bc71d70e09e8e9d8b0a57308ceb8b4c11921129cc5ae1
G|LP0139|ConsensusExact|step3|attempt_1,G-75919cfc2bfa95493c5df06e0aac48ab8060a446,G,target,LP0139,Consensus,consensus_exact_step3_estimate,1,google/gemma-4-31B-it,a050b6dfe70f15eebf2385f7caffb34c2a689ec9ef9c1d12a75ae08ceced3069,ec9f25e6b68d12ca6182161cdc389e0da99a8cff29c47b015f1d07a6633e4cf0,consensus_benchmark_exact_v1,prompt_compiler_v2_split_g_f,387829571,pending,Q001,"{""Q001"": ""consensus_estimate_human_primary_cause""}",consensus_exact_step3,c444a6eac0c7b6cd317bc71d70e09e8e9d8b0a57308ceb8b4c11921129cc5ae1
G|LP0140|ConsensusExact|step3|attempt_1,G-551016b9c7519be5ca951ed4210d9dc07bddef12,G,target,LP0140,Consensus,consensus_exact_step3_estimate,1,google/gemma-4-31B-it,6f4d9aef4f67ee6e97d1240ebfa3ef878229669235a8a07ca78b75232d6aa040,ec9f25e6b68d12ca6182161cdc389e0da99a8cff29c47b015f1d07a6633e4cf0,consensus_benchmark_exact_v1,prompt_compiler_v2_split_g_f,1903282521,pending,Q001,"{""Q001"": ""consensus_estimate_human_primary_cause""}",consensus_exact_step3,c444a6eac0c7b6cd317bc71d70e09e8e9d8b0a57308ceb8b4c11921129cc5ae1
G|LP0141|ConsensusExact|step3|attempt_1,G-3bed2ddce76929e2c5fc830b5527cf97be0b3a7c,G,target,LP0141,Consensus,consensus_exact_step3_estimate,1,google/gemma-4-31B-it,2ecbaf1eda4edd3711a3c70a7e5056df46580368f99f9099f6d7db24a418f3d1,ec9f25e6b68d12ca6182161cdc389e0da99a8cff29c47b015f1d07a6633e4cf0,consensus_benchmark_exact_v1,prompt_compiler_v2_split_g_f,1598260636,pending,Q001,"{""Q001"": ""consensus_estimate_human_primary_cause""}",consensus_exact_step3,c444a6eac0c7b6cd317bc71d70e09e8e9d8b0a57308ceb8b4c11921129cc5ae1
G|LP0142|ConsensusExact|step3|attempt_1,G-c2a5a080d33ed3abd1cf0c2ff4b052a1afad4ddc,G,target,LP0142,Consensus,consensus_exact_step3_estimate,1,google/gemma-4-31B-it,95213d9ae2ed845845b8d35154fe22d3850800d172049f942a3b76f8fd33f588,ec9f25e6b68d12ca6182161cdc389e0da99a8cff29c47b015f1d07a6633e4cf0,consensus_benchmark_exact_v1,prompt_compiler_v2_split_g_f,1485444271,pending,Q001,"{""Q001"": ""consensus_estimate_human_primary_cause""}",consensus_exact_step3,c444a6eac0c7b6cd317bc71d70e09e8e9d8b0a57308ceb8b4c11921129cc5ae1
G|LP0143|ConsensusExact|step3|attempt_1,G-c6215a70fcf3e0106ffc19ee2271bdbd65226862,G,target,LP0143,Consensus,consensus_exact_step3_estimate,1,google/gemma-4-31B-it,7fd51887a5a0e12b1021c69c7bf5b43fee49c948e9fc842af97373d82b73f03f,ec9f25e6b68d12ca6182161cdc389e0da99a8cff29c47b015f1d07a6633e4cf0,consensus_benchmark_exact_v1,prompt_compiler_v2_split_g_f,154572021,pending,Q001,"{""Q001"": ""consensus_estimate_human_primary_cause""}",consensus_exact_step3,c444a6eac0c7b6cd317bc71d70e09e8e9d8b0a57308ceb8b4c11921129cc5ae1
G|LP0144|ConsensusExact|step3|attempt_1,G-6ff236d81ffc34805722863e9da260454284d15c,G,target,LP0144,Consensus,consensus_exact_step3_estimate,1,google/gemma-4-31B-it,2a6577938998b66b9eb5f925fe748dbd614039a4226cff88b968be266a080105,ec9f25e6b68d12ca6182161cdc389e0da99a8cff29c47b015f1d07a6633e4cf0,consensus_benchmark_exact_v1,prompt_compiler_v2_split_g_f,2145428017,pending,Q001,"{""Q001"": ""consensus_estimate_co2_warms_planet""}",consensus_exact_step3,c444a6eac0c7b6cd317bc71d70e09e8e9d8b0a57308ceb8b4c11921129cc5ae1
G|LP0145|ConsensusExact|step3|attempt_1,G-6e0b5588a48604405ce20970fb450316657ffe75,G,target,LP0145,Consensus,consensus_exact_step3_estimate,1,google/gemma-4-31B-it,fc1f0797e25884ba60126847f1cdd979e9f8dfe930aed2ac7cdb91c364e9ccac,ec9f25e6b68d12ca6182161cdc389e0da99a8cff29c47b015f1d07a6633e4cf0,consensus_benchmark_exact_v1,prompt_compiler_v2_split_g_f,10268499,pending,Q001,"{""Q001"": ""consensus_estimate_human_primary_cause""}",consensus_exact_step3,c444a6eac0c7b6cd317bc71d70e09e8e9d8b0a57308ceb8b4c11921129cc5ae1
G|LP0146|ConsensusExact|step3|attempt_1,G-7fe5926a7bbf707cac44f3f228b065b123604398,G,target,LP0146,Consensus,consensus_exact_step3_estimate,1,google/gemma-4-31B-it,e6b7753585fb439c4c451365c5f0035134e3f63a440f98e49cc5f153e46132ac,ec9f25e6b68d12ca6182161cdc389e0da99a8cff29c47b015f1d07a6633e4cf0,consensus_benchmark_exact_v1,prompt_compiler_v2_split_g_f,2072679762,pending,Q001,"{""Q001"": ""consensus_estimate_human_primary_cause""}",consensus_exact_step3,c444a6eac0c7b6cd317bc71d70e09e8e9d8b0a57308ceb8b4c11921129cc5ae1
G|LP0147|ConsensusExact|step3|attempt_1,G-1fdc28936f82a4413910396d88fdb02a8decacbe,G,target,LP0147,Consensus,consensus_exact_step3_estimate,1,google/gemma-4-31B-it,22aeac4127e0e526bedc35b106ba78216c47b6f8f6e894160fa8622ebf7d31af,ec9f25e6b68d12ca6182161cdc389e0da99a8cff29c47b015f1d07a6633e4cf0,consensus_benchmark_exact_v1,prompt_compiler_v2_split_g_f,792393064,pending,Q001,"{""Q001"": ""consensus_estimate_co2_warms_planet""}",consensus_exact_step3,c444a6eac0c7b6cd317bc71d70e09e8e9d8b0a57308ceb8b4c11921129cc5ae1
G|LP0148|ConsensusExact|step3|attempt_1,G-a6aa72aa77664166b5265857050ffce431e31116,G,target,LP0148,Consensus,consensus_exact_step3_estimate,1,google/gemma-4-31B-it,5f1166fbdce176f1a1184fd10d83b75e21d5b0a1a044947c08d4f23b25074201,ec9f25e6b68d12ca6182161cdc389e0da99a8cff29c47b015f1d07a6633e4cf0,consensus_benchmark_exact_v1,prompt_compiler_v2_split_g_f,1153115837,pending,Q001,"{""Q001"": ""consensus_estimate_human_primary_cause""}",consensus_exact_step3,c444a6eac0c7b6cd317bc71d70e09e8e9d8b0a57308ceb8b4c11921129cc5ae1
G|LP0149|ConsensusExact|step3|attempt_1,G-889b4d78d796a6df211422ca686504892c57be18,G,target,LP0149,Consensus,consensus_exact_step3_estimate,1,google/gemma-4-31B-it,fc7a77948b1df45345ea06c1b4ed7374d72d19008da67fc7973bedc88b33b0a2,ec9f25e6b68d12ca6182161cdc389e0da99a8cff29c47b015f1d07a6633e4cf0,consensus_benchmark_exact_v1,prompt_compiler_v2_split_g_f,1758282194,pending,Q001,"{""Q001"": ""consensus_estimate_co2_warms_planet""}",consensus_exact_step3,c444a6eac0c7b6cd317bc71d70e09e8e9d8b0a57308ceb8b4c11921129cc5ae1
G|LP0150|ConsensusExact|step3|attempt_1,G-0e872c770a60219cb2215514a60fb91ea79c5ad6,G,target,LP0150,Consensus,consensus_exact_step3_estimate,1,google/gemma-4-31B-it,4f3a23bf5553650250a757d6ff19c86285861ebda43ed2ada153fe7f4f8f0ca9,ec9f25e6b68d12ca6182161cdc389e0da99a8cff29c47b015f1d07a6633e4cf0,consensus_benchmark_exact_v1,prompt_compiler_v2_split_g_f,661551754,pending,Q001,"{""Q001"": ""consensus_estimate_co2_warms_planet""}",consensus_exact_step3,c444a6eac0c7b6cd317bc71d70e09e8e9d8b0a57308ceb8b4c11921129cc5ae1
G|LP0151|ConsensusExact|step3|attempt_1,G-0d61657da4acbb95b37c7b04f796572c6eebaa7c,G,target,LP0151,Consensus,consensus_exact_step3_estimate,1,google/gemma-4-31B-it,4bf0f070e86836169c5acd7e5f33e4be8bdad9916f40799ec730f30c1956c5f6,ec9f25e6b68d12ca6182161cdc389e0da99a8cff29c47b015f1d07a6633e4cf0,consensus_benchmark_exact_v1,prompt_compiler_v2_split_g_f,1064273552,pending,Q001,"{""Q001"": ""consensus_estimate_human_primary_cause""}",consensus_exact_step3,c444a6eac0c7b6cd317bc71d70e09e8e9d8b0a57308ceb8b4c11921129cc5ae1
G|LP0152|ConsensusExact|step3|attempt_1,G-ae020f0f3123d788859a06ae064fbda6b470cdb4,G,target,LP0152,Consensus,consensus_exact_step3_estimate,1,google/gemma-4-31B-it,17701c92d2972faefb2983b75c8e68ccb90d3f6cb42ae79801d285123c7d0a79,ec9f25e6b68d12ca6182161cdc389e0da99a8cff29c47b015f1d07a6633e4cf0,consensus_benchmark_exact_v1,prompt_compiler_v2_split_g_f,220722601,pending,Q001,"{""Q001"": ""consensus_estimate_human_primary_cause""}",consensus_exact_step3,c444a6eac0c7b6cd317bc71d70e09e8e9d8b0a57308ceb8b4c11921129cc5ae1
G|LP0153|ConsensusExact|step3|attempt_1,G-d69c41a354ed74ac007421741ebfab6c4e6b3db2,G,target,LP0153,Consensus,consensus_exact_step3_estimate,1,google/gemma-4-31B-it,ff02ae51c765135eb51da0b00e65cb2c4bf27b2cacfaeb53646a366d8321a666,ec9f25e6b68d12ca6182161cdc389e0da99a8cff29c47b015f1d07a6633e4cf0,consensus_benchmark_exact_v1,prompt_compiler_v2_split_g_f,36042742,pending,Q001,"{""Q001"": ""consensus_estimate_co2_warms_planet""}",consensus_exact_step3,c444a6eac0c7b6cd317bc71d70e09e8e9d8b0a57308ceb8b4c11921129cc5ae1
G|LP0154|ConsensusExact|step3|attempt_1,G-75d476844a1d48aa60179a60aaf191511e51f2f7,G,target,LP0154,Consensus,consensus_exact_step3_estimate,1,google/gemma-4-31B-it,4ce38d6fa7ab8896881f6e1185648d1c25a7ff720c308adb4293b368de25e801,ec9f25e6b68d12ca6182161cdc389e0da99a8cff29c47b015f1d07a6633e4cf0,consensus_benchmark_exact_v1,prompt_compiler_v2_split_g_f,902182324,pending,Q001,"{""Q001"": ""consensus_estimate_co2_warms_planet""}",consensus_exact_step3,c444a6eac0c7b6cd317bc71d70e09e8e9d8b0a57308ceb8b4c11921129cc5ae1
G|LP0155|ConsensusExact|step3|attempt_1,G-afdaa0ecb8c84ad056333d544566bc4a6b044a7b,G,target,LP0155,Consensus,consensus_exact_step3_estimate,1,google/gemma-4-31B-it,9841fde36979389a8dd3ca1dc2db85cd3fed2e55616fb76d4192d4c38befbc9a,ec9f25e6b68d12ca6182161cdc389e0da99a8cff29c47b015f1d07a6633e4cf0,consensus_benchmark_exact_v1,prompt_compiler_v2_split_g_f,410881196,pending,Q001,"{""Q001"": ""consensus_estimate_human_primary_cause""}",consensus_exact_step3,c444a6eac0c7b6cd317bc71d70e09e8e9d8b0a57308ceb8b4c11921129cc5ae1
G|LP0156|ConsensusExact|step3|attempt_1,G-78175e40ddcfef43966b8d201c3299f41d3d5f87,G,target,LP0156,Consensus,consensus_exact_step3_estimate,1,google/gemma-4-31B-it,a266b5d0a074d54fe32f90ad5146843c8e11598901d5a8fd4ba40a8c580eb9df,ec9f25e6b68d12ca6182161cdc389e0da99a8cff29c47b015f1d07a6633e4cf0,consensus_benchmark_exact_v1,prompt_compiler_v2_split_g_f,1308535750,pending,Q001,"{""Q001"": ""consensus_estimate_human_primary_cause""}",consensus_exact_step3,c444a6eac0c7b6cd317bc71d70e09e8e9d8b0a57308ceb8b4c11921129cc5ae1
G|LP0157|ConsensusExact|step3|attempt_1,G-251d171ba3c3d154cbc8f2f3db4bb52345fd8c2a,G,target,LP0157,Consensus,consensus_exact_step3_estimate,1,google/gemma-4-31B-it,981927d7a6ec65e9c7901ebb37043921d0cfca6393d9bdafbbd1ac049a981405,ec9f25e6b68d12ca6182161cdc389e0da99a8cff29c47b015f1d07a6633e4cf0,consensus_benchmark_exact_v1,prompt_compiler_v2_split_g_f,1845362571,pending,Q001,"{""Q001"": ""consensus_estimate_human_primary_cause""}",consensus_exact_step3,c444a6eac0c7b6cd317bc71d70e09e8e9d8b0a57308ceb8b4c11921129cc5ae1
G|LP0158|ConsensusExact|step3|attempt_1,G-825e41a710470cd53e47d3e2b4b9373de200aa6c,G,target,LP0158,Consensus,consensus_exact_step3_estimate,1,google/gemma-4-31B-it,7de692a3e903a05a55f184daa8b59a9a905698fe37d9d2acd96373617455d257,ec9f25e6b68d12ca6182161cdc389e0da99a8cff29c47b015f1d07a6633e4cf0,consensus_benchmark_exact_v1,prompt_compiler_v2_split_g_f,352555045,pending,Q001,"{""Q001"": ""consensus_estimate_human_primary_cause""}",consensus_exact_step3,c444a6eac0c7b6cd317bc71d70e09e8e9d8b0a57308ceb8b4c11921129cc5ae1
G|LP0159|ConsensusExact|step3|attempt_1,G-e163ae903b1a840edcd2cc50d114e02db3922b0d,G,target,LP0159,Consensus,consensus_exact_step3_estimate,1,google/gemma-4-31B-it,c0f4cc5ece3980975fbd7fb8a99b33f34f7c2ba454360b0fbf96288cd3e84918,ec9f25e6b68d12ca6182161cdc389e0da99a8cff29c47b015f1d07a6633e4cf0,consensus_benchmark_exact_v1,prompt_compiler_v2_split_g_f,2111955249,pending,Q001,"{""Q001"": ""consensus_estimate_co2_warms_planet""}",consensus_exact_step3,c444a6eac0c7b6cd317bc71d70e09e8e9d8b0a57308ceb8b4c11921129cc5ae1
G|LP0160|ConsensusExact|step3|attempt_1,G-c69aa0a18de3b23d8911279c9e40d1a65df1176e,G,target,LP0160,Consensus,consensus_exact_step3_estimate,1,google/gemma-4-31B-it,4b7542425af6101bc18b01698a90c35a5f3ca08157f674b833d2fe722b8a26ee,ec9f25e6b68d12ca6182161cdc389e0da99a8cff29c47b015f1d07a6633e4cf0,consensus_benchmark_exact_v1,prompt_compiler_v2_split_g_f,454620035,pending,Q001,"{""Q001"": ""consensus_estimate_co2_warms_planet""}",consensus_exact_step3,c444a6eac0c7b6cd317bc71d70e09e8e9d8b0a57308ceb8b4c11921129cc5ae1
G|LP0161|ConsensusExact|step3|attempt_1,G-67dc26e232e6b2f1c5e63ac9a792ac22788417a3,G,target,LP0161,Consensus,consensus_exact_step3_estimate,1,google/gemma-4-31B-it,fe63439fc66996cd90253ea35dec7f8114a40be88ae8becb44d068ec9a709dce,ec9f25e6b68d12ca6182161cdc389e0da99a8cff29c47b015f1d07a6633e4cf0,consensus_benchmark_exact_v1,prompt_compiler_v2_split_g_f,43974839,pending,Q001,"{""Q001"": ""consensus_estimate_human_primary_cause""}",consensus_exact_step3,c444a6eac0c7b6cd317bc71d70e09e8e9d8b0a57308ceb8b4c11921129cc5ae1
G|LP0162|ConsensusExact|step3|attempt_1,G-aa33d04ed8cd4fdcee3e3c67a7e48cb3b4055f5d,G,target,LP0162,Consensus,consensus_exact_step3_estimate,1,google/gemma-4-31B-it,7debcf71015b6476c77a96f0ffe6532e8e122552bf603babe026f36fed6d6c11,ec9f25e6b68d12ca6182161cdc389e0da99a8cff29c47b015f1d07a6633e4cf0,consensus_benchmark_exact_v1,prompt_compiler_v2_split_g_f,758444156,pending,Q001,"{""Q001"": ""consensus_estimate_co2_warms_planet""}",consensus_exact_step3,c444a6eac0c7b6cd317bc71d70e09e8e9d8b0a57308ceb8b4c11921129cc5ae1
G|LP0163|ConsensusExact|step3|attempt_1,G-cc752565657fe2ff551698cde48406e68b3c163d,G,target,LP0163,Consensus,consensus_exact_step3_estimate,1,google/gemma-4-31B-it,cab64e6f3c7e5264f58f865c502caeb2d11f331d8f3cb0bc5cb7e36d458888e1,ec9f25e6b68d12ca6182161cdc389e0da99a8cff29c47b015f1d07a6633e4cf0,consensus_benchmark_exact_v1,prompt_compiler_v2_split_g_f,2120887756,pending,Q001,"{""Q001"": ""consensus_estimate_human_primary_cause""}",consensus_exact_step3,c444a6eac0c7b6cd317bc71d70e09e8e9d8b0a57308ceb8b4c11921129cc5ae1
G|LP0164|ConsensusExact|step3|attempt_1,G-78a09459a1bf7909d8b92dbf3491643953a96f0c,G,target,LP0164,Consensus,consensus_exact_step3_estimate,1,google/gemma-4-31B-it,a88aae4c8c496bf7bed5326b7a88f87cd9ec6b3e8549ca1426bc4a5f6f9bc02b,ec9f25e6b68d12ca6182161cdc389e0da99a8cff29c47b015f1d07a6633e4cf0,consensus_benchmark_exact_v1,prompt_compiler_v2_split_g_f,318808510,pending,Q001,"{""Q001"": ""consensus_estimate_co2_warms_planet""}",consensus_exact_step3,c444a6eac0c7b6cd317bc71d70e09e8e9d8b0a57308ceb8b4c11921129cc5ae1
G|LP0165|ConsensusExact|step3|attempt_1,G-5e65e81edcc85685231dc29ec62b6ee8b2cc068f,G,target,LP0165,Consensus,consensus_exact_step3_estimate,1,google/gemma-4-31B-it,e13f2dea10fec02bb3c230d9a8d322dd5edad5b69a74b08ecd9c71a046978d6f,ec9f25e6b68d12ca6182161cdc389e0da99a8cff29c47b015f1d07a6633e4cf0,consensus_benchmark_exact_v1,prompt_compiler_v2_split_g_f,429139652,pending,Q001,"{""Q001"": ""consensus_estimate_human_primary_cause""}",consensus_exact_step3,c444a6eac0c7b6cd317bc71d70e09e8e9d8b0a57308ceb8b4c11921129cc5ae1
G|LP0166|ConsensusExact|step3|attempt_1,G-4949c207212e422a19cf853c849b9934a5b8421b,G,target,LP0166,Consensus,consensus_exact_step3_estimate,1,google/gemma-4-31B-it,566bfe8f701e41c11f7e79fb09a04b63949f325e721f2f9e1836ef2f15334924,ec9f25e6b68d12ca6182161cdc389e0da99a8cff29c47b015f1d07a6633e4cf0,consensus_benchmark_exact_v1,prompt_compiler_v2_split_g_f,868337209,pending,Q001,"{""Q001"": ""consensus_estimate_co2_warms_planet""}",consensus_exact_step3,c444a6eac0c7b6cd317bc71d70e09e8e9d8b0a57308ceb8b4c11921129cc5ae1
G|LP0167|ConsensusExact|step3|attempt_1,G-7d2d922454510610b119d4013f76b47916593d9a,G,target,LP0167,Consensus,consensus_exact_step3_estimate,1,google/gemma-4-31B-it,2a5b7ca0b074a8f3f6e10d96fd89e8e2a781d10e7efed511eb79cbdc7905d307,ec9f25e6b68d12ca6182161cdc389e0da99a8cff29c47b015f1d07a6633e4cf0,consensus_benchmark_exact_v1,prompt_compiler_v2_split_g_f,1319905882,pending,Q001,"{""Q001"": ""consensus_estimate_human_primary_cause""}",consensus_exact_step3,c444a6eac0c7b6cd317bc71d70e09e8e9d8b0a57308ceb8b4c11921129cc5ae1
G|LP0168|ConsensusExact|step3|attempt_1,G-f597a0d0e33339f01f06e74c3f3dc346f8fdeea1,G,target,LP0168,Consensus,consensus_exact_step3_estimate,1,google/gemma-4-31B-it,a29d679ff85d55f264afd58d8d2ad6f863ba0fe074b38fe016c43c8871139356,ec9f25e6b68d12ca6182161cdc389e0da99a8cff29c47b015f1d07a6633e4cf0,consensus_benchmark_exact_v1,prompt_compiler_v2_split_g_f,1315077013,pending,Q001,"{""Q001"": ""consensus_estimate_human_primary_cause""}",consensus_exact_step3,c444a6eac0c7b6cd317bc71d70e09e8e9d8b0a57308ceb8b4c11921129cc5ae1
G|LP0169|ConsensusExact|step3|attempt_1,G-5c0b300d497cb373d94a8b71359c90d89346704d,G,target,LP0169,Consensus,consensus_exact_step3_estimate,1,google/gemma-4-31B-it,f8e51c68eef8b65864955b600aca767a6ebd3b2019464251df82221fe26d5eb3,ec9f25e6b68d12ca6182161cdc389e0da99a8cff29c47b015f1d07a6633e4cf0,consensus_benchmark_exact_v1,prompt_compiler_v2_split_g_f,26416015,pending,Q001,"{""Q001"": ""consensus_estimate_co2_warms_planet""}",consensus_exact_step3,c444a6eac0c7b6cd317bc71d70e09e8e9d8b0a57308ceb8b4c11921129cc5ae1
G|LP0170|ConsensusExact|step3|attempt_1,G-13668257e5bb358cad13f47fed79b0d48828913b,G,target,LP0170,Consensus,consensus_exact_step3_estimate,1,google/gemma-4-31B-it,e3848fcae84225b3ffbee4c4f75c078b63a723d57e9235b7cbf0b73934e01319,ec9f25e6b68d12ca6182161cdc389e0da99a8cff29c47b015f1d07a6633e4cf0,consensus_benchmark_exact_v1,prompt_compiler_v2_split_g_f,210254396,pending,Q001,"{""Q001"": ""consensus_estimate_human_primary_cause""}",consensus_exact_step3,c444a6eac0c7b6cd317bc71d70e09e8e9d8b0a57308ceb8b4c11921129cc5ae1
G|LP0171|ConsensusExact|step3|attempt_1,G-35c0a18c5f62659ba5a79aa322a6dc06cd69b256,G,target,LP0171,Consensus,consensus_exact_step3_estimate,1,google/gemma-4-31B-it,a23505b60e6897a8dfa451669f2fb9b0fef49e0a88386ec256aa1229057824ef,ec9f25e6b68d12ca6182161cdc389e0da99a8cff29c47b015f1d07a6633e4cf0,consensus_benchmark_exact_v1,prompt_compiler_v2_split_g_f,1256433844,pending,Q001,"{""Q001"": ""consensus_estimate_human_primary_cause""}",consensus_exact_step3,c444a6eac0c7b6cd317bc71d70e09e8e9d8b0a57308ceb8b4c11921129cc5ae1
G|LP0172|ConsensusExact|step3|attempt_1,G-945fb5f5836ad59b9a00239f91c01d009e0e1583,G,target,LP0172,Consensus,consensus_exact_step3_estimate,1,google/gemma-4-31B-it,ccecc5b335478b7fa617f8ce4b56b3d7f8818ac272037386a461b0fb11e35f2a,ec9f25e6b68d12ca6182161cdc389e0da99a8cff29c47b015f1d07a6633e4cf0,consensus_benchmark_exact_v1,prompt_compiler_v2_split_g_f,740966792,pending,Q001,"{""Q001"": ""consensus_estimate_co2_warms_planet""}",consensus_exact_step3,c444a6eac0c7b6cd317bc71d70e09e8e9d8b0a57308ceb8b4c11921129cc5ae1
G|LP0173|ConsensusExact|step3|attempt_1,G-bb73cac4ee82d5a06c3cb5009bf6c5ff19cd58e1,G,target,LP0173,Consensus,consensus_exact_step3_estimate,1,google/gemma-4-31B-it,08c91f7ec6ad2b190c3b739cbf649a8a229afe3e183092049c06ae35e662558f,ec9f25e6b68d12ca6182161cdc389e0da99a8cff29c47b015f1d07a6633e4cf0,consensus_benchmark_exact_v1,prompt_compiler_v2_split_g_f,1701473068,pending,Q001,"{""Q001"": ""consensus_estimate_co2_warms_planet""}",consensus_exact_step3,c444a6eac0c7b6cd317bc71d70e09e8e9d8b0a57308ceb8b4c11921129cc5ae1
G|LP0174|ConsensusExact|step3|attempt_1,G-a845c9a70d5e36704d040dfb1e6c14fabc88b0d8,G,target,LP0174,Consensus,consensus_exact_step3_estimate,1,google/gemma-4-31B-it,7e7306f676d3220bbf822cbb8fc33934cedd3f06aefc6d6584d4d55bc9ce1a53,ec9f25e6b68d12ca6182161cdc389e0da99a8cff29c47b015f1d07a6633e4cf0,consensus_benchmark_exact_v1,prompt_compiler_v2_split_g_f,1575602624,pending,Q001,"{""Q001"": ""consensus_estimate_co2_warms_planet""}",consensus_exact_step3,c444a6eac0c7b6cd317bc71d70e09e8e9d8b0a57308ceb8b4c11921129cc5ae1
G|LP0175|ConsensusExact|step3|attempt_1,G-edfeb45a2bbfb05d46e286a17b5ebe10bfc98088,G,target,LP0175,Consensus,consensus_exact_step3_estimate,1,google/gemma-4-31B-it,75affd15d0a7d87110aadab2ad2fa8385a7164631613c0e087e8985b44acdad0,ec9f25e6b68d12ca6182161cdc389e0da99a8cff29c47b015f1d07a6633e4cf0,consensus_benchmark_exact_v1,prompt_compiler_v2_split_g_f,129833237,pending,Q001,"{""Q001"": ""consensus_estimate_human_primary_cause""}",consensus_exact_step3,c444a6eac0c7b6cd317bc71d70e09e8e9d8b0a57308ceb8b4c11921129cc5ae1
G|LP0176|ConsensusExact|step3|attempt_1,G-786a15b3ad5bac435894b800e63fc39721377e16,G,target,LP0176,Consensus,consensus_exact_step3_estimate,1,google/gemma-4-31B-it,f9cd8ea03c6365b641932bb890bdfbbcbfafde5c26f49d7fcf9d2c095a572547,ec9f25e6b68d12ca6182161cdc389e0da99a8cff29c47b015f1d07a6633e4cf0,consensus_benchmark_exact_v1,prompt_compiler_v2_split_g_f,506451884,pending,Q001,"{""Q001"": ""consensus_estimate_co2_warms_planet""}",consensus_exact_step3,c444a6eac0c7b6cd317bc71d70e09e8e9d8b0a57308ceb8b4c11921129cc5ae1
G|LP0177|ConsensusExact|step3|attempt_1,G-acd82659f132c0d2bb504e0772360eab7e0cc50c,G,target,LP0177,Consensus,consensus_exact_step3_estimate,1,google/gemma-4-31B-it,5c0ced987cb6f77be7cd96d1fac42436ee4a9c9ca15b2ea43d3ba55ee6601e8b,ec9f25e6b68d12ca6182161cdc389e0da99a8cff29c47b015f1d07a6633e4cf0,consensus_benchmark_exact_v1,prompt_compiler_v2_split_g_f,1256394120,pending,Q001,"{""Q001"": ""consensus_estimate_human_primary_cause""}",consensus_exact_step3,c444a6eac0c7b6cd317bc71d70e09e8e9d8b0a57308ceb8b4c11921129cc5ae1
G|LP0178|ConsensusExact|step3|attempt_1,G-85b1152b03114c18f57f691a1012e888b98c349c,G,target,LP0178,Consensus,consensus_exact_step3_estimate,1,google/gemma-4-31B-it,46e1915bf69e2c6e7294754774a1f0f829f76b46cf1517829d894313824e01d9,ec9f25e6b68d12ca6182161cdc389e0da99a8cff29c47b015f1d07a6633e4cf0,consensus_benchmark_exact_v1,prompt_compiler_v2_split_g_f,242447984,pending,Q001,"{""Q001"": ""consensus_estimate_co2_warms_planet""}",consensus_exact_step3,c444a6eac0c7b6cd317bc71d70e09e8e9d8b0a57308ceb8b4c11921129cc5ae1
G|LP0179|ConsensusExact|step3|attempt_1,G-7aaf8e6627b403a2769783169a517e1ebab2c7d6,G,target,LP0179,Consensus,consensus_exact_step3_estimate,1,google/gemma-4-31B-it,de4b189244eb1dd7b56d66275cbae7fc5cc6c5c4bcef29753b18020f1a913e4b,ec9f25e6b68d12ca6182161cdc389e0da99a8cff29c47b015f1d07a6633e4cf0,consensus_benchmark_exact_v1,prompt_compiler_v2_split_g_f,487792752,pending,Q001,"{""Q001"": ""consensus_estimate_co2_warms_planet""}",consensus_exact_step3,c444a6eac0c7b6cd317bc71d70e09e8e9d8b0a57308ceb8b4c11921129cc5ae1
G|LP0180|ConsensusExact|step3|attempt_1,G-29b2c85e7464d2f29804ca374818a39b480bd262,G,target,LP0180,Consensus,consensus_exact_step3_estimate,1,google/gemma-4-31B-it,413f93b7da6c21638f2dc72399fb677ab8b1cfdb3e38a6a53f6db72cfac4c8af,ec9f25e6b68d12ca6182161cdc389e0da99a8cff29c47b015f1d07a6633e4cf0,consensus_benchmark_exact_v1,prompt_compiler_v2_split_g_f,1204446127,pending,Q001,"{""Q001"": ""consensus_estimate_co2_warms_planet""}",consensus_exact_step3,c444a6eac0c7b6cd317bc71d70e09e8e9d8b0a57308ceb8b4c11921129cc5ae1
G|LP0181|ConsensusExact|step3|attempt_1,G-ce99e1fbb5f00e0cf9335a7c34105d7db025bdb8,G,target,LP0181,Consensus,consensus_exact_step3_estimate,1,google/gemma-4-31B-it,ea73628581868ec0ade3f03f9d817b63bfd80c2ccb51169c1e577e860ce648e2,ec9f25e6b68d12ca6182161cdc389e0da99a8cff29c47b015f1d07a6633e4cf0,consensus_benchmark_exact_v1,prompt_compiler_v2_split_g_f,1394856454,pending,Q001,"{""Q001"": ""consensus_estimate_co2_warms_planet""}",consensus_exact_step3,c444a6eac0c7b6cd317bc71d70e09e8e9d8b0a57308ceb8b4c11921129cc5ae1
G|LP0182|ConsensusExact|step3|attempt_1,G-a1148928340a443e85ea001d2d38dbc84968471d,G,target,LP0182,Consensus,consensus_exact_step3_estimate,1,google/gemma-4-31B-it,9626f861fb7adffe42c409153ee202d2a267d75b417c21351267e393beb069e9,ec9f25e6b68d12ca6182161cdc389e0da99a8cff29c47b015f1d07a6633e4cf0,consensus_benchmark_exact_v1,prompt_compiler_v2_split_g_f,1983075984,pending,Q001,"{""Q001"": ""consensus_estimate_co2_warms_planet""}",consensus_exact_step3,c444a6eac0c7b6cd317bc71d70e09e8e9d8b0a57308ceb8b4c11921129cc5ae1
G|LP0183|ConsensusExact|step3|attempt_1,G-e30b947e7ef6e9ff144ff352dd4363f8057559fa,G,target,LP0183,Consensus,consensus_exact_step3_estimate,1,google/gemma-4-31B-it,55fde62efb825952bd4da795341d157c8787c11096e0b3f7df4e7584478c2e4f,ec9f25e6b68d12ca6182161cdc389e0da99a8cff29c47b015f1d07a6633e4cf0,consensus_benchmark_exact_v1,prompt_compiler_v2_split_g_f,1158550271,pending,Q001,"{""Q001"": ""consensus_estimate_co2_warms_planet""}",consensus_exact_step3,c444a6eac0c7b6cd317bc71d70e09e8e9d8b0a57308ceb8b4c11921129cc5ae1
G|LP0184|ConsensusExact|step3|attempt_1,G-11cdafebbf8429546e178827e8c2f096e4960f4d,G,target,LP0184,Consensus,consensus_exact_step3_estimate,1,google/gemma-4-31B-it,2b612f8e7e5b4dbf105040299a0fad92b2a400dda648b71a5904a58efeee42fb,ec9f25e6b68d12ca6182161cdc389e0da99a8cff29c47b015f1d07a6633e4cf0,consensus_benchmark_exact_v1,prompt_compiler_v2_split_g_f,1663011115,pending,Q001,"{""Q001"": ""consensus_estimate_co2_warms_planet""}",consensus_exact_step3,c444a6eac0c7b6cd317bc71d70e09e8e9d8b0a57308ceb8b4c11921129cc5ae1
G|LP0185|ConsensusExact|step3|attempt_1,G-706b06d5f8931a86dd960fcc52808666a447e559,G,target,LP0185,Consensus,consensus_exact_step3_estimate,1,google/gemma-4-31B-it,ddf41c3db14f4abbc90cf3320617ba352f13122fdc182c99e3d099530d781e38,ec9f25e6b68d12ca6182161cdc389e0da99a8cff29c47b015f1d07a6633e4cf0,consensus_benchmark_exact_v1,prompt_compiler_v2_split_g_f,1500063795,pending,Q001,"{""Q001"": ""consensus_estimate_co2_warms_planet""}",consensus_exact_step3,c444a6eac0c7b6cd317bc71d70e09e8e9d8b0a57308ceb8b4c11921129cc5ae1
G|LP0186|ConsensusExact|step3|attempt_1,G-e11a569198ca01f84fba3b85d0efec09a77d3a29,G,target,LP0186,Consensus,consensus_exact_step3_estimate,1,google/gemma-4-31B-it,c210652d4ee9dbf3edd0a75ac3d4a3132731eada19ac2ec05bdfcc0271436388,ec9f25e6b68d12ca6182161cdc389e0da99a8cff29c47b015f1d07a6633e4cf0,consensus_benchmark_exact_v1,prompt_compiler_v2_split_g_f,1526640414,pending,Q001,"{""Q001"": ""consensus_estimate_human_primary_cause""}",consensus_exact_step3,c444a6eac0c7b6cd317bc71d70e09e8e9d8b0a57308ceb8b4c11921129cc5ae1
G|LP0187|ConsensusExact|step3|attempt_1,G-d99ed1a4b42aee7ba61daed98e1227b168b69849,G,target,LP0187,Consensus,consensus_exact_step3_estimate,1,google/gemma-4-31B-it,fa4373d461bb69958ffad0c6dfd7f97b9a1187d5c9bd74d4076b226d47ec368d,ec9f25e6b68d12ca6182161cdc389e0da99a8cff29c47b015f1d07a6633e4cf0,consensus_benchmark_exact_v1,prompt_compiler_v2_split_g_f,1734906311,pending,Q001,"{""Q001"": ""consensus_estimate_human_primary_cause""}",consensus_exact_step3,c444a6eac0c7b6cd317bc71d70e09e8e9d8b0a57308ceb8b4c11921129cc5ae1
G|LP0188|ConsensusExact|step3|attempt_1,G-085f900b344de0b86b66b0de00f2314bffd5cb50,G,target,LP0188,Consensus,consensus_exact_step3_estimate,1,google/gemma-4-31B-it,34df054484ed7c76482e0cee4e1f0b1240fee6146910efd1d877ba460d3ce13b,ec9f25e6b68d12ca6182161cdc389e0da99a8cff29c47b015f1d07a6633e4cf0,consensus_benchmark_exact_v1,prompt_compiler_v2_split_g_f,1158480078,pending,Q001,"{""Q001"": ""consensus_estimate_co2_warms_planet""}",consensus_exact_step3,c444a6eac0c7b6cd317bc71d70e09e8e9d8b0a57308ceb8b4c11921129cc5ae1
G|LP0189|ConsensusExact|step3|attempt_1,G-a48b2f33ba150586446789106ced37740856669b,G,target,LP0189,Consensus,consensus_exact_step3_estimate,1,google/gemma-4-31B-it,b8b9fd4eb4da4e0289653073b515131d6a5dbb93d06f9e94f52e9f4d0bea46b5,ec9f25e6b68d12ca6182161cdc389e0da99a8cff29c47b015f1d07a6633e4cf0,consensus_benchmark_exact_v1,prompt_compiler_v2_split_g_f,53175280,pending,Q001,"{""Q001"": ""consensus_estimate_co2_warms_planet""}",consensus_exact_step3,c444a6eac0c7b6cd317bc71d70e09e8e9d8b0a57308ceb8b4c11921129cc5ae1
G|LP0190|ConsensusExact|step3|attempt_1,G-d88e7bda140817fc2378a01ea74f7858d29981b9,G,target,LP0190,Consensus,consensus_exact_step3_estimate,1,google/gemma-4-31B-it,797a51e4666e8a0398d90607b918a376c3e652f0d243e17a0ada21cb14126484,ec9f25e6b68d12ca6182161cdc389e0da99a8cff29c47b015f1d07a6633e4cf0,consensus_benchmark_exact_v1,prompt_compiler_v2_split_g_f,1160056755,pending,Q001,"{""Q001"": ""consensus_estimate_human_primary_cause""}",consensus_exact_step3,c444a6eac0c7b6cd317bc71d70e09e8e9d8b0a57308ceb8b4c11921129cc5ae1
G|LP0191|ConsensusExact|step3|attempt_1,G-8909089c042399683bb8409a4b41335c75a32d9b,G,target,LP0191,Consensus,consensus_exact_step3_estimate,1,google/gemma-4-31B-it,719bfa62a191b2e2197eaaf71113dbbd4c41cad5a62520a45a73661335c7263b,ec9f25e6b68d12ca6182161cdc389e0da99a8cff29c47b015f1d07a6633e4cf0,consensus_benchmark_exact_v1,prompt_compiler_v2_split_g_f,372615842,pending,Q001,"{""Q001"": ""consensus_estimate_co2_warms_planet""}",consensus_exact_step3,c444a6eac0c7b6cd317bc71d70e09e8e9d8b0a57308ceb8b4c11921129cc5ae1
G|LP0192|ConsensusExact|step3|attempt_1,G-a59884458cbf581a64531944825db0a0ffb0c50a,G,target,LP0192,Consensus,consensus_exact_step3_estimate,1,google/gemma-4-31B-it,5c26f981806fc1ca37a6a51f93d99a7e5b599a74601faad8848ea66edaf0adc7,ec9f25e6b68d12ca6182161cdc389e0da99a8cff29c47b015f1d07a6633e4cf0,consensus_benchmark_exact_v1,prompt_compiler_v2_split_g_f,1475371175,pending,Q001,"{""Q001"": ""consensus_estimate_human_primary_cause""}",consensus_exact_step3,c444a6eac0c7b6cd317bc71d70e09e8e9d8b0a57308ceb8b4c11921129cc5ae1
G|LP0193|ConsensusExact|step3|attempt_1,G-81670432f939d8d10ac24c0b35837c960fcbe20d,G,target,LP0193,Consensus,consensus_exact_step3_estimate,1,google/gemma-4-31B-it,6626aff78a6229807c43fae20352d7408a3ae67b3ccb5bd53d5d892ea626973a,ec9f25e6b68d12ca6182161cdc389e0da99a8cff29c47b015f1d07a6633e4cf0,consensus_benchmark_exact_v1,prompt_compiler_v2_split_g_f,2080891192,pending,Q001,"{""Q001"": ""consensus_estimate_co2_warms_planet""}",consensus_exact_step3,c444a6eac0c7b6cd317bc71d70e09e8e9d8b0a57308ceb8b4c11921129cc5ae1
G|LP0194|ConsensusExact|step3|attempt_1,G-a24e13fbbf71bf3eddc5cdcdad5c4dd96e27f5bc,G,target,LP0194,Consensus,consensus_exact_step3_estimate,1,google/gemma-4-31B-it,3ce88a547b5a340e27ddacfd54b8972549b1e8f0b080bf49e9bdd88b0fcf2d69,ec9f25e6b68d12ca6182161cdc389e0da99a8cff29c47b015f1d07a6633e4cf0,consensus_benchmark_exact_v1,prompt_compiler_v2_split_g_f,68020024,pending,Q001,"{""Q001"": ""consensus_estimate_co2_warms_planet""}",consensus_exact_step3,c444a6eac0c7b6cd317bc71d70e09e8e9d8b0a57308ceb8b4c11921129cc5ae1
G|LP0195|ConsensusExact|step3|attempt_1,G-d2eb1b6e869038b4878d433344315a7423454e77,G,target,LP0195,Consensus,consensus_exact_step3_estimate,1,google/gemma-4-31B-it,213a07ac71e1b6c1bbd86f873fc86b0dd553326b71875469b475460dd362f5d4,ec9f25e6b68d12ca6182161cdc389e0da99a8cff29c47b015f1d07a6633e4cf0,consensus_benchmark_exact_v1,prompt_compiler_v2_split_g_f,744910740,pending,Q001,"{""Q001"": ""consensus_estimate_human_primary_cause""}",consensus_exact_step3,c444a6eac0c7b6cd317bc71d70e09e8e9d8b0a57308ceb8b4c11921129cc5ae1
G|LP0196|ConsensusExact|step3|attempt_1,G-059196be5537c4f44e1bfabb3398eab51eabbb49,G,target,LP0196,Consensus,consensus_exact_step3_estimate,1,google/gemma-4-31B-it,0232bfb77bee615a8662adb5cb18dbe51a755a2490b8705fd38fa9c427434847,ec9f25e6b68d12ca6182161cdc389e0da99a8cff29c47b015f1d07a6633e4cf0,consensus_benchmark_exact_v1,prompt_compiler_v2_split_g_f,1616573040,pending,Q001,"{""Q001"": ""consensus_estimate_co2_warms_planet""}",consensus_exact_step3,c444a6eac0c7b6cd317bc71d70e09e8e9d8b0a57308ceb8b4c11921129cc5ae1
G|LP0197|ConsensusExact|step3|attempt_1,G-0448868d8d78f783ee6db9254d6977a2c7d9f6ce,G,target,LP0197,Consensus,consensus_exact_step3_estimate,1,google/gemma-4-31B-it,4d4e7f1556ca4e96986db89705ea5cbc8f2763039a095aaaf069a74513cd6767,ec9f25e6b68d12ca6182161cdc389e0da99a8cff29c47b015f1d07a6633e4cf0,consensus_benchmark_exact_v1,prompt_compiler_v2_split_g_f,369755294,pending,Q001,"{""Q001"": ""consensus_estimate_co2_warms_planet""}",consensus_exact_step3,c444a6eac0c7b6cd317bc71d70e09e8e9d8b0a57308ceb8b4c11921129cc5ae1
G|LP0198|ConsensusExact|step3|attempt_1,G-0404b14eed08990350433119dbea2327521a362d,G,target,LP0198,Consensus,consensus_exact_step3_estimate,1,google/gemma-4-31B-it,86ebf38af94a57b082625c844821169f315b45f94262e4b341d6122d65eba2a4,ec9f25e6b68d12ca6182161cdc389e0da99a8cff29c47b015f1d07a6633e4cf0,consensus_benchmark_exact_v1,prompt_compiler_v2_split_g_f,1964112800,pending,Q001,"{""Q001"": ""consensus_estimate_human_primary_cause""}",consensus_exact_step3,c444a6eac0c7b6cd317bc71d70e09e8e9d8b0a57308ceb8b4c11921129cc5ae1
G|LP0199|ConsensusExact|step3|attempt_1,G-4448c74d78d9ca46577283342b0d07314dc91aba,G,target,LP0199,Consensus,consensus_exact_step3_estimate,1,google/gemma-4-31B-it,cd0e6c4615ecd5d55564308e1c2a3e45b7d915c06b8b4fa5313c31dea1fd6d11,ec9f25e6b68d12ca6182161cdc389e0da99a8cff29c47b015f1d07a6633e4cf0,consensus_benchmark_exact_v1,prompt_compiler_v2_split_g_f,23812322,pending,Q001,"{""Q001"": ""consensus_estimate_human_primary_cause""}",consensus_exact_step3,c444a6eac0c7b6cd317bc71d70e09e8e9d8b0a57308ceb8b4c11921129cc5ae1
G|LP0200|ConsensusExact|step3|attempt_1,G-2f72fba27aa7df9846602cadd80a5c82cee938f0,G,target,LP0200,Consensus,consensus_exact_step3_estimate,1,google/gemma-4-31B-it,2721c8898ef1826f2db774e97467339fd2440ab09b5ec3a91215cf76001afde2,ec9f25e6b68d12ca6182161cdc389e0da99a8cff29c47b015f1d07a6633e4cf0,consensus_benchmark_exact_v1,prompt_compiler_v2_split_g_f,1502467805,pending,Q001,"{""Q001"": ""consensus_estimate_human_primary_cause""}",consensus_exact_step3,c444a6eac0c7b6cd317bc71d70e09e8e9d8b0a57308ceb8b4c11921129cc5ae1
G|LP0201|ConsensusExact|step3|attempt_1,G-eb851b1a6e06ba0b4ebb19f91acfdb3d242116d6,G,target,LP0201,Consensus,consensus_exact_step3_estimate,1,google/gemma-4-31B-it,a5e2dfe10ab5d2af0cb20cf761349f16f8ace398196af3002808aec31d037b3b,ec9f25e6b68d12ca6182161cdc389e0da99a8cff29c47b015f1d07a6633e4cf0,consensus_benchmark_exact_v1,prompt_compiler_v2_split_g_f,1158737987,pending,Q001,"{""Q001"": ""consensus_estimate_co2_warms_planet""}",consensus_exact_step3,c444a6eac0c7b6cd317bc71d70e09e8e9d8b0a57308ceb8b4c11921129cc5ae1
G|LP0202|ConsensusExact|step3|attempt_1,G-aa7d7bb9f7f66823b802b466045d10ee6de20c6d,G,target,LP0202,Consensus,consensus_exact_step3_estimate,1,google/gemma-4-31B-it,9e75391f01899bb58834efdb380be66465d9abc1f3407ba483d8603b5c05b979,ec9f25e6b68d12ca6182161cdc389e0da99a8cff29c47b015f1d07a6633e4cf0,consensus_benchmark_exact_v1,prompt_compiler_v2_split_g_f,1290887065,pending,Q001,"{""Q001"": ""consensus_estimate_human_primary_cause""}",consensus_exact_step3,c444a6eac0c7b6cd317bc71d70e09e8e9d8b0a57308ceb8b4c11921129cc5ae1
G|LP0203|ConsensusExact|step3|attempt_1,G-c00ad2d4a63869b895062e4d5c7cf4b8baa6eb3b,G,target,LP0203,Consensus,consensus_exact_step3_estimate,1,google/gemma-4-31B-it,73c0e62df07b017b3c0729d8e09e105036a35adee2772bc68d9a522c3a723d77,ec9f25e6b68d12ca6182161cdc389e0da99a8cff29c47b015f1d07a6633e4cf0,consensus_benchmark_exact_v1,prompt_compiler_v2_split_g_f,642649956,pending,Q001,"{""Q001"": ""consensus_estimate_human_primary_cause""}",consensus_exact_step3,c444a6eac0c7b6cd317bc71d70e09e8e9d8b0a57308ceb8b4c11921129cc5ae1
G|LP0204|ConsensusExact|step3|attempt_1,G-86c17b00f58aecd2190fe867a13f7a0147d259f1,G,target,LP0204,Consensus,consensus_exact_step3_estimate,1,google/gemma-4-31B-it,117bf27d34f098e2625f837e3c539a5cc0ad9cfd3c26f072b52252382ce6561d,ec9f25e6b68d12ca6182161cdc389e0da99a8cff29c47b015f1d07a6633e4cf0,consensus_benchmark_exact_v1,prompt_compiler_v2_split_g_f,51241686,pending,Q001,"{""Q001"": ""consensus_estimate_co2_warms_planet""}",consensus_exact_step3,c444a6eac0c7b6cd317bc71d70e09e8e9d8b0a57308ceb8b4c11921129cc5ae1
G|LP0205|ConsensusExact|step3|attempt_1,G-719bb88bdab6dac51a91eca5ada8bcb50b33a85e,G,target,LP0205,Consensus,consensus_exact_step3_estimate,1,google/gemma-4-31B-it,3d7fc6f828568f732bf24edad8cef8da30f44599a4c49759713f7f1ee1252875,ec9f25e6b68d12ca6182161cdc389e0da99a8cff29c47b015f1d07a6633e4cf0,consensus_benchmark_exact_v1,prompt_compiler_v2_split_g_f,1039027166,pending,Q001,"{""Q001"": ""consensus_estimate_co2_warms_planet""}",consensus_exact_step3,c444a6eac0c7b6cd317bc71d70e09e8e9d8b0a57308ceb8b4c11921129cc5ae1
G|LP0206|ConsensusExact|step3|attempt_1,G-9feba6f5c17539ec1e574bf48d57abe1331773d8,G,target,LP0206,Consensus,consensus_exact_step3_estimate,1,google/gemma-4-31B-it,503042b185ed1c1d91b11dfb8ec2b6f7f114b986aef7c6dfe475100fcfaf51ea,ec9f25e6b68d12ca6182161cdc389e0da99a8cff29c47b015f1d07a6633e4cf0,consensus_benchmark_exact_v1,prompt_compiler_v2_split_g_f,21792730,pending,Q001,"{""Q001"": ""consensus_estimate_co2_warms_planet""}",consensus_exact_step3,c444a6eac0c7b6cd317bc71d70e09e8e9d8b0a57308ceb8b4c11921129cc5ae1
G|LP0207|ConsensusExact|step3|attempt_1,G-8fc16a6e9249e4b451399d605a029e1a89f73038,G,target,LP0207,Consensus,consensus_exact_step3_estimate,1,google/gemma-4-31B-it,1118d1f6bac409138be82892a0af87bbf919eff806e73e758988ca0c8dffc596,ec9f25e6b68d12ca6182161cdc389e0da99a8cff29c47b015f1d07a6633e4cf0,consensus_benchmark_exact_v1,prompt_compiler_v2_split_g_f,835500435,pending,Q001,"{""Q001"": ""consensus_estimate_human_primary_cause""}",consensus_exact_step3,c444a6eac0c7b6cd317bc71d70e09e8e9d8b0a57308ceb8b4c11921129cc5ae1
G|LP0208|ConsensusExact|step3|attempt_1,G-3b1478b60bac6d82851ce4ee06090138a82f20af,G,target,LP0208,Consensus,consensus_exact_step3_estimate,1,google/gemma-4-31B-it,e3778638f372a1de3c45877e538456353b286f709fa9a9a5d1cae422c99f94b3,ec9f25e6b68d12ca6182161cdc389e0da99a8cff29c47b015f1d07a6633e4cf0,consensus_benchmark_exact_v1,prompt_compiler_v2_split_g_f,30760687,pending,Q001,"{""Q001"": ""consensus_estimate_human_primary_cause""}",consensus_exact_step3,c444a6eac0c7b6cd317bc71d70e09e8e9d8b0a57308ceb8b4c11921129cc5ae1
G|LP0209|ConsensusExact|step3|attempt_1,G-f109c74446fde1ccd522ff1c11b873120fb8f8a4,G,target,LP0209,Consensus,consensus_exact_step3_estimate,1,google/gemma-4-31B-it,ac4ae9747541818e336c1db45bd29fc770795554f8a1435ef207a6d3400e25bc,ec9f25e6b68d12ca6182161cdc389e0da99a8cff29c47b015f1d07a6633e4cf0,consensus_benchmark_exact_v1,prompt_compiler_v2_split_g_f,689008728,pending,Q001,"{""Q001"": ""consensus_estimate_human_primary_cause""}",consensus_exact_step3,c444a6eac0c7b6cd317bc71d70e09e8e9d8b0a57308ceb8b4c11921129cc5ae1
G|LP0210|ConsensusExact|step3|attempt_1,G-2492353fdfcdeeaa34422be527d8827cd6cc6aff,G,target,LP0210,Consensus,consensus_exact_step3_estimate,1,google/gemma-4-31B-it,79d27e12fc5822b9ba933856ae1b4eefe70ba98d6eeefec9c0f467d8ae4187d9,ec9f25e6b68d12ca6182161cdc389e0da99a8cff29c47b015f1d07a6633e4cf0,consensus_benchmark_exact_v1,prompt_compiler_v2_split_g_f,686971178,pending,Q001,"{""Q001"": ""consensus_estimate_human_primary_cause""}",consensus_exact_step3,c444a6eac0c7b6cd317bc71d70e09e8e9d8b0a57308ceb8b4c11921129cc5ae1
G|LP0211|ConsensusExact|step3|attempt_1,G-2349f07671a7a1d7cc3862fc0fe2f6b01ee4b12e,G,target,LP0211,Consensus,consensus_exact_step3_estimate,1,google/gemma-4-31B-it,700bc079386fa769a1be43454005203e4b522809fae01f0765df890c1a37cd17,ec9f25e6b68d12ca6182161cdc389e0da99a8cff29c47b015f1d07a6633e4cf0,consensus_benchmark_exact_v1,prompt_compiler_v2_split_g_f,943424196,pending,Q001,"{""Q001"": ""consensus_estimate_co2_warms_planet""}",consensus_exact_step3,c444a6eac0c7b6cd317bc71d70e09e8e9d8b0a57308ceb8b4c11921129cc5ae1
G|LP0212|ConsensusExact|step3|attempt_1,G-1e11efa24ab952f4dc8b58cf0245b7ec2187d6c1,G,target,LP0212,Consensus,consensus_exact_step3_estimate,1,google/gemma-4-31B-it,994c6429a5913460624f1fcd54916aed402e8f85f20606702c6700b41fc0dab4,ec9f25e6b68d12ca6182161cdc389e0da99a8cff29c47b015f1d07a6633e4cf0,consensus_benchmark_exact_v1,prompt_compiler_v2_split_g_f,115159609,pending,Q001,"{""Q001"": ""consensus_estimate_human_primary_cause""}",consensus_exact_step3,c444a6eac0c7b6cd317bc71d70e09e8e9d8b0a57308ceb8b4c11921129cc5ae1
G|LP0213|ConsensusExact|step3|attempt_1,G-81ff54f249f122cec33b6927ed793ea2327985f5,G,target,LP0213,Consensus,consensus_exact_step3_estimate,1,google/gemma-4-31B-it,ebd877de05a48102038982e90ff605540e1d06931d18e7fa38e5f0d2fc3dbdc5,ec9f25e6b68d12ca6182161cdc389e0da99a8cff29c47b015f1d07a6633e4cf0,consensus_benchmark_exact_v1,prompt_compiler_v2_split_g_f,1307561140,pending,Q001,"{""Q001"": ""consensus_estimate_human_primary_cause""}",consensus_exact_step3,c444a6eac0c7b6cd317bc71d70e09e8e9d8b0a57308ceb8b4c11921129cc5ae1
G|LP0214|ConsensusExact|step3|attempt_1,G-2e7e24d53391182f7107715bbbae3920549bdc0c,G,target,LP0214,Consensus,consensus_exact_step3_estimate,1,google/gemma-4-31B-it,fe468ec946d5e3b1e365e2d0c070e26358c1d642c126823428bed0f7070056af,ec9f25e6b68d12ca6182161cdc389e0da99a8cff29c47b015f1d07a6633e4cf0,consensus_benchmark_exact_v1,prompt_compiler_v2_split_g_f,277701082,pending,Q001,"{""Q001"": ""consensus_estimate_co2_warms_planet""}",consensus_exact_step3,c444a6eac0c7b6cd317bc71d70e09e8e9d8b0a57308ceb8b4c11921129cc5ae1
G|LP0215|ConsensusExact|step3|attempt_1,G-2e4334b7b0af69c2de4b2c478e2308957e3a83da,G,target,LP0215,Consensus,consensus_exact_step3_estimate,1,google/gemma-4-31B-it,f8b7b858216dffcf92a1c9fb4392681d61fbb480efeb984ddb4006c62f5d5ce5,ec9f25e6b68d12ca6182161cdc389e0da99a8cff29c47b015f1d07a6633e4cf0,consensus_benchmark_exact_v1,prompt_compiler_v2_split_g_f,221631282,pending,Q001,"{""Q001"": ""consensus_estimate_co2_warms_planet""}",consensus_exact_step3,c444a6eac0c7b6cd317bc71d70e09e8e9d8b0a57308ceb8b4c11921129cc5ae1
G|LP0216|ConsensusExact|step3|attempt_1,G-9673a1e9a6c41e8dc9d813bd1357c1e335551433,G,target,LP0216,Consensus,consensus_exact_step3_estimate,1,google/gemma-4-31B-it,acbcf4f35f3be50aae380592801e88ab34f9507a3366b8592e57839cfdaff0f9,ec9f25e6b68d12ca6182161cdc389e0da99a8cff29c47b015f1d07a6633e4cf0,consensus_benchmark_exact_v1,prompt_compiler_v2_split_g_f,1403740770,pending,Q001,"{""Q001"": ""consensus_estimate_human_primary_cause""}",consensus_exact_step3,c444a6eac0c7b6cd317bc71d70e09e8e9d8b0a57308ceb8b4c11921129cc5ae1
G|LP0217|ConsensusExact|step3|attempt_1,G-c31ef07e630148a3686159773d476aae158f9491,G,target,LP0217,Consensus,consensus_exact_step3_estimate,1,google/gemma-4-31B-it,1b1cc58e9c64d0adb471a8ec7b683a6cfec4bd8d362d374d0a20a2119be69880,ec9f25e6b68d12ca6182161cdc389e0da99a8cff29c47b015f1d07a6633e4cf0,consensus_benchmark_exact_v1,prompt_compiler_v2_split_g_f,1765747106,pending,Q001,"{""Q001"": ""consensus_estimate_co2_warms_planet""}",consensus_exact_step3,c444a6eac0c7b6cd317bc71d70e09e8e9d8b0a57308ceb8b4c11921129cc5ae1
G|LP0218|ConsensusExact|step3|attempt_1,G-70d4a04d0165fdcd5b5258bb339b445dcf68d7a9,G,target,LP0218,Consensus,consensus_exact_step3_estimate,1,google/gemma-4-31B-it,aa35e3b8c8fdc6070ca2bc74a97a4d04b9cf9d6e0af4ae0b0ebc4790fbd9baf9,ec9f25e6b68d12ca6182161cdc389e0da99a8cff29c47b015f1d07a6633e4cf0,consensus_benchmark_exact_v1,prompt_compiler_v2_split_g_f,1661943400,pending,Q001,"{""Q001"": ""consensus_estimate_co2_warms_planet""}",consensus_exact_step3,c444a6eac0c7b6cd317bc71d70e09e8e9d8b0a57308ceb8b4c11921129cc5ae1
G|LP0219|ConsensusExact|step3|attempt_1,G-1c6771716593b7c8695f6191397e1ffccd0bccb9,G,target,LP0219,Consensus,consensus_exact_step3_estimate,1,google/gemma-4-31B-it,dfba4f1efc1871ca6b2d55a7b8397c6549aa464e358e1fb9da594c1363a42cd2,ec9f25e6b68d12ca6182161cdc389e0da99a8cff29c47b015f1d07a6633e4cf0,consensus_benchmark_exact_v1,prompt_compiler_v2_split_g_f,509778603,pending,Q001,"{""Q001"": ""consensus_estimate_human_primary_cause""}",consensus_exact_step3,c444a6eac0c7b6cd317bc71d70e09e8e9d8b0a57308ceb8b4c11921129cc5ae1
G|LP0220|ConsensusExact|step3|attempt_1,G-f0a48fc912bb6d48939654e0ffccc3c37b6f9c16,G,target,LP0220,Consensus,consensus_exact_step3_estimate,1,google/gemma-4-31B-it,6888593a3eab60b0ea2bd1b55e73286f32fedf37665e199c2a9c7855522da9a2,ec9f25e6b68d12ca6182161cdc389e0da99a8cff29c47b015f1d07a6633e4cf0,consensus_benchmark_exact_v1,prompt_compiler_v2_split_g_f,1946455261,pending,Q001,"{""Q001"": ""consensus_estimate_co2_warms_planet""}",consensus_exact_step3,c444a6eac0c7b6cd317bc71d70e09e8e9d8b0a57308ceb8b4c11921129cc5ae1
G|LP0221|ConsensusExact|step3|attempt_1,G-ea098b1810ba5283c1c2ba99760f39ed388a7b28,G,target,LP0221,Consensus,consensus_exact_step3_estimate,1,google/gemma-4-31B-it,c83b9c2703b84b0369c00a962e6653306ef29e5f43e829d63d49cb6bdd8a80ae,ec9f25e6b68d12ca6182161cdc389e0da99a8cff29c47b015f1d07a6633e4cf0,consensus_benchmark_exact_v1,prompt_compiler_v2_split_g_f,1691183286,pending,Q001,"{""Q001"": ""consensus_estimate_human_primary_cause""}",consensus_exact_step3,c444a6eac0c7b6cd317bc71d70e09e8e9d8b0a57308ceb8b4c11921129cc5ae1
G|LP0222|ConsensusExact|step3|attempt_1,G-b31afce0f17413ba54873c159ab49d72018db52b,G,target,LP0222,Consensus,consensus_exact_step3_estimate,1,google/gemma-4-31B-it,379d039a153843cc592e1543315abe7fa6e8d379843c5020bd79ff2aafc5c0e5,ec9f25e6b68d12ca6182161cdc389e0da99a8cff29c47b015f1d07a6633e4cf0,consensus_benchmark_exact_v1,prompt_compiler_v2_split_g_f,1470762366,pending,Q001,"{""Q001"": ""consensus_estimate_co2_warms_planet""}",consensus_exact_step3,c444a6eac0c7b6cd317bc71d70e09e8e9d8b0a57308ceb8b4c11921129cc5ae1
G|LP0223|ConsensusExact|step3|attempt_1,G-aa552f2b5d43e36c98920625d8f5aee06443f352,G,target,LP0223,Consensus,consensus_exact_step3_estimate,1,google/gemma-4-31B-it,09eb8c82ffd9526665ab4a495a923c6539e16619a7f2c58e60fc87b3b62fdc83,ec9f25e6b68d12ca6182161cdc389e0da99a8cff29c47b015f1d07a6633e4cf0,consensus_benchmark_exact_v1,prompt_compiler_v2_split_g_f,837697989,pending,Q001,"{""Q001"": ""consensus_estimate_co2_warms_planet""}",consensus_exact_step3,c444a6eac0c7b6cd317bc71d70e09e8e9d8b0a57308ceb8b4c11921129cc5ae1
G|LP0224|ConsensusExact|step3|attempt_1,G-89b426336a921a09fd0229c7a9eea6e2c9baf61e,G,target,LP0224,Consensus,consensus_exact_step3_estimate,1,google/gemma-4-31B-it,e1ce12726bdffe44a7383df6d6afbefb863379127c96d1b66b8081859f2f511c,ec9f25e6b68d12ca6182161cdc389e0da99a8cff29c47b015f1d07a6633e4cf0,consensus_benchmark_exact_v1,prompt_compiler_v2_split_g_f,2113562225,pending,Q001,"{""Q001"": ""consensus_estimate_co2_warms_planet""}",consensus_exact_step3,c444a6eac0c7b6cd317bc71d70e09e8e9d8b0a57308ceb8b4c11921129cc5ae1
G|LP0225|ConsensusExact|step3|attempt_1,G-141a8bc0355eaaa02da629386be0ef6ed2f85fdb,G,target,LP0225,Consensus,consensus_exact_step3_estimate,1,google/gemma-4-31B-it,2d5308dab369a4b3a7c169102ccb6b79314e577ee39a895cf642bd8280a4da2f,ec9f25e6b68d12ca6182161cdc389e0da99a8cff29c47b015f1d07a6633e4cf0,consensus_benchmark_exact_v1,prompt_compiler_v2_split_g_f,1569964576,pending,Q001,"{""Q001"": ""consensus_estimate_human_primary_cause""}",consensus_exact_step3,c444a6eac0c7b6cd317bc71d70e09e8e9d8b0a57308ceb8b4c11921129cc5ae1
G|LP0226|ConsensusExact|step3|attempt_1,G-56bc857bb3e9a0f0cbd578ab4c47619536798a9c,G,target,LP0226,Consensus,consensus_exact_step3_estimate,1,google/gemma-4-31B-it,ad6292281b8614670bcd02186be27fcfddf3ad23e4c02670c85fa1fc8e8f6536,ec9f25e6b68d12ca6182161cdc389e0da99a8cff29c47b015f1d07a6633e4cf0,consensus_benchmark_exact_v1,prompt_compiler_v2_split_g_f,1633856488,pending,Q001,"{""Q001"": ""consensus_estimate_human_primary_cause""}",consensus_exact_step3,c444a6eac0c7b6cd317bc71d70e09e8e9d8b0a57308ceb8b4c11921129cc5ae1
G|LP0227|ConsensusExact|step3|attempt_1,G-fdff70e1eadc142b1cbe2291567e0f2434b5e7cd,G,target,LP0227,Consensus,consensus_exact_step3_estimate,1,google/gemma-4-31B-it,d5c788d2e9607a10472658b813d5bb4c449a754ae9b7e8e410f3029b6cc54dff,ec9f25e6b68d12ca6182161cdc389e0da99a8cff29c47b015f1d07a6633e4cf0,consensus_benchmark_exact_v1,prompt_compiler_v2_split_g_f,1725625842,pending,Q001,"{""Q001"": ""consensus_estimate_human_primary_cause""}",consensus_exact_step3,c444a6eac0c7b6cd317bc71d70e09e8e9d8b0a57308ceb8b4c11921129cc5ae1
G|LP0228|ConsensusExact|step3|attempt_1,G-cda0f4b3a07534ae0222376e819253c9ee6739cc,G,target,LP0228,Consensus,consensus_exact_step3_estimate,1,google/gemma-4-31B-it,16045e2cc6ffe303ade71ef7253331502564e272bfda85d31a36adc3a11a233f,ec9f25e6b68d12ca6182161cdc389e0da99a8cff29c47b015f1d07a6633e4cf0,consensus_benchmark_exact_v1,prompt_compiler_v2_split_g_f,1001856536,pending,Q001,"{""Q001"": ""consensus_estimate_human_primary_cause""}",consensus_exact_step3,c444a6eac0c7b6cd317bc71d70e09e8e9d8b0a57308ceb8b4c11921129cc5ae1
G|LP0229|ConsensusExact|step3|attempt_1,G-1d63c559a44cad17530f4e6aac60186d4a15060d,G,target,LP0229,Consensus,consensus_exact_step3_estimate,1,google/gemma-4-31B-it,028a66abc4bf3b7653a11785c42639dc0184d89722f86f99b59581b5f467c18e,ec9f25e6b68d12ca6182161cdc389e0da99a8cff29c47b015f1d07a6633e4cf0,consensus_benchmark_exact_v1,prompt_compiler_v2_split_g_f,1595160522,pending,Q001,"{""Q001"": ""consensus_estimate_co2_warms_planet""}",consensus_exact_step3,c444a6eac0c7b6cd317bc71d70e09e8e9d8b0a57308ceb8b4c11921129cc5ae1
G|LP0230|ConsensusExact|step3|attempt_1,G-e5b8a5ee23cf56dda80cefa4fbcc456b2968b845,G,target,LP0230,Consensus,consensus_exact_step3_estimate,1,google/gemma-4-31B-it,b65a18fbff9062c1ba4e5ea482fdb1b216300680023536a12c721e9144b0a16d,ec9f25e6b68d12ca6182161cdc389e0da99a8cff29c47b015f1d07a6633e4cf0,consensus_benchmark_exact_v1,prompt_compiler_v2_split_g_f,1866506940,pending,Q001,"{""Q001"": ""consensus_estimate_human_primary_cause""}",consensus_exact_step3,c444a6eac0c7b6cd317bc71d70e09e8e9d8b0a57308ceb8b4c11921129cc5ae1
G|LP0231|ConsensusExact|step3|attempt_1,G-2d7a0946dd8f58ef6a531928cb9c28bda6e39e0b,G,target,LP0231,Consensus,consensus_exact_step3_estimate,1,google/gemma-4-31B-it,7cb7a01202c6515eaf77c6628ef012b907ba323b74598f977a6023955ec76f95,ec9f25e6b68d12ca6182161cdc389e0da99a8cff29c47b015f1d07a6633e4cf0,consensus_benchmark_exact_v1,prompt_compiler_v2_split_g_f,948136829,pending,Q001,"{""Q001"": ""consensus_estimate_co2_warms_planet""}",consensus_exact_step3,c444a6eac0c7b6cd317bc71d70e09e8e9d8b0a57308ceb8b4c11921129cc5ae1
G|LP0232|ConsensusExact|step3|attempt_1,G-28360de7ff50decacb1ab8ec15e4cbed631f0189,G,target,LP0232,Consensus,consensus_exact_step3_estimate,1,google/gemma-4-31B-it,77759dd96f7166ca3a0fa5b05d1366c0f01e5861ca7fc9638b4bdf593268819b,ec9f25e6b68d12ca6182161cdc389e0da99a8cff29c47b015f1d07a6633e4cf0,consensus_benchmark_exact_v1,prompt_compiler_v2_split_g_f,1337784986,pending,Q001,"{""Q001"": ""consensus_estimate_human_primary_cause""}",consensus_exact_step3,c444a6eac0c7b6cd317bc71d70e09e8e9d8b0a57308ceb8b4c11921129cc5ae1
G|LP0233|ConsensusExact|step3|attempt_1,G-e9589dfa44a98c0fbd98e3c92d1d653a8c4e65b7,G,target,LP0233,Consensus,consensus_exact_step3_estimate,1,google/gemma-4-31B-it,7c5ce8b7756c63dfa682503dfbc170dc28711439120dbd360dc67cb8e9c68129,ec9f25e6b68d12ca6182161cdc389e0da99a8cff29c47b015f1d07a6633e4cf0,consensus_benchmark_exact_v1,prompt_compiler_v2_split_g_f,391825415,pending,Q001,"{""Q001"": ""consensus_estimate_co2_warms_planet""}",consensus_exact_step3,c444a6eac0c7b6cd317bc71d70e09e8e9d8b0a57308ceb8b4c11921129cc5ae1
G|LP0234|ConsensusExact|step3|attempt_1,G-f900caa61144b971f67ea9907d7ad9370318e67d,G,target,LP0234,Consensus,consensus_exact_step3_estimate,1,google/gemma-4-31B-it,fedf3dbc354daa320750d0f469bf0b64f42e41b276af4b44ca21ecc749007f27,ec9f25e6b68d12ca6182161cdc389e0da99a8cff29c47b015f1d07a6633e4cf0,consensus_benchmark_exact_v1,prompt_compiler_v2_split_g_f,54939329,pending,Q001,"{""Q001"": ""consensus_estimate_co2_warms_planet""}",consensus_exact_step3,c444a6eac0c7b6cd317bc71d70e09e8e9d8b0a57308ceb8b4c11921129cc5ae1
G|LP0235|ConsensusExact|step3|attempt_1,G-33317ea0947974f2c59474732569ed23c8fb97ea,G,target,LP0235,Consensus,consensus_exact_step3_estimate,1,google/gemma-4-31B-it,d7d0af113b0542497fe2307259761874b8938c4bf6852640b119a245931898e1,ec9f25e6b68d12ca6182161cdc389e0da99a8cff29c47b015f1d07a6633e4cf0,consensus_benchmark_exact_v1,prompt_compiler_v2_split_g_f,2061267507,pending,Q001,"{""Q001"": ""consensus_estimate_co2_warms_planet""}",consensus_exact_step3,c444a6eac0c7b6cd317bc71d70e09e8e9d8b0a57308ceb8b4c11921129cc5ae1
G|LP0236|ConsensusExact|step3|attempt_1,G-0fa2bb416e168217c8e0b749ad7f1dcae4f88a97,G,target,LP0236,Consensus,consensus_exact_step3_estimate,1,google/gemma-4-31B-it,1184fe12da492420aa01f08b3e0b0ded877ac653c6c0796cc5681c17e3be624e,ec9f25e6b68d12ca6182161cdc389e0da99a8cff29c47b015f1d07a6633e4cf0,consensus_benchmark_exact_v1,prompt_compiler_v2_split_g_f,224131226,pending,Q001,"{""Q001"": ""consensus_estimate_co2_warms_planet""}",consensus_exact_step3,c444a6eac0c7b6cd317bc71d70e09e8e9d8b0a57308ceb8b4c11921129cc5ae1
G|LP0237|ConsensusExact|step3|attempt_1,G-5c93f6ff60c15f9c473d04c9aa0579b51d5639c7,G,target,LP0237,Consensus,consensus_exact_step3_estimate,1,google/gemma-4-31B-it,d7870b5ed7477b590a949b2590ec4790c10b4dfdde0de02153f04e1caf2a7fe3,ec9f25e6b68d12ca6182161cdc389e0da99a8cff29c47b015f1d07a6633e4cf0,consensus_benchmark_exact_v1,prompt_compiler_v2_split_g_f,434720156,pending,Q001,"{""Q001"": ""consensus_estimate_co2_warms_planet""}",consensus_exact_step3,c444a6eac0c7b6cd317bc71d70e09e8e9d8b0a57308ceb8b4c11921129cc5ae1
G|LP0238|ConsensusExact|step3|attempt_1,G-82a309337d6030964487546043fa10dcfcceefcf,G,target,LP0238,Consensus,consensus_exact_step3_estimate,1,google/gemma-4-31B-it,a3df9b274cf34ca0f93d7372c3c2ec3ab2cfb9dc12926229fce01ceb8637b417,ec9f25e6b68d12ca6182161cdc389e0da99a8cff29c47b015f1d07a6633e4cf0,consensus_benchmark_exact_v1,prompt_compiler_v2_split_g_f,44450559,pending,Q001,"{""Q001"": ""consensus_estimate_co2_warms_planet""}",consensus_exact_step3,c444a6eac0c7b6cd317bc71d70e09e8e9d8b0a57308ceb8b4c11921129cc5ae1
G|LP0239|ConsensusExact|step3|attempt_1,G-ccff0461e90c2bc7c8c95121328bb4e45ee99096,G,target,LP0239,Consensus,consensus_exact_step3_estimate,1,google/gemma-4-31B-it,5e6ccca5dd061c43f3623026a5426a0aacff8de6c3de2127cf6b7799c26aed7d,ec9f25e6b68d12ca6182161cdc389e0da99a8cff29c47b015f1d07a6633e4cf0,consensus_benchmark_exact_v1,prompt_compiler_v2_split_g_f,51000462,pending,Q001,"{""Q001"": ""consensus_estimate_human_primary_cause""}",consensus_exact_step3,c444a6eac0c7b6cd317bc71d70e09e8e9d8b0a57308ceb8b4c11921129cc5ae1
G|LP0240|ConsensusExact|step3|attempt_1,G-32396b2e818bf3b4402f9fff61bcc0c020e9b29e,G,target,LP0240,Consensus,consensus_exact_step3_estimate,1,google/gemma-4-31B-it,21d697b16be04fa827ac1a4ef2a75c85ce2cc280eb351b7770afbab6ec45e8c4,ec9f25e6b68d12ca6182161cdc389e0da99a8cff29c47b015f1d07a6633e4cf0,consensus_benchmark_exact_v1,prompt_compiler_v2_split_g_f,1711196689,pending,Q001,"{""Q001"": ""consensus_estimate_co2_warms_planet""}",consensus_exact_step3,c444a6eac0c7b6cd317bc71d70e09e8e9d8b0a57308ceb8b4c11921129cc5ae1
G|LP0241|ConsensusExact|step3|attempt_1,G-f62cf8cb4efcb2dc7027f916b95769987553dab9,G,target,LP0241,Consensus,consensus_exact_step3_estimate,1,google/gemma-4-31B-it,845f5911dd40ef4043f51c5fb58db75b0d6437ee3bb8617742d30d9d6847deca,ec9f25e6b68d12ca6182161cdc389e0da99a8cff29c47b015f1d07a6633e4cf0,consensus_benchmark_exact_v1,prompt_compiler_v2_split_g_f,995533942,pending,Q001,"{""Q001"": ""consensus_estimate_co2_warms_planet""}",consensus_exact_step3,c444a6eac0c7b6cd317bc71d70e09e8e9d8b0a57308ceb8b4c11921129cc5ae1
G|LP0242|ConsensusExact|step3|attempt_1,G-e36f36f751daf5e76b6911ef22dc2e77e37b9177,G,target,LP0242,Consensus,consensus_exact_step3_estimate,1,google/gemma-4-31B-it,cae1b910dbad8136c7fac16c4279988fac9b13f9a34be28c40c9c9f50e7a7bc8,ec9f25e6b68d12ca6182161cdc389e0da99a8cff29c47b015f1d07a6633e4cf0,consensus_benchmark_exact_v1,prompt_compiler_v2_split_g_f,414802905,pending,Q001,"{""Q001"": ""consensus_estimate_co2_warms_planet""}",consensus_exact_step3,c444a6eac0c7b6cd317bc71d70e09e8e9d8b0a57308ceb8b4c11921129cc5ae1
G|LP0243|ConsensusExact|step3|attempt_1,G-7ee3146e8290cb685fb78ae66bfea6c9672ef2e7,G,target,LP0243,Consensus,consensus_exact_step3_estimate,1,google/gemma-4-31B-it,a4e58cb2ecd7335e5cfafa54c102d0172e4d685ff12d698065808ebbe5a745d6,ec9f25e6b68d12ca6182161cdc389e0da99a8cff29c47b015f1d07a6633e4cf0,consensus_benchmark_exact_v1,prompt_compiler_v2_split_g_f,5698631,pending,Q001,"{""Q001"": ""consensus_estimate_human_primary_cause""}",consensus_exact_step3,c444a6eac0c7b6cd317bc71d70e09e8e9d8b0a57308ceb8b4c11921129cc5ae1
G|LP0244|ConsensusExact|step3|attempt_1,G-83226fb2b05d096fabb442f3d340bed3dfe2d6ba,G,target,LP0244,Consensus,consensus_exact_step3_estimate,1,google/gemma-4-31B-it,992be32e22e7f5a29e04b7c5cd3fa22b59ada15f3289a783f30b64008f242b1a,ec9f25e6b68d12ca6182161cdc389e0da99a8cff29c47b015f1d07a6633e4cf0,consensus_benchmark_exact_v1,prompt_compiler_v2_split_g_f,916580566,pending,Q001,"{""Q001"": ""consensus_estimate_co2_warms_planet""}",consensus_exact_step3,c444a6eac0c7b6cd317bc71d70e09e8e9d8b0a57308ceb8b4c11921129cc5ae1
G|LP0245|ConsensusExact|step3|attempt_1,G-39eeb5ffbd00abb19fd26f6eeddd205bfb2e3c7f,G,target,LP0245,Consensus,consensus_exact_step3_estimate,1,google/gemma-4-31B-it,16dd4e0a5e53f9464fb25739fadc8d60a427b4697c90f02dda92ec53f47c1836,ec9f25e6b68d12ca6182161cdc389e0da99a8cff29c47b015f1d07a6633e4cf0,consensus_benchmark_exact_v1,prompt_compiler_v2_split_g_f,819861425,pending,Q001,"{""Q001"": ""consensus_estimate_human_primary_cause""}",consensus_exact_step3,c444a6eac0c7b6cd317bc71d70e09e8e9d8b0a57308ceb8b4c11921129cc5ae1
G|LP0246|ConsensusExact|step3|attempt_1,G-117344fea2f03fdf4468dbe723fb2a973452cd76,G,target,LP0246,Consensus,consensus_exact_step3_estimate,1,google/gemma-4-31B-it,0669ad2c92f78776a080a58656794e91af0f4b0e69070d2bb2488886288182c8,ec9f25e6b68d12ca6182161cdc389e0da99a8cff29c47b015f1d07a6633e4cf0,consensus_benchmark_exact_v1,prompt_compiler_v2_split_g_f,1171704284,pending,Q001,"{""Q001"": ""consensus_estimate_co2_warms_planet""}",consensus_exact_step3,c444a6eac0c7b6cd317bc71d70e09e8e9d8b0a57308ceb8b4c11921129cc5ae1
G|LP0247|ConsensusExact|step3|attempt_1,G-2c98edb15eae3780d58336e99da3abcaf85dada7,G,target,LP0247,Consensus,consensus_exact_step3_estimate,1,google/gemma-4-31B-it,0c791b32cc559292f12e794ce0303a896acadbaa01921ad723880745c75cccaf,ec9f25e6b68d12ca6182161cdc389e0da99a8cff29c47b015f1d07a6633e4cf0,consensus_benchmark_exact_v1,prompt_compiler_v2_split_g_f,937431779,pending,Q001,"{""Q001"": ""consensus_estimate_co2_warms_planet""}",consensus_exact_step3,c444a6eac0c7b6cd317bc71d70e09e8e9d8b0a57308ceb8b4c11921129cc5ae1
G|LP0248|ConsensusExact|step3|attempt_1,G-8e241edfb648cac7729894819d3126ca257c18ac,G,target,LP0248,Consensus,consensus_exact_step3_estimate,1,google/gemma-4-31B-it,9fe998921c0321cd22c8f965c0b6070a82c5f6bcd6302fff7f7dbf627c6b5206,ec9f25e6b68d12ca6182161cdc389e0da99a8cff29c47b015f1d07a6633e4cf0,consensus_benchmark_exact_v1,prompt_compiler_v2_split_g_f,1385236616,pending,Q001,"{""Q001"": ""consensus_estimate_human_primary_cause""}",consensus_exact_step3,c444a6eac0c7b6cd317bc71d70e09e8e9d8b0a57308ceb8b4c11921129cc5ae1
G|LP0249|ConsensusExact|step3|attempt_1,G-d0a373a16289e0eb87e0261319103e30bd035589,G,target,LP0249,Consensus,consensus_exact_step3_estimate,1,google/gemma-4-31B-it,599ff27c8bb0da1d3482d6bbeb7c8037a05fcbaf16283bcd07e0f7acc1d8018a,ec9f25e6b68d12ca6182161cdc389e0da99a8cff29c47b015f1d07a6633e4cf0,consensus_benchmark_exact_v1,prompt_compiler_v2_split_g_f,64014385,pending,Q001,"{""Q001"": ""consensus_estimate_human_primary_cause""}",consensus_exact_step3,c444a6eac0c7b6cd317bc71d70e09e8e9d8b0a57308ceb8b4c11921129cc5ae1
G|LP0250|ConsensusExact|step3|attempt_1,G-86583775127a79b1ee067fe264e964492fc4aab4,G,target,LP0250,Consensus,consensus_exact_step3_estimate,1,google/gemma-4-31B-it,89d091e73b4e50e696cf051e885e3423e70574c7c0e8c0838b9fe7e48e08ac1a,ec9f25e6b68d12ca6182161cdc389e0da99a8cff29c47b015f1d07a6633e4cf0,consensus_benchmark_exact_v1,prompt_compiler_v2_split_g_f,522905757,pending,Q001,"{""Q001"": ""consensus_estimate_co2_warms_planet""}",consensus_exact_step3,c444a6eac0c7b6cd317bc71d70e09e8e9d8b0a57308ceb8b4c11921129cc5ae1
G|LP0251|ConsensusExact|step3|attempt_1,G-5ff3e543e5c8a44ba9513143fcada9cb279a4cdc,G,target,LP0251,Consensus,consensus_exact_step3_estimate,1,google/gemma-4-31B-it,811fb605409d382f892c77406c5a402392fc784867cb6aa50644c37f8e397fa6,ec9f25e6b68d12ca6182161cdc389e0da99a8cff29c47b015f1d07a6633e4cf0,consensus_benchmark_exact_v1,prompt_compiler_v2_split_g_f,632319700,pending,Q001,"{""Q001"": ""consensus_estimate_human_primary_cause""}",consensus_exact_step3,c444a6eac0c7b6cd317bc71d70e09e8e9d8b0a57308ceb8b4c11921129cc5ae1
G|LP0252|ConsensusExact|step3|attempt_1,G-6542938307dcbff3e8f0c29b43d825ec027d7301,G,target,LP0252,Consensus,consensus_exact_step3_estimate,1,google/gemma-4-31B-it,2191fd9f76102d3b6752a75c9944a892bbafb8c39ab7f56896dce21cdbadbc51,ec9f25e6b68d12ca6182161cdc389e0da99a8cff29c47b015f1d07a6633e4cf0,consensus_benchmark_exact_v1,prompt_compiler_v2_split_g_f,1382147834,pending,Q001,"{""Q001"": ""consensus_estimate_human_primary_cause""}",consensus_exact_step3,c444a6eac0c7b6cd317bc71d70e09e8e9d8b0a57308ceb8b4c11921129cc5ae1
G|LP0253|ConsensusExact|step3|attempt_1,G-50189851e8de565a89ab8dedd1fc91f60c991932,G,target,LP0253,Consensus,consensus_exact_step3_estimate,1,google/gemma-4-31B-it,51b9b11bf2a1c282aedd2d454f762c894aa17e39ca7f8949a8200dec930aa5db,ec9f25e6b68d12ca6182161cdc389e0da99a8cff29c47b015f1d07a6633e4cf0,consensus_benchmark_exact_v1,prompt_compiler_v2_split_g_f,152012543,pending,Q001,"{""Q001"": ""consensus_estimate_co2_warms_planet""}",consensus_exact_step3,c444a6eac0c7b6cd317bc71d70e09e8e9d8b0a57308ceb8b4c11921129cc5ae1
G|LP0254|ConsensusExact|step3|attempt_1,G-f879dedcdc6f5907e96d5cd818a5fc61ac9cdfa1,G,target,LP0254,Consensus,consensus_exact_step3_estimate,1,google/gemma-4-31B-it,38d0d4b187bc1b8549512dfb5ad0bd1104f30a3a59f98d2dfe5754846a7916a9,ec9f25e6b68d12ca6182161cdc389e0da99a8cff29c47b015f1d07a6633e4cf0,consensus_benchmark_exact_v1,prompt_compiler_v2_split_g_f,1298339524,pending,Q001,"{""Q001"": ""consensus_estimate_co2_warms_planet""}",consensus_exact_step3,c444a6eac0c7b6cd317bc71d70e09e8e9d8b0a57308ceb8b4c11921129cc5ae1
G|LP0255|ConsensusExact|step3|attempt_1,G-3afc163ecf808273859e7cd571d891ebca734d5a,G,target,LP0255,Consensus,consensus_exact_step3_estimate,1,google/gemma-4-31B-it,6b4729230e89fef05b45857db03c41b172b8b7903da3f0952c5fd2a93ee29d25,ec9f25e6b68d12ca6182161cdc389e0da99a8cff29c47b015f1d07a6633e4cf0,consensus_benchmark_exact_v1,prompt_compiler_v2_split_g_f,1165537009,pending,Q001,"{""Q001"": ""consensus_estimate_co2_warms_planet""}",consensus_exact_step3,c444a6eac0c7b6cd317bc71d70e09e8e9d8b0a57308ceb8b4c11921129cc5ae1
G|LP0256|ConsensusExact|step3|attempt_1,G-5c410b4447c662b2d9c202a933953a17253d2105,G,target,LP0256,Consensus,consensus_exact_step3_estimate,1,google/gemma-4-31B-it,c4e974f9cbcaaf410848473565d292d0f05294c2e4903ce8329b8f4b651e2027,ec9f25e6b68d12ca6182161cdc389e0da99a8cff29c47b015f1d07a6633e4cf0,consensus_benchmark_exact_v1,prompt_compiler_v2_split_g_f,4749628,pending,Q001,"{""Q001"": ""consensus_estimate_human_primary_cause""}",consensus_exact_step3,c444a6eac0c7b6cd317bc71d70e09e8e9d8b0a57308ceb8b4c11921129cc5ae1
G|LP0257|ConsensusExact|step3|attempt_1,G-c332fbcaf2d2a11e5128b975fb57480e8c5a0b63,G,target,LP0257,Consensus,consensus_exact_step3_estimate,1,google/gemma-4-31B-it,821f46ac8aefd97d1e58851d01b52e62fc8b9fa6468c2940d992eff17efc1aea,ec9f25e6b68d12ca6182161cdc389e0da99a8cff29c47b015f1d07a6633e4cf0,consensus_benchmark_exact_v1,prompt_compiler_v2_split_g_f,2033752246,pending,Q001,"{""Q001"": ""consensus_estimate_human_primary_cause""}",consensus_exact_step3,c444a6eac0c7b6cd317bc71d70e09e8e9d8b0a57308ceb8b4c11921129cc5ae1
G|LP0258|ConsensusExact|step3|attempt_1,G-aa770c3c5a2cf3f5cf2aff6b19606d0e914c0562,G,target,LP0258,Consensus,consensus_exact_step3_estimate,1,google/gemma-4-31B-it,5b65fbd95a7b625cb3fca6e85117171d91b811a61f2f8bd8af6a59b833807be6,ec9f25e6b68d12ca6182161cdc389e0da99a8cff29c47b015f1d07a6633e4cf0,consensus_benchmark_exact_v1,prompt_compiler_v2_split_g_f,790301808,pending,Q001,"{""Q001"": ""consensus_estimate_human_primary_cause""}",consensus_exact_step3,c444a6eac0c7b6cd317bc71d70e09e8e9d8b0a57308ceb8b4c11921129cc5ae1
G|LP0259|ConsensusExact|step3|attempt_1,G-004266eb8f56544e7562765c8b5267afe3356513,G,target,LP0259,Consensus,consensus_exact_step3_estimate,1,google/gemma-4-31B-it,3cf1cc0b9a3e8d6930e21acbbfc28f5fbc17b8bc01652fba17703ba207581507,ec9f25e6b68d12ca6182161cdc389e0da99a8cff29c47b015f1d07a6633e4cf0,consensus_benchmark_exact_v1,prompt_compiler_v2_split_g_f,266019365,pending,Q001,"{""Q001"": ""consensus_estimate_co2_warms_planet""}",consensus_exact_step3,c444a6eac0c7b6cd317bc71d70e09e8e9d8b0a57308ceb8b4c11921129cc5ae1
G|LP0260|ConsensusExact|step3|attempt_1,G-b514e1fb78585aa670b0129dc409df3bf0c4a89e,G,target,LP0260,Consensus,consensus_exact_step3_estimate,1,google/gemma-4-31B-it,4287ad041c68b018d4ae41e238cca239dd26b0de8d0dba43eae78b2f62f3c811,ec9f25e6b68d12ca6182161cdc389e0da99a8cff29c47b015f1d07a6633e4cf0,consensus_benchmark_exact_v1,prompt_compiler_v2_split_g_f,1652694687,pending,Q001,"{""Q001"": ""consensus_estimate_co2_warms_planet""}",consensus_exact_step3,c444a6eac0c7b6cd317bc71d70e09e8e9d8b0a57308ceb8b4c11921129cc5ae1
G|LP0261|ConsensusExact|step3|attempt_1,G-fe0f637c3a710b34c72e4d8ba515963f3e178690,G,target,LP0261,Consensus,consensus_exact_step3_estimate,1,google/gemma-4-31B-it,63dbd4dca3005580a8d4351e31720e9fa1b012b0beb78a9753eb6ab086952cb7,ec9f25e6b68d12ca6182161cdc389e0da99a8cff29c47b015f1d07a6633e4cf0,consensus_benchmark_exact_v1,prompt_compiler_v2_split_g_f,915395120,pending,Q001,"{""Q001"": ""consensus_estimate_co2_warms_planet""}",consensus_exact_step3,c444a6eac0c7b6cd317bc71d70e09e8e9d8b0a57308ceb8b4c11921129cc5ae1
G|LP0262|ConsensusExact|step3|attempt_1,G-326cb040cc60d62028e693d910ad6f36a940fa4c,G,target,LP0262,Consensus,consensus_exact_step3_estimate,1,google/gemma-4-31B-it,c0ac329a185f6238ada15a7fedc3545b5ec691b319854f0c78fb41440f63d1b8,ec9f25e6b68d12ca6182161cdc389e0da99a8cff29c47b015f1d07a6633e4cf0,consensus_benchmark_exact_v1,prompt_compiler_v2_split_g_f,825898658,pending,Q001,"{""Q001"": ""consensus_estimate_human_primary_cause""}",consensus_exact_step3,c444a6eac0c7b6cd317bc71d70e09e8e9d8b0a57308ceb8b4c11921129cc5ae1
G|LP0263|ConsensusExact|step3|attempt_1,G-4e7b67f0a5a406b0a2cf8be7689632475686c98e,G,target,LP0263,Consensus,consensus_exact_step3_estimate,1,google/gemma-4-31B-it,5c0b09711d8e5111f51428364e1dd4c67d745402470b88c7dfae66169b75a395,ec9f25e6b68d12ca6182161cdc389e0da99a8cff29c47b015f1d07a6633e4cf0,consensus_benchmark_exact_v1,prompt_compiler_v2_split_g_f,1117443730,pending,Q001,"{""Q001"": ""consensus_estimate_human_primary_cause""}",consensus_exact_step3,c444a6eac0c7b6cd317bc71d70e09e8e9d8b0a57308ceb8b4c11921129cc5ae1
G|LP0264|ConsensusExact|step3|attempt_1,G-95e78b8a7b07a5373a9af54152d78afd103eff44,G,target,LP0264,Consensus,consensus_exact_step3_estimate,1,google/gemma-4-31B-it,90de45996627dcc30273c8fd912b660b354f13e6929e7309813ddda802d9042d,ec9f25e6b68d12ca6182161cdc389e0da99a8cff29c47b015f1d07a6633e4cf0,consensus_benchmark_exact_v1,prompt_compiler_v2_split_g_f,651607118,pending,Q001,"{""Q001"": ""consensus_estimate_co2_warms_planet""}",consensus_exact_step3,c444a6eac0c7b6cd317bc71d70e09e8e9d8b0a57308ceb8b4c11921129cc5ae1
G|LP0265|ConsensusExact|step3|attempt_1,G-09d301b150c630f129e43bda5011ec5df3cb3434,G,target,LP0265,Consensus,consensus_exact_step3_estimate,1,google/gemma-4-31B-it,6ea9d4ff6eb01673af6d3bc2afeb67960d8928c68f6d27470102c3b8fea3dd8e,ec9f25e6b68d12ca6182161cdc389e0da99a8cff29c47b015f1d07a6633e4cf0,consensus_benchmark_exact_v1,prompt_compiler_v2_split_g_f,1684812883,pending,Q001,"{""Q001"": ""consensus_estimate_co2_warms_planet""}",consensus_exact_step3,c444a6eac0c7b6cd317bc71d70e09e8e9d8b0a57308ceb8b4c11921129cc5ae1
G|LP0266|ConsensusExact|step3|attempt_1,G-ad6e002cd3dad48f8a98aa5615929de89f1303ec,G,target,LP0266,Consensus,consensus_exact_step3_estimate,1,google/gemma-4-31B-it,6b006b41e785741f1a3613552a5585f9ace11826107b44537936be33bc927a4a,ec9f25e6b68d12ca6182161cdc389e0da99a8cff29c47b015f1d07a6633e4cf0,consensus_benchmark_exact_v1,prompt_compiler_v2_split_g_f,783733995,pending,Q001,"{""Q001"": ""consensus_estimate_co2_warms_planet""}",consensus_exact_step3,c444a6eac0c7b6cd317bc71d70e09e8e9d8b0a57308ceb8b4c11921129cc5ae1
G|LP0267|ConsensusExact|step3|attempt_1,G-1ca1d8b388f8bd758802e20ed4ae7820aa2be35d,G,target,LP0267,Consensus,consensus_exact_step3_estimate,1,google/gemma-4-31B-it,8731840da89cdf0a7243f2be2d8dd0d226a68ff8f231095c8fde241ef482d387,ec9f25e6b68d12ca6182161cdc389e0da99a8cff29c47b015f1d07a6633e4cf0,consensus_benchmark_exact_v1,prompt_compiler_v2_split_g_f,1111256796,pending,Q001,"{""Q001"": ""consensus_estimate_human_primary_cause""}",consensus_exact_step3,c444a6eac0c7b6cd317bc71d70e09e8e9d8b0a57308ceb8b4c11921129cc5ae1
G|LP0268|ConsensusExact|step3|attempt_1,G-d9720371bdc709e061945841da948520af09eddd,G,target,LP0268,Consensus,consensus_exact_step3_estimate,1,google/gemma-4-31B-it,c39efbe7878fbc004de53f7a9eb60050f0979e31b6782cd8907b0dae37e08b58,ec9f25e6b68d12ca6182161cdc389e0da99a8cff29c47b015f1d07a6633e4cf0,consensus_benchmark_exact_v1,prompt_compiler_v2_split_g_f,1890259142,pending,Q001,"{""Q001"": ""consensus_estimate_human_primary_cause""}",consensus_exact_step3,c444a6eac0c7b6cd317bc71d70e09e8e9d8b0a57308ceb8b4c11921129cc5ae1
G|LP0269|ConsensusExact|step3|attempt_1,G-fd05ee40f27718c1220d663b6c5b8c661a676238,G,target,LP0269,Consensus,consensus_exact_step3_estimate,1,google/gemma-4-31B-it,8e4c76b287146a86a966b097ee9bfb8db0ecd4306fac4ff4fdcc8a953241d726,ec9f25e6b68d12ca6182161cdc389e0da99a8cff29c47b015f1d07a6633e4cf0,consensus_benchmark_exact_v1,prompt_compiler_v2_split_g_f,1820521798,pending,Q001,"{""Q001"": ""consensus_estimate_co2_warms_planet""}",consensus_exact_step3,c444a6eac0c7b6cd317bc71d70e09e8e9d8b0a57308ceb8b4c11921129cc5ae1
G|LP0270|ConsensusExact|step3|attempt_1,G-e6f8fcd0f077933f67797774809631cc0ae7b969,G,target,LP0270,Consensus,consensus_exact_step3_estimate,1,google/gemma-4-31B-it,25d9d074c5a6d7229abbb5ad02bacb4d1cbe09b5b99f7b5a1377f5b185cfbb86,ec9f25e6b68d12ca6182161cdc389e0da99a8cff29c47b015f1d07a6633e4cf0,consensus_benchmark_exact_v1,prompt_compiler_v2_split_g_f,1047104740,pending,Q001,"{""Q001"": ""consensus_estimate_human_primary_cause""}",consensus_exact_step3,c444a6eac0c7b6cd317bc71d70e09e8e9d8b0a57308ceb8b4c11921129cc5ae1
G|LP0271|ConsensusExact|step3|attempt_1,G-02ac7dafc8af010b7d30772b942fb19ccd58ceef,G,target,LP0271,Consensus,consensus_exact_step3_estimate,1,google/gemma-4-31B-it,6defd88726392b0bcafb9caa601941c10029c208d9b22b16e18e1d3aee01099b,ec9f25e6b68d12ca6182161cdc389e0da99a8cff29c47b015f1d07a6633e4cf0,consensus_benchmark_exact_v1,prompt_compiler_v2_split_g_f,1309146218,pending,Q001,"{""Q001"": ""consensus_estimate_co2_warms_planet""}",consensus_exact_step3,c444a6eac0c7b6cd317bc71d70e09e8e9d8b0a57308ceb8b4c11921129cc5ae1
G|LP0272|ConsensusExact|step3|attempt_1,G-23b8d80e1c4f44f8cd52fd5e4bd393e47e2fd9c9,G,target,LP0272,Consensus,consensus_exact_step3_estimate,1,google/gemma-4-31B-it,f3fb1742226fff0fd3c734955cd96194ce9354b8338ea988f37e39a32bccbfbf,ec9f25e6b68d12ca6182161cdc389e0da99a8cff29c47b015f1d07a6633e4cf0,consensus_benchmark_exact_v1,prompt_compiler_v2_split_g_f,1673590036,pending,Q001,"{""Q001"": ""consensus_estimate_human_primary_cause""}",consensus_exact_step3,c444a6eac0c7b6cd317bc71d70e09e8e9d8b0a57308ceb8b4c11921129cc5ae1
G|LP0273|ConsensusExact|step3|attempt_1,G-f06d6f8f2172260dc032f6ff5b7794e73f0a2001,G,target,LP0273,Consensus,consensus_exact_step3_estimate,1,google/gemma-4-31B-it,ee6a542d1af20434883f8eea0a17d9035be54b6457a4ffaa31f7b55308a50976,ec9f25e6b68d12ca6182161cdc389e0da99a8cff29c47b015f1d07a6633e4cf0,consensus_benchmark_exact_v1,prompt_compiler_v2_split_g_f,38602031,pending,Q001,"{""Q001"": ""consensus_estimate_human_primary_cause""}",consensus_exact_step3,c444a6eac0c7b6cd317bc71d70e09e8e9d8b0a57308ceb8b4c11921129cc5ae1
G|LP0274|ConsensusExact|step3|attempt_1,G-385430bc8ed60f7b2503ad0876a646b8671bcd43,G,target,LP0274,Consensus,consensus_exact_step3_estimate,1,google/gemma-4-31B-it,7ac8e49d556326ebf0bed791aae2c550f6bc813532e970841c843010fa295227,ec9f25e6b68d12ca6182161cdc389e0da99a8cff29c47b015f1d07a6633e4cf0,consensus_benchmark_exact_v1,prompt_compiler_v2_split_g_f,2138992884,pending,Q001,"{""Q001"": ""consensus_estimate_human_primary_cause""}",consensus_exact_step3,c444a6eac0c7b6cd317bc71d70e09e8e9d8b0a57308ceb8b4c11921129cc5ae1
G|LP0275|ConsensusExact|step3|attempt_1,G-276b213562d5ca95c4df8a51774e1aeb1cc7f1d1,G,target,LP0275,Consensus,consensus_exact_step3_estimate,1,google/gemma-4-31B-it,a11a3f0e70e4c719de2b53f3104ff06fb3bc0ad8bacab9866ba1c657ea985b1d,ec9f25e6b68d12ca6182161cdc389e0da99a8cff29c47b015f1d07a6633e4cf0,consensus_benchmark_exact_v1,prompt_compiler_v2_split_g_f,833359104,pending,Q001,"{""Q001"": ""consensus_estimate_human_primary_cause""}",consensus_exact_step3,c444a6eac0c7b6cd317bc71d70e09e8e9d8b0a57308ceb8b4c11921129cc5ae1
G|LP0276|ConsensusExact|step3|attempt_1,G-90e1f692fa084e1182ffe7debb98a8cf5fefd123,G,target,LP0276,Consensus,consensus_exact_step3_estimate,1,google/gemma-4-31B-it,84e0c5b2d0842233a7912902433eb8605b659c037b8a6f50a0ac01a6cd6ddc0f,ec9f25e6b68d12ca6182161cdc389e0da99a8cff29c47b015f1d07a6633e4cf0,consensus_benchmark_exact_v1,prompt_compiler_v2_split_g_f,466369337,pending,Q001,"{""Q001"": ""consensus_estimate_co2_warms_planet""}",consensus_exact_step3,c444a6eac0c7b6cd317bc71d70e09e8e9d8b0a57308ceb8b4c11921129cc5ae1
G|LP0277|ConsensusExact|step3|attempt_1,G-cf81d38d25a46fcf6cd1b344dedd5585124d40f9,G,target,LP0277,Consensus,consensus_exact_step3_estimate,1,google/gemma-4-31B-it,4698e42cd75f119a459a14b3842489c998792575c8435aa27fc3ee494affc91f,ec9f25e6b68d12ca6182161cdc389e0da99a8cff29c47b015f1d07a6633e4cf0,consensus_benchmark_exact_v1,prompt_compiler_v2_split_g_f,1151866604,pending,Q001,"{""Q001"": ""consensus_estimate_co2_warms_planet""}",consensus_exact_step3,c444a6eac0c7b6cd317bc71d70e09e8e9d8b0a57308ceb8b4c11921129cc5ae1
G|LP0278|ConsensusExact|step3|attempt_1,G-dedae990c182deecffe327a38777078556b7d720,G,target,LP0278,Consensus,consensus_exact_step3_estimate,1,google/gemma-4-31B-it,e9c6abdbec3eb3c20957796e89da92819f24a84f4a06a670044cdbfb94e4f851,ec9f25e6b68d12ca6182161cdc389e0da99a8cff29c47b015f1d07a6633e4cf0,consensus_benchmark_exact_v1,prompt_compiler_v2_split_g_f,2134422032,pending,Q001,"{""Q001"": ""consensus_estimate_human_primary_cause""}",consensus_exact_step3,c444a6eac0c7b6cd317bc71d70e09e8e9d8b0a57308ceb8b4c11921129cc5ae1
G|LP0279|ConsensusExact|step3|attempt_1,G-d2f885aa24e9b0424940cb8ca0c98f3852d0782b,G,target,LP0279,Consensus,consensus_exact_step3_estimate,1,google/gemma-4-31B-it,ce526bc78abb89c1c12e5697a950a1103be5969102ef8d083a924995a4db46a7,ec9f25e6b68d12ca6182161cdc389e0da99a8cff29c47b015f1d07a6633e4cf0,consensus_benchmark_exact_v1,prompt_compiler_v2_split_g_f,1255848857,pending,Q001,"{""Q001"": ""consensus_estimate_human_primary_cause""}",consensus_exact_step3,c444a6eac0c7b6cd317bc71d70e09e8e9d8b0a57308ceb8b4c11921129cc5ae1
G|LP0280|ConsensusExact|step3|attempt_1,G-4a59fc555df9f04c011fbd37551ed4d40b2bc7b2,G,target,LP0280,Consensus,consensus_exact_step3_estimate,1,google/gemma-4-31B-it,00e6e93d5d9b45d047aca31d94812b96e47fc558787c46bcc4fc75e7afb4ac75,ec9f25e6b68d12ca6182161cdc389e0da99a8cff29c47b015f1d07a6633e4cf0,consensus_benchmark_exact_v1,prompt_compiler_v2_split_g_f,1923999991,pending,Q001,"{""Q001"": ""consensus_estimate_human_primary_cause""}",consensus_exact_step3,c444a6eac0c7b6cd317bc71d70e09e8e9d8b0a57308ceb8b4c11921129cc5ae1
G|LP0281|ConsensusExact|step3|attempt_1,G-bb779b41f14bc87be19c6fc36267ba1c01991069,G,target,LP0281,Consensus,consensus_exact_step3_estimate,1,google/gemma-4-31B-it,46603f2db1cc9f3eaf27bbaa034d63668ea6f1e310c66aad7a317be7ae39ea19,ec9f25e6b68d12ca6182161cdc389e0da99a8cff29c47b015f1d07a6633e4cf0,consensus_benchmark_exact_v1,prompt_compiler_v2_split_g_f,1748696833,pending,Q001,"{""Q001"": ""consensus_estimate_co2_warms_planet""}",consensus_exact_step3,c444a6eac0c7b6cd317bc71d70e09e8e9d8b0a57308ceb8b4c11921129cc5ae1
G|LP0282|ConsensusExact|step3|attempt_1,G-f6ef12a770321d85711d73e24aaaedd74370d305,G,target,LP0282,Consensus,consensus_exact_step3_estimate,1,google/gemma-4-31B-it,788b287bb10eb2fd59d195b2c9be2996b831c2ed59ac40036e9d92b0467751f9,ec9f25e6b68d12ca6182161cdc389e0da99a8cff29c47b015f1d07a6633e4cf0,consensus_benchmark_exact_v1,prompt_compiler_v2_split_g_f,1578123991,pending,Q001,"{""Q001"": ""consensus_estimate_co2_warms_planet""}",consensus_exact_step3,c444a6eac0c7b6cd317bc71d70e09e8e9d8b0a57308ceb8b4c11921129cc5ae1
G|LP0283|ConsensusExact|step3|attempt_1,G-71a80a56f7e8974554b4ed39fb07fd2d6b188c43,G,target,LP0283,Consensus,consensus_exact_step3_estimate,1,google/gemma-4-31B-it,7883e5fa5a1b214d3bc0e53249f146e42454c5f52a39ed651abc55432ae6daa5,ec9f25e6b68d12ca6182161cdc389e0da99a8cff29c47b015f1d07a6633e4cf0,consensus_benchmark_exact_v1,prompt_compiler_v2_split_g_f,1530440692,pending,Q001,"{""Q001"": ""consensus_estimate_human_primary_cause""}",consensus_exact_step3,c444a6eac0c7b6cd317bc71d70e09e8e9d8b0a57308ceb8b4c11921129cc5ae1
G|LP0284|ConsensusExact|step3|attempt_1,G-7ef87a689f33831e8df5eef569bdf8b406cb0e44,G,target,LP0284,Consensus,consensus_exact_step3_estimate,1,google/gemma-4-31B-it,a322bc86d9d758b4b90e84c066a35886ed05acd08b930c922fdaa1eafbadbe3b,ec9f25e6b68d12ca6182161cdc389e0da99a8cff29c47b015f1d07a6633e4cf0,consensus_benchmark_exact_v1,prompt_compiler_v2_split_g_f,488929265,pending,Q001,"{""Q001"": ""consensus_estimate_human_primary_cause""}",consensus_exact_step3,c444a6eac0c7b6cd317bc71d70e09e8e9d8b0a57308ceb8b4c11921129cc5ae1
G|LP0285|ConsensusExact|step3|attempt_1,G-eb834b559a9d1a7989dcde93b726f54886d99cb5,G,target,LP0285,Consensus,consensus_exact_step3_estimate,1,google/gemma-4-31B-it,d3564d60c9fa1c21f2efda310429450e8e2745b3a00f39e1204271bf644d9a47,ec9f25e6b68d12ca6182161cdc389e0da99a8cff29c47b015f1d07a6633e4cf0,consensus_benchmark_exact_v1,prompt_compiler_v2_split_g_f,1906553127,pending,Q001,"{""Q001"": ""consensus_estimate_human_primary_cause""}",consensus_exact_step3,c444a6eac0c7b6cd317bc71d70e09e8e9d8b0a57308ceb8b4c11921129cc5ae1
G|LP0286|ConsensusExact|step3|attempt_1,G-3f02010060da27a798d3ed82c663b4c7f5ae6f38,G,target,LP0286,Consensus,consensus_exact_step3_estimate,1,google/gemma-4-31B-it,70559d647a61ff156625ff2812813e60721468f36ccaa89746795639dca1f3d2,ec9f25e6b68d12ca6182161cdc389e0da99a8cff29c47b015f1d07a6633e4cf0,consensus_benchmark_exact_v1,prompt_compiler_v2_split_g_f,1591617960,pending,Q001,"{""Q001"": ""consensus_estimate_co2_warms_planet""}",consensus_exact_step3,c444a6eac0c7b6cd317bc71d70e09e8e9d8b0a57308ceb8b4c11921129cc5ae1
G|LP0287|ConsensusExact|step3|attempt_1,G-016f1a402b0de6c2cf97e6a4fb40daaf9dbd89be,G,target,LP0287,Consensus,consensus_exact_step3_estimate,1,google/gemma-4-31B-it,d6a81935d9725abf32b3791b8c14d4e7e4249402965417af55e2e071b359a46c,ec9f25e6b68d12ca6182161cdc389e0da99a8cff29c47b015f1d07a6633e4cf0,consensus_benchmark_exact_v1,prompt_compiler_v2_split_g_f,770448194,pending,Q001,"{""Q001"": ""consensus_estimate_human_primary_cause""}",consensus_exact_step3,c444a6eac0c7b6cd317bc71d70e09e8e9d8b0a57308ceb8b4c11921129cc5ae1
G|LP0288|ConsensusExact|step3|attempt_1,G-6ee4fd8876505dafeac5a034bd43b5f27c5e00de,G,target,LP0288,Consensus,consensus_exact_step3_estimate,1,google/gemma-4-31B-it,708741a5623f7afba13dd3915e5826d15f5fa16596808a544a40b37413413124,ec9f25e6b68d12ca6182161cdc389e0da99a8cff29c47b015f1d07a6633e4cf0,consensus_benchmark_exact_v1,prompt_compiler_v2_split_g_f,1411012801,pending,Q001,"{""Q001"": ""consensus_estimate_co2_warms_planet""}",consensus_exact_step3,c444a6eac0c7b6cd317bc71d70e09e8e9d8b0a57308ceb8b4c11921129cc5ae1
G|LP0289|ConsensusExact|step3|attempt_1,G-ac720639ced0a99bd8e16590c84b443a578bdf86,G,target,LP0289,Consensus,consensus_exact_step3_estimate,1,google/gemma-4-31B-it,60136f3f601c57bbe9328b80b5d19888893861e5bbd45f20b217f2bbf82da8e6,ec9f25e6b68d12ca6182161cdc389e0da99a8cff29c47b015f1d07a6633e4cf0,consensus_benchmark_exact_v1,prompt_compiler_v2_split_g_f,666154513,pending,Q001,"{""Q001"": ""consensus_estimate_human_primary_cause""}",consensus_exact_step3,c444a6eac0c7b6cd317bc71d70e09e8e9d8b0a57308ceb8b4c11921129cc5ae1
G|LP0290|ConsensusExact|step3|attempt_1,G-9de434ab8de07b94f43a36663655c7434c5e6a15,G,target,LP0290,Consensus,consensus_exact_step3_estimate,1,google/gemma-4-31B-it,5e449b2e82567adc1d020fdacece2cbfeee857a34a8db4d355db1a6db9e90460,ec9f25e6b68d12ca6182161cdc389e0da99a8cff29c47b015f1d07a6633e4cf0,consensus_benchmark_exact_v1,prompt_compiler_v2_split_g_f,1235805421,pending,Q001,"{""Q001"": ""consensus_estimate_human_primary_cause""}",consensus_exact_step3,c444a6eac0c7b6cd317bc71d70e09e8e9d8b0a57308ceb8b4c11921129cc5ae1
G|LP0291|ConsensusExact|step3|attempt_1,G-9088be50f9d4e133b793f7dcefd4ced21dcb4ee0,G,target,LP0291,Consensus,consensus_exact_step3_estimate,1,google/gemma-4-31B-it,09c00d066393c370c228d433681dd92cf744a050c0803f5ae1019bd7432be046,ec9f25e6b68d12ca6182161cdc389e0da99a8cff29c47b015f1d07a6633e4cf0,consensus_benchmark_exact_v1,prompt_compiler_v2_split_g_f,451304919,pending,Q001,"{""Q001"": ""consensus_estimate_human_primary_cause""}",consensus_exact_step3,c444a6eac0c7b6cd317bc71d70e09e8e9d8b0a57308ceb8b4c11921129cc5ae1
G|LP0292|ConsensusExact|step3|attempt_1,G-1b021b6a5cba34ffadc156dbeb42287dfa90e7c0,G,target,LP0292,Consensus,consensus_exact_step3_estimate,1,google/gemma-4-31B-it,9f4dfae902a170f9366a5a3549b9c1f626b8eef278dc8b691f24348d46a17dbe,ec9f25e6b68d12ca6182161cdc389e0da99a8cff29c47b015f1d07a6633e4cf0,consensus_benchmark_exact_v1,prompt_compiler_v2_split_g_f,314469332,pending,Q001,"{""Q001"": ""consensus_estimate_co2_warms_planet""}",consensus_exact_step3,c444a6eac0c7b6cd317bc71d70e09e8e9d8b0a57308ceb8b4c11921129cc5ae1
G|LP0293|ConsensusExact|step3|attempt_1,G-b80bf49b4ceba6a3abca9b9e359b33a3d41eebf5,G,target,LP0293,Consensus,consensus_exact_step3_estimate,1,google/gemma-4-31B-it,f74bfa961bfee74d1b27b0f58cb92a7f66438a0b216a9dfe50de416ce1db827b,ec9f25e6b68d12ca6182161cdc389e0da99a8cff29c47b015f1d07a6633e4cf0,consensus_benchmark_exact_v1,prompt_compiler_v2_split_g_f,1023643612,pending,Q001,"{""Q001"": ""consensus_estimate_human_primary_cause""}",consensus_exact_step3,c444a6eac0c7b6cd317bc71d70e09e8e9d8b0a57308ceb8b4c11921129cc5ae1
G|LP0294|ConsensusExact|step3|attempt_1,G-4c31d408104579ab830874e528eecbadfb213578,G,target,LP0294,Consensus,consensus_exact_step3_estimate,1,google/gemma-4-31B-it,4778d72aa02b375170606d8015f121a1352e985b2888dad41570d097c7f0f256,ec9f25e6b68d12ca6182161cdc389e0da99a8cff29c47b015f1d07a6633e4cf0,consensus_benchmark_exact_v1,prompt_compiler_v2_split_g_f,682172860,pending,Q001,"{""Q001"": ""consensus_estimate_human_primary_cause""}",consensus_exact_step3,c444a6eac0c7b6cd317bc71d70e09e8e9d8b0a57308ceb8b4c11921129cc5ae1
G|LP0295|ConsensusExact|step3|attempt_1,G-9d7ddf82b4ffaeaa8c1b647ba1e60e59aae15aa7,G,target,LP0295,Consensus,consensus_exact_step3_estimate,1,google/gemma-4-31B-it,49b54b15d7b82410b52aee732558bf7cafc734528d217ddb3a34fb3dbc9acff2,ec9f25e6b68d12ca6182161cdc389e0da99a8cff29c47b015f1d07a6633e4cf0,consensus_benchmark_exact_v1,prompt_compiler_v2_split_g_f,1878748593,pending,Q001,"{""Q001"": ""consensus_estimate_co2_warms_planet""}",consensus_exact_step3,c444a6eac0c7b6cd317bc71d70e09e8e9d8b0a57308ceb8b4c11921129cc5ae1
G|LP0296|ConsensusExact|step3|attempt_1,G-2343f845c0fd068884df9f49d65a194e35b3ba1e,G,target,LP0296,Consensus,consensus_exact_step3_estimate,1,google/gemma-4-31B-it,1909bb34ad8dbefc2a406bcb2768053f9df1c96fdff679b05df78a0533a27945,ec9f25e6b68d12ca6182161cdc389e0da99a8cff29c47b015f1d07a6633e4cf0,consensus_benchmark_exact_v1,prompt_compiler_v2_split_g_f,126154516,pending,Q001,"{""Q001"": ""consensus_estimate_human_primary_cause""}",consensus_exact_step3,c444a6eac0c7b6cd317bc71d70e09e8e9d8b0a57308ceb8b4c11921129cc5ae1
G|LP0297|ConsensusExact|step3|attempt_1,G-19f3dae52705aae2cc83cf3a48bb7b080e8f668b,G,target,LP0297,Consensus,consensus_exact_step3_estimate,1,google/gemma-4-31B-it,6d96dc094adf486fecb675cb5f240a4de2b60756af899c96ee33b05cde33eeb4,ec9f25e6b68d12ca6182161cdc389e0da99a8cff29c47b015f1d07a6633e4cf0,consensus_benchmark_exact_v1,prompt_compiler_v2_split_g_f,1525506220,pending,Q001,"{""Q001"": ""consensus_estimate_co2_warms_planet""}",consensus_exact_step3,c444a6eac0c7b6cd317bc71d70e09e8e9d8b0a57308ceb8b4c11921129cc5ae1
G|LP0298|ConsensusExact|step3|attempt_1,G-873291222516c6dd65976cce8f75f4d1c450d3ee,G,target,LP0298,Consensus,consensus_exact_step3_estimate,1,google/gemma-4-31B-it,5ad64ef240f62f3a651c0df3c7b92bdc4895622c7e84bada5a0b711695deec8e,ec9f25e6b68d12ca6182161cdc389e0da99a8cff29c47b015f1d07a6633e4cf0,consensus_benchmark_exact_v1,prompt_compiler_v2_split_g_f,863758627,pending,Q001,"{""Q001"": ""consensus_estimate_human_primary_cause""}",consensus_exact_step3,c444a6eac0c7b6cd317bc71d70e09e8e9d8b0a57308ceb8b4c11921129cc5ae1
G|LP0299|ConsensusExact|step3|attempt_1,G-a2abef2e3dd89b7cee92828aa413cc8e064cbe96,G,target,LP0299,Consensus,consensus_exact_step3_estimate,1,google/gemma-4-31B-it,ac5f3a2c23539e2fb04ef53fcfe967d62a69579a6c8da1c1866805de97cf5084,ec9f25e6b68d12ca6182161cdc389e0da99a8cff29c47b015f1d07a6633e4cf0,consensus_benchmark_exact_v1,prompt_compiler_v2_split_g_f,53508571,pending,Q001,"{""Q001"": ""consensus_estimate_human_primary_cause""}",consensus_exact_step3,c444a6eac0c7b6cd317bc71d70e09e8e9d8b0a57308ceb8b4c11921129cc5ae1
G|LP0300|ConsensusExact|step3|attempt_1,G-a19a9fd3f60fe5a26b7a23e6c46143573fe7bd4a,G,target,LP0300,Consensus,consensus_exact_step3_estimate,1,google/gemma-4-31B-it,7ca8a06e65d7cdc9ca739c3ae350a6cbb79e0d434d9d3e61f18408fce980d562,ec9f25e6b68d12ca6182161cdc389e0da99a8cff29c47b015f1d07a6633e4cf0,consensus_benchmark_exact_v1,prompt_compiler_v2_split_g_f,960832844,pending,Q001,"{""Q001"": ""consensus_estimate_human_primary_cause""}",consensus_exact_step3,c444a6eac0c7b6cd317bc71d70e09e8e9d8b0a57308ceb8b4c11921129cc5ae1
G|LP0301|ConsensusExact|step3|attempt_1,G-7dbc54979ada0f1ab74283522570a6d9e15508dc,G,target,LP0301,Consensus,consensus_exact_step3_estimate,1,google/gemma-4-31B-it,dd708be04ee30a7c43db79a6d3e96bfd14a74a9359aab6881ec2c5cc2a97b8a4,ec9f25e6b68d12ca6182161cdc389e0da99a8cff29c47b015f1d07a6633e4cf0,consensus_benchmark_exact_v1,prompt_compiler_v2_split_g_f,374519883,pending,Q001,"{""Q001"": ""consensus_estimate_human_primary_cause""}",consensus_exact_step3,c444a6eac0c7b6cd317bc71d70e09e8e9d8b0a57308ceb8b4c11921129cc5ae1
G|LP0302|ConsensusExact|step3|attempt_1,G-abdb00b59e254aa15ec026cc75e00d25f1ffef11,G,target,LP0302,Consensus,consensus_exact_step3_estimate,1,google/gemma-4-31B-it,6fb979c082d02da2381f3e9c12b1cd17433f88c6f8a605bf44c9aa89c52549d5,ec9f25e6b68d12ca6182161cdc389e0da99a8cff29c47b015f1d07a6633e4cf0,consensus_benchmark_exact_v1,prompt_compiler_v2_split_g_f,1977306126,pending,Q001,"{""Q001"": ""consensus_estimate_co2_warms_planet""}",consensus_exact_step3,c444a6eac0c7b6cd317bc71d70e09e8e9d8b0a57308ceb8b4c11921129cc5ae1
G|LP0303|ConsensusExact|step3|attempt_1,G-71139ee38eed413cb7e7c87a3daf2018c025b7dc,G,target,LP0303,Consensus,consensus_exact_step3_estimate,1,google/gemma-4-31B-it,30677ba8c0d644432023578521a7033f00465110a9e8fdb14687f9e18ec86e15,ec9f25e6b68d12ca6182161cdc389e0da99a8cff29c47b015f1d07a6633e4cf0,consensus_benchmark_exact_v1,prompt_compiler_v2_split_g_f,1897168644,pending,Q001,"{""Q001"": ""consensus_estimate_co2_warms_planet""}",consensus_exact_step3,c444a6eac0c7b6cd317bc71d70e09e8e9d8b0a57308ceb8b4c11921129cc5ae1
G|LP0304|ConsensusExact|step3|attempt_1,G-3ce0295cd4a3359cd63508ca309ad40bd68f27aa,G,target,LP0304,Consensus,consensus_exact_step3_estimate,1,google/gemma-4-31B-it,dd672b9c440272da2db91991fb62124c45d0d5aff7fe4547ea36eab072fd34ef,ec9f25e6b68d12ca6182161cdc389e0da99a8cff29c47b015f1d07a6633e4cf0,consensus_benchmark_exact_v1,prompt_compiler_v2_split_g_f,1315145814,pending,Q001,"{""Q001"": ""consensus_estimate_human_primary_cause""}",consensus_exact_step3,c444a6eac0c7b6cd317bc71d70e09e8e9d8b0a57308ceb8b4c11921129cc5ae1
G|LP0305|ConsensusExact|step3|attempt_1,G-0ac6790892272243407480130523e3878b527d92,G,target,LP0305,Consensus,consensus_exact_step3_estimate,1,google/gemma-4-31B-it,2b17e416a6d9b4847831407590cdecb27fcfda295ace8685f446e7e73704ecd7,ec9f25e6b68d12ca6182161cdc389e0da99a8cff29c47b015f1d07a6633e4cf0,consensus_benchmark_exact_v1,prompt_compiler_v2_split_g_f,666113108,pending,Q001,"{""Q001"": ""consensus_estimate_human_primary_cause""}",consensus_exact_step3,c444a6eac0c7b6cd317bc71d70e09e8e9d8b0a57308ceb8b4c11921129cc5ae1
G|LP0306|ConsensusExact|step3|attempt_1,G-7e98ef181e62bf7eee8acdc02ac52a7ee2b22e8f,G,target,LP0306,Consensus,consensus_exact_step3_estimate,1,google/gemma-4-31B-it,01355e2c8da432d58d4c66b7effb2d06a798f0e4f840ca00e97227d14ccb1a51,ec9f25e6b68d12ca6182161cdc389e0da99a8cff29c47b015f1d07a6633e4cf0,consensus_benchmark_exact_v1,prompt_compiler_v2_split_g_f,462724528,pending,Q001,"{""Q001"": ""consensus_estimate_co2_warms_planet""}",consensus_exact_step3,c444a6eac0c7b6cd317bc71d70e09e8e9d8b0a57308ceb8b4c11921129cc5ae1
G|LP0307|ConsensusExact|step3|attempt_1,G-452195f7d6ff6a00f68a9de79d811ab24753ff3c,G,target,LP0307,Consensus,consensus_exact_step3_estimate,1,google/gemma-4-31B-it,cd15fe95d5f5d6b5b2ce713406825bb9268b1e20dc9483c38f1b63d5be1a5eff,ec9f25e6b68d12ca6182161cdc389e0da99a8cff29c47b015f1d07a6633e4cf0,consensus_benchmark_exact_v1,prompt_compiler_v2_split_g_f,1631753712,pending,Q001,"{""Q001"": ""consensus_estimate_co2_warms_planet""}",consensus_exact_step3,c444a6eac0c7b6cd317bc71d70e09e8e9d8b0a57308ceb8b4c11921129cc5ae1
G|LP0308|ConsensusExact|step3|attempt_1,G-b10ea960ba09fbe3a87090743d0c380ac74afe41,G,target,LP0308,Consensus,consensus_exact_step3_estimate,1,google/gemma-4-31B-it,2beb6a2ff10598ea28c321fbd907a578b06078f1d78733dd44abf31c2785dd1d,ec9f25e6b68d12ca6182161cdc389e0da99a8cff29c47b015f1d07a6633e4cf0,consensus_benchmark_exact_v1,prompt_compiler_v2_split_g_f,472338087,pending,Q001,"{""Q001"": ""consensus_estimate_human_primary_cause""}",consensus_exact_step3,c444a6eac0c7b6cd317bc71d70e09e8e9d8b0a57308ceb8b4c11921129cc5ae1
G|LP0309|ConsensusExact|step3|attempt_1,G-9728b0a89085eee05760769f0e0ebfa2f7594b17,G,target,LP0309,Consensus,consensus_exact_step3_estimate,1,google/gemma-4-31B-it,20eac323d454aeca29b3df7d9309e7f3d91c76e2e37af2688350a9e4c000f4af,ec9f25e6b68d12ca6182161cdc389e0da99a8cff29c47b015f1d07a6633e4cf0,consensus_benchmark_exact_v1,prompt_compiler_v2_split_g_f,1054298163,pending,Q001,"{""Q001"": ""consensus_estimate_co2_warms_planet""}",consensus_exact_step3,c444a6eac0c7b6cd317bc71d70e09e8e9d8b0a57308ceb8b4c11921129cc5ae1
G|LP0310|ConsensusExact|step3|attempt_1,G-4059885b0bf2a7f9fd045eac085265269742edf0,G,target,LP0310,Consensus,consensus_exact_step3_estimate,1,google/gemma-4-31B-it,12ef50fbe9b31610a01e8afa7aba7956f5e9d394106446205c98a0526e1e7344,ec9f25e6b68d12ca6182161cdc389e0da99a8cff29c47b015f1d07a6633e4cf0,consensus_benchmark_exact_v1,prompt_compiler_v2_split_g_f,212187312,pending,Q001,"{""Q001"": ""consensus_estimate_co2_warms_planet""}",consensus_exact_step3,c444a6eac0c7b6cd317bc71d70e09e8e9d8b0a57308ceb8b4c11921129cc5ae1
G|LP0311|ConsensusExact|step3|attempt_1,G-32ac114ef57858c09c882eea39c758eaadf89a7c,G,target,LP0311,Consensus,consensus_exact_step3_estimate,1,google/gemma-4-31B-it,20287eefd7d7582eb56bb34cf82f13c05e5fc56f813134166544b29705fc670f,ec9f25e6b68d12ca6182161cdc389e0da99a8cff29c47b015f1d07a6633e4cf0,consensus_benchmark_exact_v1,prompt_compiler_v2_split_g_f,1523612510,pending,Q001,"{""Q001"": ""consensus_estimate_human_primary_cause""}",consensus_exact_step3,c444a6eac0c7b6cd317bc71d70e09e8e9d8b0a57308ceb8b4c11921129cc5ae1
G|LP0312|ConsensusExact|step3|attempt_1,G-a8c469aae7ac06fa2ee216c17f113ddc5341c907,G,target,LP0312,Consensus,consensus_exact_step3_estimate,1,google/gemma-4-31B-it,27b7b7f22866c5db2017ef8400d06f0c9306eb7c4886b604f8b1e6235d4b3e16,ec9f25e6b68d12ca6182161cdc389e0da99a8cff29c47b015f1d07a6633e4cf0,consensus_benchmark_exact_v1,prompt_compiler_v2_split_g_f,959765074,pending,Q001,"{""Q001"": ""consensus_estimate_co2_warms_planet""}",consensus_exact_step3,c444a6eac0c7b6cd317bc71d70e09e8e9d8b0a57308ceb8b4c11921129cc5ae1
G|LP0313|ConsensusExact|step3|attempt_1,G-396bee2542ee938930db2adc83214d3b4525b268,G,target,LP0313,Consensus,consensus_exact_step3_estimate,1,google/gemma-4-31B-it,d4fa75a27d506cefbc5c8576e66763a3d234014df1d43c226e4e323de511f6e8,ec9f25e6b68d12ca6182161cdc389e0da99a8cff29c47b015f1d07a6633e4cf0,consensus_benchmark_exact_v1,prompt_compiler_v2_split_g_f,902197204,pending,Q001,"{""Q001"": ""consensus_estimate_co2_warms_planet""}",consensus_exact_step3,c444a6eac0c7b6cd317bc71d70e09e8e9d8b0a57308ceb8b4c11921129cc5ae1
G|LP0314|ConsensusExact|step3|attempt_1,G-14f954366415b9bde3fe42fe0ba51a5338b3a5c6,G,target,LP0314,Consensus,consensus_exact_step3_estimate,1,google/gemma-4-31B-it,510448fa619e6c9048e8bf0991b81b7d64727c14a518de2bd3f886e20630a8e6,ec9f25e6b68d12ca6182161cdc389e0da99a8cff29c47b015f1d07a6633e4cf0,consensus_benchmark_exact_v1,prompt_compiler_v2_split_g_f,235430442,pending,Q001,"{""Q001"": ""consensus_estimate_human_primary_cause""}",consensus_exact_step3,c444a6eac0c7b6cd317bc71d70e09e8e9d8b0a57308ceb8b4c11921129cc5ae1
G|LP0315|ConsensusExact|step3|attempt_1,G-98264d8dc2772c4cd4a63fc84cdfea6cf5c527cc,G,target,LP0315,Consensus,consensus_exact_step3_estimate,1,google/gemma-4-31B-it,dd9588262815f47e1ce60c84b471c47c42d2bacfca59f31451d35cf77ffd72f0,ec9f25e6b68d12ca6182161cdc389e0da99a8cff29c47b015f1d07a6633e4cf0,consensus_benchmark_exact_v1,prompt_compiler_v2_split_g_f,1925433193,pending,Q001,"{""Q001"": ""consensus_estimate_co2_warms_planet""}",consensus_exact_step3,c444a6eac0c7b6cd317bc71d70e09e8e9d8b0a57308ceb8b4c11921129cc5ae1
G|LP0316|ConsensusExact|step3|attempt_1,G-aa9796e932e1cf23190d5bb58d6c887ade53a487,G,target,LP0316,Consensus,consensus_exact_step3_estimate,1,google/gemma-4-31B-it,d9c39a6d1ed3de0c7be158e33070efdab2b24a9fd4bd33d7168650bd589685bd,ec9f25e6b68d12ca6182161cdc389e0da99a8cff29c47b015f1d07a6633e4cf0,consensus_benchmark_exact_v1,prompt_compiler_v2_split_g_f,135331064,pending,Q001,"{""Q001"": ""consensus_estimate_co2_warms_planet""}",consensus_exact_step3,c444a6eac0c7b6cd317bc71d70e09e8e9d8b0a57308ceb8b4c11921129cc5ae1
G|LP0317|ConsensusExact|step3|attempt_1,G-159ed08a14beba88140bd87a7dda14da1a364f0d,G,target,LP0317,Consensus,consensus_exact_step3_estimate,1,google/gemma-4-31B-it,91c0064bce3b54eb1ea579530a881418f4cb71017801a16a031883ef24df9297,ec9f25e6b68d12ca6182161cdc389e0da99a8cff29c47b015f1d07a6633e4cf0,consensus_benchmark_exact_v1,prompt_compiler_v2_split_g_f,1073503132,pending,Q001,"{""Q001"": ""consensus_estimate_human_primary_cause""}",consensus_exact_step3,c444a6eac0c7b6cd317bc71d70e09e8e9d8b0a57308ceb8b4c11921129cc5ae1
G|LP0318|ConsensusExact|step3|attempt_1,G-67bebf519b1114dfe422ae3dcd99b5c0139ff291,G,target,LP0318,Consensus,consensus_exact_step3_estimate,1,google/gemma-4-31B-it,5ee603ca62da7016c2bcb6e711c0cca338235e1bd1d2085fe014b81dbb8a33d7,ec9f25e6b68d12ca6182161cdc389e0da99a8cff29c47b015f1d07a6633e4cf0,consensus_benchmark_exact_v1,prompt_compiler_v2_split_g_f,1787728771,pending,Q001,"{""Q001"": ""consensus_estimate_co2_warms_planet""}",consensus_exact_step3,c444a6eac0c7b6cd317bc71d70e09e8e9d8b0a57308ceb8b4c11921129cc5ae1
G|LP0319|ConsensusExact|step3|attempt_1,G-33fbd4ba5a010b56e7b614142cc0f35174dbb093,G,target,LP0319,Consensus,consensus_exact_step3_estimate,1,google/gemma-4-31B-it,309739034f13f3b3f8073461b5473c2801e4e43fd5e1aaf6912729773b3f87af,ec9f25e6b68d12ca6182161cdc389e0da99a8cff29c47b015f1d07a6633e4cf0,consensus_benchmark_exact_v1,prompt_compiler_v2_split_g_f,1106818251,pending,Q001,"{""Q001"": ""consensus_estimate_human_primary_cause""}",consensus_exact_step3,c444a6eac0c7b6cd317bc71d70e09e8e9d8b0a57308ceb8b4c11921129cc5ae1
G|LP0320|ConsensusExact|step3|attempt_1,G-99df5b1930a44af6f62a7dca146bd98b1dd3425c,G,target,LP0320,Consensus,consensus_exact_step3_estimate,1,google/gemma-4-31B-it,65b68318822663e5f80884c1834c1bd59762a5e0392114dc55ad07a9eb62caff,ec9f25e6b68d12ca6182161cdc389e0da99a8cff29c47b015f1d07a6633e4cf0,consensus_benchmark_exact_v1,prompt_compiler_v2_split_g_f,1684209962,pending,Q001,"{""Q001"": ""consensus_estimate_human_primary_cause""}",consensus_exact_step3,c444a6eac0c7b6cd317bc71d70e09e8e9d8b0a57308ceb8b4c11921129cc5ae1
G|LP0321|ConsensusExact|step3|attempt_1,G-8fa0a5a179c63f3da70a8e2f6b64bfeb722b050a,G,target,LP0321,Consensus,consensus_exact_step3_estimate,1,google/gemma-4-31B-it,ce065bb07b04f8b42b1e0888a66ca78f0c4c9bcdc76354ef5279fa03fb05a81f,ec9f25e6b68d12ca6182161cdc389e0da99a8cff29c47b015f1d07a6633e4cf0,consensus_benchmark_exact_v1,prompt_compiler_v2_split_g_f,419924610,pending,Q001,"{""Q001"": ""consensus_estimate_human_primary_cause""}",consensus_exact_step3,c444a6eac0c7b6cd317bc71d70e09e8e9d8b0a57308ceb8b4c11921129cc5ae1
G|LP0322|ConsensusExact|step3|attempt_1,G-b6179576d8284ba4970aef6f2e7e1e4e70b01df0,G,target,LP0322,Consensus,consensus_exact_step3_estimate,1,google/gemma-4-31B-it,9f856330743471c9fb0e4ea05fd9ad5da4eb0566543d6b3c689659f626904fe4,ec9f25e6b68d12ca6182161cdc389e0da99a8cff29c47b015f1d07a6633e4cf0,consensus_benchmark_exact_v1,prompt_compiler_v2_split_g_f,1146582676,pending,Q001,"{""Q001"": ""consensus_estimate_human_primary_cause""}",consensus_exact_step3,c444a6eac0c7b6cd317bc71d70e09e8e9d8b0a57308ceb8b4c11921129cc5ae1
G|LP0323|ConsensusExact|step3|attempt_1,G-c850efde878c73157f7a2838178f472d836b81b8,G,target,LP0323,Consensus,consensus_exact_step3_estimate,1,google/gemma-4-31B-it,43c96626d4723f8a8f3dba29c33fd268661445428285f8dc2b1cd2520cf5e755,ec9f25e6b68d12ca6182161cdc389e0da99a8cff29c47b015f1d07a6633e4cf0,consensus_benchmark_exact_v1,prompt_compiler_v2_split_g_f,405689045,pending,Q001,"{""Q001"": ""consensus_estimate_co2_warms_planet""}",consensus_exact_step3,c444a6eac0c7b6cd317bc71d70e09e8e9d8b0a57308ceb8b4c11921129cc5ae1
G|LP0324|ConsensusExact|step3|attempt_1,G-d4b38fbd178c2c71ed59c962cc4abe0dc36db4e1,G,target,LP0324,Consensus,consensus_exact_step3_estimate,1,google/gemma-4-31B-it,b33f919c706574f38de0bfdaa1834671cac0adaf13b14f1924a847f29851c0d7,ec9f25e6b68d12ca6182161cdc389e0da99a8cff29c47b015f1d07a6633e4cf0,consensus_benchmark_exact_v1,prompt_compiler_v2_split_g_f,1089686510,pending,Q001,"{""Q001"": ""consensus_estimate_human_primary_cause""}",consensus_exact_step3,c444a6eac0c7b6cd317bc71d70e09e8e9d8b0a57308ceb8b4c11921129cc5ae1
G|LP0325|ConsensusExact|step3|attempt_1,G-58fc5b0c48f81ca154f5a23fd594c3faf3364262,G,target,LP0325,Consensus,consensus_exact_step3_estimate,1,google/gemma-4-31B-it,3addacefff2064effa7c160526073b408f68001e62f9f7989648b631d7aa6cf4,ec9f25e6b68d12ca6182161cdc389e0da99a8cff29c47b015f1d07a6633e4cf0,consensus_benchmark_exact_v1,prompt_compiler_v2_split_g_f,2062602938,pending,Q001,"{""Q001"": ""consensus_estimate_co2_warms_planet""}",consensus_exact_step3,c444a6eac0c7b6cd317bc71d70e09e8e9d8b0a57308ceb8b4c11921129cc5ae1
G|LP0326|ConsensusExact|step3|attempt_1,G-2758b52fadcd30d8032ea083f6c473051881bff4,G,target,LP0326,Consensus,consensus_exact_step3_estimate,1,google/gemma-4-31B-it,b55a64d053e8d7463fb0e4db6ae97d3a1d0b65d8bd4a3f5f0e24d2015725d7c7,ec9f25e6b68d12ca6182161cdc389e0da99a8cff29c47b015f1d07a6633e4cf0,consensus_benchmark_exact_v1,prompt_compiler_v2_split_g_f,2088672055,pending,Q001,"{""Q001"": ""consensus_estimate_co2_warms_planet""}",consensus_exact_step3,c444a6eac0c7b6cd317bc71d70e09e8e9d8b0a57308ceb8b4c11921129cc5ae1
G|LP0327|ConsensusExact|step3|attempt_1,G-943bf91241acd26672e0255b34a5dcd4b9bf72a9,G,target,LP0327,Consensus,consensus_exact_step3_estimate,1,google/gemma-4-31B-it,e2a5126f1b5620601c97859c49b567a67001b2f3c6d0134b8bcb11fe8153fb78,ec9f25e6b68d12ca6182161cdc389e0da99a8cff29c47b015f1d07a6633e4cf0,consensus_benchmark_exact_v1,prompt_compiler_v2_split_g_f,1780794508,pending,Q001,"{""Q001"": ""consensus_estimate_co2_warms_planet""}",consensus_exact_step3,c444a6eac0c7b6cd317bc71d70e09e8e9d8b0a57308ceb8b4c11921129cc5ae1
G|LP0328|ConsensusExact|step3|attempt_1,G-e7e98386a3d5e6ca438538132f9d3200578c758c,G,target,LP0328,Consensus,consensus_exact_step3_estimate,1,google/gemma-4-31B-it,f680f1e9c3f6c6db408d6b8fa80f5f613ced888389d60973d1de9341ccedeec5,ec9f25e6b68d12ca6182161cdc389e0da99a8cff29c47b015f1d07a6633e4cf0,consensus_benchmark_exact_v1,prompt_compiler_v2_split_g_f,1940450778,pending,Q001,"{""Q001"": ""consensus_estimate_human_primary_cause""}",consensus_exact_step3,c444a6eac0c7b6cd317bc71d70e09e8e9d8b0a57308ceb8b4c11921129cc5ae1
G|LP0329|ConsensusExact|step3|attempt_1,G-51d64908d035b3e1e80fd4fafe3fdd451883820b,G,target,LP0329,Consensus,consensus_exact_step3_estimate,1,google/gemma-4-31B-it,da2534c77ef741b43c2648ad54183b708f694b4dc222ad0a521f0925bb8571c3,ec9f25e6b68d12ca6182161cdc389e0da99a8cff29c47b015f1d07a6633e4cf0,consensus_benchmark_exact_v1,prompt_compiler_v2_split_g_f,1944208883,pending,Q001,"{""Q001"": ""consensus_estimate_human_primary_cause""}",consensus_exact_step3,c444a6eac0c7b6cd317bc71d70e09e8e9d8b0a57308ceb8b4c11921129cc5ae1
G|LP0330|ConsensusExact|step3|attempt_1,G-f92ff536da5f4fb3dce124770c1c194577c4218e,G,target,LP0330,Consensus,consensus_exact_step3_estimate,1,google/gemma-4-31B-it,749aa06446077a7af96dd20ebf704b1a4f6eb17c2b32fe3b77c696b004e64c0f,ec9f25e6b68d12ca6182161cdc389e0da99a8cff29c47b015f1d07a6633e4cf0,consensus_benchmark_exact_v1,prompt_compiler_v2_split_g_f,1287600676,pending,Q001,"{""Q001"": ""consensus_estimate_co2_warms_planet""}",consensus_exact_step3,c444a6eac0c7b6cd317bc71d70e09e8e9d8b0a57308ceb8b4c11921129cc5ae1
G|LP0331|ConsensusExact|step3|attempt_1,G-c50841db211bb5ad1a79d755b659336967f553e2,G,target,LP0331,Consensus,consensus_exact_step3_estimate,1,google/gemma-4-31B-it,a416a91f4461cfb0c8b5b504792531e236d4cadf154e65117ce9dc374c3c945e,ec9f25e6b68d12ca6182161cdc389e0da99a8cff29c47b015f1d07a6633e4cf0,consensus_benchmark_exact_v1,prompt_compiler_v2_split_g_f,724318566,pending,Q001,"{""Q001"": ""consensus_estimate_human_primary_cause""}",consensus_exact_step3,c444a6eac0c7b6cd317bc71d70e09e8e9d8b0a57308ceb8b4c11921129cc5ae1
G|LP0332|ConsensusExact|step3|attempt_1,G-bfe995b19e41a5921e9f3856b6dda62b94668df4,G,target,LP0332,Consensus,consensus_exact_step3_estimate,1,google/gemma-4-31B-it,cb223937f6c4332afe4800ab740874b73eef6ebf643939ba59456d620e39598c,ec9f25e6b68d12ca6182161cdc389e0da99a8cff29c47b015f1d07a6633e4cf0,consensus_benchmark_exact_v1,prompt_compiler_v2_split_g_f,504680696,pending,Q001,"{""Q001"": ""consensus_estimate_human_primary_cause""}",consensus_exact_step3,c444a6eac0c7b6cd317bc71d70e09e8e9d8b0a57308ceb8b4c11921129cc5ae1
G|LP0333|ConsensusExact|step3|attempt_1,G-b94c1cceacee125808099b9e737714061c5489fc,G,target,LP0333,Consensus,consensus_exact_step3_estimate,1,google/gemma-4-31B-it,53dc7fc42d8c12bb1ed7d3c3af72f97e486db7c0c59cdb86ee4452369129b194,ec9f25e6b68d12ca6182161cdc389e0da99a8cff29c47b015f1d07a6633e4cf0,consensus_benchmark_exact_v1,prompt_compiler_v2_split_g_f,528894968,pending,Q001,"{""Q001"": ""consensus_estimate_co2_warms_planet""}",consensus_exact_step3,c444a6eac0c7b6cd317bc71d70e09e8e9d8b0a57308ceb8b4c11921129cc5ae1
G|LP0334|ConsensusExact|step3|attempt_1,G-e362465e657f036cffc52708702952154e46a35e,G,target,LP0334,Consensus,consensus_exact_step3_estimate,1,google/gemma-4-31B-it,4d85130ebf6db3183a48a974094d2cbe0fcb37319923869fe0530c744b9c2fc9,ec9f25e6b68d12ca6182161cdc389e0da99a8cff29c47b015f1d07a6633e4cf0,consensus_benchmark_exact_v1,prompt_compiler_v2_split_g_f,742625324,pending,Q001,"{""Q001"": ""consensus_estimate_co2_warms_planet""}",consensus_exact_step3,c444a6eac0c7b6cd317bc71d70e09e8e9d8b0a57308ceb8b4c11921129cc5ae1
G|LP0335|ConsensusExact|step3|attempt_1,G-36d64553f9e5e84ecf2f90de1d49b8d391471676,G,target,LP0335,Consensus,consensus_exact_step3_estimate,1,google/gemma-4-31B-it,102e60bea4bdd1c80df6b8a1ba6d45d521e374bea8042bc204184dc8ca9ba7e8,ec9f25e6b68d12ca6182161cdc389e0da99a8cff29c47b015f1d07a6633e4cf0,consensus_benchmark_exact_v1,prompt_compiler_v2_split_g_f,1737650934,pending,Q001,"{""Q001"": ""consensus_estimate_human_primary_cause""}",consensus_exact_step3,c444a6eac0c7b6cd317bc71d70e09e8e9d8b0a57308ceb8b4c11921129cc5ae1
G|LP0336|ConsensusExact|step3|attempt_1,G-616fced11d60d54b3c3d123458c9094f4c165fab,G,target,LP0336,Consensus,consensus_exact_step3_estimate,1,google/gemma-4-31B-it,53968c9ef37d57768eb5743336a1ed1c332370fe82d477318123c2eed26cee2a,ec9f25e6b68d12ca6182161cdc389e0da99a8cff29c47b015f1d07a6633e4cf0,consensus_benchmark_exact_v1,prompt_compiler_v2_split_g_f,1614836462,pending,Q001,"{""Q001"": ""consensus_estimate_human_primary_cause""}",consensus_exact_step3,c444a6eac0c7b6cd317bc71d70e09e8e9d8b0a57308ceb8b4c11921129cc5ae1
G|LP0337|ConsensusExact|step3|attempt_1,G-9a18e51210d0df01faba36395f092d56fc22eb3e,G,target,LP0337,Consensus,consensus_exact_step3_estimate,1,google/gemma-4-31B-it,98364ca3081c0149fa05b713fb810e96a726b45d7118a23f79120ff28138c3c9,ec9f25e6b68d12ca6182161cdc389e0da99a8cff29c47b015f1d07a6633e4cf0,consensus_benchmark_exact_v1,prompt_compiler_v2_split_g_f,1157802279,pending,Q001,"{""Q001"": ""consensus_estimate_human_primary_cause""}",consensus_exact_step3,c444a6eac0c7b6cd317bc71d70e09e8e9d8b0a57308ceb8b4c11921129cc5ae1
G|LP0338|ConsensusExact|step3|attempt_1,G-1684a75e3ce96f4c1d9713b63f92bfcb7930ab5e,G,target,LP0338,Consensus,consensus_exact_step3_estimate,1,google/gemma-4-31B-it,164242247585f6ae5af99c1237aa088a38025e0f2fd9916bbed5b1d3f42bf1f1,ec9f25e6b68d12ca6182161cdc389e0da99a8cff29c47b015f1d07a6633e4cf0,consensus_benchmark_exact_v1,prompt_compiler_v2_split_g_f,1777516040,pending,Q001,"{""Q001"": ""consensus_estimate_co2_warms_planet""}",consensus_exact_step3,c444a6eac0c7b6cd317bc71d70e09e8e9d8b0a57308ceb8b4c11921129cc5ae1
G|LP0339|ConsensusExact|step3|attempt_1,G-ba343e0347c6bc7ef87e9aa4be812414646b4738,G,target,LP0339,Consensus,consensus_exact_step3_estimate,1,google/gemma-4-31B-it,03447d99f9438b60a3d48830b67eefc94a483bfcf73b22e96778bbc73d1f75b2,ec9f25e6b68d12ca6182161cdc389e0da99a8cff29c47b015f1d07a6633e4cf0,consensus_benchmark_exact_v1,prompt_compiler_v2_split_g_f,1009727623,pending,Q001,"{""Q001"": ""consensus_estimate_co2_warms_planet""}",consensus_exact_step3,c444a6eac0c7b6cd317bc71d70e09e8e9d8b0a57308ceb8b4c11921129cc5ae1
G|LP0340|ConsensusExact|step3|attempt_1,G-2b6499dd640a7fdfc912a4d2508ae58a5cdaaecc,G,target,LP0340,Consensus,consensus_exact_step3_estimate,1,google/gemma-4-31B-it,eee2b4ad6d40273096e28f593897845284384e03112e6d7145a57f597eab32ce,ec9f25e6b68d12ca6182161cdc389e0da99a8cff29c47b015f1d07a6633e4cf0,consensus_benchmark_exact_v1,prompt_compiler_v2_split_g_f,986952602,pending,Q001,"{""Q001"": ""consensus_estimate_co2_warms_planet""}",consensus_exact_step3,c444a6eac0c7b6cd317bc71d70e09e8e9d8b0a57308ceb8b4c11921129cc5ae1
G|LP0341|ConsensusExact|step3|attempt_1,G-6e5ee1c1d6137d76d3f73ccfa877ccfa68c567b3,G,target,LP0341,Consensus,consensus_exact_step3_estimate,1,google/gemma-4-31B-it,deb96110de91b866cf35ff59f73b2b66818b6ae5776e48c017e4541a64ea486d,ec9f25e6b68d12ca6182161cdc389e0da99a8cff29c47b015f1d07a6633e4cf0,consensus_benchmark_exact_v1,prompt_compiler_v2_split_g_f,852574459,pending,Q001,"{""Q001"": ""consensus_estimate_human_primary_cause""}",consensus_exact_step3,c444a6eac0c7b6cd317bc71d70e09e8e9d8b0a57308ceb8b4c11921129cc5ae1
G|LP0342|ConsensusExact|step3|attempt_1,G-91d78160eb668f9c6ba81e932f2d92c36154a7c2,G,target,LP0342,Consensus,consensus_exact_step3_estimate,1,google/gemma-4-31B-it,c3b679fedfec2d06153b5c365c653e6695bff188216c95db4954625e1af97ce6,ec9f25e6b68d12ca6182161cdc389e0da99a8cff29c47b015f1d07a6633e4cf0,consensus_benchmark_exact_v1,prompt_compiler_v2_split_g_f,253071968,pending,Q001,"{""Q001"": ""consensus_estimate_human_primary_cause""}",consensus_exact_step3,c444a6eac0c7b6cd317bc71d70e09e8e9d8b0a57308ceb8b4c11921129cc5ae1
G|LP0343|ConsensusExact|step3|attempt_1,G-a0ab86bebd48cb0484d45b7b97d72035809eeba5,G,target,LP0343,Consensus,consensus_exact_step3_estimate,1,google/gemma-4-31B-it,a930bcc3b43765f35248533a14182d293ad00288db2f1ae754679851caa1bf26,ec9f25e6b68d12ca6182161cdc389e0da99a8cff29c47b015f1d07a6633e4cf0,consensus_benchmark_exact_v1,prompt_compiler_v2_split_g_f,2124404867,pending,Q001,"{""Q001"": ""consensus_estimate_human_primary_cause""}",consensus_exact_step3,c444a6eac0c7b6cd317bc71d70e09e8e9d8b0a57308ceb8b4c11921129cc5ae1
G|LP0344|ConsensusExact|step3|attempt_1,G-c9031e766b7dd82766f1f282b4561cdd4d34907b,G,target,LP0344,Consensus,consensus_exact_step3_estimate,1,google/gemma-4-31B-it,decb4ffbc8236706f98f51e771a4873038841efc0af76b4d7c6a37a2ed3b7c00,ec9f25e6b68d12ca6182161cdc389e0da99a8cff29c47b015f1d07a6633e4cf0,consensus_benchmark_exact_v1,prompt_compiler_v2_split_g_f,2105808150,pending,Q001,"{""Q001"": ""consensus_estimate_human_primary_cause""}",consensus_exact_step3,c444a6eac0c7b6cd317bc71d70e09e8e9d8b0a57308ceb8b4c11921129cc5ae1
G|LP0345|ConsensusExact|step3|attempt_1,G-a32a7ecc54e6024b751bfbc8bf976d87133aadee,G,target,LP0345,Consensus,consensus_exact_step3_estimate,1,google/gemma-4-31B-it,60269d6938a042474e3f31206291dc90697368a3cf8f7e69bab831bc2270e2cd,ec9f25e6b68d12ca6182161cdc389e0da99a8cff29c47b015f1d07a6633e4cf0,consensus_benchmark_exact_v1,prompt_compiler_v2_split_g_f,456851430,pending,Q001,"{""Q001"": ""consensus_estimate_human_primary_cause""}",consensus_exact_step3,c444a6eac0c7b6cd317bc71d70e09e8e9d8b0a57308ceb8b4c11921129cc5ae1
G|LP0346|ConsensusExact|step3|attempt_1,G-193f750421d0f41585f455177ac35b84688c22e7,G,target,LP0346,Consensus,consensus_exact_step3_estimate,1,google/gemma-4-31B-it,2bd55b50f9b060624850b93900ffe8991daf4da95d4188638696a012f1f39494,ec9f25e6b68d12ca6182161cdc389e0da99a8cff29c47b015f1d07a6633e4cf0,consensus_benchmark_exact_v1,prompt_compiler_v2_split_g_f,1414520349,pending,Q001,"{""Q001"": ""consensus_estimate_co2_warms_planet""}",consensus_exact_step3,c444a6eac0c7b6cd317bc71d70e09e8e9d8b0a57308ceb8b4c11921129cc5ae1
G|LP0347|ConsensusExact|step3|attempt_1,G-73f9a6eedf2ebb7a5d9246db6c79f2cfff0420c4,G,target,LP0347,Consensus,consensus_exact_step3_estimate,1,google/gemma-4-31B-it,7db43400b1b61da9c3158ddf21d8ab21da90de5eb75d90ac4807de78a68ff43f,ec9f25e6b68d12ca6182161cdc389e0da99a8cff29c47b015f1d07a6633e4cf0,consensus_benchmark_exact_v1,prompt_compiler_v2_split_g_f,1193412953,pending,Q001,"{""Q001"": ""consensus_estimate_human_primary_cause""}",consensus_exact_step3,c444a6eac0c7b6cd317bc71d70e09e8e9d8b0a57308ceb8b4c11921129cc5ae1
G|LP0348|ConsensusExact|step3|attempt_1,G-f72e5b2e292df06cbe3550b923c3d1d63cdda845,G,target,LP0348,Consensus,consensus_exact_step3_estimate,1,google/gemma-4-31B-it,a29c645fc016271097645b714269c7e0db57162a0cd588869a73f85e25ffc3c3,ec9f25e6b68d12ca6182161cdc389e0da99a8cff29c47b015f1d07a6633e4cf0,consensus_benchmark_exact_v1,prompt_compiler_v2_split_g_f,394962636,pending,Q001,"{""Q001"": ""consensus_estimate_human_primary_cause""}",consensus_exact_step3,c444a6eac0c7b6cd317bc71d70e09e8e9d8b0a57308ceb8b4c11921129cc5ae1
G|LP0349|ConsensusExact|step3|attempt_1,G-fbccb09743890564877bcc54ce055217774a347b,G,target,LP0349,Consensus,consensus_exact_step3_estimate,1,google/gemma-4-31B-it,061e19c1eb2a73d25b7c66e5e8650e6c29848e663eee4eab3270466c737eb2c7,ec9f25e6b68d12ca6182161cdc389e0da99a8cff29c47b015f1d07a6633e4cf0,consensus_benchmark_exact_v1,prompt_compiler_v2_split_g_f,992110230,pending,Q001,"{""Q001"": ""consensus_estimate_human_primary_cause""}",consensus_exact_step3,c444a6eac0c7b6cd317bc71d70e09e8e9d8b0a57308ceb8b4c11921129cc5ae1
G|LP0350|ConsensusExact|step3|attempt_1,G-5fe8c86d9e983dcd5542a8d4021fde1c56a89fb3,G,target,LP0350,Consensus,consensus_exact_step3_estimate,1,google/gemma-4-31B-it,3555dacceaa279a14cc629c2574f9e3ea7372c64d31aafd6935d31c35b45d1dc,ec9f25e6b68d12ca6182161cdc389e0da99a8cff29c47b015f1d07a6633e4cf0,consensus_benchmark_exact_v1,prompt_compiler_v2_split_g_f,1583992489,pending,Q001,"{""Q001"": ""consensus_estimate_human_primary_cause""}",consensus_exact_step3,c444a6eac0c7b6cd317bc71d70e09e8e9d8b0a57308ceb8b4c11921129cc5ae1
G|LP0351|ConsensusExact|step3|attempt_1,G-08a22dfd4886ba96012990c41222303fa078a076,G,target,LP0351,Consensus,consensus_exact_step3_estimate,1,google/gemma-4-31B-it,53bc0973a5ca638bae77c97df951fbafe366082f795c04fab92ab13e71daa233,ec9f25e6b68d12ca6182161cdc389e0da99a8cff29c47b015f1d07a6633e4cf0,consensus_benchmark_exact_v1,prompt_compiler_v2_split_g_f,1506481808,pending,Q001,"{""Q001"": ""consensus_estimate_human_primary_cause""}",consensus_exact_step3,c444a6eac0c7b6cd317bc71d70e09e8e9d8b0a57308ceb8b4c11921129cc5ae1
G|LP0352|ConsensusExact|step3|attempt_1,G-bc958441fc187305d2ed7247564d0acb8d2b143a,G,target,LP0352,Consensus,consensus_exact_step3_estimate,1,google/gemma-4-31B-it,bbc12fc8ec363f53b682d6599b1e025c02607e293f6c02b86278f24d5ee519bd,ec9f25e6b68d12ca6182161cdc389e0da99a8cff29c47b015f1d07a6633e4cf0,consensus_benchmark_exact_v1,prompt_compiler_v2_split_g_f,1967356811,pending,Q001,"{""Q001"": ""consensus_estimate_human_primary_cause""}",consensus_exact_step3,c444a6eac0c7b6cd317bc71d70e09e8e9d8b0a57308ceb8b4c11921129cc5ae1
G|LP0353|ConsensusExact|step3|attempt_1,G-9bc0c16d83b8af34d85035f33de640c15bc154c9,G,target,LP0353,Consensus,consensus_exact_step3_estimate,1,google/gemma-4-31B-it,1532bbc424d5e56f722d012494c8672ee38149fa81cb6f7e8e1a680faea64c55,ec9f25e6b68d12ca6182161cdc389e0da99a8cff29c47b015f1d07a6633e4cf0,consensus_benchmark_exact_v1,prompt_compiler_v2_split_g_f,993669649,pending,Q001,"{""Q001"": ""consensus_estimate_co2_warms_planet""}",consensus_exact_step3,c444a6eac0c7b6cd317bc71d70e09e8e9d8b0a57308ceb8b4c11921129cc5ae1
G|LP0354|ConsensusExact|step3|attempt_1,G-b98d67a53f9f0f22d5d1b032ee4b61b49ff4ace9,G,target,LP0354,Consensus,consensus_exact_step3_estimate,1,google/gemma-4-31B-it,ed73e1d3b9fb474ca0463dd338150f2d429297dcd34f2dadd35dc9cca996497b,ec9f25e6b68d12ca6182161cdc389e0da99a8cff29c47b015f1d07a6633e4cf0,consensus_benchmark_exact_v1,prompt_compiler_v2_split_g_f,851041903,pending,Q001,"{""Q001"": ""consensus_estimate_co2_warms_planet""}",consensus_exact_step3,c444a6eac0c7b6cd317bc71d70e09e8e9d8b0a57308ceb8b4c11921129cc5ae1
G|LP0355|ConsensusExact|step3|attempt_1,G-2608631b3bbd43470f82d80e8f7726e189c826cf,G,target,LP0355,Consensus,consensus_exact_step3_estimate,1,google/gemma-4-31B-it,a0470d3becd5be738c65c6ab8bbf61f06db5d61cded7dcf46dc2c26a4c6ad598,ec9f25e6b68d12ca6182161cdc389e0da99a8cff29c47b015f1d07a6633e4cf0,consensus_benchmark_exact_v1,prompt_compiler_v2_split_g_f,130943358,pending,Q001,"{""Q001"": ""consensus_estimate_human_primary_cause""}",consensus_exact_step3,c444a6eac0c7b6cd317bc71d70e09e8e9d8b0a57308ceb8b4c11921129cc5ae1
G|LP0356|ConsensusExact|step3|attempt_1,G-800fc1e5e2dbe1e8f82af897fe3be7aad6d00088,G,target,LP0356,Consensus,consensus_exact_step3_estimate,1,google/gemma-4-31B-it,e71d7c5eda1d919d5ec7ce25b836ebd5a4ddac7c99863b9c32df886124fa69dd,ec9f25e6b68d12ca6182161cdc389e0da99a8cff29c47b015f1d07a6633e4cf0,consensus_benchmark_exact_v1,prompt_compiler_v2_split_g_f,1660642741,pending,Q001,"{""Q001"": ""consensus_estimate_co2_warms_planet""}",consensus_exact_step3,c444a6eac0c7b6cd317bc71d70e09e8e9d8b0a57308ceb8b4c11921129cc5ae1
G|LP0357|ConsensusExact|step3|attempt_1,G-bf01f94e5dd9e44deba777a37516121fcde95de9,G,target,LP0357,Consensus,consensus_exact_step3_estimate,1,google/gemma-4-31B-it,360955cb8ea72a45903579e8207b76f6fdee2755b98024936f81dbe18e3dfb42,ec9f25e6b68d12ca6182161cdc389e0da99a8cff29c47b015f1d07a6633e4cf0,consensus_benchmark_exact_v1,prompt_compiler_v2_split_g_f,1541265132,pending,Q001,"{""Q001"": ""consensus_estimate_co2_warms_planet""}",consensus_exact_step3,c444a6eac0c7b6cd317bc71d70e09e8e9d8b0a57308ceb8b4c11921129cc5ae1
G|LP0358|ConsensusExact|step3|attempt_1,G-ac5cc18be9820b6a0e69e497230ceab6cbc11ac1,G,target,LP0358,Consensus,consensus_exact_step3_estimate,1,google/gemma-4-31B-it,7b8c88693e477c271ef14b4164feec8e3c30a2400edafc326feed0aea6ec64fd,ec9f25e6b68d12ca6182161cdc389e0da99a8cff29c47b015f1d07a6633e4cf0,consensus_benchmark_exact_v1,prompt_compiler_v2_split_g_f,1111199364,pending,Q001,"{""Q001"": ""consensus_estimate_co2_warms_planet""}",consensus_exact_step3,c444a6eac0c7b6cd317bc71d70e09e8e9d8b0a57308ceb8b4c11921129cc5ae1
G|LP0359|ConsensusExact|step3|attempt_1,G-7aaaf5f4ce05db59b85bb4c6d9dc5d6cbca7b514,G,target,LP0359,Consensus,consensus_exact_step3_estimate,1,google/gemma-4-31B-it,d2313a9f9267b1b68477ab7f848ee91992a0d94e7eb6c0ccb29aee2547d670cb,ec9f25e6b68d12ca6182161cdc389e0da99a8cff29c47b015f1d07a6633e4cf0,consensus_benchmark_exact_v1,prompt_compiler_v2_split_g_f,1130088260,pending,Q001,"{""Q001"": ""consensus_estimate_human_primary_cause""}",consensus_exact_step3,c444a6eac0c7b6cd317bc71d70e09e8e9d8b0a57308ceb8b4c11921129cc5ae1
G|LP0360|ConsensusExact|step3|attempt_1,G-3069dc4814fd3dc00a864a5a22a44ba8a24dcc6f,G,target,LP0360,Consensus,consensus_exact_step3_estimate,1,google/gemma-4-31B-it,332ac8dd401709769d470c2b6aa20c8b8a949691b3f0d541829b08d013503ec1,ec9f25e6b68d12ca6182161cdc389e0da99a8cff29c47b015f1d07a6633e4cf0,consensus_benchmark_exact_v1,prompt_compiler_v2_split_g_f,1976628816,pending,Q001,"{""Q001"": ""consensus_estimate_co2_warms_planet""}",consensus_exact_step3,c444a6eac0c7b6cd317bc71d70e09e8e9d8b0a57308ceb8b4c11921129cc5ae1
G|LP0361|ConsensusExact|step3|attempt_1,G-5558fe53e897b0788d2903e17b9bbc08929567b6,G,target,LP0361,Consensus,consensus_exact_step3_estimate,1,google/gemma-4-31B-it,6290ba7ebb9929a5cdf923a7152dc9a159b29348ec4f95f96f68d3407a598fdf,ec9f25e6b68d12ca6182161cdc389e0da99a8cff29c47b015f1d07a6633e4cf0,consensus_benchmark_exact_v1,prompt_compiler_v2_split_g_f,323595553,pending,Q001,"{""Q001"": ""consensus_estimate_co2_warms_planet""}",consensus_exact_step3,c444a6eac0c7b6cd317bc71d70e09e8e9d8b0a57308ceb8b4c11921129cc5ae1
G|LP0362|ConsensusExact|step3|attempt_1,G-63538eee600472cb08fbb7310326ae08f0da2f5d,G,target,LP0362,Consensus,consensus_exact_step3_estimate,1,google/gemma-4-31B-it,d9d01b36cf371fa1c09bda60c4f2f63992f8b132898cbb2ff58c6b27a4282911,ec9f25e6b68d12ca6182161cdc389e0da99a8cff29c47b015f1d07a6633e4cf0,consensus_benchmark_exact_v1,prompt_compiler_v2_split_g_f,648777897,pending,Q001,"{""Q001"": ""consensus_estimate_co2_warms_planet""}",consensus_exact_step3,c444a6eac0c7b6cd317bc71d70e09e8e9d8b0a57308ceb8b4c11921129cc5ae1
G|LP0363|ConsensusExact|step3|attempt_1,G-22725cff1d520b49b2c4da36039999a1271d4d60,G,target,LP0363,Consensus,consensus_exact_step3_estimate,1,google/gemma-4-31B-it,1e1810ab74302d5068143d0f92c9142257198a4b766fb7007cf20206779b226b,ec9f25e6b68d12ca6182161cdc389e0da99a8cff29c47b015f1d07a6633e4cf0,consensus_benchmark_exact_v1,prompt_compiler_v2_split_g_f,1647756615,pending,Q001,"{""Q001"": ""consensus_estimate_co2_warms_planet""}",consensus_exact_step3,c444a6eac0c7b6cd317bc71d70e09e8e9d8b0a57308ceb8b4c11921129cc5ae1
G|LP0364|ConsensusExact|step3|attempt_1,G-8ab953f273aa244835b63cfa387ac3a7592900aa,G,target,LP0364,Consensus,consensus_exact_step3_estimate,1,google/gemma-4-31B-it,97b678cd2cfbe2615c12daed8697bc95c601dcde5e7a1400496fddc37a11a2e4,ec9f25e6b68d12ca6182161cdc389e0da99a8cff29c47b015f1d07a6633e4cf0,consensus_benchmark_exact_v1,prompt_compiler_v2_split_g_f,152882223,pending,Q001,"{""Q001"": ""consensus_estimate_co2_warms_planet""}",consensus_exact_step3,c444a6eac0c7b6cd317bc71d70e09e8e9d8b0a57308ceb8b4c11921129cc5ae1
G|LP0365|ConsensusExact|step3|attempt_1,G-a837b2d2f3da9af1b211238d2d80c80191956637,G,target,LP0365,Consensus,consensus_exact_step3_estimate,1,google/gemma-4-31B-it,731a58c9fcc3b93f4515a473c0161c3c440512a92abe1bb479b688fa25a5560a,ec9f25e6b68d12ca6182161cdc389e0da99a8cff29c47b015f1d07a6633e4cf0,consensus_benchmark_exact_v1,prompt_compiler_v2_split_g_f,1145700505,pending,Q001,"{""Q001"": ""consensus_estimate_co2_warms_planet""}",consensus_exact_step3,c444a6eac0c7b6cd317bc71d70e09e8e9d8b0a57308ceb8b4c11921129cc5ae1
G|LP0366|ConsensusExact|step3|attempt_1,G-8d8b25c07882cc3de5171d56c0dd7afcbb022a04,G,target,LP0366,Consensus,consensus_exact_step3_estimate,1,google/gemma-4-31B-it,fa414549856b418f9539e881625327faae22ab8b57833af976c6eaa45baca1e5,ec9f25e6b68d12ca6182161cdc389e0da99a8cff29c47b015f1d07a6633e4cf0,consensus_benchmark_exact_v1,prompt_compiler_v2_split_g_f,328800192,pending,Q001,"{""Q001"": ""consensus_estimate_human_primary_cause""}",consensus_exact_step3,c444a6eac0c7b6cd317bc71d70e09e8e9d8b0a57308ceb8b4c11921129cc5ae1
G|LP0367|ConsensusExact|step3|attempt_1,G-761956bbdb6adbe7134268b1ed1276d77c272f9d,G,target,LP0367,Consensus,consensus_exact_step3_estimate,1,google/gemma-4-31B-it,ff4a8e0ddbd5c8f0a73f27fe22a48f3d833f7b4ebd7051541d4639389173befd,ec9f25e6b68d12ca6182161cdc389e0da99a8cff29c47b015f1d07a6633e4cf0,consensus_benchmark_exact_v1,prompt_compiler_v2_split_g_f,1201506656,pending,Q001,"{""Q001"": ""consensus_estimate_co2_warms_planet""}",consensus_exact_step3,c444a6eac0c7b6cd317bc71d70e09e8e9d8b0a57308ceb8b4c11921129cc5ae1
G|LP0368|ConsensusExact|step3|attempt_1,G-f7e84fc4e742c4a17ed53f3710c99ef9caf1e663,G,target,LP0368,Consensus,consensus_exact_step3_estimate,1,google/gemma-4-31B-it,bfc019f3d2fbc34bf5a4ca9ac34f4861e0a72d3a39caac9fe7fe7ce95e04c62e,ec9f25e6b68d12ca6182161cdc389e0da99a8cff29c47b015f1d07a6633e4cf0,consensus_benchmark_exact_v1,prompt_compiler_v2_split_g_f,1460888622,pending,Q001,"{""Q001"": ""consensus_estimate_human_primary_cause""}",consensus_exact_step3,c444a6eac0c7b6cd317bc71d70e09e8e9d8b0a57308ceb8b4c11921129cc5ae1
G|LP0369|ConsensusExact|step3|attempt_1,G-de8fb522ca66a5cae6d42d560637c9f0a09098b5,G,target,LP0369,Consensus,consensus_exact_step3_estimate,1,google/gemma-4-31B-it,e6a26edeed79b5f4b33e82eff7c9931221e184eec86f9ce353f8f43cef7d437e,ec9f25e6b68d12ca6182161cdc389e0da99a8cff29c47b015f1d07a6633e4cf0,consensus_benchmark_exact_v1,prompt_compiler_v2_split_g_f,126226451,pending,Q001,"{""Q001"": ""consensus_estimate_human_primary_cause""}",consensus_exact_step3,c444a6eac0c7b6cd317bc71d70e09e8e9d8b0a57308ceb8b4c11921129cc5ae1
G|LP0370|ConsensusExact|step3|attempt_1,G-2774e0de1f1be31eb51ff0905bb25f7ee9394e28,G,target,LP0370,Consensus,consensus_exact_step3_estimate,1,google/gemma-4-31B-it,e0727d49e2cc748005f839eb0b9190d1310f09d4645846e7776c3effe04961f6,ec9f25e6b68d12ca6182161cdc389e0da99a8cff29c47b015f1d07a6633e4cf0,consensus_benchmark_exact_v1,prompt_compiler_v2_split_g_f,1845863642,pending,Q001,"{""Q001"": ""consensus_estimate_co2_warms_planet""}",consensus_exact_step3,c444a6eac0c7b6cd317bc71d70e09e8e9d8b0a57308ceb8b4c11921129cc5ae1
G|LP0371|ConsensusExact|step3|attempt_1,G-bcfef142cd1db21565f42a38ff8540c2f9ff6159,G,target,LP0371,Consensus,consensus_exact_step3_estimate,1,google/gemma-4-31B-it,632f73b9fe80d5eb16047bc35a09792e18ff618e6ebbaa96211de3250f046baf,ec9f25e6b68d12ca6182161cdc389e0da99a8cff29c47b015f1d07a6633e4cf0,consensus_benchmark_exact_v1,prompt_compiler_v2_split_g_f,1192989853,pending,Q001,"{""Q001"": ""consensus_estimate_co2_warms_planet""}",consensus_exact_step3,c444a6eac0c7b6cd317bc71d70e09e8e9d8b0a57308ceb8b4c11921129cc5ae1
G|LP0372|ConsensusExact|step3|attempt_1,G-a2183c7502d7f4b718bd33b6b910f4d818c39947,G,target,LP0372,Consensus,consensus_exact_step3_estimate,1,google/gemma-4-31B-it,c3154f8ae098c8d455f095f126b0c522d165794c2b0a0302e2b168742dc64981,ec9f25e6b68d12ca6182161cdc389e0da99a8cff29c47b015f1d07a6633e4cf0,consensus_benchmark_exact_v1,prompt_compiler_v2_split_g_f,1191734691,pending,Q001,"{""Q001"": ""consensus_estimate_human_primary_cause""}",consensus_exact_step3,c444a6eac0c7b6cd317bc71d70e09e8e9d8b0a57308ceb8b4c11921129cc5ae1
G|LP0373|ConsensusExact|step3|attempt_1,G-800d7809b7e3ce34d717874021b573b946175e0f,G,target,LP0373,Consensus,consensus_exact_step3_estimate,1,google/gemma-4-31B-it,b34b0c0850054ec8fd61d1ad6c02fd080a4ef2e9a4c6b10f9083ea59b7832241,ec9f25e6b68d12ca6182161cdc389e0da99a8cff29c47b015f1d07a6633e4cf0,consensus_benchmark_exact_v1,prompt_compiler_v2_split_g_f,939441737,pending,Q001,"{""Q001"": ""consensus_estimate_human_primary_cause""}",consensus_exact_step3,c444a6eac0c7b6cd317bc71d70e09e8e9d8b0a57308ceb8b4c11921129cc5ae1
G|LP0374|ConsensusExact|step3|attempt_1,G-a986b7d286401977b5e55b1847f2b1fb458cbace,G,target,LP0374,Consensus,consensus_exact_step3_estimate,1,google/gemma-4-31B-it,d542fd3f87b38b605c6d0cd661f78fdb69e791a854d25a71084aa461200df206,ec9f25e6b68d12ca6182161cdc389e0da99a8cff29c47b015f1d07a6633e4cf0,consensus_benchmark_exact_v1,prompt_compiler_v2_split_g_f,1498253598,pending,Q001,"{""Q001"": ""consensus_estimate_human_primary_cause""}",consensus_exact_step3,c444a6eac0c7b6cd317bc71d70e09e8e9d8b0a57308ceb8b4c11921129cc5ae1
G|LP0375|ConsensusExact|step3|attempt_1,G-6b1e49a91652a558e4eb28674705f477514df55f,G,target,LP0375,Consensus,consensus_exact_step3_estimate,1,google/gemma-4-31B-it,4acbc3b4602559769b20ea919cde9f33758594c31f4e689c40edf928e3c09f85,ec9f25e6b68d12ca6182161cdc389e0da99a8cff29c47b015f1d07a6633e4cf0,consensus_benchmark_exact_v1,prompt_compiler_v2_split_g_f,1821325483,pending,Q001,"{""Q001"": ""consensus_estimate_co2_warms_planet""}",consensus_exact_step3,c444a6eac0c7b6cd317bc71d70e09e8e9d8b0a57308ceb8b4c11921129cc5ae1
G|LP0376|ConsensusExact|step3|attempt_1,G-81739d3e102e4644aef15de43a189f4344114f6c,G,target,LP0376,Consensus,consensus_exact_step3_estimate,1,google/gemma-4-31B-it,ac9680784a53628114f17d265314fa2b93513e1d7ef9e0847410ea64b140755f,ec9f25e6b68d12ca6182161cdc389e0da99a8cff29c47b015f1d07a6633e4cf0,consensus_benchmark_exact_v1,prompt_compiler_v2_split_g_f,320176322,pending,Q001,"{""Q001"": ""consensus_estimate_co2_warms_planet""}",consensus_exact_step3,c444a6eac0c7b6cd317bc71d70e09e8e9d8b0a57308ceb8b4c11921129cc5ae1
G|LP0377|ConsensusExact|step3|attempt_1,G-a15f5ec2ff9e08143e8c4a84ef01e226c8da559f,G,target,LP0377,Consensus,consensus_exact_step3_estimate,1,google/gemma-4-31B-it,ad9d9f9fd440700dbfbae78635af368a20a58b5a1f8635b3bf0e3e128a3b88d3,ec9f25e6b68d12ca6182161cdc389e0da99a8cff29c47b015f1d07a6633e4cf0,consensus_benchmark_exact_v1,prompt_compiler_v2_split_g_f,1113376156,pending,Q001,"{""Q001"": ""consensus_estimate_co2_warms_planet""}",consensus_exact_step3,c444a6eac0c7b6cd317bc71d70e09e8e9d8b0a57308ceb8b4c11921129cc5ae1
G|LP0378|ConsensusExact|step3|attempt_1,G-960cb79b7ca6ec7216d871eaf2bd7db917885dd6,G,target,LP0378,Consensus,consensus_exact_step3_estimate,1,google/gemma-4-31B-it,d97d9f805bfe64ecf3d8b833a893f64815bec7d14d1cf6893c6d6056c2193cd4,ec9f25e6b68d12ca6182161cdc389e0da99a8cff29c47b015f1d07a6633e4cf0,consensus_benchmark_exact_v1,prompt_compiler_v2_split_g_f,683695019,pending,Q001,"{""Q001"": ""consensus_estimate_human_primary_cause""}",consensus_exact_step3,c444a6eac0c7b6cd317bc71d70e09e8e9d8b0a57308ceb8b4c11921129cc5ae1
G|LP0379|ConsensusExact|step3|attempt_1,G-ead17505f392a7c136d9895da7aed318ae825354,G,target,LP0379,Consensus,consensus_exact_step3_estimate,1,google/gemma-4-31B-it,8e0a82d63a70929673cccde6a50426a023b19ab478b736446b3257c5f6a4e4cb,ec9f25e6b68d12ca6182161cdc389e0da99a8cff29c47b015f1d07a6633e4cf0,consensus_benchmark_exact_v1,prompt_compiler_v2_split_g_f,1228247504,pending,Q001,"{""Q001"": ""consensus_estimate_human_primary_cause""}",consensus_exact_step3,c444a6eac0c7b6cd317bc71d70e09e8e9d8b0a57308ceb8b4c11921129cc5ae1
G|LP0380|ConsensusExact|step3|attempt_1,G-cf9ec79ab260c80ee084a6dbb44659460bef2525,G,target,LP0380,Consensus,consensus_exact_step3_estimate,1,google/gemma-4-31B-it,8e361486b3fb85cf6d12d4ff3077273bf8379b11ec9dad0b0b1db098b98bb009,ec9f25e6b68d12ca6182161cdc389e0da99a8cff29c47b015f1d07a6633e4cf0,consensus_benchmark_exact_v1,prompt_compiler_v2_split_g_f,1369331526,pending,Q001,"{""Q001"": ""consensus_estimate_co2_warms_planet""}",consensus_exact_step3,c444a6eac0c7b6cd317bc71d70e09e8e9d8b0a57308ceb8b4c11921129cc5ae1
G|LP0381|ConsensusExact|step3|attempt_1,G-04a4fee1bff8d2446eea53acbe7ea53e93760225,G,target,LP0381,Consensus,consensus_exact_step3_estimate,1,google/gemma-4-31B-it,23541b226c3b9578aa2b386fdc61ada210ce126489a042fbdc5e0ce58b74cbf0,ec9f25e6b68d12ca6182161cdc389e0da99a8cff29c47b015f1d07a6633e4cf0,consensus_benchmark_exact_v1,prompt_compiler_v2_split_g_f,1229115399,pending,Q001,"{""Q001"": ""consensus_estimate_human_primary_cause""}",consensus_exact_step3,c444a6eac0c7b6cd317bc71d70e09e8e9d8b0a57308ceb8b4c11921129cc5ae1
G|LP0382|ConsensusExact|step3|attempt_1,G-ff1fc9b6c04c438f2790fc6d085a6e1cd13ca18e,G,target,LP0382,Consensus,consensus_exact_step3_estimate,1,google/gemma-4-31B-it,cf217c2d74642cb52c062e3758c04f03e19593f0f707f64af7606964c6dc672d,ec9f25e6b68d12ca6182161cdc389e0da99a8cff29c47b015f1d07a6633e4cf0,consensus_benchmark_exact_v1,prompt_compiler_v2_split_g_f,1049351936,pending,Q001,"{""Q001"": ""consensus_estimate_human_primary_cause""}",consensus_exact_step3,c444a6eac0c7b6cd317bc71d70e09e8e9d8b0a57308ceb8b4c11921129cc5ae1
G|LP0383|ConsensusExact|step3|attempt_1,G-0f745fce91b469edc3150b02b06e7e887ed87e70,G,target,LP0383,Consensus,consensus_exact_step3_estimate,1,google/gemma-4-31B-it,575cd72b4a9cb9de56a9d575a5233ab23418851d52c98efbe603c88e99e45c30,ec9f25e6b68d12ca6182161cdc389e0da99a8cff29c47b015f1d07a6633e4cf0,consensus_benchmark_exact_v1,prompt_compiler_v2_split_g_f,815606154,pending,Q001,"{""Q001"": ""consensus_estimate_co2_warms_planet""}",consensus_exact_step3,c444a6eac0c7b6cd317bc71d70e09e8e9d8b0a57308ceb8b4c11921129cc5ae1
G|LP0384|ConsensusExact|step3|attempt_1,G-80fe0c871f2dfb5a9aeff8097117d787b8557014,G,target,LP0384,Consensus,consensus_exact_step3_estimate,1,google/gemma-4-31B-it,a01bcc3dcfecd8566aafd4208a69c23ca7059dd1ed1b43063afa0a8976f1e97c,ec9f25e6b68d12ca6182161cdc389e0da99a8cff29c47b015f1d07a6633e4cf0,consensus_benchmark_exact_v1,prompt_compiler_v2_split_g_f,556405866,pending,Q001,"{""Q001"": ""consensus_estimate_co2_warms_planet""}",consensus_exact_step3,c444a6eac0c7b6cd317bc71d70e09e8e9d8b0a57308ceb8b4c11921129cc5ae1
G|LP0385|ConsensusExact|step3|attempt_1,G-389b894a692c540f682236beeca8c0b8a8fa79d5,G,target,LP0385,Consensus,consensus_exact_step3_estimate,1,google/gemma-4-31B-it,13585ac1c7b57dfb3697ddd5cf9eed8d94285eb2c0132f592c8104ff53014290,ec9f25e6b68d12ca6182161cdc389e0da99a8cff29c47b015f1d07a6633e4cf0,consensus_benchmark_exact_v1,prompt_compiler_v2_split_g_f,1516463780,pending,Q001,"{""Q001"": ""consensus_estimate_human_primary_cause""}",consensus_exact_step3,c444a6eac0c7b6cd317bc71d70e09e8e9d8b0a57308ceb8b4c11921129cc5ae1
G|LP0386|ConsensusExact|step3|attempt_1,G-41ed18e32ffe65775aba29718f0dd064249172ea,G,target,LP0386,Consensus,consensus_exact_step3_estimate,1,google/gemma-4-31B-it,b3b8f89308579f59c6a0bedebc6775872ee6f4df6f46b8c0e084eb4c4088382b,ec9f25e6b68d12ca6182161cdc389e0da99a8cff29c47b015f1d07a6633e4cf0,consensus_benchmark_exact_v1,prompt_compiler_v2_split_g_f,869832510,pending,Q001,"{""Q001"": ""consensus_estimate_co2_warms_planet""}",consensus_exact_step3,c444a6eac0c7b6cd317bc71d70e09e8e9d8b0a57308ceb8b4c11921129cc5ae1
G|LP0387|ConsensusExact|step3|attempt_1,G-987204e09de789307d2b810019be62e553b7dccc,G,target,LP0387,Consensus,consensus_exact_step3_estimate,1,google/gemma-4-31B-it,c18f6be2478fb9fa11635ee618a5e5600e183fa96e471e9addc43797b6b8e494,ec9f25e6b68d12ca6182161cdc389e0da99a8cff29c47b015f1d07a6633e4cf0,consensus_benchmark_exact_v1,prompt_compiler_v2_split_g_f,1321964275,pending,Q001,"{""Q001"": ""consensus_estimate_human_primary_cause""}",consensus_exact_step3,c444a6eac0c7b6cd317bc71d70e09e8e9d8b0a57308ceb8b4c11921129cc5ae1
G|LP0388|ConsensusExact|step3|attempt_1,G-fff801a0545a975b32e344b1be465e88a77f5415,G,target,LP0388,Consensus,consensus_exact_step3_estimate,1,google/gemma-4-31B-it,f6bd5a2ff4b286f9bc4dd8d19f9f2bfa136b27cca4b6e0b734f9432127255e80,ec9f25e6b68d12ca6182161cdc389e0da99a8cff29c47b015f1d07a6633e4cf0,consensus_benchmark_exact_v1,prompt_compiler_v2_split_g_f,1414175391,pending,Q001,"{""Q001"": ""consensus_estimate_co2_warms_planet""}",consensus_exact_step3,c444a6eac0c7b6cd317bc71d70e09e8e9d8b0a57308ceb8b4c11921129cc5ae1
G|LP0389|ConsensusExact|step3|attempt_1,G-af51b9346da54ae8607153b9a70b314ad0642822,G,target,LP0389,Consensus,consensus_exact_step3_estimate,1,google/gemma-4-31B-it,a3b8befbcaa39b63cf37247a602026133f08acfc9103b7f6a4d39e79a6929b48,ec9f25e6b68d12ca6182161cdc389e0da99a8cff29c47b015f1d07a6633e4cf0,consensus_benchmark_exact_v1,prompt_compiler_v2_split_g_f,1279835475,pending,Q001,"{""Q001"": ""consensus_estimate_human_primary_cause""}",consensus_exact_step3,c444a6eac0c7b6cd317bc71d70e09e8e9d8b0a57308ceb8b4c11921129cc5ae1
G|LP0390|ConsensusExact|step3|attempt_1,G-d647fb3f28ac9123639c458cf32f839ae46c601d,G,target,LP0390,Consensus,consensus_exact_step3_estimate,1,google/gemma-4-31B-it,a1ce6f15c500f5c21ee703927b433a53f124e03a52d3b3cac85e03870d6dac60,ec9f25e6b68d12ca6182161cdc389e0da99a8cff29c47b015f1d07a6633e4cf0,consensus_benchmark_exact_v1,prompt_compiler_v2_split_g_f,1430030244,pending,Q001,"{""Q001"": ""consensus_estimate_human_primary_cause""}",consensus_exact_step3,c444a6eac0c7b6cd317bc71d70e09e8e9d8b0a57308ceb8b4c11921129cc5ae1
G|LP0391|ConsensusExact|step3|attempt_1,G-400f547a4d213e52f4f974fd567ec405fc9daea7,G,target,LP0391,Consensus,consensus_exact_step3_estimate,1,google/gemma-4-31B-it,023d21db0711a3c147e7d97d04b32e4f710229430ed66952da6da1305f015141,ec9f25e6b68d12ca6182161cdc389e0da99a8cff29c47b015f1d07a6633e4cf0,consensus_benchmark_exact_v1,prompt_compiler_v2_split_g_f,1296033607,pending,Q001,"{""Q001"": ""consensus_estimate_human_primary_cause""}",consensus_exact_step3,c444a6eac0c7b6cd317bc71d70e09e8e9d8b0a57308ceb8b4c11921129cc5ae1
G|LP0392|ConsensusExact|step3|attempt_1,G-9f24864e771636b022499c5f3d25000e0dbe5966,G,target,LP0392,Consensus,consensus_exact_step3_estimate,1,google/gemma-4-31B-it,adc37c1c11169af061d44299f0c4aaa69dd74c01ef4df4a5658ed8371e8fcae3,ec9f25e6b68d12ca6182161cdc389e0da99a8cff29c47b015f1d07a6633e4cf0,consensus_benchmark_exact_v1,prompt_compiler_v2_split_g_f,895435599,pending,Q001,"{""Q001"": ""consensus_estimate_co2_warms_planet""}",consensus_exact_step3,c444a6eac0c7b6cd317bc71d70e09e8e9d8b0a57308ceb8b4c11921129cc5ae1
G|LP0393|ConsensusExact|step3|attempt_1,G-67c1a6df95cfb475bdc2ec2cc269e9ad26fd1a43,G,target,LP0393,Consensus,consensus_exact_step3_estimate,1,google/gemma-4-31B-it,d121c20867542e6efc39685479467c313ff316b188777b0913921c1bc6929054,ec9f25e6b68d12ca6182161cdc389e0da99a8cff29c47b015f1d07a6633e4cf0,consensus_benchmark_exact_v1,prompt_compiler_v2_split_g_f,1699938869,pending,Q001,"{""Q001"": ""consensus_estimate_human_primary_cause""}",consensus_exact_step3,c444a6eac0c7b6cd317bc71d70e09e8e9d8b0a57308ceb8b4c11921129cc5ae1
G|LP0394|ConsensusExact|step3|attempt_1,G-3ab8de97104dbe7a5193a9c94d3621d86c57f7ff,G,target,LP0394,Consensus,consensus_exact_step3_estimate,1,google/gemma-4-31B-it,34f6d90d1536d010d7c7eedbf22597420c2adf423297829ff1e4c318b73c360a,ec9f25e6b68d12ca6182161cdc389e0da99a8cff29c47b015f1d07a6633e4cf0,consensus_benchmark_exact_v1,prompt_compiler_v2_split_g_f,96435113,pending,Q001,"{""Q001"": ""consensus_estimate_human_primary_cause""}",consensus_exact_step3,c444a6eac0c7b6cd317bc71d70e09e8e9d8b0a57308ceb8b4c11921129cc5ae1
G|LP0395|ConsensusExact|step3|attempt_1,G-21324c0ce2bcde20727d835aec5c5afdd08a468e,G,target,LP0395,Consensus,consensus_exact_step3_estimate,1,google/gemma-4-31B-it,90803d1e078821a07fc8b7f92cf0040ee92de06bc0899abdbfefeb058ca06aa8,ec9f25e6b68d12ca6182161cdc389e0da99a8cff29c47b015f1d07a6633e4cf0,consensus_benchmark_exact_v1,prompt_compiler_v2_split_g_f,622949946,pending,Q001,"{""Q001"": ""consensus_estimate_co2_warms_planet""}",consensus_exact_step3,c444a6eac0c7b6cd317bc71d70e09e8e9d8b0a57308ceb8b4c11921129cc5ae1
G|LP0396|ConsensusExact|step3|attempt_1,G-9bce54f8fedf5ba1f8d06c44060e7798a23751c4,G,target,LP0396,Consensus,consensus_exact_step3_estimate,1,google/gemma-4-31B-it,8b4705913a717822a157420c3ae315bad9e486096ec5884879244056c198e00a,ec9f25e6b68d12ca6182161cdc389e0da99a8cff29c47b015f1d07a6633e4cf0,consensus_benchmark_exact_v1,prompt_compiler_v2_split_g_f,914097557,pending,Q001,"{""Q001"": ""consensus_estimate_co2_warms_planet""}",consensus_exact_step3,c444a6eac0c7b6cd317bc71d70e09e8e9d8b0a57308ceb8b4c11921129cc5ae1
G|LP0397|ConsensusExact|step3|attempt_1,G-4806e38bd1a0a20dc0f2f36c281e0c0fb6e4cb73,G,target,LP0397,Consensus,consensus_exact_step3_estimate,1,google/gemma-4-31B-it,05bb3a5ee8d3cbdbf25b0173363953dfced2f792bba48d5813f84c8c1e12449f,ec9f25e6b68d12ca6182161cdc389e0da99a8cff29c47b015f1d07a6633e4cf0,consensus_benchmark_exact_v1,prompt_compiler_v2_split_g_f,1638820133,pending,Q001,"{""Q001"": ""consensus_estimate_human_primary_cause""}",consensus_exact_step3,c444a6eac0c7b6cd317bc71d70e09e8e9d8b0a57308ceb8b4c11921129cc5ae1
G|LP0398|ConsensusExact|step3|attempt_1,G-af1f366422fac1744271c4cc003570772c0bf587,G,target,LP0398,Consensus,consensus_exact_step3_estimate,1,google/gemma-4-31B-it,36788fd75d711dd5ea83946d1deae25fe93aadb32062ffda641d73cd0e2a7d56,ec9f25e6b68d12ca6182161cdc389e0da99a8cff29c47b015f1d07a6633e4cf0,consensus_benchmark_exact_v1,prompt_compiler_v2_split_g_f,20524607,pending,Q001,"{""Q001"": ""consensus_estimate_co2_warms_planet""}",consensus_exact_step3,c444a6eac0c7b6cd317bc71d70e09e8e9d8b0a57308ceb8b4c11921129cc5ae1
G|LP0399|ConsensusExact|step3|attempt_1,G-d0cf608d51da30917067ea2ed414b5a77a9395b4,G,target,LP0399,Consensus,consensus_exact_step3_estimate,1,google/gemma-4-31B-it,4ab1886b1e7e914ed2d604fe8b3f6d65a98e0f634118689b362383a25a6e6f47,ec9f25e6b68d12ca6182161cdc389e0da99a8cff29c47b015f1d07a6633e4cf0,consensus_benchmark_exact_v1,prompt_compiler_v2_split_g_f,1937306030,pending,Q001,"{""Q001"": ""consensus_estimate_human_primary_cause""}",consensus_exact_step3,c444a6eac0c7b6cd317bc71d70e09e8e9d8b0a57308ceb8b4c11921129cc5ae1
G|LP0400|ConsensusExact|step3|attempt_1,G-c702cac5073d86d3e1e69a2eacd325b4d273f40b,G,target,LP0400,Consensus,consensus_exact_step3_estimate,1,google/gemma-4-31B-it,6753f705b244369cee1a7f8e3a743802bc14e533a0b876404eb180cc0aa79b3a,ec9f25e6b68d12ca6182161cdc389e0da99a8cff29c47b015f1d07a6633e4cf0,consensus_benchmark_exact_v1,prompt_compiler_v2_split_g_f,356719712,pending,Q001,"{""Q001"": ""consensus_estimate_co2_warms_planet""}",consensus_exact_step3,c444a6eac0c7b6cd317bc71d70e09e8e9d8b0a57308ceb8b4c11921129cc5ae1
G|LP0401|ConsensusExact|step3|attempt_1,G-38208e6c3362a2000a1e844ffdc81086c2a6186d,G,target,LP0401,Consensus,consensus_exact_step3_estimate,1,google/gemma-4-31B-it,8390d471b6dcaf2f1466a1c1b6c1fb494c15a7009838200b5b03d79a6621ef76,ec9f25e6b68d12ca6182161cdc389e0da99a8cff29c47b015f1d07a6633e4cf0,consensus_benchmark_exact_v1,prompt_compiler_v2_split_g_f,597933785,pending,Q001,"{""Q001"": ""consensus_estimate_co2_warms_planet""}",consensus_exact_step3,c444a6eac0c7b6cd317bc71d70e09e8e9d8b0a57308ceb8b4c11921129cc5ae1
G|LP0402|ConsensusExact|step3|attempt_1,G-90cb0cdc97a4dd849030a0bd284fd4656e4a327f,G,target,LP0402,Consensus,consensus_exact_step3_estimate,1,google/gemma-4-31B-it,c003f659a328186128ba61db7467e1435630c533743dbc03bd9598812f651dc1,ec9f25e6b68d12ca6182161cdc389e0da99a8cff29c47b015f1d07a6633e4cf0,consensus_benchmark_exact_v1,prompt_compiler_v2_split_g_f,960165695,pending,Q001,"{""Q001"": ""consensus_estimate_human_primary_cause""}",consensus_exact_step3,c444a6eac0c7b6cd317bc71d70e09e8e9d8b0a57308ceb8b4c11921129cc5ae1
G|LP0403|ConsensusExact|step3|attempt_1,G-a57edfeaebc28828deef41bc2610fcc78ec48f67,G,target,LP0403,Consensus,consensus_exact_step3_estimate,1,google/gemma-4-31B-it,c3369fead013c6a3a0430a2a875cc529859b591b261acf19ce1331d7883dcaef,ec9f25e6b68d12ca6182161cdc389e0da99a8cff29c47b015f1d07a6633e4cf0,consensus_benchmark_exact_v1,prompt_compiler_v2_split_g_f,918571008,pending,Q001,"{""Q001"": ""consensus_estimate_human_primary_cause""}",consensus_exact_step3,c444a6eac0c7b6cd317bc71d70e09e8e9d8b0a57308ceb8b4c11921129cc5ae1
G|LP0404|ConsensusExact|step3|attempt_1,G-e535f3d80a305b81d18c467b10203e27029b0729,G,target,LP0404,Consensus,consensus_exact_step3_estimate,1,google/gemma-4-31B-it,311920aaa7b15f1a81a60d7efe4b46eff7d2dde0d3e2856f77489fc9318415ad,ec9f25e6b68d12ca6182161cdc389e0da99a8cff29c47b015f1d07a6633e4cf0,consensus_benchmark_exact_v1,prompt_compiler_v2_split_g_f,1419526964,pending,Q001,"{""Q001"": ""consensus_estimate_human_primary_cause""}",consensus_exact_step3,c444a6eac0c7b6cd317bc71d70e09e8e9d8b0a57308ceb8b4c11921129cc5ae1
G|LP0405|ConsensusExact|step3|attempt_1,G-e20edb2de626bb122b4410e7eb612ba518e573e6,G,target,LP0405,Consensus,consensus_exact_step3_estimate,1,google/gemma-4-31B-it,218f25309503ba3e7a1955216ecaa1dbd90e1daef6138b36feb38c844be2650e,ec9f25e6b68d12ca6182161cdc389e0da99a8cff29c47b015f1d07a6633e4cf0,consensus_benchmark_exact_v1,prompt_compiler_v2_split_g_f,709128561,pending,Q001,"{""Q001"": ""consensus_estimate_co2_warms_planet""}",consensus_exact_step3,c444a6eac0c7b6cd317bc71d70e09e8e9d8b0a57308ceb8b4c11921129cc5ae1
G|LP0406|ConsensusExact|step3|attempt_1,G-fabfb80b177373347fefe84a0d5129b292d9e6c7,G,target,LP0406,Consensus,consensus_exact_step3_estimate,1,google/gemma-4-31B-it,31536bdc084179de4c777108df5f4e0bf5a9ca374bdcb42d1b2e9658f4d62164,ec9f25e6b68d12ca6182161cdc389e0da99a8cff29c47b015f1d07a6633e4cf0,consensus_benchmark_exact_v1,prompt_compiler_v2_split_g_f,217244494,pending,Q001,"{""Q001"": ""consensus_estimate_co2_warms_planet""}",consensus_exact_step3,c444a6eac0c7b6cd317bc71d70e09e8e9d8b0a57308ceb8b4c11921129cc5ae1
G|LP0407|ConsensusExact|step3|attempt_1,G-9c6635b3a896e629c7f1cff456be9a3dd708318a,G,target,LP0407,Consensus,consensus_exact_step3_estimate,1,google/gemma-4-31B-it,d4ea5a60a43b1c426cbdf8409fb7439ad6e28c535ff67873f4cc7c6f2f240be8,ec9f25e6b68d12ca6182161cdc389e0da99a8cff29c47b015f1d07a6633e4cf0,consensus_benchmark_exact_v1,prompt_compiler_v2_split_g_f,1633898898,pending,Q001,"{""Q001"": ""consensus_estimate_human_primary_cause""}",consensus_exact_step3,c444a6eac0c7b6cd317bc71d70e09e8e9d8b0a57308ceb8b4c11921129cc5ae1
G|LP0408|ConsensusExact|step3|attempt_1,G-4f5d0cd127e9aafc1787be575515e0531110ff34,G,target,LP0408,Consensus,consensus_exact_step3_estimate,1,google/gemma-4-31B-it,ea8371ed68db7046a67d0dc761336917e0a62af57836dc2630d47dec9d3249fc,ec9f25e6b68d12ca6182161cdc389e0da99a8cff29c47b015f1d07a6633e4cf0,consensus_benchmark_exact_v1,prompt_compiler_v2_split_g_f,1185137823,pending,Q001,"{""Q001"": ""consensus_estimate_co2_warms_planet""}",consensus_exact_step3,c444a6eac0c7b6cd317bc71d70e09e8e9d8b0a57308ceb8b4c11921129cc5ae1
G|LP0409|ConsensusExact|step3|attempt_1,G-2a088599c3dc58bf6be7caff63c837bdf32eeac1,G,target,LP0409,Consensus,consensus_exact_step3_estimate,1,google/gemma-4-31B-it,cdb1a7b603db9eb12aa97565104623d86130ac10e4f41cc0de56f8a55fd63c18,ec9f25e6b68d12ca6182161cdc389e0da99a8cff29c47b015f1d07a6633e4cf0,consensus_benchmark_exact_v1,prompt_compiler_v2_split_g_f,401433587,pending,Q001,"{""Q001"": ""consensus_estimate_human_primary_cause""}",consensus_exact_step3,c444a6eac0c7b6cd317bc71d70e09e8e9d8b0a57308ceb8b4c11921129cc5ae1
G|LP0410|ConsensusExact|step3|attempt_1,G-37c9e4481ff4337b2eecbaff1dc1748601d30d3a,G,target,LP0410,Consensus,consensus_exact_step3_estimate,1,google/gemma-4-31B-it,253cd299976e63686abeed9e04dc367a851a6b23854f1000ed5824e7469a9a1e,ec9f25e6b68d12ca6182161cdc389e0da99a8cff29c47b015f1d07a6633e4cf0,consensus_benchmark_exact_v1,prompt_compiler_v2_split_g_f,260570124,pending,Q001,"{""Q001"": ""consensus_estimate_co2_warms_planet""}",consensus_exact_step3,c444a6eac0c7b6cd317bc71d70e09e8e9d8b0a57308ceb8b4c11921129cc5ae1
G|LP0411|ConsensusExact|step3|attempt_1,G-32efdc32d814766c47bf911d236bbcc7406ae8d2,G,target,LP0411,Consensus,consensus_exact_step3_estimate,1,google/gemma-4-31B-it,45442116b7f7942b93ca91481ddd75da0214a9474e1f8eb674ed146f0ea8e5ba,ec9f25e6b68d12ca6182161cdc389e0da99a8cff29c47b015f1d07a6633e4cf0,consensus_benchmark_exact_v1,prompt_compiler_v2_split_g_f,1039412946,pending,Q001,"{""Q001"": ""consensus_estimate_human_primary_cause""}",consensus_exact_step3,c444a6eac0c7b6cd317bc71d70e09e8e9d8b0a57308ceb8b4c11921129cc5ae1
G|LP0412|ConsensusExact|step3|attempt_1,G-bbe0acdb26afcb6363b658232a806f9a08de8c41,G,target,LP0412,Consensus,consensus_exact_step3_estimate,1,google/gemma-4-31B-it,34e6012bff2fc2873fbec2b3b4191148467add1a631eb3cd0baa647dab9eb7a8,ec9f25e6b68d12ca6182161cdc389e0da99a8cff29c47b015f1d07a6633e4cf0,consensus_benchmark_exact_v1,prompt_compiler_v2_split_g_f,510731548,pending,Q001,"{""Q001"": ""consensus_estimate_co2_warms_planet""}",consensus_exact_step3,c444a6eac0c7b6cd317bc71d70e09e8e9d8b0a57308ceb8b4c11921129cc5ae1
G|LP0413|ConsensusExact|step3|attempt_1,G-76d4167193f545ab5e25eb5b700c3bed0d42ee38,G,target,LP0413,Consensus,consensus_exact_step3_estimate,1,google/gemma-4-31B-it,1dfb60938d16d7510fc32d63ba2c5c04b117aff047cf15729f1146a5156928a4,ec9f25e6b68d12ca6182161cdc389e0da99a8cff29c47b015f1d07a6633e4cf0,consensus_benchmark_exact_v1,prompt_compiler_v2_split_g_f,27095696,pending,Q001,"{""Q001"": ""consensus_estimate_human_primary_cause""}",consensus_exact_step3,c444a6eac0c7b6cd317bc71d70e09e8e9d8b0a57308ceb8b4c11921129cc5ae1
G|LP0414|ConsensusExact|step3|attempt_1,G-cb4a58613d3e0f68f5084068b8b03644a997397c,G,target,LP0414,Consensus,consensus_exact_step3_estimate,1,google/gemma-4-31B-it,d1aa04eb380d1e77bc0b4a49cfa716fa38dbde40dc9b5d1c445870c14b2acf9e,ec9f25e6b68d12ca6182161cdc389e0da99a8cff29c47b015f1d07a6633e4cf0,consensus_benchmark_exact_v1,prompt_compiler_v2_split_g_f,1406320685,pending,Q001,"{""Q001"": ""consensus_estimate_human_primary_cause""}",consensus_exact_step3,c444a6eac0c7b6cd317bc71d70e09e8e9d8b0a57308ceb8b4c11921129cc5ae1
G|LP0415|ConsensusExact|step3|attempt_1,G-09bba726b0cad23e413e93002fbf5d6e2767fd7d,G,target,LP0415,Consensus,consensus_exact_step3_estimate,1,google/gemma-4-31B-it,6055700310ff31109c14b524d1f9a225d77d32f4102aa0b6aad73bea789d5ac4,ec9f25e6b68d12ca6182161cdc389e0da99a8cff29c47b015f1d07a6633e4cf0,consensus_benchmark_exact_v1,prompt_compiler_v2_split_g_f,1145184395,pending,Q001,"{""Q001"": ""consensus_estimate_human_primary_cause""}",consensus_exact_step3,c444a6eac0c7b6cd317bc71d70e09e8e9d8b0a57308ceb8b4c11921129cc5ae1
G|LP0416|ConsensusExact|step3|attempt_1,G-51e7c3037e15e36d9f21bf6eec76d8eb0298e914,G,target,LP0416,Consensus,consensus_exact_step3_estimate,1,google/gemma-4-31B-it,e46a0195dd4aa5488e3aa42bd5f258c942a26c329400c0e89e0d1b784ce26abb,ec9f25e6b68d12ca6182161cdc389e0da99a8cff29c47b015f1d07a6633e4cf0,consensus_benchmark_exact_v1,prompt_compiler_v2_split_g_f,568682869,pending,Q001,"{""Q001"": ""consensus_estimate_co2_warms_planet""}",consensus_exact_step3,c444a6eac0c7b6cd317bc71d70e09e8e9d8b0a57308ceb8b4c11921129cc5ae1
G|LP0417|ConsensusExact|step3|attempt_1,G-ef2da1560a3f579fd954c44e0536851c475329dc,G,target,LP0417,Consensus,consensus_exact_step3_estimate,1,google/gemma-4-31B-it,0fd954967992ec845949920a7126123c91cee4e31dbc7babca680fa2b1ae9432,ec9f25e6b68d12ca6182161cdc389e0da99a8cff29c47b015f1d07a6633e4cf0,consensus_benchmark_exact_v1,prompt_compiler_v2_split_g_f,1754962510,pending,Q001,"{""Q001"": ""consensus_estimate_co2_warms_planet""}",consensus_exact_step3,c444a6eac0c7b6cd317bc71d70e09e8e9d8b0a57308ceb8b4c11921129cc5ae1
G|LP0418|ConsensusExact|step3|attempt_1,G-d274f24acc4cc7899db9f8790fb250e2c37fd391,G,target,LP0418,Consensus,consensus_exact_step3_estimate,1,google/gemma-4-31B-it,ec5623c5c9b4293d0fc0570d583037f2b47b16365e74988ec090331c36c57219,ec9f25e6b68d12ca6182161cdc389e0da99a8cff29c47b015f1d07a6633e4cf0,consensus_benchmark_exact_v1,prompt_compiler_v2_split_g_f,1899408417,pending,Q001,"{""Q001"": ""consensus_estimate_human_primary_cause""}",consensus_exact_step3,c444a6eac0c7b6cd317bc71d70e09e8e9d8b0a57308ceb8b4c11921129cc5ae1
G|LP0419|ConsensusExact|step3|attempt_1,G-d542eea5ce5d8fbc0246010410ac1c13c79f14c4,G,target,LP0419,Consensus,consensus_exact_step3_estimate,1,google/gemma-4-31B-it,1d114afaeb5a3918bed380255350a6f1ce87c7b78c0376bd9a51429678d154df,ec9f25e6b68d12ca6182161cdc389e0da99a8cff29c47b015f1d07a6633e4cf0,consensus_benchmark_exact_v1,prompt_compiler_v2_split_g_f,2028170506,pending,Q001,"{""Q001"": ""consensus_estimate_co2_warms_planet""}",consensus_exact_step3,c444a6eac0c7b6cd317bc71d70e09e8e9d8b0a57308ceb8b4c11921129cc5ae1
G|LP0420|ConsensusExact|step3|attempt_1,G-343448acaf3bc4bcd38eab59bfaf430a97110d0e,G,target,LP0420,Consensus,consensus_exact_step3_estimate,1,google/gemma-4-31B-it,e5ab27e6290d8c3a1028c39ad70e7d4735035152fa8220e65549460cfcb55fad,ec9f25e6b68d12ca6182161cdc389e0da99a8cff29c47b015f1d07a6633e4cf0,consensus_benchmark_exact_v1,prompt_compiler_v2_split_g_f,396645910,pending,Q001,"{""Q001"": ""consensus_estimate_human_primary_cause""}",consensus_exact_step3,c444a6eac0c7b6cd317bc71d70e09e8e9d8b0a57308ceb8b4c11921129cc5ae1
G|LP0421|ConsensusExact|step3|attempt_1,G-7573541d02472c3f05231c2dcc0ea563875076cd,G,target,LP0421,Consensus,consensus_exact_step3_estimate,1,google/gemma-4-31B-it,9544e01b0e6f8a657c839a2a010319a61af9f49543c52822dbe3fd50f3d0d692,ec9f25e6b68d12ca6182161cdc389e0da99a8cff29c47b015f1d07a6633e4cf0,consensus_benchmark_exact_v1,prompt_compiler_v2_split_g_f,1831720058,pending,Q001,"{""Q001"": ""consensus_estimate_co2_warms_planet""}",consensus_exact_step3,c444a6eac0c7b6cd317bc71d70e09e8e9d8b0a57308ceb8b4c11921129cc5ae1
G|LP0422|ConsensusExact|step3|attempt_1,G-930b7ca4e61254214926558a5b97c8ba7399bbb1,G,target,LP0422,Consensus,consensus_exact_step3_estimate,1,google/gemma-4-31B-it,7bb54b1520087426ebb54a6a47d3bc1d1b953c3b345a0de3747ee5e858f887d4,ec9f25e6b68d12ca6182161cdc389e0da99a8cff29c47b015f1d07a6633e4cf0,consensus_benchmark_exact_v1,prompt_compiler_v2_split_g_f,204033389,pending,Q001,"{""Q001"": ""consensus_estimate_co2_warms_planet""}",consensus_exact_step3,c444a6eac0c7b6cd317bc71d70e09e8e9d8b0a57308ceb8b4c11921129cc5ae1
G|LP0423|ConsensusExact|step3|attempt_1,G-4965f69f7a98046cf23436bfa117ffc5ea7cd1d2,G,target,LP0423,Consensus,consensus_exact_step3_estimate,1,google/gemma-4-31B-it,7cabff9ce3578ca26cd2cadffe23b970bd346c816b7723783f6bac981cec2332,ec9f25e6b68d12ca6182161cdc389e0da99a8cff29c47b015f1d07a6633e4cf0,consensus_benchmark_exact_v1,prompt_compiler_v2_split_g_f,224653740,pending,Q001,"{""Q001"": ""consensus_estimate_human_primary_cause""}",consensus_exact_step3,c444a6eac0c7b6cd317bc71d70e09e8e9d8b0a57308ceb8b4c11921129cc5ae1
G|LP0424|ConsensusExact|step3|attempt_1,G-7c40b3e49d0eed321b426a2b32c074557083f219,G,target,LP0424,Consensus,consensus_exact_step3_estimate,1,google/gemma-4-31B-it,ff34463ade44e4b67b669274e8e521489b17e334210dac23fa2880133292a823,ec9f25e6b68d12ca6182161cdc389e0da99a8cff29c47b015f1d07a6633e4cf0,consensus_benchmark_exact_v1,prompt_compiler_v2_split_g_f,361780477,pending,Q001,"{""Q001"": ""consensus_estimate_human_primary_cause""}",consensus_exact_step3,c444a6eac0c7b6cd317bc71d70e09e8e9d8b0a57308ceb8b4c11921129cc5ae1
G|LP0425|ConsensusExact|step3|attempt_1,G-1cafc2955263d38517bb9893ec0f2bf1509b4060,G,target,LP0425,Consensus,consensus_exact_step3_estimate,1,google/gemma-4-31B-it,a3d7119b28de0de0e7140e7aa70e705ec8df66bd1b2a7340851de9cb53acf5cf,ec9f25e6b68d12ca6182161cdc389e0da99a8cff29c47b015f1d07a6633e4cf0,consensus_benchmark_exact_v1,prompt_compiler_v2_split_g_f,197351600,pending,Q001,"{""Q001"": ""consensus_estimate_co2_warms_planet""}",consensus_exact_step3,c444a6eac0c7b6cd317bc71d70e09e8e9d8b0a57308ceb8b4c11921129cc5ae1
G|LP0426|ConsensusExact|step3|attempt_1,G-c2a08582bd217c453dcaaefe57c8630e8aa910ff,G,target,LP0426,Consensus,consensus_exact_step3_estimate,1,google/gemma-4-31B-it,4a32f28fcd82142cf20d408539ea059f15aac82f4ae29828f14df5174ef7b3aa,ec9f25e6b68d12ca6182161cdc389e0da99a8cff29c47b015f1d07a6633e4cf0,consensus_benchmark_exact_v1,prompt_compiler_v2_split_g_f,1113753421,pending,Q001,"{""Q001"": ""consensus_estimate_human_primary_cause""}",consensus_exact_step3,c444a6eac0c7b6cd317bc71d70e09e8e9d8b0a57308ceb8b4c11921129cc5ae1
G|LP0427|ConsensusExact|step3|attempt_1,G-7c35db244213f33f83299daa320eafc4fae80bca,G,target,LP0427,Consensus,consensus_exact_step3_estimate,1,google/gemma-4-31B-it,e6c72380d944da8eea494fa7de20888548b07fc06ac20afad208f6d9309378f4,ec9f25e6b68d12ca6182161cdc389e0da99a8cff29c47b015f1d07a6633e4cf0,consensus_benchmark_exact_v1,prompt_compiler_v2_split_g_f,981445001,pending,Q001,"{""Q001"": ""consensus_estimate_human_primary_cause""}",consensus_exact_step3,c444a6eac0c7b6cd317bc71d70e09e8e9d8b0a57308ceb8b4c11921129cc5ae1
G|LP0428|ConsensusExact|step3|attempt_1,G-19c48a9924e65869c988ae4697d52f37a7d08c4d,G,target,LP0428,Consensus,consensus_exact_step3_estimate,1,google/gemma-4-31B-it,bc36199971ea680766f8d717f5fa806b83d51dd17a25ae14032dd9b98eb63b7c,ec9f25e6b68d12ca6182161cdc389e0da99a8cff29c47b015f1d07a6633e4cf0,consensus_benchmark_exact_v1,prompt_compiler_v2_split_g_f,1483697563,pending,Q001,"{""Q001"": ""consensus_estimate_co2_warms_planet""}",consensus_exact_step3,c444a6eac0c7b6cd317bc71d70e09e8e9d8b0a57308ceb8b4c11921129cc5ae1
G|LP0429|ConsensusExact|step3|attempt_1,G-a3e27f4d630157742d85086bb8826c25434e582f,G,target,LP0429,Consensus,consensus_exact_step3_estimate,1,google/gemma-4-31B-it,a2badeeab9f3446b93fcc4fb4abfa78a800ef8a38b2c188891183fcb457f97f8,ec9f25e6b68d12ca6182161cdc389e0da99a8cff29c47b015f1d07a6633e4cf0,consensus_benchmark_exact_v1,prompt_compiler_v2_split_g_f,717641233,pending,Q001,"{""Q001"": ""consensus_estimate_human_primary_cause""}",consensus_exact_step3,c444a6eac0c7b6cd317bc71d70e09e8e9d8b0a57308ceb8b4c11921129cc5ae1
G|LP0430|ConsensusExact|step3|attempt_1,G-57842c0f5fd3d604161acb43735a428f7d533e7c,G,target,LP0430,Consensus,consensus_exact_step3_estimate,1,google/gemma-4-31B-it,1a5650727d2b01223a1497255742baa42849a73985b83581fdd5668bbb3b75d6,ec9f25e6b68d12ca6182161cdc389e0da99a8cff29c47b015f1d07a6633e4cf0,consensus_benchmark_exact_v1,prompt_compiler_v2_split_g_f,249310756,pending,Q001,"{""Q001"": ""consensus_estimate_co2_warms_planet""}",consensus_exact_step3,c444a6eac0c7b6cd317bc71d70e09e8e9d8b0a57308ceb8b4c11921129cc5ae1
G|LP0431|ConsensusExact|step3|attempt_1,G-686cb6d4f7878d561f54ed595d2674c625d7d34c,G,target,LP0431,Consensus,consensus_exact_step3_estimate,1,google/gemma-4-31B-it,3639e214d85f90f92b55b6ad8c3573049f5d86c63b5c645063250832e66874f2,ec9f25e6b68d12ca6182161cdc389e0da99a8cff29c47b015f1d07a6633e4cf0,consensus_benchmark_exact_v1,prompt_compiler_v2_split_g_f,1214315265,pending,Q001,"{""Q001"": ""consensus_estimate_human_primary_cause""}",consensus_exact_step3,c444a6eac0c7b6cd317bc71d70e09e8e9d8b0a57308ceb8b4c11921129cc5ae1
G|LP0432|ConsensusExact|step3|attempt_1,G-c6eb464ba56ee0d813dbeccd3808c438edc5ea2d,G,target,LP0432,Consensus,consensus_exact_step3_estimate,1,google/gemma-4-31B-it,864d850848d7dc88c0a050041a549fe696398bd2017691ad0c06b57b353a3ac2,ec9f25e6b68d12ca6182161cdc389e0da99a8cff29c47b015f1d07a6633e4cf0,consensus_benchmark_exact_v1,prompt_compiler_v2_split_g_f,860188018,pending,Q001,"{""Q001"": ""consensus_estimate_human_primary_cause""}",consensus_exact_step3,c444a6eac0c7b6cd317bc71d70e09e8e9d8b0a57308ceb8b4c11921129cc5ae1
G|LP0433|ConsensusExact|step3|attempt_1,G-56cd709ac1bf51aa2e8ede8b4853c4993c6c0eb8,G,target,LP0433,Consensus,consensus_exact_step3_estimate,1,google/gemma-4-31B-it,2df8695a7ed909ff04d16ac71199ddbb31761c064c3874c6c4f94334dab11cd1,ec9f25e6b68d12ca6182161cdc389e0da99a8cff29c47b015f1d07a6633e4cf0,consensus_benchmark_exact_v1,prompt_compiler_v2_split_g_f,1868182240,pending,Q001,"{""Q001"": ""consensus_estimate_co2_warms_planet""}",consensus_exact_step3,c444a6eac0c7b6cd317bc71d70e09e8e9d8b0a57308ceb8b4c11921129cc5ae1
G|LP0434|ConsensusExact|step3|attempt_1,G-36c201ba677e0771e223821a504e043a8e09e895,G,target,LP0434,Consensus,consensus_exact_step3_estimate,1,google/gemma-4-31B-it,2a4d56ef311a0c9b172ade63e1b5671b07472ade6f48e4342d3885fb57e99a70,ec9f25e6b68d12ca6182161cdc389e0da99a8cff29c47b015f1d07a6633e4cf0,consensus_benchmark_exact_v1,prompt_compiler_v2_split_g_f,1426197222,pending,Q001,"{""Q001"": ""consensus_estimate_human_primary_cause""}",consensus_exact_step3,c444a6eac0c7b6cd317bc71d70e09e8e9d8b0a57308ceb8b4c11921129cc5ae1
G|LP0435|ConsensusExact|step3|attempt_1,G-950da4d7ef319bd5dd3e6ef94005d75e3cf9b9bc,G,target,LP0435,Consensus,consensus_exact_step3_estimate,1,google/gemma-4-31B-it,544ec1ad4344b21a9cc969d8e655c46d3aba1653dfaa67e7826af9806e6f8ab5,ec9f25e6b68d12ca6182161cdc389e0da99a8cff29c47b015f1d07a6633e4cf0,consensus_benchmark_exact_v1,prompt_compiler_v2_split_g_f,424469895,pending,Q001,"{""Q001"": ""consensus_estimate_co2_warms_planet""}",consensus_exact_step3,c444a6eac0c7b6cd317bc71d70e09e8e9d8b0a57308ceb8b4c11921129cc5ae1
G|LP0436|ConsensusExact|step3|attempt_1,G-e75f0363965b57dae58c2328850870fc89843874,G,target,LP0436,Consensus,consensus_exact_step3_estimate,1,google/gemma-4-31B-it,493fe5ee182fde3449f417443a9d26c6514d6c1fb5da2bdcad644994fdb26fd3,ec9f25e6b68d12ca6182161cdc389e0da99a8cff29c47b015f1d07a6633e4cf0,consensus_benchmark_exact_v1,prompt_compiler_v2_split_g_f,1696161444,pending,Q001,"{""Q001"": ""consensus_estimate_co2_warms_planet""}",consensus_exact_step3,c444a6eac0c7b6cd317bc71d70e09e8e9d8b0a57308ceb8b4c11921129cc5ae1
G|LP0437|ConsensusExact|step3|attempt_1,G-dc30a7c82f3761a6653798b980ca5da361187901,G,target,LP0437,Consensus,consensus_exact_step3_estimate,1,google/gemma-4-31B-it,d9206782cc4ecb4915fc11f6b8a66d6a20c5979ef1df59c1aad2be634aed69d2,ec9f25e6b68d12ca6182161cdc389e0da99a8cff29c47b015f1d07a6633e4cf0,consensus_benchmark_exact_v1,prompt_compiler_v2_split_g_f,1738060089,pending,Q001,"{""Q001"": ""consensus_estimate_human_primary_cause""}",consensus_exact_step3,c444a6eac0c7b6cd317bc71d70e09e8e9d8b0a57308ceb8b4c11921129cc5ae1
G|LP0438|ConsensusExact|step3|attempt_1,G-9b35bbfd486af393957513edfac1c42ae158f810,G,target,LP0438,Consensus,consensus_exact_step3_estimate,1,google/gemma-4-31B-it,858894bb976788ebe7870f01f18c0dd577163487a3d3e138de4820e5de0379b1,ec9f25e6b68d12ca6182161cdc389e0da99a8cff29c47b015f1d07a6633e4cf0,consensus_benchmark_exact_v1,prompt_compiler_v2_split_g_f,2127981455,pending,Q001,"{""Q001"": ""consensus_estimate_co2_warms_planet""}",consensus_exact_step3,c444a6eac0c7b6cd317bc71d70e09e8e9d8b0a57308ceb8b4c11921129cc5ae1
G|LP0439|ConsensusExact|step3|attempt_1,G-30b0bbfbfcb2ab9348517ecda0d40c14ee708507,G,target,LP0439,Consensus,consensus_exact_step3_estimate,1,google/gemma-4-31B-it,4e38bb3a9984863edfadaf360c33aac926a1c1a40ed186fd74fdde6e05ccea08,ec9f25e6b68d12ca6182161cdc389e0da99a8cff29c47b015f1d07a6633e4cf0,consensus_benchmark_exact_v1,prompt_compiler_v2_split_g_f,1578378123,pending,Q001,"{""Q001"": ""consensus_estimate_co2_warms_planet""}",consensus_exact_step3,c444a6eac0c7b6cd317bc71d70e09e8e9d8b0a57308ceb8b4c11921129cc5ae1
G|LP0440|ConsensusExact|step3|attempt_1,G-f7017d576eccdd78e4a871d6236ebfdb62f398f5,G,target,LP0440,Consensus,consensus_exact_step3_estimate,1,google/gemma-4-31B-it,09d49d3c3e651669167076bad04b5e434779f0b04d04884847acdb34f5a5c547,ec9f25e6b68d12ca6182161cdc389e0da99a8cff29c47b015f1d07a6633e4cf0,consensus_benchmark_exact_v1,prompt_compiler_v2_split_g_f,1557125162,pending,Q001,"{""Q001"": ""consensus_estimate_co2_warms_planet""}",consensus_exact_step3,c444a6eac0c7b6cd317bc71d70e09e8e9d8b0a57308ceb8b4c11921129cc5ae1
G|LP0441|ConsensusExact|step3|attempt_1,G-3c4613583f0469f7193381cc94cdb9436044fdc2,G,target,LP0441,Consensus,consensus_exact_step3_estimate,1,google/gemma-4-31B-it,699ecdcb6ecc6d6220221ae9c5766d4dac4e2941f0c2531d797ad4f034e4b82d,ec9f25e6b68d12ca6182161cdc389e0da99a8cff29c47b015f1d07a6633e4cf0,consensus_benchmark_exact_v1,prompt_compiler_v2_split_g_f,932221096,pending,Q001,"{""Q001"": ""consensus_estimate_human_primary_cause""}",consensus_exact_step3,c444a6eac0c7b6cd317bc71d70e09e8e9d8b0a57308ceb8b4c11921129cc5ae1
G|LP0442|ConsensusExact|step3|attempt_1,G-61f69081feb91db480daa58730510c2ac46569d3,G,target,LP0442,Consensus,consensus_exact_step3_estimate,1,google/gemma-4-31B-it,c4f9c80b9d4886e1b46ea588cde88928079f272b68843130d9901bc13e0f073b,ec9f25e6b68d12ca6182161cdc389e0da99a8cff29c47b015f1d07a6633e4cf0,consensus_benchmark_exact_v1,prompt_compiler_v2_split_g_f,1118191289,pending,Q001,"{""Q001"": ""consensus_estimate_human_primary_cause""}",consensus_exact_step3,c444a6eac0c7b6cd317bc71d70e09e8e9d8b0a57308ceb8b4c11921129cc5ae1
G|LP0443|ConsensusExact|step3|attempt_1,G-94f8db03d1f02e0554c141b7a5902ce86ba26ddd,G,target,LP0443,Consensus,consensus_exact_step3_estimate,1,google/gemma-4-31B-it,380396a61dc84d5b3977263cd8a102cf683ad5984c87fb28fbf11b940184bda5,ec9f25e6b68d12ca6182161cdc389e0da99a8cff29c47b015f1d07a6633e4cf0,consensus_benchmark_exact_v1,prompt_compiler_v2_split_g_f,2078401550,pending,Q001,"{""Q001"": ""consensus_estimate_human_primary_cause""}",consensus_exact_step3,c444a6eac0c7b6cd317bc71d70e09e8e9d8b0a57308ceb8b4c11921129cc5ae1
G|LP0444|ConsensusExact|step3|attempt_1,G-00a26f0f70e2e3ca38a1c93572eb34ce35765b82,G,target,LP0444,Consensus,consensus_exact_step3_estimate,1,google/gemma-4-31B-it,6d00ddb307e03c501d5e7d8a884ef095aa9abcbe630df267ec3675a0c234d99b,ec9f25e6b68d12ca6182161cdc389e0da99a8cff29c47b015f1d07a6633e4cf0,consensus_benchmark_exact_v1,prompt_compiler_v2_split_g_f,1915208168,pending,Q001,"{""Q001"": ""consensus_estimate_human_primary_cause""}",consensus_exact_step3,c444a6eac0c7b6cd317bc71d70e09e8e9d8b0a57308ceb8b4c11921129cc5ae1
G|LP0445|ConsensusExact|step3|attempt_1,G-b096d6a48a8bed64bdd063d1273c23c2e204d95b,G,target,LP0445,Consensus,consensus_exact_step3_estimate,1,google/gemma-4-31B-it,73eb5eea70a66d593f81bd893fbbafae31c71f9910af3f2f748d2eda981aaa6d,ec9f25e6b68d12ca6182161cdc389e0da99a8cff29c47b015f1d07a6633e4cf0,consensus_benchmark_exact_v1,prompt_compiler_v2_split_g_f,1807325871,pending,Q001,"{""Q001"": ""consensus_estimate_co2_warms_planet""}",consensus_exact_step3,c444a6eac0c7b6cd317bc71d70e09e8e9d8b0a57308ceb8b4c11921129cc5ae1
G|LP0446|ConsensusExact|step3|attempt_1,G-7e96aff3ff7bb4882c7797652a7f2584d26abb32,G,target,LP0446,Consensus,consensus_exact_step3_estimate,1,google/gemma-4-31B-it,052f34820ea7eadfcddd84972f9e4b7521813afed71cd7a123607f1f0f3a69bc,ec9f25e6b68d12ca6182161cdc389e0da99a8cff29c47b015f1d07a6633e4cf0,consensus_benchmark_exact_v1,prompt_compiler_v2_split_g_f,2091455601,pending,Q001,"{""Q001"": ""consensus_estimate_co2_warms_planet""}",consensus_exact_step3,c444a6eac0c7b6cd317bc71d70e09e8e9d8b0a57308ceb8b4c11921129cc5ae1
G|LP0447|ConsensusExact|step3|attempt_1,G-9acf75146696466cc2436e1069bae45d36770a9a,G,target,LP0447,Consensus,consensus_exact_step3_estimate,1,google/gemma-4-31B-it,0de9092a0eabc0b5ceb260fb78a2d46786718d45be602af77b73478ecaa0c3c0,ec9f25e6b68d12ca6182161cdc389e0da99a8cff29c47b015f1d07a6633e4cf0,consensus_benchmark_exact_v1,prompt_compiler_v2_split_g_f,473247895,pending,Q001,"{""Q001"": ""consensus_estimate_co2_warms_planet""}",consensus_exact_step3,c444a6eac0c7b6cd317bc71d70e09e8e9d8b0a57308ceb8b4c11921129cc5ae1
G|LP0448|ConsensusExact|step3|attempt_1,G-d34181955679e1ac48bb836f55e9dd8056dda7dd,G,target,LP0448,Consensus,consensus_exact_step3_estimate,1,google/gemma-4-31B-it,2c9955234ed420917c5f552852fda428c810b5a402298167167d89e9bb3ebaa5,ec9f25e6b68d12ca6182161cdc389e0da99a8cff29c47b015f1d07a6633e4cf0,consensus_benchmark_exact_v1,prompt_compiler_v2_split_g_f,2096948441,pending,Q001,"{""Q001"": ""consensus_estimate_co2_warms_planet""}",consensus_exact_step3,c444a6eac0c7b6cd317bc71d70e09e8e9d8b0a57308ceb8b4c11921129cc5ae1
G|LP0449|ConsensusExact|step3|attempt_1,G-569c32084f995f0e54ead1678902c7d4997cbdbd,G,target,LP0449,Consensus,consensus_exact_step3_estimate,1,google/gemma-4-31B-it,ca584bc533463732c4431a8266cdce8f35948572a5bfdfb270300c17af1cf23e,ec9f25e6b68d12ca6182161cdc389e0da99a8cff29c47b015f1d07a6633e4cf0,consensus_benchmark_exact_v1,prompt_compiler_v2_split_g_f,2094121759,pending,Q001,"{""Q001"": ""consensus_estimate_human_primary_cause""}",consensus_exact_step3,c444a6eac0c7b6cd317bc71d70e09e8e9d8b0a57308ceb8b4c11921129cc5ae1
G|LP0450|ConsensusExact|step3|attempt_1,G-31cf81dd97d06863abe12a8a2411c001a9ca3352,G,target,LP0450,Consensus,consensus_exact_step3_estimate,1,google/gemma-4-31B-it,ae0687b0b997cdf0e6cb41829bf3cf72c2ceb327eb2f83d9a5d34157fb153d3b,ec9f25e6b68d12ca6182161cdc389e0da99a8cff29c47b015f1d07a6633e4cf0,consensus_benchmark_exact_v1,prompt_compiler_v2_split_g_f,2070899742,pending,Q001,"{""Q001"": ""consensus_estimate_human_primary_cause""}",consensus_exact_step3,c444a6eac0c7b6cd317bc71d70e09e8e9d8b0a57308ceb8b4c11921129cc5ae1
G|LP0451|ConsensusExact|step3|attempt_1,G-ad796c848bb6d5be78cffbccf4e64174cbd30b0b,G,target,LP0451,Consensus,consensus_exact_step3_estimate,1,google/gemma-4-31B-it,5aa3b17e8231322b5aefd7eac92c248fa551dcf9e02b808fb607e22f5505779d,ec9f25e6b68d12ca6182161cdc389e0da99a8cff29c47b015f1d07a6633e4cf0,consensus_benchmark_exact_v1,prompt_compiler_v2_split_g_f,1722396361,pending,Q001,"{""Q001"": ""consensus_estimate_co2_warms_planet""}",consensus_exact_step3,c444a6eac0c7b6cd317bc71d70e09e8e9d8b0a57308ceb8b4c11921129cc5ae1
G|LP0452|ConsensusExact|step3|attempt_1,G-7734b1ec119fe3d16c8a4a193d13b3a1305bba2d,G,target,LP0452,Consensus,consensus_exact_step3_estimate,1,google/gemma-4-31B-it,16ecea7f056a14d157f2d536f5a5fc8aeed0eeecb169c5494ede4d8fd15a701d,ec9f25e6b68d12ca6182161cdc389e0da99a8cff29c47b015f1d07a6633e4cf0,consensus_benchmark_exact_v1,prompt_compiler_v2_split_g_f,608171,pending,Q001,"{""Q001"": ""consensus_estimate_human_primary_cause""}",consensus_exact_step3,c444a6eac0c7b6cd317bc71d70e09e8e9d8b0a57308ceb8b4c11921129cc5ae1
G|LP0453|ConsensusExact|step3|attempt_1,G-af58876ae9f0c1a8d68b4cffd13e7895f26562b2,G,target,LP0453,Consensus,consensus_exact_step3_estimate,1,google/gemma-4-31B-it,c3d7405ae11eebc8746cc2a50fd66a94d10ea7c87269dbedd807c5404e20b5d0,ec9f25e6b68d12ca6182161cdc389e0da99a8cff29c47b015f1d07a6633e4cf0,consensus_benchmark_exact_v1,prompt_compiler_v2_split_g_f,1218564224,pending,Q001,"{""Q001"": ""consensus_estimate_human_primary_cause""}",consensus_exact_step3,c444a6eac0c7b6cd317bc71d70e09e8e9d8b0a57308ceb8b4c11921129cc5ae1
G|LP0454|ConsensusExact|step3|attempt_1,G-490ca5e5a3ef9a830f023f702343d1234621dda3,G,target,LP0454,Consensus,consensus_exact_step3_estimate,1,google/gemma-4-31B-it,6990083bbb1624874752344b17e8d1b4684a3252514ab5a0a225bb23c38e9714,ec9f25e6b68d12ca6182161cdc389e0da99a8cff29c47b015f1d07a6633e4cf0,consensus_benchmark_exact_v1,prompt_compiler_v2_split_g_f,906552911,pending,Q001,"{""Q001"": ""consensus_estimate_human_primary_cause""}",consensus_exact_step3,c444a6eac0c7b6cd317bc71d70e09e8e9d8b0a57308ceb8b4c11921129cc5ae1
G|LP0455|ConsensusExact|step3|attempt_1,G-f4668dab61adf4aad020b7dd495069421b769971,G,target,LP0455,Consensus,consensus_exact_step3_estimate,1,google/gemma-4-31B-it,88921472ba8107350d7ddb1a73c8ee4d77b3341c38a6b197616933de28f97d0f,ec9f25e6b68d12ca6182161cdc389e0da99a8cff29c47b015f1d07a6633e4cf0,consensus_benchmark_exact_v1,prompt_compiler_v2_split_g_f,1249579012,pending,Q001,"{""Q001"": ""consensus_estimate_human_primary_cause""}",consensus_exact_step3,c444a6eac0c7b6cd317bc71d70e09e8e9d8b0a57308ceb8b4c11921129cc5ae1
G|LP0456|ConsensusExact|step3|attempt_1,G-716646686989720d6b2510c2aa4e354a91c905b8,G,target,LP0456,Consensus,consensus_exact_step3_estimate,1,google/gemma-4-31B-it,ce04a99faeb8ae8f4322082a7d537e623609438a1dbce301e1ed9dcf918e890b,ec9f25e6b68d12ca6182161cdc389e0da99a8cff29c47b015f1d07a6633e4cf0,consensus_benchmark_exact_v1,prompt_compiler_v2_split_g_f,1280704223,pending,Q001,"{""Q001"": ""consensus_estimate_human_primary_cause""}",consensus_exact_step3,c444a6eac0c7b6cd317bc71d70e09e8e9d8b0a57308ceb8b4c11921129cc5ae1
G|LP0457|ConsensusExact|step3|attempt_1,G-ac7242f0873361cecbbf4ce549b4ab7fbaac68c6,G,target,LP0457,Consensus,consensus_exact_step3_estimate,1,google/gemma-4-31B-it,2d3cf5e57ba2ef17ced9010d6149c5689d3c7231ebf80080492cfbd806ad6b1a,ec9f25e6b68d12ca6182161cdc389e0da99a8cff29c47b015f1d07a6633e4cf0,consensus_benchmark_exact_v1,prompt_compiler_v2_split_g_f,1612179377,pending,Q001,"{""Q001"": ""consensus_estimate_human_primary_cause""}",consensus_exact_step3,c444a6eac0c7b6cd317bc71d70e09e8e9d8b0a57308ceb8b4c11921129cc5ae1
G|LP0458|ConsensusExact|step3|attempt_1,G-a549b1ee52fd6369bfa7b13fa14f5af2dd3774f6,G,target,LP0458,Consensus,consensus_exact_step3_estimate,1,google/gemma-4-31B-it,f5a34ffb4615ad2a09a2a0fc54c1e82b1a703c35000ff83227cdd8fce3449bf2,ec9f25e6b68d12ca6182161cdc389e0da99a8cff29c47b015f1d07a6633e4cf0,consensus_benchmark_exact_v1,prompt_compiler_v2_split_g_f,496027464,pending,Q001,"{""Q001"": ""consensus_estimate_human_primary_cause""}",consensus_exact_step3,c444a6eac0c7b6cd317bc71d70e09e8e9d8b0a57308ceb8b4c11921129cc5ae1
G|LP0459|ConsensusExact|step3|attempt_1,G-b63864844706513f5ca79b1ef64978fe48bb259a,G,target,LP0459,Consensus,consensus_exact_step3_estimate,1,google/gemma-4-31B-it,d8e9f0a41e5113dcce527de98627d3183a72cb46d3cced8337db8a12281e26c7,ec9f25e6b68d12ca6182161cdc389e0da99a8cff29c47b015f1d07a6633e4cf0,consensus_benchmark_exact_v1,prompt_compiler_v2_split_g_f,863443530,pending,Q001,"{""Q001"": ""consensus_estimate_human_primary_cause""}",consensus_exact_step3,c444a6eac0c7b6cd317bc71d70e09e8e9d8b0a57308ceb8b4c11921129cc5ae1
G|LP0460|ConsensusExact|step3|attempt_1,G-345dbec05b00af35d70d3377834bbce7c50b74ca,G,target,LP0460,Consensus,consensus_exact_step3_estimate,1,google/gemma-4-31B-it,94c7cc6a4c2db49234059a966870265fc6556ff80b5948bcf5d92cad9ea96d2d,ec9f25e6b68d12ca6182161cdc389e0da99a8cff29c47b015f1d07a6633e4cf0,consensus_benchmark_exact_v1,prompt_compiler_v2_split_g_f,1136405686,pending,Q001,"{""Q001"": ""consensus_estimate_human_primary_cause""}",consensus_exact_step3,c444a6eac0c7b6cd317bc71d70e09e8e9d8b0a57308ceb8b4c11921129cc5ae1
G|LP0461|ConsensusExact|step3|attempt_1,G-bd06793d5c962623a036ddc0b94585c1530b6413,G,target,LP0461,Consensus,consensus_exact_step3_estimate,1,google/gemma-4-31B-it,1fb79d430856862286ee8251be9bd44be65f217e751caa0f7dcdf90ee183bfd1,ec9f25e6b68d12ca6182161cdc389e0da99a8cff29c47b015f1d07a6633e4cf0,consensus_benchmark_exact_v1,prompt_compiler_v2_split_g_f,1453529248,pending,Q001,"{""Q001"": ""consensus_estimate_human_primary_cause""}",consensus_exact_step3,c444a6eac0c7b6cd317bc71d70e09e8e9d8b0a57308ceb8b4c11921129cc5ae1
G|LP0462|ConsensusExact|step3|attempt_1,G-4b40cb84437cb4061d94586bd4a1c953d0fcb8d1,G,target,LP0462,Consensus,consensus_exact_step3_estimate,1,google/gemma-4-31B-it,d99458399d470b88a77da7dc82194e379b95f4d155b3ef22c8994fd488634c98,ec9f25e6b68d12ca6182161cdc389e0da99a8cff29c47b015f1d07a6633e4cf0,consensus_benchmark_exact_v1,prompt_compiler_v2_split_g_f,1509837583,pending,Q001,"{""Q001"": ""consensus_estimate_human_primary_cause""}",consensus_exact_step3,c444a6eac0c7b6cd317bc71d70e09e8e9d8b0a57308ceb8b4c11921129cc5ae1
G|LP0463|ConsensusExact|step3|attempt_1,G-bed3e72e240e7bbae84d54fd63567050f0cf1019,G,target,LP0463,Consensus,consensus_exact_step3_estimate,1,google/gemma-4-31B-it,89f3de54d76b26b95a8a069889fbb2b934ad4021d9c4148d02615e7dc240e0a6,ec9f25e6b68d12ca6182161cdc389e0da99a8cff29c47b015f1d07a6633e4cf0,consensus_benchmark_exact_v1,prompt_compiler_v2_split_g_f,565594649,pending,Q001,"{""Q001"": ""consensus_estimate_human_primary_cause""}",consensus_exact_step3,c444a6eac0c7b6cd317bc71d70e09e8e9d8b0a57308ceb8b4c11921129cc5ae1
G|LP0464|ConsensusExact|step3|attempt_1,G-73eba5fc363ad8c0ab37ca9eac1286d3b6b1dcd6,G,target,LP0464,Consensus,consensus_exact_step3_estimate,1,google/gemma-4-31B-it,2019f945711f016e86ed7f231216922828a224d74b622ce5141266ddeea871ed,ec9f25e6b68d12ca6182161cdc389e0da99a8cff29c47b015f1d07a6633e4cf0,consensus_benchmark_exact_v1,prompt_compiler_v2_split_g_f,504505530,pending,Q001,"{""Q001"": ""consensus_estimate_co2_warms_planet""}",consensus_exact_step3,c444a6eac0c7b6cd317bc71d70e09e8e9d8b0a57308ceb8b4c11921129cc5ae1
G|LP0465|ConsensusExact|step3|attempt_1,G-624472225529fab57f0e9b0a599ae11899898fa7,G,target,LP0465,Consensus,consensus_exact_step3_estimate,1,google/gemma-4-31B-it,c6562ab303898c5693aa3c5f51f61bcbed6aeb30e426475fba26b56a263ab9f4,ec9f25e6b68d12ca6182161cdc389e0da99a8cff29c47b015f1d07a6633e4cf0,consensus_benchmark_exact_v1,prompt_compiler_v2_split_g_f,431152891,pending,Q001,"{""Q001"": ""consensus_estimate_human_primary_cause""}",consensus_exact_step3,c444a6eac0c7b6cd317bc71d70e09e8e9d8b0a57308ceb8b4c11921129cc5ae1
G|LP0466|ConsensusExact|step3|attempt_1,G-5d51b8642917d7dab8ad2c425ca99cc0c9a4d4ba,G,target,LP0466,Consensus,consensus_exact_step3_estimate,1,google/gemma-4-31B-it,00f7db2ae01e202c0dae4ff7ebbd70d19c5ee5668433a19f6e4715709f5ca53f,ec9f25e6b68d12ca6182161cdc389e0da99a8cff29c47b015f1d07a6633e4cf0,consensus_benchmark_exact_v1,prompt_compiler_v2_split_g_f,1673218211,pending,Q001,"{""Q001"": ""consensus_estimate_human_primary_cause""}",consensus_exact_step3,c444a6eac0c7b6cd317bc71d70e09e8e9d8b0a57308ceb8b4c11921129cc5ae1
G|LP0467|ConsensusExact|step3|attempt_1,G-d3d5c5d7ddc15e94ba05db8e455df4c7b43836df,G,target,LP0467,Consensus,consensus_exact_step3_estimate,1,google/gemma-4-31B-it,a7efcffa7f3999bc14ba485b97c32571f337b97305183768ca2d9a9a76ed875f,ec9f25e6b68d12ca6182161cdc389e0da99a8cff29c47b015f1d07a6633e4cf0,consensus_benchmark_exact_v1,prompt_compiler_v2_split_g_f,91023943,pending,Q001,"{""Q001"": ""consensus_estimate_co2_warms_planet""}",consensus_exact_step3,c444a6eac0c7b6cd317bc71d70e09e8e9d8b0a57308ceb8b4c11921129cc5ae1
G|LP0468|ConsensusExact|step3|attempt_1,G-5e9a2c5e88fb2fe6ad845b436e287b5370b7685f,G,target,LP0468,Consensus,consensus_exact_step3_estimate,1,google/gemma-4-31B-it,be83eaecf6429f9ceae46ed56ec95c178394e4d29a3d50f712e13f75fcc06ebd,ec9f25e6b68d12ca6182161cdc389e0da99a8cff29c47b015f1d07a6633e4cf0,consensus_benchmark_exact_v1,prompt_compiler_v2_split_g_f,1177520292,pending,Q001,"{""Q001"": ""consensus_estimate_co2_warms_planet""}",consensus_exact_step3,c444a6eac0c7b6cd317bc71d70e09e8e9d8b0a57308ceb8b4c11921129cc5ae1
G|LP0469|ConsensusExact|step3|attempt_1,G-ad971ded87620588d5eb4fdf7e5b643a4aa81b7e,G,target,LP0469,Consensus,consensus_exact_step3_estimate,1,google/gemma-4-31B-it,932930ca3aa491547e25d28b4cd494367fe031563c1f194764e0cc2b039dc8ee,ec9f25e6b68d12ca6182161cdc389e0da99a8cff29c47b015f1d07a6633e4cf0,consensus_benchmark_exact_v1,prompt_compiler_v2_split_g_f,1653621093,pending,Q001,"{""Q001"": ""consensus_estimate_co2_warms_planet""}",consensus_exact_step3,c444a6eac0c7b6cd317bc71d70e09e8e9d8b0a57308ceb8b4c11921129cc5ae1
G|LP0470|ConsensusExact|step3|attempt_1,G-90deb5ace5f9205920f35fd9649ba666ad20e551,G,target,LP0470,Consensus,consensus_exact_step3_estimate,1,google/gemma-4-31B-it,5453223ddc02e619a68205d31dfda98f7754d972cc90c49cad473bf0c773978b,ec9f25e6b68d12ca6182161cdc389e0da99a8cff29c47b015f1d07a6633e4cf0,consensus_benchmark_exact_v1,prompt_compiler_v2_split_g_f,129403829,pending,Q001,"{""Q001"": ""consensus_estimate_co2_warms_planet""}",consensus_exact_step3,c444a6eac0c7b6cd317bc71d70e09e8e9d8b0a57308ceb8b4c11921129cc5ae1
G|LP0471|ConsensusExact|step3|attempt_1,G-829521a46c57ba9c94ef01296524cc4f5ab1f369,G,target,LP0471,Consensus,consensus_exact_step3_estimate,1,google/gemma-4-31B-it,b36fbb87cc16dca87f08865de09d2974c35a02b2dee0bae878611cf573bcce2e,ec9f25e6b68d12ca6182161cdc389e0da99a8cff29c47b015f1d07a6633e4cf0,consensus_benchmark_exact_v1,prompt_compiler_v2_split_g_f,1904344550,pending,Q001,"{""Q001"": ""consensus_estimate_co2_warms_planet""}",consensus_exact_step3,c444a6eac0c7b6cd317bc71d70e09e8e9d8b0a57308ceb8b4c11921129cc5ae1
G|LP0472|ConsensusExact|step3|attempt_1,G-077c7f63e59d0c41e68af370096f1747a004b931,G,target,LP0472,Consensus,consensus_exact_step3_estimate,1,google/gemma-4-31B-it,8fdddb582ca17b84ef963d7c6872555aac00dfd990c73248ec952222c6c2a6d2,ec9f25e6b68d12ca6182161cdc389e0da99a8cff29c47b015f1d07a6633e4cf0,consensus_benchmark_exact_v1,prompt_compiler_v2_split_g_f,1955990280,pending,Q001,"{""Q001"": ""consensus_estimate_human_primary_cause""}",consensus_exact_step3,c444a6eac0c7b6cd317bc71d70e09e8e9d8b0a57308ceb8b4c11921129cc5ae1
G|LP0473|ConsensusExact|step3|attempt_1,G-6e4a6187ba30b73d91b5f8dd620ebdbc163ad026,G,target,LP0473,Consensus,consensus_exact_step3_estimate,1,google/gemma-4-31B-it,bde655558375ef308a4c9f27f7c872cdad742ab6a0058e16fa6755f03e401a72,ec9f25e6b68d12ca6182161cdc389e0da99a8cff29c47b015f1d07a6633e4cf0,consensus_benchmark_exact_v1,prompt_compiler_v2_split_g_f,382040654,pending,Q001,"{""Q001"": ""consensus_estimate_co2_warms_planet""}",consensus_exact_step3,c444a6eac0c7b6cd317bc71d70e09e8e9d8b0a57308ceb8b4c11921129cc5ae1
G|LP0474|ConsensusExact|step3|attempt_1,G-a27bd4b4cc93b315dafff78453571af231d091bb,G,target,LP0474,Consensus,consensus_exact_step3_estimate,1,google/gemma-4-31B-it,7fb55ccb7e2d970944dc61b9696c0e1021097c0fd081fd65826457e4361013de,ec9f25e6b68d12ca6182161cdc389e0da99a8cff29c47b015f1d07a6633e4cf0,consensus_benchmark_exact_v1,prompt_compiler_v2_split_g_f,294345857,pending,Q001,"{""Q001"": ""consensus_estimate_human_primary_cause""}",consensus_exact_step3,c444a6eac0c7b6cd317bc71d70e09e8e9d8b0a57308ceb8b4c11921129cc5ae1
G|LP0475|ConsensusExact|step3|attempt_1,G-d48e02cc93ff2f3045402e29b820932d9e33f0df,G,target,LP0475,Consensus,consensus_exact_step3_estimate,1,google/gemma-4-31B-it,ef300de5663172547025eef459074ba7dda3c6cf5623f8e502b6bac16f11d0b4,ec9f25e6b68d12ca6182161cdc389e0da99a8cff29c47b015f1d07a6633e4cf0,consensus_benchmark_exact_v1,prompt_compiler_v2_split_g_f,1025193164,pending,Q001,"{""Q001"": ""consensus_estimate_co2_warms_planet""}",consensus_exact_step3,c444a6eac0c7b6cd317bc71d70e09e8e9d8b0a57308ceb8b4c11921129cc5ae1
G|LP0476|ConsensusExact|step3|attempt_1,G-5b9e6b5123e5a64cff56d4c886f07356b8cbe7fd,G,target,LP0476,Consensus,consensus_exact_step3_estimate,1,google/gemma-4-31B-it,1ddec1d9c79ec6cb4ba6b4da28ec619466bccc99846a87742582d8beb782c7fd,ec9f25e6b68d12ca6182161cdc389e0da99a8cff29c47b015f1d07a6633e4cf0,consensus_benchmark_exact_v1,prompt_compiler_v2_split_g_f,1528986863,pending,Q001,"{""Q001"": ""consensus_estimate_co2_warms_planet""}",consensus_exact_step3,c444a6eac0c7b6cd317bc71d70e09e8e9d8b0a57308ceb8b4c11921129cc5ae1
G|LP0477|ConsensusExact|step3|attempt_1,G-aaa38a8f8ff7d45462401296e410ceeb058ff4cd,G,target,LP0477,Consensus,consensus_exact_step3_estimate,1,google/gemma-4-31B-it,22c3030f2a008aafa3f615b9caf1e4024c35b46b8445bf361b5991e7e65ca481,ec9f25e6b68d12ca6182161cdc389e0da99a8cff29c47b015f1d07a6633e4cf0,consensus_benchmark_exact_v1,prompt_compiler_v2_split_g_f,1698621813,pending,Q001,"{""Q001"": ""consensus_estimate_co2_warms_planet""}",consensus_exact_step3,c444a6eac0c7b6cd317bc71d70e09e8e9d8b0a57308ceb8b4c11921129cc5ae1
G|LP0478|ConsensusExact|step3|attempt_1,G-885f4d7134a9cc3e5215d4a73ca3f7438302a6af,G,target,LP0478,Consensus,consensus_exact_step3_estimate,1,google/gemma-4-31B-it,1b98d601f1ea7c994619d0d77cf689533e5542c536683ac22fd295d42cc93cf5,ec9f25e6b68d12ca6182161cdc389e0da99a8cff29c47b015f1d07a6633e4cf0,consensus_benchmark_exact_v1,prompt_compiler_v2_split_g_f,1164470050,pending,Q001,"{""Q001"": ""consensus_estimate_co2_warms_planet""}",consensus_exact_step3,c444a6eac0c7b6cd317bc71d70e09e8e9d8b0a57308ceb8b4c11921129cc5ae1
G|LP0479|ConsensusExact|step3|attempt_1,G-09bb60b40badc3515bea81d3e06c8a5e76b53ab2,G,target,LP0479,Consensus,consensus_exact_step3_estimate,1,google/gemma-4-31B-it,9bf39d01f4f40c08255473ca84d93863c66bf51e6dea8ca92726f31db9577c83,ec9f25e6b68d12ca6182161cdc389e0da99a8cff29c47b015f1d07a6633e4cf0,consensus_benchmark_exact_v1,prompt_compiler_v2_split_g_f,522486969,pending,Q001,"{""Q001"": ""consensus_estimate_human_primary_cause""}",consensus_exact_step3,c444a6eac0c7b6cd317bc71d70e09e8e9d8b0a57308ceb8b4c11921129cc5ae1
G|LP0480|ConsensusExact|step3|attempt_1,G-b0917169968b5071c659fadcda9af91b5a903265,G,target,LP0480,Consensus,consensus_exact_step3_estimate,1,google/gemma-4-31B-it,aa18fbe6a93a67d584b84a716f17cfb3eb289bc665e2c17477a29c62036f359f,ec9f25e6b68d12ca6182161cdc389e0da99a8cff29c47b015f1d07a6633e4cf0,consensus_benchmark_exact_v1,prompt_compiler_v2_split_g_f,2007905094,pending,Q001,"{""Q001"": ""consensus_estimate_human_primary_cause""}",consensus_exact_step3,c444a6eac0c7b6cd317bc71d70e09e8e9d8b0a57308ceb8b4c11921129cc5ae1
G|LP0481|ConsensusExact|step3|attempt_1,G-df51f4b84dfe0890e67203d4b4424819db70f351,G,target,LP0481,Consensus,consensus_exact_step3_estimate,1,google/gemma-4-31B-it,61f6e879985dd22d6f66c4a8d9e6aebc8583dffd97c493fe8aa3a4ec4dd2e835,ec9f25e6b68d12ca6182161cdc389e0da99a8cff29c47b015f1d07a6633e4cf0,consensus_benchmark_exact_v1,prompt_compiler_v2_split_g_f,211939844,pending,Q001,"{""Q001"": ""consensus_estimate_human_primary_cause""}",consensus_exact_step3,c444a6eac0c7b6cd317bc71d70e09e8e9d8b0a57308ceb8b4c11921129cc5ae1
G|LP0482|ConsensusExact|step3|attempt_1,G-87afee2163982117963dfabe340122ceceb84871,G,target,LP0482,Consensus,consensus_exact_step3_estimate,1,google/gemma-4-31B-it,4ee36967addc01531e039491072e8bfd5d6bf55097834fd7c788a1d0a728505f,ec9f25e6b68d12ca6182161cdc389e0da99a8cff29c47b015f1d07a6633e4cf0,consensus_benchmark_exact_v1,prompt_compiler_v2_split_g_f,1928854875,pending,Q001,"{""Q001"": ""consensus_estimate_human_primary_cause""}",consensus_exact_step3,c444a6eac0c7b6cd317bc71d70e09e8e9d8b0a57308ceb8b4c11921129cc5ae1
G|LP0483|ConsensusExact|step3|attempt_1,G-2eda052a55d759435f2bddf019bd05ab221bb598,G,target,LP0483,Consensus,consensus_exact_step3_estimate,1,google/gemma-4-31B-it,b00bb85ed62f42f5ec2a449e14247a8b84c10da24cdd3b28ab5aae45aeab4fe1,ec9f25e6b68d12ca6182161cdc389e0da99a8cff29c47b015f1d07a6633e4cf0,consensus_benchmark_exact_v1,prompt_compiler_v2_split_g_f,864773016,pending,Q001,"{""Q001"": ""consensus_estimate_human_primary_cause""}",consensus_exact_step3,c444a6eac0c7b6cd317bc71d70e09e8e9d8b0a57308ceb8b4c11921129cc5ae1
G|LP0484|ConsensusExact|step3|attempt_1,G-8b58fda1da32fee0853ebef1bcd363c6e486185b,G,target,LP0484,Consensus,consensus_exact_step3_estimate,1,google/gemma-4-31B-it,7c5e97c7c8f2f0ef544f7260f547c7235fea8af9629f5d272051ad07c190ab36,ec9f25e6b68d12ca6182161cdc389e0da99a8cff29c47b015f1d07a6633e4cf0,consensus_benchmark_exact_v1,prompt_compiler_v2_split_g_f,1894054437,pending,Q001,"{""Q001"": ""consensus_estimate_human_primary_cause""}",consensus_exact_step3,c444a6eac0c7b6cd317bc71d70e09e8e9d8b0a57308ceb8b4c11921129cc5ae1
G|LP0485|ConsensusExact|step3|attempt_1,G-018b4720766d0fa7351753b1476f381cf15f8dfe,G,target,LP0485,Consensus,consensus_exact_step3_estimate,1,google/gemma-4-31B-it,a87085619a934dc565c459d8a1b3560c46c8dcd1cf7689837f796f3810c06ac7,ec9f25e6b68d12ca6182161cdc389e0da99a8cff29c47b015f1d07a6633e4cf0,consensus_benchmark_exact_v1,prompt_compiler_v2_split_g_f,2038668775,pending,Q001,"{""Q001"": ""consensus_estimate_co2_warms_planet""}",consensus_exact_step3,c444a6eac0c7b6cd317bc71d70e09e8e9d8b0a57308ceb8b4c11921129cc5ae1
G|LP0486|ConsensusExact|step3|attempt_1,G-a1c982af550219a0038ef3e1d2d1f36bb32de025,G,target,LP0486,Consensus,consensus_exact_step3_estimate,1,google/gemma-4-31B-it,260731cc5fbe045113db995b85e970bbae3c838c81cceaaf4cb570a3b5638bf3,ec9f25e6b68d12ca6182161cdc389e0da99a8cff29c47b015f1d07a6633e4cf0,consensus_benchmark_exact_v1,prompt_compiler_v2_split_g_f,412425985,pending,Q001,"{""Q001"": ""consensus_estimate_co2_warms_planet""}",consensus_exact_step3,c444a6eac0c7b6cd317bc71d70e09e8e9d8b0a57308ceb8b4c11921129cc5ae1
G|LP0487|ConsensusExact|step3|attempt_1,G-172c5a6cc61f2ca9d44ed774b32d2d57b2e7cecc,G,target,LP0487,Consensus,consensus_exact_step3_estimate,1,google/gemma-4-31B-it,13dc8022a718e5084a088921a236757ecaf88d07da8a97eb4b378ec98778ae95,ec9f25e6b68d12ca6182161cdc389e0da99a8cff29c47b015f1d07a6633e4cf0,consensus_benchmark_exact_v1,prompt_compiler_v2_split_g_f,1954013570,pending,Q001,"{""Q001"": ""consensus_estimate_co2_warms_planet""}",consensus_exact_step3,c444a6eac0c7b6cd317bc71d70e09e8e9d8b0a57308ceb8b4c11921129cc5ae1
G|LP0488|ConsensusExact|step3|attempt_1,G-d66d5ba9c79831fcddde809613e42414a7bd71dc,G,target,LP0488,Consensus,consensus_exact_step3_estimate,1,google/gemma-4-31B-it,9c37e512c96cbfe031faebb3f3e6782158f79b58841170462876234799c128c7,ec9f25e6b68d12ca6182161cdc389e0da99a8cff29c47b015f1d07a6633e4cf0,consensus_benchmark_exact_v1,prompt_compiler_v2_split_g_f,1953687890,pending,Q001,"{""Q001"": ""consensus_estimate_co2_warms_planet""}",consensus_exact_step3,c444a6eac0c7b6cd317bc71d70e09e8e9d8b0a57308ceb8b4c11921129cc5ae1
G|LP0489|ConsensusExact|step3|attempt_1,G-489b446ffd9a4111696502c5bcb7d8a487dd7b21,G,target,LP0489,Consensus,consensus_exact_step3_estimate,1,google/gemma-4-31B-it,7888e117ca83c7ba2afa987a20467cae058bde3a2e9449422651523d8d0cbb59,ec9f25e6b68d12ca6182161cdc389e0da99a8cff29c47b015f1d07a6633e4cf0,consensus_benchmark_exact_v1,prompt_compiler_v2_split_g_f,248564210,pending,Q001,"{""Q001"": ""consensus_estimate_co2_warms_planet""}",consensus_exact_step3,c444a6eac0c7b6cd317bc71d70e09e8e9d8b0a57308ceb8b4c11921129cc5ae1
G|LP0490|ConsensusExact|step3|attempt_1,G-232006584fba5d421075064449dbd81fa312bc53,G,target,LP0490,Consensus,consensus_exact_step3_estimate,1,google/gemma-4-31B-it,a9019647b01c80f457b1cd784f9b4238e3e4dd580f182e2b81f497c300fcd8b3,ec9f25e6b68d12ca6182161cdc389e0da99a8cff29c47b015f1d07a6633e4cf0,consensus_benchmark_exact_v1,prompt_compiler_v2_split_g_f,368732659,pending,Q001,"{""Q001"": ""consensus_estimate_human_primary_cause""}",consensus_exact_step3,c444a6eac0c7b6cd317bc71d70e09e8e9d8b0a57308ceb8b4c11921129cc5ae1
G|LP0491|ConsensusExact|step3|attempt_1,G-fc9d28ec81ec9660931399f59ca9bc137f19cf18,G,target,LP0491,Consensus,consensus_exact_step3_estimate,1,google/gemma-4-31B-it,a40e6402d6ec2f7daf834b6d79dbd572b660ccf613472a02053b5977bcb96130,ec9f25e6b68d12ca6182161cdc389e0da99a8cff29c47b015f1d07a6633e4cf0,consensus_benchmark_exact_v1,prompt_compiler_v2_split_g_f,2066147388,pending,Q001,"{""Q001"": ""consensus_estimate_human_primary_cause""}",consensus_exact_step3,c444a6eac0c7b6cd317bc71d70e09e8e9d8b0a57308ceb8b4c11921129cc5ae1
G|LP0492|ConsensusExact|step3|attempt_1,G-e49f40f34897501a539b515982ed4a8e5023674c,G,target,LP0492,Consensus,consensus_exact_step3_estimate,1,google/gemma-4-31B-it,cd1b6e455542826d6a1684eca2eca3a60d4fbeaf843eb04426ac90e8e26050ac,ec9f25e6b68d12ca6182161cdc389e0da99a8cff29c47b015f1d07a6633e4cf0,consensus_benchmark_exact_v1,prompt_compiler_v2_split_g_f,299225604,pending,Q001,"{""Q001"": ""consensus_estimate_human_primary_cause""}",consensus_exact_step3,c444a6eac0c7b6cd317bc71d70e09e8e9d8b0a57308ceb8b4c11921129cc5ae1
G|LP0493|ConsensusExact|step3|attempt_1,G-817949da8b78e5d2a12e05765e0fd642f8f8787f,G,target,LP0493,Consensus,consensus_exact_step3_estimate,1,google/gemma-4-31B-it,df5468c5d8c48d04266337c2f1f601867697be69e18d6f9c2c84ae0751d85a8c,ec9f25e6b68d12ca6182161cdc389e0da99a8cff29c47b015f1d07a6633e4cf0,consensus_benchmark_exact_v1,prompt_compiler_v2_split_g_f,241924489,pending,Q001,"{""Q001"": ""consensus_estimate_co2_warms_planet""}",consensus_exact_step3,c444a6eac0c7b6cd317bc71d70e09e8e9d8b0a57308ceb8b4c11921129cc5ae1
G|LP0494|ConsensusExact|step3|attempt_1,G-04bbe39dfb8ac2831c76c51e9ce096bcd09dcb7e,G,target,LP0494,Consensus,consensus_exact_step3_estimate,1,google/gemma-4-31B-it,2eabb36fd02b30384e085f827e73114c2af268923a4921d2329c31924c871c06,ec9f25e6b68d12ca6182161cdc389e0da99a8cff29c47b015f1d07a6633e4cf0,consensus_benchmark_exact_v1,prompt_compiler_v2_split_g_f,84052415,pending,Q001,"{""Q001"": ""consensus_estimate_human_primary_cause""}",consensus_exact_step3,c444a6eac0c7b6cd317bc71d70e09e8e9d8b0a57308ceb8b4c11921129cc5ae1
G|LP0495|ConsensusExact|step3|attempt_1,G-7aec50bd720e3bbd8d98d5f8fd4e2fdb8f949b27,G,target,LP0495,Consensus,consensus_exact_step3_estimate,1,google/gemma-4-31B-it,8d28b9c7b26ad1bb739c7ef0a45b2b5c2d5073ed61946d6f04c2157b353b261d,ec9f25e6b68d12ca6182161cdc389e0da99a8cff29c47b015f1d07a6633e4cf0,consensus_benchmark_exact_v1,prompt_compiler_v2_split_g_f,1743183161,pending,Q001,"{""Q001"": ""consensus_estimate_co2_warms_planet""}",consensus_exact_step3,c444a6eac0c7b6cd317bc71d70e09e8e9d8b0a57308ceb8b4c11921129cc5ae1
G|LP0496|ConsensusExact|step3|attempt_1,G-1de1e888a7a15ec85465a77d3d0043f819c75108,G,target,LP0496,Consensus,consensus_exact_step3_estimate,1,google/gemma-4-31B-it,dbd9636301fe280f82853c1e58e586a8f82ea75db2002e6b9a8299ec64c8548b,ec9f25e6b68d12ca6182161cdc389e0da99a8cff29c47b015f1d07a6633e4cf0,consensus_benchmark_exact_v1,prompt_compiler_v2_split_g_f,1667575769,pending,Q001,"{""Q001"": ""consensus_estimate_co2_warms_planet""}",consensus_exact_step3,c444a6eac0c7b6cd317bc71d70e09e8e9d8b0a57308ceb8b4c11921129cc5ae1
G|LP0497|ConsensusExact|step3|attempt_1,G-6fc49debadbc8fcec48385743e01bc383055f2ae,G,target,LP0497,Consensus,consensus_exact_step3_estimate,1,google/gemma-4-31B-it,1e69763b0980d6747c83865a48dd644126d21f9f52484faf642771c45b29ecfc,ec9f25e6b68d12ca6182161cdc389e0da99a8cff29c47b015f1d07a6633e4cf0,consensus_benchmark_exact_v1,prompt_compiler_v2_split_g_f,222677927,pending,Q001,"{""Q001"": ""consensus_estimate_human_primary_cause""}",consensus_exact_step3,c444a6eac0c7b6cd317bc71d70e09e8e9d8b0a57308ceb8b4c11921129cc5ae1
G|LP0498|ConsensusExact|step3|attempt_1,G-663eb99f0bd4ffe0aa20707df8303db8d399c6cb,G,target,LP0498,Consensus,consensus_exact_step3_estimate,1,google/gemma-4-31B-it,0f7167c10684f500c42c8ac2a14076b5a47fa7124de94a87a20299cf509c730a,ec9f25e6b68d12ca6182161cdc389e0da99a8cff29c47b015f1d07a6633e4cf0,consensus_benchmark_exact_v1,prompt_compiler_v2_split_g_f,1481798431,pending,Q001,"{""Q001"": ""consensus_estimate_co2_warms_planet""}",consensus_exact_step3,c444a6eac0c7b6cd317bc71d70e09e8e9d8b0a57308ceb8b4c11921129cc5ae1
G|LP0499|ConsensusExact|step3|attempt_1,G-132be0c2eb7940f26f30510b9f7793d798a0574e,G,target,LP0499,Consensus,consensus_exact_step3_estimate,1,google/gemma-4-31B-it,562376768f1ece69aaa83780fad77ad4b9c7d4150e595f05235e7bd71af11b20,ec9f25e6b68d12ca6182161cdc389e0da99a8cff29c47b015f1d07a6633e4cf0,consensus_benchmark_exact_v1,prompt_compiler_v2_split_g_f,298910328,pending,Q001,"{""Q001"": ""consensus_estimate_human_primary_cause""}",consensus_exact_step3,c444a6eac0c7b6cd317bc71d70e09e8e9d8b0a57308ceb8b4c11921129cc5ae1
G|LP0500|ConsensusExact|step3|attempt_1,G-c14ae409fbc3354de10942c00c8f9396c1f0bf19,G,target,LP0500,Consensus,consensus_exact_step3_estimate,1,google/gemma-4-31B-it,cc1f5b24d6df4a10a9dff0dcb6f9f8bd5b4cf246bcc5ebe3fc300c0ee6f32709,ec9f25e6b68d12ca6182161cdc389e0da99a8cff29c47b015f1d07a6633e4cf0,consensus_benchmark_exact_v1,prompt_compiler_v2_split_g_f,2119761251,pending,Q001,"{""Q001"": ""consensus_estimate_human_primary_cause""}",consensus_exact_step3,c444a6eac0c7b6cd317bc71d70e09e8e9d8b0a57308ceb8b4c11921129cc5ae1
G|LP0501|ConsensusExact|step3|attempt_1,G-2d4726f4c5725e4a57a9718b7638abedb19a12a9,G,target,LP0501,Consensus,consensus_exact_step3_estimate,1,google/gemma-4-31B-it,30eab0d58847fd171889706259faff845ee09266b3778c5e571e6398e1a02f57,ec9f25e6b68d12ca6182161cdc389e0da99a8cff29c47b015f1d07a6633e4cf0,consensus_benchmark_exact_v1,prompt_compiler_v2_split_g_f,536914996,pending,Q001,"{""Q001"": ""consensus_estimate_human_primary_cause""}",consensus_exact_step3,c444a6eac0c7b6cd317bc71d70e09e8e9d8b0a57308ceb8b4c11921129cc5ae1
G|LP0502|ConsensusExact|step3|attempt_1,G-5cd2c221721b8afe037b785d59b0227e94cb8926,G,target,LP0502,Consensus,consensus_exact_step3_estimate,1,google/gemma-4-31B-it,4e144d0a64cd2f74f708681dd50297e5fc6ba1d65185cd3b9c41b7e860e3e7f5,ec9f25e6b68d12ca6182161cdc389e0da99a8cff29c47b015f1d07a6633e4cf0,consensus_benchmark_exact_v1,prompt_compiler_v2_split_g_f,734072642,pending,Q001,"{""Q001"": ""consensus_estimate_co2_warms_planet""}",consensus_exact_step3,c444a6eac0c7b6cd317bc71d70e09e8e9d8b0a57308ceb8b4c11921129cc5ae1
G|LP0503|ConsensusExact|step3|attempt_1,G-49b25a2c3a6331da2824a7ceff6324ab6c9f10b0,G,target,LP0503,Consensus,consensus_exact_step3_estimate,1,google/gemma-4-31B-it,57d5f1e7bd0f40a5a9f71472ff7633fe81077d46d112ca130f464d340b237ec9,ec9f25e6b68d12ca6182161cdc389e0da99a8cff29c47b015f1d07a6633e4cf0,consensus_benchmark_exact_v1,prompt_compiler_v2_split_g_f,1304946227,pending,Q001,"{""Q001"": ""consensus_estimate_human_primary_cause""}",consensus_exact_step3,c444a6eac0c7b6cd317bc71d70e09e8e9d8b0a57308ceb8b4c11921129cc5ae1
G|LP0504|ConsensusExact|step3|attempt_1,G-666508eb2444abe22b1ff7bb8e9ee9556a95ef49,G,target,LP0504,Consensus,consensus_exact_step3_estimate,1,google/gemma-4-31B-it,634bf6c067f9f1587f0aeb7ca18b7fd25f25de4e909cd7774bf58f6051de8ca6,ec9f25e6b68d12ca6182161cdc389e0da99a8cff29c47b015f1d07a6633e4cf0,consensus_benchmark_exact_v1,prompt_compiler_v2_split_g_f,1896791481,pending,Q001,"{""Q001"": ""consensus_estimate_human_primary_cause""}",consensus_exact_step3,c444a6eac0c7b6cd317bc71d70e09e8e9d8b0a57308ceb8b4c11921129cc5ae1
G|LP0505|ConsensusExact|step3|attempt_1,G-26744dd3b43af14f27911810ce24cfa50b5646be,G,target,LP0505,Consensus,consensus_exact_step3_estimate,1,google/gemma-4-31B-it,7e66123e554e29ca718afe9ab6a860a59d19d2120c5fb171acec57239abb7b35,ec9f25e6b68d12ca6182161cdc389e0da99a8cff29c47b015f1d07a6633e4cf0,consensus_benchmark_exact_v1,prompt_compiler_v2_split_g_f,19107063,pending,Q001,"{""Q001"": ""consensus_estimate_co2_warms_planet""}",consensus_exact_step3,c444a6eac0c7b6cd317bc71d70e09e8e9d8b0a57308ceb8b4c11921129cc5ae1
G|LP0506|ConsensusExact|step3|attempt_1,G-f6169f7791d174e48fb796538368fc24dc8d3d2e,G,target,LP0506,Consensus,consensus_exact_step3_estimate,1,google/gemma-4-31B-it,a47838d2c1131b73db0ccba64a3befe59c27a7177c383652a579d76f4b784bee,ec9f25e6b68d12ca6182161cdc389e0da99a8cff29c47b015f1d07a6633e4cf0,consensus_benchmark_exact_v1,prompt_compiler_v2_split_g_f,2113844182,pending,Q001,"{""Q001"": ""consensus_estimate_co2_warms_planet""}",consensus_exact_step3,c444a6eac0c7b6cd317bc71d70e09e8e9d8b0a57308ceb8b4c11921129cc5ae1
G|LP0507|ConsensusExact|step3|attempt_1,G-90cdecb4f10bc7725f4826004e1d12594b22ff84,G,target,LP0507,Consensus,consensus_exact_step3_estimate,1,google/gemma-4-31B-it,941c4833bc619dd0bc48c1c03ac7e5ef1320620409c9a53e87735e0291c409eb,ec9f25e6b68d12ca6182161cdc389e0da99a8cff29c47b015f1d07a6633e4cf0,consensus_benchmark_exact_v1,prompt_compiler_v2_split_g_f,312975582,pending,Q001,"{""Q001"": ""consensus_estimate_co2_warms_planet""}",consensus_exact_step3,c444a6eac0c7b6cd317bc71d70e09e8e9d8b0a57308ceb8b4c11921129cc5ae1
G|LP0508|ConsensusExact|step3|attempt_1,G-16a96d1feb7f589814a2fffbbc410087dc16c2f0,G,target,LP0508,Consensus,consensus_exact_step3_estimate,1,google/gemma-4-31B-it,59f72b1fd41f1cab8e7c0a6b815c7a50660400a53b8bf5dd2fe0c94f829148b1,ec9f25e6b68d12ca6182161cdc389e0da99a8cff29c47b015f1d07a6633e4cf0,consensus_benchmark_exact_v1,prompt_compiler_v2_split_g_f,416428760,pending,Q001,"{""Q001"": ""consensus_estimate_co2_warms_planet""}",consensus_exact_step3,c444a6eac0c7b6cd317bc71d70e09e8e9d8b0a57308ceb8b4c11921129cc5ae1
G|LP0509|ConsensusExact|step3|attempt_1,G-a16c23ac3e58829039ce0e44120191662ff44597,G,target,LP0509,Consensus,consensus_exact_step3_estimate,1,google/gemma-4-31B-it,386e5ae875e3c5ce891c3e8d597ac2199df0876bbf41b3551720b47d68aa4393,ec9f25e6b68d12ca6182161cdc389e0da99a8cff29c47b015f1d07a6633e4cf0,consensus_benchmark_exact_v1,prompt_compiler_v2_split_g_f,19974635,pending,Q001,"{""Q001"": ""consensus_estimate_co2_warms_planet""}",consensus_exact_step3,c444a6eac0c7b6cd317bc71d70e09e8e9d8b0a57308ceb8b4c11921129cc5ae1
G|LP0510|ConsensusExact|step3|attempt_1,G-cffaeff0c8b716a053199c7f80b8ec792ae9ce07,G,target,LP0510,Consensus,consensus_exact_step3_estimate,1,google/gemma-4-31B-it,c43bcf9d0f2c4612a4bfea15f1591e070403a2106fe4365a5c3097bd415f4bab,ec9f25e6b68d12ca6182161cdc389e0da99a8cff29c47b015f1d07a6633e4cf0,consensus_benchmark_exact_v1,prompt_compiler_v2_split_g_f,1756165764,pending,Q001,"{""Q001"": ""consensus_estimate_human_primary_cause""}",consensus_exact_step3,c444a6eac0c7b6cd317bc71d70e09e8e9d8b0a57308ceb8b4c11921129cc5ae1
G|LP0511|ConsensusExact|step3|attempt_1,G-c7bc39244e7435896c2eb85c5f41f7778921afff,G,target,LP0511,Consensus,consensus_exact_step3_estimate,1,google/gemma-4-31B-it,dfb9fc222f9c63ae7d231dd897c4f3010dbe4f2bd6fefef891f6e2ee57a607c9,ec9f25e6b68d12ca6182161cdc389e0da99a8cff29c47b015f1d07a6633e4cf0,consensus_benchmark_exact_v1,prompt_compiler_v2_split_g_f,1575790548,pending,Q001,"{""Q001"": ""consensus_estimate_human_primary_cause""}",consensus_exact_step3,c444a6eac0c7b6cd317bc71d70e09e8e9d8b0a57308ceb8b4c11921129cc5ae1
G|LP0512|ConsensusExact|step3|attempt_1,G-a216d473cc51bdf42c84c70cdfd2c0807e81bf46,G,target,LP0512,Consensus,consensus_exact_step3_estimate,1,google/gemma-4-31B-it,226e64f2fa46bf85b7fa52ad5d9454be4a30265e6d42e40b544e89bfbd9e3e4a,ec9f25e6b68d12ca6182161cdc389e0da99a8cff29c47b015f1d07a6633e4cf0,consensus_benchmark_exact_v1,prompt_compiler_v2_split_g_f,276784862,pending,Q001,"{""Q001"": ""consensus_estimate_human_primary_cause""}",consensus_exact_step3,c444a6eac0c7b6cd317bc71d70e09e8e9d8b0a57308ceb8b4c11921129cc5ae1
G|LP0513|ConsensusExact|step3|attempt_1,G-2af4115b4be15d472eaf563b09c9041013bc698f,G,target,LP0513,Consensus,consensus_exact_step3_estimate,1,google/gemma-4-31B-it,0bc0ffe62d1ba7685560bc0476776eccb4af1c1c1922f4c8a9af7ea2f9b40047,ec9f25e6b68d12ca6182161cdc389e0da99a8cff29c47b015f1d07a6633e4cf0,consensus_benchmark_exact_v1,prompt_compiler_v2_split_g_f,566853630,pending,Q001,"{""Q001"": ""consensus_estimate_co2_warms_planet""}",consensus_exact_step3,c444a6eac0c7b6cd317bc71d70e09e8e9d8b0a57308ceb8b4c11921129cc5ae1
G|LP0514|ConsensusExact|step3|attempt_1,G-e8c5d6a7d90100b2c680b99c974cbe797cb63ca2,G,target,LP0514,Consensus,consensus_exact_step3_estimate,1,google/gemma-4-31B-it,703e399d1f106d3450980075476133b7ffe0a90892754e8d67999a7b2900db15,ec9f25e6b68d12ca6182161cdc389e0da99a8cff29c47b015f1d07a6633e4cf0,consensus_benchmark_exact_v1,prompt_compiler_v2_split_g_f,713862661,pending,Q001,"{""Q001"": ""consensus_estimate_human_primary_cause""}",consensus_exact_step3,c444a6eac0c7b6cd317bc71d70e09e8e9d8b0a57308ceb8b4c11921129cc5ae1
G|LP0515|ConsensusExact|step3|attempt_1,G-46c26db230fd24d9475023ef8479b9d8f41311d9,G,target,LP0515,Consensus,consensus_exact_step3_estimate,1,google/gemma-4-31B-it,0e9f49543732ba3ebe89d58684cb801a6aa33120650d03b1a92cae0ca157e0e8,ec9f25e6b68d12ca6182161cdc389e0da99a8cff29c47b015f1d07a6633e4cf0,consensus_benchmark_exact_v1,prompt_compiler_v2_split_g_f,1048707134,pending,Q001,"{""Q001"": ""consensus_estimate_co2_warms_planet""}",consensus_exact_step3,c444a6eac0c7b6cd317bc71d70e09e8e9d8b0a57308ceb8b4c11921129cc5ae1
G|LP0516|ConsensusExact|step3|attempt_1,G-dd7c545bfb582a3ce29f0df75ae63857d275a74b,G,target,LP0516,Consensus,consensus_exact_step3_estimate,1,google/gemma-4-31B-it,ed43ed9dd3bb1c72d5a52e66b2bf44b8a36bd40e84152039f9aab8c88cfebb1d,ec9f25e6b68d12ca6182161cdc389e0da99a8cff29c47b015f1d07a6633e4cf0,consensus_benchmark_exact_v1,prompt_compiler_v2_split_g_f,911266551,pending,Q001,"{""Q001"": ""consensus_estimate_human_primary_cause""}",consensus_exact_step3,c444a6eac0c7b6cd317bc71d70e09e8e9d8b0a57308ceb8b4c11921129cc5ae1
G|LP0517|ConsensusExact|step3|attempt_1,G-b98bbcf64dc9d067a621e8a72f083ec61fa813ff,G,target,LP0517,Consensus,consensus_exact_step3_estimate,1,google/gemma-4-31B-it,5620d6ada4be3df8079991b9f82ab2fb09fb510a3a993efc05bf3a2a1963d689,ec9f25e6b68d12ca6182161cdc389e0da99a8cff29c47b015f1d07a6633e4cf0,consensus_benchmark_exact_v1,prompt_compiler_v2_split_g_f,1088506454,pending,Q001,"{""Q001"": ""consensus_estimate_human_primary_cause""}",consensus_exact_step3,c444a6eac0c7b6cd317bc71d70e09e8e9d8b0a57308ceb8b4c11921129cc5ae1
G|LP0518|ConsensusExact|step3|attempt_1,G-c9b5774f9ba154a3a9b557dfb201c74f004eb21f,G,target,LP0518,Consensus,consensus_exact_step3_estimate,1,google/gemma-4-31B-it,011390b9178090c8619be8827cb5c4aa2fe180e821447745086de33de9c43ad9,ec9f25e6b68d12ca6182161cdc389e0da99a8cff29c47b015f1d07a6633e4cf0,consensus_benchmark_exact_v1,prompt_compiler_v2_split_g_f,789332805,pending,Q001,"{""Q001"": ""consensus_estimate_co2_warms_planet""}",consensus_exact_step3,c444a6eac0c7b6cd317bc71d70e09e8e9d8b0a57308ceb8b4c11921129cc5ae1
G|LP0519|ConsensusExact|step3|attempt_1,G-d3c1ba89e9253d81d6c75c3d36b42e005c2c5f4b,G,target,LP0519,Consensus,consensus_exact_step3_estimate,1,google/gemma-4-31B-it,0617e1ffcd3bf18a7ab5088ff8ab23601c91d1447d724d4877ad233a59bdcc4a,ec9f25e6b68d12ca6182161cdc389e0da99a8cff29c47b015f1d07a6633e4cf0,consensus_benchmark_exact_v1,prompt_compiler_v2_split_g_f,279491224,pending,Q001,"{""Q001"": ""consensus_estimate_co2_warms_planet""}",consensus_exact_step3,c444a6eac0c7b6cd317bc71d70e09e8e9d8b0a57308ceb8b4c11921129cc5ae1
G|LP0520|ConsensusExact|step3|attempt_1,G-2057a0a1444030861e7a07e36ccd8e9aab30ec60,G,target,LP0520,Consensus,consensus_exact_step3_estimate,1,google/gemma-4-31B-it,1e58d6faeb95417356cbf9ee2a2430010d3d9730341de3cbdf92e35e57f2d16c,ec9f25e6b68d12ca6182161cdc389e0da99a8cff29c47b015f1d07a6633e4cf0,consensus_benchmark_exact_v1,prompt_compiler_v2_split_g_f,82801097,pending,Q001,"{""Q001"": ""consensus_estimate_human_primary_cause""}",consensus_exact_step3,c444a6eac0c7b6cd317bc71d70e09e8e9d8b0a57308ceb8b4c11921129cc5ae1
G|LP0521|ConsensusExact|step3|attempt_1,G-e047a08cc0570db185ba6b59bf376b82bbc918fe,G,target,LP0521,Consensus,consensus_exact_step3_estimate,1,google/gemma-4-31B-it,0708b05591dd01ecf17a9bae6d3655ab8a14a016d7c46460e5da25a165db9fec,ec9f25e6b68d12ca6182161cdc389e0da99a8cff29c47b015f1d07a6633e4cf0,consensus_benchmark_exact_v1,prompt_compiler_v2_split_g_f,15093454,pending,Q001,"{""Q001"": ""consensus_estimate_co2_warms_planet""}",consensus_exact_step3,c444a6eac0c7b6cd317bc71d70e09e8e9d8b0a57308ceb8b4c11921129cc5ae1
G|LP0522|ConsensusExact|step3|attempt_1,G-6dc01849bc3450717f11103c213f41bef3d92285,G,target,LP0522,Consensus,consensus_exact_step3_estimate,1,google/gemma-4-31B-it,eaac051d6fb7ab85f2f8f4f1222dc7523d2cd9b4648995ff044f1bd25476428b,ec9f25e6b68d12ca6182161cdc389e0da99a8cff29c47b015f1d07a6633e4cf0,consensus_benchmark_exact_v1,prompt_compiler_v2_split_g_f,397705478,pending,Q001,"{""Q001"": ""consensus_estimate_human_primary_cause""}",consensus_exact_step3,c444a6eac0c7b6cd317bc71d70e09e8e9d8b0a57308ceb8b4c11921129cc5ae1
G|LP0523|ConsensusExact|step3|attempt_1,G-c99ec9c67b103142e08fd0e7b160cece31608018,G,target,LP0523,Consensus,consensus_exact_step3_estimate,1,google/gemma-4-31B-it,4866287ace6e18aa7c4777b16cbae5057ef3659a614ac7c45e267115b1a81b0c,ec9f25e6b68d12ca6182161cdc389e0da99a8cff29c47b015f1d07a6633e4cf0,consensus_benchmark_exact_v1,prompt_compiler_v2_split_g_f,239977682,pending,Q001,"{""Q001"": ""consensus_estimate_co2_warms_planet""}",consensus_exact_step3,c444a6eac0c7b6cd317bc71d70e09e8e9d8b0a57308ceb8b4c11921129cc5ae1
G|LP0524|ConsensusExact|step3|attempt_1,G-ae955b9b8300b86c3cc4d9bd92be25e4e988f651,G,target,LP0524,Consensus,consensus_exact_step3_estimate,1,google/gemma-4-31B-it,1726dec140570b390f31eb2d5009bff8a265ceeeb5872eac0e006386b3e5bdc6,ec9f25e6b68d12ca6182161cdc389e0da99a8cff29c47b015f1d07a6633e4cf0,consensus_benchmark_exact_v1,prompt_compiler_v2_split_g_f,1613459365,pending,Q001,"{""Q001"": ""consensus_estimate_co2_warms_planet""}",consensus_exact_step3,c444a6eac0c7b6cd317bc71d70e09e8e9d8b0a57308ceb8b4c11921129cc5ae1
G|LP0525|ConsensusExact|step3|attempt_1,G-1ea8ce3e7b42939e8807f2caaa546520c7221a9f,G,target,LP0525,Consensus,consensus_exact_step3_estimate,1,google/gemma-4-31B-it,81b32bcdea525fe7bd1ebbb0d3c3fd4f4427580e49bd6d51ce264995eaac6271,ec9f25e6b68d12ca6182161cdc389e0da99a8cff29c47b015f1d07a6633e4cf0,consensus_benchmark_exact_v1,prompt_compiler_v2_split_g_f,949235739,pending,Q001,"{""Q001"": ""consensus_estimate_human_primary_cause""}",consensus_exact_step3,c444a6eac0c7b6cd317bc71d70e09e8e9d8b0a57308ceb8b4c11921129cc5ae1
G|LP0526|ConsensusExact|step3|attempt_1,G-29b163a89e92fe426318db770c0c25d868afce6d,G,target,LP0526,Consensus,consensus_exact_step3_estimate,1,google/gemma-4-31B-it,2224689d58a8b61c949863599cadbd7dbd12835db0f06b121e86cf680cd6de35,ec9f25e6b68d12ca6182161cdc389e0da99a8cff29c47b015f1d07a6633e4cf0,consensus_benchmark_exact_v1,prompt_compiler_v2_split_g_f,1911932307,pending,Q001,"{""Q001"": ""consensus_estimate_human_primary_cause""}",consensus_exact_step3,c444a6eac0c7b6cd317bc71d70e09e8e9d8b0a57308ceb8b4c11921129cc5ae1
G|LP0527|ConsensusExact|step3|attempt_1,G-41b86cd3e2cf93c66b50aa90d0e1b9d9ee54a6a4,G,target,LP0527,Consensus,consensus_exact_step3_estimate,1,google/gemma-4-31B-it,6a64b961c5f6a8b3b47be6aacd7a3d450abb449dcd99ff8a9d1005f7898a0cff,ec9f25e6b68d12ca6182161cdc389e0da99a8cff29c47b015f1d07a6633e4cf0,consensus_benchmark_exact_v1,prompt_compiler_v2_split_g_f,1715498350,pending,Q001,"{""Q001"": ""consensus_estimate_co2_warms_planet""}",consensus_exact_step3,c444a6eac0c7b6cd317bc71d70e09e8e9d8b0a57308ceb8b4c11921129cc5ae1
G|LP0528|ConsensusExact|step3|attempt_1,G-19a9c7f61e9c77d29cd3bc688fa6df0e0b2b5143,G,target,LP0528,Consensus,consensus_exact_step3_estimate,1,google/gemma-4-31B-it,02460d6cbde25a14f2e487193082632cd8887d7c5770d8f860eb8c7a8153da56,ec9f25e6b68d12ca6182161cdc389e0da99a8cff29c47b015f1d07a6633e4cf0,consensus_benchmark_exact_v1,prompt_compiler_v2_split_g_f,1374685118,pending,Q001,"{""Q001"": ""consensus_estimate_co2_warms_planet""}",consensus_exact_step3,c444a6eac0c7b6cd317bc71d70e09e8e9d8b0a57308ceb8b4c11921129cc5ae1
G|LP0529|ConsensusExact|step3|attempt_1,G-83341c115582c74a36a084c4239454551fba68c3,G,target,LP0529,Consensus,consensus_exact_step3_estimate,1,google/gemma-4-31B-it,7ee07fa7e7a3b4028c8c8c088b5e9a63e0a569880e592f451432c8679781c7a5,ec9f25e6b68d12ca6182161cdc389e0da99a8cff29c47b015f1d07a6633e4cf0,consensus_benchmark_exact_v1,prompt_compiler_v2_split_g_f,1542127470,pending,Q001,"{""Q001"": ""consensus_estimate_co2_warms_planet""}",consensus_exact_step3,c444a6eac0c7b6cd317bc71d70e09e8e9d8b0a57308ceb8b4c11921129cc5ae1
G|LP0530|ConsensusExact|step3|attempt_1,G-177a9c5ef11e66aef5788b63c6fabe298b5e4e04,G,target,LP0530,Consensus,consensus_exact_step3_estimate,1,google/gemma-4-31B-it,8312f3fc450a47009ce003da9729da30d4891699dc304f58e664c3870a4eab6e,ec9f25e6b68d12ca6182161cdc389e0da99a8cff29c47b015f1d07a6633e4cf0,consensus_benchmark_exact_v1,prompt_compiler_v2_split_g_f,538156908,pending,Q001,"{""Q001"": ""consensus_estimate_co2_warms_planet""}",consensus_exact_step3,c444a6eac0c7b6cd317bc71d70e09e8e9d8b0a57308ceb8b4c11921129cc5ae1
G|LP0531|ConsensusExact|step3|attempt_1,G-e5db7add2fb3186bfe14fa158912f935599c5955,G,target,LP0531,Consensus,consensus_exact_step3_estimate,1,google/gemma-4-31B-it,1cfbab8dac03e80b43537d38daac49f7d49de742e9cd8371896f5b0e212cef44,ec9f25e6b68d12ca6182161cdc389e0da99a8cff29c47b015f1d07a6633e4cf0,consensus_benchmark_exact_v1,prompt_compiler_v2_split_g_f,2070548008,pending,Q001,"{""Q001"": ""consensus_estimate_human_primary_cause""}",consensus_exact_step3,c444a6eac0c7b6cd317bc71d70e09e8e9d8b0a57308ceb8b4c11921129cc5ae1
G|LP0532|ConsensusExact|step3|attempt_1,G-75e0498dfcacbf579a5941a5a8eb71d509fe429e,G,target,LP0532,Consensus,consensus_exact_step3_estimate,1,google/gemma-4-31B-it,e43c8f74fb8c10cb95d32c9480551f0d5aeafcaf98d67c3b48f7cbaa1960ec3d,ec9f25e6b68d12ca6182161cdc389e0da99a8cff29c47b015f1d07a6633e4cf0,consensus_benchmark_exact_v1,prompt_compiler_v2_split_g_f,1751994996,pending,Q001,"{""Q001"": ""consensus_estimate_human_primary_cause""}",consensus_exact_step3,c444a6eac0c7b6cd317bc71d70e09e8e9d8b0a57308ceb8b4c11921129cc5ae1
G|LP0533|ConsensusExact|step3|attempt_1,G-0f14f66ca121aca5d181c03ed47e71b0ba589bfb,G,target,LP0533,Consensus,consensus_exact_step3_estimate,1,google/gemma-4-31B-it,42cccaa2c906215fc2307399cb714c32573057265e776f6aaa8ee96c977deae7,ec9f25e6b68d12ca6182161cdc389e0da99a8cff29c47b015f1d07a6633e4cf0,consensus_benchmark_exact_v1,prompt_compiler_v2_split_g_f,1061919102,pending,Q001,"{""Q001"": ""consensus_estimate_co2_warms_planet""}",consensus_exact_step3,c444a6eac0c7b6cd317bc71d70e09e8e9d8b0a57308ceb8b4c11921129cc5ae1
G|LP0534|ConsensusExact|step3|attempt_1,G-6971effc6eaff0e9cec93571fc844b92f5147075,G,target,LP0534,Consensus,consensus_exact_step3_estimate,1,google/gemma-4-31B-it,9735e4b0fc921fe0a8d80d80c09f8e09e81ac31a598e1f77974fedd732e26f05,ec9f25e6b68d12ca6182161cdc389e0da99a8cff29c47b015f1d07a6633e4cf0,consensus_benchmark_exact_v1,prompt_compiler_v2_split_g_f,1100206307,pending,Q001,"{""Q001"": ""consensus_estimate_co2_warms_planet""}",consensus_exact_step3,c444a6eac0c7b6cd317bc71d70e09e8e9d8b0a57308ceb8b4c11921129cc5ae1
G|LP0535|ConsensusExact|step3|attempt_1,G-c01b00a279231e1205a9c6c3199bbb0fd42ceaa0,G,target,LP0535,Consensus,consensus_exact_step3_estimate,1,google/gemma-4-31B-it,4cb177b8410d0c79dd4019e81891c93af58d33519193d4f16c579dd5044e1e27,ec9f25e6b68d12ca6182161cdc389e0da99a8cff29c47b015f1d07a6633e4cf0,consensus_benchmark_exact_v1,prompt_compiler_v2_split_g_f,2035883865,pending,Q001,"{""Q001"": ""consensus_estimate_co2_warms_planet""}",consensus_exact_step3,c444a6eac0c7b6cd317bc71d70e09e8e9d8b0a57308ceb8b4c11921129cc5ae1
G|LP0536|ConsensusExact|step3|attempt_1,G-00333c22de5d155b0f2d27fe85559899224de56e,G,target,LP0536,Consensus,consensus_exact_step3_estimate,1,google/gemma-4-31B-it,3b2ba7e6e87da07c83e49c1e125f99773c5f6aa5a84b283518e30ac3fb49ec17,ec9f25e6b68d12ca6182161cdc389e0da99a8cff29c47b015f1d07a6633e4cf0,consensus_benchmark_exact_v1,prompt_compiler_v2_split_g_f,1589874080,pending,Q001,"{""Q001"": ""consensus_estimate_co2_warms_planet""}",consensus_exact_step3,c444a6eac0c7b6cd317bc71d70e09e8e9d8b0a57308ceb8b4c11921129cc5ae1
G|LP0537|ConsensusExact|step3|attempt_1,G-64bf8709396f765e03c19732435c17de47fc6061,G,target,LP0537,Consensus,consensus_exact_step3_estimate,1,google/gemma-4-31B-it,f1f917048b1daf04fccb7042c1163734dce1e0c398323bc8e773d7f0ed4d18b6,ec9f25e6b68d12ca6182161cdc389e0da99a8cff29c47b015f1d07a6633e4cf0,consensus_benchmark_exact_v1,prompt_compiler_v2_split_g_f,49185906,pending,Q001,"{""Q001"": ""consensus_estimate_human_primary_cause""}",consensus_exact_step3,c444a6eac0c7b6cd317bc71d70e09e8e9d8b0a57308ceb8b4c11921129cc5ae1
G|LP0538|ConsensusExact|step3|attempt_1,G-09d15c2f1dbde80cdcbea201db57ee9a97806d39,G,target,LP0538,Consensus,consensus_exact_step3_estimate,1,google/gemma-4-31B-it,a3dac618376bddb50ae5cb744d80341b1527cd0c1ad580f0f777456d99b8b4db,ec9f25e6b68d12ca6182161cdc389e0da99a8cff29c47b015f1d07a6633e4cf0,consensus_benchmark_exact_v1,prompt_compiler_v2_split_g_f,828416106,pending,Q001,"{""Q001"": ""consensus_estimate_co2_warms_planet""}",consensus_exact_step3,c444a6eac0c7b6cd317bc71d70e09e8e9d8b0a57308ceb8b4c11921129cc5ae1
G|LP0539|ConsensusExact|step3|attempt_1,G-9767922ea22cfd08459348a1e9b989fdd77f7853,G,target,LP0539,Consensus,consensus_exact_step3_estimate,1,google/gemma-4-31B-it,9461bc1744450ff2260e9ffe8859fa7b6405cf6a20fd704e048084926d7692b3,ec9f25e6b68d12ca6182161cdc389e0da99a8cff29c47b015f1d07a6633e4cf0,consensus_benchmark_exact_v1,prompt_compiler_v2_split_g_f,1358700903,pending,Q001,"{""Q001"": ""consensus_estimate_human_primary_cause""}",consensus_exact_step3,c444a6eac0c7b6cd317bc71d70e09e8e9d8b0a57308ceb8b4c11921129cc5ae1
G|LP0540|ConsensusExact|step3|attempt_1,G-0dadc6a9ee17f399c62f3a1f53b648074a7e2f66,G,target,LP0540,Consensus,consensus_exact_step3_estimate,1,google/gemma-4-31B-it,e4b44501a00e03be18ebafafa3c4be4db5f0b8c5b82965369cca891b06c408a8,ec9f25e6b68d12ca6182161cdc389e0da99a8cff29c47b015f1d07a6633e4cf0,consensus_benchmark_exact_v1,prompt_compiler_v2_split_g_f,158564589,pending,Q001,"{""Q001"": ""consensus_estimate_co2_warms_planet""}",consensus_exact_step3,c444a6eac0c7b6cd317bc71d70e09e8e9d8b0a57308ceb8b4c11921129cc5ae1
G|LP0541|ConsensusExact|step3|attempt_1,G-1da5a5b2fa82882b711534974927dc87595acdb5,G,target,LP0541,Consensus,consensus_exact_step3_estimate,1,google/gemma-4-31B-it,35707686584d2cfae4cb028fb15bdef3a7896fa87fcad14f361d60dd255d1aff,ec9f25e6b68d12ca6182161cdc389e0da99a8cff29c47b015f1d07a6633e4cf0,consensus_benchmark_exact_v1,prompt_compiler_v2_split_g_f,902681489,pending,Q001,"{""Q001"": ""consensus_estimate_human_primary_cause""}",consensus_exact_step3,c444a6eac0c7b6cd317bc71d70e09e8e9d8b0a57308ceb8b4c11921129cc5ae1
G|LP0542|ConsensusExact|step3|attempt_1,G-b78a4e718b92d2c31c8eee6e8709da8613a16a66,G,target,LP0542,Consensus,consensus_exact_step3_estimate,1,google/gemma-4-31B-it,ca573441425c5eef602942d306317baff6ba3e2044b6a1c5db1c462469b958d5,ec9f25e6b68d12ca6182161cdc389e0da99a8cff29c47b015f1d07a6633e4cf0,consensus_benchmark_exact_v1,prompt_compiler_v2_split_g_f,2057793448,pending,Q001,"{""Q001"": ""consensus_estimate_human_primary_cause""}",consensus_exact_step3,c444a6eac0c7b6cd317bc71d70e09e8e9d8b0a57308ceb8b4c11921129cc5ae1
G|LP0543|ConsensusExact|step3|attempt_1,G-fe7707f0b7705864d02e91c8e8942b79b4a7744d,G,target,LP0543,Consensus,consensus_exact_step3_estimate,1,google/gemma-4-31B-it,6d76daa1823488eabaf8bf43f407ee1f04692c1a9b199dc4a86d63c05b2b3fcf,ec9f25e6b68d12ca6182161cdc389e0da99a8cff29c47b015f1d07a6633e4cf0,consensus_benchmark_exact_v1,prompt_compiler_v2_split_g_f,878602313,pending,Q001,"{""Q001"": ""consensus_estimate_human_primary_cause""}",consensus_exact_step3,c444a6eac0c7b6cd317bc71d70e09e8e9d8b0a57308ceb8b4c11921129cc5ae1
G|LP0544|ConsensusExact|step3|attempt_1,G-05e3e105024017e3c79c832e563632b3a113e3e5,G,target,LP0544,Consensus,consensus_exact_step3_estimate,1,google/gemma-4-31B-it,a4947d023ed55a05dcf338a5dc231783e1ede431020e927f942e635c59f5af66,ec9f25e6b68d12ca6182161cdc389e0da99a8cff29c47b015f1d07a6633e4cf0,consensus_benchmark_exact_v1,prompt_compiler_v2_split_g_f,235395565,pending,Q001,"{""Q001"": ""consensus_estimate_human_primary_cause""}",consensus_exact_step3,c444a6eac0c7b6cd317bc71d70e09e8e9d8b0a57308ceb8b4c11921129cc5ae1
G|LP0545|ConsensusExact|step3|attempt_1,G-7ecafd91c71ac7c56b3d9d92d00f379a9593f77d,G,target,LP0545,Consensus,consensus_exact_step3_estimate,1,google/gemma-4-31B-it,0dc1d95535161768dd755e41e13cd927ea81781900df00df9b818d5485d9ff9b,ec9f25e6b68d12ca6182161cdc389e0da99a8cff29c47b015f1d07a6633e4cf0,consensus_benchmark_exact_v1,prompt_compiler_v2_split_g_f,1152434922,pending,Q001,"{""Q001"": ""consensus_estimate_co2_warms_planet""}",consensus_exact_step3,c444a6eac0c7b6cd317bc71d70e09e8e9d8b0a57308ceb8b4c11921129cc5ae1
G|LP0546|ConsensusExact|step3|attempt_1,G-c209914d18e324e45cba417e3550a2d2a8a8ec3a,G,target,LP0546,Consensus,consensus_exact_step3_estimate,1,google/gemma-4-31B-it,8dec63d1804560cd33ad1e0d98d881167ea214a876f11d53a98d00f913b0711d,ec9f25e6b68d12ca6182161cdc389e0da99a8cff29c47b015f1d07a6633e4cf0,consensus_benchmark_exact_v1,prompt_compiler_v2_split_g_f,485902209,pending,Q001,"{""Q001"": ""consensus_estimate_co2_warms_planet""}",consensus_exact_step3,c444a6eac0c7b6cd317bc71d70e09e8e9d8b0a57308ceb8b4c11921129cc5ae1
G|LP0547|ConsensusExact|step3|attempt_1,G-4f59a836a22535f5d3cf2e64aebc5bc18af170d3,G,target,LP0547,Consensus,consensus_exact_step3_estimate,1,google/gemma-4-31B-it,0e9435231408f1e0be1bfbe552d0caaa0aeb5f9230de3c0c4531902ad28b5913,ec9f25e6b68d12ca6182161cdc389e0da99a8cff29c47b015f1d07a6633e4cf0,consensus_benchmark_exact_v1,prompt_compiler_v2_split_g_f,1087932003,pending,Q001,"{""Q001"": ""consensus_estimate_co2_warms_planet""}",consensus_exact_step3,c444a6eac0c7b6cd317bc71d70e09e8e9d8b0a57308ceb8b4c11921129cc5ae1
G|LP0548|ConsensusExact|step3|attempt_1,G-6f3454d7b737d73403c04409c08e9329f603ff76,G,target,LP0548,Consensus,consensus_exact_step3_estimate,1,google/gemma-4-31B-it,f33ecff41b0e87ae3d8f2b03b34be56338d4bf8dd7ba3f0714cbcc2ac40f2417,ec9f25e6b68d12ca6182161cdc389e0da99a8cff29c47b015f1d07a6633e4cf0,consensus_benchmark_exact_v1,prompt_compiler_v2_split_g_f,362840293,pending,Q001,"{""Q001"": ""consensus_estimate_co2_warms_planet""}",consensus_exact_step3,c444a6eac0c7b6cd317bc71d70e09e8e9d8b0a57308ceb8b4c11921129cc5ae1
G|LP0549|ConsensusExact|step3|attempt_1,G-daae809e6cd2f88d5fda2a4749fb0865c3adedd7,G,target,LP0549,Consensus,consensus_exact_step3_estimate,1,google/gemma-4-31B-it,c8e184742ed7ed10122d477b9ea4606446b18e4468237d8a0911ad56148319a9,ec9f25e6b68d12ca6182161cdc389e0da99a8cff29c47b015f1d07a6633e4cf0,consensus_benchmark_exact_v1,prompt_compiler_v2_split_g_f,573569485,pending,Q001,"{""Q001"": ""consensus_estimate_human_primary_cause""}",consensus_exact_step3,c444a6eac0c7b6cd317bc71d70e09e8e9d8b0a57308ceb8b4c11921129cc5ae1
G|LP0550|ConsensusExact|step3|attempt_1,G-54e6c9a160ae7288a0b934bac6a68eeb57d6407a,G,target,LP0550,Consensus,consensus_exact_step3_estimate,1,google/gemma-4-31B-it,d95a5c5987cef3bbc6aa8b675a541b0cc5da84d86891eae6f8e9825de857584c,ec9f25e6b68d12ca6182161cdc389e0da99a8cff29c47b015f1d07a6633e4cf0,consensus_benchmark_exact_v1,prompt_compiler_v2_split_g_f,175900108,pending,Q001,"{""Q001"": ""consensus_estimate_human_primary_cause""}",consensus_exact_step3,c444a6eac0c7b6cd317bc71d70e09e8e9d8b0a57308ceb8b4c11921129cc5ae1
G|LP0551|ConsensusExact|step3|attempt_1,G-052577a44400171d4c37c623a1356f7fa3d02a12,G,target,LP0551,Consensus,consensus_exact_step3_estimate,1,google/gemma-4-31B-it,0d74b6e6c2edbf585b7f5d225c201edc71b71cd4a0c4e5ff2f47d0c97d8be69e,ec9f25e6b68d12ca6182161cdc389e0da99a8cff29c47b015f1d07a6633e4cf0,consensus_benchmark_exact_v1,prompt_compiler_v2_split_g_f,1313539685,pending,Q001,"{""Q001"": ""consensus_estimate_human_primary_cause""}",consensus_exact_step3,c444a6eac0c7b6cd317bc71d70e09e8e9d8b0a57308ceb8b4c11921129cc5ae1
G|LP0552|ConsensusExact|step3|attempt_1,G-4d14efffb1a5f17f5e5cb2800888f9ffb0f351f9,G,target,LP0552,Consensus,consensus_exact_step3_estimate,1,google/gemma-4-31B-it,757bcb6a9a237d2836a65e5a7eca1f9db9b242999ecc7b9285f1028d06394467,ec9f25e6b68d12ca6182161cdc389e0da99a8cff29c47b015f1d07a6633e4cf0,consensus_benchmark_exact_v1,prompt_compiler_v2_split_g_f,1271910783,pending,Q001,"{""Q001"": ""consensus_estimate_human_primary_cause""}",consensus_exact_step3,c444a6eac0c7b6cd317bc71d70e09e8e9d8b0a57308ceb8b4c11921129cc5ae1
G|LP0553|ConsensusExact|step3|attempt_1,G-d40338ff55e42b851bad940a51c3788f741eded9,G,target,LP0553,Consensus,consensus_exact_step3_estimate,1,google/gemma-4-31B-it,d04e5b323f12486c70d55a07ecddc211fd41e99d44b2eb95d1f33708ada0c720,ec9f25e6b68d12ca6182161cdc389e0da99a8cff29c47b015f1d07a6633e4cf0,consensus_benchmark_exact_v1,prompt_compiler_v2_split_g_f,2112527750,pending,Q001,"{""Q001"": ""consensus_estimate_co2_warms_planet""}",consensus_exact_step3,c444a6eac0c7b6cd317bc71d70e09e8e9d8b0a57308ceb8b4c11921129cc5ae1
G|LP0554|ConsensusExact|step3|attempt_1,G-7a41677314917713e6d359b3cb7e4fc7dae26e14,G,target,LP0554,Consensus,consensus_exact_step3_estimate,1,google/gemma-4-31B-it,c236547b4aae2fd4e16aea906ba0032200a461d0675b4688eefd2ebd00fd8691,ec9f25e6b68d12ca6182161cdc389e0da99a8cff29c47b015f1d07a6633e4cf0,consensus_benchmark_exact_v1,prompt_compiler_v2_split_g_f,152323579,pending,Q001,"{""Q001"": ""consensus_estimate_co2_warms_planet""}",consensus_exact_step3,c444a6eac0c7b6cd317bc71d70e09e8e9d8b0a57308ceb8b4c11921129cc5ae1
G|LP0555|ConsensusExact|step3|attempt_1,G-079a0e0768251932ab2ef1ebe41f103ca4b723f6,G,target,LP0555,Consensus,consensus_exact_step3_estimate,1,google/gemma-4-31B-it,6c8d29195a2f76df1cc6eaa48bd603e5e27f053faa6273f081e7d9a70770f0e4,ec9f25e6b68d12ca6182161cdc389e0da99a8cff29c47b015f1d07a6633e4cf0,consensus_benchmark_exact_v1,prompt_compiler_v2_split_g_f,2002335040,pending,Q001,"{""Q001"": ""consensus_estimate_co2_warms_planet""}",consensus_exact_step3,c444a6eac0c7b6cd317bc71d70e09e8e9d8b0a57308ceb8b4c11921129cc5ae1
G|LP0556|ConsensusExact|step3|attempt_1,G-556878e8ba41b206ee10bc3221599de486773cec,G,target,LP0556,Consensus,consensus_exact_step3_estimate,1,google/gemma-4-31B-it,7372dc643abd169cf6fc5c6d6e379f5b19d52a45e19de266bb0cffdee47c999e,ec9f25e6b68d12ca6182161cdc389e0da99a8cff29c47b015f1d07a6633e4cf0,consensus_benchmark_exact_v1,prompt_compiler_v2_split_g_f,1695720408,pending,Q001,"{""Q001"": ""consensus_estimate_co2_warms_planet""}",consensus_exact_step3,c444a6eac0c7b6cd317bc71d70e09e8e9d8b0a57308ceb8b4c11921129cc5ae1
G|LP0557|ConsensusExact|step3|attempt_1,G-9fd2dc51b83833a166e1bc692d026c343b6b2d6b,G,target,LP0557,Consensus,consensus_exact_step3_estimate,1,google/gemma-4-31B-it,1fa137eea82fd05483c165ab3357f1c709d77a5c280c7989931130edfaa09ea5,ec9f25e6b68d12ca6182161cdc389e0da99a8cff29c47b015f1d07a6633e4cf0,consensus_benchmark_exact_v1,prompt_compiler_v2_split_g_f,2011032646,pending,Q001,"{""Q001"": ""consensus_estimate_human_primary_cause""}",consensus_exact_step3,c444a6eac0c7b6cd317bc71d70e09e8e9d8b0a57308ceb8b4c11921129cc5ae1
G|LP0558|ConsensusExact|step3|attempt_1,G-3c246f69709dd551698e89818111eba75b82081f,G,target,LP0558,Consensus,consensus_exact_step3_estimate,1,google/gemma-4-31B-it,5fc9d39a7342b8b11fb8df0acac121dd238997fb7054f391f4c6de16890d8a36,ec9f25e6b68d12ca6182161cdc389e0da99a8cff29c47b015f1d07a6633e4cf0,consensus_benchmark_exact_v1,prompt_compiler_v2_split_g_f,1759949860,pending,Q001,"{""Q001"": ""consensus_estimate_human_primary_cause""}",consensus_exact_step3,c444a6eac0c7b6cd317bc71d70e09e8e9d8b0a57308ceb8b4c11921129cc5ae1
G|LP0559|ConsensusExact|step3|attempt_1,G-224cf8d70854bbbce976d133bee2d878580ef67d,G,target,LP0559,Consensus,consensus_exact_step3_estimate,1,google/gemma-4-31B-it,8f45e0aaf03c910fbb4481113857f714a3afde4d084a4c19ff34e3ec98a50794,ec9f25e6b68d12ca6182161cdc389e0da99a8cff29c47b015f1d07a6633e4cf0,consensus_benchmark_exact_v1,prompt_compiler_v2_split_g_f,1290710378,pending,Q001,"{""Q001"": ""consensus_estimate_co2_warms_planet""}",consensus_exact_step3,c444a6eac0c7b6cd317bc71d70e09e8e9d8b0a57308ceb8b4c11921129cc5ae1
G|LP0560|ConsensusExact|step3|attempt_1,G-acdf34ff75559dc2dff5b7c2fcc8e4b69c1e44d2,G,target,LP0560,Consensus,consensus_exact_step3_estimate,1,google/gemma-4-31B-it,09a69d2f413bf7d17167dc2034dde7d4bd74f5e30a6aa3ca74d2a0ae20c8e858,ec9f25e6b68d12ca6182161cdc389e0da99a8cff29c47b015f1d07a6633e4cf0,consensus_benchmark_exact_v1,prompt_compiler_v2_split_g_f,1326712771,pending,Q001,"{""Q001"": ""consensus_estimate_co2_warms_planet""}",consensus_exact_step3,c444a6eac0c7b6cd317bc71d70e09e8e9d8b0a57308ceb8b4c11921129cc5ae1
G|LP0561|ConsensusExact|step3|attempt_1,G-e4b9cba14312b3ea829b98c9d484123a244ba8ab,G,target,LP0561,Consensus,consensus_exact_step3_estimate,1,google/gemma-4-31B-it,fde8696c8e00e2962cacfba040fa9f76fd3ab3982b3e171f00022825fbb4f117,ec9f25e6b68d12ca6182161cdc389e0da99a8cff29c47b015f1d07a6633e4cf0,consensus_benchmark_exact_v1,prompt_compiler_v2_split_g_f,210127664,pending,Q001,"{""Q001"": ""consensus_estimate_co2_warms_planet""}",consensus_exact_step3,c444a6eac0c7b6cd317bc71d70e09e8e9d8b0a57308ceb8b4c11921129cc5ae1
G|LP0562|ConsensusExact|step3|attempt_1,G-c66696fc2bd2842d16521c77afeecf6f5ebe552d,G,target,LP0562,Consensus,consensus_exact_step3_estimate,1,google/gemma-4-31B-it,eea841eeaa19c98104d11ee23660fc0b6c68383760d2a953b509de3301328cd6,ec9f25e6b68d12ca6182161cdc389e0da99a8cff29c47b015f1d07a6633e4cf0,consensus_benchmark_exact_v1,prompt_compiler_v2_split_g_f,949989928,pending,Q001,"{""Q001"": ""consensus_estimate_human_primary_cause""}",consensus_exact_step3,c444a6eac0c7b6cd317bc71d70e09e8e9d8b0a57308ceb8b4c11921129cc5ae1
G|LP0563|ConsensusExact|step3|attempt_1,G-e1700e942439f1b18ca65ceffa2d91d844d6425c,G,target,LP0563,Consensus,consensus_exact_step3_estimate,1,google/gemma-4-31B-it,2536bd88eef24dea7211680f4e161df0a284e0dc9b263b4e146f022797d030db,ec9f25e6b68d12ca6182161cdc389e0da99a8cff29c47b015f1d07a6633e4cf0,consensus_benchmark_exact_v1,prompt_compiler_v2_split_g_f,1729760988,pending,Q001,"{""Q001"": ""consensus_estimate_human_primary_cause""}",consensus_exact_step3,c444a6eac0c7b6cd317bc71d70e09e8e9d8b0a57308ceb8b4c11921129cc5ae1
G|LP0564|ConsensusExact|step3|attempt_1,G-5bb9dbe5c7bc315c3a2bfa2f16cf11b4bef048f6,G,target,LP0564,Consensus,consensus_exact_step3_estimate,1,google/gemma-4-31B-it,89ebd06cc4ba419976b6356ebb8d09919ce32336161e311085645d5d81de2ede,ec9f25e6b68d12ca6182161cdc389e0da99a8cff29c47b015f1d07a6633e4cf0,consensus_benchmark_exact_v1,prompt_compiler_v2_split_g_f,2133846312,pending,Q001,"{""Q001"": ""consensus_estimate_co2_warms_planet""}",consensus_exact_step3,c444a6eac0c7b6cd317bc71d70e09e8e9d8b0a57308ceb8b4c11921129cc5ae1
G|LP0565|ConsensusExact|step3|attempt_1,G-69efa10d2a212744ab9a39e3c94237a8694a5eb7,G,target,LP0565,Consensus,consensus_exact_step3_estimate,1,google/gemma-4-31B-it,ace61d035f27142cfdb72918e9a3224637afbb59fd51cd3391e78af24a9cee34,ec9f25e6b68d12ca6182161cdc389e0da99a8cff29c47b015f1d07a6633e4cf0,consensus_benchmark_exact_v1,prompt_compiler_v2_split_g_f,2113956191,pending,Q001,"{""Q001"": ""consensus_estimate_co2_warms_planet""}",consensus_exact_step3,c444a6eac0c7b6cd317bc71d70e09e8e9d8b0a57308ceb8b4c11921129cc5ae1
G|LP0566|ConsensusExact|step3|attempt_1,G-da9338d873a79dc0763f80cb304d1493931d5e42,G,target,LP0566,Consensus,consensus_exact_step3_estimate,1,google/gemma-4-31B-it,abf4ac43494fc02cbaadca918dd4276161d71a3ff0a25df1969576535cf7e5bd,ec9f25e6b68d12ca6182161cdc389e0da99a8cff29c47b015f1d07a6633e4cf0,consensus_benchmark_exact_v1,prompt_compiler_v2_split_g_f,684593012,pending,Q001,"{""Q001"": ""consensus_estimate_human_primary_cause""}",consensus_exact_step3,c444a6eac0c7b6cd317bc71d70e09e8e9d8b0a57308ceb8b4c11921129cc5ae1
G|LP0567|ConsensusExact|step3|attempt_1,G-58d62a707a40178a46e265f459e2f93c7c73cccd,G,target,LP0567,Consensus,consensus_exact_step3_estimate,1,google/gemma-4-31B-it,836437ddfb99af876bde462051acb23d32293d1f7ec06144fb3b0f9b65f50f17,ec9f25e6b68d12ca6182161cdc389e0da99a8cff29c47b015f1d07a6633e4cf0,consensus_benchmark_exact_v1,prompt_compiler_v2_split_g_f,736914540,pending,Q001,"{""Q001"": ""consensus_estimate_human_primary_cause""}",consensus_exact_step3,c444a6eac0c7b6cd317bc71d70e09e8e9d8b0a57308ceb8b4c11921129cc5ae1
G|LP0568|ConsensusExact|step3|attempt_1,G-ee80ba38715679fc085fefdce7f39a7218f26da7,G,target,LP0568,Consensus,consensus_exact_step3_estimate,1,google/gemma-4-31B-it,9f9e061089e8617cfe714b740346ede1a0360072f8433c22cc6c80566affa3a7,ec9f25e6b68d12ca6182161cdc389e0da99a8cff29c47b015f1d07a6633e4cf0,consensus_benchmark_exact_v1,prompt_compiler_v2_split_g_f,1314385520,pending,Q001,"{""Q001"": ""consensus_estimate_co2_warms_planet""}",consensus_exact_step3,c444a6eac0c7b6cd317bc71d70e09e8e9d8b0a57308ceb8b4c11921129cc5ae1
G|LP0569|ConsensusExact|step3|attempt_1,G-53c837e259b49479d0799981fc95e219d1f99864,G,target,LP0569,Consensus,consensus_exact_step3_estimate,1,google/gemma-4-31B-it,90e6949b9531809374d3e47f27776c1ffcec49394b69a26459fc86d69d2a6315,ec9f25e6b68d12ca6182161cdc389e0da99a8cff29c47b015f1d07a6633e4cf0,consensus_benchmark_exact_v1,prompt_compiler_v2_split_g_f,21300287,pending,Q001,"{""Q001"": ""consensus_estimate_human_primary_cause""}",consensus_exact_step3,c444a6eac0c7b6cd317bc71d70e09e8e9d8b0a57308ceb8b4c11921129cc5ae1
G|LP0570|ConsensusExact|step3|attempt_1,G-b0d46a62077ee44d0cd6efcd01f4dd202fbb882b,G,target,LP0570,Consensus,consensus_exact_step3_estimate,1,google/gemma-4-31B-it,d45f1d2b6264bbe95cf73173ee676b1a136b8413311574296d3ddecf927264d7,ec9f25e6b68d12ca6182161cdc389e0da99a8cff29c47b015f1d07a6633e4cf0,consensus_benchmark_exact_v1,prompt_compiler_v2_split_g_f,1764210963,pending,Q001,"{""Q001"": ""consensus_estimate_co2_warms_planet""}",consensus_exact_step3,c444a6eac0c7b6cd317bc71d70e09e8e9d8b0a57308ceb8b4c11921129cc5ae1
G|LP0571|ConsensusExact|step3|attempt_1,G-52366fbadd4dbf813c7c7a5e57611396f58e897b,G,target,LP0571,Consensus,consensus_exact_step3_estimate,1,google/gemma-4-31B-it,aeca771d2cdd6f3ecd7c8e4e81615d8fa3c1c1eb9500e215f6ab987e9b05300a,ec9f25e6b68d12ca6182161cdc389e0da99a8cff29c47b015f1d07a6633e4cf0,consensus_benchmark_exact_v1,prompt_compiler_v2_split_g_f,29007608,pending,Q001,"{""Q001"": ""consensus_estimate_human_primary_cause""}",consensus_exact_step3,c444a6eac0c7b6cd317bc71d70e09e8e9d8b0a57308ceb8b4c11921129cc5ae1
G|LP0572|ConsensusExact|step3|attempt_1,G-7acd0c9338997380f4ff535a514b5a8124cbb416,G,target,LP0572,Consensus,consensus_exact_step3_estimate,1,google/gemma-4-31B-it,ec43672429105e5e6b339fc9301994909f961f2579384bc8b3f89e7e279b26ab,ec9f25e6b68d12ca6182161cdc389e0da99a8cff29c47b015f1d07a6633e4cf0,consensus_benchmark_exact_v1,prompt_compiler_v2_split_g_f,775130280,pending,Q001,"{""Q001"": ""consensus_estimate_co2_warms_planet""}",consensus_exact_step3,c444a6eac0c7b6cd317bc71d70e09e8e9d8b0a57308ceb8b4c11921129cc5ae1
G|LP0573|ConsensusExact|step3|attempt_1,G-90798d958df331eb380d88a1bfc7e950eafef71a,G,target,LP0573,Consensus,consensus_exact_step3_estimate,1,google/gemma-4-31B-it,6988e6ceba8eb8496d7e007c575710dbe2b8514c943f0a7f3c7070a84345b6b3,ec9f25e6b68d12ca6182161cdc389e0da99a8cff29c47b015f1d07a6633e4cf0,consensus_benchmark_exact_v1,prompt_compiler_v2_split_g_f,786844952,pending,Q001,"{""Q001"": ""consensus_estimate_co2_warms_planet""}",consensus_exact_step3,c444a6eac0c7b6cd317bc71d70e09e8e9d8b0a57308ceb8b4c11921129cc5ae1
G|LP0574|ConsensusExact|step3|attempt_1,G-d5ef2865e245948b04f8af09d6d2423fda715f24,G,target,LP0574,Consensus,consensus_exact_step3_estimate,1,google/gemma-4-31B-it,b557fa87518b32d8aa5b3db955594048971cc90ff09d962a30b9ddf655cb8aa9,ec9f25e6b68d12ca6182161cdc389e0da99a8cff29c47b015f1d07a6633e4cf0,consensus_benchmark_exact_v1,prompt_compiler_v2_split_g_f,237233498,pending,Q001,"{""Q001"": ""consensus_estimate_co2_warms_planet""}",consensus_exact_step3,c444a6eac0c7b6cd317bc71d70e09e8e9d8b0a57308ceb8b4c11921129cc5ae1
G|LP0575|ConsensusExact|step3|attempt_1,G-814beb9e0c3b8a3ffad622cab69a6f43015cab20,G,target,LP0575,Consensus,consensus_exact_step3_estimate,1,google/gemma-4-31B-it,dc142e7c80a8975d40a02d1445abb50fab3ddeb391075fb4a5a05d8c79ae1cc4,ec9f25e6b68d12ca6182161cdc389e0da99a8cff29c47b015f1d07a6633e4cf0,consensus_benchmark_exact_v1,prompt_compiler_v2_split_g_f,248734077,pending,Q001,"{""Q001"": ""consensus_estimate_human_primary_cause""}",consensus_exact_step3,c444a6eac0c7b6cd317bc71d70e09e8e9d8b0a57308ceb8b4c11921129cc5ae1
G|LP0576|ConsensusExact|step3|attempt_1,G-aca6a30ae77198c52d2a61c6836dede769a379e2,G,target,LP0576,Consensus,consensus_exact_step3_estimate,1,google/gemma-4-31B-it,7ba781bfc018bcd218b216d13daf87e7c0a978dab69270c47ff3741240d05ff1,ec9f25e6b68d12ca6182161cdc389e0da99a8cff29c47b015f1d07a6633e4cf0,consensus_benchmark_exact_v1,prompt_compiler_v2_split_g_f,1086250717,pending,Q001,"{""Q001"": ""consensus_estimate_co2_warms_planet""}",consensus_exact_step3,c444a6eac0c7b6cd317bc71d70e09e8e9d8b0a57308ceb8b4c11921129cc5ae1
G|LP0577|ConsensusExact|step3|attempt_1,G-e5caefe14516e270f42c60e06c0a68b21528b2e7,G,target,LP0577,Consensus,consensus_exact_step3_estimate,1,google/gemma-4-31B-it,cb0982c3440995602f6e0a91039486843ddfa7a5ff71b8b1db4499c5f9b1599d,ec9f25e6b68d12ca6182161cdc389e0da99a8cff29c47b015f1d07a6633e4cf0,consensus_benchmark_exact_v1,prompt_compiler_v2_split_g_f,279757366,pending,Q001,"{""Q001"": ""consensus_estimate_co2_warms_planet""}",consensus_exact_step3,c444a6eac0c7b6cd317bc71d70e09e8e9d8b0a57308ceb8b4c11921129cc5ae1
G|LP0578|ConsensusExact|step3|attempt_1,G-b4e908215710f215a5c9ab4b8e7b29d9202f9e03,G,target,LP0578,Consensus,consensus_exact_step3_estimate,1,google/gemma-4-31B-it,1132d9e4297165c865f6fa3200f13ee05135a3278215616264c396cfeeacdf5c,ec9f25e6b68d12ca6182161cdc389e0da99a8cff29c47b015f1d07a6633e4cf0,consensus_benchmark_exact_v1,prompt_compiler_v2_split_g_f,1088619098,pending,Q001,"{""Q001"": ""consensus_estimate_human_primary_cause""}",consensus_exact_step3,c444a6eac0c7b6cd317bc71d70e09e8e9d8b0a57308ceb8b4c11921129cc5ae1
G|LP0579|ConsensusExact|step3|attempt_1,G-71caf90a889a2cb60593cf1cdd30943f257281f9,G,target,LP0579,Consensus,consensus_exact_step3_estimate,1,google/gemma-4-31B-it,9f2ed7167b431d63672f34148b5b7a0737e8cf5c16558a9a65aeca7b6cbff0e5,ec9f25e6b68d12ca6182161cdc389e0da99a8cff29c47b015f1d07a6633e4cf0,consensus_benchmark_exact_v1,prompt_compiler_v2_split_g_f,1815092940,pending,Q001,"{""Q001"": ""consensus_estimate_human_primary_cause""}",consensus_exact_step3,c444a6eac0c7b6cd317bc71d70e09e8e9d8b0a57308ceb8b4c11921129cc5ae1
G|LP0580|ConsensusExact|step3|attempt_1,G-2df02c49051d98f012c222f0408345232ed3d6b9,G,target,LP0580,Consensus,consensus_exact_step3_estimate,1,google/gemma-4-31B-it,7d4fe7790a2c272fc7ff30daef8d70f497b96fbe3c3e29c77fcdc1a0e788ec70,ec9f25e6b68d12ca6182161cdc389e0da99a8cff29c47b015f1d07a6633e4cf0,consensus_benchmark_exact_v1,prompt_compiler_v2_split_g_f,1627255170,pending,Q001,"{""Q001"": ""consensus_estimate_co2_warms_planet""}",consensus_exact_step3,c444a6eac0c7b6cd317bc71d70e09e8e9d8b0a57308ceb8b4c11921129cc5ae1
G|LP0581|ConsensusExact|step3|attempt_1,G-c3571076810a5ad7de852c2bd7d04a7554e5fe88,G,target,LP0581,Consensus,consensus_exact_step3_estimate,1,google/gemma-4-31B-it,c2a718722e130fc51f014057c1e645f574af8e82262657723c5b1ed494d7fddc,ec9f25e6b68d12ca6182161cdc389e0da99a8cff29c47b015f1d07a6633e4cf0,consensus_benchmark_exact_v1,prompt_compiler_v2_split_g_f,129530823,pending,Q001,"{""Q001"": ""consensus_estimate_human_primary_cause""}",consensus_exact_step3,c444a6eac0c7b6cd317bc71d70e09e8e9d8b0a57308ceb8b4c11921129cc5ae1
G|LP0582|ConsensusExact|step3|attempt_1,G-f323ce2fa1f62adc25b14b0c5514ed0d81882576,G,target,LP0582,Consensus,consensus_exact_step3_estimate,1,google/gemma-4-31B-it,5f1fc133e129b329be0f37f8f269431d8aec640e1cc2c598d5c08ec1e9e4da2d,ec9f25e6b68d12ca6182161cdc389e0da99a8cff29c47b015f1d07a6633e4cf0,consensus_benchmark_exact_v1,prompt_compiler_v2_split_g_f,138266431,pending,Q001,"{""Q001"": ""consensus_estimate_human_primary_cause""}",consensus_exact_step3,c444a6eac0c7b6cd317bc71d70e09e8e9d8b0a57308ceb8b4c11921129cc5ae1
G|LP0583|ConsensusExact|step3|attempt_1,G-95664227b3ca26c95fa225864da33dbc65e9d6bb,G,target,LP0583,Consensus,consensus_exact_step3_estimate,1,google/gemma-4-31B-it,dc886db46b428e8bf6e690b14871b2a895ccdb1dc6bda902e67f9cd81ce26835,ec9f25e6b68d12ca6182161cdc389e0da99a8cff29c47b015f1d07a6633e4cf0,consensus_benchmark_exact_v1,prompt_compiler_v2_split_g_f,1586932506,pending,Q001,"{""Q001"": ""consensus_estimate_co2_warms_planet""}",consensus_exact_step3,c444a6eac0c7b6cd317bc71d70e09e8e9d8b0a57308ceb8b4c11921129cc5ae1
G|LP0584|ConsensusExact|step3|attempt_1,G-3439c238c9c1743a5e8418b8dc7bdf90d2ea86b4,G,target,LP0584,Consensus,consensus_exact_step3_estimate,1,google/gemma-4-31B-it,108e70366ba1d4be15b153982225a87af11eee25cd0b2e583d242ecfebf83fcf,ec9f25e6b68d12ca6182161cdc389e0da99a8cff29c47b015f1d07a6633e4cf0,consensus_benchmark_exact_v1,prompt_compiler_v2_split_g_f,842332332,pending,Q001,"{""Q001"": ""consensus_estimate_human_primary_cause""}",consensus_exact_step3,c444a6eac0c7b6cd317bc71d70e09e8e9d8b0a57308ceb8b4c11921129cc5ae1
G|LP0585|ConsensusExact|step3|attempt_1,G-2a6a2c6db4ad18c594ab91472f80845c750e142e,G,target,LP0585,Consensus,consensus_exact_step3_estimate,1,google/gemma-4-31B-it,78058c8577acf0bac5d54347c5778c8205f4071b2ae13e66de977cb3a800cdf3,ec9f25e6b68d12ca6182161cdc389e0da99a8cff29c47b015f1d07a6633e4cf0,consensus_benchmark_exact_v1,prompt_compiler_v2_split_g_f,159478177,pending,Q001,"{""Q001"": ""consensus_estimate_human_primary_cause""}",consensus_exact_step3,c444a6eac0c7b6cd317bc71d70e09e8e9d8b0a57308ceb8b4c11921129cc5ae1
G|LP0586|ConsensusExact|step3|attempt_1,G-b8b2282bc104151778cd8298786506ce9b452451,G,target,LP0586,Consensus,consensus_exact_step3_estimate,1,google/gemma-4-31B-it,4287dce19181460424145092c3e8161a1b1020983ce4cb444c922768080242f5,ec9f25e6b68d12ca6182161cdc389e0da99a8cff29c47b015f1d07a6633e4cf0,consensus_benchmark_exact_v1,prompt_compiler_v2_split_g_f,845702513,pending,Q001,"{""Q001"": ""consensus_estimate_human_primary_cause""}",consensus_exact_step3,c444a6eac0c7b6cd317bc71d70e09e8e9d8b0a57308ceb8b4c11921129cc5ae1
G|LP0587|ConsensusExact|step3|attempt_1,G-d620aff3f65e01dacf43bf6e2bcc486a7bbc76db,G,target,LP0587,Consensus,consensus_exact_step3_estimate,1,google/gemma-4-31B-it,5afa22cba4cd9a5dd6b46d44cda813361dfc62bed6e0356d198178efcd2027a1,ec9f25e6b68d12ca6182161cdc389e0da99a8cff29c47b015f1d07a6633e4cf0,consensus_benchmark_exact_v1,prompt_compiler_v2_split_g_f,580870597,pending,Q001,"{""Q001"": ""consensus_estimate_human_primary_cause""}",consensus_exact_step3,c444a6eac0c7b6cd317bc71d70e09e8e9d8b0a57308ceb8b4c11921129cc5ae1
G|LP0588|ConsensusExact|step3|attempt_1,G-e05a4708288c461d0f77049a9a3695443ec11eb2,G,target,LP0588,Consensus,consensus_exact_step3_estimate,1,google/gemma-4-31B-it,2aa8de415984317aa6ed935fcfccd9e81dd20e0363d3c81b0ae8aa3719cf6f48,ec9f25e6b68d12ca6182161cdc389e0da99a8cff29c47b015f1d07a6633e4cf0,consensus_benchmark_exact_v1,prompt_compiler_v2_split_g_f,1765856304,pending,Q001,"{""Q001"": ""consensus_estimate_co2_warms_planet""}",consensus_exact_step3,c444a6eac0c7b6cd317bc71d70e09e8e9d8b0a57308ceb8b4c11921129cc5ae1
G|LP0589|ConsensusExact|step3|attempt_1,G-502b165a52783da4f867567d9f87d90b8783e2c0,G,target,LP0589,Consensus,consensus_exact_step3_estimate,1,google/gemma-4-31B-it,2bedc0f96db0776676072199a18946a85fc8d22dc876c60be5045e621b84676d,ec9f25e6b68d12ca6182161cdc389e0da99a8cff29c47b015f1d07a6633e4cf0,consensus_benchmark_exact_v1,prompt_compiler_v2_split_g_f,1926130265,pending,Q001,"{""Q001"": ""consensus_estimate_co2_warms_planet""}",consensus_exact_step3,c444a6eac0c7b6cd317bc71d70e09e8e9d8b0a57308ceb8b4c11921129cc5ae1
G|LP0590|ConsensusExact|step3|attempt_1,G-9492ba1c4dc45dad565148dc9aed9473bb5b0a4d,G,target,LP0590,Consensus,consensus_exact_step3_estimate,1,google/gemma-4-31B-it,73d12d45f61067de86a02e9f57c8ac3c410b44574935b2fc1e299daa23dc211d,ec9f25e6b68d12ca6182161cdc389e0da99a8cff29c47b015f1d07a6633e4cf0,consensus_benchmark_exact_v1,prompt_compiler_v2_split_g_f,1995035111,pending,Q001,"{""Q001"": ""consensus_estimate_human_primary_cause""}",consensus_exact_step3,c444a6eac0c7b6cd317bc71d70e09e8e9d8b0a57308ceb8b4c11921129cc5ae1
G|LP0591|ConsensusExact|step3|attempt_1,G-18e3302ac75166afb6ab23bbc9731950a1acb439,G,target,LP0591,Consensus,consensus_exact_step3_estimate,1,google/gemma-4-31B-it,a6e4f777760be21162bb18865ac9a1c61b07a874da95aea0ff05a256aff563f4,ec9f25e6b68d12ca6182161cdc389e0da99a8cff29c47b015f1d07a6633e4cf0,consensus_benchmark_exact_v1,prompt_compiler_v2_split_g_f,2031601412,pending,Q001,"{""Q001"": ""consensus_estimate_human_primary_cause""}",consensus_exact_step3,c444a6eac0c7b6cd317bc71d70e09e8e9d8b0a57308ceb8b4c11921129cc5ae1
G|LP0592|ConsensusExact|step3|attempt_1,G-7ea135a1ce19feb2b344f0ea9bdef1815d3b3273,G,target,LP0592,Consensus,consensus_exact_step3_estimate,1,google/gemma-4-31B-it,2557caee73408b4b5057167f53e706748d400b67f082705664ce06ca1eea466b,ec9f25e6b68d12ca6182161cdc389e0da99a8cff29c47b015f1d07a6633e4cf0,consensus_benchmark_exact_v1,prompt_compiler_v2_split_g_f,1264347639,pending,Q001,"{""Q001"": ""consensus_estimate_human_primary_cause""}",consensus_exact_step3,c444a6eac0c7b6cd317bc71d70e09e8e9d8b0a57308ceb8b4c11921129cc5ae1
G|LP0593|ConsensusExact|step3|attempt_1,G-61b07f87f43dd7596da5899afb5ec85487af5207,G,target,LP0593,Consensus,consensus_exact_step3_estimate,1,google/gemma-4-31B-it,ac232e5ac0164bf6ab183f4beb76f1bf04001a76f5039a456145f090c62d9e2d,ec9f25e6b68d12ca6182161cdc389e0da99a8cff29c47b015f1d07a6633e4cf0,consensus_benchmark_exact_v1,prompt_compiler_v2_split_g_f,933156458,pending,Q001,"{""Q001"": ""consensus_estimate_human_primary_cause""}",consensus_exact_step3,c444a6eac0c7b6cd317bc71d70e09e8e9d8b0a57308ceb8b4c11921129cc5ae1
G|LP0594|ConsensusExact|step3|attempt_1,G-32d35c671f8ee6e8c941f0d3ab4ccabf4aeb64d7,G,target,LP0594,Consensus,consensus_exact_step3_estimate,1,google/gemma-4-31B-it,f294e565f84cf46a108e4417d8da75efb08fbf9fd19b5cbf2531deff34edcb08,ec9f25e6b68d12ca6182161cdc389e0da99a8cff29c47b015f1d07a6633e4cf0,consensus_benchmark_exact_v1,prompt_compiler_v2_split_g_f,87400375,pending,Q001,"{""Q001"": ""consensus_estimate_co2_warms_planet""}",consensus_exact_step3,c444a6eac0c7b6cd317bc71d70e09e8e9d8b0a57308ceb8b4c11921129cc5ae1
G|LP0595|ConsensusExact|step3|attempt_1,G-bc50958845a7b35e4c4d0a1c1a5e55285eece19f,G,target,LP0595,Consensus,consensus_exact_step3_estimate,1,google/gemma-4-31B-it,4884b0e9789ede889032bba0f6829e54ed68d1610e51e936c8baf3a4e2bdccb6,ec9f25e6b68d12ca6182161cdc389e0da99a8cff29c47b015f1d07a6633e4cf0,consensus_benchmark_exact_v1,prompt_compiler_v2_split_g_f,1044962929,pending,Q001,"{""Q001"": ""consensus_estimate_co2_warms_planet""}",consensus_exact_step3,c444a6eac0c7b6cd317bc71d70e09e8e9d8b0a57308ceb8b4c11921129cc5ae1
G|LP0596|ConsensusExact|step3|attempt_1,G-c3a67e41c82c9b71806f815eaaea3b47af17ca7e,G,target,LP0596,Consensus,consensus_exact_step3_estimate,1,google/gemma-4-31B-it,9baf6f221b8889f191e29d90e80c7247706bc66ba617d78027d6abe0efb22cb3,ec9f25e6b68d12ca6182161cdc389e0da99a8cff29c47b015f1d07a6633e4cf0,consensus_benchmark_exact_v1,prompt_compiler_v2_split_g_f,1333368823,pending,Q001,"{""Q001"": ""consensus_estimate_co2_warms_planet""}",consensus_exact_step3,c444a6eac0c7b6cd317bc71d70e09e8e9d8b0a57308ceb8b4c11921129cc5ae1
G|LP0597|ConsensusExact|step3|attempt_1,G-37c552ddef22a781a89335df440fda828d889151,G,target,LP0597,Consensus,consensus_exact_step3_estimate,1,google/gemma-4-31B-it,9377edc6536f5f78fcd991ac5594d66b66d936695b76997189e2be7baee63748,ec9f25e6b68d12ca6182161cdc389e0da99a8cff29c47b015f1d07a6633e4cf0,consensus_benchmark_exact_v1,prompt_compiler_v2_split_g_f,1588415805,pending,Q001,"{""Q001"": ""consensus_estimate_human_primary_cause""}",consensus_exact_step3,c444a6eac0c7b6cd317bc71d70e09e8e9d8b0a57308ceb8b4c11921129cc5ae1
G|LP0598|ConsensusExact|step3|attempt_1,G-b52c518a1a395abfeb5c389100ac0e5e765272e3,G,target,LP0598,Consensus,consensus_exact_step3_estimate,1,google/gemma-4-31B-it,2ad9b113c81baff35129f6ecb592fdce89d4733e98b0b824f8d68acace454d70,ec9f25e6b68d12ca6182161cdc389e0da99a8cff29c47b015f1d07a6633e4cf0,consensus_benchmark_exact_v1,prompt_compiler_v2_split_g_f,76676566,pending,Q001,"{""Q001"": ""consensus_estimate_human_primary_cause""}",consensus_exact_step3,c444a6eac0c7b6cd317bc71d70e09e8e9d8b0a57308ceb8b4c11921129cc5ae1
G|LP0599|ConsensusExact|step3|attempt_1,G-a487699ca9dafc74abcb4d4b1fa98efc18937850,G,target,LP0599,Consensus,consensus_exact_step3_estimate,1,google/gemma-4-31B-it,4169f95b99ad6b4da29bf9f5769dc995ce33fb6ba718697473c46d4f07782832,ec9f25e6b68d12ca6182161cdc389e0da99a8cff29c47b015f1d07a6633e4cf0,consensus_benchmark_exact_v1,prompt_compiler_v2_split_g_f,1927925679,pending,Q001,"{""Q001"": ""consensus_estimate_co2_warms_planet""}",consensus_exact_step3,c444a6eac0c7b6cd317bc71d70e09e8e9d8b0a57308ceb8b4c11921129cc5ae1
G|LP0600|ConsensusExact|step3|attempt_1,G-c7213ff6350c7f4a7b946bfd92bfbe433609e74f,G,target,LP0600,Consensus,consensus_exact_step3_estimate,1,google/gemma-4-31B-it,34e2ae956b2579948e71bdb267e00ea547c90e0c0bf3a3d8eddc35f8187109af,ec9f25e6b68d12ca6182161cdc389e0da99a8cff29c47b015f1d07a6633e4cf0,consensus_benchmark_exact_v1,prompt_compiler_v2_split_g_f,1129250617,pending,Q001,"{""Q001"": ""consensus_estimate_co2_warms_planet""}",consensus_exact_step3,c444a6eac0c7b6cd317bc71d70e09e8e9d8b0a57308ceb8b4c11921129cc5ae1
G|LP0601|ConsensusExact|step3|attempt_1,G-d745046377df28350e142892fcda7d69d7da001b,G,target,LP0601,Consensus,consensus_exact_step3_estimate,1,google/gemma-4-31B-it,b032579a6860102bdcb941eb079978785ca77238f37833918631db88e9d270b9,ec9f25e6b68d12ca6182161cdc389e0da99a8cff29c47b015f1d07a6633e4cf0,consensus_benchmark_exact_v1,prompt_compiler_v2_split_g_f,644428031,pending,Q001,"{""Q001"": ""consensus_estimate_co2_warms_planet""}",consensus_exact_step3,c444a6eac0c7b6cd317bc71d70e09e8e9d8b0a57308ceb8b4c11921129cc5ae1
G|LP0602|ConsensusExact|step3|attempt_1,G-e499b19906d3257de34d12bfb9cf4f50888db192,G,target,LP0602,Consensus,consensus_exact_step3_estimate,1,google/gemma-4-31B-it,b61719253cc392da4ba5a7fc56afeea78a3bf0d1bb231d8e224861f03816a64c,ec9f25e6b68d12ca6182161cdc389e0da99a8cff29c47b015f1d07a6633e4cf0,consensus_benchmark_exact_v1,prompt_compiler_v2_split_g_f,1342605490,pending,Q001,"{""Q001"": ""consensus_estimate_co2_warms_planet""}",consensus_exact_step3,c444a6eac0c7b6cd317bc71d70e09e8e9d8b0a57308ceb8b4c11921129cc5ae1
G|LP0603|ConsensusExact|step3|attempt_1,G-aa4e4f4a78676f54b1c3defc8fdc23f00c200a86,G,target,LP0603,Consensus,consensus_exact_step3_estimate,1,google/gemma-4-31B-it,018c93d389ed9e6b40b9580b907d4d4b8fdd6fe6ffc3e8b688088cd4cb0632f6,ec9f25e6b68d12ca6182161cdc389e0da99a8cff29c47b015f1d07a6633e4cf0,consensus_benchmark_exact_v1,prompt_compiler_v2_split_g_f,1292111339,pending,Q001,"{""Q001"": ""consensus_estimate_human_primary_cause""}",consensus_exact_step3,c444a6eac0c7b6cd317bc71d70e09e8e9d8b0a57308ceb8b4c11921129cc5ae1
G|LP0604|ConsensusExact|step3|attempt_1,G-5bee69e3c7487dd90c6ee46e98610df3c1a2ce13,G,target,LP0604,Consensus,consensus_exact_step3_estimate,1,google/gemma-4-31B-it,220a7f7ef664c4cd993bbad98a7f3969f5ae397a42e59a8f0f4f50fb34e0dd67,ec9f25e6b68d12ca6182161cdc389e0da99a8cff29c47b015f1d07a6633e4cf0,consensus_benchmark_exact_v1,prompt_compiler_v2_split_g_f,2133152161,pending,Q001,"{""Q001"": ""consensus_estimate_co2_warms_planet""}",consensus_exact_step3,c444a6eac0c7b6cd317bc71d70e09e8e9d8b0a57308ceb8b4c11921129cc5ae1
G|LP0605|ConsensusExact|step3|attempt_1,G-51cc8c3b27010859126cd6926e01a45535a4d6c9,G,target,LP0605,Consensus,consensus_exact_step3_estimate,1,google/gemma-4-31B-it,f40f82d64d91089849d6eec1680ce6b7371e866b3b205ad295cec1bbbf57f844,ec9f25e6b68d12ca6182161cdc389e0da99a8cff29c47b015f1d07a6633e4cf0,consensus_benchmark_exact_v1,prompt_compiler_v2_split_g_f,1251614928,pending,Q001,"{""Q001"": ""consensus_estimate_co2_warms_planet""}",consensus_exact_step3,c444a6eac0c7b6cd317bc71d70e09e8e9d8b0a57308ceb8b4c11921129cc5ae1
G|LP0606|ConsensusExact|step3|attempt_1,G-e6ffacbce5128c4ba14de5a7006830da39e38f0d,G,target,LP0606,Consensus,consensus_exact_step3_estimate,1,google/gemma-4-31B-it,b16f518126f4f9e3787c3c526346fabda5e21317e7d1380abb02d56a29cb3d06,ec9f25e6b68d12ca6182161cdc389e0da99a8cff29c47b015f1d07a6633e4cf0,consensus_benchmark_exact_v1,prompt_compiler_v2_split_g_f,856810952,pending,Q001,"{""Q001"": ""consensus_estimate_co2_warms_planet""}",consensus_exact_step3,c444a6eac0c7b6cd317bc71d70e09e8e9d8b0a57308ceb8b4c11921129cc5ae1
G|LP0607|ConsensusExact|step3|attempt_1,G-f1881e41b836e0700b2f5c90a864f031f7f13976,G,target,LP0607,Consensus,consensus_exact_step3_estimate,1,google/gemma-4-31B-it,9607ebeae27fbfa9e81a633f9483a686cf0a6ac70d4a05903e89045673f46aae,ec9f25e6b68d12ca6182161cdc389e0da99a8cff29c47b015f1d07a6633e4cf0,consensus_benchmark_exact_v1,prompt_compiler_v2_split_g_f,457645303,pending,Q001,"{""Q001"": ""consensus_estimate_co2_warms_planet""}",consensus_exact_step3,c444a6eac0c7b6cd317bc71d70e09e8e9d8b0a57308ceb8b4c11921129cc5ae1
G|LP0608|ConsensusExact|step3|attempt_1,G-fd2bc259bd5cf0bed2e9bbf35ab291b58091a33f,G,target,LP0608,Consensus,consensus_exact_step3_estimate,1,google/gemma-4-31B-it,0e838055616e146dc613b4c3adaa3b31d918cfd3b80e4c5ab441c4b9c54fa758,ec9f25e6b68d12ca6182161cdc389e0da99a8cff29c47b015f1d07a6633e4cf0,consensus_benchmark_exact_v1,prompt_compiler_v2_split_g_f,934573429,pending,Q001,"{""Q001"": ""consensus_estimate_co2_warms_planet""}",consensus_exact_step3,c444a6eac0c7b6cd317bc71d70e09e8e9d8b0a57308ceb8b4c11921129cc5ae1
G|LP0609|ConsensusExact|step3|attempt_1,G-50cfd4ff61997df32316e756bdf21ecdcad03dd0,G,target,LP0609,Consensus,consensus_exact_step3_estimate,1,google/gemma-4-31B-it,3e2a8ed89b0be30c946d6feed4e518fb4896712130f7859252256b41ce76e6da,ec9f25e6b68d12ca6182161cdc389e0da99a8cff29c47b015f1d07a6633e4cf0,consensus_benchmark_exact_v1,prompt_compiler_v2_split_g_f,54077427,pending,Q001,"{""Q001"": ""consensus_estimate_co2_warms_planet""}",consensus_exact_step3,c444a6eac0c7b6cd317bc71d70e09e8e9d8b0a57308ceb8b4c11921129cc5ae1
G|LP0610|ConsensusExact|step3|attempt_1,G-ccf52f7c486e07db211392c70d4be921d9decbda,G,target,LP0610,Consensus,consensus_exact_step3_estimate,1,google/gemma-4-31B-it,a680c77ffa229a7a779ea9cfe78e3776d9969213bc56d31d0703474bf2aa67f1,ec9f25e6b68d12ca6182161cdc389e0da99a8cff29c47b015f1d07a6633e4cf0,consensus_benchmark_exact_v1,prompt_compiler_v2_split_g_f,1649960662,pending,Q001,"{""Q001"": ""consensus_estimate_human_primary_cause""}",consensus_exact_step3,c444a6eac0c7b6cd317bc71d70e09e8e9d8b0a57308ceb8b4c11921129cc5ae1
G|LP0611|ConsensusExact|step3|attempt_1,G-9f238c2f67c7ed9b387dcab097c7b7f21450e40d,G,target,LP0611,Consensus,consensus_exact_step3_estimate,1,google/gemma-4-31B-it,79708394d9118b6df39e79378384c6d9afdde5a514e27e2656a0df937bfded57,ec9f25e6b68d12ca6182161cdc389e0da99a8cff29c47b015f1d07a6633e4cf0,consensus_benchmark_exact_v1,prompt_compiler_v2_split_g_f,638518780,pending,Q001,"{""Q001"": ""consensus_estimate_human_primary_cause""}",consensus_exact_step3,c444a6eac0c7b6cd317bc71d70e09e8e9d8b0a57308ceb8b4c11921129cc5ae1
G|LP0612|ConsensusExact|step3|attempt_1,G-7b975800b6108838b8a904d26acc95a145247bf8,G,target,LP0612,Consensus,consensus_exact_step3_estimate,1,google/gemma-4-31B-it,b6c1cf07141a6f5fc253552d61cc5f80d415103a2d2fd130b91df65d81adf0e0,ec9f25e6b68d12ca6182161cdc389e0da99a8cff29c47b015f1d07a6633e4cf0,consensus_benchmark_exact_v1,prompt_compiler_v2_split_g_f,759117883,pending,Q001,"{""Q001"": ""consensus_estimate_human_primary_cause""}",consensus_exact_step3,c444a6eac0c7b6cd317bc71d70e09e8e9d8b0a57308ceb8b4c11921129cc5ae1
G|LP0613|ConsensusExact|step3|attempt_1,G-5abe209e38716dff54ebf7aea3605e3a90453cd7,G,target,LP0613,Consensus,consensus_exact_step3_estimate,1,google/gemma-4-31B-it,f28096af4244513f3b88994a1e0c8f71e7a069c155c9149f81b0c80a6671c0db,ec9f25e6b68d12ca6182161cdc389e0da99a8cff29c47b015f1d07a6633e4cf0,consensus_benchmark_exact_v1,prompt_compiler_v2_split_g_f,1844293436,pending,Q001,"{""Q001"": ""consensus_estimate_human_primary_cause""}",consensus_exact_step3,c444a6eac0c7b6cd317bc71d70e09e8e9d8b0a57308ceb8b4c11921129cc5ae1
G|LP0614|ConsensusExact|step3|attempt_1,G-df3bb7350282f7ab459721742ed336e1186685a9,G,target,LP0614,Consensus,consensus_exact_step3_estimate,1,google/gemma-4-31B-it,bedc4ac34b4247bda235a76df3f63129094b4423f5be60b13fb1e0b4e627fdb1,ec9f25e6b68d12ca6182161cdc389e0da99a8cff29c47b015f1d07a6633e4cf0,consensus_benchmark_exact_v1,prompt_compiler_v2_split_g_f,1090151960,pending,Q001,"{""Q001"": ""consensus_estimate_human_primary_cause""}",consensus_exact_step3,c444a6eac0c7b6cd317bc71d70e09e8e9d8b0a57308ceb8b4c11921129cc5ae1
G|LP0615|ConsensusExact|step3|attempt_1,G-a481323b46a66c759522b4f07fc3dce198fda067,G,target,LP0615,Consensus,consensus_exact_step3_estimate,1,google/gemma-4-31B-it,d77da5da92ba82a43a2779802cbc7032ff1bd5cf8cf11adb7f728fe15c61b324,ec9f25e6b68d12ca6182161cdc389e0da99a8cff29c47b015f1d07a6633e4cf0,consensus_benchmark_exact_v1,prompt_compiler_v2_split_g_f,262721774,pending,Q001,"{""Q001"": ""consensus_estimate_human_primary_cause""}",consensus_exact_step3,c444a6eac0c7b6cd317bc71d70e09e8e9d8b0a57308ceb8b4c11921129cc5ae1
G|LP0616|ConsensusExact|step3|attempt_1,G-2786e01fa5708d5e45b22891614ee221f3b200e3,G,target,LP0616,Consensus,consensus_exact_step3_estimate,1,google/gemma-4-31B-it,7c1d16c276e073b4174bc36103d2300b4858d071aa803447b43b61e0d56af932,ec9f25e6b68d12ca6182161cdc389e0da99a8cff29c47b015f1d07a6633e4cf0,consensus_benchmark_exact_v1,prompt_compiler_v2_split_g_f,1954434461,pending,Q001,"{""Q001"": ""consensus_estimate_co2_warms_planet""}",consensus_exact_step3,c444a6eac0c7b6cd317bc71d70e09e8e9d8b0a57308ceb8b4c11921129cc5ae1
G|LP0617|ConsensusExact|step3|attempt_1,G-65b1da33cf1525a3ea048bbdeeeb79bf9f9614f9,G,target,LP0617,Consensus,consensus_exact_step3_estimate,1,google/gemma-4-31B-it,274ebd8aee0037d11282e6688efee3f154221380c1d368824e94ffadd0a49e5f,ec9f25e6b68d12ca6182161cdc389e0da99a8cff29c47b015f1d07a6633e4cf0,consensus_benchmark_exact_v1,prompt_compiler_v2_split_g_f,444127756,pending,Q001,"{""Q001"": ""consensus_estimate_co2_warms_planet""}",consensus_exact_step3,c444a6eac0c7b6cd317bc71d70e09e8e9d8b0a57308ceb8b4c11921129cc5ae1
G|LP0618|ConsensusExact|step3|attempt_1,G-2d4f16298d455900e3f5eb99380cff6b9a4d866f,G,target,LP0618,Consensus,consensus_exact_step3_estimate,1,google/gemma-4-31B-it,21264e0e74bbd09d1b342f76cdc541c65373276b6b80b086384e2390028f32a0,ec9f25e6b68d12ca6182161cdc389e0da99a8cff29c47b015f1d07a6633e4cf0,consensus_benchmark_exact_v1,prompt_compiler_v2_split_g_f,1742964051,pending,Q001,"{""Q001"": ""consensus_estimate_human_primary_cause""}",consensus_exact_step3,c444a6eac0c7b6cd317bc71d70e09e8e9d8b0a57308ceb8b4c11921129cc5ae1
G|LP0619|ConsensusExact|step3|attempt_1,G-1ab4e0caedbf4a793e767153aa9d3af134d0679c,G,target,LP0619,Consensus,consensus_exact_step3_estimate,1,google/gemma-4-31B-it,aea0ed51b5277619812086f39f451d53767668eb0b89add102e9d3fffb50f372,ec9f25e6b68d12ca6182161cdc389e0da99a8cff29c47b015f1d07a6633e4cf0,consensus_benchmark_exact_v1,prompt_compiler_v2_split_g_f,589892623,pending,Q001,"{""Q001"": ""consensus_estimate_human_primary_cause""}",consensus_exact_step3,c444a6eac0c7b6cd317bc71d70e09e8e9d8b0a57308ceb8b4c11921129cc5ae1
G|LP0620|ConsensusExact|step3|attempt_1,G-c1de37d25edcd827f1db8b97b0781f3095838613,G,target,LP0620,Consensus,consensus_exact_step3_estimate,1,google/gemma-4-31B-it,6a17be9cc4ac868b13c9a6196cdf8de1c7288f08db04004e6471ad9b32f21a4d,ec9f25e6b68d12ca6182161cdc389e0da99a8cff29c47b015f1d07a6633e4cf0,consensus_benchmark_exact_v1,prompt_compiler_v2_split_g_f,1654212558,pending,Q001,"{""Q001"": ""consensus_estimate_human_primary_cause""}",consensus_exact_step3,c444a6eac0c7b6cd317bc71d70e09e8e9d8b0a57308ceb8b4c11921129cc5ae1
G|LP0621|ConsensusExact|step3|attempt_1,G-ea98dedef1a280870d13cc72b4b1424b428cf425,G,target,LP0621,Consensus,consensus_exact_step3_estimate,1,google/gemma-4-31B-it,ed82588e4bedf1c6dcaaaebbbdc51a2f0a09113332845c0c2f49d58ccb8eb06f,ec9f25e6b68d12ca6182161cdc389e0da99a8cff29c47b015f1d07a6633e4cf0,consensus_benchmark_exact_v1,prompt_compiler_v2_split_g_f,1188314696,pending,Q001,"{""Q001"": ""consensus_estimate_co2_warms_planet""}",consensus_exact_step3,c444a6eac0c7b6cd317bc71d70e09e8e9d8b0a57308ceb8b4c11921129cc5ae1
G|LP0622|ConsensusExact|step3|attempt_1,G-4f85d7c73486c9d618fffd027833ec4e4bf82fdf,G,target,LP0622,Consensus,consensus_exact_step3_estimate,1,google/gemma-4-31B-it,96668604f3b368d502db581f24c87f8ac07d3123d781a6c847e57d216f8e26e5,ec9f25e6b68d12ca6182161cdc389e0da99a8cff29c47b015f1d07a6633e4cf0,consensus_benchmark_exact_v1,prompt_compiler_v2_split_g_f,1402108261,pending,Q001,"{""Q001"": ""consensus_estimate_co2_warms_planet""}",consensus_exact_step3,c444a6eac0c7b6cd317bc71d70e09e8e9d8b0a57308ceb8b4c11921129cc5ae1
G|LP0623|ConsensusExact|step3|attempt_1,G-0821c7889d355e0e641522854fea2939f9c73ba9,G,target,LP0623,Consensus,consensus_exact_step3_estimate,1,google/gemma-4-31B-it,82d3d321414494e422961eb0f9f1e69eef2e770b436a51000fb3150540065329,ec9f25e6b68d12ca6182161cdc389e0da99a8cff29c47b015f1d07a6633e4cf0,consensus_benchmark_exact_v1,prompt_compiler_v2_split_g_f,762899743,pending,Q001,"{""Q001"": ""consensus_estimate_co2_warms_planet""}",consensus_exact_step3,c444a6eac0c7b6cd317bc71d70e09e8e9d8b0a57308ceb8b4c11921129cc5ae1
G|LP0624|ConsensusExact|step3|attempt_1,G-463c333934c115c7b649088b2d2e5a4e637f5669,G,target,LP0624,Consensus,consensus_exact_step3_estimate,1,google/gemma-4-31B-it,c7fb1bcfbc721b01e58353f45d269b34fbb4ae14abff2b2bb8102f255b37ce06,ec9f25e6b68d12ca6182161cdc389e0da99a8cff29c47b015f1d07a6633e4cf0,consensus_benchmark_exact_v1,prompt_compiler_v2_split_g_f,1094286394,pending,Q001,"{""Q001"": ""consensus_estimate_human_primary_cause""}",consensus_exact_step3,c444a6eac0c7b6cd317bc71d70e09e8e9d8b0a57308ceb8b4c11921129cc5ae1
G|LP0625|ConsensusExact|step3|attempt_1,G-044ae4235a104cf78b53b21d972e0bb2a76073a4,G,target,LP0625,Consensus,consensus_exact_step3_estimate,1,google/gemma-4-31B-it,04a68c7272f39dcfdef77c5212bcc03bbc1d1b2a7c560260b222f8ebdda30e6e,ec9f25e6b68d12ca6182161cdc389e0da99a8cff29c47b015f1d07a6633e4cf0,consensus_benchmark_exact_v1,prompt_compiler_v2_split_g_f,1655051581,pending,Q001,"{""Q001"": ""consensus_estimate_co2_warms_planet""}",consensus_exact_step3,c444a6eac0c7b6cd317bc71d70e09e8e9d8b0a57308ceb8b4c11921129cc5ae1
G|LP0626|ConsensusExact|step3|attempt_1,G-e75ff1369c08fa4bd9f64776f659b233dda1b25e,G,target,LP0626,Consensus,consensus_exact_step3_estimate,1,google/gemma-4-31B-it,fbe3e54d1309b031fa2add27f8303d08fca71c95558a934899584c97a2164335,ec9f25e6b68d12ca6182161cdc389e0da99a8cff29c47b015f1d07a6633e4cf0,consensus_benchmark_exact_v1,prompt_compiler_v2_split_g_f,1791548603,pending,Q001,"{""Q001"": ""consensus_estimate_co2_warms_planet""}",consensus_exact_step3,c444a6eac0c7b6cd317bc71d70e09e8e9d8b0a57308ceb8b4c11921129cc5ae1
G|LP0627|ConsensusExact|step3|attempt_1,G-4286c2ba887279007fb19008fd6cecb1634515ae,G,target,LP0627,Consensus,consensus_exact_step3_estimate,1,google/gemma-4-31B-it,e021593aa6fcfeee0d885ec481bcc5c7fca1e118426e0d6f8b91cf66c9a66b20,ec9f25e6b68d12ca6182161cdc389e0da99a8cff29c47b015f1d07a6633e4cf0,consensus_benchmark_exact_v1,prompt_compiler_v2_split_g_f,226492022,pending,Q001,"{""Q001"": ""consensus_estimate_human_primary_cause""}",consensus_exact_step3,c444a6eac0c7b6cd317bc71d70e09e8e9d8b0a57308ceb8b4c11921129cc5ae1
G|LP0628|ConsensusExact|step3|attempt_1,G-b2d22c90e5ba1e20a1d3c8f5d34e4ccb14e61f79,G,target,LP0628,Consensus,consensus_exact_step3_estimate,1,google/gemma-4-31B-it,adb75209921a27ad45e88a42fdf0a99ebbaa16cacf5fd927809836eefaa57f4f,ec9f25e6b68d12ca6182161cdc389e0da99a8cff29c47b015f1d07a6633e4cf0,consensus_benchmark_exact_v1,prompt_compiler_v2_split_g_f,1264482116,pending,Q001,"{""Q001"": ""consensus_estimate_human_primary_cause""}",consensus_exact_step3,c444a6eac0c7b6cd317bc71d70e09e8e9d8b0a57308ceb8b4c11921129cc5ae1
G|LP0629|ConsensusExact|step3|attempt_1,G-d04a1bbd5a6e915925b84e0028f906905c2c7224,G,target,LP0629,Consensus,consensus_exact_step3_estimate,1,google/gemma-4-31B-it,d10f56fc1c003e50738bfaf9aead00249f38eb36d236aa231ed18b2b441da775,ec9f25e6b68d12ca6182161cdc389e0da99a8cff29c47b015f1d07a6633e4cf0,consensus_benchmark_exact_v1,prompt_compiler_v2_split_g_f,2063780054,pending,Q001,"{""Q001"": ""consensus_estimate_human_primary_cause""}",consensus_exact_step3,c444a6eac0c7b6cd317bc71d70e09e8e9d8b0a57308ceb8b4c11921129cc5ae1
G|LP0630|ConsensusExact|step3|attempt_1,G-680e16e27a39226d7ca3ead635ee78874410dc1e,G,target,LP0630,Consensus,consensus_exact_step3_estimate,1,google/gemma-4-31B-it,75247b9d123537e513fadb684109b953a80ea4a74e1bfb626f2950ec6c53a758,ec9f25e6b68d12ca6182161cdc389e0da99a8cff29c47b015f1d07a6633e4cf0,consensus_benchmark_exact_v1,prompt_compiler_v2_split_g_f,1247105075,pending,Q001,"{""Q001"": ""consensus_estimate_human_primary_cause""}",consensus_exact_step3,c444a6eac0c7b6cd317bc71d70e09e8e9d8b0a57308ceb8b4c11921129cc5ae1
G|LP0631|ConsensusExact|step3|attempt_1,G-80047715be9fa254a87578b0141b6b786604dcb3,G,target,LP0631,Consensus,consensus_exact_step3_estimate,1,google/gemma-4-31B-it,e87533d510a70fd11e86d90d7444cc1f0dcef9dde5cf9cc715723e8aefcdea8c,ec9f25e6b68d12ca6182161cdc389e0da99a8cff29c47b015f1d07a6633e4cf0,consensus_benchmark_exact_v1,prompt_compiler_v2_split_g_f,1051234433,pending,Q001,"{""Q001"": ""consensus_estimate_human_primary_cause""}",consensus_exact_step3,c444a6eac0c7b6cd317bc71d70e09e8e9d8b0a57308ceb8b4c11921129cc5ae1
G|LP0632|ConsensusExact|step3|attempt_1,G-a6da1fda16f1de6bc639dc202a96ac2b763414f4,G,target,LP0632,Consensus,consensus_exact_step3_estimate,1,google/gemma-4-31B-it,6f1e081a7f25953a4f31c7f27e6071aabd02f07534a8897e1e7b4060e6e58a61,ec9f25e6b68d12ca6182161cdc389e0da99a8cff29c47b015f1d07a6633e4cf0,consensus_benchmark_exact_v1,prompt_compiler_v2_split_g_f,1688608289,pending,Q001,"{""Q001"": ""consensus_estimate_human_primary_cause""}",consensus_exact_step3,c444a6eac0c7b6cd317bc71d70e09e8e9d8b0a57308ceb8b4c11921129cc5ae1
G|LP0633|ConsensusExact|step3|attempt_1,G-eb3ecbd23981490c2a32614003368da40392981c,G,target,LP0633,Consensus,consensus_exact_step3_estimate,1,google/gemma-4-31B-it,f79836904405e162cd2a5a33217ac5d1d3d9fe686f28cb922439234c9fbafea0,ec9f25e6b68d12ca6182161cdc389e0da99a8cff29c47b015f1d07a6633e4cf0,consensus_benchmark_exact_v1,prompt_compiler_v2_split_g_f,268361908,pending,Q001,"{""Q001"": ""consensus_estimate_co2_warms_planet""}",consensus_exact_step3,c444a6eac0c7b6cd317bc71d70e09e8e9d8b0a57308ceb8b4c11921129cc5ae1
G|LP0634|ConsensusExact|step3|attempt_1,G-f6c06807d1e58753cd8485fcbae360812baf01a7,G,target,LP0634,Consensus,consensus_exact_step3_estimate,1,google/gemma-4-31B-it,1284e2c806e6e3785cff49d3f4647817cf72e9b7f24e50dd9730ddadeee5558f,ec9f25e6b68d12ca6182161cdc389e0da99a8cff29c47b015f1d07a6633e4cf0,consensus_benchmark_exact_v1,prompt_compiler_v2_split_g_f,1063671654,pending,Q001,"{""Q001"": ""consensus_estimate_co2_warms_planet""}",consensus_exact_step3,c444a6eac0c7b6cd317bc71d70e09e8e9d8b0a57308ceb8b4c11921129cc5ae1
G|LP0635|ConsensusExact|step3|attempt_1,G-5e6d5684c95812a2df374ba47f991e60b44229cb,G,target,LP0635,Consensus,consensus_exact_step3_estimate,1,google/gemma-4-31B-it,04604bccdbd0ccfee3f2b9fd9a27a716c03d9934698b9e6d7cc54223be5fbccd,ec9f25e6b68d12ca6182161cdc389e0da99a8cff29c47b015f1d07a6633e4cf0,consensus_benchmark_exact_v1,prompt_compiler_v2_split_g_f,103989165,pending,Q001,"{""Q001"": ""consensus_estimate_co2_warms_planet""}",consensus_exact_step3,c444a6eac0c7b6cd317bc71d70e09e8e9d8b0a57308ceb8b4c11921129cc5ae1
G|LP0636|ConsensusExact|step3|attempt_1,G-014e6afcf13967674b46d1b3baf36d3a5c971c63,G,target,LP0636,Consensus,consensus_exact_step3_estimate,1,google/gemma-4-31B-it,297b8dcb5acf96fecee96feefcfe99368a9732263ae81ca639929a72870cb6cd,ec9f25e6b68d12ca6182161cdc389e0da99a8cff29c47b015f1d07a6633e4cf0,consensus_benchmark_exact_v1,prompt_compiler_v2_split_g_f,1943420256,pending,Q001,"{""Q001"": ""consensus_estimate_human_primary_cause""}",consensus_exact_step3,c444a6eac0c7b6cd317bc71d70e09e8e9d8b0a57308ceb8b4c11921129cc5ae1
G|LP0637|ConsensusExact|step3|attempt_1,G-f050c5e176f4d43ef7a35a460625eebc647c9b84,G,target,LP0637,Consensus,consensus_exact_step3_estimate,1,google/gemma-4-31B-it,9f757dfe6f042e2c66dfea70c16950bd284c29a449f96b12857703ef06e603fa,ec9f25e6b68d12ca6182161cdc389e0da99a8cff29c47b015f1d07a6633e4cf0,consensus_benchmark_exact_v1,prompt_compiler_v2_split_g_f,1469472772,pending,Q001,"{""Q001"": ""consensus_estimate_co2_warms_planet""}",consensus_exact_step3,c444a6eac0c7b6cd317bc71d70e09e8e9d8b0a57308ceb8b4c11921129cc5ae1
G|LP0638|ConsensusExact|step3|attempt_1,G-d7c646fbc6f85e6785f88a7b7baceed88d6b0fa5,G,target,LP0638,Consensus,consensus_exact_step3_estimate,1,google/gemma-4-31B-it,56383ea49c930b00bd856811ad0e53233dcd48597066eec4f51dcb27c87d743c,ec9f25e6b68d12ca6182161cdc389e0da99a8cff29c47b015f1d07a6633e4cf0,consensus_benchmark_exact_v1,prompt_compiler_v2_split_g_f,1988422753,pending,Q001,"{""Q001"": ""consensus_estimate_co2_warms_planet""}",consensus_exact_step3,c444a6eac0c7b6cd317bc71d70e09e8e9d8b0a57308ceb8b4c11921129cc5ae1
G|LP0639|ConsensusExact|step3|attempt_1,G-95e5fa89b31d1e360bbbd15ea8ba8efa38292913,G,target,LP0639,Consensus,consensus_exact_step3_estimate,1,google/gemma-4-31B-it,de98ca54e59d7ae59bdcf9e00fb69ee9f01e69bd7ac4f5733dacaf07be26570f,ec9f25e6b68d12ca6182161cdc389e0da99a8cff29c47b015f1d07a6633e4cf0,consensus_benchmark_exact_v1,prompt_compiler_v2_split_g_f,1592333131,pending,Q001,"{""Q001"": ""consensus_estimate_human_primary_cause""}",consensus_exact_step3,c444a6eac0c7b6cd317bc71d70e09e8e9d8b0a57308ceb8b4c11921129cc5ae1
G|LP0640|ConsensusExact|step3|attempt_1,G-9094434077d1e37951baf8d47961f48571c3e27b,G,target,LP0640,Consensus,consensus_exact_step3_estimate,1,google/gemma-4-31B-it,f03d5f9bc6259ed2267253c2e854f1ef302b06f19eb90e19db08bfdd398b7ecb,ec9f25e6b68d12ca6182161cdc389e0da99a8cff29c47b015f1d07a6633e4cf0,consensus_benchmark_exact_v1,prompt_compiler_v2_split_g_f,419064316,pending,Q001,"{""Q001"": ""consensus_estimate_co2_warms_planet""}",consensus_exact_step3,c444a6eac0c7b6cd317bc71d70e09e8e9d8b0a57308ceb8b4c11921129cc5ae1
G|LP0641|ConsensusExact|step3|attempt_1,G-5eb0f9fa736fca0bfc91459639377958bedf16c5,G,target,LP0641,Consensus,consensus_exact_step3_estimate,1,google/gemma-4-31B-it,626fb28e0ae29488fd9233eaf1a14cff1a7fa2d309bb0e62fd4c98c90f1ccc2b,ec9f25e6b68d12ca6182161cdc389e0da99a8cff29c47b015f1d07a6633e4cf0,consensus_benchmark_exact_v1,prompt_compiler_v2_split_g_f,819052033,pending,Q001,"{""Q001"": ""consensus_estimate_human_primary_cause""}",consensus_exact_step3,c444a6eac0c7b6cd317bc71d70e09e8e9d8b0a57308ceb8b4c11921129cc5ae1
G|LP0642|ConsensusExact|step3|attempt_1,G-23c9cfeb048a8e65b92b52cf348f13ef2f146b08,G,target,LP0642,Consensus,consensus_exact_step3_estimate,1,google/gemma-4-31B-it,c3a6e9a97ec087cbb5af9e429379a45599a05aaeac0a0f5ac478a04b4a5a9624,ec9f25e6b68d12ca6182161cdc389e0da99a8cff29c47b015f1d07a6633e4cf0,consensus_benchmark_exact_v1,prompt_compiler_v2_split_g_f,1277046331,pending,Q001,"{""Q001"": ""consensus_estimate_co2_warms_planet""}",consensus_exact_step3,c444a6eac0c7b6cd317bc71d70e09e8e9d8b0a57308ceb8b4c11921129cc5ae1
G|LP0643|ConsensusExact|step3|attempt_1,G-159f4e2e47e6585561329b7d6dd70527168753f2,G,target,LP0643,Consensus,consensus_exact_step3_estimate,1,google/gemma-4-31B-it,246736d9c9e1a65edc6ab5f6c5aca2f00a2ca25f26964ac84060787b2a9a75e9,ec9f25e6b68d12ca6182161cdc389e0da99a8cff29c47b015f1d07a6633e4cf0,consensus_benchmark_exact_v1,prompt_compiler_v2_split_g_f,1931801777,pending,Q001,"{""Q001"": ""consensus_estimate_co2_warms_planet""}",consensus_exact_step3,c444a6eac0c7b6cd317bc71d70e09e8e9d8b0a57308ceb8b4c11921129cc5ae1
G|LP0644|ConsensusExact|step3|attempt_1,G-bf0faae3f34e82f2c07f3a853b5686761ed28737,G,target,LP0644,Consensus,consensus_exact_step3_estimate,1,google/gemma-4-31B-it,dc717a8f86e4a55e216c088c0e77ddc04bf1dba2b064778a6c532e509f887d7b,ec9f25e6b68d12ca6182161cdc389e0da99a8cff29c47b015f1d07a6633e4cf0,consensus_benchmark_exact_v1,prompt_compiler_v2_split_g_f,1903024316,pending,Q001,"{""Q001"": ""consensus_estimate_human_primary_cause""}",consensus_exact_step3,c444a6eac0c7b6cd317bc71d70e09e8e9d8b0a57308ceb8b4c11921129cc5ae1
G|LP0645|ConsensusExact|step3|attempt_1,G-5e0fe0c8546062ab298e84ff9f3dd64ee707a5b3,G,target,LP0645,Consensus,consensus_exact_step3_estimate,1,google/gemma-4-31B-it,77b04cd425605cfac617033bbb238ba3a0e60b3326d14af57509e12b3a9cc7a7,ec9f25e6b68d12ca6182161cdc389e0da99a8cff29c47b015f1d07a6633e4cf0,consensus_benchmark_exact_v1,prompt_compiler_v2_split_g_f,276833341,pending,Q001,"{""Q001"": ""consensus_estimate_human_primary_cause""}",consensus_exact_step3,c444a6eac0c7b6cd317bc71d70e09e8e9d8b0a57308ceb8b4c11921129cc5ae1
G|LP0646|ConsensusExact|step3|attempt_1,G-b850aaa4b67ca078e5a251e3d72958baf8630f3e,G,target,LP0646,Consensus,consensus_exact_step3_estimate,1,google/gemma-4-31B-it,4b6b6bb53b5d7f808433ba6440bb4ade9d2faa74a171bfc5d06e1e1bc15765c7,ec9f25e6b68d12ca6182161cdc389e0da99a8cff29c47b015f1d07a6633e4cf0,consensus_benchmark_exact_v1,prompt_compiler_v2_split_g_f,656274884,pending,Q001,"{""Q001"": ""consensus_estimate_co2_warms_planet""}",consensus_exact_step3,c444a6eac0c7b6cd317bc71d70e09e8e9d8b0a57308ceb8b4c11921129cc5ae1
G|LP0647|ConsensusExact|step3|attempt_1,G-9a7d33f0ff7f798b04f3c623df8bae925b537707,G,target,LP0647,Consensus,consensus_exact_step3_estimate,1,google/gemma-4-31B-it,f11d70ea3062bd04dd075b6aebce91dbcc228a399ae931d66b076093ade18962,ec9f25e6b68d12ca6182161cdc389e0da99a8cff29c47b015f1d07a6633e4cf0,consensus_benchmark_exact_v1,prompt_compiler_v2_split_g_f,880402799,pending,Q001,"{""Q001"": ""consensus_estimate_co2_warms_planet""}",consensus_exact_step3,c444a6eac0c7b6cd317bc71d70e09e8e9d8b0a57308ceb8b4c11921129cc5ae1
G|LP0648|ConsensusExact|step3|attempt_1,G-4515550028c5b496817f3c5305861b484accc0f4,G,target,LP0648,Consensus,consensus_exact_step3_estimate,1,google/gemma-4-31B-it,bac10cc3dbaa371dceb5c876bf676c678902f28b7b627cb6678cc6156a84af8a,ec9f25e6b68d12ca6182161cdc389e0da99a8cff29c47b015f1d07a6633e4cf0,consensus_benchmark_exact_v1,prompt_compiler_v2_split_g_f,854613655,pending,Q001,"{""Q001"": ""consensus_estimate_human_primary_cause""}",consensus_exact_step3,c444a6eac0c7b6cd317bc71d70e09e8e9d8b0a57308ceb8b4c11921129cc5ae1
G|LP0649|ConsensusExact|step3|attempt_1,G-8014eddeda4fe740caf9696d0d45f702e0cd36ca,G,target,LP0649,Consensus,consensus_exact_step3_estimate,1,google/gemma-4-31B-it,4724e1b54427c791e6b083793c968cd87474fa7d66bdba875831958bb7d98afc,ec9f25e6b68d12ca6182161cdc389e0da99a8cff29c47b015f1d07a6633e4cf0,consensus_benchmark_exact_v1,prompt_compiler_v2_split_g_f,1517929215,pending,Q001,"{""Q001"": ""consensus_estimate_human_primary_cause""}",consensus_exact_step3,c444a6eac0c7b6cd317bc71d70e09e8e9d8b0a57308ceb8b4c11921129cc5ae1
G|LP0650|ConsensusExact|step3|attempt_1,G-05693b6b00d18d8925a3601c4c24b0ebbc352f86,G,target,LP0650,Consensus,consensus_exact_step3_estimate,1,google/gemma-4-31B-it,f1bd1603d42f22d9d1f8be4c19f87c9b0e69d416a1525bad8a9ca3d2e1a8337c,ec9f25e6b68d12ca6182161cdc389e0da99a8cff29c47b015f1d07a6633e4cf0,consensus_benchmark_exact_v1,prompt_compiler_v2_split_g_f,195298399,pending,Q001,"{""Q001"": ""consensus_estimate_co2_warms_planet""}",consensus_exact_step3,c444a6eac0c7b6cd317bc71d70e09e8e9d8b0a57308ceb8b4c11921129cc5ae1
G|LP0651|ConsensusExact|step3|attempt_1,G-22f83d59d1ec15f31e59b076a228db4b723cda52,G,target,LP0651,Consensus,consensus_exact_step3_estimate,1,google/gemma-4-31B-it,2f19fc50ba19c965627f3cbe333f66047905ab64987a7ecb3632b5adf80cb9a6,ec9f25e6b68d12ca6182161cdc389e0da99a8cff29c47b015f1d07a6633e4cf0,consensus_benchmark_exact_v1,prompt_compiler_v2_split_g_f,400330919,pending,Q001,"{""Q001"": ""consensus_estimate_human_primary_cause""}",consensus_exact_step3,c444a6eac0c7b6cd317bc71d70e09e8e9d8b0a57308ceb8b4c11921129cc5ae1
G|LP0652|ConsensusExact|step3|attempt_1,G-549c03f648cc0ed4f48c70d1cf0cecfa863c31f4,G,target,LP0652,Consensus,consensus_exact_step3_estimate,1,google/gemma-4-31B-it,269a91e6be7db4661aff3989bf02b384f4cdaeb71b13a43dc7f86f522cf2249f,ec9f25e6b68d12ca6182161cdc389e0da99a8cff29c47b015f1d07a6633e4cf0,consensus_benchmark_exact_v1,prompt_compiler_v2_split_g_f,1912870593,pending,Q001,"{""Q001"": ""consensus_estimate_human_primary_cause""}",consensus_exact_step3,c444a6eac0c7b6cd317bc71d70e09e8e9d8b0a57308ceb8b4c11921129cc5ae1
G|LP0653|ConsensusExact|step3|attempt_1,G-a5b878fb40ec746c2f5fba87dcc3d51f74854258,G,target,LP0653,Consensus,consensus_exact_step3_estimate,1,google/gemma-4-31B-it,0bb8741fbd343442e78e36e1e1021c41f081c8493ca291ccb58109776a142aed,ec9f25e6b68d12ca6182161cdc389e0da99a8cff29c47b015f1d07a6633e4cf0,consensus_benchmark_exact_v1,prompt_compiler_v2_split_g_f,207447653,pending,Q001,"{""Q001"": ""consensus_estimate_human_primary_cause""}",consensus_exact_step3,c444a6eac0c7b6cd317bc71d70e09e8e9d8b0a57308ceb8b4c11921129cc5ae1
G|LP0654|ConsensusExact|step3|attempt_1,G-fb3c58659251565a7e7c16b1208958ab26f4b387,G,target,LP0654,Consensus,consensus_exact_step3_estimate,1,google/gemma-4-31B-it,ae613991d1808d2e826387bf56d5f61215fd84b381c9b3ce973a13a9e67de1ab,ec9f25e6b68d12ca6182161cdc389e0da99a8cff29c47b015f1d07a6633e4cf0,consensus_benchmark_exact_v1,prompt_compiler_v2_split_g_f,147457833,pending,Q001,"{""Q001"": ""consensus_estimate_co2_warms_planet""}",consensus_exact_step3,c444a6eac0c7b6cd317bc71d70e09e8e9d8b0a57308ceb8b4c11921129cc5ae1
G|LP0655|ConsensusExact|step3|attempt_1,G-4bb4e3be43eb646ed1d0922c5345ba113cf99410,G,target,LP0655,Consensus,consensus_exact_step3_estimate,1,google/gemma-4-31B-it,3c5cece0cb10748c85d395271847717bd7ec8d27d893bf0dbc3c4065695d8e0b,ec9f25e6b68d12ca6182161cdc389e0da99a8cff29c47b015f1d07a6633e4cf0,consensus_benchmark_exact_v1,prompt_compiler_v2_split_g_f,1532308459,pending,Q001,"{""Q001"": ""consensus_estimate_co2_warms_planet""}",consensus_exact_step3,c444a6eac0c7b6cd317bc71d70e09e8e9d8b0a57308ceb8b4c11921129cc5ae1
G|LP0656|ConsensusExact|step3|attempt_1,G-a7d501fee90c9d693c07c9066ae3fa7f7091b5fa,G,target,LP0656,Consensus,consensus_exact_step3_estimate,1,google/gemma-4-31B-it,9f22079b3ff920f7fe2ff1afd68f318e9b42226684d75f00d772f34b2e9de9fe,ec9f25e6b68d12ca6182161cdc389e0da99a8cff29c47b015f1d07a6633e4cf0,consensus_benchmark_exact_v1,prompt_compiler_v2_split_g_f,951492969,pending,Q001,"{""Q001"": ""consensus_estimate_co2_warms_planet""}",consensus_exact_step3,c444a6eac0c7b6cd317bc71d70e09e8e9d8b0a57308ceb8b4c11921129cc5ae1
G|LP0657|ConsensusExact|step3|attempt_1,G-ee000a302f5b69a890687fccca9e75ad59efcce2,G,target,LP0657,Consensus,consensus_exact_step3_estimate,1,google/gemma-4-31B-it,b19d70b8adad593af3e2f92fe863c5ad8bbb1869ab16af79f823ec5202c016de,ec9f25e6b68d12ca6182161cdc389e0da99a8cff29c47b015f1d07a6633e4cf0,consensus_benchmark_exact_v1,prompt_compiler_v2_split_g_f,190545420,pending,Q001,"{""Q001"": ""consensus_estimate_human_primary_cause""}",consensus_exact_step3,c444a6eac0c7b6cd317bc71d70e09e8e9d8b0a57308ceb8b4c11921129cc5ae1
G|LP0658|ConsensusExact|step3|attempt_1,G-c5c7fbcfbd1a1d9458038eeeaf7d24126e70d589,G,target,LP0658,Consensus,consensus_exact_step3_estimate,1,google/gemma-4-31B-it,5a75059a2b20bce8ab979a8a4b2ddd8414be1fe447ed8622f687b2247180c7f3,ec9f25e6b68d12ca6182161cdc389e0da99a8cff29c47b015f1d07a6633e4cf0,consensus_benchmark_exact_v1,prompt_compiler_v2_split_g_f,1219106102,pending,Q001,"{""Q001"": ""consensus_estimate_co2_warms_planet""}",consensus_exact_step3,c444a6eac0c7b6cd317bc71d70e09e8e9d8b0a57308ceb8b4c11921129cc5ae1
G|LP0659|ConsensusExact|step3|attempt_1,G-dc920f008edb1e7fad657076570870bff29ae030,G,target,LP0659,Consensus,consensus_exact_step3_estimate,1,google/gemma-4-31B-it,2eda4dbb4789aba5a1e8c3064411a90cbed160dd170c574f2e8ccd4feba76c92,ec9f25e6b68d12ca6182161cdc389e0da99a8cff29c47b015f1d07a6633e4cf0,consensus_benchmark_exact_v1,prompt_compiler_v2_split_g_f,1207909507,pending,Q001,"{""Q001"": ""consensus_estimate_co2_warms_planet""}",consensus_exact_step3,c444a6eac0c7b6cd317bc71d70e09e8e9d8b0a57308ceb8b4c11921129cc5ae1
G|LP0660|ConsensusExact|step3|attempt_1,G-226efa7b88e0dd2d8c6dbcfbc488418fae72a9ea,G,target,LP0660,Consensus,consensus_exact_step3_estimate,1,google/gemma-4-31B-it,4199f9c609a7a36b200f9559b6eb337dda713c231f478ffdcbedda6d4191a312,ec9f25e6b68d12ca6182161cdc389e0da99a8cff29c47b015f1d07a6633e4cf0,consensus_benchmark_exact_v1,prompt_compiler_v2_split_g_f,1304351268,pending,Q001,"{""Q001"": ""consensus_estimate_co2_warms_planet""}",consensus_exact_step3,c444a6eac0c7b6cd317bc71d70e09e8e9d8b0a57308ceb8b4c11921129cc5ae1
G|LP0661|ConsensusExact|step3|attempt_1,G-d2869e8b244df7aab0593b2ce6e440d86cb8629f,G,target,LP0661,Consensus,consensus_exact_step3_estimate,1,google/gemma-4-31B-it,59069082639040795cc62d3eb7524519da6e2fca4404770ab9d33f80fb636b2e,ec9f25e6b68d12ca6182161cdc389e0da99a8cff29c47b015f1d07a6633e4cf0,consensus_benchmark_exact_v1,prompt_compiler_v2_split_g_f,1230714051,pending,Q001,"{""Q001"": ""consensus_estimate_human_primary_cause""}",consensus_exact_step3,c444a6eac0c7b6cd317bc71d70e09e8e9d8b0a57308ceb8b4c11921129cc5ae1
G|LP0662|ConsensusExact|step3|attempt_1,G-9895dc9754dd714c080b39a11bb2fe259f1d348c,G,target,LP0662,Consensus,consensus_exact_step3_estimate,1,google/gemma-4-31B-it,a1744b4cf9df99c8fa3368f0fc30623573a26d92fb5c6ca415202a40ad4c5cf1,ec9f25e6b68d12ca6182161cdc389e0da99a8cff29c47b015f1d07a6633e4cf0,consensus_benchmark_exact_v1,prompt_compiler_v2_split_g_f,101263997,pending,Q001,"{""Q001"": ""consensus_estimate_human_primary_cause""}",consensus_exact_step3,c444a6eac0c7b6cd317bc71d70e09e8e9d8b0a57308ceb8b4c11921129cc5ae1
G|LP0663|ConsensusExact|step3|attempt_1,G-6c2091764b8a0d0a414d37e4119712bed9b07ec5,G,target,LP0663,Consensus,consensus_exact_step3_estimate,1,google/gemma-4-31B-it,d24fcd06242c2128e9202d7458d8a4c565e0a885d7603facef401d627bae481a,ec9f25e6b68d12ca6182161cdc389e0da99a8cff29c47b015f1d07a6633e4cf0,consensus_benchmark_exact_v1,prompt_compiler_v2_split_g_f,600518648,pending,Q001,"{""Q001"": ""consensus_estimate_human_primary_cause""}",consensus_exact_step3,c444a6eac0c7b6cd317bc71d70e09e8e9d8b0a57308ceb8b4c11921129cc5ae1
G|LP0664|ConsensusExact|step3|attempt_1,G-93783db3812c2a1f9301aa9f73e3dfc314b2b60d,G,target,LP0664,Consensus,consensus_exact_step3_estimate,1,google/gemma-4-31B-it,6884d961aefcb65ffe2cd1af30ad70a91711dbc44f1f411c38da511e8cfe68cf,ec9f25e6b68d12ca6182161cdc389e0da99a8cff29c47b015f1d07a6633e4cf0,consensus_benchmark_exact_v1,prompt_compiler_v2_split_g_f,672966024,pending,Q001,"{""Q001"": ""consensus_estimate_co2_warms_planet""}",consensus_exact_step3,c444a6eac0c7b6cd317bc71d70e09e8e9d8b0a57308ceb8b4c11921129cc5ae1
G|LP0665|ConsensusExact|step3|attempt_1,G-648e4e33192c82cd1a604c7ad583acf981b82362,G,target,LP0665,Consensus,consensus_exact_step3_estimate,1,google/gemma-4-31B-it,905d1ff6ff62552ab36061f8ec5811cd36faef92cb4510c8fe58eee3090d2149,ec9f25e6b68d12ca6182161cdc389e0da99a8cff29c47b015f1d07a6633e4cf0,consensus_benchmark_exact_v1,prompt_compiler_v2_split_g_f,1648959284,pending,Q001,"{""Q001"": ""consensus_estimate_human_primary_cause""}",consensus_exact_step3,c444a6eac0c7b6cd317bc71d70e09e8e9d8b0a57308ceb8b4c11921129cc5ae1
G|LP0666|ConsensusExact|step3|attempt_1,G-a9b5a322e3c03935a60d57e3336011d888aa11eb,G,target,LP0666,Consensus,consensus_exact_step3_estimate,1,google/gemma-4-31B-it,7e73905ef31ace620320a31bc9625c68e107068572eb0a0cfd9d18b87c23ab27,ec9f25e6b68d12ca6182161cdc389e0da99a8cff29c47b015f1d07a6633e4cf0,consensus_benchmark_exact_v1,prompt_compiler_v2_split_g_f,925597565,pending,Q001,"{""Q001"": ""consensus_estimate_co2_warms_planet""}",consensus_exact_step3,c444a6eac0c7b6cd317bc71d70e09e8e9d8b0a57308ceb8b4c11921129cc5ae1
G|LP0667|ConsensusExact|step3|attempt_1,G-4c06fc99aaa5fccd5a5290a90f104bac12811e4d,G,target,LP0667,Consensus,consensus_exact_step3_estimate,1,google/gemma-4-31B-it,aac9c0806d1c7fb27607c5a3c681856df545808a4ef9791a2f15626a141f43f9,ec9f25e6b68d12ca6182161cdc389e0da99a8cff29c47b015f1d07a6633e4cf0,consensus_benchmark_exact_v1,prompt_compiler_v2_split_g_f,1119090177,pending,Q001,"{""Q001"": ""consensus_estimate_co2_warms_planet""}",consensus_exact_step3,c444a6eac0c7b6cd317bc71d70e09e8e9d8b0a57308ceb8b4c11921129cc5ae1
G|LP0668|ConsensusExact|step3|attempt_1,G-7a5be16943cab67fbee69043ff50de2804e6b33b,G,target,LP0668,Consensus,consensus_exact_step3_estimate,1,google/gemma-4-31B-it,3e5d978e23dd967c842501f4a476eb7c1e320c2c70144a1ad82f82e02a89460f,ec9f25e6b68d12ca6182161cdc389e0da99a8cff29c47b015f1d07a6633e4cf0,consensus_benchmark_exact_v1,prompt_compiler_v2_split_g_f,948074835,pending,Q001,"{""Q001"": ""consensus_estimate_co2_warms_planet""}",consensus_exact_step3,c444a6eac0c7b6cd317bc71d70e09e8e9d8b0a57308ceb8b4c11921129cc5ae1
G|LP0669|ConsensusExact|step3|attempt_1,G-299cf78c307eb9038e22f887b043b4bdc3c5899a,G,target,LP0669,Consensus,consensus_exact_step3_estimate,1,google/gemma-4-31B-it,c0c9f882838a746da6557acf5ad44fcbfc2d979fc7c8110a993ea907df47cdc4,ec9f25e6b68d12ca6182161cdc389e0da99a8cff29c47b015f1d07a6633e4cf0,consensus_benchmark_exact_v1,prompt_compiler_v2_split_g_f,62433308,pending,Q001,"{""Q001"": ""consensus_estimate_human_primary_cause""}",consensus_exact_step3,c444a6eac0c7b6cd317bc71d70e09e8e9d8b0a57308ceb8b4c11921129cc5ae1
G|LP0670|ConsensusExact|step3|attempt_1,G-ee2159f9b20a14253d7c42544763053e26bdcea8,G,target,LP0670,Consensus,consensus_exact_step3_estimate,1,google/gemma-4-31B-it,b56d8a88bd1f2574179b95fe9685e82605d770e14d3b75c708effde7a0b8181b,ec9f25e6b68d12ca6182161cdc389e0da99a8cff29c47b015f1d07a6633e4cf0,consensus_benchmark_exact_v1,prompt_compiler_v2_split_g_f,239912988,pending,Q001,"{""Q001"": ""consensus_estimate_co2_warms_planet""}",consensus_exact_step3,c444a6eac0c7b6cd317bc71d70e09e8e9d8b0a57308ceb8b4c11921129cc5ae1
G|LP0671|ConsensusExact|step3|attempt_1,G-28573be1028daf87bb65b1f9a21f68ad6bb445c3,G,target,LP0671,Consensus,consensus_exact_step3_estimate,1,google/gemma-4-31B-it,53fff34d6ca5ed9059d189598df8068a766e123261951aeac990a7fb356c87bf,ec9f25e6b68d12ca6182161cdc389e0da99a8cff29c47b015f1d07a6633e4cf0,consensus_benchmark_exact_v1,prompt_compiler_v2_split_g_f,1396451145,pending,Q001,"{""Q001"": ""consensus_estimate_co2_warms_planet""}",consensus_exact_step3,c444a6eac0c7b6cd317bc71d70e09e8e9d8b0a57308ceb8b4c11921129cc5ae1
G|LP0672|ConsensusExact|step3|attempt_1,G-b69851686194b09c4626418716673d9625211c84,G,target,LP0672,Consensus,consensus_exact_step3_estimate,1,google/gemma-4-31B-it,93d416813459de7e0acb3c1feac112dc20e253282ad244c2e33888e83d27d563,ec9f25e6b68d12ca6182161cdc389e0da99a8cff29c47b015f1d07a6633e4cf0,consensus_benchmark_exact_v1,prompt_compiler_v2_split_g_f,1321554799,pending,Q001,"{""Q001"": ""consensus_estimate_human_primary_cause""}",consensus_exact_step3,c444a6eac0c7b6cd317bc71d70e09e8e9d8b0a57308ceb8b4c11921129cc5ae1
G|LP0673|ConsensusExact|step3|attempt_1,G-4e50fe5466a61b25734ee53e6f24467a857f113a,G,target,LP0673,Consensus,consensus_exact_step3_estimate,1,google/gemma-4-31B-it,6ab35dd8749379ae204c4770c76d551482a6b61c1af5550031ea3f0858f41021,ec9f25e6b68d12ca6182161cdc389e0da99a8cff29c47b015f1d07a6633e4cf0,consensus_benchmark_exact_v1,prompt_compiler_v2_split_g_f,55056335,pending,Q001,"{""Q001"": ""consensus_estimate_human_primary_cause""}",consensus_exact_step3,c444a6eac0c7b6cd317bc71d70e09e8e9d8b0a57308ceb8b4c11921129cc5ae1
G|LP0674|ConsensusExact|step3|attempt_1,G-8c2bb683980ba8301bdd3e1f032ebec8359e91ad,G,target,LP0674,Consensus,consensus_exact_step3_estimate,1,google/gemma-4-31B-it,24f006b53c3531e05cdc8efdca0400a1a14c8d7099ad3db6c4f109c73c3f62e6,ec9f25e6b68d12ca6182161cdc389e0da99a8cff29c47b015f1d07a6633e4cf0,consensus_benchmark_exact_v1,prompt_compiler_v2_split_g_f,811799865,pending,Q001,"{""Q001"": ""consensus_estimate_human_primary_cause""}",consensus_exact_step3,c444a6eac0c7b6cd317bc71d70e09e8e9d8b0a57308ceb8b4c11921129cc5ae1
G|LP0675|ConsensusExact|step3|attempt_1,G-57454c955086c2e20c92b9ed7bf4328a1a29a543,G,target,LP0675,Consensus,consensus_exact_step3_estimate,1,google/gemma-4-31B-it,68a5b894553ba442f0c1cb426358406428619586f01443a5e78e7aede60fc3e4,ec9f25e6b68d12ca6182161cdc389e0da99a8cff29c47b015f1d07a6633e4cf0,consensus_benchmark_exact_v1,prompt_compiler_v2_split_g_f,2131844109,pending,Q001,"{""Q001"": ""consensus_estimate_co2_warms_planet""}",consensus_exact_step3,c444a6eac0c7b6cd317bc71d70e09e8e9d8b0a57308ceb8b4c11921129cc5ae1
G|LP0676|ConsensusExact|step3|attempt_1,G-80b0da268262d321b9f5279a8109062cf73bd088,G,target,LP0676,Consensus,consensus_exact_step3_estimate,1,google/gemma-4-31B-it,bb0dc47dda47a7c81e8625e501a24f4d04c599109878556920520f0e64afad1e,ec9f25e6b68d12ca6182161cdc389e0da99a8cff29c47b015f1d07a6633e4cf0,consensus_benchmark_exact_v1,prompt_compiler_v2_split_g_f,63211376,pending,Q001,"{""Q001"": ""consensus_estimate_co2_warms_planet""}",consensus_exact_step3,c444a6eac0c7b6cd317bc71d70e09e8e9d8b0a57308ceb8b4c11921129cc5ae1
G|LP0677|ConsensusExact|step3|attempt_1,G-4d3d3a7d5e4b4e4baa7b7827f75aae2b0d7be51c,G,target,LP0677,Consensus,consensus_exact_step3_estimate,1,google/gemma-4-31B-it,9d786a5ecf68efdf99fd33bc45eaa54d7c9720fdca9a1737cf400e772f2b2575,ec9f25e6b68d12ca6182161cdc389e0da99a8cff29c47b015f1d07a6633e4cf0,consensus_benchmark_exact_v1,prompt_compiler_v2_split_g_f,2026226502,pending,Q001,"{""Q001"": ""consensus_estimate_co2_warms_planet""}",consensus_exact_step3,c444a6eac0c7b6cd317bc71d70e09e8e9d8b0a57308ceb8b4c11921129cc5ae1
G|LP0678|ConsensusExact|step3|attempt_1,G-b71a7c8e1b46ffe5734ec79f73d11c5b2988a43f,G,target,LP0678,Consensus,consensus_exact_step3_estimate,1,google/gemma-4-31B-it,b56528b65db41ebf00c393bc3cfd7ec802c920b49bcee73776f956f9cd3a64fb,ec9f25e6b68d12ca6182161cdc389e0da99a8cff29c47b015f1d07a6633e4cf0,consensus_benchmark_exact_v1,prompt_compiler_v2_split_g_f,159119620,pending,Q001,"{""Q001"": ""consensus_estimate_human_primary_cause""}",consensus_exact_step3,c444a6eac0c7b6cd317bc71d70e09e8e9d8b0a57308ceb8b4c11921129cc5ae1
G|LP0679|ConsensusExact|step3|attempt_1,G-c09f0b6db2fe60e9ad01026eda1e48c4ee79f4ee,G,target,LP0679,Consensus,consensus_exact_step3_estimate,1,google/gemma-4-31B-it,be9340e3be4ffaf54478677344b68355b5f4e259983910fb30bce059c7dae804,ec9f25e6b68d12ca6182161cdc389e0da99a8cff29c47b015f1d07a6633e4cf0,consensus_benchmark_exact_v1,prompt_compiler_v2_split_g_f,876378055,pending,Q001,"{""Q001"": ""consensus_estimate_human_primary_cause""}",consensus_exact_step3,c444a6eac0c7b6cd317bc71d70e09e8e9d8b0a57308ceb8b4c11921129cc5ae1
G|LP0680|ConsensusExact|step3|attempt_1,G-42d0b2d927b9a1433a090d28acb5b52a84ddfe3b,G,target,LP0680,Consensus,consensus_exact_step3_estimate,1,google/gemma-4-31B-it,58997f4b3efe246fe4dc3fd5e82048d3267be740f06b368e9ca8483b33ef0137,ec9f25e6b68d12ca6182161cdc389e0da99a8cff29c47b015f1d07a6633e4cf0,consensus_benchmark_exact_v1,prompt_compiler_v2_split_g_f,760940278,pending,Q001,"{""Q001"": ""consensus_estimate_human_primary_cause""}",consensus_exact_step3,c444a6eac0c7b6cd317bc71d70e09e8e9d8b0a57308ceb8b4c11921129cc5ae1
G|LP0681|ConsensusExact|step3|attempt_1,G-b5fcc0b2c5b715c493f78419bbbc9cd4381ef94f,G,target,LP0681,Consensus,consensus_exact_step3_estimate,1,google/gemma-4-31B-it,dc01e254f2743617601e6be7114c2d56c33017d717bf41878309f62fcf424bb1,ec9f25e6b68d12ca6182161cdc389e0da99a8cff29c47b015f1d07a6633e4cf0,consensus_benchmark_exact_v1,prompt_compiler_v2_split_g_f,833656620,pending,Q001,"{""Q001"": ""consensus_estimate_human_primary_cause""}",consensus_exact_step3,c444a6eac0c7b6cd317bc71d70e09e8e9d8b0a57308ceb8b4c11921129cc5ae1
G|LP0682|ConsensusExact|step3|attempt_1,G-b3a563d3aa82599e785ce4ac495805d99f84e9ec,G,target,LP0682,Consensus,consensus_exact_step3_estimate,1,google/gemma-4-31B-it,50eec102235bc2feae929693bd68169c11cbf2ca176df33bf9f04a652793ef1f,ec9f25e6b68d12ca6182161cdc389e0da99a8cff29c47b015f1d07a6633e4cf0,consensus_benchmark_exact_v1,prompt_compiler_v2_split_g_f,298656072,pending,Q001,"{""Q001"": ""consensus_estimate_co2_warms_planet""}",consensus_exact_step3,c444a6eac0c7b6cd317bc71d70e09e8e9d8b0a57308ceb8b4c11921129cc5ae1
G|LP0683|ConsensusExact|step3|attempt_1,G-5d57d2f89bd315d0295f37eeee61f15579c383cc,G,target,LP0683,Consensus,consensus_exact_step3_estimate,1,google/gemma-4-31B-it,8e990726d03f85bc571cfb73bf291d04f63da487843c7b2c23f3d6c243bc1aef,ec9f25e6b68d12ca6182161cdc389e0da99a8cff29c47b015f1d07a6633e4cf0,consensus_benchmark_exact_v1,prompt_compiler_v2_split_g_f,1451408322,pending,Q001,"{""Q001"": ""consensus_estimate_human_primary_cause""}",consensus_exact_step3,c444a6eac0c7b6cd317bc71d70e09e8e9d8b0a57308ceb8b4c11921129cc5ae1
G|LP0684|ConsensusExact|step3|attempt_1,G-9dda6e1cfe3e31a8ff24b170250aa401bab9f139,G,target,LP0684,Consensus,consensus_exact_step3_estimate,1,google/gemma-4-31B-it,9c5f28b55bdcebc61de1239db351053896e234914b6a7e560abcb6dd53f815e4,ec9f25e6b68d12ca6182161cdc389e0da99a8cff29c47b015f1d07a6633e4cf0,consensus_benchmark_exact_v1,prompt_compiler_v2_split_g_f,972230116,pending,Q001,"{""Q001"": ""consensus_estimate_human_primary_cause""}",consensus_exact_step3,c444a6eac0c7b6cd317bc71d70e09e8e9d8b0a57308ceb8b4c11921129cc5ae1
G|LP0685|ConsensusExact|step3|attempt_1,G-b22f736e678e8df5604ef90e5b227dced6d185c3,G,target,LP0685,Consensus,consensus_exact_step3_estimate,1,google/gemma-4-31B-it,6c5d088530dcbe4209bba7dc21dbe0d9dc62ba988fa1acc427008d9412642957,ec9f25e6b68d12ca6182161cdc389e0da99a8cff29c47b015f1d07a6633e4cf0,consensus_benchmark_exact_v1,prompt_compiler_v2_split_g_f,1273853140,pending,Q001,"{""Q001"": ""consensus_estimate_co2_warms_planet""}",consensus_exact_step3,c444a6eac0c7b6cd317bc71d70e09e8e9d8b0a57308ceb8b4c11921129cc5ae1
G|LP0686|ConsensusExact|step3|attempt_1,G-48c727343609843fa90036eab366821b0a5f6976,G,target,LP0686,Consensus,consensus_exact_step3_estimate,1,google/gemma-4-31B-it,90522428f87675434a32ce70baf750476d5e86198b87a5fb13d7c57ed27448fe,ec9f25e6b68d12ca6182161cdc389e0da99a8cff29c47b015f1d07a6633e4cf0,consensus_benchmark_exact_v1,prompt_compiler_v2_split_g_f,1201132200,pending,Q001,"{""Q001"": ""consensus_estimate_human_primary_cause""}",consensus_exact_step3,c444a6eac0c7b6cd317bc71d70e09e8e9d8b0a57308ceb8b4c11921129cc5ae1
G|LP0687|ConsensusExact|step3|attempt_1,G-7690a388433aec1e64f19c27352bc7c846c7971c,G,target,LP0687,Consensus,consensus_exact_step3_estimate,1,google/gemma-4-31B-it,c7aa7b661380c535246303393a91f03f862ece1064cd82a9dee112ce730d8819,ec9f25e6b68d12ca6182161cdc389e0da99a8cff29c47b015f1d07a6633e4cf0,consensus_benchmark_exact_v1,prompt_compiler_v2_split_g_f,811348784,pending,Q001,"{""Q001"": ""consensus_estimate_co2_warms_planet""}",consensus_exact_step3,c444a6eac0c7b6cd317bc71d70e09e8e9d8b0a57308ceb8b4c11921129cc5ae1
G|LP0688|ConsensusExact|step3|attempt_1,G-2c0a60a8cd514709929da4dba7245f8cf4e55ee9,G,target,LP0688,Consensus,consensus_exact_step3_estimate,1,google/gemma-4-31B-it,882596c939159aac51c0dd0fbfdfa1bf70873c084e89478f34ac963825ca214d,ec9f25e6b68d12ca6182161cdc389e0da99a8cff29c47b015f1d07a6633e4cf0,consensus_benchmark_exact_v1,prompt_compiler_v2_split_g_f,627443803,pending,Q001,"{""Q001"": ""consensus_estimate_co2_warms_planet""}",consensus_exact_step3,c444a6eac0c7b6cd317bc71d70e09e8e9d8b0a57308ceb8b4c11921129cc5ae1
G|LP0689|ConsensusExact|step3|attempt_1,G-4cdd71658c08bc5788698f8c43a36c851ec4519d,G,target,LP0689,Consensus,consensus_exact_step3_estimate,1,google/gemma-4-31B-it,d8962cc3d6782c924707e52c5b7431bd2a046aa9d0b531024a98b73cf6dd1620,ec9f25e6b68d12ca6182161cdc389e0da99a8cff29c47b015f1d07a6633e4cf0,consensus_benchmark_exact_v1,prompt_compiler_v2_split_g_f,633577251,pending,Q001,"{""Q001"": ""consensus_estimate_co2_warms_planet""}",consensus_exact_step3,c444a6eac0c7b6cd317bc71d70e09e8e9d8b0a57308ceb8b4c11921129cc5ae1
G|LP0690|ConsensusExact|step3|attempt_1,G-7d98657b6af76c5c774b733aaabf6379793fcedc,G,target,LP0690,Consensus,consensus_exact_step3_estimate,1,google/gemma-4-31B-it,e77782e4a88bbe854dfb99c4730d08a50ddfd5349ad3f875f0d73e4055819f75,ec9f25e6b68d12ca6182161cdc389e0da99a8cff29c47b015f1d07a6633e4cf0,consensus_benchmark_exact_v1,prompt_compiler_v2_split_g_f,1713911636,pending,Q001,"{""Q001"": ""consensus_estimate_human_primary_cause""}",consensus_exact_step3,c444a6eac0c7b6cd317bc71d70e09e8e9d8b0a57308ceb8b4c11921129cc5ae1
G|LP0691|ConsensusExact|step3|attempt_1,G-ffa62b32b995b2482468e24f753d0e3bbc8de7c0,G,target,LP0691,Consensus,consensus_exact_step3_estimate,1,google/gemma-4-31B-it,0d638f29349d3236172a9eebd75b9332b48748961c5870e28ad582b43327c2d8,ec9f25e6b68d12ca6182161cdc389e0da99a8cff29c47b015f1d07a6633e4cf0,consensus_benchmark_exact_v1,prompt_compiler_v2_split_g_f,954337457,pending,Q001,"{""Q001"": ""consensus_estimate_human_primary_cause""}",consensus_exact_step3,c444a6eac0c7b6cd317bc71d70e09e8e9d8b0a57308ceb8b4c11921129cc5ae1
G|LP0692|ConsensusExact|step3|attempt_1,G-a78a70b968a3c398d163a52e2030037d69a2d9ac,G,target,LP0692,Consensus,consensus_exact_step3_estimate,1,google/gemma-4-31B-it,e93efd71960e6e409daa03e0e7acebd8727dc59e6e95d7633e841d4ac98a3021,ec9f25e6b68d12ca6182161cdc389e0da99a8cff29c47b015f1d07a6633e4cf0,consensus_benchmark_exact_v1,prompt_compiler_v2_split_g_f,934847757,pending,Q001,"{""Q001"": ""consensus_estimate_co2_warms_planet""}",consensus_exact_step3,c444a6eac0c7b6cd317bc71d70e09e8e9d8b0a57308ceb8b4c11921129cc5ae1
G|LP0693|ConsensusExact|step3|attempt_1,G-5e96640319a88a3ca9e5e50eb3a9b19e9a254755,G,target,LP0693,Consensus,consensus_exact_step3_estimate,1,google/gemma-4-31B-it,da478619221e32afe9e45f8845b87ce4f933e85f72a157034c33173137129de8,ec9f25e6b68d12ca6182161cdc389e0da99a8cff29c47b015f1d07a6633e4cf0,consensus_benchmark_exact_v1,prompt_compiler_v2_split_g_f,1456820803,pending,Q001,"{""Q001"": ""consensus_estimate_co2_warms_planet""}",consensus_exact_step3,c444a6eac0c7b6cd317bc71d70e09e8e9d8b0a57308ceb8b4c11921129cc5ae1
G|LP0694|ConsensusExact|step3|attempt_1,G-784f7f465475e38295f319ad1da3617b185d134a,G,target,LP0694,Consensus,consensus_exact_step3_estimate,1,google/gemma-4-31B-it,931e57abbec2b35930ea74092640f7173e40bca13cf58e717a1776d39d180b15,ec9f25e6b68d12ca6182161cdc389e0da99a8cff29c47b015f1d07a6633e4cf0,consensus_benchmark_exact_v1,prompt_compiler_v2_split_g_f,1158996496,pending,Q001,"{""Q001"": ""consensus_estimate_co2_warms_planet""}",consensus_exact_step3,c444a6eac0c7b6cd317bc71d70e09e8e9d8b0a57308ceb8b4c11921129cc5ae1
G|LP0695|ConsensusExact|step3|attempt_1,G-af30b344449d3fa7b40e66ed30e48c5751de7cd6,G,target,LP0695,Consensus,consensus_exact_step3_estimate,1,google/gemma-4-31B-it,fc1dff3864b49bc16ac61b40139266ccd24e71c0f78514d5e93daa2f934ee698,ec9f25e6b68d12ca6182161cdc389e0da99a8cff29c47b015f1d07a6633e4cf0,consensus_benchmark_exact_v1,prompt_compiler_v2_split_g_f,587114034,pending,Q001,"{""Q001"": ""consensus_estimate_co2_warms_planet""}",consensus_exact_step3,c444a6eac0c7b6cd317bc71d70e09e8e9d8b0a57308ceb8b4c11921129cc5ae1
G|LP0696|ConsensusExact|step3|attempt_1,G-bb3e1ce0235f6d8344b16dd06dc6446a4a2bd010,G,target,LP0696,Consensus,consensus_exact_step3_estimate,1,google/gemma-4-31B-it,bd4cf917f477a04e843fdaf5acb5fa6369ed76118af8e769cbd50d641d998bc3,ec9f25e6b68d12ca6182161cdc389e0da99a8cff29c47b015f1d07a6633e4cf0,consensus_benchmark_exact_v1,prompt_compiler_v2_split_g_f,433825606,pending,Q001,"{""Q001"": ""consensus_estimate_co2_warms_planet""}",consensus_exact_step3,c444a6eac0c7b6cd317bc71d70e09e8e9d8b0a57308ceb8b4c11921129cc5ae1
G|LP0697|ConsensusExact|step3|attempt_1,G-0d4e8759e95feab536ffbda1a62df572fa9889f4,G,target,LP0697,Consensus,consensus_exact_step3_estimate,1,google/gemma-4-31B-it,f6c103682ed749ff3c46188d36a9cd5f8854b71ca941b15dbf253961f6010ff5,ec9f25e6b68d12ca6182161cdc389e0da99a8cff29c47b015f1d07a6633e4cf0,consensus_benchmark_exact_v1,prompt_compiler_v2_split_g_f,66910569,pending,Q001,"{""Q001"": ""consensus_estimate_co2_warms_planet""}",consensus_exact_step3,c444a6eac0c7b6cd317bc71d70e09e8e9d8b0a57308ceb8b4c11921129cc5ae1
G|LP0698|ConsensusExact|step3|attempt_1,G-1f2ad743fc8a270e6484334b7a56dac5f32022d1,G,target,LP0698,Consensus,consensus_exact_step3_estimate,1,google/gemma-4-31B-it,b914775a89b3d1b3740bf844dec82dcf2ed939cbb9499e73926626c99a3d0e38,ec9f25e6b68d12ca6182161cdc389e0da99a8cff29c47b015f1d07a6633e4cf0,consensus_benchmark_exact_v1,prompt_compiler_v2_split_g_f,987747734,pending,Q001,"{""Q001"": ""consensus_estimate_human_primary_cause""}",consensus_exact_step3,c444a6eac0c7b6cd317bc71d70e09e8e9d8b0a57308ceb8b4c11921129cc5ae1
G|LP0699|ConsensusExact|step3|attempt_1,G-591143d33beabe6c39f8ba0ae6fe1471abfd3e4c,G,target,LP0699,Consensus,consensus_exact_step3_estimate,1,google/gemma-4-31B-it,14ffb675b873556964413edd85d134ef265822421fdacd990eb5cc7a4e121c7b,ec9f25e6b68d12ca6182161cdc389e0da99a8cff29c47b015f1d07a6633e4cf0,consensus_benchmark_exact_v1,prompt_compiler_v2_split_g_f,1846363667,pending,Q001,"{""Q001"": ""consensus_estimate_human_primary_cause""}",consensus_exact_step3,c444a6eac0c7b6cd317bc71d70e09e8e9d8b0a57308ceb8b4c11921129cc5ae1
G|LP0700|ConsensusExact|step3|attempt_1,G-11c2049476cf4e3b12ac4d8f6ce7644b64158a17,G,target,LP0700,Consensus,consensus_exact_step3_estimate,1,google/gemma-4-31B-it,9ab0596810efbd4219f64311abf8f6fb70f2b63863fadf830792cf23f4df2985,ec9f25e6b68d12ca6182161cdc389e0da99a8cff29c47b015f1d07a6633e4cf0,consensus_benchmark_exact_v1,prompt_compiler_v2_split_g_f,441669476,pending,Q001,"{""Q001"": ""consensus_estimate_human_primary_cause""}",consensus_exact_step3,c444a6eac0c7b6cd317bc71d70e09e8e9d8b0a57308ceb8b4c11921129cc5ae1
G|LP0701|ConsensusExact|step3|attempt_1,G-064a81eebe16949a21dd2cf0ad10604fb33b95b8,G,target,LP0701,Consensus,consensus_exact_step3_estimate,1,google/gemma-4-31B-it,90f1f2768a2a9a0c0da2b4c2395bc2213559ea7c762b0bca3198ae2c8fef1de0,ec9f25e6b68d12ca6182161cdc389e0da99a8cff29c47b015f1d07a6633e4cf0,consensus_benchmark_exact_v1,prompt_compiler_v2_split_g_f,1252759671,pending,Q001,"{""Q001"": ""consensus_estimate_co2_warms_planet""}",consensus_exact_step3,c444a6eac0c7b6cd317bc71d70e09e8e9d8b0a57308ceb8b4c11921129cc5ae1
G|LP0702|ConsensusExact|step3|attempt_1,G-60b4451e1a6eebd448d8a90c366dfc2aa796e9fd,G,target,LP0702,Consensus,consensus_exact_step3_estimate,1,google/gemma-4-31B-it,3a745d4d29a6c47fa77a58fc1f04ffb161fadc4d2b7fa45d71c72ca7769ac74d,ec9f25e6b68d12ca6182161cdc389e0da99a8cff29c47b015f1d07a6633e4cf0,consensus_benchmark_exact_v1,prompt_compiler_v2_split_g_f,1540847121,pending,Q001,"{""Q001"": ""consensus_estimate_co2_warms_planet""}",consensus_exact_step3,c444a6eac0c7b6cd317bc71d70e09e8e9d8b0a57308ceb8b4c11921129cc5ae1
G|LP0703|ConsensusExact|step3|attempt_1,G-12d19279ec3c461aadc4d3e7c7491e95a416d5ee,G,target,LP0703,Consensus,consensus_exact_step3_estimate,1,google/gemma-4-31B-it,d9e829020c611319f196d7e4ba0bc71af309c39c3eed963a8953f3edb8792b25,ec9f25e6b68d12ca6182161cdc389e0da99a8cff29c47b015f1d07a6633e4cf0,consensus_benchmark_exact_v1,prompt_compiler_v2_split_g_f,299854606,pending,Q001,"{""Q001"": ""consensus_estimate_co2_warms_planet""}",consensus_exact_step3,c444a6eac0c7b6cd317bc71d70e09e8e9d8b0a57308ceb8b4c11921129cc5ae1
G|LP0704|ConsensusExact|step3|attempt_1,G-ff3e343687fb9f81b2bf0572ac11c424a9158681,G,target,LP0704,Consensus,consensus_exact_step3_estimate,1,google/gemma-4-31B-it,cbb2c2774efae441d5e9e6002ec9611b458093bf9a252f903ffd15ff91231a9e,ec9f25e6b68d12ca6182161cdc389e0da99a8cff29c47b015f1d07a6633e4cf0,consensus_benchmark_exact_v1,prompt_compiler_v2_split_g_f,108529650,pending,Q001,"{""Q001"": ""consensus_estimate_co2_warms_planet""}",consensus_exact_step3,c444a6eac0c7b6cd317bc71d70e09e8e9d8b0a57308ceb8b4c11921129cc5ae1
G|LP0705|ConsensusExact|step3|attempt_1,G-13cb7f688afe40d70e9793341bb39911283f8ee9,G,target,LP0705,Consensus,consensus_exact_step3_estimate,1,google/gemma-4-31B-it,67fdcfbea61314920f111f2fc4cae03ad8bf290549ce8f0953aac56984ea735d,ec9f25e6b68d12ca6182161cdc389e0da99a8cff29c47b015f1d07a6633e4cf0,consensus_benchmark_exact_v1,prompt_compiler_v2_split_g_f,848641960,pending,Q001,"{""Q001"": ""consensus_estimate_co2_warms_planet""}",consensus_exact_step3,c444a6eac0c7b6cd317bc71d70e09e8e9d8b0a57308ceb8b4c11921129cc5ae1
G|LP0706|ConsensusExact|step3|attempt_1,G-0188e5db6e7b36f275c1792683f1f54f96151a05,G,target,LP0706,Consensus,consensus_exact_step3_estimate,1,google/gemma-4-31B-it,f1fa12a1650087894614afb1abbc93d074496474719bbdfb6883f002d79b2b7b,ec9f25e6b68d12ca6182161cdc389e0da99a8cff29c47b015f1d07a6633e4cf0,consensus_benchmark_exact_v1,prompt_compiler_v2_split_g_f,1905066664,pending,Q001,"{""Q001"": ""consensus_estimate_human_primary_cause""}",consensus_exact_step3,c444a6eac0c7b6cd317bc71d70e09e8e9d8b0a57308ceb8b4c11921129cc5ae1
G|LP0707|ConsensusExact|step3|attempt_1,G-ab3daa0cfc92f83a65979615fffaf755f6938728,G,target,LP0707,Consensus,consensus_exact_step3_estimate,1,google/gemma-4-31B-it,d1e8be35f27e4473583aedd1541fe530078a2d96041080005382dafacc9c8cf0,ec9f25e6b68d12ca6182161cdc389e0da99a8cff29c47b015f1d07a6633e4cf0,consensus_benchmark_exact_v1,prompt_compiler_v2_split_g_f,1393445974,pending,Q001,"{""Q001"": ""consensus_estimate_human_primary_cause""}",consensus_exact_step3,c444a6eac0c7b6cd317bc71d70e09e8e9d8b0a57308ceb8b4c11921129cc5ae1
G|LP0708|ConsensusExact|step3|attempt_1,G-d52cba83335c56f1a5c47aa185991abafe63a5cb,G,target,LP0708,Consensus,consensus_exact_step3_estimate,1,google/gemma-4-31B-it,237b2685f22cf4eaea6891ca402c13cfc4cdd68dac91a29272d894e489314cc1,ec9f25e6b68d12ca6182161cdc389e0da99a8cff29c47b015f1d07a6633e4cf0,consensus_benchmark_exact_v1,prompt_compiler_v2_split_g_f,1572195322,pending,Q001,"{""Q001"": ""consensus_estimate_co2_warms_planet""}",consensus_exact_step3,c444a6eac0c7b6cd317bc71d70e09e8e9d8b0a57308ceb8b4c11921129cc5ae1
G|LP0709|ConsensusExact|step3|attempt_1,G-531700094c4f423dbfc50d9c06f11bd82c6f0726,G,target,LP0709,Consensus,consensus_exact_step3_estimate,1,google/gemma-4-31B-it,fab329bdeab681e5d71eb194ab20180e8f6e517469563bc6171942baddf28afe,ec9f25e6b68d12ca6182161cdc389e0da99a8cff29c47b015f1d07a6633e4cf0,consensus_benchmark_exact_v1,prompt_compiler_v2_split_g_f,1920811600,pending,Q001,"{""Q001"": ""consensus_estimate_human_primary_cause""}",consensus_exact_step3,c444a6eac0c7b6cd317bc71d70e09e8e9d8b0a57308ceb8b4c11921129cc5ae1
G|LP0710|ConsensusExact|step3|attempt_1,G-19643f0d890bbdf8f8f10f9d6a9627f468cce663,G,target,LP0710,Consensus,consensus_exact_step3_estimate,1,google/gemma-4-31B-it,c3a63443beed41df5eb3baf37e1f41944f52f6a09a4bf3e378291ba33c2ce863,ec9f25e6b68d12ca6182161cdc389e0da99a8cff29c47b015f1d07a6633e4cf0,consensus_benchmark_exact_v1,prompt_compiler_v2_split_g_f,1003764755,pending,Q001,"{""Q001"": ""consensus_estimate_human_primary_cause""}",consensus_exact_step3,c444a6eac0c7b6cd317bc71d70e09e8e9d8b0a57308ceb8b4c11921129cc5ae1
G|LP0711|ConsensusExact|step3|attempt_1,G-761bea9dcf04e0bcc089c16b7cdd3cf8d9352c20,G,target,LP0711,Consensus,consensus_exact_step3_estimate,1,google/gemma-4-31B-it,8ae64bc1a4574326c1887df209c7575d090833c4272d10d6128c3ec0683bc949,ec9f25e6b68d12ca6182161cdc389e0da99a8cff29c47b015f1d07a6633e4cf0,consensus_benchmark_exact_v1,prompt_compiler_v2_split_g_f,993834489,pending,Q001,"{""Q001"": ""consensus_estimate_co2_warms_planet""}",consensus_exact_step3,c444a6eac0c7b6cd317bc71d70e09e8e9d8b0a57308ceb8b4c11921129cc5ae1
G|LP0712|ConsensusExact|step3|attempt_1,G-90f69d1a34b7c00bc47444e8eaecacff843c6d17,G,target,LP0712,Consensus,consensus_exact_step3_estimate,1,google/gemma-4-31B-it,37462aaf02e1b0df355ff4cd438e10bbadb5e1b0cb9a9848b1bf7059fc0e8520,ec9f25e6b68d12ca6182161cdc389e0da99a8cff29c47b015f1d07a6633e4cf0,consensus_benchmark_exact_v1,prompt_compiler_v2_split_g_f,1453652545,pending,Q001,"{""Q001"": ""consensus_estimate_co2_warms_planet""}",consensus_exact_step3,c444a6eac0c7b6cd317bc71d70e09e8e9d8b0a57308ceb8b4c11921129cc5ae1
G|LP0713|ConsensusExact|step3|attempt_1,G-b171d6925438e9f445bd91caf11a7560913340f2,G,target,LP0713,Consensus,consensus_exact_step3_estimate,1,google/gemma-4-31B-it,6294999a5128df5c75742c7746b8e721cb98ef8727e7e93f8a7eb164d58dbf93,ec9f25e6b68d12ca6182161cdc389e0da99a8cff29c47b015f1d07a6633e4cf0,consensus_benchmark_exact_v1,prompt_compiler_v2_split_g_f,924620571,pending,Q001,"{""Q001"": ""consensus_estimate_human_primary_cause""}",consensus_exact_step3,c444a6eac0c7b6cd317bc71d70e09e8e9d8b0a57308ceb8b4c11921129cc5ae1
G|LP0714|ConsensusExact|step3|attempt_1,G-c5ae852d71e0a6f1a9f667df33e5f7611850a135,G,target,LP0714,Consensus,consensus_exact_step3_estimate,1,google/gemma-4-31B-it,e962816e564a0f536317193e3c317e3d741a1ab8253b0c6adb69423d42547b30,ec9f25e6b68d12ca6182161cdc389e0da99a8cff29c47b015f1d07a6633e4cf0,consensus_benchmark_exact_v1,prompt_compiler_v2_split_g_f,2101195086,pending,Q001,"{""Q001"": ""consensus_estimate_co2_warms_planet""}",consensus_exact_step3,c444a6eac0c7b6cd317bc71d70e09e8e9d8b0a57308ceb8b4c11921129cc5ae1
G|LP0715|ConsensusExact|step3|attempt_1,G-b905cd241b1ba6119b0a529a34ee4f4997c3557e,G,target,LP0715,Consensus,consensus_exact_step3_estimate,1,google/gemma-4-31B-it,c2f3bf21788dadd7573221343f096194cb27def6e2ff575e5f2ec419ae57c3d4,ec9f25e6b68d12ca6182161cdc389e0da99a8cff29c47b015f1d07a6633e4cf0,consensus_benchmark_exact_v1,prompt_compiler_v2_split_g_f,220676188,pending,Q001,"{""Q001"": ""consensus_estimate_human_primary_cause""}",consensus_exact_step3,c444a6eac0c7b6cd317bc71d70e09e8e9d8b0a57308ceb8b4c11921129cc5ae1
G|LP0716|ConsensusExact|step3|attempt_1,G-ac25dd8e59fbae001df0a0205d79c450ce914782,G,target,LP0716,Consensus,consensus_exact_step3_estimate,1,google/gemma-4-31B-it,c652b6e19f5268e70f3570677cccf52bd0f60238f262d11b11431faf914f7971,ec9f25e6b68d12ca6182161cdc389e0da99a8cff29c47b015f1d07a6633e4cf0,consensus_benchmark_exact_v1,prompt_compiler_v2_split_g_f,843540767,pending,Q001,"{""Q001"": ""consensus_estimate_co2_warms_planet""}",consensus_exact_step3,c444a6eac0c7b6cd317bc71d70e09e8e9d8b0a57308ceb8b4c11921129cc5ae1
G|LP0717|ConsensusExact|step3|attempt_1,G-f68831f36594bc715ca9d20e0579173cb5cd2220,G,target,LP0717,Consensus,consensus_exact_step3_estimate,1,google/gemma-4-31B-it,b894d16b680daff7700eb04053ea02fc4a694afb3a2c4f7ea6c63ddfcf8ece6f,ec9f25e6b68d12ca6182161cdc389e0da99a8cff29c47b015f1d07a6633e4cf0,consensus_benchmark_exact_v1,prompt_compiler_v2_split_g_f,1386553435,pending,Q001,"{""Q001"": ""consensus_estimate_co2_warms_planet""}",consensus_exact_step3,c444a6eac0c7b6cd317bc71d70e09e8e9d8b0a57308ceb8b4c11921129cc5ae1
G|LP0718|ConsensusExact|step3|attempt_1,G-5cc7c0620ef77ff142dbdaa91a7b2c4b7932e2af,G,target,LP0718,Consensus,consensus_exact_step3_estimate,1,google/gemma-4-31B-it,5ce89b70130bee1a753496ce2412e66e9977d9e214658bc118f1e981405e2786,ec9f25e6b68d12ca6182161cdc389e0da99a8cff29c47b015f1d07a6633e4cf0,consensus_benchmark_exact_v1,prompt_compiler_v2_split_g_f,1216807094,pending,Q001,"{""Q001"": ""consensus_estimate_co2_warms_planet""}",consensus_exact_step3,c444a6eac0c7b6cd317bc71d70e09e8e9d8b0a57308ceb8b4c11921129cc5ae1
G|LP0719|ConsensusExact|step3|attempt_1,G-0204b4f09400fb6b14ba7f5a3966642c1826e6ee,G,target,LP0719,Consensus,consensus_exact_step3_estimate,1,google/gemma-4-31B-it,75c15e8495274d02086cc588cb67d0a99196fb23a17c97d49dc30175bce7c577,ec9f25e6b68d12ca6182161cdc389e0da99a8cff29c47b015f1d07a6633e4cf0,consensus_benchmark_exact_v1,prompt_compiler_v2_split_g_f,403334476,pending,Q001,"{""Q001"": ""consensus_estimate_co2_warms_planet""}",consensus_exact_step3,c444a6eac0c7b6cd317bc71d70e09e8e9d8b0a57308ceb8b4c11921129cc5ae1
G|LP0720|ConsensusExact|step3|attempt_1,G-5498f77d7159bff43b55d3f24029cd8e5fd83367,G,target,LP0720,Consensus,consensus_exact_step3_estimate,1,google/gemma-4-31B-it,83153b53a238d58fa6f6fc7b0acad5cfa66b1374f8d327201e440275cc674360,ec9f25e6b68d12ca6182161cdc389e0da99a8cff29c47b015f1d07a6633e4cf0,consensus_benchmark_exact_v1,prompt_compiler_v2_split_g_f,445361904,pending,Q001,"{""Q001"": ""consensus_estimate_co2_warms_planet""}",consensus_exact_step3,c444a6eac0c7b6cd317bc71d70e09e8e9d8b0a57308ceb8b4c11921129cc5ae1
G|LP0721|ConsensusExact|step3|attempt_1,G-f7cd370d917684f3054127054ac4fbad23e31726,G,target,LP0721,Consensus,consensus_exact_step3_estimate,1,google/gemma-4-31B-it,d354fe72b661f863b56fdb20b21dec1feef68b228f66df7c4a1389639706870a,ec9f25e6b68d12ca6182161cdc389e0da99a8cff29c47b015f1d07a6633e4cf0,consensus_benchmark_exact_v1,prompt_compiler_v2_split_g_f,17888018,pending,Q001,"{""Q001"": ""consensus_estimate_co2_warms_planet""}",consensus_exact_step3,c444a6eac0c7b6cd317bc71d70e09e8e9d8b0a57308ceb8b4c11921129cc5ae1
G|LP0722|ConsensusExact|step3|attempt_1,G-1a80803eefff1f0d89b0abdacea65e1157eeb814,G,target,LP0722,Consensus,consensus_exact_step3_estimate,1,google/gemma-4-31B-it,5ad16137d42736170749ce8b7a905efafad6e59d92d98e812727dc0480dd244f,ec9f25e6b68d12ca6182161cdc389e0da99a8cff29c47b015f1d07a6633e4cf0,consensus_benchmark_exact_v1,prompt_compiler_v2_split_g_f,620765067,pending,Q001,"{""Q001"": ""consensus_estimate_co2_warms_planet""}",consensus_exact_step3,c444a6eac0c7b6cd317bc71d70e09e8e9d8b0a57308ceb8b4c11921129cc5ae1
G|LP0723|ConsensusExact|step3|attempt_1,G-133f0461a1d8e761bf2b3a01abd51e4c2a7dbfb9,G,target,LP0723,Consensus,consensus_exact_step3_estimate,1,google/gemma-4-31B-it,7c5df26f4761a1b3616bb4ed42d7cc45e93999cb98a435b9bc9806e74101cdf5,ec9f25e6b68d12ca6182161cdc389e0da99a8cff29c47b015f1d07a6633e4cf0,consensus_benchmark_exact_v1,prompt_compiler_v2_split_g_f,1213657124,pending,Q001,"{""Q001"": ""consensus_estimate_co2_warms_planet""}",consensus_exact_step3,c444a6eac0c7b6cd317bc71d70e09e8e9d8b0a57308ceb8b4c11921129cc5ae1
G|LP0724|ConsensusExact|step3|attempt_1,G-cb93cb10842f38d23f29632b4e4684d2a7176304,G,target,LP0724,Consensus,consensus_exact_step3_estimate,1,google/gemma-4-31B-it,af81b145be7feff07698d881a258992ee06ef1a76ae5c584616b5836f5733d1e,ec9f25e6b68d12ca6182161cdc389e0da99a8cff29c47b015f1d07a6633e4cf0,consensus_benchmark_exact_v1,prompt_compiler_v2_split_g_f,458673910,pending,Q001,"{""Q001"": ""consensus_estimate_co2_warms_planet""}",consensus_exact_step3,c444a6eac0c7b6cd317bc71d70e09e8e9d8b0a57308ceb8b4c11921129cc5ae1
G|LP0725|ConsensusExact|step3|attempt_1,G-b0a5694ba9d85541a43cc36084c63fa33e3ff79d,G,target,LP0725,Consensus,consensus_exact_step3_estimate,1,google/gemma-4-31B-it,2aff8249e9a93f0bdc9e8846ac4f97040b72c7d12b2c7ae4c095f3e592d2b5e5,ec9f25e6b68d12ca6182161cdc389e0da99a8cff29c47b015f1d07a6633e4cf0,consensus_benchmark_exact_v1,prompt_compiler_v2_split_g_f,186853339,pending,Q001,"{""Q001"": ""consensus_estimate_co2_warms_planet""}",consensus_exact_step3,c444a6eac0c7b6cd317bc71d70e09e8e9d8b0a57308ceb8b4c11921129cc5ae1
G|LP0726|ConsensusExact|step3|attempt_1,G-d3ea9213fc1d69b45c9e04f83d1cb56d0284ebde,G,target,LP0726,Consensus,consensus_exact_step3_estimate,1,google/gemma-4-31B-it,f14ef7fefa0e6733f64b7a8510938e903c86d4533d4481a40580700ad870d0db,ec9f25e6b68d12ca6182161cdc389e0da99a8cff29c47b015f1d07a6633e4cf0,consensus_benchmark_exact_v1,prompt_compiler_v2_split_g_f,603098591,pending,Q001,"{""Q001"": ""consensus_estimate_co2_warms_planet""}",consensus_exact_step3,c444a6eac0c7b6cd317bc71d70e09e8e9d8b0a57308ceb8b4c11921129cc5ae1
G|LP0727|ConsensusExact|step3|attempt_1,G-f9b5249464188ef67aa2139c3ae2393cb2f8ee77,G,target,LP0727,Consensus,consensus_exact_step3_estimate,1,google/gemma-4-31B-it,5dce5e1e5778e7e6ac0f9d7e3fbd92f6c86d4ad8ff6c3a60f06d4e862c816636,ec9f25e6b68d12ca6182161cdc389e0da99a8cff29c47b015f1d07a6633e4cf0,consensus_benchmark_exact_v1,prompt_compiler_v2_split_g_f,1468192802,pending,Q001,"{""Q001"": ""consensus_estimate_co2_warms_planet""}",consensus_exact_step3,c444a6eac0c7b6cd317bc71d70e09e8e9d8b0a57308ceb8b4c11921129cc5ae1
G|LP0728|ConsensusExact|step3|attempt_1,G-a9929101c09db778c2706411e454a086c8d23038,G,target,LP0728,Consensus,consensus_exact_step3_estimate,1,google/gemma-4-31B-it,0c5a2642df11ebc722670985582c7f2580034db8ccb70a8c5cf359bbdd3231b4,ec9f25e6b68d12ca6182161cdc389e0da99a8cff29c47b015f1d07a6633e4cf0,consensus_benchmark_exact_v1,prompt_compiler_v2_split_g_f,331536766,pending,Q001,"{""Q001"": ""consensus_estimate_human_primary_cause""}",consensus_exact_step3,c444a6eac0c7b6cd317bc71d70e09e8e9d8b0a57308ceb8b4c11921129cc5ae1
G|LP0729|ConsensusExact|step3|attempt_1,G-6b75acc58796da7948545aae16545add1a528398,G,target,LP0729,Consensus,consensus_exact_step3_estimate,1,google/gemma-4-31B-it,acefffab81e2df4bd986d74b33995bd4129fc966b1d139ba40ecdee4d718e5d6,ec9f25e6b68d12ca6182161cdc389e0da99a8cff29c47b015f1d07a6633e4cf0,consensus_benchmark_exact_v1,prompt_compiler_v2_split_g_f,1585591301,pending,Q001,"{""Q001"": ""consensus_estimate_human_primary_cause""}",consensus_exact_step3,c444a6eac0c7b6cd317bc71d70e09e8e9d8b0a57308ceb8b4c11921129cc5ae1
G|LP0730|ConsensusExact|step3|attempt_1,G-7fcbb08d9f90b6637c37368066890a4386ae6ea1,G,target,LP0730,Consensus,consensus_exact_step3_estimate,1,google/gemma-4-31B-it,bc03df916b30c312bc8cc2ea528253392e0a50cdc41923c9c1f8ea17a45c18b7,ec9f25e6b68d12ca6182161cdc389e0da99a8cff29c47b015f1d07a6633e4cf0,consensus_benchmark_exact_v1,prompt_compiler_v2_split_g_f,522721152,pending,Q001,"{""Q001"": ""consensus_estimate_human_primary_cause""}",consensus_exact_step3,c444a6eac0c7b6cd317bc71d70e09e8e9d8b0a57308ceb8b4c11921129cc5ae1
G|LP0731|ConsensusExact|step3|attempt_1,G-69cc3434a0536b503c7b95a8daa56ee8e5a49aaa,G,target,LP0731,Consensus,consensus_exact_step3_estimate,1,google/gemma-4-31B-it,7ea1d9c37959e55d591a72a522bd9e0a2e9e7d28caa353bcd1daa0d85d993d72,ec9f25e6b68d12ca6182161cdc389e0da99a8cff29c47b015f1d07a6633e4cf0,consensus_benchmark_exact_v1,prompt_compiler_v2_split_g_f,1944835002,pending,Q001,"{""Q001"": ""consensus_estimate_co2_warms_planet""}",consensus_exact_step3,c444a6eac0c7b6cd317bc71d70e09e8e9d8b0a57308ceb8b4c11921129cc5ae1
G|LP0732|ConsensusExact|step3|attempt_1,G-cdafd89fcaa9fa6004130c87a46129cee5a56ca6,G,target,LP0732,Consensus,consensus_exact_step3_estimate,1,google/gemma-4-31B-it,04d74799cf2414128828164a4dea47bde7e3c79f08e82964dbec40af218fcc9b,ec9f25e6b68d12ca6182161cdc389e0da99a8cff29c47b015f1d07a6633e4cf0,consensus_benchmark_exact_v1,prompt_compiler_v2_split_g_f,1711909794,pending,Q001,"{""Q001"": ""consensus_estimate_co2_warms_planet""}",consensus_exact_step3,c444a6eac0c7b6cd317bc71d70e09e8e9d8b0a57308ceb8b4c11921129cc5ae1
G|LP0733|ConsensusExact|step3|attempt_1,G-cbe890d4c4eb9af6ecd2f2173e54ca45538ab604,G,target,LP0733,Consensus,consensus_exact_step3_estimate,1,google/gemma-4-31B-it,63ce2c803b7cb49873349ee95860fdde75f9afbd2afbc746be5968dcacab0f4c,ec9f25e6b68d12ca6182161cdc389e0da99a8cff29c47b015f1d07a6633e4cf0,consensus_benchmark_exact_v1,prompt_compiler_v2_split_g_f,1555872930,pending,Q001,"{""Q001"": ""consensus_estimate_co2_warms_planet""}",consensus_exact_step3,c444a6eac0c7b6cd317bc71d70e09e8e9d8b0a57308ceb8b4c11921129cc5ae1
G|LP0734|ConsensusExact|step3|attempt_1,G-37ad1594193be5fa2df3041f8ba8398bba34ed46,G,target,LP0734,Consensus,consensus_exact_step3_estimate,1,google/gemma-4-31B-it,d24c84226d64d08f9a602f4e29c487ebcbaf6dd64701dab747703fdb8d5c0505,ec9f25e6b68d12ca6182161cdc389e0da99a8cff29c47b015f1d07a6633e4cf0,consensus_benchmark_exact_v1,prompt_compiler_v2_split_g_f,144052515,pending,Q001,"{""Q001"": ""consensus_estimate_co2_warms_planet""}",consensus_exact_step3,c444a6eac0c7b6cd317bc71d70e09e8e9d8b0a57308ceb8b4c11921129cc5ae1
G|LP0735|ConsensusExact|step3|attempt_1,G-f5a668cee0cae9b8cda82b56352fe1f5ca46cd8c,G,target,LP0735,Consensus,consensus_exact_step3_estimate,1,google/gemma-4-31B-it,7a56235b6ce6d36446c9ce5dd687841b30b51f85779b394f5bf7825e835f72a2,ec9f25e6b68d12ca6182161cdc389e0da99a8cff29c47b015f1d07a6633e4cf0,consensus_benchmark_exact_v1,prompt_compiler_v2_split_g_f,1276623705,pending,Q001,"{""Q001"": ""consensus_estimate_co2_warms_planet""}",consensus_exact_step3,c444a6eac0c7b6cd317bc71d70e09e8e9d8b0a57308ceb8b4c11921129cc5ae1
G|LP0736|ConsensusExact|step3|attempt_1,G-a828b725a7e721655b2c5bb2786f836666c6bd63,G,target,LP0736,Consensus,consensus_exact_step3_estimate,1,google/gemma-4-31B-it,b242fa0a8c1afb195fb78fc870f4c37e96ca1e6f745d9b19139df9b77b86ef09,ec9f25e6b68d12ca6182161cdc389e0da99a8cff29c47b015f1d07a6633e4cf0,consensus_benchmark_exact_v1,prompt_compiler_v2_split_g_f,2016972722,pending,Q001,"{""Q001"": ""consensus_estimate_human_primary_cause""}",consensus_exact_step3,c444a6eac0c7b6cd317bc71d70e09e8e9d8b0a57308ceb8b4c11921129cc5ae1
G|LP0737|ConsensusExact|step3|attempt_1,G-5fec5e83ad36b4c543661cd0a7056606a47a5b70,G,target,LP0737,Consensus,consensus_exact_step3_estimate,1,google/gemma-4-31B-it,cd8dfaaf523e29387bd0d849d96bd9927f0311bf7558e59d0d70b38a4d4a8082,ec9f25e6b68d12ca6182161cdc389e0da99a8cff29c47b015f1d07a6633e4cf0,consensus_benchmark_exact_v1,prompt_compiler_v2_split_g_f,1829728717,pending,Q001,"{""Q001"": ""consensus_estimate_human_primary_cause""}",consensus_exact_step3,c444a6eac0c7b6cd317bc71d70e09e8e9d8b0a57308ceb8b4c11921129cc5ae1
G|LP0738|ConsensusExact|step3|attempt_1,G-2cbcd228726c823d985a6d3b2bda2bd062a2dd9e,G,target,LP0738,Consensus,consensus_exact_step3_estimate,1,google/gemma-4-31B-it,c34ad71d067e9e45f40cedcb4e74f2370e7154573389183d1c404da24183c864,ec9f25e6b68d12ca6182161cdc389e0da99a8cff29c47b015f1d07a6633e4cf0,consensus_benchmark_exact_v1,prompt_compiler_v2_split_g_f,1273374350,pending,Q001,"{""Q001"": ""consensus_estimate_co2_warms_planet""}",consensus_exact_step3,c444a6eac0c7b6cd317bc71d70e09e8e9d8b0a57308ceb8b4c11921129cc5ae1
G|LP0739|ConsensusExact|step3|attempt_1,G-df6a5a94de1042a358edb37eae8953fa4c8ffc58,G,target,LP0739,Consensus,consensus_exact_step3_estimate,1,google/gemma-4-31B-it,ed8ec63ac5f7c631c31514c605fb113ba956c9896882012fc1b35b2968e22e8d,ec9f25e6b68d12ca6182161cdc389e0da99a8cff29c47b015f1d07a6633e4cf0,consensus_benchmark_exact_v1,prompt_compiler_v2_split_g_f,484767696,pending,Q001,"{""Q001"": ""consensus_estimate_co2_warms_planet""}",consensus_exact_step3,c444a6eac0c7b6cd317bc71d70e09e8e9d8b0a57308ceb8b4c11921129cc5ae1
G|LP0740|ConsensusExact|step3|attempt_1,G-17678490453acbe4dfd500a36ff11887eecb8d2f,G,target,LP0740,Consensus,consensus_exact_step3_estimate,1,google/gemma-4-31B-it,fcc93afa108eabfb4231723192824f3585b6f043e2b5a09e353f75cacdd36d95,ec9f25e6b68d12ca6182161cdc389e0da99a8cff29c47b015f1d07a6633e4cf0,consensus_benchmark_exact_v1,prompt_compiler_v2_split_g_f,1946801412,pending,Q001,"{""Q001"": ""consensus_estimate_co2_warms_planet""}",consensus_exact_step3,c444a6eac0c7b6cd317bc71d70e09e8e9d8b0a57308ceb8b4c11921129cc5ae1
G|LP0741|ConsensusExact|step3|attempt_1,G-499b4d0ac5b85f5448266f963218fa4b2dab3347,G,target,LP0741,Consensus,consensus_exact_step3_estimate,1,google/gemma-4-31B-it,65d9271594d7cb104793f97742a521c46f8d5b44506125eaf7625ad41d95516a,ec9f25e6b68d12ca6182161cdc389e0da99a8cff29c47b015f1d07a6633e4cf0,consensus_benchmark_exact_v1,prompt_compiler_v2_split_g_f,1492056426,pending,Q001,"{""Q001"": ""consensus_estimate_human_primary_cause""}",consensus_exact_step3,c444a6eac0c7b6cd317bc71d70e09e8e9d8b0a57308ceb8b4c11921129cc5ae1
G|LP0742|ConsensusExact|step3|attempt_1,G-c08043176d5f0c4b40e28999d278027cc9a569e6,G,target,LP0742,Consensus,consensus_exact_step3_estimate,1,google/gemma-4-31B-it,ddc65bc5397b61b63a9ff384b1523023a0c405ce7b73d60c11878114e3cf3a85,ec9f25e6b68d12ca6182161cdc389e0da99a8cff29c47b015f1d07a6633e4cf0,consensus_benchmark_exact_v1,prompt_compiler_v2_split_g_f,1851757180,pending,Q001,"{""Q001"": ""consensus_estimate_human_primary_cause""}",consensus_exact_step3,c444a6eac0c7b6cd317bc71d70e09e8e9d8b0a57308ceb8b4c11921129cc5ae1
G|LP0743|ConsensusExact|step3|attempt_1,G-793e84cf87973557a78612dc0190913d667a98a4,G,target,LP0743,Consensus,consensus_exact_step3_estimate,1,google/gemma-4-31B-it,6830fd6cf0ff49e301ea772723c53178efae85de3b077807eb0af4812ecbff5a,ec9f25e6b68d12ca6182161cdc389e0da99a8cff29c47b015f1d07a6633e4cf0,consensus_benchmark_exact_v1,prompt_compiler_v2_split_g_f,2048147191,pending,Q001,"{""Q001"": ""consensus_estimate_co2_warms_planet""}",consensus_exact_step3,c444a6eac0c7b6cd317bc71d70e09e8e9d8b0a57308ceb8b4c11921129cc5ae1
G|LP0744|ConsensusExact|step3|attempt_1,G-7e02f01d3af4c86e73a844b4e6d3b9709cdb595b,G,target,LP0744,Consensus,consensus_exact_step3_estimate,1,google/gemma-4-31B-it,e7fbccd9a9f1106376a9ce749911d9e29aa280c6407fbac8f906fc98acbdc69b,ec9f25e6b68d12ca6182161cdc389e0da99a8cff29c47b015f1d07a6633e4cf0,consensus_benchmark_exact_v1,prompt_compiler_v2_split_g_f,922396842,pending,Q001,"{""Q001"": ""consensus_estimate_co2_warms_planet""}",consensus_exact_step3,c444a6eac0c7b6cd317bc71d70e09e8e9d8b0a57308ceb8b4c11921129cc5ae1
G|LP0745|ConsensusExact|step3|attempt_1,G-b4453655d780bdbc4a0da93b0c4f9d278c97ddba,G,target,LP0745,Consensus,consensus_exact_step3_estimate,1,google/gemma-4-31B-it,761a6510b666d9740a61d406e5c64d310ac684cfbb2e699d53b16ff52a13ee55,ec9f25e6b68d12ca6182161cdc389e0da99a8cff29c47b015f1d07a6633e4cf0,consensus_benchmark_exact_v1,prompt_compiler_v2_split_g_f,1074473578,pending,Q001,"{""Q001"": ""consensus_estimate_human_primary_cause""}",consensus_exact_step3,c444a6eac0c7b6cd317bc71d70e09e8e9d8b0a57308ceb8b4c11921129cc5ae1
G|LP0746|ConsensusExact|step3|attempt_1,G-1873d24aa918724f22273317b8f5698cf6e7c793,G,target,LP0746,Consensus,consensus_exact_step3_estimate,1,google/gemma-4-31B-it,eb18835c75cb71d63f22edfdb1716d74c9f8415c8cfae32f39a32ea1a6502b57,ec9f25e6b68d12ca6182161cdc389e0da99a8cff29c47b015f1d07a6633e4cf0,consensus_benchmark_exact_v1,prompt_compiler_v2_split_g_f,1509955300,pending,Q001,"{""Q001"": ""consensus_estimate_human_primary_cause""}",consensus_exact_step3,c444a6eac0c7b6cd317bc71d70e09e8e9d8b0a57308ceb8b4c11921129cc5ae1
G|LP0747|ConsensusExact|step3|attempt_1,G-0e43c86028aa644639e1bdc498ebec545e95188e,G,target,LP0747,Consensus,consensus_exact_step3_estimate,1,google/gemma-4-31B-it,45c9cd97c4f117cc4e890c6d3d80624d5ca87b146b48be2bf9d651f10374be75,ec9f25e6b68d12ca6182161cdc389e0da99a8cff29c47b015f1d07a6633e4cf0,consensus_benchmark_exact_v1,prompt_compiler_v2_split_g_f,1160901894,pending,Q001,"{""Q001"": ""consensus_estimate_human_primary_cause""}",consensus_exact_step3,c444a6eac0c7b6cd317bc71d70e09e8e9d8b0a57308ceb8b4c11921129cc5ae1
G|LP0748|ConsensusExact|step3|attempt_1,G-ca7f157f49f95e687bf079d13d9c9968df62b61b,G,target,LP0748,Consensus,consensus_exact_step3_estimate,1,google/gemma-4-31B-it,71eb61abb6b187b917659b6103d106d245019f3423c1189ab3f3e795b887a606,ec9f25e6b68d12ca6182161cdc389e0da99a8cff29c47b015f1d07a6633e4cf0,consensus_benchmark_exact_v1,prompt_compiler_v2_split_g_f,1593280873,pending,Q001,"{""Q001"": ""consensus_estimate_human_primary_cause""}",consensus_exact_step3,c444a6eac0c7b6cd317bc71d70e09e8e9d8b0a57308ceb8b4c11921129cc5ae1
G|LP0749|ConsensusExact|step3|attempt_1,G-cac4e8fd47f68e424bbc3b6cfbdfabdcf3e42618,G,target,LP0749,Consensus,consensus_exact_step3_estimate,1,google/gemma-4-31B-it,4a36a5808dadb7d0daea069c2feb1b6b1b66b1216ee37f2ebb8b0e0903c9434f,ec9f25e6b68d12ca6182161cdc389e0da99a8cff29c47b015f1d07a6633e4cf0,consensus_benchmark_exact_v1,prompt_compiler_v2_split_g_f,1568694335,pending,Q001,"{""Q001"": ""consensus_estimate_co2_warms_planet""}",consensus_exact_step3,c444a6eac0c7b6cd317bc71d70e09e8e9d8b0a57308ceb8b4c11921129cc5ae1
G|LP0750|ConsensusExact|step3|attempt_1,G-2dbdd0c05862241a1f8e198bf0899fc805e0de2c,G,target,LP0750,Consensus,consensus_exact_step3_estimate,1,google/gemma-4-31B-it,c80ed960ad12d9eefbbae4f9620de2976145a1c523ebbdb8ba819012ca342d04,ec9f25e6b68d12ca6182161cdc389e0da99a8cff29c47b015f1d07a6633e4cf0,consensus_benchmark_exact_v1,prompt_compiler_v2_split_g_f,870172059,pending,Q001,"{""Q001"": ""consensus_estimate_human_primary_cause""}",consensus_exact_step3,c444a6eac0c7b6cd317bc71d70e09e8e9d8b0a57308ceb8b4c11921129cc5ae1
G|LP0751|ConsensusExact|step3|attempt_1,G-497526cdafa41c902c0f44578755615fcf3d9287,G,target,LP0751,Consensus,consensus_exact_step3_estimate,1,google/gemma-4-31B-it,b661a137723d811d02f325df7c924986f090db8158b09d62183a3cf880a8d0a5,ec9f25e6b68d12ca6182161cdc389e0da99a8cff29c47b015f1d07a6633e4cf0,consensus_benchmark_exact_v1,prompt_compiler_v2_split_g_f,1116629548,pending,Q001,"{""Q001"": ""consensus_estimate_co2_warms_planet""}",consensus_exact_step3,c444a6eac0c7b6cd317bc71d70e09e8e9d8b0a57308ceb8b4c11921129cc5ae1
G|LP0752|ConsensusExact|step3|attempt_1,G-56edaa5f079b81e0e445b2c67d7ca2c09cb5a172,G,target,LP0752,Consensus,consensus_exact_step3_estimate,1,google/gemma-4-31B-it,a6910da8b94b55a5fdb69fbd416a3ff8d13b969130e40495213cdc37f0966fb9,ec9f25e6b68d12ca6182161cdc389e0da99a8cff29c47b015f1d07a6633e4cf0,consensus_benchmark_exact_v1,prompt_compiler_v2_split_g_f,896980639,pending,Q001,"{""Q001"": ""consensus_estimate_human_primary_cause""}",consensus_exact_step3,c444a6eac0c7b6cd317bc71d70e09e8e9d8b0a57308ceb8b4c11921129cc5ae1
G|LP0753|ConsensusExact|step3|attempt_1,G-9584fff18713adc185fa01b8800fcddca71735c9,G,target,LP0753,Consensus,consensus_exact_step3_estimate,1,google/gemma-4-31B-it,0304d630df6011adf1d87663b1b97bf2db031628ce9abfceee1d08679787f796,ec9f25e6b68d12ca6182161cdc389e0da99a8cff29c47b015f1d07a6633e4cf0,consensus_benchmark_exact_v1,prompt_compiler_v2_split_g_f,840805798,pending,Q001,"{""Q001"": ""consensus_estimate_co2_warms_planet""}",consensus_exact_step3,c444a6eac0c7b6cd317bc71d70e09e8e9d8b0a57308ceb8b4c11921129cc5ae1
G|LP0754|ConsensusExact|step3|attempt_1,G-064aa0e31b9c9388f8461c273b4480550b75679f,G,target,LP0754,Consensus,consensus_exact_step3_estimate,1,google/gemma-4-31B-it,b520a7c523911104fc3aee13a91d6e532caaeada5189036be8d510f49697152b,ec9f25e6b68d12ca6182161cdc389e0da99a8cff29c47b015f1d07a6633e4cf0,consensus_benchmark_exact_v1,prompt_compiler_v2_split_g_f,674354510,pending,Q001,"{""Q001"": ""consensus_estimate_human_primary_cause""}",consensus_exact_step3,c444a6eac0c7b6cd317bc71d70e09e8e9d8b0a57308ceb8b4c11921129cc5ae1
G|LP0755|ConsensusExact|step3|attempt_1,G-f7695a8e2da30cd8a68fed446cf1f3e282f21ed7,G,target,LP0755,Consensus,consensus_exact_step3_estimate,1,google/gemma-4-31B-it,ce07878b1f3cd1c16b6dc658469694f1592a71740f2a1fcdee5777e58bfa9813,ec9f25e6b68d12ca6182161cdc389e0da99a8cff29c47b015f1d07a6633e4cf0,consensus_benchmark_exact_v1,prompt_compiler_v2_split_g_f,477479416,pending,Q001,"{""Q001"": ""consensus_estimate_human_primary_cause""}",consensus_exact_step3,c444a6eac0c7b6cd317bc71d70e09e8e9d8b0a57308ceb8b4c11921129cc5ae1
G|LP0756|ConsensusExact|step3|attempt_1,G-44366288c75d9cfcac50a9fe97b4f50a79db72ed,G,target,LP0756,Consensus,consensus_exact_step3_estimate,1,google/gemma-4-31B-it,dea28483b19bcd7c097e8fad8b4f2f3af0090c8c2d1c93a629c3a88cb00ec8f6,ec9f25e6b68d12ca6182161cdc389e0da99a8cff29c47b015f1d07a6633e4cf0,consensus_benchmark_exact_v1,prompt_compiler_v2_split_g_f,1338663438,pending,Q001,"{""Q001"": ""consensus_estimate_human_primary_cause""}",consensus_exact_step3,c444a6eac0c7b6cd317bc71d70e09e8e9d8b0a57308ceb8b4c11921129cc5ae1
G|LP0757|ConsensusExact|step3|attempt_1,G-15211ff7f1b34746b4993888166fcfab7ac46455,G,target,LP0757,Consensus,consensus_exact_step3_estimate,1,google/gemma-4-31B-it,54fd47ece7276b81d75adeddfafbcc450e34f34dddaa4c5311f95af00878ee3e,ec9f25e6b68d12ca6182161cdc389e0da99a8cff29c47b015f1d07a6633e4cf0,consensus_benchmark_exact_v1,prompt_compiler_v2_split_g_f,469075766,pending,Q001,"{""Q001"": ""consensus_estimate_co2_warms_planet""}",consensus_exact_step3,c444a6eac0c7b6cd317bc71d70e09e8e9d8b0a57308ceb8b4c11921129cc5ae1
G|LP0758|ConsensusExact|step3|attempt_1,G-b7d552c8f1a33d19e0aab6c05a4726f73593b763,G,target,LP0758,Consensus,consensus_exact_step3_estimate,1,google/gemma-4-31B-it,2100aa1bb63114be4ec4a4e4f19d77b952794739a9c56ea60308c2e9cf291652,ec9f25e6b68d12ca6182161cdc389e0da99a8cff29c47b015f1d07a6633e4cf0,consensus_benchmark_exact_v1,prompt_compiler_v2_split_g_f,1632494253,pending,Q001,"{""Q001"": ""consensus_estimate_human_primary_cause""}",consensus_exact_step3,c444a6eac0c7b6cd317bc71d70e09e8e9d8b0a57308ceb8b4c11921129cc5ae1
G|LP0759|ConsensusExact|step3|attempt_1,G-6fa09e88628e66a69eb3bb0921845b73b03815e0,G,target,LP0759,Consensus,consensus_exact_step3_estimate,1,google/gemma-4-31B-it,75f297f78b4c418f0c0ca6dacd45285bd5ebcae0cad3b2f20de672814d941c88,ec9f25e6b68d12ca6182161cdc389e0da99a8cff29c47b015f1d07a6633e4cf0,consensus_benchmark_exact_v1,prompt_compiler_v2_split_g_f,1104126904,pending,Q001,"{""Q001"": ""consensus_estimate_human_primary_cause""}",consensus_exact_step3,c444a6eac0c7b6cd317bc71d70e09e8e9d8b0a57308ceb8b4c11921129cc5ae1
G|LP0760|ConsensusExact|step3|attempt_1,G-e0cdeea47b7ab4f9a285f4573f62dbdea845b6ec,G,target,LP0760,Consensus,consensus_exact_step3_estimate,1,google/gemma-4-31B-it,6588b43eebb4a506a2cbbadaa8df8e3bf8e32ae805742677b1120eb309b4e1c3,ec9f25e6b68d12ca6182161cdc389e0da99a8cff29c47b015f1d07a6633e4cf0,consensus_benchmark_exact_v1,prompt_compiler_v2_split_g_f,1024889413,pending,Q001,"{""Q001"": ""consensus_estimate_co2_warms_planet""}",consensus_exact_step3,c444a6eac0c7b6cd317bc71d70e09e8e9d8b0a57308ceb8b4c11921129cc5ae1
G|LP0761|ConsensusExact|step3|attempt_1,G-515b12cde02f754dd19c4316594120fd06f07946,G,target,LP0761,Consensus,consensus_exact_step3_estimate,1,google/gemma-4-31B-it,e5712d0b2f14be3c3a314db96103ec0d9aee5c2236ef728cbcd0b2a32f1f477c,ec9f25e6b68d12ca6182161cdc389e0da99a8cff29c47b015f1d07a6633e4cf0,consensus_benchmark_exact_v1,prompt_compiler_v2_split_g_f,48601834,pending,Q001,"{""Q001"": ""consensus_estimate_co2_warms_planet""}",consensus_exact_step3,c444a6eac0c7b6cd317bc71d70e09e8e9d8b0a57308ceb8b4c11921129cc5ae1
G|LP0762|ConsensusExact|step3|attempt_1,G-6c97bb072ba51e8eaade37e08de5b7dd02391c93,G,target,LP0762,Consensus,consensus_exact_step3_estimate,1,google/gemma-4-31B-it,7434217b35b23895804c55fa2578b3ecbad1d68d90aaeb89e1fec630296353be,ec9f25e6b68d12ca6182161cdc389e0da99a8cff29c47b015f1d07a6633e4cf0,consensus_benchmark_exact_v1,prompt_compiler_v2_split_g_f,81040542,pending,Q001,"{""Q001"": ""consensus_estimate_human_primary_cause""}",consensus_exact_step3,c444a6eac0c7b6cd317bc71d70e09e8e9d8b0a57308ceb8b4c11921129cc5ae1
G|LP0763|ConsensusExact|step3|attempt_1,G-9a0705f26ee682ba56b2082a706497f2f2b29dec,G,target,LP0763,Consensus,consensus_exact_step3_estimate,1,google/gemma-4-31B-it,267022ed008bbeb7356e93123008642ade69afd51b95c2c5f3c10a5a90bd9496,ec9f25e6b68d12ca6182161cdc389e0da99a8cff29c47b015f1d07a6633e4cf0,consensus_benchmark_exact_v1,prompt_compiler_v2_split_g_f,586452641,pending,Q001,"{""Q001"": ""consensus_estimate_co2_warms_planet""}",consensus_exact_step3,c444a6eac0c7b6cd317bc71d70e09e8e9d8b0a57308ceb8b4c11921129cc5ae1
G|LP0764|ConsensusExact|step3|attempt_1,G-6105dab7eced1b59e1ed7b7af6943e7ccda2032f,G,target,LP0764,Consensus,consensus_exact_step3_estimate,1,google/gemma-4-31B-it,213d66245a7c6d393dbc7c9a3320f1fc5800c75e00790b2ea2848476ce712ea9,ec9f25e6b68d12ca6182161cdc389e0da99a8cff29c47b015f1d07a6633e4cf0,consensus_benchmark_exact_v1,prompt_compiler_v2_split_g_f,788058314,pending,Q001,"{""Q001"": ""consensus_estimate_co2_warms_planet""}",consensus_exact_step3,c444a6eac0c7b6cd317bc71d70e09e8e9d8b0a57308ceb8b4c11921129cc5ae1
G|LP0765|ConsensusExact|step3|attempt_1,G-980afc59d4e286bddf44d60b89ba9cb104fcd5be,G,target,LP0765,Consensus,consensus_exact_step3_estimate,1,google/gemma-4-31B-it,7e3b5cf227bc5ec9a40e05b52bd5621cad5312989330dc3f0f1c53582ccd393f,ec9f25e6b68d12ca6182161cdc389e0da99a8cff29c47b015f1d07a6633e4cf0,consensus_benchmark_exact_v1,prompt_compiler_v2_split_g_f,83394419,pending,Q001,"{""Q001"": ""consensus_estimate_co2_warms_planet""}",consensus_exact_step3,c444a6eac0c7b6cd317bc71d70e09e8e9d8b0a57308ceb8b4c11921129cc5ae1
G|LP0766|ConsensusExact|step3|attempt_1,G-ba820cb0ab2826609d7031922663c81591db114d,G,target,LP0766,Consensus,consensus_exact_step3_estimate,1,google/gemma-4-31B-it,52e2cfdd3304645a5a49bac751a88c2314a9a21f04983743cd25024512230974,ec9f25e6b68d12ca6182161cdc389e0da99a8cff29c47b015f1d07a6633e4cf0,consensus_benchmark_exact_v1,prompt_compiler_v2_split_g_f,539770820,pending,Q001,"{""Q001"": ""consensus_estimate_human_primary_cause""}",consensus_exact_step3,c444a6eac0c7b6cd317bc71d70e09e8e9d8b0a57308ceb8b4c11921129cc5ae1
G|LP0767|ConsensusExact|step3|attempt_1,G-9cc599f8b9384cb4a477fb705311464ca79ca908,G,target,LP0767,Consensus,consensus_exact_step3_estimate,1,google/gemma-4-31B-it,f7f9b9dc720441859aa4630bc1a2435ab966790e45cb6b365c9f0f5aa90eb575,ec9f25e6b68d12ca6182161cdc389e0da99a8cff29c47b015f1d07a6633e4cf0,consensus_benchmark_exact_v1,prompt_compiler_v2_split_g_f,1925415079,pending,Q001,"{""Q001"": ""consensus_estimate_co2_warms_planet""}",consensus_exact_step3,c444a6eac0c7b6cd317bc71d70e09e8e9d8b0a57308ceb8b4c11921129cc5ae1
G|LP0768|ConsensusExact|step3|attempt_1,G-f69d43de4b7948f9fa305910758262cc0c8c1aa5,G,target,LP0768,Consensus,consensus_exact_step3_estimate,1,google/gemma-4-31B-it,dc3b09d7cd3610dcb95cb7885dd98a072cdcc38b712e5ecd7187f77eec35e61e,ec9f25e6b68d12ca6182161cdc389e0da99a8cff29c47b015f1d07a6633e4cf0,consensus_benchmark_exact_v1,prompt_compiler_v2_split_g_f,951308473,pending,Q001,"{""Q001"": ""consensus_estimate_co2_warms_planet""}",consensus_exact_step3,c444a6eac0c7b6cd317bc71d70e09e8e9d8b0a57308ceb8b4c11921129cc5ae1
G|LP0769|ConsensusExact|step3|attempt_1,G-1e789c8bb790dbe3a900129b9300a7a322c875f4,G,target,LP0769,Consensus,consensus_exact_step3_estimate,1,google/gemma-4-31B-it,c013f5171ec9a04276858a984dd97f5f45088399cbf11de1a3559a171def45e6,ec9f25e6b68d12ca6182161cdc389e0da99a8cff29c47b015f1d07a6633e4cf0,consensus_benchmark_exact_v1,prompt_compiler_v2_split_g_f,1954682106,pending,Q001,"{""Q001"": ""consensus_estimate_co2_warms_planet""}",consensus_exact_step3,c444a6eac0c7b6cd317bc71d70e09e8e9d8b0a57308ceb8b4c11921129cc5ae1
G|LP0770|ConsensusExact|step3|attempt_1,G-3a250eb05b63e18d9e31931876a7eddeb07aacdb,G,target,LP0770,Consensus,consensus_exact_step3_estimate,1,google/gemma-4-31B-it,54be3caeb1ed665c4a9dbaaec78631ba9e3869763304bd8aeea6491061db232b,ec9f25e6b68d12ca6182161cdc389e0da99a8cff29c47b015f1d07a6633e4cf0,consensus_benchmark_exact_v1,prompt_compiler_v2_split_g_f,1336803054,pending,Q001,"{""Q001"": ""consensus_estimate_human_primary_cause""}",consensus_exact_step3,c444a6eac0c7b6cd317bc71d70e09e8e9d8b0a57308ceb8b4c11921129cc5ae1
G|LP0771|ConsensusExact|step3|attempt_1,G-e004b4b35625b90940b4bb8525eb46c59b94a67e,G,target,LP0771,Consensus,consensus_exact_step3_estimate,1,google/gemma-4-31B-it,ac102ade3901dbf49b3be51ef1342a5564c3b623d1f68c4dd446b7ff829d0d4e,ec9f25e6b68d12ca6182161cdc389e0da99a8cff29c47b015f1d07a6633e4cf0,consensus_benchmark_exact_v1,prompt_compiler_v2_split_g_f,372187763,pending,Q001,"{""Q001"": ""consensus_estimate_co2_warms_planet""}",consensus_exact_step3,c444a6eac0c7b6cd317bc71d70e09e8e9d8b0a57308ceb8b4c11921129cc5ae1
G|LP0772|ConsensusExact|step3|attempt_1,G-26c9253ee293e06c6438df2f1ed0b69d96924961,G,target,LP0772,Consensus,consensus_exact_step3_estimate,1,google/gemma-4-31B-it,f20c0f251b41d7bca1a6acf6937da848fde057e28e493a3bf0567965a9e82c0b,ec9f25e6b68d12ca6182161cdc389e0da99a8cff29c47b015f1d07a6633e4cf0,consensus_benchmark_exact_v1,prompt_compiler_v2_split_g_f,807807722,pending,Q001,"{""Q001"": ""consensus_estimate_co2_warms_planet""}",consensus_exact_step3,c444a6eac0c7b6cd317bc71d70e09e8e9d8b0a57308ceb8b4c11921129cc5ae1
G|LP0773|ConsensusExact|step3|attempt_1,G-27ccffa18ac94147d4aeba68148b3921883a6bad,G,target,LP0773,Consensus,consensus_exact_step3_estimate,1,google/gemma-4-31B-it,629d45123ef59f5ac578dfde49e284095279580e5ba046647b915c2365f6462c,ec9f25e6b68d12ca6182161cdc389e0da99a8cff29c47b015f1d07a6633e4cf0,consensus_benchmark_exact_v1,prompt_compiler_v2_split_g_f,1516454026,pending,Q001,"{""Q001"": ""consensus_estimate_co2_warms_planet""}",consensus_exact_step3,c444a6eac0c7b6cd317bc71d70e09e8e9d8b0a57308ceb8b4c11921129cc5ae1
G|LP0774|ConsensusExact|step3|attempt_1,G-f45d93ad1320960d654ebdb46ea716a6bab34e29,G,target,LP0774,Consensus,consensus_exact_step3_estimate,1,google/gemma-4-31B-it,8d2954b0012dacf2e92919e0771c1209e239ab43f12b4991a8d8a5a7df38541d,ec9f25e6b68d12ca6182161cdc389e0da99a8cff29c47b015f1d07a6633e4cf0,consensus_benchmark_exact_v1,prompt_compiler_v2_split_g_f,2077998442,pending,Q001,"{""Q001"": ""consensus_estimate_co2_warms_planet""}",consensus_exact_step3,c444a6eac0c7b6cd317bc71d70e09e8e9d8b0a57308ceb8b4c11921129cc5ae1
G|LP0775|ConsensusExact|step3|attempt_1,G-3746535aeee5c1d8153f21e42171380ae02881e5,G,target,LP0775,Consensus,consensus_exact_step3_estimate,1,google/gemma-4-31B-it,6fcf476c03cd6b3a110960a8436d54a9b7b88b85e1e901e38c0004a0331d6c07,ec9f25e6b68d12ca6182161cdc389e0da99a8cff29c47b015f1d07a6633e4cf0,consensus_benchmark_exact_v1,prompt_compiler_v2_split_g_f,1567778958,pending,Q001,"{""Q001"": ""consensus_estimate_human_primary_cause""}",consensus_exact_step3,c444a6eac0c7b6cd317bc71d70e09e8e9d8b0a57308ceb8b4c11921129cc5ae1
G|LP0776|ConsensusExact|step3|attempt_1,G-8ee1b46ac4b595dd2d9fa89d3b265b9eb48125eb,G,target,LP0776,Consensus,consensus_exact_step3_estimate,1,google/gemma-4-31B-it,8e3b5d669453a82d00f2254763897164c7b903a48c61ce4f6e60b399d1624d24,ec9f25e6b68d12ca6182161cdc389e0da99a8cff29c47b015f1d07a6633e4cf0,consensus_benchmark_exact_v1,prompt_compiler_v2_split_g_f,1652096692,pending,Q001,"{""Q001"": ""consensus_estimate_human_primary_cause""}",consensus_exact_step3,c444a6eac0c7b6cd317bc71d70e09e8e9d8b0a57308ceb8b4c11921129cc5ae1
G|LP0777|ConsensusExact|step3|attempt_1,G-c17cb908c6852456ceba9eef82aa4b5479e38f33,G,target,LP0777,Consensus,consensus_exact_step3_estimate,1,google/gemma-4-31B-it,dc8a348358c661d9b21800963729b1b087ccfc2135ff4b423d10464fe0af6543,ec9f25e6b68d12ca6182161cdc389e0da99a8cff29c47b015f1d07a6633e4cf0,consensus_benchmark_exact_v1,prompt_compiler_v2_split_g_f,1233032810,pending,Q001,"{""Q001"": ""consensus_estimate_co2_warms_planet""}",consensus_exact_step3,c444a6eac0c7b6cd317bc71d70e09e8e9d8b0a57308ceb8b4c11921129cc5ae1
G|LP0778|ConsensusExact|step3|attempt_1,G-582284eac7e915e526a07a73d6e672975f32b328,G,target,LP0778,Consensus,consensus_exact_step3_estimate,1,google/gemma-4-31B-it,462bc72ca096c1720c62adfe95718ff749944b7f8fbe00a77de994ea82893189,ec9f25e6b68d12ca6182161cdc389e0da99a8cff29c47b015f1d07a6633e4cf0,consensus_benchmark_exact_v1,prompt_compiler_v2_split_g_f,2016288699,pending,Q001,"{""Q001"": ""consensus_estimate_co2_warms_planet""}",consensus_exact_step3,c444a6eac0c7b6cd317bc71d70e09e8e9d8b0a57308ceb8b4c11921129cc5ae1
G|LP0779|ConsensusExact|step3|attempt_1,G-dda06678df2fae57e6e620539759a1950ef0e92b,G,target,LP0779,Consensus,consensus_exact_step3_estimate,1,google/gemma-4-31B-it,778003e9942e2f25514a46d1d8af17da650e08d9099a9f12102f111cd3d4739b,ec9f25e6b68d12ca6182161cdc389e0da99a8cff29c47b015f1d07a6633e4cf0,consensus_benchmark_exact_v1,prompt_compiler_v2_split_g_f,443579212,pending,Q001,"{""Q001"": ""consensus_estimate_co2_warms_planet""}",consensus_exact_step3,c444a6eac0c7b6cd317bc71d70e09e8e9d8b0a57308ceb8b4c11921129cc5ae1
G|LP0780|ConsensusExact|step3|attempt_1,G-0d04a4ae6f3eb4685129ea6896df323e4b6ca5aa,G,target,LP0780,Consensus,consensus_exact_step3_estimate,1,google/gemma-4-31B-it,2fba70971ba9956c5ff9b32d7c55170c20334d8cd63a119f314f1854c3f484a1,ec9f25e6b68d12ca6182161cdc389e0da99a8cff29c47b015f1d07a6633e4cf0,consensus_benchmark_exact_v1,prompt_compiler_v2_split_g_f,155712965,pending,Q001,"{""Q001"": ""consensus_estimate_co2_warms_planet""}",consensus_exact_step3,c444a6eac0c7b6cd317bc71d70e09e8e9d8b0a57308ceb8b4c11921129cc5ae1
G|LP0781|ConsensusExact|step3|attempt_1,G-26c06d24f2a555b1c392cc49bca086ec7ee6dfa7,G,target,LP0781,Consensus,consensus_exact_step3_estimate,1,google/gemma-4-31B-it,1e12a8d18b0922012f042282b0837851a3789f1a510e39e449ed5e8b4ece9b03,ec9f25e6b68d12ca6182161cdc389e0da99a8cff29c47b015f1d07a6633e4cf0,consensus_benchmark_exact_v1,prompt_compiler_v2_split_g_f,1076244475,pending,Q001,"{""Q001"": ""consensus_estimate_human_primary_cause""}",consensus_exact_step3,c444a6eac0c7b6cd317bc71d70e09e8e9d8b0a57308ceb8b4c11921129cc5ae1
G|LP0782|ConsensusExact|step3|attempt_1,G-6574a3fa2de7e72ed6c695630b77d70e0ef17d48,G,target,LP0782,Consensus,consensus_exact_step3_estimate,1,google/gemma-4-31B-it,662d709a5732b65e0777dd353ad7e8900d863cc8772bbbb179495a9d9366281c,ec9f25e6b68d12ca6182161cdc389e0da99a8cff29c47b015f1d07a6633e4cf0,consensus_benchmark_exact_v1,prompt_compiler_v2_split_g_f,2026975011,pending,Q001,"{""Q001"": ""consensus_estimate_human_primary_cause""}",consensus_exact_step3,c444a6eac0c7b6cd317bc71d70e09e8e9d8b0a57308ceb8b4c11921129cc5ae1
G|LP0783|ConsensusExact|step3|attempt_1,G-5a9f92e5f3e4457603c7fe8670cbe6b94860a623,G,target,LP0783,Consensus,consensus_exact_step3_estimate,1,google/gemma-4-31B-it,edc9e84fec35c6f948893880f463c35db80ad42a7ec6709b2d6f0ee4ee00a7d3,ec9f25e6b68d12ca6182161cdc389e0da99a8cff29c47b015f1d07a6633e4cf0,consensus_benchmark_exact_v1,prompt_compiler_v2_split_g_f,690187075,pending,Q001,"{""Q001"": ""consensus_estimate_co2_warms_planet""}",consensus_exact_step3,c444a6eac0c7b6cd317bc71d70e09e8e9d8b0a57308ceb8b4c11921129cc5ae1
G|LP0784|ConsensusExact|step3|attempt_1,G-1608ac23f838ba288401b3c73b1887a726862b8e,G,target,LP0784,Consensus,consensus_exact_step3_estimate,1,google/gemma-4-31B-it,5dcaa1e24e3e1d13a8ab839ab74ae6b5b936589433b8d51bf716fa939da17ff1,ec9f25e6b68d12ca6182161cdc389e0da99a8cff29c47b015f1d07a6633e4cf0,consensus_benchmark_exact_v1,prompt_compiler_v2_split_g_f,608834160,pending,Q001,"{""Q001"": ""consensus_estimate_human_primary_cause""}",consensus_exact_step3,c444a6eac0c7b6cd317bc71d70e09e8e9d8b0a57308ceb8b4c11921129cc5ae1
G|LP0785|ConsensusExact|step3|attempt_1,G-11625b2a1e8d40e0aaa127c1ef44d71a5d80491b,G,target,LP0785,Consensus,consensus_exact_step3_estimate,1,google/gemma-4-31B-it,1b27097a097a6bc37b779093eb5a05da0078bdba447db14762528f608bcd4101,ec9f25e6b68d12ca6182161cdc389e0da99a8cff29c47b015f1d07a6633e4cf0,consensus_benchmark_exact_v1,prompt_compiler_v2_split_g_f,1095890740,pending,Q001,"{""Q001"": ""consensus_estimate_human_primary_cause""}",consensus_exact_step3,c444a6eac0c7b6cd317bc71d70e09e8e9d8b0a57308ceb8b4c11921129cc5ae1
G|LP0786|ConsensusExact|step3|attempt_1,G-60cb5c80ad77a79483addcaf013b20012ff352ff,G,target,LP0786,Consensus,consensus_exact_step3_estimate,1,google/gemma-4-31B-it,6d014710c91bf43f3ec8a3038cdadc1cbe00a9af306aeaaa6b6bcb2aed7e73ea,ec9f25e6b68d12ca6182161cdc389e0da99a8cff29c47b015f1d07a6633e4cf0,consensus_benchmark_exact_v1,prompt_compiler_v2_split_g_f,1863213206,pending,Q001,"{""Q001"": ""consensus_estimate_human_primary_cause""}",consensus_exact_step3,c444a6eac0c7b6cd317bc71d70e09e8e9d8b0a57308ceb8b4c11921129cc5ae1
G|LP0787|ConsensusExact|step3|attempt_1,G-f54840ff0ed6c282e236def05a064e7e59a878c6,G,target,LP0787,Consensus,consensus_exact_step3_estimate,1,google/gemma-4-31B-it,695df4f27d932b55bc254379a2b66745caa363a8c5d4a05f28f20b7958b08a94,ec9f25e6b68d12ca6182161cdc389e0da99a8cff29c47b015f1d07a6633e4cf0,consensus_benchmark_exact_v1,prompt_compiler_v2_split_g_f,2036810883,pending,Q001,"{""Q001"": ""consensus_estimate_co2_warms_planet""}",consensus_exact_step3,c444a6eac0c7b6cd317bc71d70e09e8e9d8b0a57308ceb8b4c11921129cc5ae1
G|LP0788|ConsensusExact|step3|attempt_1,G-efa4eb40ae8b917591be5597ff52cc74c9d872b6,G,target,LP0788,Consensus,consensus_exact_step3_estimate,1,google/gemma-4-31B-it,d68d94f036c008220cc0777149fd0933b07df765bc2fef680ef6b9dd5b8e342d,ec9f25e6b68d12ca6182161cdc389e0da99a8cff29c47b015f1d07a6633e4cf0,consensus_benchmark_exact_v1,prompt_compiler_v2_split_g_f,232089594,pending,Q001,"{""Q001"": ""consensus_estimate_human_primary_cause""}",consensus_exact_step3,c444a6eac0c7b6cd317bc71d70e09e8e9d8b0a57308ceb8b4c11921129cc5ae1
G|LP0789|ConsensusExact|step3|attempt_1,G-cc8016adb26688913b8e45c2abb0d343477f155c,G,target,LP0789,Consensus,consensus_exact_step3_estimate,1,google/gemma-4-31B-it,2b2efe0975da69f9d30e653713c8d1756221645bd1ca1b5647aa80c770865fbf,ec9f25e6b68d12ca6182161cdc389e0da99a8cff29c47b015f1d07a6633e4cf0,consensus_benchmark_exact_v1,prompt_compiler_v2_split_g_f,1265022447,pending,Q001,"{""Q001"": ""consensus_estimate_co2_warms_planet""}",consensus_exact_step3,c444a6eac0c7b6cd317bc71d70e09e8e9d8b0a57308ceb8b4c11921129cc5ae1
G|LP0790|ConsensusExact|step3|attempt_1,G-fbacc7b0af92c048d0d9144d0bc14a1516640586,G,target,LP0790,Consensus,consensus_exact_step3_estimate,1,google/gemma-4-31B-it,9b6a88d567b12a6414c852bf55f8857aa275f513eeb50ae8652f3d30f54044d6,ec9f25e6b68d12ca6182161cdc389e0da99a8cff29c47b015f1d07a6633e4cf0,consensus_benchmark_exact_v1,prompt_compiler_v2_split_g_f,653021101,pending,Q001,"{""Q001"": ""consensus_estimate_co2_warms_planet""}",consensus_exact_step3,c444a6eac0c7b6cd317bc71d70e09e8e9d8b0a57308ceb8b4c11921129cc5ae1
G|LP0791|ConsensusExact|step3|attempt_1,G-e351f37c93caf948682e542e012b1736a2e104f4,G,target,LP0791,Consensus,consensus_exact_step3_estimate,1,google/gemma-4-31B-it,04a2ad4316ece7a0f7d22a30797e0d1a2db15d5117871d1a0859bc5d63a37950,ec9f25e6b68d12ca6182161cdc389e0da99a8cff29c47b015f1d07a6633e4cf0,consensus_benchmark_exact_v1,prompt_compiler_v2_split_g_f,1517215812,pending,Q001,"{""Q001"": ""consensus_estimate_human_primary_cause""}",consensus_exact_step3,c444a6eac0c7b6cd317bc71d70e09e8e9d8b0a57308ceb8b4c11921129cc5ae1
G|LP0792|ConsensusExact|step3|attempt_1,G-efc8cefc63b1e06b35c4013a3c20ea8e88ae6236,G,target,LP0792,Consensus,consensus_exact_step3_estimate,1,google/gemma-4-31B-it,3749de0abac3a482efcf376770f47ba800a9ab45a0e72436bf669b7cdbc02ce1,ec9f25e6b68d12ca6182161cdc389e0da99a8cff29c47b015f1d07a6633e4cf0,consensus_benchmark_exact_v1,prompt_compiler_v2_split_g_f,1128496743,pending,Q001,"{""Q001"": ""consensus_estimate_co2_warms_planet""}",consensus_exact_step3,c444a6eac0c7b6cd317bc71d70e09e8e9d8b0a57308ceb8b4c11921129cc5ae1
G|LP0793|ConsensusExact|step3|attempt_1,G-5e2ae8659e8d4dbc4d2384937844664b9bb5dde7,G,target,LP0793,Consensus,consensus_exact_step3_estimate,1,google/gemma-4-31B-it,6d6e16caec88af761c02b81df99dbf34b8a19f49d722fef7904fe48dea8f46a2,ec9f25e6b68d12ca6182161cdc389e0da99a8cff29c47b015f1d07a6633e4cf0,consensus_benchmark_exact_v1,prompt_compiler_v2_split_g_f,1524833928,pending,Q001,"{""Q001"": ""consensus_estimate_co2_warms_planet""}",consensus_exact_step3,c444a6eac0c7b6cd317bc71d70e09e8e9d8b0a57308ceb8b4c11921129cc5ae1
G|LP0794|ConsensusExact|step3|attempt_1,G-e6a1a448aa54a15782d68e2600b1cf2e716d951d,G,target,LP0794,Consensus,consensus_exact_step3_estimate,1,google/gemma-4-31B-it,6b0458d31cf2e2902316701603b0dceb5297c51a25d4b64411b79991917ef790,ec9f25e6b68d12ca6182161cdc389e0da99a8cff29c47b015f1d07a6633e4cf0,consensus_benchmark_exact_v1,prompt_compiler_v2_split_g_f,2006444523,pending,Q001,"{""Q001"": ""consensus_estimate_human_primary_cause""}",consensus_exact_step3,c444a6eac0c7b6cd317bc71d70e09e8e9d8b0a57308ceb8b4c11921129cc5ae1
G|LP0795|ConsensusExact|step3|attempt_1,G-92002680db91cecf5b020113370a74d224d5ffdd,G,target,LP0795,Consensus,consensus_exact_step3_estimate,1,google/gemma-4-31B-it,25a21e97c3fd84dbe6d8420ddf82ea634a505c26de0ff144153627a214576458,ec9f25e6b68d12ca6182161cdc389e0da99a8cff29c47b015f1d07a6633e4cf0,consensus_benchmark_exact_v1,prompt_compiler_v2_split_g_f,2140281810,pending,Q001,"{""Q001"": ""consensus_estimate_human_primary_cause""}",consensus_exact_step3,c444a6eac0c7b6cd317bc71d70e09e8e9d8b0a57308ceb8b4c11921129cc5ae1
G|LP0796|ConsensusExact|step3|attempt_1,G-75f9385acc4aa68c89d74cf5626ef8abf324fdf8,G,target,LP0796,Consensus,consensus_exact_step3_estimate,1,google/gemma-4-31B-it,5b38a46a69b04642d2bae68e3f95adb06bf64918836b576edba643eae761e19c,ec9f25e6b68d12ca6182161cdc389e0da99a8cff29c47b015f1d07a6633e4cf0,consensus_benchmark_exact_v1,prompt_compiler_v2_split_g_f,943527747,pending,Q001,"{""Q001"": ""consensus_estimate_co2_warms_planet""}",consensus_exact_step3,c444a6eac0c7b6cd317bc71d70e09e8e9d8b0a57308ceb8b4c11921129cc5ae1
G|LP0797|ConsensusExact|step3|attempt_1,G-96f66690cff98247791d602a714db2feca423ff0,G,target,LP0797,Consensus,consensus_exact_step3_estimate,1,google/gemma-4-31B-it,01558108a2522647cc0eb9228a6513ef767ece61148af51e8fb3a83f232b4eaf,ec9f25e6b68d12ca6182161cdc389e0da99a8cff29c47b015f1d07a6633e4cf0,consensus_benchmark_exact_v1,prompt_compiler_v2_split_g_f,2112245610,pending,Q001,"{""Q001"": ""consensus_estimate_human_primary_cause""}",consensus_exact_step3,c444a6eac0c7b6cd317bc71d70e09e8e9d8b0a57308ceb8b4c11921129cc5ae1
G|LP0798|ConsensusExact|step3|attempt_1,G-0569e3f01b1677443442a598513c2169ffb6504e,G,target,LP0798,Consensus,consensus_exact_step3_estimate,1,google/gemma-4-31B-it,564485d832b6c584dd7403357dd1713bb123843a6d62021c145b2fffd4ad3760,ec9f25e6b68d12ca6182161cdc389e0da99a8cff29c47b015f1d07a6633e4cf0,consensus_benchmark_exact_v1,prompt_compiler_v2_split_g_f,636108580,pending,Q001,"{""Q001"": ""consensus_estimate_human_primary_cause""}",consensus_exact_step3,c444a6eac0c7b6cd317bc71d70e09e8e9d8b0a57308ceb8b4c11921129cc5ae1
G|LP0799|ConsensusExact|step3|attempt_1,G-f735ff98629e7efa81804d77668552bfd4d55443,G,target,LP0799,Consensus,consensus_exact_step3_estimate,1,google/gemma-4-31B-it,0591c6d4d41d8e9bff13ceb2a83a63828c7fdf06f308173cb74f1dfbe3a440e0,ec9f25e6b68d12ca6182161cdc389e0da99a8cff29c47b015f1d07a6633e4cf0,consensus_benchmark_exact_v1,prompt_compiler_v2_split_g_f,1359642158,pending,Q001,"{""Q001"": ""consensus_estimate_human_primary_cause""}",consensus_exact_step3,c444a6eac0c7b6cd317bc71d70e09e8e9d8b0a57308ceb8b4c11921129cc5ae1
G|LP0800|ConsensusExact|step3|attempt_1,G-965e3da0cac35f25c1a14dc1a713efbe398de241,G,target,LP0800,Consensus,consensus_exact_step3_estimate,1,google/gemma-4-31B-it,758e78dba3cd5dfa4470e1dc984cc63fcd4b94be210411fa075c6fa3c1e4a8f3,ec9f25e6b68d12ca6182161cdc389e0da99a8cff29c47b015f1d07a6633e4cf0,consensus_benchmark_exact_v1,prompt_compiler_v2_split_g_f,2004867688,pending,Q001,"{""Q001"": ""consensus_estimate_human_primary_cause""}",consensus_exact_step3,c444a6eac0c7b6cd317bc71d70e09e8e9d8b0a57308ceb8b4c11921129cc5ae1
G|LP0801|ConsensusExact|step3|attempt_1,G-39546b7884f9d9802b14852b3159578aaebd0d49,G,target,LP0801,Consensus,consensus_exact_step3_estimate,1,google/gemma-4-31B-it,8285a1de48c9a509d1b87797bbc5e8a9c74aaf9a4e79419e5172d71f17709b36,ec9f25e6b68d12ca6182161cdc389e0da99a8cff29c47b015f1d07a6633e4cf0,consensus_benchmark_exact_v1,prompt_compiler_v2_split_g_f,2007150705,pending,Q001,"{""Q001"": ""consensus_estimate_human_primary_cause""}",consensus_exact_step3,c444a6eac0c7b6cd317bc71d70e09e8e9d8b0a57308ceb8b4c11921129cc5ae1
G|LP0802|ConsensusExact|step3|attempt_1,G-310aa73c77e6423f41c10e673c7323d1cb8f09b3,G,target,LP0802,Consensus,consensus_exact_step3_estimate,1,google/gemma-4-31B-it,a09551a45063bd94cbec8ce7be07affefc31538377aeb4cbf0814ee85ec16701,ec9f25e6b68d12ca6182161cdc389e0da99a8cff29c47b015f1d07a6633e4cf0,consensus_benchmark_exact_v1,prompt_compiler_v2_split_g_f,1509658808,pending,Q001,"{""Q001"": ""consensus_estimate_co2_warms_planet""}",consensus_exact_step3,c444a6eac0c7b6cd317bc71d70e09e8e9d8b0a57308ceb8b4c11921129cc5ae1
G|LP0803|ConsensusExact|step3|attempt_1,G-bdb1f27ab7a146cc8127dda97a5e1b6198152f9a,G,target,LP0803,Consensus,consensus_exact_step3_estimate,1,google/gemma-4-31B-it,339f63e8271ac4b53845190bddd7082aa4a4343f5c6eb31cf72f0dfce1b68a76,ec9f25e6b68d12ca6182161cdc389e0da99a8cff29c47b015f1d07a6633e4cf0,consensus_benchmark_exact_v1,prompt_compiler_v2_split_g_f,855976900,pending,Q001,"{""Q001"": ""consensus_estimate_co2_warms_planet""}",consensus_exact_step3,c444a6eac0c7b6cd317bc71d70e09e8e9d8b0a57308ceb8b4c11921129cc5ae1
G|LP0804|ConsensusExact|step3|attempt_1,G-83196c8f79153dd3186e3b2c1e999409c80da138,G,target,LP0804,Consensus,consensus_exact_step3_estimate,1,google/gemma-4-31B-it,7446a35050b3d3f5a9e83962d5c653dd7ee4b66bf6d97dedc1210315cabe5df6,ec9f25e6b68d12ca6182161cdc389e0da99a8cff29c47b015f1d07a6633e4cf0,consensus_benchmark_exact_v1,prompt_compiler_v2_split_g_f,2135430899,pending,Q001,"{""Q001"": ""consensus_estimate_human_primary_cause""}",consensus_exact_step3,c444a6eac0c7b6cd317bc71d70e09e8e9d8b0a57308ceb8b4c11921129cc5ae1
G|LP0805|ConsensusExact|step3|attempt_1,G-f06317fa2b9024b7385a21a189b4918b7dd6d699,G,target,LP0805,Consensus,consensus_exact_step3_estimate,1,google/gemma-4-31B-it,e7c0ae68785fe748cae730d3240c835631aca10fff99de1aa5d76563cef111a8,ec9f25e6b68d12ca6182161cdc389e0da99a8cff29c47b015f1d07a6633e4cf0,consensus_benchmark_exact_v1,prompt_compiler_v2_split_g_f,206984367,pending,Q001,"{""Q001"": ""consensus_estimate_co2_warms_planet""}",consensus_exact_step3,c444a6eac0c7b6cd317bc71d70e09e8e9d8b0a57308ceb8b4c11921129cc5ae1
G|LP0806|ConsensusExact|step3|attempt_1,G-c72d9de42e95c9ed71ca404fcf7c0924c5e05b87,G,target,LP0806,Consensus,consensus_exact_step3_estimate,1,google/gemma-4-31B-it,938127e6364181eceb53412093df1a3629c6c48bba68ac7c6aca03323660dd2c,ec9f25e6b68d12ca6182161cdc389e0da99a8cff29c47b015f1d07a6633e4cf0,consensus_benchmark_exact_v1,prompt_compiler_v2_split_g_f,1022428600,pending,Q001,"{""Q001"": ""consensus_estimate_human_primary_cause""}",consensus_exact_step3,c444a6eac0c7b6cd317bc71d70e09e8e9d8b0a57308ceb8b4c11921129cc5ae1
G|LP0807|ConsensusExact|step3|attempt_1,G-d39527ba9be8afad6f71bb441554ceb853e510ed,G,target,LP0807,Consensus,consensus_exact_step3_estimate,1,google/gemma-4-31B-it,362f237261d6519662c7fbdb8991cd31dacd802d755afc072d93b5fad555c791,ec9f25e6b68d12ca6182161cdc389e0da99a8cff29c47b015f1d07a6633e4cf0,consensus_benchmark_exact_v1,prompt_compiler_v2_split_g_f,1125318437,pending,Q001,"{""Q001"": ""consensus_estimate_co2_warms_planet""}",consensus_exact_step3,c444a6eac0c7b6cd317bc71d70e09e8e9d8b0a57308ceb8b4c11921129cc5ae1
G|LP0808|ConsensusExact|step3|attempt_1,G-f87a389d3caf44b149caf353fcfa525c60a16d99,G,target,LP0808,Consensus,consensus_exact_step3_estimate,1,google/gemma-4-31B-it,aaf5d6b4110c39b408cfd0d4bba38217318e4f41144b777d409e0387ced8e574,ec9f25e6b68d12ca6182161cdc389e0da99a8cff29c47b015f1d07a6633e4cf0,consensus_benchmark_exact_v1,prompt_compiler_v2_split_g_f,765703663,pending,Q001,"{""Q001"": ""consensus_estimate_co2_warms_planet""}",consensus_exact_step3,c444a6eac0c7b6cd317bc71d70e09e8e9d8b0a57308ceb8b4c11921129cc5ae1
G|LP0809|ConsensusExact|step3|attempt_1,G-64ae904637341c3f800b61843a4db21953289ca1,G,target,LP0809,Consensus,consensus_exact_step3_estimate,1,google/gemma-4-31B-it,8f09acfe31b04497152ae9109597bd6a352d5d89f27dcc83a0410d65e96fda6a,ec9f25e6b68d12ca6182161cdc389e0da99a8cff29c47b015f1d07a6633e4cf0,consensus_benchmark_exact_v1,prompt_compiler_v2_split_g_f,9518285,pending,Q001,"{""Q001"": ""consensus_estimate_human_primary_cause""}",consensus_exact_step3,c444a6eac0c7b6cd317bc71d70e09e8e9d8b0a57308ceb8b4c11921129cc5ae1
G|LP0810|ConsensusExact|step3|attempt_1,G-10df086a673b7c8fa4c886b29809c06bf321e4ff,G,target,LP0810,Consensus,consensus_exact_step3_estimate,1,google/gemma-4-31B-it,cc7a9ac007ec042c052e297d951b95c00caf8d7d922160853b7950daa17cb47f,ec9f25e6b68d12ca6182161cdc389e0da99a8cff29c47b015f1d07a6633e4cf0,consensus_benchmark_exact_v1,prompt_compiler_v2_split_g_f,150572388,pending,Q001,"{""Q001"": ""consensus_estimate_co2_warms_planet""}",consensus_exact_step3,c444a6eac0c7b6cd317bc71d70e09e8e9d8b0a57308ceb8b4c11921129cc5ae1
G|LP0811|ConsensusExact|step3|attempt_1,G-96384eced2f3c3c2cf6cbfcccbfccf7db03c5414,G,target,LP0811,Consensus,consensus_exact_step3_estimate,1,google/gemma-4-31B-it,993d3d35b3cf786738d3bb20f6c1147a96297795e36b7daf598f590b4f77dee5,ec9f25e6b68d12ca6182161cdc389e0da99a8cff29c47b015f1d07a6633e4cf0,consensus_benchmark_exact_v1,prompt_compiler_v2_split_g_f,2137284961,pending,Q001,"{""Q001"": ""consensus_estimate_co2_warms_planet""}",consensus_exact_step3,c444a6eac0c7b6cd317bc71d70e09e8e9d8b0a57308ceb8b4c11921129cc5ae1
G|LP0812|ConsensusExact|step3|attempt_1,G-e49a194e3f3e36cf5213daa6bf25e454a0e61bef,G,target,LP0812,Consensus,consensus_exact_step3_estimate,1,google/gemma-4-31B-it,8fb0c7bcc843e52958ef16f3e427175a97d93c030a51186c74d36248acbaebed,ec9f25e6b68d12ca6182161cdc389e0da99a8cff29c47b015f1d07a6633e4cf0,consensus_benchmark_exact_v1,prompt_compiler_v2_split_g_f,141715823,pending,Q001,"{""Q001"": ""consensus_estimate_human_primary_cause""}",consensus_exact_step3,c444a6eac0c7b6cd317bc71d70e09e8e9d8b0a57308ceb8b4c11921129cc5ae1
G|LP0813|ConsensusExact|step3|attempt_1,G-09bf2fa1d6d72a7e1432b6756a72c623a3f4ba6b,G,target,LP0813,Consensus,consensus_exact_step3_estimate,1,google/gemma-4-31B-it,599d2815e7fdfca5aa6879ef30cc48f8e80ef0b326616b67717aa094e83b2461,ec9f25e6b68d12ca6182161cdc389e0da99a8cff29c47b015f1d07a6633e4cf0,consensus_benchmark_exact_v1,prompt_compiler_v2_split_g_f,1783990721,pending,Q001,"{""Q001"": ""consensus_estimate_human_primary_cause""}",consensus_exact_step3,c444a6eac0c7b6cd317bc71d70e09e8e9d8b0a57308ceb8b4c11921129cc5ae1
G|LP0814|ConsensusExact|step3|attempt_1,G-6d63ea7d642df80d191d15d5267542a8e596f2a1,G,target,LP0814,Consensus,consensus_exact_step3_estimate,1,google/gemma-4-31B-it,1ae4be1d7bbb4350049ba079b1baf3af8fea8fb47cf43aadf1ea17d8f3551c41,ec9f25e6b68d12ca6182161cdc389e0da99a8cff29c47b015f1d07a6633e4cf0,consensus_benchmark_exact_v1,prompt_compiler_v2_split_g_f,1056296201,pending,Q001,"{""Q001"": ""consensus_estimate_co2_warms_planet""}",consensus_exact_step3,c444a6eac0c7b6cd317bc71d70e09e8e9d8b0a57308ceb8b4c11921129cc5ae1
G|LP0815|ConsensusExact|step3|attempt_1,G-3645bb3ccc4d9f47b2661ef1c3982e8f348d4c9f,G,target,LP0815,Consensus,consensus_exact_step3_estimate,1,google/gemma-4-31B-it,2d3f7328aa87c105e36fa1cdb7b8268404e6b4175138b2378b9b27c25b17038d,ec9f25e6b68d12ca6182161cdc389e0da99a8cff29c47b015f1d07a6633e4cf0,consensus_benchmark_exact_v1,prompt_compiler_v2_split_g_f,953750977,pending,Q001,"{""Q001"": ""consensus_estimate_co2_warms_planet""}",consensus_exact_step3,c444a6eac0c7b6cd317bc71d70e09e8e9d8b0a57308ceb8b4c11921129cc5ae1
G|LP0816|ConsensusExact|step3|attempt_1,G-388bf9b98625ef39cc301c6f704ab44a285f894d,G,target,LP0816,Consensus,consensus_exact_step3_estimate,1,google/gemma-4-31B-it,ca558e13f4197f2a6ce1b31d663019d8e961bec8346ba69e2b78da62fa4110c5,ec9f25e6b68d12ca6182161cdc389e0da99a8cff29c47b015f1d07a6633e4cf0,consensus_benchmark_exact_v1,prompt_compiler_v2_split_g_f,2000544428,pending,Q001,"{""Q001"": ""consensus_estimate_co2_warms_planet""}",consensus_exact_step3,c444a6eac0c7b6cd317bc71d70e09e8e9d8b0a57308ceb8b4c11921129cc5ae1
G|LP0817|ConsensusExact|step3|attempt_1,G-17b90e7fbaeec351fb5aab8076ee7e220f5a26b1,G,target,LP0817,Consensus,consensus_exact_step3_estimate,1,google/gemma-4-31B-it,420776ab0b950e466533c926a1c1202d819e25bfee0bd0297f9f277896cf33e4,ec9f25e6b68d12ca6182161cdc389e0da99a8cff29c47b015f1d07a6633e4cf0,consensus_benchmark_exact_v1,prompt_compiler_v2_split_g_f,1784733776,pending,Q001,"{""Q001"": ""consensus_estimate_human_primary_cause""}",consensus_exact_step3,c444a6eac0c7b6cd317bc71d70e09e8e9d8b0a57308ceb8b4c11921129cc5ae1
G|LP0818|ConsensusExact|step3|attempt_1,G-90cec4140427fbca9b16fe44af30db7c1d2ed7aa,G,target,LP0818,Consensus,consensus_exact_step3_estimate,1,google/gemma-4-31B-it,eeda8e88672623b02969360d11cce8a89f0f95e2eabf2de00c2655dcb9be73dd,ec9f25e6b68d12ca6182161cdc389e0da99a8cff29c47b015f1d07a6633e4cf0,consensus_benchmark_exact_v1,prompt_compiler_v2_split_g_f,633701364,pending,Q001,"{""Q001"": ""consensus_estimate_co2_warms_planet""}",consensus_exact_step3,c444a6eac0c7b6cd317bc71d70e09e8e9d8b0a57308ceb8b4c11921129cc5ae1
G|LP0819|ConsensusExact|step3|attempt_1,G-38a413ba9be23fd1781fcc3845ecec48cbf2a38d,G,target,LP0819,Consensus,consensus_exact_step3_estimate,1,google/gemma-4-31B-it,6aa47f4b718c583e6f18ef46661b9c5f294c5f14dd7231f37738bad708a5cd89,ec9f25e6b68d12ca6182161cdc389e0da99a8cff29c47b015f1d07a6633e4cf0,consensus_benchmark_exact_v1,prompt_compiler_v2_split_g_f,220882759,pending,Q001,"{""Q001"": ""consensus_estimate_human_primary_cause""}",consensus_exact_step3,c444a6eac0c7b6cd317bc71d70e09e8e9d8b0a57308ceb8b4c11921129cc5ae1
G|LP0820|ConsensusExact|step3|attempt_1,G-5afce76263409fbcf2567c8aefefcdaf890259b4,G,target,LP0820,Consensus,consensus_exact_step3_estimate,1,google/gemma-4-31B-it,e4a2eedf10bf32cbb5e590aa85a93bbab2a9fb6e6ff74f19d9c44558e06f21cd,ec9f25e6b68d12ca6182161cdc389e0da99a8cff29c47b015f1d07a6633e4cf0,consensus_benchmark_exact_v1,prompt_compiler_v2_split_g_f,423259778,pending,Q001,"{""Q001"": ""consensus_estimate_human_primary_cause""}",consensus_exact_step3,c444a6eac0c7b6cd317bc71d70e09e8e9d8b0a57308ceb8b4c11921129cc5ae1
G|LP0821|ConsensusExact|step3|attempt_1,G-7929ff4f838be4e95e2c225ccb937505adf871ef,G,target,LP0821,Consensus,consensus_exact_step3_estimate,1,google/gemma-4-31B-it,f01870ff55ae090d81db729dfc1158575caddcac50ee56ed65242d9f5d75e0dd,ec9f25e6b68d12ca6182161cdc389e0da99a8cff29c47b015f1d07a6633e4cf0,consensus_benchmark_exact_v1,prompt_compiler_v2_split_g_f,1977607049,pending,Q001,"{""Q001"": ""consensus_estimate_human_primary_cause""}",consensus_exact_step3,c444a6eac0c7b6cd317bc71d70e09e8e9d8b0a57308ceb8b4c11921129cc5ae1
G|LP0822|ConsensusExact|step3|attempt_1,G-b3db73b1d59156917d1d6e84c983acc5b0f3d80c,G,target,LP0822,Consensus,consensus_exact_step3_estimate,1,google/gemma-4-31B-it,fdc42bef2d460938898eee85ab819e98c9016a21bb9ea0423d26affd39022d55,ec9f25e6b68d12ca6182161cdc389e0da99a8cff29c47b015f1d07a6633e4cf0,consensus_benchmark_exact_v1,prompt_compiler_v2_split_g_f,1028144631,pending,Q001,"{""Q001"": ""consensus_estimate_co2_warms_planet""}",consensus_exact_step3,c444a6eac0c7b6cd317bc71d70e09e8e9d8b0a57308ceb8b4c11921129cc5ae1
G|LP0823|ConsensusExact|step3|attempt_1,G-e92a0aa5a2802d463157cceb4b8d47bf2a6534ac,G,target,LP0823,Consensus,consensus_exact_step3_estimate,1,google/gemma-4-31B-it,e85ce9fbbad5b2eb6930b96abc564f50c6a82ec93802068e09153824438ef249,ec9f25e6b68d12ca6182161cdc389e0da99a8cff29c47b015f1d07a6633e4cf0,consensus_benchmark_exact_v1,prompt_compiler_v2_split_g_f,1960067732,pending,Q001,"{""Q001"": ""consensus_estimate_co2_warms_planet""}",consensus_exact_step3,c444a6eac0c7b6cd317bc71d70e09e8e9d8b0a57308ceb8b4c11921129cc5ae1
G|LP0824|ConsensusExact|step3|attempt_1,G-95020d378a4adba07f45326ef8284faf29c86f00,G,target,LP0824,Consensus,consensus_exact_step3_estimate,1,google/gemma-4-31B-it,bcf2bf61b783bfdc5fe17558aa68f68d2f292aef713eb66487fb3a2992004ea9,ec9f25e6b68d12ca6182161cdc389e0da99a8cff29c47b015f1d07a6633e4cf0,consensus_benchmark_exact_v1,prompt_compiler_v2_split_g_f,877590033,pending,Q001,"{""Q001"": ""consensus_estimate_human_primary_cause""}",consensus_exact_step3,c444a6eac0c7b6cd317bc71d70e09e8e9d8b0a57308ceb8b4c11921129cc5ae1
G|LP0825|ConsensusExact|step3|attempt_1,G-8c9c22f812ce8bce069272c3fc95032f2e03ea7f,G,target,LP0825,Consensus,consensus_exact_step3_estimate,1,google/gemma-4-31B-it,cc675f9002da0c858bdbf5eaa7fa3b19f34f9f41e5e392341da77332fe07ca2e,ec9f25e6b68d12ca6182161cdc389e0da99a8cff29c47b015f1d07a6633e4cf0,consensus_benchmark_exact_v1,prompt_compiler_v2_split_g_f,738644416,pending,Q001,"{""Q001"": ""consensus_estimate_co2_warms_planet""}",consensus_exact_step3,c444a6eac0c7b6cd317bc71d70e09e8e9d8b0a57308ceb8b4c11921129cc5ae1
G|LP0826|ConsensusExact|step3|attempt_1,G-a454d11b5471e86a6106a96e4761b08dfdcedfe9,G,target,LP0826,Consensus,consensus_exact_step3_estimate,1,google/gemma-4-31B-it,5c8756da962939d08d1320318388854fc20a275104581cbc7a641a9a754c1b8e,ec9f25e6b68d12ca6182161cdc389e0da99a8cff29c47b015f1d07a6633e4cf0,consensus_benchmark_exact_v1,prompt_compiler_v2_split_g_f,488344227,pending,Q001,"{""Q001"": ""consensus_estimate_human_primary_cause""}",consensus_exact_step3,c444a6eac0c7b6cd317bc71d70e09e8e9d8b0a57308ceb8b4c11921129cc5ae1
G|LP0827|ConsensusExact|step3|attempt_1,G-6fdfc60bf15fa8247d02bdbee840ebd8f7066e10,G,target,LP0827,Consensus,consensus_exact_step3_estimate,1,google/gemma-4-31B-it,4c3ba9860c064932a1d363f72e5e7a0fd67b91607b6ae090d8f5589faba6c7b2,ec9f25e6b68d12ca6182161cdc389e0da99a8cff29c47b015f1d07a6633e4cf0,consensus_benchmark_exact_v1,prompt_compiler_v2_split_g_f,1360999485,pending,Q001,"{""Q001"": ""consensus_estimate_co2_warms_planet""}",consensus_exact_step3,c444a6eac0c7b6cd317bc71d70e09e8e9d8b0a57308ceb8b4c11921129cc5ae1
G|LP0828|ConsensusExact|step3|attempt_1,G-09d6136ce4f372895316a0469de1eded66820022,G,target,LP0828,Consensus,consensus_exact_step3_estimate,1,google/gemma-4-31B-it,61409614fbb93709786900a624b4b5188d211159923bad653aaaa18e754dee4f,ec9f25e6b68d12ca6182161cdc389e0da99a8cff29c47b015f1d07a6633e4cf0,consensus_benchmark_exact_v1,prompt_compiler_v2_split_g_f,2023725410,pending,Q001,"{""Q001"": ""consensus_estimate_co2_warms_planet""}",consensus_exact_step3,c444a6eac0c7b6cd317bc71d70e09e8e9d8b0a57308ceb8b4c11921129cc5ae1
G|LP0829|ConsensusExact|step3|attempt_1,G-4e377c0fbaad79584821fe56188a54cb15328ace,G,target,LP0829,Consensus,consensus_exact_step3_estimate,1,google/gemma-4-31B-it,c1c405130a4674296bf587f007a74baaf8320995718daaa562d81512a452656a,ec9f25e6b68d12ca6182161cdc389e0da99a8cff29c47b015f1d07a6633e4cf0,consensus_benchmark_exact_v1,prompt_compiler_v2_split_g_f,1461481848,pending,Q001,"{""Q001"": ""consensus_estimate_co2_warms_planet""}",consensus_exact_step3,c444a6eac0c7b6cd317bc71d70e09e8e9d8b0a57308ceb8b4c11921129cc5ae1
G|LP0830|ConsensusExact|step3|attempt_1,G-6089acca0da8d84e27dcd064f941975ebd65f2a6,G,target,LP0830,Consensus,consensus_exact_step3_estimate,1,google/gemma-4-31B-it,a4bcd02b759f6f59cc83211c8f9d95598e6194185b2bda5aa4c58997bef378b7,ec9f25e6b68d12ca6182161cdc389e0da99a8cff29c47b015f1d07a6633e4cf0,consensus_benchmark_exact_v1,prompt_compiler_v2_split_g_f,1320956387,pending,Q001,"{""Q001"": ""consensus_estimate_human_primary_cause""}",consensus_exact_step3,c444a6eac0c7b6cd317bc71d70e09e8e9d8b0a57308ceb8b4c11921129cc5ae1
G|LP0831|ConsensusExact|step3|attempt_1,G-bad1c84abd99b4828814f54858bd8ca428eb67dd,G,target,LP0831,Consensus,consensus_exact_step3_estimate,1,google/gemma-4-31B-it,3711d1c4c5d0ec19a6e7d4ede169af998cbfefabf593f811a31011141211dd02,ec9f25e6b68d12ca6182161cdc389e0da99a8cff29c47b015f1d07a6633e4cf0,consensus_benchmark_exact_v1,prompt_compiler_v2_split_g_f,859653402,pending,Q001,"{""Q001"": ""consensus_estimate_human_primary_cause""}",consensus_exact_step3,c444a6eac0c7b6cd317bc71d70e09e8e9d8b0a57308ceb8b4c11921129cc5ae1
G|LP0832|ConsensusExact|step3|attempt_1,G-3c2322d6ecc709d8ba2468d57a23e0b1b1c2020b,G,target,LP0832,Consensus,consensus_exact_step3_estimate,1,google/gemma-4-31B-it,53e03c331024987e29fe0662fedbc78d1fc5958f24a99231467c7774e50ef806,ec9f25e6b68d12ca6182161cdc389e0da99a8cff29c47b015f1d07a6633e4cf0,consensus_benchmark_exact_v1,prompt_compiler_v2_split_g_f,1695371142,pending,Q001,"{""Q001"": ""consensus_estimate_co2_warms_planet""}",consensus_exact_step3,c444a6eac0c7b6cd317bc71d70e09e8e9d8b0a57308ceb8b4c11921129cc5ae1
G|LP0833|ConsensusExact|step3|attempt_1,G-86be4384e244b9a250f13293e4a43baf4c4ef85a,G,target,LP0833,Consensus,consensus_exact_step3_estimate,1,google/gemma-4-31B-it,e17749388c816162811f00e78428c223e1bdec47a120d1f61538e73201a5b42b,ec9f25e6b68d12ca6182161cdc389e0da99a8cff29c47b015f1d07a6633e4cf0,consensus_benchmark_exact_v1,prompt_compiler_v2_split_g_f,1874935981,pending,Q001,"{""Q001"": ""consensus_estimate_co2_warms_planet""}",consensus_exact_step3,c444a6eac0c7b6cd317bc71d70e09e8e9d8b0a57308ceb8b4c11921129cc5ae1
G|LP0834|ConsensusExact|step3|attempt_1,G-09321dd07a0a5fe3daac9e5db1e52c341ab757cf,G,target,LP0834,Consensus,consensus_exact_step3_estimate,1,google/gemma-4-31B-it,e7dbf3d36c25418adc6519e87b9275c01ce1179bf176784dbad49fc72ac510f8,ec9f25e6b68d12ca6182161cdc389e0da99a8cff29c47b015f1d07a6633e4cf0,consensus_benchmark_exact_v1,prompt_compiler_v2_split_g_f,208575364,pending,Q001,"{""Q001"": ""consensus_estimate_human_primary_cause""}",consensus_exact_step3,c444a6eac0c7b6cd317bc71d70e09e8e9d8b0a57308ceb8b4c11921129cc5ae1
G|LP0835|ConsensusExact|step3|attempt_1,G-c0fb444b65e2bf0ea422ee7b4b67becc6bcd7e73,G,target,LP0835,Consensus,consensus_exact_step3_estimate,1,google/gemma-4-31B-it,12b8ad148acd5cfb339ae1c1c361e2b6c06fb4293f20199b376e50ee257a0dba,ec9f25e6b68d12ca6182161cdc389e0da99a8cff29c47b015f1d07a6633e4cf0,consensus_benchmark_exact_v1,prompt_compiler_v2_split_g_f,1742292903,pending,Q001,"{""Q001"": ""consensus_estimate_co2_warms_planet""}",consensus_exact_step3,c444a6eac0c7b6cd317bc71d70e09e8e9d8b0a57308ceb8b4c11921129cc5ae1
G|LP0836|ConsensusExact|step3|attempt_1,G-11d6c90e2c45b32a26f49ac67d42740f8fe033a2,G,target,LP0836,Consensus,consensus_exact_step3_estimate,1,google/gemma-4-31B-it,087950b4489475ee9dbf0fae102e9b078a1dd3796c71fe784db17abe843ad10f,ec9f25e6b68d12ca6182161cdc389e0da99a8cff29c47b015f1d07a6633e4cf0,consensus_benchmark_exact_v1,prompt_compiler_v2_split_g_f,1341343046,pending,Q001,"{""Q001"": ""consensus_estimate_human_primary_cause""}",consensus_exact_step3,c444a6eac0c7b6cd317bc71d70e09e8e9d8b0a57308ceb8b4c11921129cc5ae1
G|LP0837|ConsensusExact|step3|attempt_1,G-a643976dfef0c11768886fe93e226813d588b398,G,target,LP0837,Consensus,consensus_exact_step3_estimate,1,google/gemma-4-31B-it,7f96871c457a47513bc3a79ea882c9bb1454e817b604643567e7dda2d8f64ba3,ec9f25e6b68d12ca6182161cdc389e0da99a8cff29c47b015f1d07a6633e4cf0,consensus_benchmark_exact_v1,prompt_compiler_v2_split_g_f,1266151413,pending,Q001,"{""Q001"": ""consensus_estimate_human_primary_cause""}",consensus_exact_step3,c444a6eac0c7b6cd317bc71d70e09e8e9d8b0a57308ceb8b4c11921129cc5ae1
G|LP0838|ConsensusExact|step3|attempt_1,G-b802993509513e33cc069ec0791b9f26f0a3a44f,G,target,LP0838,Consensus,consensus_exact_step3_estimate,1,google/gemma-4-31B-it,8dc816bbe453a9300c50b33eff830f30cd0c8454dc23303dac1878966a21fc9a,ec9f25e6b68d12ca6182161cdc389e0da99a8cff29c47b015f1d07a6633e4cf0,consensus_benchmark_exact_v1,prompt_compiler_v2_split_g_f,2035708063,pending,Q001,"{""Q001"": ""consensus_estimate_human_primary_cause""}",consensus_exact_step3,c444a6eac0c7b6cd317bc71d70e09e8e9d8b0a57308ceb8b4c11921129cc5ae1
G|LP0839|ConsensusExact|step3|attempt_1,G-b2786930ee3f7120d02ceac97181650e871c2f12,G,target,LP0839,Consensus,consensus_exact_step3_estimate,1,google/gemma-4-31B-it,7cfd8747e9bb9fdafa3acb965ed74fd778a9123be4d3326c221e6147b18f33cd,ec9f25e6b68d12ca6182161cdc389e0da99a8cff29c47b015f1d07a6633e4cf0,consensus_benchmark_exact_v1,prompt_compiler_v2_split_g_f,1395671940,pending,Q001,"{""Q001"": ""consensus_estimate_human_primary_cause""}",consensus_exact_step3,c444a6eac0c7b6cd317bc71d70e09e8e9d8b0a57308ceb8b4c11921129cc5ae1
G|LP0840|ConsensusExact|step3|attempt_1,G-907c2b4d556f78ffcfd49cf1725e24e0009f7552,G,target,LP0840,Consensus,consensus_exact_step3_estimate,1,google/gemma-4-31B-it,77c8c254621ab6013c1fd8f089849d5873bf2bfa01ffcb30768e2834ddf03ccd,ec9f25e6b68d12ca6182161cdc389e0da99a8cff29c47b015f1d07a6633e4cf0,consensus_benchmark_exact_v1,prompt_compiler_v2_split_g_f,1986514843,pending,Q001,"{""Q001"": ""consensus_estimate_human_primary_cause""}",consensus_exact_step3,c444a6eac0c7b6cd317bc71d70e09e8e9d8b0a57308ceb8b4c11921129cc5ae1
G|LP0841|ConsensusExact|step3|attempt_1,G-3775c0e3349ad5fd20b973ec172277bcd9c8a155,G,target,LP0841,Consensus,consensus_exact_step3_estimate,1,google/gemma-4-31B-it,e588f211385d3b9c5a561c5368d7e7a146c7c0eb208867a11381ecc487525b76,ec9f25e6b68d12ca6182161cdc389e0da99a8cff29c47b015f1d07a6633e4cf0,consensus_benchmark_exact_v1,prompt_compiler_v2_split_g_f,596006852,pending,Q001,"{""Q001"": ""consensus_estimate_co2_warms_planet""}",consensus_exact_step3,c444a6eac0c7b6cd317bc71d70e09e8e9d8b0a57308ceb8b4c11921129cc5ae1
G|LP0842|ConsensusExact|step3|attempt_1,G-989c49d3e566eb7cdf7d1f118f2aebcd4cfd8ddd,G,target,LP0842,Consensus,consensus_exact_step3_estimate,1,google/gemma-4-31B-it,c62e52596194eb8951c521cc46baa74798caabcd72e31047fd53d3458c01cff1,ec9f25e6b68d12ca6182161cdc389e0da99a8cff29c47b015f1d07a6633e4cf0,consensus_benchmark_exact_v1,prompt_compiler_v2_split_g_f,379551526,pending,Q001,"{""Q001"": ""consensus_estimate_human_primary_cause""}",consensus_exact_step3,c444a6eac0c7b6cd317bc71d70e09e8e9d8b0a57308ceb8b4c11921129cc5ae1
G|LP0843|ConsensusExact|step3|attempt_1,G-44222639e772a1efa6bdfd05d8deecb6cb0c1bc4,G,target,LP0843,Consensus,consensus_exact_step3_estimate,1,google/gemma-4-31B-it,9c3aa8f3f004bbb6b568fcd275d9e5af481f512e5ca3e86c2298fcfa7a3f0fda,ec9f25e6b68d12ca6182161cdc389e0da99a8cff29c47b015f1d07a6633e4cf0,consensus_benchmark_exact_v1,prompt_compiler_v2_split_g_f,1874259555,pending,Q001,"{""Q001"": ""consensus_estimate_co2_warms_planet""}",consensus_exact_step3,c444a6eac0c7b6cd317bc71d70e09e8e9d8b0a57308ceb8b4c11921129cc5ae1
G|LP0844|ConsensusExact|step3|attempt_1,G-d74e60757db8b08be9be8b2460ca10ef92305487,G,target,LP0844,Consensus,consensus_exact_step3_estimate,1,google/gemma-4-31B-it,67d013c9109062462214fe5a19e0576a9b9d145eaca769e5e4a02446b1389665,ec9f25e6b68d12ca6182161cdc389e0da99a8cff29c47b015f1d07a6633e4cf0,consensus_benchmark_exact_v1,prompt_compiler_v2_split_g_f,743797113,pending,Q001,"{""Q001"": ""consensus_estimate_human_primary_cause""}",consensus_exact_step3,c444a6eac0c7b6cd317bc71d70e09e8e9d8b0a57308ceb8b4c11921129cc5ae1
G|LP0845|ConsensusExact|step3|attempt_1,G-e7ab0862eb90924d3a746b42b419762477936073,G,target,LP0845,Consensus,consensus_exact_step3_estimate,1,google/gemma-4-31B-it,608915f75d37df5b8f47e0380545feac6e9e5752a9f8c66698cbfdf520847793,ec9f25e6b68d12ca6182161cdc389e0da99a8cff29c47b015f1d07a6633e4cf0,consensus_benchmark_exact_v1,prompt_compiler_v2_split_g_f,988193558,pending,Q001,"{""Q001"": ""consensus_estimate_co2_warms_planet""}",consensus_exact_step3,c444a6eac0c7b6cd317bc71d70e09e8e9d8b0a57308ceb8b4c11921129cc5ae1
G|LP0846|ConsensusExact|step3|attempt_1,G-31c3b57772c503db57fea7082376694f71d341ae,G,target,LP0846,Consensus,consensus_exact_step3_estimate,1,google/gemma-4-31B-it,dc4201f3a2ea211d9c9398e94dab466d0f527167af5071ce70a6e54a1eea0dbd,ec9f25e6b68d12ca6182161cdc389e0da99a8cff29c47b015f1d07a6633e4cf0,consensus_benchmark_exact_v1,prompt_compiler_v2_split_g_f,1447849674,pending,Q001,"{""Q001"": ""consensus_estimate_human_primary_cause""}",consensus_exact_step3,c444a6eac0c7b6cd317bc71d70e09e8e9d8b0a57308ceb8b4c11921129cc5ae1
G|LP0847|ConsensusExact|step3|attempt_1,G-616bf8a791a91676853b28d5e3578a94cf25e27f,G,target,LP0847,Consensus,consensus_exact_step3_estimate,1,google/gemma-4-31B-it,55357addf17e9a64ec92eae44affa16b279f7a2f0a50b99d779890c379920282,ec9f25e6b68d12ca6182161cdc389e0da99a8cff29c47b015f1d07a6633e4cf0,consensus_benchmark_exact_v1,prompt_compiler_v2_split_g_f,1417742278,pending,Q001,"{""Q001"": ""consensus_estimate_human_primary_cause""}",consensus_exact_step3,c444a6eac0c7b6cd317bc71d70e09e8e9d8b0a57308ceb8b4c11921129cc5ae1
G|LP0848|ConsensusExact|step3|attempt_1,G-b2e0ab98c74adb3dfead566fc04fde9779663783,G,target,LP0848,Consensus,consensus_exact_step3_estimate,1,google/gemma-4-31B-it,f7d8953f73d0c9c42ccbc36b5d9c958cc5dd6511e5730c19c9b7ca8be5bc2944,ec9f25e6b68d12ca6182161cdc389e0da99a8cff29c47b015f1d07a6633e4cf0,consensus_benchmark_exact_v1,prompt_compiler_v2_split_g_f,755774065,pending,Q001,"{""Q001"": ""consensus_estimate_human_primary_cause""}",consensus_exact_step3,c444a6eac0c7b6cd317bc71d70e09e8e9d8b0a57308ceb8b4c11921129cc5ae1
G|LP0849|ConsensusExact|step3|attempt_1,G-6398f8406e82fee68830e70351c29350718f71c7,G,target,LP0849,Consensus,consensus_exact_step3_estimate,1,google/gemma-4-31B-it,f5c455793e9874af8efd2fbb1c16cbdd9a3e8f810d26138d90a7317849e905dc,ec9f25e6b68d12ca6182161cdc389e0da99a8cff29c47b015f1d07a6633e4cf0,consensus_benchmark_exact_v1,prompt_compiler_v2_split_g_f,901050216,pending,Q001,"{""Q001"": ""consensus_estimate_human_primary_cause""}",consensus_exact_step3,c444a6eac0c7b6cd317bc71d70e09e8e9d8b0a57308ceb8b4c11921129cc5ae1
G|LP0850|ConsensusExact|step3|attempt_1,G-351f47cbfa6d252109f9da46b10aacbb711f07f4,G,target,LP0850,Consensus,consensus_exact_step3_estimate,1,google/gemma-4-31B-it,8ef84c2c75b03ff404481a6ce6ed3ef5c3d3e003a525290475f17abe646711fd,ec9f25e6b68d12ca6182161cdc389e0da99a8cff29c47b015f1d07a6633e4cf0,consensus_benchmark_exact_v1,prompt_compiler_v2_split_g_f,1688974521,pending,Q001,"{""Q001"": ""consensus_estimate_human_primary_cause""}",consensus_exact_step3,c444a6eac0c7b6cd317bc71d70e09e8e9d8b0a57308ceb8b4c11921129cc5ae1
G|LP0851|ConsensusExact|step3|attempt_1,G-e5837a76af1022f3a856f620d1a7e5b62e89a35b,G,target,LP0851,Consensus,consensus_exact_step3_estimate,1,google/gemma-4-31B-it,272faa72494c6c0bf49472279261ad16385087fc020946dc1e6cb9c7d10ea01c,ec9f25e6b68d12ca6182161cdc389e0da99a8cff29c47b015f1d07a6633e4cf0,consensus_benchmark_exact_v1,prompt_compiler_v2_split_g_f,2048333795,pending,Q001,"{""Q001"": ""consensus_estimate_human_primary_cause""}",consensus_exact_step3,c444a6eac0c7b6cd317bc71d70e09e8e9d8b0a57308ceb8b4c11921129cc5ae1
G|LP0852|ConsensusExact|step3|attempt_1,G-7901e432b3ac41fa6ad39a35cae8c63676fa97bb,G,target,LP0852,Consensus,consensus_exact_step3_estimate,1,google/gemma-4-31B-it,ba827c5b6d5b23137350c68b40c218c0786df98bfb89a23f696345637b85e99f,ec9f25e6b68d12ca6182161cdc389e0da99a8cff29c47b015f1d07a6633e4cf0,consensus_benchmark_exact_v1,prompt_compiler_v2_split_g_f,632293985,pending,Q001,"{""Q001"": ""consensus_estimate_human_primary_cause""}",consensus_exact_step3,c444a6eac0c7b6cd317bc71d70e09e8e9d8b0a57308ceb8b4c11921129cc5ae1
G|LP0853|ConsensusExact|step3|attempt_1,G-511553fa3151ecbe8e3dd23d261c89e0f9b0733a,G,target,LP0853,Consensus,consensus_exact_step3_estimate,1,google/gemma-4-31B-it,1f2bf9b8b387b9c1ea7ae9823ec96fdb9371cb376d6ab9fb45c5759980bcc343,ec9f25e6b68d12ca6182161cdc389e0da99a8cff29c47b015f1d07a6633e4cf0,consensus_benchmark_exact_v1,prompt_compiler_v2_split_g_f,1400673459,pending,Q001,"{""Q001"": ""consensus_estimate_co2_warms_planet""}",consensus_exact_step3,c444a6eac0c7b6cd317bc71d70e09e8e9d8b0a57308ceb8b4c11921129cc5ae1
G|LP0854|ConsensusExact|step3|attempt_1,G-bcc9009f2abba63b6ec7dda4a50f572b006908cb,G,target,LP0854,Consensus,consensus_exact_step3_estimate,1,google/gemma-4-31B-it,cf475294fbda334e2ff3317ebfaa55ac5d5cff64a9e9bda10fa901880c2843f8,ec9f25e6b68d12ca6182161cdc389e0da99a8cff29c47b015f1d07a6633e4cf0,consensus_benchmark_exact_v1,prompt_compiler_v2_split_g_f,609068924,pending,Q001,"{""Q001"": ""consensus_estimate_human_primary_cause""}",consensus_exact_step3,c444a6eac0c7b6cd317bc71d70e09e8e9d8b0a57308ceb8b4c11921129cc5ae1
G|LP0855|ConsensusExact|step3|attempt_1,G-1d49e7b1510c51c6d4ff0e033658069fd0a15c2a,G,target,LP0855,Consensus,consensus_exact_step3_estimate,1,google/gemma-4-31B-it,deed49cb9a101c0c947d97b16c5db0fd80f1a7f37d88904ea5ec0e3b0dbaf80d,ec9f25e6b68d12ca6182161cdc389e0da99a8cff29c47b015f1d07a6633e4cf0,consensus_benchmark_exact_v1,prompt_compiler_v2_split_g_f,195043625,pending,Q001,"{""Q001"": ""consensus_estimate_co2_warms_planet""}",consensus_exact_step3,c444a6eac0c7b6cd317bc71d70e09e8e9d8b0a57308ceb8b4c11921129cc5ae1
G|LP0856|ConsensusExact|step3|attempt_1,G-2c255094dcd6f7387a043d09153df4a8606c203b,G,target,LP0856,Consensus,consensus_exact_step3_estimate,1,google/gemma-4-31B-it,7665b82ffc6747a6d2e20b161d1fe5526bfdae036d0db68aee97934a27f5b7e2,ec9f25e6b68d12ca6182161cdc389e0da99a8cff29c47b015f1d07a6633e4cf0,consensus_benchmark_exact_v1,prompt_compiler_v2_split_g_f,891394146,pending,Q001,"{""Q001"": ""consensus_estimate_co2_warms_planet""}",consensus_exact_step3,c444a6eac0c7b6cd317bc71d70e09e8e9d8b0a57308ceb8b4c11921129cc5ae1
G|LP0857|ConsensusExact|step3|attempt_1,G-7331b786033e747957756c13f9463e8e6c542855,G,target,LP0857,Consensus,consensus_exact_step3_estimate,1,google/gemma-4-31B-it,ec1d0af4ca54567d0e99d4689942a3a4863533531952ecaabb6b14436e21bd45,ec9f25e6b68d12ca6182161cdc389e0da99a8cff29c47b015f1d07a6633e4cf0,consensus_benchmark_exact_v1,prompt_compiler_v2_split_g_f,1772217222,pending,Q001,"{""Q001"": ""consensus_estimate_co2_warms_planet""}",consensus_exact_step3,c444a6eac0c7b6cd317bc71d70e09e8e9d8b0a57308ceb8b4c11921129cc5ae1
G|LP0858|ConsensusExact|step3|attempt_1,G-318333da2b6d081c22d7bbcd17a809da32ffe7e7,G,target,LP0858,Consensus,consensus_exact_step3_estimate,1,google/gemma-4-31B-it,d3a0c0df6fdfc28b48fb077bfe2e2a5f3b19137be759a1a497bd391542717741,ec9f25e6b68d12ca6182161cdc389e0da99a8cff29c47b015f1d07a6633e4cf0,consensus_benchmark_exact_v1,prompt_compiler_v2_split_g_f,242446289,pending,Q001,"{""Q001"": ""consensus_estimate_co2_warms_planet""}",consensus_exact_step3,c444a6eac0c7b6cd317bc71d70e09e8e9d8b0a57308ceb8b4c11921129cc5ae1
G|LP0859|ConsensusExact|step3|attempt_1,G-5306e1cac2923533ee4e93a8a0207b5a774098e1,G,target,LP0859,Consensus,consensus_exact_step3_estimate,1,google/gemma-4-31B-it,265d3c764927956d8c3d82d4311b317ff216f5386ae6803785e414de56749acf,ec9f25e6b68d12ca6182161cdc389e0da99a8cff29c47b015f1d07a6633e4cf0,consensus_benchmark_exact_v1,prompt_compiler_v2_split_g_f,1755314377,pending,Q001,"{""Q001"": ""consensus_estimate_co2_warms_planet""}",consensus_exact_step3,c444a6eac0c7b6cd317bc71d70e09e8e9d8b0a57308ceb8b4c11921129cc5ae1
G|LP0860|ConsensusExact|step3|attempt_1,G-4e454bc624f066940b61e3b4e76bdfa10cdb437a,G,target,LP0860,Consensus,consensus_exact_step3_estimate,1,google/gemma-4-31B-it,a0a74ad405d4db91e20af1a1957572018534fb5e2c23b397e79e7d3efedf71e0,ec9f25e6b68d12ca6182161cdc389e0da99a8cff29c47b015f1d07a6633e4cf0,consensus_benchmark_exact_v1,prompt_compiler_v2_split_g_f,1098579489,pending,Q001,"{""Q001"": ""consensus_estimate_human_primary_cause""}",consensus_exact_step3,c444a6eac0c7b6cd317bc71d70e09e8e9d8b0a57308ceb8b4c11921129cc5ae1
G|LP0861|ConsensusExact|step3|attempt_1,G-311cec95febd2d07d06a8d00267515625a27d3bf,G,target,LP0861,Consensus,consensus_exact_step3_estimate,1,google/gemma-4-31B-it,350db0b8f1c9d1ee8f217cad7386ea04611db468b64d76f499ea01a13afee33e,ec9f25e6b68d12ca6182161cdc389e0da99a8cff29c47b015f1d07a6633e4cf0,consensus_benchmark_exact_v1,prompt_compiler_v2_split_g_f,1626801715,pending,Q001,"{""Q001"": ""consensus_estimate_human_primary_cause""}",consensus_exact_step3,c444a6eac0c7b6cd317bc71d70e09e8e9d8b0a57308ceb8b4c11921129cc5ae1
G|LP0862|ConsensusExact|step3|attempt_1,G-8f22feb4a9a8d07472fa735c34a77947bfe04260,G,target,LP0862,Consensus,consensus_exact_step3_estimate,1,google/gemma-4-31B-it,717bb025c33c899a5dc2b7b5a3251ce5dd6d4e4a6091ab6ae9fc6ac63149d923,ec9f25e6b68d12ca6182161cdc389e0da99a8cff29c47b015f1d07a6633e4cf0,consensus_benchmark_exact_v1,prompt_compiler_v2_split_g_f,1206832607,pending,Q001,"{""Q001"": ""consensus_estimate_human_primary_cause""}",consensus_exact_step3,c444a6eac0c7b6cd317bc71d70e09e8e9d8b0a57308ceb8b4c11921129cc5ae1
G|LP0863|ConsensusExact|step3|attempt_1,G-06092664c0065339ca69b05e4387064029c6965e,G,target,LP0863,Consensus,consensus_exact_step3_estimate,1,google/gemma-4-31B-it,815cf8e3d026df6e40fc9ab362e1cf7fb978d9340e62920108e9de6d0d59d1d0,ec9f25e6b68d12ca6182161cdc389e0da99a8cff29c47b015f1d07a6633e4cf0,consensus_benchmark_exact_v1,prompt_compiler_v2_split_g_f,1276682242,pending,Q001,"{""Q001"": ""consensus_estimate_co2_warms_planet""}",consensus_exact_step3,c444a6eac0c7b6cd317bc71d70e09e8e9d8b0a57308ceb8b4c11921129cc5ae1
G|LP0864|ConsensusExact|step3|attempt_1,G-2757284155ac667e94c298f0fe4042558d543266,G,target,LP0864,Consensus,consensus_exact_step3_estimate,1,google/gemma-4-31B-it,e4da90fee26c2d35b606bc519ea617bc0b06ac2fa08b70479be89a4c5dac91d1,ec9f25e6b68d12ca6182161cdc389e0da99a8cff29c47b015f1d07a6633e4cf0,consensus_benchmark_exact_v1,prompt_compiler_v2_split_g_f,609924865,pending,Q001,"{""Q001"": ""consensus_estimate_human_primary_cause""}",consensus_exact_step3,c444a6eac0c7b6cd317bc71d70e09e8e9d8b0a57308ceb8b4c11921129cc5ae1
G|LP0865|ConsensusExact|step3|attempt_1,G-f2f196a84155e57e9aa3964ebd9818ad83d83532,G,target,LP0865,Consensus,consensus_exact_step3_estimate,1,google/gemma-4-31B-it,09fd2c6fb4765def07555d706ccecedd85e1577db65bb91cca3dc2bb33ec8b2f,ec9f25e6b68d12ca6182161cdc389e0da99a8cff29c47b015f1d07a6633e4cf0,consensus_benchmark_exact_v1,prompt_compiler_v2_split_g_f,658051794,pending,Q001,"{""Q001"": ""consensus_estimate_co2_warms_planet""}",consensus_exact_step3,c444a6eac0c7b6cd317bc71d70e09e8e9d8b0a57308ceb8b4c11921129cc5ae1
G|LP0866|ConsensusExact|step3|attempt_1,G-c184eb5b13d587816124e2fab7ed5f13c8cbe0cd,G,target,LP0866,Consensus,consensus_exact_step3_estimate,1,google/gemma-4-31B-it,81d9239b7ac5f781fbbaed7fa2235eebf6d4b2fa54f64a1f06f659b68740639f,ec9f25e6b68d12ca6182161cdc389e0da99a8cff29c47b015f1d07a6633e4cf0,consensus_benchmark_exact_v1,prompt_compiler_v2_split_g_f,383737402,pending,Q001,"{""Q001"": ""consensus_estimate_human_primary_cause""}",consensus_exact_step3,c444a6eac0c7b6cd317bc71d70e09e8e9d8b0a57308ceb8b4c11921129cc5ae1
G|LP0867|ConsensusExact|step3|attempt_1,G-9c313fd3b59c7e54ff994a51aa74bf5cdcca1278,G,target,LP0867,Consensus,consensus_exact_step3_estimate,1,google/gemma-4-31B-it,586c94e2a0652c183923b19f0e0e54028c951f3c59b21375a4ae02335370def2,ec9f25e6b68d12ca6182161cdc389e0da99a8cff29c47b015f1d07a6633e4cf0,consensus_benchmark_exact_v1,prompt_compiler_v2_split_g_f,1845427709,pending,Q001,"{""Q001"": ""consensus_estimate_co2_warms_planet""}",consensus_exact_step3,c444a6eac0c7b6cd317bc71d70e09e8e9d8b0a57308ceb8b4c11921129cc5ae1
G|LP0868|ConsensusExact|step3|attempt_1,G-7cefba45bf68c58ab799a8222776183d64cb9cdb,G,target,LP0868,Consensus,consensus_exact_step3_estimate,1,google/gemma-4-31B-it,1d344da831449b9ab4b6b298c93607ecde1d7deb80486b2bcf07c1cd79c1894e,ec9f25e6b68d12ca6182161cdc389e0da99a8cff29c47b015f1d07a6633e4cf0,consensus_benchmark_exact_v1,prompt_compiler_v2_split_g_f,961034775,pending,Q001,"{""Q001"": ""consensus_estimate_human_primary_cause""}",consensus_exact_step3,c444a6eac0c7b6cd317bc71d70e09e8e9d8b0a57308ceb8b4c11921129cc5ae1
G|LP0869|ConsensusExact|step3|attempt_1,G-75e7d77228d23bfe25cde66d1054bdd73282ae90,G,target,LP0869,Consensus,consensus_exact_step3_estimate,1,google/gemma-4-31B-it,1a789471310deca8c31ed8a2f38eb3cb91393277cb1eb06ab404ed511b231e4e,ec9f25e6b68d12ca6182161cdc389e0da99a8cff29c47b015f1d07a6633e4cf0,consensus_benchmark_exact_v1,prompt_compiler_v2_split_g_f,346155748,pending,Q001,"{""Q001"": ""consensus_estimate_co2_warms_planet""}",consensus_exact_step3,c444a6eac0c7b6cd317bc71d70e09e8e9d8b0a57308ceb8b4c11921129cc5ae1
G|LP0870|ConsensusExact|step3|attempt_1,G-3c32c5ca4d65085d9487128dbcdacea1dfc0ea48,G,target,LP0870,Consensus,consensus_exact_step3_estimate,1,google/gemma-4-31B-it,971acf255da22b0a499e0ca910682e8131dd7e5fe010c7bf0f3e1aa756cc5af1,ec9f25e6b68d12ca6182161cdc389e0da99a8cff29c47b015f1d07a6633e4cf0,consensus_benchmark_exact_v1,prompt_compiler_v2_split_g_f,1170904050,pending,Q001,"{""Q001"": ""consensus_estimate_co2_warms_planet""}",consensus_exact_step3,c444a6eac0c7b6cd317bc71d70e09e8e9d8b0a57308ceb8b4c11921129cc5ae1
G|LP0871|ConsensusExact|step3|attempt_1,G-0d9b5043331e7a126b4e3a43eedc29b42809f5f7,G,target,LP0871,Consensus,consensus_exact_step3_estimate,1,google/gemma-4-31B-it,1362cae79057928e426091aa1d2169ade420c2930f02b58b0e616aefd40bc41c,ec9f25e6b68d12ca6182161cdc389e0da99a8cff29c47b015f1d07a6633e4cf0,consensus_benchmark_exact_v1,prompt_compiler_v2_split_g_f,1314200216,pending,Q001,"{""Q001"": ""consensus_estimate_human_primary_cause""}",consensus_exact_step3,c444a6eac0c7b6cd317bc71d70e09e8e9d8b0a57308ceb8b4c11921129cc5ae1
G|LP0872|ConsensusExact|step3|attempt_1,G-a5e805ee7e94c93a5bd0c46e8f3a5e9595074f40,G,target,LP0872,Consensus,consensus_exact_step3_estimate,1,google/gemma-4-31B-it,887dace6f2553b94b1c93146a7a22f36f52fcc047bf42e22af53522a267c6688,ec9f25e6b68d12ca6182161cdc389e0da99a8cff29c47b015f1d07a6633e4cf0,consensus_benchmark_exact_v1,prompt_compiler_v2_split_g_f,1248122137,pending,Q001,"{""Q001"": ""consensus_estimate_human_primary_cause""}",consensus_exact_step3,c444a6eac0c7b6cd317bc71d70e09e8e9d8b0a57308ceb8b4c11921129cc5ae1
G|LP0873|ConsensusExact|step3|attempt_1,G-db823446632f1d575789c0d2d4cc34c73e69182b,G,target,LP0873,Consensus,consensus_exact_step3_estimate,1,google/gemma-4-31B-it,08bee54abfa98f19092307248e787d09067288f3a9231e3904574beae8a0be21,ec9f25e6b68d12ca6182161cdc389e0da99a8cff29c47b015f1d07a6633e4cf0,consensus_benchmark_exact_v1,prompt_compiler_v2_split_g_f,439584231,pending,Q001,"{""Q001"": ""consensus_estimate_human_primary_cause""}",consensus_exact_step3,c444a6eac0c7b6cd317bc71d70e09e8e9d8b0a57308ceb8b4c11921129cc5ae1
G|LP0874|ConsensusExact|step3|attempt_1,G-9d7ac460377ef243655f2268b23ec31484192620,G,target,LP0874,Consensus,consensus_exact_step3_estimate,1,google/gemma-4-31B-it,a58393630c91a1f6f175495019d6310b52ba287d6d10b851617e0b662be9e166,ec9f25e6b68d12ca6182161cdc389e0da99a8cff29c47b015f1d07a6633e4cf0,consensus_benchmark_exact_v1,prompt_compiler_v2_split_g_f,1920236293,pending,Q001,"{""Q001"": ""consensus_estimate_co2_warms_planet""}",consensus_exact_step3,c444a6eac0c7b6cd317bc71d70e09e8e9d8b0a57308ceb8b4c11921129cc5ae1
G|LP0875|ConsensusExact|step3|attempt_1,G-67d9a8caefa1fea4e05329eff5b223b43f1881bc,G,target,LP0875,Consensus,consensus_exact_step3_estimate,1,google/gemma-4-31B-it,40bbcef26ee1ca1aa31dd45520321e4f1b7b2e1ee6a3328d98edb36bd4b65966,ec9f25e6b68d12ca6182161cdc389e0da99a8cff29c47b015f1d07a6633e4cf0,consensus_benchmark_exact_v1,prompt_compiler_v2_split_g_f,1062555707,pending,Q001,"{""Q001"": ""consensus_estimate_human_primary_cause""}",consensus_exact_step3,c444a6eac0c7b6cd317bc71d70e09e8e9d8b0a57308ceb8b4c11921129cc5ae1
G|LP0876|ConsensusExact|step3|attempt_1,G-a42caff4d590147a240688292539063b4d6dc05a,G,target,LP0876,Consensus,consensus_exact_step3_estimate,1,google/gemma-4-31B-it,039646a4bfed1e3c0a56f9a7a3ede9b77bfa920ee35673758cd80592111c3915,ec9f25e6b68d12ca6182161cdc389e0da99a8cff29c47b015f1d07a6633e4cf0,consensus_benchmark_exact_v1,prompt_compiler_v2_split_g_f,501838950,pending,Q001,"{""Q001"": ""consensus_estimate_co2_warms_planet""}",consensus_exact_step3,c444a6eac0c7b6cd317bc71d70e09e8e9d8b0a57308ceb8b4c11921129cc5ae1
G|LP0877|ConsensusExact|step3|attempt_1,G-9bab99cf35d7688b07213fdd5a2f0bbc54c32056,G,target,LP0877,Consensus,consensus_exact_step3_estimate,1,google/gemma-4-31B-it,d73e051827b7b69f957222b7ceb9f8e40b4197b2edf046dcc80812a5bebe4758,ec9f25e6b68d12ca6182161cdc389e0da99a8cff29c47b015f1d07a6633e4cf0,consensus_benchmark_exact_v1,prompt_compiler_v2_split_g_f,1831771179,pending,Q001,"{""Q001"": ""consensus_estimate_human_primary_cause""}",consensus_exact_step3,c444a6eac0c7b6cd317bc71d70e09e8e9d8b0a57308ceb8b4c11921129cc5ae1
G|LP0878|ConsensusExact|step3|attempt_1,G-d6ddd0efacbbc7a1d636adaca68ae7e4abeff04f,G,target,LP0878,Consensus,consensus_exact_step3_estimate,1,google/gemma-4-31B-it,688e425884594bc979633b950698a4d6b798b301d1509ebd256a2202d4ef97a0,ec9f25e6b68d12ca6182161cdc389e0da99a8cff29c47b015f1d07a6633e4cf0,consensus_benchmark_exact_v1,prompt_compiler_v2_split_g_f,1517775235,pending,Q001,"{""Q001"": ""consensus_estimate_co2_warms_planet""}",consensus_exact_step3,c444a6eac0c7b6cd317bc71d70e09e8e9d8b0a57308ceb8b4c11921129cc5ae1
G|LP0879|ConsensusExact|step3|attempt_1,G-30c63c9f846fdb1b3ec27f9934c192dba214095f,G,target,LP0879,Consensus,consensus_exact_step3_estimate,1,google/gemma-4-31B-it,d6740ce06d35f9bae9d557ce8d6fb7015b7e92f12c483d04da1d04a6df4dd035,ec9f25e6b68d12ca6182161cdc389e0da99a8cff29c47b015f1d07a6633e4cf0,consensus_benchmark_exact_v1,prompt_compiler_v2_split_g_f,1711035482,pending,Q001,"{""Q001"": ""consensus_estimate_co2_warms_planet""}",consensus_exact_step3,c444a6eac0c7b6cd317bc71d70e09e8e9d8b0a57308ceb8b4c11921129cc5ae1
G|LP0880|ConsensusExact|step3|attempt_1,G-f23dd9eb79e95d3e37c041a1157b0e07c7dbe262,G,target,LP0880,Consensus,consensus_exact_step3_estimate,1,google/gemma-4-31B-it,840a5062c8867aa87906b827b87c1730b3f98764bb4acb4a304156905e5e1bd6,ec9f25e6b68d12ca6182161cdc389e0da99a8cff29c47b015f1d07a6633e4cf0,consensus_benchmark_exact_v1,prompt_compiler_v2_split_g_f,1583681816,pending,Q001,"{""Q001"": ""consensus_estimate_co2_warms_planet""}",consensus_exact_step3,c444a6eac0c7b6cd317bc71d70e09e8e9d8b0a57308ceb8b4c11921129cc5ae1
G|LP0881|ConsensusExact|step3|attempt_1,G-e8ce2ff45a25f718a8e579b55564d9f26d558787,G,target,LP0881,Consensus,consensus_exact_step3_estimate,1,google/gemma-4-31B-it,f96c2cd04c5c0d07ddae7588e024d5ec4d07bcb4de47b1f403d53cdb5bb3b5f5,ec9f25e6b68d12ca6182161cdc389e0da99a8cff29c47b015f1d07a6633e4cf0,consensus_benchmark_exact_v1,prompt_compiler_v2_split_g_f,734156548,pending,Q001,"{""Q001"": ""consensus_estimate_human_primary_cause""}",consensus_exact_step3,c444a6eac0c7b6cd317bc71d70e09e8e9d8b0a57308ceb8b4c11921129cc5ae1
G|LP0882|ConsensusExact|step3|attempt_1,G-bbe251fc9aded779928bf0f81b4a2470ddfe1218,G,target,LP0882,Consensus,consensus_exact_step3_estimate,1,google/gemma-4-31B-it,ae33bb05107f370a6f6567e8d3003a39855d03f5b9074e9f1a0f8bc5621bdcdd,ec9f25e6b68d12ca6182161cdc389e0da99a8cff29c47b015f1d07a6633e4cf0,consensus_benchmark_exact_v1,prompt_compiler_v2_split_g_f,312703861,pending,Q001,"{""Q001"": ""consensus_estimate_human_primary_cause""}",consensus_exact_step3,c444a6eac0c7b6cd317bc71d70e09e8e9d8b0a57308ceb8b4c11921129cc5ae1
G|LP0883|ConsensusExact|step3|attempt_1,G-bf61640f54bc390270c302abc964fd57480eecaf,G,target,LP0883,Consensus,consensus_exact_step3_estimate,1,google/gemma-4-31B-it,b583a0c254182bf97cae248d50ce49cf9d613d33f800a5298f4ccd0c0b2678b5,ec9f25e6b68d12ca6182161cdc389e0da99a8cff29c47b015f1d07a6633e4cf0,consensus_benchmark_exact_v1,prompt_compiler_v2_split_g_f,1400832291,pending,Q001,"{""Q001"": ""consensus_estimate_human_primary_cause""}",consensus_exact_step3,c444a6eac0c7b6cd317bc71d70e09e8e9d8b0a57308ceb8b4c11921129cc5ae1
G|LP0884|ConsensusExact|step3|attempt_1,G-f65376480d5337d0ccc81d424d9525bae30ab9eb,G,target,LP0884,Consensus,consensus_exact_step3_estimate,1,google/gemma-4-31B-it,31aab5beab403a1fc0e60f129ef2b297d3a3025644f32dbae689196e40210529,ec9f25e6b68d12ca6182161cdc389e0da99a8cff29c47b015f1d07a6633e4cf0,consensus_benchmark_exact_v1,prompt_compiler_v2_split_g_f,2046436451,pending,Q001,"{""Q001"": ""consensus_estimate_co2_warms_planet""}",consensus_exact_step3,c444a6eac0c7b6cd317bc71d70e09e8e9d8b0a57308ceb8b4c11921129cc5ae1
G|LP0885|ConsensusExact|step3|attempt_1,G-4be77b9fcbc839e53bf54ec81dc9f8172ef20e5e,G,target,LP0885,Consensus,consensus_exact_step3_estimate,1,google/gemma-4-31B-it,be18d8aaa4e02b6cc7c63a3be8136d59287f34925452e103daec8369773b51e4,ec9f25e6b68d12ca6182161cdc389e0da99a8cff29c47b015f1d07a6633e4cf0,consensus_benchmark_exact_v1,prompt_compiler_v2_split_g_f,1670852901,pending,Q001,"{""Q001"": ""consensus_estimate_co2_warms_planet""}",consensus_exact_step3,c444a6eac0c7b6cd317bc71d70e09e8e9d8b0a57308ceb8b4c11921129cc5ae1
G|LP0886|ConsensusExact|step3|attempt_1,G-d46b0da3125ec3e33c7894131111eabc27578359,G,target,LP0886,Consensus,consensus_exact_step3_estimate,1,google/gemma-4-31B-it,9c323be2925cbb11c86bce35a2cafdb28f8418181be9bfc217bae276a3e1c63c,ec9f25e6b68d12ca6182161cdc389e0da99a8cff29c47b015f1d07a6633e4cf0,consensus_benchmark_exact_v1,prompt_compiler_v2_split_g_f,993320748,pending,Q001,"{""Q001"": ""consensus_estimate_co2_warms_planet""}",consensus_exact_step3,c444a6eac0c7b6cd317bc71d70e09e8e9d8b0a57308ceb8b4c11921129cc5ae1
G|LP0887|ConsensusExact|step3|attempt_1,G-adb5ddcaa4d68cf6d48c16b33544f6f4a34c8328,G,target,LP0887,Consensus,consensus_exact_step3_estimate,1,google/gemma-4-31B-it,10a26ed9f48cb2688b0cf5bf018579e248e8e06b2184f043823fd24709c6ba7c,ec9f25e6b68d12ca6182161cdc389e0da99a8cff29c47b015f1d07a6633e4cf0,consensus_benchmark_exact_v1,prompt_compiler_v2_split_g_f,4343950,pending,Q001,"{""Q001"": ""consensus_estimate_co2_warms_planet""}",consensus_exact_step3,c444a6eac0c7b6cd317bc71d70e09e8e9d8b0a57308ceb8b4c11921129cc5ae1
G|LP0888|ConsensusExact|step3|attempt_1,G-ac606d6cada4c692aa2f6e5b5652d10423ea7458,G,target,LP0888,Consensus,consensus_exact_step3_estimate,1,google/gemma-4-31B-it,5837e30e56dfb19756dd603410998bd19b3ddf34a6d2f053fa819701c4db088a,ec9f25e6b68d12ca6182161cdc389e0da99a8cff29c47b015f1d07a6633e4cf0,consensus_benchmark_exact_v1,prompt_compiler_v2_split_g_f,107323758,pending,Q001,"{""Q001"": ""consensus_estimate_co2_warms_planet""}",consensus_exact_step3,c444a6eac0c7b6cd317bc71d70e09e8e9d8b0a57308ceb8b4c11921129cc5ae1
G|LP0889|ConsensusExact|step3|attempt_1,G-676fa44fa45d58ce5a7564a6f2f5c5f75237011b,G,target,LP0889,Consensus,consensus_exact_step3_estimate,1,google/gemma-4-31B-it,81560825d5a227018d5b2fa18359d0c1086ee079302f15fb687a18dd3da7b166,ec9f25e6b68d12ca6182161cdc389e0da99a8cff29c47b015f1d07a6633e4cf0,consensus_benchmark_exact_v1,prompt_compiler_v2_split_g_f,1933353326,pending,Q001,"{""Q001"": ""consensus_estimate_co2_warms_planet""}",consensus_exact_step3,c444a6eac0c7b6cd317bc71d70e09e8e9d8b0a57308ceb8b4c11921129cc5ae1
G|LP0890|ConsensusExact|step3|attempt_1,G-c819aa5908a6c337be7d9894191817d63c1de25a,G,target,LP0890,Consensus,consensus_exact_step3_estimate,1,google/gemma-4-31B-it,6fc7d4236d150fe578feb387a8d98ec8c4958d13c4a95494b2cb8bf8c7211a70,ec9f25e6b68d12ca6182161cdc389e0da99a8cff29c47b015f1d07a6633e4cf0,consensus_benchmark_exact_v1,prompt_compiler_v2_split_g_f,416946156,pending,Q001,"{""Q001"": ""consensus_estimate_co2_warms_planet""}",consensus_exact_step3,c444a6eac0c7b6cd317bc71d70e09e8e9d8b0a57308ceb8b4c11921129cc5ae1
G|LP0891|ConsensusExact|step3|attempt_1,G-f3971d397e844b142da7de28ee5cce8106fcd8ab,G,target,LP0891,Consensus,consensus_exact_step3_estimate,1,google/gemma-4-31B-it,666657b6f42bd68115ecae6d99cc64b6e42689d96e14d8adea2fb60e9a205929,ec9f25e6b68d12ca6182161cdc389e0da99a8cff29c47b015f1d07a6633e4cf0,consensus_benchmark_exact_v1,prompt_compiler_v2_split_g_f,1706198410,pending,Q001,"{""Q001"": ""consensus_estimate_human_primary_cause""}",consensus_exact_step3,c444a6eac0c7b6cd317bc71d70e09e8e9d8b0a57308ceb8b4c11921129cc5ae1
G|LP0892|ConsensusExact|step3|attempt_1,G-b4459d8b1873aab9bc8773eb5e808fce0d81d0c7,G,target,LP0892,Consensus,consensus_exact_step3_estimate,1,google/gemma-4-31B-it,30d7645ef84afec0b6e0d20c3d4fab6838772d279ab495c375c23227f53d477b,ec9f25e6b68d12ca6182161cdc389e0da99a8cff29c47b015f1d07a6633e4cf0,consensus_benchmark_exact_v1,prompt_compiler_v2_split_g_f,16704978,pending,Q001,"{""Q001"": ""consensus_estimate_co2_warms_planet""}",consensus_exact_step3,c444a6eac0c7b6cd317bc71d70e09e8e9d8b0a57308ceb8b4c11921129cc5ae1
G|LP0893|ConsensusExact|step3|attempt_1,G-a3c1f24961f28d5e74f91a2da40dbcd9b9b2bc80,G,target,LP0893,Consensus,consensus_exact_step3_estimate,1,google/gemma-4-31B-it,e1265ac79020a70a5b3566b66119efce3def6e6fc997539d4c3913b261638ecb,ec9f25e6b68d12ca6182161cdc389e0da99a8cff29c47b015f1d07a6633e4cf0,consensus_benchmark_exact_v1,prompt_compiler_v2_split_g_f,695628275,pending,Q001,"{""Q001"": ""consensus_estimate_human_primary_cause""}",consensus_exact_step3,c444a6eac0c7b6cd317bc71d70e09e8e9d8b0a57308ceb8b4c11921129cc5ae1
G|LP0894|ConsensusExact|step3|attempt_1,G-7c0dad97ae8008c4f560180f8671e54dbaece609,G,target,LP0894,Consensus,consensus_exact_step3_estimate,1,google/gemma-4-31B-it,f0dba796043625199da825c351f962e32997a217023eff23435e807fb7062be1,ec9f25e6b68d12ca6182161cdc389e0da99a8cff29c47b015f1d07a6633e4cf0,consensus_benchmark_exact_v1,prompt_compiler_v2_split_g_f,647717877,pending,Q001,"{""Q001"": ""consensus_estimate_human_primary_cause""}",consensus_exact_step3,c444a6eac0c7b6cd317bc71d70e09e8e9d8b0a57308ceb8b4c11921129cc5ae1
G|LP0895|ConsensusExact|step3|attempt_1,G-dbaf8df896419b3f4804334eae45a90cb662b5d5,G,target,LP0895,Consensus,consensus_exact_step3_estimate,1,google/gemma-4-31B-it,a9b96fb5925cf2cddf121819824ebda8331094cf2ddf01116c944e41ebb13511,ec9f25e6b68d12ca6182161cdc389e0da99a8cff29c47b015f1d07a6633e4cf0,consensus_benchmark_exact_v1,prompt_compiler_v2_split_g_f,1302378291,pending,Q001,"{""Q001"": ""consensus_estimate_human_primary_cause""}",consensus_exact_step3,c444a6eac0c7b6cd317bc71d70e09e8e9d8b0a57308ceb8b4c11921129cc5ae1
G|LP0896|ConsensusExact|step3|attempt_1,G-4182b93050f81d0024dc9118639e8bc2b8cbdbdf,G,target,LP0896,Consensus,consensus_exact_step3_estimate,1,google/gemma-4-31B-it,561e327574ab86672eb913f60815fbd396bee61ccc9d449f75111b854bdd9bbe,ec9f25e6b68d12ca6182161cdc389e0da99a8cff29c47b015f1d07a6633e4cf0,consensus_benchmark_exact_v1,prompt_compiler_v2_split_g_f,1409126241,pending,Q001,"{""Q001"": ""consensus_estimate_human_primary_cause""}",consensus_exact_step3,c444a6eac0c7b6cd317bc71d70e09e8e9d8b0a57308ceb8b4c11921129cc5ae1
G|LP0897|ConsensusExact|step3|attempt_1,G-92a01bdce738ec3e8ccbf3e73aa7c01f264fcb17,G,target,LP0897,Consensus,consensus_exact_step3_estimate,1,google/gemma-4-31B-it,78175f5398c101c2dcabbe4793f79f1ed75208c4404a733568d765d0461809e7,ec9f25e6b68d12ca6182161cdc389e0da99a8cff29c47b015f1d07a6633e4cf0,consensus_benchmark_exact_v1,prompt_compiler_v2_split_g_f,209265658,pending,Q001,"{""Q001"": ""consensus_estimate_co2_warms_planet""}",consensus_exact_step3,c444a6eac0c7b6cd317bc71d70e09e8e9d8b0a57308ceb8b4c11921129cc5ae1
G|LP0898|ConsensusExact|step3|attempt_1,G-438ab5105028c048bcf4009a77f49400b2e23bc5,G,target,LP0898,Consensus,consensus_exact_step3_estimate,1,google/gemma-4-31B-it,b2134d0dc9db1b9f7c7b1977dd2005a5a4079edb91e7ced4d30b73828a4a2b7d,ec9f25e6b68d12ca6182161cdc389e0da99a8cff29c47b015f1d07a6633e4cf0,consensus_benchmark_exact_v1,prompt_compiler_v2_split_g_f,1463691881,pending,Q001,"{""Q001"": ""consensus_estimate_co2_warms_planet""}",consensus_exact_step3,c444a6eac0c7b6cd317bc71d70e09e8e9d8b0a57308ceb8b4c11921129cc5ae1
G|LP0899|ConsensusExact|step3|attempt_1,G-ebe498928b5c5fd5ee26b9fae06555c5f18336ba,G,target,LP0899,Consensus,consensus_exact_step3_estimate,1,google/gemma-4-31B-it,c2b8e1cceb89ce14d6bb0516fea55bbe00254548a5222dba348776454c80fae6,ec9f25e6b68d12ca6182161cdc389e0da99a8cff29c47b015f1d07a6633e4cf0,consensus_benchmark_exact_v1,prompt_compiler_v2_split_g_f,1663406333,pending,Q001,"{""Q001"": ""consensus_estimate_human_primary_cause""}",consensus_exact_step3,c444a6eac0c7b6cd317bc71d70e09e8e9d8b0a57308ceb8b4c11921129cc5ae1
G|LP0900|ConsensusExact|step3|attempt_1,G-830b25c0408a85b3a1de4c5ca4f8be719db2b60c,G,target,LP0900,Consensus,consensus_exact_step3_estimate,1,google/gemma-4-31B-it,e692785650fe36555a625df9c6250d396170b8810e40a3402f7b6ec29785f2e2,ec9f25e6b68d12ca6182161cdc389e0da99a8cff29c47b015f1d07a6633e4cf0,consensus_benchmark_exact_v1,prompt_compiler_v2_split_g_f,1184944437,pending,Q001,"{""Q001"": ""consensus_estimate_human_primary_cause""}",consensus_exact_step3,c444a6eac0c7b6cd317bc71d70e09e8e9d8b0a57308ceb8b4c11921129cc5ae1
G|LP0901|ConsensusExact|step3|attempt_1,G-8d98b9ea707facde73de831b5b16f82f7f694d8b,G,target,LP0901,Consensus,consensus_exact_step3_estimate,1,google/gemma-4-31B-it,3ee6c00d0416e48e5b83cc5fed1568f20b06b9829f2dce99aebdb145a729c930,ec9f25e6b68d12ca6182161cdc389e0da99a8cff29c47b015f1d07a6633e4cf0,consensus_benchmark_exact_v1,prompt_compiler_v2_split_g_f,196157621,pending,Q001,"{""Q001"": ""consensus_estimate_co2_warms_planet""}",consensus_exact_step3,c444a6eac0c7b6cd317bc71d70e09e8e9d8b0a57308ceb8b4c11921129cc5ae1
G|LP0902|ConsensusExact|step3|attempt_1,G-5d4f2d5061a4558d1d8e0c940bf3e0c702aea6f7,G,target,LP0902,Consensus,consensus_exact_step3_estimate,1,google/gemma-4-31B-it,b5eb9b75fcb0c9d23e993ed1516a684e96377cfac883ee0349d38a2870bc2b5a,ec9f25e6b68d12ca6182161cdc389e0da99a8cff29c47b015f1d07a6633e4cf0,consensus_benchmark_exact_v1,prompt_compiler_v2_split_g_f,474132527,pending,Q001,"{""Q001"": ""consensus_estimate_human_primary_cause""}",consensus_exact_step3,c444a6eac0c7b6cd317bc71d70e09e8e9d8b0a57308ceb8b4c11921129cc5ae1
G|LP0903|ConsensusExact|step3|attempt_1,G-5b18df86e86078cc884e73c86c4fde059fdb7844,G,target,LP0903,Consensus,consensus_exact_step3_estimate,1,google/gemma-4-31B-it,8d059045e45dcc2703e5029902213271788e4bf7f07f9c61a3ccca4aff400c70,ec9f25e6b68d12ca6182161cdc389e0da99a8cff29c47b015f1d07a6633e4cf0,consensus_benchmark_exact_v1,prompt_compiler_v2_split_g_f,512899035,pending,Q001,"{""Q001"": ""consensus_estimate_co2_warms_planet""}",consensus_exact_step3,c444a6eac0c7b6cd317bc71d70e09e8e9d8b0a57308ceb8b4c11921129cc5ae1
G|LP0904|ConsensusExact|step3|attempt_1,G-65127be535f77bd5bdfbccd8f029cb4eb5db1677,G,target,LP0904,Consensus,consensus_exact_step3_estimate,1,google/gemma-4-31B-it,b567ced78e89e88320233b6db4eeac02a787917b2abfda6d10dc7c3f45181645,ec9f25e6b68d12ca6182161cdc389e0da99a8cff29c47b015f1d07a6633e4cf0,consensus_benchmark_exact_v1,prompt_compiler_v2_split_g_f,1864609,pending,Q001,"{""Q001"": ""consensus_estimate_co2_warms_planet""}",consensus_exact_step3,c444a6eac0c7b6cd317bc71d70e09e8e9d8b0a57308ceb8b4c11921129cc5ae1
G|LP0905|ConsensusExact|step3|attempt_1,G-3f65ce564375e1745b9e033bacfd088168397147,G,target,LP0905,Consensus,consensus_exact_step3_estimate,1,google/gemma-4-31B-it,6a015570996c7ee0da8ebffca05ac4dd2ebc64cf98f3d1aa0f337e7d216414d3,ec9f25e6b68d12ca6182161cdc389e0da99a8cff29c47b015f1d07a6633e4cf0,consensus_benchmark_exact_v1,prompt_compiler_v2_split_g_f,1111588385,pending,Q001,"{""Q001"": ""consensus_estimate_co2_warms_planet""}",consensus_exact_step3,c444a6eac0c7b6cd317bc71d70e09e8e9d8b0a57308ceb8b4c11921129cc5ae1
G|LP0906|ConsensusExact|step3|attempt_1,G-3da152ee3b15f12fae6d7fd3dec0707c39b6375e,G,target,LP0906,Consensus,consensus_exact_step3_estimate,1,google/gemma-4-31B-it,9b9081cc17a9c5a2f1dca8271e230e791b601ad7a86fdb1859022c032619b310,ec9f25e6b68d12ca6182161cdc389e0da99a8cff29c47b015f1d07a6633e4cf0,consensus_benchmark_exact_v1,prompt_compiler_v2_split_g_f,911775500,pending,Q001,"{""Q001"": ""consensus_estimate_human_primary_cause""}",consensus_exact_step3,c444a6eac0c7b6cd317bc71d70e09e8e9d8b0a57308ceb8b4c11921129cc5ae1
G|LP0907|ConsensusExact|step3|attempt_1,G-c68f5bfe59821964a1c8ef8a0fe4d2644832180c,G,target,LP0907,Consensus,consensus_exact_step3_estimate,1,google/gemma-4-31B-it,c3710012f4b35d1fc27313d16a103debfe2c145c7f5f78b876f4591a9e5649b4,ec9f25e6b68d12ca6182161cdc389e0da99a8cff29c47b015f1d07a6633e4cf0,consensus_benchmark_exact_v1,prompt_compiler_v2_split_g_f,1721815395,pending,Q001,"{""Q001"": ""consensus_estimate_human_primary_cause""}",consensus_exact_step3,c444a6eac0c7b6cd317bc71d70e09e8e9d8b0a57308ceb8b4c11921129cc5ae1
G|LP0908|ConsensusExact|step3|attempt_1,G-5853d9fc8e030bc83be3af325bff739271c46a7f,G,target,LP0908,Consensus,consensus_exact_step3_estimate,1,google/gemma-4-31B-it,6635cc605184c2086801eb04366923af4d6d905f5cc642ab032f058012170cdc,ec9f25e6b68d12ca6182161cdc389e0da99a8cff29c47b015f1d07a6633e4cf0,consensus_benchmark_exact_v1,prompt_compiler_v2_split_g_f,1051377602,pending,Q001,"{""Q001"": ""consensus_estimate_human_primary_cause""}",consensus_exact_step3,c444a6eac0c7b6cd317bc71d70e09e8e9d8b0a57308ceb8b4c11921129cc5ae1
G|LP0909|ConsensusExact|step3|attempt_1,G-750c41ca5799a69093438fcc29acfeaa45a6c206,G,target,LP0909,Consensus,consensus_exact_step3_estimate,1,google/gemma-4-31B-it,290ebf9edf90cc169131cf577b732ecaadb72791696b06d02eb7530b6994201e,ec9f25e6b68d12ca6182161cdc389e0da99a8cff29c47b015f1d07a6633e4cf0,consensus_benchmark_exact_v1,prompt_compiler_v2_split_g_f,1102195238,pending,Q001,"{""Q001"": ""consensus_estimate_co2_warms_planet""}",consensus_exact_step3,c444a6eac0c7b6cd317bc71d70e09e8e9d8b0a57308ceb8b4c11921129cc5ae1
G|LP0910|ConsensusExact|step3|attempt_1,G-b122ea781e4ee67cb73330006f8203aec16275a1,G,target,LP0910,Consensus,consensus_exact_step3_estimate,1,google/gemma-4-31B-it,9b8ccf7785f20a5b7e5ecaa9965e5ddc7102fb2a033f094e981dcc9eff9c0716,ec9f25e6b68d12ca6182161cdc389e0da99a8cff29c47b015f1d07a6633e4cf0,consensus_benchmark_exact_v1,prompt_compiler_v2_split_g_f,9747311,pending,Q001,"{""Q001"": ""consensus_estimate_co2_warms_planet""}",consensus_exact_step3,c444a6eac0c7b6cd317bc71d70e09e8e9d8b0a57308ceb8b4c11921129cc5ae1
G|LP0911|ConsensusExact|step3|attempt_1,G-16d45126fadc89b2e6eb6ced75f727e779de12f2,G,target,LP0911,Consensus,consensus_exact_step3_estimate,1,google/gemma-4-31B-it,2a4fbf48431ce1a447776cf3340b653d4ae9604e295f18cdbdedf4613383b187,ec9f25e6b68d12ca6182161cdc389e0da99a8cff29c47b015f1d07a6633e4cf0,consensus_benchmark_exact_v1,prompt_compiler_v2_split_g_f,679816192,pending,Q001,"{""Q001"": ""consensus_estimate_human_primary_cause""}",consensus_exact_step3,c444a6eac0c7b6cd317bc71d70e09e8e9d8b0a57308ceb8b4c11921129cc5ae1
G|LP0912|ConsensusExact|step3|attempt_1,G-b45f9548e42cbf93deee2c086f3da8c7ee2b3145,G,target,LP0912,Consensus,consensus_exact_step3_estimate,1,google/gemma-4-31B-it,ee730a7b3edcd2d2c506e2fd617bc3c7f949e175258a009d387e316793c72319,ec9f25e6b68d12ca6182161cdc389e0da99a8cff29c47b015f1d07a6633e4cf0,consensus_benchmark_exact_v1,prompt_compiler_v2_split_g_f,1290529319,pending,Q001,"{""Q001"": ""consensus_estimate_co2_warms_planet""}",consensus_exact_step3,c444a6eac0c7b6cd317bc71d70e09e8e9d8b0a57308ceb8b4c11921129cc5ae1
G|LP0913|ConsensusExact|step3|attempt_1,G-a44c3b2995ed8d65586db8fc0f4e57c39b4353e6,G,target,LP0913,Consensus,consensus_exact_step3_estimate,1,google/gemma-4-31B-it,2ef6ebafc7def5793877a3265688a972a8e13664073e297a45c37ae18525a757,ec9f25e6b68d12ca6182161cdc389e0da99a8cff29c47b015f1d07a6633e4cf0,consensus_benchmark_exact_v1,prompt_compiler_v2_split_g_f,1585841082,pending,Q001,"{""Q001"": ""consensus_estimate_human_primary_cause""}",consensus_exact_step3,c444a6eac0c7b6cd317bc71d70e09e8e9d8b0a57308ceb8b4c11921129cc5ae1
G|LP0914|ConsensusExact|step3|attempt_1,G-a28d78b60760a6ee293ec5a4b3529fad5714d3ee,G,target,LP0914,Consensus,consensus_exact_step3_estimate,1,google/gemma-4-31B-it,8adbb3671444ea4196776d6c3c6b3413785ec7b04d12141ccf23b9dc860f5869,ec9f25e6b68d12ca6182161cdc389e0da99a8cff29c47b015f1d07a6633e4cf0,consensus_benchmark_exact_v1,prompt_compiler_v2_split_g_f,1283168348,pending,Q001,"{""Q001"": ""consensus_estimate_human_primary_cause""}",consensus_exact_step3,c444a6eac0c7b6cd317bc71d70e09e8e9d8b0a57308ceb8b4c11921129cc5ae1
G|LP0915|ConsensusExact|step3|attempt_1,G-06cc509b6830965679fe4ab26dbf086ea43629de,G,target,LP0915,Consensus,consensus_exact_step3_estimate,1,google/gemma-4-31B-it,d1ccf53f9f794f0315fbf66471ae4140bd09c72bd06dc7b6b1a03245ef318db7,ec9f25e6b68d12ca6182161cdc389e0da99a8cff29c47b015f1d07a6633e4cf0,consensus_benchmark_exact_v1,prompt_compiler_v2_split_g_f,1976121228,pending,Q001,"{""Q001"": ""consensus_estimate_human_primary_cause""}",consensus_exact_step3,c444a6eac0c7b6cd317bc71d70e09e8e9d8b0a57308ceb8b4c11921129cc5ae1
G|LP0916|ConsensusExact|step3|attempt_1,G-0c121287e236d94ea18e3d88063eeb429825e30e,G,target,LP0916,Consensus,consensus_exact_step3_estimate,1,google/gemma-4-31B-it,1f5eb3eb29546e77ef3645162155700b2effefca654b61b79e24f3e5e884cd5c,ec9f25e6b68d12ca6182161cdc389e0da99a8cff29c47b015f1d07a6633e4cf0,consensus_benchmark_exact_v1,prompt_compiler_v2_split_g_f,2052783709,pending,Q001,"{""Q001"": ""consensus_estimate_human_primary_cause""}",consensus_exact_step3,c444a6eac0c7b6cd317bc71d70e09e8e9d8b0a57308ceb8b4c11921129cc5ae1
G|LP0917|ConsensusExact|step3|attempt_1,G-b9758301296931650542139afccfb93bd81d8ad5,G,target,LP0917,Consensus,consensus_exact_step3_estimate,1,google/gemma-4-31B-it,1dd3c70c7312acf1b06d6f289c0c1a114dfa14a4540025f57021f0555ecc64d2,ec9f25e6b68d12ca6182161cdc389e0da99a8cff29c47b015f1d07a6633e4cf0,consensus_benchmark_exact_v1,prompt_compiler_v2_split_g_f,475281258,pending,Q001,"{""Q001"": ""consensus_estimate_human_primary_cause""}",consensus_exact_step3,c444a6eac0c7b6cd317bc71d70e09e8e9d8b0a57308ceb8b4c11921129cc5ae1
G|LP0918|ConsensusExact|step3|attempt_1,G-7b9dec4a872753ab37e656fffc3764fe73b8af4b,G,target,LP0918,Consensus,consensus_exact_step3_estimate,1,google/gemma-4-31B-it,757ff108b77d75bd21a222bc69e66694807c5dd7f85d849dc7a53ed6eecf4fb0,ec9f25e6b68d12ca6182161cdc389e0da99a8cff29c47b015f1d07a6633e4cf0,consensus_benchmark_exact_v1,prompt_compiler_v2_split_g_f,2120428609,pending,Q001,"{""Q001"": ""consensus_estimate_human_primary_cause""}",consensus_exact_step3,c444a6eac0c7b6cd317bc71d70e09e8e9d8b0a57308ceb8b4c11921129cc5ae1
G|LP0919|ConsensusExact|step3|attempt_1,G-9f83d771dea68c8fe3b636608722bdeffeeda591,G,target,LP0919,Consensus,consensus_exact_step3_estimate,1,google/gemma-4-31B-it,a476c3224b1899c6564b74505f3d6f46a79062084345a5b25bb2ef631814f86a,ec9f25e6b68d12ca6182161cdc389e0da99a8cff29c47b015f1d07a6633e4cf0,consensus_benchmark_exact_v1,prompt_compiler_v2_split_g_f,497957749,pending,Q001,"{""Q001"": ""consensus_estimate_human_primary_cause""}",consensus_exact_step3,c444a6eac0c7b6cd317bc71d70e09e8e9d8b0a57308ceb8b4c11921129cc5ae1
G|LP0920|ConsensusExact|step3|attempt_1,G-13379440cd267bb6dddc6c17b04fa00e2dc4300c,G,target,LP0920,Consensus,consensus_exact_step3_estimate,1,google/gemma-4-31B-it,9eaba511a197f4bfd6016b1d5838e419a5b34f164d89f813d1c45aa9b4aee303,ec9f25e6b68d12ca6182161cdc389e0da99a8cff29c47b015f1d07a6633e4cf0,consensus_benchmark_exact_v1,prompt_compiler_v2_split_g_f,1939186743,pending,Q001,"{""Q001"": ""consensus_estimate_human_primary_cause""}",consensus_exact_step3,c444a6eac0c7b6cd317bc71d70e09e8e9d8b0a57308ceb8b4c11921129cc5ae1
G|LP0921|ConsensusExact|step3|attempt_1,G-92c062bd14cb1f0d8e7427d8fa8b7838c2d56956,G,target,LP0921,Consensus,consensus_exact_step3_estimate,1,google/gemma-4-31B-it,de3ded8b4924fe383d13808839fc2618ac590d1e3e19d8508427c89ed3675987,ec9f25e6b68d12ca6182161cdc389e0da99a8cff29c47b015f1d07a6633e4cf0,consensus_benchmark_exact_v1,prompt_compiler_v2_split_g_f,978052233,pending,Q001,"{""Q001"": ""consensus_estimate_co2_warms_planet""}",consensus_exact_step3,c444a6eac0c7b6cd317bc71d70e09e8e9d8b0a57308ceb8b4c11921129cc5ae1
G|LP0922|ConsensusExact|step3|attempt_1,G-c4ebcb9fd756f45f4c3fc2901f6f66d147e61a19,G,target,LP0922,Consensus,consensus_exact_step3_estimate,1,google/gemma-4-31B-it,16819c5065b2dca29dcd67ad706d6972da0ee68221499fd2ed441e4d95c5de4f,ec9f25e6b68d12ca6182161cdc389e0da99a8cff29c47b015f1d07a6633e4cf0,consensus_benchmark_exact_v1,prompt_compiler_v2_split_g_f,1630440353,pending,Q001,"{""Q001"": ""consensus_estimate_co2_warms_planet""}",consensus_exact_step3,c444a6eac0c7b6cd317bc71d70e09e8e9d8b0a57308ceb8b4c11921129cc5ae1
G|LP0923|ConsensusExact|step3|attempt_1,G-e4c03e2ff630e7f2371cbfcc2b2ad412b8ef64c2,G,target,LP0923,Consensus,consensus_exact_step3_estimate,1,google/gemma-4-31B-it,435abc35508995037c0f87027c9da197c5305d3a391f0ac093124992ae076d02,ec9f25e6b68d12ca6182161cdc389e0da99a8cff29c47b015f1d07a6633e4cf0,consensus_benchmark_exact_v1,prompt_compiler_v2_split_g_f,1068590165,pending,Q001,"{""Q001"": ""consensus_estimate_co2_warms_planet""}",consensus_exact_step3,c444a6eac0c7b6cd317bc71d70e09e8e9d8b0a57308ceb8b4c11921129cc5ae1
G|LP0924|ConsensusExact|step3|attempt_1,G-7bbde129c37a1268b3e6d55b3a57d509ab0f0aa9,G,target,LP0924,Consensus,consensus_exact_step3_estimate,1,google/gemma-4-31B-it,22d57610ce3a9120c87ca11c17fd268053aa1b23c15e2cecdbc5dca162f350d3,ec9f25e6b68d12ca6182161cdc389e0da99a8cff29c47b015f1d07a6633e4cf0,consensus_benchmark_exact_v1,prompt_compiler_v2_split_g_f,989189309,pending,Q001,"{""Q001"": ""consensus_estimate_co2_warms_planet""}",consensus_exact_step3,c444a6eac0c7b6cd317bc71d70e09e8e9d8b0a57308ceb8b4c11921129cc5ae1
G|LP0925|ConsensusExact|step3|attempt_1,G-fb38ae2796bf5d0be7b4da6c54128b5a02852abc,G,target,LP0925,Consensus,consensus_exact_step3_estimate,1,google/gemma-4-31B-it,530d60a2ffe17f020608fd5ef3e98d8ee2639f915d7e5303e848aa4a0298c83e,ec9f25e6b68d12ca6182161cdc389e0da99a8cff29c47b015f1d07a6633e4cf0,consensus_benchmark_exact_v1,prompt_compiler_v2_split_g_f,221296990,pending,Q001,"{""Q001"": ""consensus_estimate_human_primary_cause""}",consensus_exact_step3,c444a6eac0c7b6cd317bc71d70e09e8e9d8b0a57308ceb8b4c11921129cc5ae1
G|LP0926|ConsensusExact|step3|attempt_1,G-d6284b24bb396297fbd42239f01d3f91f58a1c08,G,target,LP0926,Consensus,consensus_exact_step3_estimate,1,google/gemma-4-31B-it,11783dc45bc805cea08e4c205278d9efc3a27851cada0ce69f42e1fa04400032,ec9f25e6b68d12ca6182161cdc389e0da99a8cff29c47b015f1d07a6633e4cf0,consensus_benchmark_exact_v1,prompt_compiler_v2_split_g_f,1737095395,pending,Q001,"{""Q001"": ""consensus_estimate_co2_warms_planet""}",consensus_exact_step3,c444a6eac0c7b6cd317bc71d70e09e8e9d8b0a57308ceb8b4c11921129cc5ae1
G|LP0927|ConsensusExact|step3|attempt_1,G-009a381ed9db28c7c392997e13b595d05614191f,G,target,LP0927,Consensus,consensus_exact_step3_estimate,1,google/gemma-4-31B-it,036f4470fd0a548cc4a90ba5615ba3c6f76bd736fb1617a1d322ea404e9431d7,ec9f25e6b68d12ca6182161cdc389e0da99a8cff29c47b015f1d07a6633e4cf0,consensus_benchmark_exact_v1,prompt_compiler_v2_split_g_f,1527748868,pending,Q001,"{""Q001"": ""consensus_estimate_co2_warms_planet""}",consensus_exact_step3,c444a6eac0c7b6cd317bc71d70e09e8e9d8b0a57308ceb8b4c11921129cc5ae1
G|LP0928|ConsensusExact|step3|attempt_1,G-563fd526accfcd04c7a9daa5c5d4825198d69694,G,target,LP0928,Consensus,consensus_exact_step3_estimate,1,google/gemma-4-31B-it,9a041c182756340f655c1a63d82b59d08739510cd61536b9bb06597da96aa548,ec9f25e6b68d12ca6182161cdc389e0da99a8cff29c47b015f1d07a6633e4cf0,consensus_benchmark_exact_v1,prompt_compiler_v2_split_g_f,1498380114,pending,Q001,"{""Q001"": ""consensus_estimate_human_primary_cause""}",consensus_exact_step3,c444a6eac0c7b6cd317bc71d70e09e8e9d8b0a57308ceb8b4c11921129cc5ae1
G|LP0929|ConsensusExact|step3|attempt_1,G-b5d993ba73a8aa2a4e82e47587789476363afb35,G,target,LP0929,Consensus,consensus_exact_step3_estimate,1,google/gemma-4-31B-it,83299d61cdc33b87a900a60f2a369b5f624dae6fe0a62f78849141c0e74cf2ce,ec9f25e6b68d12ca6182161cdc389e0da99a8cff29c47b015f1d07a6633e4cf0,consensus_benchmark_exact_v1,prompt_compiler_v2_split_g_f,1599852961,pending,Q001,"{""Q001"": ""consensus_estimate_human_primary_cause""}",consensus_exact_step3,c444a6eac0c7b6cd317bc71d70e09e8e9d8b0a57308ceb8b4c11921129cc5ae1
G|LP0930|ConsensusExact|step3|attempt_1,G-0d8a634c4d7a956391978691a5a6576e436cb461,G,target,LP0930,Consensus,consensus_exact_step3_estimate,1,google/gemma-4-31B-it,607ac34252b5cc15cd47a2af0529a3c774ef70b55cbe7db9b83a6f5181560f9e,ec9f25e6b68d12ca6182161cdc389e0da99a8cff29c47b015f1d07a6633e4cf0,consensus_benchmark_exact_v1,prompt_compiler_v2_split_g_f,1754225659,pending,Q001,"{""Q001"": ""consensus_estimate_co2_warms_planet""}",consensus_exact_step3,c444a6eac0c7b6cd317bc71d70e09e8e9d8b0a57308ceb8b4c11921129cc5ae1
G|LP0931|ConsensusExact|step3|attempt_1,G-3cbf290abc68201edd3faf503d76c26fc6b59a85,G,target,LP0931,Consensus,consensus_exact_step3_estimate,1,google/gemma-4-31B-it,6878d8b4da02ed04d7d8541595c5fb87a72e1c8b0b6f67867c45b1940e849bce,ec9f25e6b68d12ca6182161cdc389e0da99a8cff29c47b015f1d07a6633e4cf0,consensus_benchmark_exact_v1,prompt_compiler_v2_split_g_f,904294964,pending,Q001,"{""Q001"": ""consensus_estimate_co2_warms_planet""}",consensus_exact_step3,c444a6eac0c7b6cd317bc71d70e09e8e9d8b0a57308ceb8b4c11921129cc5ae1
G|LP0932|ConsensusExact|step3|attempt_1,G-d99ef13b23ff0de0d369e570bed84c7cbba4f4d5,G,target,LP0932,Consensus,consensus_exact_step3_estimate,1,google/gemma-4-31B-it,41b771d97f3e7f31e19a1c7128fb4faf6a72d05a310a7a9589b2986d5d85867d,ec9f25e6b68d12ca6182161cdc389e0da99a8cff29c47b015f1d07a6633e4cf0,consensus_benchmark_exact_v1,prompt_compiler_v2_split_g_f,1463611481,pending,Q001,"{""Q001"": ""consensus_estimate_human_primary_cause""}",consensus_exact_step3,c444a6eac0c7b6cd317bc71d70e09e8e9d8b0a57308ceb8b4c11921129cc5ae1
G|LP0933|ConsensusExact|step3|attempt_1,G-e511e83585f12ce0d367329b4ee92bb6e94f557e,G,target,LP0933,Consensus,consensus_exact_step3_estimate,1,google/gemma-4-31B-it,bba7adf1c363d335b54a9c21c91d14ae14d98705bf361c0caefe443e67395b77,ec9f25e6b68d12ca6182161cdc389e0da99a8cff29c47b015f1d07a6633e4cf0,consensus_benchmark_exact_v1,prompt_compiler_v2_split_g_f,1343552846,pending,Q001,"{""Q001"": ""consensus_estimate_co2_warms_planet""}",consensus_exact_step3,c444a6eac0c7b6cd317bc71d70e09e8e9d8b0a57308ceb8b4c11921129cc5ae1
G|LP0934|ConsensusExact|step3|attempt_1,G-938de796b4aca2274320ce2037bcdd93cf79e11a,G,target,LP0934,Consensus,consensus_exact_step3_estimate,1,google/gemma-4-31B-it,88a19ed3bc6926b35155243e55a6903f3a84de25ab4a4c4de168f03c015875b9,ec9f25e6b68d12ca6182161cdc389e0da99a8cff29c47b015f1d07a6633e4cf0,consensus_benchmark_exact_v1,prompt_compiler_v2_split_g_f,1539862870,pending,Q001,"{""Q001"": ""consensus_estimate_human_primary_cause""}",consensus_exact_step3,c444a6eac0c7b6cd317bc71d70e09e8e9d8b0a57308ceb8b4c11921129cc5ae1
G|LP0935|ConsensusExact|step3|attempt_1,G-5f12b729d66bc9aa8398105fe5a0d16047f9c138,G,target,LP0935,Consensus,consensus_exact_step3_estimate,1,google/gemma-4-31B-it,5a8643fcc9f9cb28f6c32020830bbd11292d6c7aead7276d04a1aa9f4861ef50,ec9f25e6b68d12ca6182161cdc389e0da99a8cff29c47b015f1d07a6633e4cf0,consensus_benchmark_exact_v1,prompt_compiler_v2_split_g_f,345061375,pending,Q001,"{""Q001"": ""consensus_estimate_co2_warms_planet""}",consensus_exact_step3,c444a6eac0c7b6cd317bc71d70e09e8e9d8b0a57308ceb8b4c11921129cc5ae1
G|LP0936|ConsensusExact|step3|attempt_1,G-7688ae1bdfd7b588640f764c6a90a26a67b6e26b,G,target,LP0936,Consensus,consensus_exact_step3_estimate,1,google/gemma-4-31B-it,b123acaa5443eedf4b2ce363af1f4b31af646d241ed227e788a1bbc21a5227dc,ec9f25e6b68d12ca6182161cdc389e0da99a8cff29c47b015f1d07a6633e4cf0,consensus_benchmark_exact_v1,prompt_compiler_v2_split_g_f,1290342849,pending,Q001,"{""Q001"": ""consensus_estimate_human_primary_cause""}",consensus_exact_step3,c444a6eac0c7b6cd317bc71d70e09e8e9d8b0a57308ceb8b4c11921129cc5ae1
G|LP0937|ConsensusExact|step3|attempt_1,G-8424dfd5badad39c2151182daf65520f9e56c272,G,target,LP0937,Consensus,consensus_exact_step3_estimate,1,google/gemma-4-31B-it,37f30cfe2dfbbaac175bbd29c7a33255470ee01dd75badf596d41541b02d7a7e,ec9f25e6b68d12ca6182161cdc389e0da99a8cff29c47b015f1d07a6633e4cf0,consensus_benchmark_exact_v1,prompt_compiler_v2_split_g_f,1126470473,pending,Q001,"{""Q001"": ""consensus_estimate_co2_warms_planet""}",consensus_exact_step3,c444a6eac0c7b6cd317bc71d70e09e8e9d8b0a57308ceb8b4c11921129cc5ae1
G|LP0938|ConsensusExact|step3|attempt_1,G-1577ab400db52eaca40628293c884ce3f219e11e,G,target,LP0938,Consensus,consensus_exact_step3_estimate,1,google/gemma-4-31B-it,75e3d034175a5434152536e9a8c419cd5e0d24d19cd6765b8860118e2280442c,ec9f25e6b68d12ca6182161cdc389e0da99a8cff29c47b015f1d07a6633e4cf0,consensus_benchmark_exact_v1,prompt_compiler_v2_split_g_f,950306092,pending,Q001,"{""Q001"": ""consensus_estimate_human_primary_cause""}",consensus_exact_step3,c444a6eac0c7b6cd317bc71d70e09e8e9d8b0a57308ceb8b4c11921129cc5ae1
G|LP0939|ConsensusExact|step3|attempt_1,G-411f10c09abda6a4fdeef860519b0b65f1e72fcf,G,target,LP0939,Consensus,consensus_exact_step3_estimate,1,google/gemma-4-31B-it,33c655bfcaf7eb6bcd0b80f0dc25b2d1c9a53b71af38922ef0dbccb46ba8efe4,ec9f25e6b68d12ca6182161cdc389e0da99a8cff29c47b015f1d07a6633e4cf0,consensus_benchmark_exact_v1,prompt_compiler_v2_split_g_f,486262822,pending,Q001,"{""Q001"": ""consensus_estimate_human_primary_cause""}",consensus_exact_step3,c444a6eac0c7b6cd317bc71d70e09e8e9d8b0a57308ceb8b4c11921129cc5ae1
G|LP0940|ConsensusExact|step3|attempt_1,G-3ae12a3b3c23a51ccbbf12c1da1c91123dec2b6a,G,target,LP0940,Consensus,consensus_exact_step3_estimate,1,google/gemma-4-31B-it,f449185b20dfe4c203231ccb18afe6a00b0735d2fbc924478d7ab52f812f6ccf,ec9f25e6b68d12ca6182161cdc389e0da99a8cff29c47b015f1d07a6633e4cf0,consensus_benchmark_exact_v1,prompt_compiler_v2_split_g_f,837155219,pending,Q001,"{""Q001"": ""consensus_estimate_human_primary_cause""}",consensus_exact_step3,c444a6eac0c7b6cd317bc71d70e09e8e9d8b0a57308ceb8b4c11921129cc5ae1
G|LP0941|ConsensusExact|step3|attempt_1,G-b86e52dd30adb128a86e927f01cdd99722f45105,G,target,LP0941,Consensus,consensus_exact_step3_estimate,1,google/gemma-4-31B-it,b991456d5b221bb03f70dfc64d2ee6af8b218a85ab100551fb5c91d1f148328c,ec9f25e6b68d12ca6182161cdc389e0da99a8cff29c47b015f1d07a6633e4cf0,consensus_benchmark_exact_v1,prompt_compiler_v2_split_g_f,562714341,pending,Q001,"{""Q001"": ""consensus_estimate_co2_warms_planet""}",consensus_exact_step3,c444a6eac0c7b6cd317bc71d70e09e8e9d8b0a57308ceb8b4c11921129cc5ae1
G|LP0942|ConsensusExact|step3|attempt_1,G-89de4f8dc9c11796903151a91e4bbe5f7ec64270,G,target,LP0942,Consensus,consensus_exact_step3_estimate,1,google/gemma-4-31B-it,b8f0eb87887ab914c55f9babf5f9df9dbd2f83fa9b94ea4410a48717ce372517,ec9f25e6b68d12ca6182161cdc389e0da99a8cff29c47b015f1d07a6633e4cf0,consensus_benchmark_exact_v1,prompt_compiler_v2_split_g_f,1568519859,pending,Q001,"{""Q001"": ""consensus_estimate_co2_warms_planet""}",consensus_exact_step3,c444a6eac0c7b6cd317bc71d70e09e8e9d8b0a57308ceb8b4c11921129cc5ae1
G|LP0943|ConsensusExact|step3|attempt_1,G-153f9ece3dc84245c94a99bed52ba04643f632dd,G,target,LP0943,Consensus,consensus_exact_step3_estimate,1,google/gemma-4-31B-it,a08332e43b6449dbd8d632c3c0d1d9d19aa1e09bbae6ffbe53d392e748eb02a3,ec9f25e6b68d12ca6182161cdc389e0da99a8cff29c47b015f1d07a6633e4cf0,consensus_benchmark_exact_v1,prompt_compiler_v2_split_g_f,1749516257,pending,Q001,"{""Q001"": ""consensus_estimate_co2_warms_planet""}",consensus_exact_step3,c444a6eac0c7b6cd317bc71d70e09e8e9d8b0a57308ceb8b4c11921129cc5ae1
G|LP0944|ConsensusExact|step3|attempt_1,G-31275c6c5c395b5760d76105191c34736c60186d,G,target,LP0944,Consensus,consensus_exact_step3_estimate,1,google/gemma-4-31B-it,cc625519fd1d262e09279827f342e034f920d38805eef95913d7afefc5200bac,ec9f25e6b68d12ca6182161cdc389e0da99a8cff29c47b015f1d07a6633e4cf0,consensus_benchmark_exact_v1,prompt_compiler_v2_split_g_f,1049105456,pending,Q001,"{""Q001"": ""consensus_estimate_co2_warms_planet""}",consensus_exact_step3,c444a6eac0c7b6cd317bc71d70e09e8e9d8b0a57308ceb8b4c11921129cc5ae1
G|LP0945|ConsensusExact|step3|attempt_1,G-c313f8b7961128ad45035869a340871d6a834cf3,G,target,LP0945,Consensus,consensus_exact_step3_estimate,1,google/gemma-4-31B-it,9d14ed2627b1777fdf00c0baa2ca030a6b4d4b78f39a9a189e51422efd978628,ec9f25e6b68d12ca6182161cdc389e0da99a8cff29c47b015f1d07a6633e4cf0,consensus_benchmark_exact_v1,prompt_compiler_v2_split_g_f,473504287,pending,Q001,"{""Q001"": ""consensus_estimate_co2_warms_planet""}",consensus_exact_step3,c444a6eac0c7b6cd317bc71d70e09e8e9d8b0a57308ceb8b4c11921129cc5ae1
G|LP0946|ConsensusExact|step3|attempt_1,G-38649727504dd9a4dba0e6b992f14bcb0b42f697,G,target,LP0946,Consensus,consensus_exact_step3_estimate,1,google/gemma-4-31B-it,b4ad33817adc56bb3dbeebc025014c27166bbd59c4a357b718096fda65c28eda,ec9f25e6b68d12ca6182161cdc389e0da99a8cff29c47b015f1d07a6633e4cf0,consensus_benchmark_exact_v1,prompt_compiler_v2_split_g_f,1092028403,pending,Q001,"{""Q001"": ""consensus_estimate_human_primary_cause""}",consensus_exact_step3,c444a6eac0c7b6cd317bc71d70e09e8e9d8b0a57308ceb8b4c11921129cc5ae1
G|LP0947|ConsensusExact|step3|attempt_1,G-c5865217e3d7675d2a31a347eb4ed1ea96cdfd1a,G,target,LP0947,Consensus,consensus_exact_step3_estimate,1,google/gemma-4-31B-it,6bce08bdb72248d6d0df60450d3cd3873682ab96a7acca5f932831ed8a9a2f09,ec9f25e6b68d12ca6182161cdc389e0da99a8cff29c47b015f1d07a6633e4cf0,consensus_benchmark_exact_v1,prompt_compiler_v2_split_g_f,1860438927,pending,Q001,"{""Q001"": ""consensus_estimate_co2_warms_planet""}",consensus_exact_step3,c444a6eac0c7b6cd317bc71d70e09e8e9d8b0a57308ceb8b4c11921129cc5ae1
G|LP0948|ConsensusExact|step3|attempt_1,G-d136963a56ca04b732c6ec5959d9499d12e8f943,G,target,LP0948,Consensus,consensus_exact_step3_estimate,1,google/gemma-4-31B-it,d29c8f1480fd5b06869fa05a58c4d3d350c8bafc62e38fdc5d3042fd131c261c,ec9f25e6b68d12ca6182161cdc389e0da99a8cff29c47b015f1d07a6633e4cf0,consensus_benchmark_exact_v1,prompt_compiler_v2_split_g_f,2033660206,pending,Q001,"{""Q001"": ""consensus_estimate_co2_warms_planet""}",consensus_exact_step3,c444a6eac0c7b6cd317bc71d70e09e8e9d8b0a57308ceb8b4c11921129cc5ae1
G|LP0949|ConsensusExact|step3|attempt_1,G-fc05f2e85fd53ad6971f7bb45c23c2733e9c1b3b,G,target,LP0949,Consensus,consensus_exact_step3_estimate,1,google/gemma-4-31B-it,f33f6ef1e2b4b5826b86b56f464517c4b86cd513fc4674eac4c659cf38138193,ec9f25e6b68d12ca6182161cdc389e0da99a8cff29c47b015f1d07a6633e4cf0,consensus_benchmark_exact_v1,prompt_compiler_v2_split_g_f,1474371754,pending,Q001,"{""Q001"": ""consensus_estimate_co2_warms_planet""}",consensus_exact_step3,c444a6eac0c7b6cd317bc71d70e09e8e9d8b0a57308ceb8b4c11921129cc5ae1
G|LP0950|ConsensusExact|step3|attempt_1,G-d133d0e5f2b0e7f1b7c86668032db942c792379f,G,target,LP0950,Consensus,consensus_exact_step3_estimate,1,google/gemma-4-31B-it,e94f6db0b5d7f0d01895620488161fdd5d1e3d7b23e3fd581459a87970064406,ec9f25e6b68d12ca6182161cdc389e0da99a8cff29c47b015f1d07a6633e4cf0,consensus_benchmark_exact_v1,prompt_compiler_v2_split_g_f,353929664,pending,Q001,"{""Q001"": ""consensus_estimate_human_primary_cause""}",consensus_exact_step3,c444a6eac0c7b6cd317bc71d70e09e8e9d8b0a57308ceb8b4c11921129cc5ae1
G|LP0951|ConsensusExact|step3|attempt_1,G-457eaf0548cf4ef315dfc875919cf62adb83795b,G,target,LP0951,Consensus,consensus_exact_step3_estimate,1,google/gemma-4-31B-it,c323541388f89e67490136b3bf430f7bf539bc112614e9634046f5bf5de80b57,ec9f25e6b68d12ca6182161cdc389e0da99a8cff29c47b015f1d07a6633e4cf0,consensus_benchmark_exact_v1,prompt_compiler_v2_split_g_f,1405922558,pending,Q001,"{""Q001"": ""consensus_estimate_human_primary_cause""}",consensus_exact_step3,c444a6eac0c7b6cd317bc71d70e09e8e9d8b0a57308ceb8b4c11921129cc5ae1
G|LP0952|ConsensusExact|step3|attempt_1,G-ab4fb6e023e4c577030c27c9fa05889bf4de5403,G,target,LP0952,Consensus,consensus_exact_step3_estimate,1,google/gemma-4-31B-it,4dd31b939f956ed9f24a07faf37be2e656c3c83cd2aae57e5bcbffe369e38f8f,ec9f25e6b68d12ca6182161cdc389e0da99a8cff29c47b015f1d07a6633e4cf0,consensus_benchmark_exact_v1,prompt_compiler_v2_split_g_f,2055484217,pending,Q001,"{""Q001"": ""consensus_estimate_co2_warms_planet""}",consensus_exact_step3,c444a6eac0c7b6cd317bc71d70e09e8e9d8b0a57308ceb8b4c11921129cc5ae1
G|LP0953|ConsensusExact|step3|attempt_1,G-8d8deb0c63cc5a2344edfa8f161d4cfd3ee902b4,G,target,LP0953,Consensus,consensus_exact_step3_estimate,1,google/gemma-4-31B-it,50b24e76afa1ec37b0749f6eab8cfee7b652b27f77b2cd6bf747266dd2010781,ec9f25e6b68d12ca6182161cdc389e0da99a8cff29c47b015f1d07a6633e4cf0,consensus_benchmark_exact_v1,prompt_compiler_v2_split_g_f,2129145917,pending,Q001,"{""Q001"": ""consensus_estimate_human_primary_cause""}",consensus_exact_step3,c444a6eac0c7b6cd317bc71d70e09e8e9d8b0a57308ceb8b4c11921129cc5ae1
G|LP0954|ConsensusExact|step3|attempt_1,G-42e8b45ea07cb459fa9c5790ae901d17a1e7db21,G,target,LP0954,Consensus,consensus_exact_step3_estimate,1,google/gemma-4-31B-it,81277111b3c23d6393515cbc3f4b01254bbb657277e9a6670c07e7f7de7f9441,ec9f25e6b68d12ca6182161cdc389e0da99a8cff29c47b015f1d07a6633e4cf0,consensus_benchmark_exact_v1,prompt_compiler_v2_split_g_f,642653463,pending,Q001,"{""Q001"": ""consensus_estimate_co2_warms_planet""}",consensus_exact_step3,c444a6eac0c7b6cd317bc71d70e09e8e9d8b0a57308ceb8b4c11921129cc5ae1
G|LP0955|ConsensusExact|step3|attempt_1,G-236acc31a3cec9a7df90620bf21b768f52ce9686,G,target,LP0955,Consensus,consensus_exact_step3_estimate,1,google/gemma-4-31B-it,679a1987f968ab4d5b5cb414263a77d124979089ddffb8503badaf21f6ce8050,ec9f25e6b68d12ca6182161cdc389e0da99a8cff29c47b015f1d07a6633e4cf0,consensus_benchmark_exact_v1,prompt_compiler_v2_split_g_f,1789157898,pending,Q001,"{""Q001"": ""consensus_estimate_human_primary_cause""}",consensus_exact_step3,c444a6eac0c7b6cd317bc71d70e09e8e9d8b0a57308ceb8b4c11921129cc5ae1
G|LP0956|ConsensusExact|step3|attempt_1,G-97ce8117412fed3b48f228b4a1e81b02af850918,G,target,LP0956,Consensus,consensus_exact_step3_estimate,1,google/gemma-4-31B-it,0af03979d6ef5e59c749308bafc8de460597b78458a2540de1f175c1e4dfe097,ec9f25e6b68d12ca6182161cdc389e0da99a8cff29c47b015f1d07a6633e4cf0,consensus_benchmark_exact_v1,prompt_compiler_v2_split_g_f,1892478827,pending,Q001,"{""Q001"": ""consensus_estimate_human_primary_cause""}",consensus_exact_step3,c444a6eac0c7b6cd317bc71d70e09e8e9d8b0a57308ceb8b4c11921129cc5ae1
G|LP0957|ConsensusExact|step3|attempt_1,G-5277ab7dfecd3ea0fdb1f5f0dd64d58b0f43e882,G,target,LP0957,Consensus,consensus_exact_step3_estimate,1,google/gemma-4-31B-it,162d39d0dff16a9133faebf27870aa57c4e4662382fb304c7367d7a9144b2e26,ec9f25e6b68d12ca6182161cdc389e0da99a8cff29c47b015f1d07a6633e4cf0,consensus_benchmark_exact_v1,prompt_compiler_v2_split_g_f,599561629,pending,Q001,"{""Q001"": ""consensus_estimate_human_primary_cause""}",consensus_exact_step3,c444a6eac0c7b6cd317bc71d70e09e8e9d8b0a57308ceb8b4c11921129cc5ae1
G|LP0958|ConsensusExact|step3|attempt_1,G-6cb9523808162923f4e2c2257f640e52e01e9601,G,target,LP0958,Consensus,consensus_exact_step3_estimate,1,google/gemma-4-31B-it,e2e36fddfb68988cfb168a3058e0e045826f77bdcd43754e4cb375569484f8e5,ec9f25e6b68d12ca6182161cdc389e0da99a8cff29c47b015f1d07a6633e4cf0,consensus_benchmark_exact_v1,prompt_compiler_v2_split_g_f,1636355476,pending,Q001,"{""Q001"": ""consensus_estimate_human_primary_cause""}",consensus_exact_step3,c444a6eac0c7b6cd317bc71d70e09e8e9d8b0a57308ceb8b4c11921129cc5ae1
G|LP0959|ConsensusExact|step3|attempt_1,G-a44d6a88f19df9a75ac31f0c2b357dee06450936,G,target,LP0959,Consensus,consensus_exact_step3_estimate,1,google/gemma-4-31B-it,7754a84f8692a3a385804895947719eca681048cc274947ae5983f13d95554c1,ec9f25e6b68d12ca6182161cdc389e0da99a8cff29c47b015f1d07a6633e4cf0,consensus_benchmark_exact_v1,prompt_compiler_v2_split_g_f,976801467,pending,Q001,"{""Q001"": ""consensus_estimate_co2_warms_planet""}",consensus_exact_step3,c444a6eac0c7b6cd317bc71d70e09e8e9d8b0a57308ceb8b4c11921129cc5ae1
G|LP0960|ConsensusExact|step3|attempt_1,G-b1eecba3cf972f4e251befe6cc58a3bedadcfa89,G,target,LP0960,Consensus,consensus_exact_step3_estimate,1,google/gemma-4-31B-it,7e88125281629b276ed2a239113ec4b72b55b4e96024123810a07a84cba38ddb,ec9f25e6b68d12ca6182161cdc389e0da99a8cff29c47b015f1d07a6633e4cf0,consensus_benchmark_exact_v1,prompt_compiler_v2_split_g_f,863291032,pending,Q001,"{""Q001"": ""consensus_estimate_human_primary_cause""}",consensus_exact_step3,c444a6eac0c7b6cd317bc71d70e09e8e9d8b0a57308ceb8b4c11921129cc5ae1
G|LP0961|ConsensusExact|step3|attempt_1,G-22f65551281ee9fb09c353982f66a16a84060479,G,target,LP0961,Consensus,consensus_exact_step3_estimate,1,google/gemma-4-31B-it,920c006f91907b0456067456cf7062097d4dda9aa28a93200f9c38ba6b2fafc5,ec9f25e6b68d12ca6182161cdc389e0da99a8cff29c47b015f1d07a6633e4cf0,consensus_benchmark_exact_v1,prompt_compiler_v2_split_g_f,1846252701,pending,Q001,"{""Q001"": ""consensus_estimate_human_primary_cause""}",consensus_exact_step3,c444a6eac0c7b6cd317bc71d70e09e8e9d8b0a57308ceb8b4c11921129cc5ae1
G|LP0962|ConsensusExact|step3|attempt_1,G-ed47580acff0744d983b9cceb52a521f16d91268,G,target,LP0962,Consensus,consensus_exact_step3_estimate,1,google/gemma-4-31B-it,43b3bf7240cc04316212b92123da82230c83776f9be1f6ea19f8b6e0cc645bc6,ec9f25e6b68d12ca6182161cdc389e0da99a8cff29c47b015f1d07a6633e4cf0,consensus_benchmark_exact_v1,prompt_compiler_v2_split_g_f,712975462,pending,Q001,"{""Q001"": ""consensus_estimate_human_primary_cause""}",consensus_exact_step3,c444a6eac0c7b6cd317bc71d70e09e8e9d8b0a57308ceb8b4c11921129cc5ae1
G|LP0963|ConsensusExact|step3|attempt_1,G-d648d5c02f588e0fe1887e1f6a95b95bf4a75d15,G,target,LP0963,Consensus,consensus_exact_step3_estimate,1,google/gemma-4-31B-it,d0441ec840473cd08e2dd8ab684bed71399ac1f2be8d54fc4036271a92fa5b5a,ec9f25e6b68d12ca6182161cdc389e0da99a8cff29c47b015f1d07a6633e4cf0,consensus_benchmark_exact_v1,prompt_compiler_v2_split_g_f,1542076818,pending,Q001,"{""Q001"": ""consensus_estimate_human_primary_cause""}",consensus_exact_step3,c444a6eac0c7b6cd317bc71d70e09e8e9d8b0a57308ceb8b4c11921129cc5ae1
G|LP0964|ConsensusExact|step3|attempt_1,G-7a83d8fcd07a31d0be468c63d62583e0691e0076,G,target,LP0964,Consensus,consensus_exact_step3_estimate,1,google/gemma-4-31B-it,b81504a0827c9088b470e3f5453a5006767f2a40918c8a2a48ed61346275a63b,ec9f25e6b68d12ca6182161cdc389e0da99a8cff29c47b015f1d07a6633e4cf0,consensus_benchmark_exact_v1,prompt_compiler_v2_split_g_f,1166140363,pending,Q001,"{""Q001"": ""consensus_estimate_human_primary_cause""}",consensus_exact_step3,c444a6eac0c7b6cd317bc71d70e09e8e9d8b0a57308ceb8b4c11921129cc5ae1
G|LP0965|ConsensusExact|step3|attempt_1,G-92f340dd408e138b6f7594cde89ebbdc9f6480e1,G,target,LP0965,Consensus,consensus_exact_step3_estimate,1,google/gemma-4-31B-it,df3ee01202b384484efaf63abc785aed0040c146556228f76800ee315df787e1,ec9f25e6b68d12ca6182161cdc389e0da99a8cff29c47b015f1d07a6633e4cf0,consensus_benchmark_exact_v1,prompt_compiler_v2_split_g_f,1718916423,pending,Q001,"{""Q001"": ""consensus_estimate_human_primary_cause""}",consensus_exact_step3,c444a6eac0c7b6cd317bc71d70e09e8e9d8b0a57308ceb8b4c11921129cc5ae1
G|LP0966|ConsensusExact|step3|attempt_1,G-45d6b0d6192b0fd7a3c9d88dee5f14c50ae468da,G,target,LP0966,Consensus,consensus_exact_step3_estimate,1,google/gemma-4-31B-it,a62e31e8dc33c92c144b0908424e4fef8e30c02489b36d5ad96c30de68d422db,ec9f25e6b68d12ca6182161cdc389e0da99a8cff29c47b015f1d07a6633e4cf0,consensus_benchmark_exact_v1,prompt_compiler_v2_split_g_f,618164612,pending,Q001,"{""Q001"": ""consensus_estimate_co2_warms_planet""}",consensus_exact_step3,c444a6eac0c7b6cd317bc71d70e09e8e9d8b0a57308ceb8b4c11921129cc5ae1
G|LP0967|ConsensusExact|step3|attempt_1,G-47916ce8bacc11bef193632662a8617250b624a4,G,target,LP0967,Consensus,consensus_exact_step3_estimate,1,google/gemma-4-31B-it,0f51469c2e1f48ba91bc0f1450ca4cbd64135bcee957c1856df17b5819fc6f90,ec9f25e6b68d12ca6182161cdc389e0da99a8cff29c47b015f1d07a6633e4cf0,consensus_benchmark_exact_v1,prompt_compiler_v2_split_g_f,1240394640,pending,Q001,"{""Q001"": ""consensus_estimate_human_primary_cause""}",consensus_exact_step3,c444a6eac0c7b6cd317bc71d70e09e8e9d8b0a57308ceb8b4c11921129cc5ae1
G|LP0968|ConsensusExact|step3|attempt_1,G-6422b49a6c6cb289db98b4b432689cc1d74022f0,G,target,LP0968,Consensus,consensus_exact_step3_estimate,1,google/gemma-4-31B-it,bd3c3e7523eff080d9dfb16184ce992424045f30b088ea04efeb1c5d85dd69fd,ec9f25e6b68d12ca6182161cdc389e0da99a8cff29c47b015f1d07a6633e4cf0,consensus_benchmark_exact_v1,prompt_compiler_v2_split_g_f,884087743,pending,Q001,"{""Q001"": ""consensus_estimate_human_primary_cause""}",consensus_exact_step3,c444a6eac0c7b6cd317bc71d70e09e8e9d8b0a57308ceb8b4c11921129cc5ae1
G|LP0969|ConsensusExact|step3|attempt_1,G-37efbf301289075e9500ac0fbdf68600629a2576,G,target,LP0969,Consensus,consensus_exact_step3_estimate,1,google/gemma-4-31B-it,6a0edf368a430ebd50062f257a2e67303244b646dd1571eee86e735b3cf70cb5,ec9f25e6b68d12ca6182161cdc389e0da99a8cff29c47b015f1d07a6633e4cf0,consensus_benchmark_exact_v1,prompt_compiler_v2_split_g_f,40404415,pending,Q001,"{""Q001"": ""consensus_estimate_co2_warms_planet""}",consensus_exact_step3,c444a6eac0c7b6cd317bc71d70e09e8e9d8b0a57308ceb8b4c11921129cc5ae1
G|LP0970|ConsensusExact|step3|attempt_1,G-a2fb7daa089c3328c5fd270f781420b42aa83d2a,G,target,LP0970,Consensus,consensus_exact_step3_estimate,1,google/gemma-4-31B-it,6a75473b8c64e3b2c275e32716ff311d4a5095db3adbdd18600c92cbfd8e9cdd,ec9f25e6b68d12ca6182161cdc389e0da99a8cff29c47b015f1d07a6633e4cf0,consensus_benchmark_exact_v1,prompt_compiler_v2_split_g_f,1318268542,pending,Q001,"{""Q001"": ""consensus_estimate_human_primary_cause""}",consensus_exact_step3,c444a6eac0c7b6cd317bc71d70e09e8e9d8b0a57308ceb8b4c11921129cc5ae1
G|LP0971|ConsensusExact|step3|attempt_1,G-4f44af6018a5f873f6b74b2444b9b2a4d81a651d,G,target,LP0971,Consensus,consensus_exact_step3_estimate,1,google/gemma-4-31B-it,80b77b9d5dd15b6ed1ede776debb566fd2a05fe67d915ce247e0a240fc2535b0,ec9f25e6b68d12ca6182161cdc389e0da99a8cff29c47b015f1d07a6633e4cf0,consensus_benchmark_exact_v1,prompt_compiler_v2_split_g_f,925849396,pending,Q001,"{""Q001"": ""consensus_estimate_co2_warms_planet""}",consensus_exact_step3,c444a6eac0c7b6cd317bc71d70e09e8e9d8b0a57308ceb8b4c11921129cc5ae1
G|LP0972|ConsensusExact|step3|attempt_1,G-8a61a9df04c8b521e1bb24a8a1fd96bf1d718ecd,G,target,LP0972,Consensus,consensus_exact_step3_estimate,1,google/gemma-4-31B-it,9ce989ff04b45bfb2391c9a80aa23376580697fb3831546c5fd107c8e3f4e012,ec9f25e6b68d12ca6182161cdc389e0da99a8cff29c47b015f1d07a6633e4cf0,consensus_benchmark_exact_v1,prompt_compiler_v2_split_g_f,428607713,pending,Q001,"{""Q001"": ""consensus_estimate_co2_warms_planet""}",consensus_exact_step3,c444a6eac0c7b6cd317bc71d70e09e8e9d8b0a57308ceb8b4c11921129cc5ae1
G|LP0973|ConsensusExact|step3|attempt_1,G-4b7277d948d0a107ea02de356c1f764721f3a6f3,G,target,LP0973,Consensus,consensus_exact_step3_estimate,1,google/gemma-4-31B-it,36bce8656ad47d266e10846f03616863571cb756e463bc8f3d9baaeddc25aef1,ec9f25e6b68d12ca6182161cdc389e0da99a8cff29c47b015f1d07a6633e4cf0,consensus_benchmark_exact_v1,prompt_compiler_v2_split_g_f,1605734586,pending,Q001,"{""Q001"": ""consensus_estimate_human_primary_cause""}",consensus_exact_step3,c444a6eac0c7b6cd317bc71d70e09e8e9d8b0a57308ceb8b4c11921129cc5ae1
G|LP0974|ConsensusExact|step3|attempt_1,G-e245161546df9499fdb4d04918ee339d75169e8c,G,target,LP0974,Consensus,consensus_exact_step3_estimate,1,google/gemma-4-31B-it,1643a94a11f6c1e5e767ede663891512636870b494d17ba583284d903f43f8af,ec9f25e6b68d12ca6182161cdc389e0da99a8cff29c47b015f1d07a6633e4cf0,consensus_benchmark_exact_v1,prompt_compiler_v2_split_g_f,191480007,pending,Q001,"{""Q001"": ""consensus_estimate_human_primary_cause""}",consensus_exact_step3,c444a6eac0c7b6cd317bc71d70e09e8e9d8b0a57308ceb8b4c11921129cc5ae1
G|LP0975|ConsensusExact|step3|attempt_1,G-4d5883015d9ee6958a2e6c5af18e3cef0dfb68cf,G,target,LP0975,Consensus,consensus_exact_step3_estimate,1,google/gemma-4-31B-it,32a98bd0726efde43e5b0f6f670c5215b7ae9c98e724bb7052dd1bec74314a72,ec9f25e6b68d12ca6182161cdc389e0da99a8cff29c47b015f1d07a6633e4cf0,consensus_benchmark_exact_v1,prompt_compiler_v2_split_g_f,2018503832,pending,Q001,"{""Q001"": ""consensus_estimate_co2_warms_planet""}",consensus_exact_step3,c444a6eac0c7b6cd317bc71d70e09e8e9d8b0a57308ceb8b4c11921129cc5ae1
G|LP0976|ConsensusExact|step3|attempt_1,G-37de44caa01a09cb2dcd499d17a825329312b891,G,target,LP0976,Consensus,consensus_exact_step3_estimate,1,google/gemma-4-31B-it,61dfb439afb83e383ee7241a239a7c696e8af320c856346d38796b5f2db10610,ec9f25e6b68d12ca6182161cdc389e0da99a8cff29c47b015f1d07a6633e4cf0,consensus_benchmark_exact_v1,prompt_compiler_v2_split_g_f,265720673,pending,Q001,"{""Q001"": ""consensus_estimate_co2_warms_planet""}",consensus_exact_step3,c444a6eac0c7b6cd317bc71d70e09e8e9d8b0a57308ceb8b4c11921129cc5ae1
G|LP0977|ConsensusExact|step3|attempt_1,G-2ed6613eeea79eb95efdcf156efc7c64fe8cc71a,G,target,LP0977,Consensus,consensus_exact_step3_estimate,1,google/gemma-4-31B-it,15308817ece32dd5f6e9ce1e44f8d22349239fb6a2d172fc08dca661b054e34b,ec9f25e6b68d12ca6182161cdc389e0da99a8cff29c47b015f1d07a6633e4cf0,consensus_benchmark_exact_v1,prompt_compiler_v2_split_g_f,1280598327,pending,Q001,"{""Q001"": ""consensus_estimate_co2_warms_planet""}",consensus_exact_step3,c444a6eac0c7b6cd317bc71d70e09e8e9d8b0a57308ceb8b4c11921129cc5ae1
G|LP0978|ConsensusExact|step3|attempt_1,G-56654e1fb8d273eeb4b58c48a21dc4b48ec77979,G,target,LP0978,Consensus,consensus_exact_step3_estimate,1,google/gemma-4-31B-it,148f5475a8083e594176e684091dc6a14d6fcbd9d57fb74bdc05e2aabc60eb24,ec9f25e6b68d12ca6182161cdc389e0da99a8cff29c47b015f1d07a6633e4cf0,consensus_benchmark_exact_v1,prompt_compiler_v2_split_g_f,1704792110,pending,Q001,"{""Q001"": ""consensus_estimate_co2_warms_planet""}",consensus_exact_step3,c444a6eac0c7b6cd317bc71d70e09e8e9d8b0a57308ceb8b4c11921129cc5ae1
G|LP0979|ConsensusExact|step3|attempt_1,G-eec6157863f6591b237f906735f61dfb7a1dcfc6,G,target,LP0979,Consensus,consensus_exact_step3_estimate,1,google/gemma-4-31B-it,0bcd870e3a399817e4934fd7fffac0aa3baba965bdace05642d06fd7d23b9540,ec9f25e6b68d12ca6182161cdc389e0da99a8cff29c47b015f1d07a6633e4cf0,consensus_benchmark_exact_v1,prompt_compiler_v2_split_g_f,1099072527,pending,Q001,"{""Q001"": ""consensus_estimate_human_primary_cause""}",consensus_exact_step3,c444a6eac0c7b6cd317bc71d70e09e8e9d8b0a57308ceb8b4c11921129cc5ae1
G|LP0980|ConsensusExact|step3|attempt_1,G-6a0fbb9fc2e0b0471db1f7c985e42cb023574219,G,target,LP0980,Consensus,consensus_exact_step3_estimate,1,google/gemma-4-31B-it,3a33c4d86ea5028f332e0bf6151ba4c36ca0eabe988a9f9eb15bbed8455b534c,ec9f25e6b68d12ca6182161cdc389e0da99a8cff29c47b015f1d07a6633e4cf0,consensus_benchmark_exact_v1,prompt_compiler_v2_split_g_f,385886088,pending,Q001,"{""Q001"": ""consensus_estimate_human_primary_cause""}",consensus_exact_step3,c444a6eac0c7b6cd317bc71d70e09e8e9d8b0a57308ceb8b4c11921129cc5ae1
G|LP0981|ConsensusExact|step3|attempt_1,G-27a3a5cba25823945907e18b4e8821cf6068c17d,G,target,LP0981,Consensus,consensus_exact_step3_estimate,1,google/gemma-4-31B-it,691efc78458830d65d5438fa951a25613abfc262518eaeff921fadefaa2ebfd6,ec9f25e6b68d12ca6182161cdc389e0da99a8cff29c47b015f1d07a6633e4cf0,consensus_benchmark_exact_v1,prompt_compiler_v2_split_g_f,1906274091,pending,Q001,"{""Q001"": ""consensus_estimate_co2_warms_planet""}",consensus_exact_step3,c444a6eac0c7b6cd317bc71d70e09e8e9d8b0a57308ceb8b4c11921129cc5ae1
G|LP0982|ConsensusExact|step3|attempt_1,G-c8e98296fb57991908521140a33072aa2b25b7a6,G,target,LP0982,Consensus,consensus_exact_step3_estimate,1,google/gemma-4-31B-it,b40a7eabd008e99532f318ccadfc485bdb6c80fe0f2771c6cd2d3b367f88e798,ec9f25e6b68d12ca6182161cdc389e0da99a8cff29c47b015f1d07a6633e4cf0,consensus_benchmark_exact_v1,prompt_compiler_v2_split_g_f,220896842,pending,Q001,"{""Q001"": ""consensus_estimate_human_primary_cause""}",consensus_exact_step3,c444a6eac0c7b6cd317bc71d70e09e8e9d8b0a57308ceb8b4c11921129cc5ae1
G|LP0983|ConsensusExact|step3|attempt_1,G-cf14af3ce4453080350cc62eba7a8a91d9e312b2,G,target,LP0983,Consensus,consensus_exact_step3_estimate,1,google/gemma-4-31B-it,21f7bbd9cefe2c83c8087fee5b34e87ef072138b8f947cb3ea2a85cdbe859255,ec9f25e6b68d12ca6182161cdc389e0da99a8cff29c47b015f1d07a6633e4cf0,consensus_benchmark_exact_v1,prompt_compiler_v2_split_g_f,40799997,pending,Q001,"{""Q001"": ""consensus_estimate_co2_warms_planet""}",consensus_exact_step3,c444a6eac0c7b6cd317bc71d70e09e8e9d8b0a57308ceb8b4c11921129cc5ae1
G|LP0984|ConsensusExact|step3|attempt_1,G-270f82b6dd2e382374a687720aa0e0241245b716,G,target,LP0984,Consensus,consensus_exact_step3_estimate,1,google/gemma-4-31B-it,725173229167cb74c9f20b8d792297c218e2fb4869f677bce8bcb5d10e906c12,ec9f25e6b68d12ca6182161cdc389e0da99a8cff29c47b015f1d07a6633e4cf0,consensus_benchmark_exact_v1,prompt_compiler_v2_split_g_f,726482321,pending,Q001,"{""Q001"": ""consensus_estimate_co2_warms_planet""}",consensus_exact_step3,c444a6eac0c7b6cd317bc71d70e09e8e9d8b0a57308ceb8b4c11921129cc5ae1
G|LP0985|ConsensusExact|step3|attempt_1,G-ddb134071cfb3b040d3a094ef90bc65c75c9dd95,G,target,LP0985,Consensus,consensus_exact_step3_estimate,1,google/gemma-4-31B-it,3ae83c2d5c9bb18b440b8294c948326735eff47e0442123ceb61102ace643d5f,ec9f25e6b68d12ca6182161cdc389e0da99a8cff29c47b015f1d07a6633e4cf0,consensus_benchmark_exact_v1,prompt_compiler_v2_split_g_f,1482531605,pending,Q001,"{""Q001"": ""consensus_estimate_human_primary_cause""}",consensus_exact_step3,c444a6eac0c7b6cd317bc71d70e09e8e9d8b0a57308ceb8b4c11921129cc5ae1
G|LP0986|ConsensusExact|step3|attempt_1,G-50795d76c4ef768a45bde2ef8a96573a4a75983c,G,target,LP0986,Consensus,consensus_exact_step3_estimate,1,google/gemma-4-31B-it,924de1eff34b48e8e195f6f1a5ba59c14869093f0a0e6a6b739e748451236c31,ec9f25e6b68d12ca6182161cdc389e0da99a8cff29c47b015f1d07a6633e4cf0,consensus_benchmark_exact_v1,prompt_compiler_v2_split_g_f,1709322616,pending,Q001,"{""Q001"": ""consensus_estimate_human_primary_cause""}",consensus_exact_step3,c444a6eac0c7b6cd317bc71d70e09e8e9d8b0a57308ceb8b4c11921129cc5ae1
G|LP0987|ConsensusExact|step3|attempt_1,G-ff94f2f540195ed0507f79b1d72c99e4315e27c0,G,target,LP0987,Consensus,consensus_exact_step3_estimate,1,google/gemma-4-31B-it,df69898939b2d79e228436abb2336bfb99ce4ccf4b20351dc33e787d0bca9776,ec9f25e6b68d12ca6182161cdc389e0da99a8cff29c47b015f1d07a6633e4cf0,consensus_benchmark_exact_v1,prompt_compiler_v2_split_g_f,1061373118,pending,Q001,"{""Q001"": ""consensus_estimate_human_primary_cause""}",consensus_exact_step3,c444a6eac0c7b6cd317bc71d70e09e8e9d8b0a57308ceb8b4c11921129cc5ae1
G|LP0988|ConsensusExact|step3|attempt_1,G-250d42bc634fd473deadd0bd313adebf77176858,G,target,LP0988,Consensus,consensus_exact_step3_estimate,1,google/gemma-4-31B-it,eda6f49503e704bfa6ccfb1a1c5df5b558a728c36e43bd16a76eaf1a8591f16f,ec9f25e6b68d12ca6182161cdc389e0da99a8cff29c47b015f1d07a6633e4cf0,consensus_benchmark_exact_v1,prompt_compiler_v2_split_g_f,761944556,pending,Q001,"{""Q001"": ""consensus_estimate_human_primary_cause""}",consensus_exact_step3,c444a6eac0c7b6cd317bc71d70e09e8e9d8b0a57308ceb8b4c11921129cc5ae1
G|LP0989|ConsensusExact|step3|attempt_1,G-849c3affea585ab9c021d240139a5cea0dbf0267,G,target,LP0989,Consensus,consensus_exact_step3_estimate,1,google/gemma-4-31B-it,679709301a87c632da1a6f9b88f7d3d461d303d0255634a08c60f6306ee2170f,ec9f25e6b68d12ca6182161cdc389e0da99a8cff29c47b015f1d07a6633e4cf0,consensus_benchmark_exact_v1,prompt_compiler_v2_split_g_f,1938870458,pending,Q001,"{""Q001"": ""consensus_estimate_human_primary_cause""}",consensus_exact_step3,c444a6eac0c7b6cd317bc71d70e09e8e9d8b0a57308ceb8b4c11921129cc5ae1
G|LP0990|ConsensusExact|step3|attempt_1,G-18472c9d9b1003b3f6a2a0ec5e97f47d58a3ee08,G,target,LP0990,Consensus,consensus_exact_step3_estimate,1,google/gemma-4-31B-it,9b3718d8f2a734fad1a74cdcc61d3e05d232ad81ac33118930794175b7d9c5a4,ec9f25e6b68d12ca6182161cdc389e0da99a8cff29c47b015f1d07a6633e4cf0,consensus_benchmark_exact_v1,prompt_compiler_v2_split_g_f,1268669678,pending,Q001,"{""Q001"": ""consensus_estimate_human_primary_cause""}",consensus_exact_step3,c444a6eac0c7b6cd317bc71d70e09e8e9d8b0a57308ceb8b4c11921129cc5ae1
G|LP0991|ConsensusExact|step3|attempt_1,G-fd826c6edfb806974bcd60f3f995beef6d2b3843,G,target,LP0991,Consensus,consensus_exact_step3_estimate,1,google/gemma-4-31B-it,0015661bebfe281a5ab52fb2a8cc1264e35ae36806c9cbf6d3d58016ca6bd4a4,ec9f25e6b68d12ca6182161cdc389e0da99a8cff29c47b015f1d07a6633e4cf0,consensus_benchmark_exact_v1,prompt_compiler_v2_split_g_f,1522327416,pending,Q001,"{""Q001"": ""consensus_estimate_human_primary_cause""}",consensus_exact_step3,c444a6eac0c7b6cd317bc71d70e09e8e9d8b0a57308ceb8b4c11921129cc5ae1
G|LP0992|ConsensusExact|step3|attempt_1,G-878086d6a6ced3ddd713b12a3b2a3fa29c9cf0c4,G,target,LP0992,Consensus,consensus_exact_step3_estimate,1,google/gemma-4-31B-it,29d3b1d5e84065d80ba6292ef4b2acb54f29d04f0d0a3ee973bea5506e27d18c,ec9f25e6b68d12ca6182161cdc389e0da99a8cff29c47b015f1d07a6633e4cf0,consensus_benchmark_exact_v1,prompt_compiler_v2_split_g_f,902816140,pending,Q001,"{""Q001"": ""consensus_estimate_co2_warms_planet""}",consensus_exact_step3,c444a6eac0c7b6cd317bc71d70e09e8e9d8b0a57308ceb8b4c11921129cc5ae1
G|LP0993|ConsensusExact|step3|attempt_1,G-89255b36de893232cde6917303076a6c2114e5e5,G,target,LP0993,Consensus,consensus_exact_step3_estimate,1,google/gemma-4-31B-it,b264bf305399a8dceab72cd5e64d9c481bdb6b62e6ec61c3fc96a87455549e0f,ec9f25e6b68d12ca6182161cdc389e0da99a8cff29c47b015f1d07a6633e4cf0,consensus_benchmark_exact_v1,prompt_compiler_v2_split_g_f,1892935841,pending,Q001,"{""Q001"": ""consensus_estimate_co2_warms_planet""}",consensus_exact_step3,c444a6eac0c7b6cd317bc71d70e09e8e9d8b0a57308ceb8b4c11921129cc5ae1
G|LP0994|ConsensusExact|step3|attempt_1,G-3c1da8c82b5045ed69bc3ac2913ec2202056de28,G,target,LP0994,Consensus,consensus_exact_step3_estimate,1,google/gemma-4-31B-it,e3acc1350cd05d3f49727187002a9865fe7cdba3237521186c42805da2e3d296,ec9f25e6b68d12ca6182161cdc389e0da99a8cff29c47b015f1d07a6633e4cf0,consensus_benchmark_exact_v1,prompt_compiler_v2_split_g_f,596350846,pending,Q001,"{""Q001"": ""consensus_estimate_human_primary_cause""}",consensus_exact_step3,c444a6eac0c7b6cd317bc71d70e09e8e9d8b0a57308ceb8b4c11921129cc5ae1
G|LP0995|ConsensusExact|step3|attempt_1,G-6ee88465f1acdcdf5004691a69fd9f2f4ef027ab,G,target,LP0995,Consensus,consensus_exact_step3_estimate,1,google/gemma-4-31B-it,fe9ee357af6295db68e15b1bc14d41814ddff4ed68ff55ea8bebbfca927f44d0,ec9f25e6b68d12ca6182161cdc389e0da99a8cff29c47b015f1d07a6633e4cf0,consensus_benchmark_exact_v1,prompt_compiler_v2_split_g_f,1333650860,pending,Q001,"{""Q001"": ""consensus_estimate_co2_warms_planet""}",consensus_exact_step3,c444a6eac0c7b6cd317bc71d70e09e8e9d8b0a57308ceb8b4c11921129cc5ae1
G|LP0996|ConsensusExact|step3|attempt_1,G-2d8f024575068b51e5a3d49239e2136205c9b77a,G,target,LP0996,Consensus,consensus_exact_step3_estimate,1,google/gemma-4-31B-it,c4ad12b37a614efe40c825317ceb2e4b21993ea20bd8bec1fb1be67363afecf1,ec9f25e6b68d12ca6182161cdc389e0da99a8cff29c47b015f1d07a6633e4cf0,consensus_benchmark_exact_v1,prompt_compiler_v2_split_g_f,1344573404,pending,Q001,"{""Q001"": ""consensus_estimate_co2_warms_planet""}",consensus_exact_step3,c444a6eac0c7b6cd317bc71d70e09e8e9d8b0a57308ceb8b4c11921129cc5ae1
G|LP0997|ConsensusExact|step3|attempt_1,G-37a875dd23cbc80d4548d0fb937d639ad52f664b,G,target,LP0997,Consensus,consensus_exact_step3_estimate,1,google/gemma-4-31B-it,ccf546306e73459840074c09100c5f5f77866de8ab02247577909fafe25bf07e,ec9f25e6b68d12ca6182161cdc389e0da99a8cff29c47b015f1d07a6633e4cf0,consensus_benchmark_exact_v1,prompt_compiler_v2_split_g_f,320648136,pending,Q001,"{""Q001"": ""consensus_estimate_human_primary_cause""}",consensus_exact_step3,c444a6eac0c7b6cd317bc71d70e09e8e9d8b0a57308ceb8b4c11921129cc5ae1
G|LP0998|ConsensusExact|step3|attempt_1,G-ad09750e788dde6bbd30a9bb03dba6bef398dace,G,target,LP0998,Consensus,consensus_exact_step3_estimate,1,google/gemma-4-31B-it,657e84c9ff0d3d1a7a8c4646cb16eee3c146bb998638cdfa4d4ffdff53d05979,ec9f25e6b68d12ca6182161cdc389e0da99a8cff29c47b015f1d07a6633e4cf0,consensus_benchmark_exact_v1,prompt_compiler_v2_split_g_f,1386268810,pending,Q001,"{""Q001"": ""consensus_estimate_human_primary_cause""}",consensus_exact_step3,c444a6eac0c7b6cd317bc71d70e09e8e9d8b0a57308ceb8b4c11921129cc5ae1
G|LP0999|ConsensusExact|step3|attempt_1,G-90298414762d33fddefff54d8816917e95d86552,G,target,LP0999,Consensus,consensus_exact_step3_estimate,1,google/gemma-4-31B-it,058becbc6e7b754c0972132fd2c5218766ed461ebaf675c2fa1b64b2b3db3903,ec9f25e6b68d12ca6182161cdc389e0da99a8cff29c47b015f1d07a6633e4cf0,consensus_benchmark_exact_v1,prompt_compiler_v2_split_g_f,377502760,pending,Q001,"{""Q001"": ""consensus_estimate_co2_warms_planet""}",consensus_exact_step3,c444a6eac0c7b6cd317bc71d70e09e8e9d8b0a57308ceb8b4c11921129cc5ae1
G|LP1000|ConsensusExact|step3|attempt_1,G-e1fe26f4feab9ba7fab1fb92db5f1f1ecc4a0750,G,target,LP1000,Consensus,consensus_exact_step3_estimate,1,google/gemma-4-31B-it,e000510187dc9ca37e29652ff7b18b1c8aecfc9f3631ea61eae44f8b868ecc2d,ec9f25e6b68d12ca6182161cdc389e0da99a8cff29c47b015f1d07a6633e4cf0,consensus_benchmark_exact_v1,prompt_compiler_v2_split_g_f,1118300564,pending,Q001,"{""Q001"": ""consensus_estimate_co2_warms_planet""}",consensus_exact_step3,c444a6eac0c7b6cd317bc71d70e09e8e9d8b0a57308ceb8b4c11921129cc5ae1
